time,open,high,low,close,volume
1642435200000,79.154,79.444,77.273,78.317,12500.12
1642449600000,78.309,78.447,75.046,76.534,16998.86
1642464000000,76.5,77.258,75.503,75.778,19815.7
1642478400000,75.756,76.653,73.953,73.993,11620.71
1642492800000,73.993,74.313,72.712,73.353,27402.11
1642507200000,73.317,73.652,72.439,72.757,18377.2
1642521600000,72.727,73.323,72.126,73.113,14992.61
1642536000000,73.123,74.677,72.592,73.801,9506.82
1642550400000,73.863,74.104,71.671,72.17,16180.23
1642564800000,72.167,72.908,70.7,70.856,13626.19
1642579200000,70.948,72.136,70.568,71.701,15655.84
1642593600000,71.745,73.333,71.57,72.696,9655.37
1642608000000,72.709,73.293,71.897,72.863,11590.74
1642622400000,72.812,72.82,71.698,71.698,5577.08
1642636800000,71.776,73.087,71.287,71.998,9720.7
1642651200000,72.085,72.394,71.554,72.267,4964.96
1642665600000,72.305,72.521,71.739,72.431,6441.07
1642680000000,72.287,75.498,72.108,75.404,17296.51
1642694400000,75.296,75.877,74.363,74.866,13774.03
1642708800000,74.891,75.004,68.837,69.117,20291.83
1642723200000,69.098,69.291,63.618,64.951,44874.43
1642737600000,64.941,65.96,64.715,65.85,9293.88
1642752000000,65.81,66.54,65.348,65.65,10980.76
1642766400000,65.631,65.77,62.95,65.159,19045.12
1642780800000,65.17,65.63,63.826,63.826,21281.34
1642795200000,63.819,64.326,56.95,58.406,33115.15
1642809600000,58.245,59.371,56.876,57.486,22392.79
1642824000000,57.409,57.636,51.745,52.506,39173.28
1642838400000,52.428,53.896,47.739,51.313,67022.0
1642852800000,51.323,53.524,49.573,49.636,38313.63
1642867200000,49.722,51.265,47.669,48.232,24621.94
1642881600000,48.209,51.188,47.899,50.132,20558.39
1642896000000,50.117,52.336,49.681,50.693,20603.64
1642910400000,50.723,52.978,50.477,52.624,14204.94
1642924800000,52.626,54.163,52.374,52.594,23347.06
1642939200000,52.591,53.79,50.558,51.497,19089.64
1642953600000,51.487,52.197,50.05,50.207,28715.58
1642968000000,50.273,54.765,49.938,54.695,19036.83
1642982400000,54.695,54.695,51.957,52.316,28777.77
1642996800000,52.286,52.596,50.111,50.187,19332.16
1643011200000,50.228,51.079,45.251,45.785,64034.88
1643025600000,45.769,47.307,44.49,47.191,32160.76
1643040000000,47.209,50.277,45.657,49.67,32057.54
1643054400000,49.602,52.057,49.498,51.187,20441.66
1643068800000,51.187,51.213,49.801,50.71,13912.67
1643083200000,50.733,50.925,49.435,50.354,13131.12
1643097600000,50.257,51.912,50.137,50.594,17411.74
1643112000000,50.723,51.857,49.318,49.957,21649.98
1643126400000,50.024,51.912,49.819,51.293,29936.99
1643140800000,51.283,51.429,50.0,50.727,14374.99
1643155200000,50.823,53.006,50.23,51.813,39516.11
1643169600000,51.813,52.617,51.051,51.419,14372.24
1643184000000,51.367,52.94,51.367,52.926,24708.3
1643198400000,52.948,55.005,52.451,53.584,27732.65
1643212800000,53.512,55.601,51.916,52.474,47915.72
1643227200000,52.484,52.484,48.47,49.522,23477.47
1643241600000,49.553,50.495,46.788,47.189,27655.99
1643256000000,47.121,48.134,46.937,47.787,12297.99
1643270400000,47.882,49.918,47.42,49.918,21739.65
1643284800000,49.918,50.477,48.401,48.781,20685.71
1643299200000,48.785,48.811,46.364,46.679,32190.32
1643313600000,46.803,47.327,44.858,47.322,46040.34
1643328000000,47.263,47.943,45.924,47.837,16164.59
1643342400000,47.902,48.301,46.581,46.611,17345.7
1643356800000,46.611,47.01,45.615,45.899,20098.22
1643371200000,45.964,46.459,45.327,46.021,34407.8
1643385600000,46.021,46.755,44.64,45.35,62484.72
1643400000000,45.357,47.166,45.118,46.789,59601.39
1643414400000,46.813,47.38,46.238,46.851,20932.56
1643428800000,46.845,48.74,46.571,48.628,26678.01
1643443200000,48.628,49.428,47.623,49.354,37719.31
1643457600000,49.348,49.966,47.569,48.018,43371.48
1643472000000,48.082,48.848,47.539,48.346,24412.22
1643486400000,48.364,49.673,48.332,49.448,16883.72
1643500800000,49.476,52.087,49.074,51.247,40954.2
1643515200000,51.297,52.907,51.122,52.726,12791.36
1643529600000,52.716,55.035,52.225,54.955,62367.51
1643544000000,54.945,56.065,53.602,54.13,45889.93
1643558400000,54.176,54.268,52.434,52.856,25882.93
1643572800000,52.846,53.763,52.33,53.336,32766.2
1643587200000,53.316,54.565,50.153,50.697,64534.27
1643601600000,50.753,51.177,49.732,50.923,23812.68
1643616000000,50.948,51.309,50.253,50.877,17725.97
1643630400000,50.867,52.333,50.133,51.763,26745.37
1643644800000,51.803,52.746,51.409,51.663,33252.67
1643659200000,51.653,52.762,51.397,52.336,12881.91
1643673600000,52.346,53.373,51.882,53.29,25097.45
1643688000000,53.364,53.606,52.284,52.802,16265.59
1643702400000,52.763,53.86,52.276,52.964,19027.89
1643716800000,52.962,54.827,52.67,53.296,23930.97
1643731200000,53.331,54.366,52.644,52.778,17809.92
1643745600000,52.794,53.846,52.778,53.444,8001.28
1643760000000,53.415,53.776,52.267,53.184,15561.14
1643774400000,53.164,53.352,51.913,52.193,10474.12
1643788800000,52.168,54.116,52.04,53.316,19500.19
1643803200000,53.342,53.761,50.053,50.303,28943.91
1643817600000,50.261,50.747,49.388,50.717,44838.04
1643832000000,50.729,50.777,48.302,49.096,27815.59
1643846400000,49.068,49.242,47.861,48.182,18658.3
1643860800000,48.131,48.941,48.03,48.932,7359.87
1643875200000,48.878,49.221,46.679,47.221,24734.26
1643889600000,47.241,47.693,46.051,47.681,21412.77
1643904000000,47.599,47.778,46.6,46.753,18348.25
1643918400000,46.83,48.419,46.412,48.418,9424.31
1643932800000,48.388,48.678,47.606,48.402,11773.44
1643947200000,48.384,49.423,48.031,48.831,12105.9
1643961600000,48.826,49.387,48.347,48.418,29130.09
1643976000000,48.462,50.105,47.575,49.458,36881.8
1643990400000,49.428,50.841,49.428,50.649,25760.37
1644004800000,50.631,51.637,49.935,51.383,16394.37
1644019200000,51.383,53.556,50.85,52.824,38797.45
1644033600000,52.884,54.985,52.736,53.386,33341.45
1644048000000,53.535,59.373,53.351,59.173,51482.39
1644062400000,59.183,59.193,56.238,57.206,46358.59
1644076800000,57.112,57.258,54.675,55.195,32343.17
1644091200000,55.185,58.013,54.804,56.816,16496.93
1644105600000,56.76,64.356,56.76,61.172,74283.65
1644120000000,61.182,62.832,59.593,62.531,23945.13
1644134400000,62.558,64.541,61.887,63.481,24627.64
1644148800000,63.471,66.565,63.053,64.629,46044.77
1644163200000,64.649,67.45,63.701,66.413,32291.97
1644177600000,66.446,68.851,64.299,68.211,36944.62
1644192000000,68.28,71.898,66.848,70.492,66938.16
1644206400000,70.472,70.69,69.131,69.901,16026.68
1644220800000,69.831,70.077,66.79,68.461,25845.8
1644235200000,68.455,69.795,67.475,68.711,22970.03
1644249600000,68.731,70.748,68.029,68.779,20803.7
1644264000000,68.778,69.684,68.111,68.302,13056.89
1644278400000,68.348,68.829,66.43,67.406,17277.34
1644292800000,67.43,69.241,65.71,65.84,32947.82
1644307200000,65.823,66.014,62.742,64.826,21632.81
1644321600000,64.757,64.757,62.312,63.546,14098.76
1644336000000,63.571,64.46,62.626,64.281,12356.73
1644350400000,64.281,67.673,64.113,66.705,14381.18
1644364800000,66.77,67.057,63.741,64.069,14884.28
1644379200000,64.079,64.523,63.138,64.434,8908.86
1644393600000,64.419,67.378,63.475,66.839,16950.24
1644408000000,66.838,67.91,65.987,66.31,15966.53
1644422400000,66.3,67.192,65.7,66.3,12726.98
1644436800000,66.29,68.009,66.139,67.55,18099.52
1644451200000,67.55,67.62,64.299,64.869,16077.28
1644465600000,64.899,66.14,64.563,65.95,7175.01
1644480000000,65.92,68.235,65.6,67.16,16817.16
1644494400000,67.192,67.49,62.5,66.5,34679.1
1644508800000,66.505,67.859,63.825,64.113,20131.01
1644523200000,64.103,65.109,62.917,63.262,9261.21
1644537600000,63.319,64.746,61.823,64.379,14683.76
1644552000000,64.359,64.498,63.16,64.13,6947.23
1644566400000,64.179,64.281,62.957,63.441,7170.45
1644580800000,63.494,64.912,63.078,63.9,10354.16
1644595200000,63.858,64.069,59.747,60.14,13495.36
1644609600000,60.133,60.274,56.734,59.003,21383.46
1644624000000,59.003,60.273,57.869,59.087,16288.62
1644638400000,59.096,59.857,56.715,58.404,9911.17
1644652800000,58.424,60.047,58.055,59.933,12774.66
1644667200000,59.933,60.017,58.182,58.967,10378.82
1644681600000,58.967,61.509,58.774,60.957,13599.04
1644696000000,61.027,61.319,58.603,59.177,10614.23
1644710400000,59.184,60.513,58.774,59.321,9695.18
1644724800000,59.329,59.809,58.816,59.597,11018.13
1644739200000,59.571,59.809,58.811,59.229,11569.45
1644753600000,59.245,59.913,59.0,59.092,10962.56
1644768000000,59.107,59.245,56.914,57.176,12689.0
1644782400000,57.208,58.834,57.06,58.088,10401.37
1644796800000,58.08,58.276,55.834,57.056,13689.97
1644811200000,57.021,57.236,56.0,56.944,9581.09
1644825600000,56.95,57.159,56.103,56.341,9617.34
1644840000000,56.375,58.025,55.969,57.203,12039.42
1644854400000,57.174,57.735,55.325,55.435,11958.76
1644868800000,55.485,57.05,55.131,56.866,8426.05
1644883200000,56.847,59.924,56.774,58.993,11936.71
1644897600000,59.03,59.237,57.726,58.884,14519.85
1644912000000,58.843,61.468,58.636,60.502,13399.38
1644926400000,60.562,60.863,59.698,60.153,12438.41
1644940800000,60.179,61.902,59.852,61.472,11710.46
1644955200000,61.442,63.775,61.361,63.308,13293.31
1644969600000,63.328,66.16,62.928,64.74,39594.01
1644984000000,64.786,65.727,63.905,65.011,10604.86
1644998400000,65.059,65.135,63.541,64.23,12092.53
1645012800000,64.186,64.269,61.818,63.041,13996.7
1645027200000,63.075,64.525,62.25,64.266,13457.41
1645041600000,64.326,64.461,63.343,63.479,16114.06
1645056000000,63.438,64.533,61.946,62.058,11710.76
1645070400000,62.018,62.387,60.838,62.362,11306.69
1645084800000,62.387,62.484,60.031,60.915,8798.64
1645099200000,60.947,61.197,58.855,59.327,10352.64
1645113600000,59.337,59.763,55.935,57.396,21325.77
1645128000000,57.323,57.356,55.843,56.378,12146.92
1645142400000,56.383,58.036,55.889,57.046,15314.5
1645156800000,57.046,57.755,56.449,57.394,8419.46
1645171200000,57.431,57.951,56.145,56.235,7910.25
1645185600000,56.215,56.897,54.673,55.021,14318.54
1645200000000,55.015,55.505,53.813,55.425,16953.34
1645214400000,55.455,57.011,54.837,55.566,9846.62
1645228800000,55.551,56.894,55.266,55.845,11444.81
1645243200000,55.856,56.709,55.743,56.355,7045.68
1645257600000,56.326,56.624,53.98,54.311,7604.45
1645272000000,54.257,54.878,53.527,54.84,8626.98
1645286400000,54.845,55.765,53.927,54.04,17559.17
1645300800000,53.986,54.914,53.932,54.822,8015.98
1645315200000,54.857,54.916,52.693,52.791,10700.1
1645329600000,52.824,52.924,50.252,50.853,19935.5
1645344000000,50.863,51.927,49.682,51.877,23519.48
1645358400000,51.906,53.496,50.535,51.899,15628.44
1645372800000,51.873,52.617,51.723,52.142,8800.15
1645387200000,52.182,53.377,51.837,52.153,8658.75
1645401600000,52.153,56.023,51.583,54.595,19503.35
1645416000000,54.575,55.598,54.575,55.275,9474.06
1645430400000,55.275,55.905,52.429,52.786,16977.66
1645444800000,52.812,54.515,51.133,53.464,20762.17
1645459200000,53.413,54.096,50.593,51.233,19316.51
1645473600000,51.248,51.558,47.201,47.361,14908.35
1645488000000,47.401,48.7,46.051,46.604,17172.17
1645502400000,46.599,48.492,46.508,47.562,10183.61
1645516800000,47.561,50.867,47.531,49.603,16106.38
1645531200000,49.622,50.837,49.032,49.692,14079.79
1645545600000,49.682,50.0,48.302,49.802,11184.18
1645560000000,49.801,51.231,49.351,51.093,13758.91
1645574400000,51.077,51.48,49.883,50.083,13001.24
1645588800000,50.053,51.537,49.95,51.354,12322.22
1645603200000,51.347,53.199,51.188,52.674,12070.77
1645617600000,52.628,53.418,51.005,51.417,12423.58
1645632000000,51.43,52.791,49.672,49.851,17241.93
1645646400000,49.838,50.229,48.618,48.705,22822.25
1645660800000,48.742,49.349,44.382,44.426,20739.81
1645675200000,44.466,45.058,41.93,43.37,27692.07
1645689600000,43.373,44.553,42.035,43.069,20483.55
1645704000000,43.04,45.081,42.287,44.77,14988.72
1645718400000,44.756,47.402,44.467,47.371,29229.18
1645732800000,47.402,49.898,47.369,48.768,20809.87
1645747200000,48.771,49.585,48.235,49.199,15459.29
1645761600000,49.156,49.192,47.757,48.238,12363.99
1645776000000,48.238,49.258,46.268,48.852,26213.03
1645790400000,48.9,51.407,48.542,49.908,18920.33
1645804800000,49.911,50.667,49.088,49.196,12741.17
1645819200000,49.167,52.013,48.992,51.137,18200.77
1645833600000,51.167,52.888,50.924,51.371,16082.55
1645848000000,51.332,51.682,50.111,51.02,12747.4
1645862400000,51.01,51.671,50.038,50.24,15660.73
1645876800000,50.28,50.779,50.0,50.399,20176.44
1645891200000,50.45,50.83,49.98,50.439,9292.99
1645905600000,50.427,51.309,49.977,50.359,13229.02
1645920000000,50.374,50.727,47.667,48.53,13613.01
1645934400000,48.511,49.575,48.297,49.42,9830.66
1645948800000,49.431,50.562,48.82,50.562,11556.68
1645963200000,50.569,51.923,49.11,50.276,15361.09
1645977600000,50.278,50.34,47.055,47.327,10843.92
1645992000000,47.271,48.651,46.743,47.951,16808.91
1646006400000,47.95,48.94,47.115,47.911,13973.63
1646020800000,47.901,48.895,47.139,48.689,12125.0
1646035200000,48.664,49.05,48.163,48.681,9442.09
1646049600000,48.697,50.956,47.959,50.79,13786.31
1646064000000,50.8,51.453,49.832,50.39,14797.94
1646078400000,50.39,56.97,50.25,54.412,26092.22
1646092800000,54.412,55.388,53.559,53.981,15437.25
1646107200000,54.0,54.909,53.661,54.688,17414.32
1646121600000,54.688,55.238,53.405,54.636,12469.86
1646136000000,54.628,61.269,54.203,57.087,63654.48
1646150400000,57.063,58.157,55.927,57.994,14390.81
1646164800000,57.957,58.068,56.342,57.163,11100.85
1646179200000,57.177,57.518,55.172,57.143,11923.42
1646193600000,57.163,57.248,54.865,55.501,10028.24
1646208000000,55.551,56.61,54.862,56.357,12344.2
1646222400000,56.372,58.98,55.201,56.098,28175.92
1646236800000,56.088,56.683,55.306,55.382,14668.91
1646251200000,55.382,56.096,54.458,55.554,10362.81
1646265600000,55.536,55.828,53.79,54.184,13131.7
1646280000000,54.171,55.244,54.112,54.797,10601.46
1646294400000,54.778,55.136,53.828,54.481,11359.4
1646308800000,54.481,55.68,52.491,52.801,13825.26
1646323200000,52.826,53.172,51.841,52.871,14865.55
1646337600000,52.839,53.819,52.22,53.314,9268.45
1646352000000,53.288,53.392,50.621,51.24,8862.25
1646366400000,51.241,51.798,50.767,51.797,13429.79
1646380800000,51.801,53.249,51.107,52.681,10688.42
1646395200000,52.759,52.909,50.962,51.069,17240.61
1646409600000,51.08,51.659,49.54,49.673,10053.67
1646424000000,49.688,50.254,48.996,49.77,11546.85
1646438400000,49.775,50.172,48.734,49.899,6388.68
1646452800000,49.89,50.622,49.292,50.46,8316.03
1646467200000,50.439,51.072,50.217,50.63,8860.81
1646481600000,50.63,52.08,50.61,51.16,16400.55
1646496000000,51.202,52.488,51.099,51.891,11406.06
1646510400000,51.859,53.019,51.633,51.881,7512.24
1646524800000,51.891,52.323,50.3,50.37,8116.7
1646539200000,50.38,51.131,49.59,50.45,11885.99
1646553600000,50.466,50.47,49.215,49.672,10199.02
1646568000000,49.645,50.42,49.31,49.891,10993.01
1646582400000,49.89,50.292,49.154,49.314,12611.52
1646596800000,49.309,50.09,48.547,48.86,9637.94
1646611200000,48.864,48.894,46.409,47.059,17743.85
1646625600000,47.059,47.754,46.699,46.876,9469.48
1646640000000,46.888,47.987,46.679,47.898,12700.01
1646654400000,47.976,50.136,47.961,49.48,10713.69
1646668800000,49.489,49.977,46.051,46.272,13405.13
1646683200000,46.252,46.798,45.687,46.196,15277.45
1646697600000,46.196,47.249,45.744,46.949,10681.85
1646712000000,46.952,47.109,46.108,46.669,14417.46
1646726400000,46.631,47.552,46.558,47.189,11050.36
1646740800000,47.266,47.408,46.072,46.519,11291.13
1646755200000,46.523,47.612,45.976,46.796,13630.67
1646769600000,46.805,46.952,46.169,46.419,10825.34
1646784000000,46.381,48.972,46.258,48.449,12392.9
1646798400000,48.462,49.411,48.116,49.371,10687.89
1646812800000,49.31,49.45,48.346,48.844,12281.85
1646827200000,48.87,49.28,48.166,49.04,17513.41
1646841600000,49.068,49.11,47.503,48.175,15447.77
1646856000000,48.151,48.901,47.638,48.638,12255.22
1646870400000,48.656,48.914,46.89,47.172,16660.86
1646884800000,47.175,47.175,45.324,45.905,17335.55
1646899200000,45.909,46.03,45.367,45.832,8268.72
1646913600000,45.817,46.711,45.012,46.032,13418.41
1646928000000,46.046,48.009,45.754,46.979,13018.42
1646942400000,47.009,47.461,46.588,46.758,9799.86
1646956800000,46.767,46.767,45.188,46.058,11425.35
1646971200000,46.037,47.079,45.575,46.811,9231.11
1646985600000,46.821,48.156,46.512,47.621,10343.73
1647000000000,47.693,48.216,46.058,46.331,12084.21
1647014400000,46.357,46.571,45.652,46.162,8144.41
1647028800000,46.162,46.459,45.548,45.918,14972.96
1647043200000,45.915,48.591,45.835,47.039,15763.59
1647057600000,47.078,47.369,46.699,47.017,7860.61
1647072000000,47.022,47.182,46.426,46.747,9389.66
1647086400000,46.739,47.134,46.368,46.692,13172.93
1647100800000,46.699,47.225,46.588,46.625,5268.65
1647115200000,46.621,47.132,46.553,46.602,9053.0
1647129600000,46.594,48.061,46.386,47.369,8753.27
1647144000000,47.364,47.603,46.997,47.002,8721.13
1647158400000,47.037,47.169,46.557,46.658,11658.08
1647172800000,46.635,46.844,46.042,46.699,9776.16
1647187200000,46.671,46.729,46.177,46.188,6945.46
1647201600000,46.176,46.23,44.953,45.194,9383.05
1647216000000,45.228,45.542,44.646,45.218,10898.72
1647230400000,45.197,46.47,45.159,46.341,12279.98
1647244800000,46.367,46.997,46.293,46.671,12082.26
1647259200000,46.661,47.658,46.407,47.071,15503.87
1647273600000,47.068,47.727,46.574,47.441,15637.16
1647288000000,47.471,48.027,46.938,47.85,9997.57
1647302400000,47.869,48.881,46.878,47.014,14132.34
1647316800000,46.994,47.372,46.044,46.269,16606.26
1647331200000,46.259,46.601,45.905,46.419,12735.72
1647345600000,46.401,47.115,46.019,46.801,9039.53
1647360000000,46.799,48.0,46.563,47.604,11823.51
1647374400000,47.588,47.755,46.459,46.919,7930.01
1647388800000,46.9,48.442,46.508,46.879,14566.46
1647403200000,46.843,47.586,46.331,47.586,8995.65
1647417600000,47.586,49.091,47.391,48.619,10486.36
1647432000000,48.619,49.184,48.159,48.711,15367.55
1647446400000,48.747,50.81,47.441,50.25,19622.77
1647460800000,50.26,50.61,49.69,50.45,12185.2
1647475200000,50.45,50.52,49.629,50.22,14404.87
1647489600000,50.2,50.483,49.41,49.7,11836.21
1647504000000,49.686,51.005,49.66,50.397,16216.39
1647518400000,50.42,51.268,50.3,50.359,8880.61
1647532800000,50.375,50.84,50.26,50.77,4862.88
1647547200000,50.789,50.83,50.23,50.237,12658.19
1647561600000,50.28,50.289,49.0,49.145,6514.63
1647576000000,49.162,50.09,49.079,49.75,9514.96
1647590400000,49.76,50.061,48.53,48.737,7457.86
1647604800000,48.73,49.694,48.579,49.67,9998.03
1647619200000,49.654,51.16,49.64,51.16,11589.65
1647633600000,51.101,51.441,50.131,50.456,16318.64
1647648000000,50.471,51.181,50.209,50.566,11365.37
1647662400000,50.57,50.899,50.4,50.523,12301.94
1647676800000,50.519,51.976,50.419,51.969,11302.46
1647691200000,51.971,52.849,51.717,52.301,8587.51
1647705600000,52.301,54.388,51.823,53.226,18630.46
1647720000000,53.209,53.247,51.644,52.081,9278.04
1647734400000,52.071,52.131,50.87,51.955,10654.16
1647748800000,51.949,52.529,51.769,51.974,7800.7
1647763200000,52.005,52.061,50.7,50.99,11223.13
1647777600000,50.982,51.311,50.389,50.75,18273.79
1647792000000,50.742,51.01,49.156,50.182,18795.24
1647806400000,50.197,50.513,49.658,49.841,9520.08
1647820800000,49.83,50.401,49.184,49.76,7573.72
1647835200000,49.722,50.851,49.623,50.83,11874.04
1647849600000,50.844,51.921,50.69,51.18,13822.29
1647864000000,51.149,51.541,50.166,50.517,15047.21
1647878400000,50.54,50.682,49.706,50.429,10743.39
1647892800000,50.416,50.77,50.16,50.18,7918.17
1647907200000,50.18,51.977,49.801,51.869,18108.12
1647921600000,51.869,52.425,51.0,51.475,11940.71
1647936000000,51.484,51.981,51.268,51.9,9030.21
1647950400000,51.931,52.184,51.409,51.688,7864.65
1647964800000,51.705,53.459,51.629,52.525,11974.98
1647979200000,52.532,53.185,52.021,52.392,11712.49
1647993600000,52.41,52.565,51.22,51.261,8364.9
1648008000000,51.251,52.0,50.859,51.949,10826.88
1648022400000,51.951,52.091,51.481,51.804,11148.09
1648036800000,51.799,54.169,51.589,53.912,15484.13
1648051200000,53.928,57.607,53.63,57.173,29525.14
1648065600000,57.197,58.557,57.151,58.297,19730.98
1648080000000,58.307,62.716,58.307,59.196,45929.27
1648094400000,59.245,59.607,58.583,59.396,11983.68
1648108800000,59.406,64.744,59.314,63.89,37981.34
1648123200000,63.888,67.91,62.496,67.236,57611.82
1648137600000,67.271,69.658,66.257,68.113,48296.9
1648152000000,68.168,71.659,67.707,70.348,26203.24
1648166400000,70.348,74.55,69.56,71.207,59236.69
1648180800000,71.192,72.439,70.764,71.048,26309.91
1648195200000,71.009,74.51,70.515,72.911,36050.84
1648209600000,72.945,73.62,70.022,70.388,22615.72
1648224000000,70.399,71.646,69.529,70.812,26016.1
1648238400000,70.881,71.919,70.245,71.541,13401.54
1648252800000,71.549,72.909,67.778,69.189,27612.12
1648267200000,69.198,69.723,68.84,69.242,15539.22
1648281600000,69.242,69.583,68.47,68.557,17917.06
1648296000000,68.543,68.629,66.803,67.55,17296.1
1648310400000,67.53,68.343,67.203,67.757,19344.84
1648324800000,67.733,67.859,66.501,66.967,18406.01
1648339200000,66.925,67.064,65.436,65.636,22351.29
1648353600000,65.6,67.972,64.866,67.843,19001.21
1648368000000,67.843,67.972,66.249,66.527,14075.41
1648382400000,66.527,66.633,65.081,65.506,15180.48
1648396800000,65.486,66.287,64.523,66.224,17295.09
1648411200000,66.256,68.524,65.621,68.307,14438.36
1648425600000,68.283,68.394,66.395,67.973,18406.14
1648440000000,68.01,68.052,66.558,67.297,22093.3
1648454400000,67.249,70.422,66.724,68.948,46081.15
1648468800000,68.941,69.963,67.788,68.869,42461.83
1648483200000,68.856,72.274,68.136,71.182,25569.05
1648497600000,71.204,71.297,65.667,66.432,28691.07
1648512000000,66.393,68.013,66.196,67.447,14583.53
1648526400000,67.447,70.764,67.117,69.398,15768.27
1648540800000,69.428,70.455,68.846,69.608,14772.81
1648555200000,69.587,70.388,63.715,64.824,57311.55
1648569600000,64.825,66.323,63.685,65.225,70311.2
1648584000000,65.256,65.405,63.225,64.386,44437.68
1648598400000,64.386,64.404,61.974,63.415,29627.19
1648612800000,63.425,65.926,63.408,65.477,13170.19
1648627200000,65.434,66.688,64.692,65.524,22362.57
1648641600000,65.583,65.814,63.575,64.723,13491.97
1648656000000,64.741,65.89,63.666,64.241,18549.65
1648670400000,64.274,64.714,63.767,64.364,15017.0
1648684800000,64.37,68.578,64.114,66.527,28948.62
1648699200000,66.527,67.45,65.219,65.882,14780.99
1648713600000,65.867,66.212,65.309,65.759,9732.69
1648728000000,65.694,66.641,62.403,63.403,25712.3
1648742400000,63.415,63.732,62.037,62.85,10331.49
1648756800000,62.844,64.264,62.643,63.489,10276.42
1648771200000,63.482,63.99,60.342,61.368,14740.26
1648785600000,61.315,62.832,61.22,62.818,10939.08
1648800000000,62.819,63.295,62.152,62.185,11447.74
1648814400000,62.205,64.667,61.579,64.177,17920.62
1648828800000,64.226,66.754,63.666,66.317,22909.01
1648843200000,66.293,67.207,65.286,66.179,15733.83
1648857600000,66.196,75.42,65.486,72.451,98164.14
1648872000000,72.499,73.261,70.6,70.842,28636.54
1648886400000,70.81,71.341,69.617,70.528,20711.63
1648900800000,70.506,71.099,66.253,67.583,31624.47
1648915200000,67.617,68.2,64.141,65.853,23218.78
1648929600000,65.926,66.973,64.616,65.279,13839.96
1648944000000,65.285,67.181,64.135,66.116,30068.6
1648958400000,66.146,67.388,66.016,66.607,14806.53
1648972800000,66.637,66.917,65.368,66.176,14138.47
1648987200000,66.186,68.437,65.505,67.537,27594.65
1649001600000,67.522,67.601,65.615,65.98,13303.1
1649016000000,65.982,67.767,65.883,66.6,21428.34
1649030400000,66.573,66.6,64.698,65.421,13616.79
1649044800000,65.421,66.163,65.253,66.064,11785.59
1649059200000,66.084,67.079,63.986,64.896,17242.96
1649073600000,64.876,65.135,62.152,62.575,20800.86
1649088000000,62.575,63.256,61.506,63.203,17378.88
1649102400000,63.228,64.31,62.675,63.808,10144.49
1649116800000,63.826,64.419,63.265,63.776,11203.02
1649131200000,63.776,64.514,63.315,63.966,19960.48
1649145600000,63.968,65.284,63.818,64.446,14500.8
1649160000000,64.427,64.982,61.944,62.456,21563.8
1649174400000,62.475,63.448,61.658,62.418,19735.24
1649188800000,62.437,62.668,61.47,61.645,11585.47
1649203200000,61.686,61.765,55.842,57.873,29933.83
1649217600000,57.873,59.172,57.356,58.445,7952.71
1649232000000,58.516,62.815,58.005,58.832,51308.57
1649246400000,58.832,59.209,56.044,56.594,22217.29
1649260800000,56.584,56.908,55.04,56.076,20826.52
1649275200000,56.114,56.484,53.157,53.398,15522.82
1649289600000,53.396,54.305,52.201,53.834,19829.17
1649304000000,53.85,55.866,53.742,55.033,15598.37
1649318400000,55.043,55.757,53.862,55.498,16251.79
1649332800000,55.49,55.759,52.698,53.177,11833.41
1649347200000,53.212,54.519,52.988,53.939,15712.08
1649361600000,53.949,55.314,53.921,54.817,12009.3
1649376000000,54.767,55.269,54.338,55.073,11732.27
1649390400000,55.093,55.176,53.927,54.607,16056.59
1649404800000,54.62,55.028,52.932,53.022,14941.51
1649419200000,53.022,54.172,52.434,53.584,15668.16
1649433600000,53.612,53.771,51.452,51.941,18650.95
1649448000000,51.88,52.131,50.136,50.73,15069.29
1649462400000,50.698,51.793,50.633,51.091,14301.8
1649476800000,51.124,52.339,50.989,52.139,9373.63
1649491200000,52.098,52.64,51.745,52.304,9810.96
1649505600000,52.371,52.391,50.61,50.69,9393.93
1649520000000,50.73,51.361,50.69,50.831,18299.33
1649534400000,50.831,51.78,50.659,51.751,9002.94
1649548800000,51.767,52.079,51.09,51.891,17737.16
1649563200000,51.878,51.921,50.962,51.116,9200.0
1649577600000,51.115,51.239,50.178,50.52,14708.64
1649592000000,50.474,50.75,50.136,50.36,14173.61
1649606400000,50.374,51.09,50.238,50.951,21429.31
1649620800000,50.943,51.541,48.898,48.981,21861.5
1649635200000,48.985,49.119,46.728,47.317,28305.11
1649649600000,47.293,47.809,47.092,47.716,19575.3
1649664000000,47.706,47.819,45.373,45.641,20950.94
1649678400000,45.617,46.152,45.152,45.152,12787.84
1649692800000,45.152,46.303,44.803,45.304,16570.02
1649707200000,45.247,45.796,44.114,45.133,11714.26
1649721600000,45.134,47.152,44.848,46.563,8907.15
1649736000000,46.538,48.79,46.538,47.589,18029.52
1649750400000,47.599,47.97,47.109,47.699,11521.32
1649764800000,47.675,48.816,46.619,46.857,15551.2
1649779200000,46.908,47.511,45.424,45.547,13437.45
1649793600000,45.496,47.454,45.496,47.254,11924.1
1649808000000,47.285,48.609,46.808,47.619,17504.0
1649822400000,47.629,48.274,47.449,47.845,10947.2
1649836800000,47.863,48.444,47.148,47.198,12662.87
1649851200000,47.204,48.818,46.668,48.289,17308.13
1649865600000,48.254,48.598,47.905,48.114,21144.64
1649880000000,48.101,48.591,47.979,48.381,16849.22
1649894400000,48.44,49.523,48.159,48.711,15438.47
1649908800000,48.757,49.286,48.419,48.652,11131.37
1649923200000,48.649,48.737,47.303,47.487,9635.28
1649937600000,47.408,48.277,46.113,46.15,17905.83
1649952000000,46.152,46.53,45.707,46.148,13952.25
1649966400000,46.13,47.15,45.928,46.784,11973.34
1649980800000,46.761,47.911,46.742,47.841,14666.63
1649995200000,47.865,50.084,47.741,48.462,23950.92
1650009600000,48.44,48.465,47.551,48.041,11056.09
1650024000000,48.049,48.375,47.018,47.739,15522.64
1650038400000,47.729,47.88,47.338,47.386,10731.37
1650052800000,47.371,48.022,47.287,47.911,13420.46
1650067200000,47.959,48.551,47.714,47.79,10904.95
1650081600000,47.797,48.167,47.692,47.798,10059.57
1650096000000,47.82,47.895,47.368,47.611,14923.84
1650110400000,47.611,48.055,46.739,46.878,11172.15
1650124800000,46.843,47.1,46.769,46.928,13968.76
1650139200000,46.89,47.786,46.844,47.448,20162.08
1650153600000,47.437,47.881,47.0,47.218,15257.23
1650168000000,47.189,47.789,47.185,47.453,13325.43
1650182400000,47.437,47.589,47.268,47.53,13448.51
1650196800000,47.523,47.837,47.356,47.719,11938.4
1650211200000,47.708,47.755,46.508,46.838,19656.7
1650225600000,46.801,46.927,45.245,45.443,19386.22
1650240000000,45.487,46.072,45.372,45.74,15265.54
1650254400000,45.733,45.778,43.004,43.446,29554.58
1650268800000,43.417,43.809,43.09,43.697,10435.8
1650283200000,43.697,44.783,43.697,44.357,15249.52
1650297600000,44.333,46.382,43.786,45.857,18438.29
1650312000000,45.828,46.281,45.733,46.192,17030.78
1650326400000,46.211,46.765,45.464,45.666,11792.18
1650340800000,45.701,46.251,45.641,45.707,13371.86
1650355200000,45.698,47.655,45.637,46.776,19218.68
1650369600000,46.765,47.913,46.722,47.266,16728.57
1650384000000,47.268,47.908,46.932,46.998,15884.09
1650398400000,46.988,47.487,46.637,47.352,16953.42
1650412800000,47.374,48.378,46.388,47.505,20352.07
1650427200000,47.549,47.773,47.128,47.278,13569.99
1650441600000,47.283,48.221,47.12,48.218,13406.13
1650456000000,48.216,48.392,46.061,46.238,17644.41
1650470400000,46.199,46.432,45.321,45.714,14483.95
1650484800000,45.704,46.462,45.506,46.146,14237.08
1650499200000,46.153,47.006,46.092,46.87,6762.22
1650513600000,46.868,46.932,45.747,46.539,10021.22
1650528000000,46.547,47.552,46.284,47.182,21311.03
1650542400000,47.219,48.074,47.021,47.124,22459.4
1650556800000,47.132,47.402,46.04,46.202,16373.85
1650571200000,46.172,46.182,44.373,44.927,15865.26
1650585600000,44.935,46.385,44.797,45.538,16621.68
1650600000000,45.538,46.661,45.538,46.192,9906.83
1650614400000,46.215,46.712,45.879,46.422,11197.63
1650628800000,46.439,46.582,44.886,45.115,15704.25
1650643200000,45.053,46.276,44.854,45.878,13211.73
1650657600000,45.889,46.132,45.545,45.937,12428.09
1650672000000,45.941,46.102,45.354,45.483,10479.98
1650686400000,45.522,45.773,44.953,45.427,10027.23
1650700800000,45.412,45.875,45.18,45.617,12989.95
1650715200000,45.622,45.937,45.306,45.811,7895.5
1650729600000,45.82,46.077,45.497,45.678,6235.82
1650744000000,45.688,45.96,45.054,45.158,9468.73
1650758400000,45.143,45.553,44.831,45.436,8542.04
1650772800000,45.459,45.506,45.117,45.393,7374.0
1650787200000,45.404,45.514,45.036,45.117,7911.51
1650801600000,45.115,45.211,44.679,45.027,8964.86
1650816000000,45.011,45.147,44.171,45.041,10264.71
1650830400000,45.052,45.097,44.293,44.337,11698.71
1650844800000,44.363,44.439,42.753,43.326,15049.7
1650859200000,43.318,43.373,39.894,40.65,28600.27
1650873600000,40.664,41.339,40.213,41.339,15071.38
1650888000000,41.34,41.806,40.985,41.435,14198.61
1650902400000,41.459,42.754,41.376,42.704,9901.54
1650916800000,42.696,43.047,42.355,42.917,8962.62
1650931200000,42.918,43.341,42.443,42.475,13345.61
1650945600000,42.469,43.453,42.376,42.896,8923.69
1650960000000,42.878,43.069,42.23,42.734,12116.25
1650974400000,42.766,42.941,39.81,39.858,11274.86
1650988800000,39.826,40.406,38.006,38.714,21339.83
1651003200000,38.75,39.598,38.032,38.752,14935.17
1651017600000,38.757,39.394,38.421,39.077,12449.64
1651032000000,39.089,39.849,39.007,39.849,11079.95
1651046400000,39.85,40.118,38.673,39.1,10202.95
1651060800000,39.131,39.938,38.915,39.006,11109.33
1651075200000,39.01,39.134,37.152,37.603,27446.55
1651089600000,37.587,38.861,37.55,38.786,12298.1
1651104000000,38.809,38.83,38.101,38.183,8573.88
1651118400000,38.178,39.573,38.085,39.224,9596.47
1651132800000,39.22,40.102,38.997,39.54,14448.45
1651147200000,39.538,39.837,37.67,37.91,18954.01
1651161600000,37.913,38.726,37.397,38.066,14144.86
1651176000000,38.069,38.19,37.714,38.06,14201.49
1651190400000,38.051,38.7,36.919,37.232,12940.7
1651204800000,37.232,37.292,36.752,37.17,10404.96
1651219200000,37.202,37.272,35.299,35.476,14281.3
1651233600000,35.531,35.755,34.739,35.073,17313.2
1651248000000,35.068,35.276,33.427,33.72,18722.79
1651262400000,33.71,34.599,33.69,34.344,12339.38
1651276800000,34.329,34.529,33.47,33.79,10191.73
1651291200000,33.79,34.849,33.708,34.271,10238.48
1651305600000,34.271,34.379,33.53,34.26,13363.98
1651320000000,34.247,34.461,32.367,32.61,12633.52
1651334400000,32.585,32.841,31.059,31.589,19268.85
1651348800000,31.545,31.545,26.596,29.077,49858.75
1651363200000,29.055,30.322,27.849,30.118,35611.92
1651377600000,30.097,32.351,29.898,31.001,29724.87
1651392000000,31.009,31.738,30.567,30.618,16121.35
1651406400000,30.598,32.2,30.313,31.953,15477.05
1651420800000,31.955,32.51,30.362,30.73,20157.57
1651435200000,30.724,32.261,30.536,31.809,15080.65
1651449600000,31.774,32.257,31.109,31.249,13119.49
1651464000000,31.25,31.72,31.007,31.103,9771.15
1651478400000,31.128,31.2,29.898,29.995,11215.57
1651492800000,29.995,30.994,29.962,30.338,29890.16
1651507200000,30.314,30.366,29.882,30.047,27396.61
1651521600000,30.078,30.533,29.896,30.198,26465.53
1651536000000,30.199,30.368,29.894,30.203,17214.39
1651550400000,30.228,30.738,29.858,30.106,19196.45
1651564800000,30.122,30.548,29.44,30.462,33586.54
1651579200000,30.502,30.813,30.024,30.137,17400.03
1651593600000,30.113,30.212,28.637,29.176,28987.14
1651608000000,29.195,29.369,28.783,29.079,13976.08
1651622400000,29.107,29.467,28.96,29.318,14586.24
1651636800000,29.312,29.434,28.107,29.322,24351.65
1651651200000,29.333,30.502,29.332,30.33,28376.02
1651665600000,30.322,30.419,29.131,29.358,21831.35
1651680000000,29.352,32.97,29.222,32.78,42746.01
1651694400000,32.817,33.77,32.647,33.35,22235.83
1651708800000,33.35,34.44,33.31,33.84,23510.3
1651723200000,33.8,35.111,33.306,34.629,29160.19
1651737600000,34.685,34.78,33.45,33.824,29927.69
1651752000000,33.839,34.213,28.867,29.278,65391.65
1651766400000,29.182,29.762,27.995,29.142,64902.43
1651780800000,29.103,29.206,28.614,28.966,27506.81
1651795200000,28.931,29.088,28.257,29.013,16310.54
1651809600000,29.024,29.064,27.867,28.447,14294.41
1651824000000,28.414,28.843,27.635,27.933,19399.23
1651838400000,27.949,28.555,27.276,27.977,29319.78
1651852800000,27.955,28.454,27.861,28.256,14240.61
1651867200000,28.276,28.53,28.057,28.439,13103.1
1651881600000,28.428,28.502,27.667,27.697,15433.1
1651896000000,27.684,28.218,27.4,28.197,14397.45
1651910400000,28.169,29.232,28.168,29.027,13573.37
1651924800000,29.035,29.492,28.087,28.736,13276.72
1651939200000,28.716,29.34,28.655,29.202,13596.23
1651953600000,29.213,29.423,27.926,28.617,21759.4
1651968000000,28.617,29.028,27.699,28.453,25605.94
1651982400000,28.457,29.975,28.443,29.347,23094.67
1651996800000,29.352,31.591,29.308,30.698,31408.28
1652011200000,30.706,30.718,28.827,29.971,34387.3
1652025600000,29.968,31.127,29.093,30.617,35358.3
1652040000000,30.622,31.061,29.982,30.452,17081.97
1652054400000,30.462,31.522,30.189,30.264,32258.34
1652068800000,30.318,30.951,28.857,29.228,22681.01
1652083200000,29.211,29.555,27.797,29.107,24005.24
1652097600000,29.053,30.981,28.627,29.133,39877.27
1652112000000,29.127,29.734,25.637,26.334,62491.41
1652126400000,26.384,27.73,24.425,24.78,46922.4
1652140800000,24.759,26.163,23.624,25.075,60870.12
1652155200000,25.075,28.313,24.981,26.806,38092.41
1652169600000,26.805,27.584,26.266,27.256,18750.49
1652184000000,27.227,28.267,25.705,26.342,34052.63
1652198400000,26.364,26.784,25.349,25.524,19879.63
1652212800000,25.515,25.543,23.418,24.16,80850.71
1652227200000,24.204,25.141,23.535,24.243,44947.6
1652241600000,24.195,24.425,19.942,21.109,93662.32
1652256000000,21.133,23.152,20.572,20.698,61425.01
1652270400000,20.718,24.175,16.26,21.436,151948.07
1652284800000,21.453,21.806,19.441,20.048,87264.23
1652299200000,20.048,20.578,18.016,18.981,44562.09
1652313600000,18.99,21.21,18.125,18.191,43249.93
1652328000000,18.171,22.709,17.177,22.307,98664.19
1652342400000,22.319,24.635,21.971,22.503,72350.22
1652356800000,22.508,23.056,20.667,20.693,59413.98
1652371200000,20.678,21.537,20.018,20.572,38344.19
1652385600000,20.567,20.779,18.119,19.005,26617.33
1652400000000,19.014,22.177,18.871,21.621,79172.18
1652414400000,21.575,22.986,21.324,21.371,28593.93
1652428800000,21.393,23.176,21.364,23.156,32736.29
1652443200000,23.176,24.49,21.849,22.077,35661.01
1652457600000,22.085,22.467,20.591,20.672,19063.8
1652472000000,20.662,21.026,19.827,20.058,50117.66
1652486400000,20.114,21.292,19.94,20.368,49822.26
1652500800000,20.388,20.498,19.486,19.87,41548.39
1652515200000,19.925,20.495,19.294,19.913,39842.3
1652529600000,19.897,19.966,19.021,19.517,23464.89
1652544000000,19.519,20.612,19.311,19.874,19508.62
1652558400000,19.871,21.39,19.855,20.886,18112.45
1652572800000,20.886,21.477,20.462,20.482,40170.33
1652587200000,20.472,22.117,20.202,21.465,19767.96
1652601600000,21.406,21.782,21.111,21.333,24247.12
1652616000000,21.305,21.458,20.201,20.36,23645.37
1652630400000,20.36,22.477,20.328,22.412,28611.32
1652644800000,22.429,23.226,22.242,23.226,27674.65
1652659200000,23.146,23.676,21.573,21.638,23648.43
1652673600000,21.643,22.297,20.877,21.117,54147.69
1652688000000,21.11,21.349,20.288,20.602,33855.05
1652702400000,20.598,21.142,20.022,20.444,42081.07
1652716800000,20.429,20.508,19.772,19.878,23321.54
1652731200000,19.862,20.172,19.25,19.568,20681.23
1652745600000,19.567,20.373,19.381,20.242,30344.29
1652760000000,20.252,20.618,20.045,20.478,29670.94
1652774400000,20.491,21.377,20.343,21.148,20931.34
1652788800000,21.17,21.889,20.877,21.267,30625.08
1652803200000,21.277,21.277,20.424,20.67,41343.6
1652817600000,20.686,21.478,20.561,21.307,19647.51
1652832000000,21.313,21.668,20.302,20.452,33175.35
1652846400000,20.404,20.818,20.218,20.646,27961.01
1652860800000,20.648,21.721,20.453,21.557,108695.3
1652875200000,21.582,22.392,20.697,21.535,59932.95
1652889600000,21.543,22.348,21.247,22.316,62885.01
1652904000000,22.319,22.367,21.093,21.602,23258.46
1652918400000,21.592,22.073,20.7,21.577,42953.39
1652932800000,21.587,21.872,20.148,20.202,25476.05
1652947200000,20.192,20.482,19.765,20.432,36995.57
1652961600000,20.442,21.873,20.08,21.482,42704.79
1652976000000,21.482,21.538,20.928,20.949,26250.17
1652990400000,20.942,21.861,20.928,21.807,14567.61
1653004800000,21.827,22.087,21.312,21.478,22465.78
1653019200000,21.49,21.636,20.857,21.229,26030.25
1653033600000,21.217,21.807,21.093,21.636,29259.67
1653048000000,21.636,21.768,20.508,20.586,21969.84
1653062400000,20.598,20.895,20.192,20.835,22284.1
1653076800000,20.842,20.988,20.602,20.727,20056.33
1653091200000,20.718,20.853,20.187,20.67,17351.52
1653105600000,20.674,20.789,20.468,20.767,14330.81
1653120000000,20.742,21.018,20.539,20.652,30717.08
1653134400000,20.643,20.904,20.308,20.845,30914.55
1653148800000,20.83,21.307,20.651,20.837,48587.11
1653163200000,20.862,21.089,20.712,21.048,19899.6
1653177600000,21.045,21.298,20.81,20.908,18257.14
1653192000000,20.895,21.008,20.682,21.008,22135.69
1653206400000,21.004,21.687,20.941,21.249,22686.32
1653220800000,21.245,21.757,21.042,21.29,16900.77
1653235200000,21.289,21.517,20.987,21.307,15266.38
1653249600000,21.333,21.806,21.255,21.667,19412.02
1653264000000,21.663,23.506,21.544,22.707,29433.89
1653278400000,22.702,23.207,22.454,22.866,28737.14
1653292800000,22.891,23.536,22.734,22.845,21578.36
1653307200000,22.854,23.136,21.961,22.603,45812.64
1653321600000,22.556,22.886,21.623,21.633,15995.4
1653336000000,21.623,21.975,20.72,20.993,20929.15
1653350400000,20.968,21.437,20.789,21.318,20577.21
1653364800000,21.332,21.343,21.031,21.128,19469.92
1653379200000,21.117,21.156,20.629,20.873,19751.24
1653393600000,20.846,21.023,20.132,20.832,24171.4
1653408000000,20.819,20.932,20.352,20.79,17989.65
1653422400000,20.799,21.357,20.667,21.286,35734.09
1653436800000,21.293,21.5,20.99,21.382,22492.7
1653451200000,21.383,21.384,20.635,20.774,20787.41
1653465600000,20.786,20.867,20.323,20.37,24027.32
1653480000000,20.362,20.859,20.31,20.682,23644.66
1653494400000,20.682,20.908,20.435,20.692,18677.59
1653508800000,20.699,21.168,20.675,20.889,22286.0
1653523200000,20.905,21.817,20.905,21.403,20135.9
1653537600000,21.38,21.521,20.378,20.565,17221.16
1653552000000,20.564,20.837,19.338,19.555,34668.92
1653566400000,19.556,20.195,18.645,20.138,30649.92
1653580800000,20.157,20.601,19.576,19.587,29059.14
1653595200000,19.577,20.11,19.456,19.522,26382.69
1653609600000,19.496,19.812,18.413,18.895,20402.43
1653624000000,18.901,18.903,17.9,18.451,22152.77
1653638400000,18.445,18.696,18.209,18.503,24124.67
1653652800000,18.511,19.058,18.281,18.439,25545.93
1653667200000,18.441,18.719,17.857,18.536,18255.57
1653681600000,18.53,18.727,18.139,18.241,21914.52
1653696000000,18.247,18.656,17.866,18.279,35826.13
1653710400000,18.276,18.6,18.121,18.335,23369.57
1653724800000,18.356,18.48,18.15,18.334,22769.75
1653739200000,18.327,18.635,18.305,18.485,27731.03
1653753600000,18.493,18.607,18.274,18.441,20965.87
1653768000000,18.454,18.691,18.361,18.58,20709.87
1653782400000,18.574,18.6,17.692,17.879,32108.16
1653796800000,17.88,17.914,17.67,17.82,19492.77
1653811200000,17.823,18.276,17.721,18.258,20358.54
1653825600000,18.267,18.59,18.113,18.13,26774.84
1653840000000,18.127,18.311,17.95,18.008,20431.38
1653854400000,18.021,18.5,17.999,18.479,24042.6
1653868800000,18.494,19.221,18.209,18.989,21487.17
1653883200000,18.979,20.478,18.809,20.204,33466.53
1653897600000,20.217,20.26,19.686,19.939,20312.11
1653912000000,19.928,20.193,19.592,20.045,20423.27
1653926400000,20.037,21.0,19.986,20.732,33711.0
1653940800000,20.715,24.455,20.497,24.014,80208.71
1653955200000,24.004,27.723,24.004,27.044,110883.71
1653969600000,27.044,28.143,24.495,25.08,62309.74
1653984000000,25.075,25.479,24.615,25.066,19436.34
1653998400000,25.067,25.164,23.423,24.62,27524.41
1654012800000,24.62,24.776,22.634,22.796,27213.72
1654027200000,22.808,23.956,22.649,23.886,23141.57
1654041600000,23.892,23.95,22.299,22.516,18786.48
1654056000000,22.512,22.891,22.09,22.413,16440.13
1654070400000,22.415,22.988,22.382,22.537,15013.74
1654084800000,22.535,23.613,21.747,21.747,25707.54
1654099200000,21.754,21.938,21.172,21.286,26827.82
1654113600000,21.288,21.303,20.322,20.902,17495.48
1654128000000,20.89,20.89,19.752,19.772,19564.57
1654142400000,19.777,20.449,19.736,20.358,17333.5
1654156800000,20.356,20.489,19.94,20.472,22211.91
1654171200000,20.49,20.662,19.76,20.476,12789.8
1654185600000,20.473,21.2,20.303,20.617,20430.32
1654200000000,20.625,21.427,20.511,21.093,16599.69
1654214400000,21.085,21.523,20.754,21.269,20067.71
1654228800000,21.262,21.276,20.566,20.76,14782.55
1654243200000,20.755,20.828,19.714,19.876,12337.69
1654257600000,19.875,20.036,19.451,19.587,12703.33
1654272000000,19.597,20.078,19.573,19.954,12241.57
1654286400000,19.939,20.448,19.882,19.971,16387.14
1654300800000,19.977,21.137,19.977,20.246,16784.97
1654315200000,20.224,21.097,20.208,20.774,18099.36
1654329600000,20.758,20.904,20.321,20.459,34898.54
1654344000000,20.467,20.538,20.042,20.262,18848.68
1654358400000,20.242,20.468,20.112,20.279,16745.39
1654372800000,20.268,20.588,20.232,20.584,17759.43
1654387200000,20.58,20.615,19.818,20.022,16783.36
1654401600000,19.989,20.176,19.838,20.06,16534.67
1654416000000,20.042,20.146,19.774,19.974,33242.41
1654430400000,19.999,20.119,19.837,20.114,37206.32
1654444800000,20.119,20.31,19.971,20.126,18098.66
1654459200000,20.133,20.245,19.968,20.058,22018.14
1654473600000,20.064,20.872,19.988,20.843,25184.74
1654488000000,20.849,21.469,20.804,21.293,26094.35
1654502400000,21.265,22.757,21.253,21.594,25335.99
1654516800000,21.606,21.707,20.482,20.729,29566.4
1654531200000,20.726,20.74,20.122,20.423,20123.59
1654545600000,20.42,20.847,20.204,20.711,17103.05
1654560000000,20.696,20.696,19.118,19.558,35515.47
1654574400000,19.554,19.616,19.381,19.56,20045.42
1654588800000,19.555,19.966,19.159,19.351,37939.52
1654603200000,19.349,19.848,19.166,19.483,19727.41
1654617600000,19.482,20.288,19.373,19.947,34555.25
1654632000000,19.954,20.25,19.322,19.726,30444.95
1654646400000,19.712,20.0,19.151,19.259,19010.51
1654660800000,19.238,19.739,19.207,19.532,15090.17
1654675200000,19.521,19.702,19.446,19.608,21504.15
1654689600000,19.614,19.78,19.273,19.597,24221.0
1654704000000,19.597,19.966,19.35,19.422,17011.27
1654718400000,19.42,19.761,19.391,19.476,21584.37
1654732800000,19.472,19.549,19.27,19.532,21221.19
1654747200000,19.534,19.749,19.449,19.746,38776.91
1654761600000,19.749,19.969,19.6,19.703,24931.0
1654776000000,19.709,19.752,19.382,19.592,50039.37
1654790400000,19.569,19.796,19.314,19.314,19882.5
1654804800000,19.322,19.468,19.271,19.409,19448.53
1654819200000,19.424,19.568,18.883,19.423,29704.71
1654833600000,19.419,19.568,19.234,19.266,24401.7
1654848000000,19.268,19.321,18.903,19.113,37152.66
1654862400000,19.128,19.195,18.0,18.434,25661.8
1654876800000,18.427,18.456,17.744,18.021,24371.06
1654891200000,18.024,18.399,17.845,18.03,21224.51
1654905600000,18.031,18.699,17.989,18.447,26962.08
1654920000000,18.452,18.491,18.271,18.426,18536.03
1654934400000,18.426,18.45,17.221,17.413,25395.88
1654948800000,17.416,17.565,15.97,16.339,29743.54
1654963200000,16.339,16.504,16.034,16.22,24277.48
1654977600000,16.22,16.485,16.0,16.306,19514.5
1654992000000,16.312,16.451,14.893,15.373,21521.45
1655006400000,15.364,15.523,14.728,15.45,22926.16
1655020800000,15.444,15.611,15.08,15.333,22170.47
1655035200000,15.359,16.139,14.628,15.89,24806.69
1655049600000,15.9,15.99,15.277,15.548,28177.88
1655064000000,15.538,15.591,14.383,14.411,21734.47
1655078400000,14.424,14.676,12.852,13.523,37375.98
1655092800000,13.519,13.906,12.564,12.735,39241.33
1655107200000,12.739,13.05,12.226,12.687,26178.78
1655121600000,12.685,13.385,12.343,13.187,20874.97
1655136000000,13.188,14.181,13.081,13.537,37738.69
1655150400000,13.537,14.171,12.87,13.472,34816.39
1655164800000,13.472,14.591,12.38,14.159,41938.86
1655179200000,14.145,15.226,13.886,14.946,49905.53
1655193600000,14.95,14.98,13.942,14.233,34202.52
1655208000000,14.216,14.699,13.934,14.667,24547.0
1655222400000,14.632,14.724,13.878,13.955,29323.08
1655236800000,13.953,14.179,13.46,14.098,13901.21
1655251200000,14.095,14.278,13.4,13.428,17801.57
1655265600000,13.404,13.428,12.818,12.957,36909.79
1655280000000,12.948,13.713,12.568,13.613,30659.28
1655294400000,13.619,14.278,13.532,13.833,20690.25
1655308800000,13.833,15.447,12.908,14.419,67450.93
1655323200000,14.414,15.85,14.2,15.814,21089.9
1655337600000,15.788,16.333,15.276,15.276,29022.37
1655352000000,15.272,15.562,14.518,14.569,28255.82
1655366400000,14.577,14.761,13.67,13.925,42716.91
1655380800000,13.911,14.441,13.443,14.008,37486.78
1655395200000,14.026,14.518,13.758,13.864,25450.07
1655409600000,13.848,14.152,13.257,13.619,29045.6
1655424000000,13.623,14.13,13.407,13.682,19565.24
1655438400000,13.679,14.2,13.674,14.052,23167.95
1655452800000,14.044,14.205,13.848,13.961,17973.16
1655467200000,13.955,14.028,13.577,13.861,24417.55
1655481600000,13.852,13.945,13.647,13.799,16405.28
1655496000000,13.795,14.062,13.727,13.899,15985.58
1655510400000,13.905,14.101,13.465,13.618,24635.05
1655524800000,13.597,13.665,12.614,12.737,26686.83
1655539200000,12.734,13.061,12.444,12.869,31810.55
1655553600000,12.873,12.898,12.655,12.697,18837.66
1655568000000,12.703,12.938,12.177,12.185,20726.91
1655582400000,12.185,13.253,11.865,12.926,50011.78
1655596800000,12.92,13.068,12.554,12.584,33208.42
1655611200000,12.59,12.875,12.456,12.588,19859.02
1655625600000,12.579,13.528,12.437,13.287,21243.8
1655640000000,13.291,13.424,12.971,13.393,35070.92
1655654400000,13.382,14.094,13.058,13.745,24952.58
1655668800000,13.742,14.273,13.615,13.777,23295.01
1655683200000,13.77,13.848,13.042,13.318,24061.57
1655697600000,13.315,13.483,13.078,13.279,62086.03
1655712000000,13.282,15.146,13.276,15.009,29812.08
1655726400000,14.988,14.989,14.182,14.389,17132.43
1655740800000,14.389,14.48,13.838,14.151,15025.35
1655755200000,14.157,14.691,13.978,14.528,23567.83
1655769600000,14.527,14.682,14.128,14.677,30195.82
1655784000000,14.673,15.172,14.466,14.714,21321.07
1655798400000,14.699,15.631,14.682,14.874,36622.2
1655812800000,14.859,15.538,14.855,15.244,21699.09
1655827200000,15.239,16.02,14.834,14.883,37173.5
1655841600000,14.877,15.136,14.649,14.914,28646.96
1655856000000,14.885,14.99,14.183,14.265,25110.1
1655870400000,14.255,14.531,13.902,13.908,42554.5
1655884800000,13.938,14.489,13.865,14.332,30549.21
1655899200000,14.331,15.034,14.107,14.439,28362.36
1655913600000,14.429,14.509,13.932,14.033,36981.27
1655928000000,14.028,14.254,13.738,13.994,23396.88
1655942400000,13.983,14.771,13.982,14.349,22116.33
1655956800000,14.343,14.782,14.263,14.496,22835.78
1655971200000,14.478,14.848,14.357,14.611,26142.53
1655985600000,14.605,14.81,14.137,14.264,27049.43
1656000000000,14.277,14.532,14.03,14.508,23387.66
1656014400000,14.494,14.832,14.403,14.733,24764.82
1656028800000,14.733,15.533,14.695,15.059,23753.97
1656043200000,15.049,16.305,14.772,16.27,30483.04
1656057600000,16.27,17.576,16.233,16.538,38450.73
1656072000000,16.54,17.45,16.25,17.23,29411.57
1656086400000,17.23,17.338,16.81,17.1,23278.71
1656100800000,17.1,17.791,16.79,17.13,28390.14
1656115200000,17.124,18.447,16.854,18.031,40632.77
1656129600000,18.031,18.489,17.926,18.226,34896.14
1656144000000,18.237,18.333,17.685,17.709,28380.34
1656158400000,17.698,17.768,16.97,17.087,28288.45
1656172800000,17.087,17.947,16.92,17.901,26043.26
1656187200000,17.893,18.091,17.541,17.841,20694.0
1656201600000,17.822,17.99,17.039,17.305,26906.49
1656216000000,17.304,17.581,17.129,17.37,28173.63
1656230400000,17.362,17.825,17.332,17.788,23554.47
1656244800000,17.798,17.851,16.81,16.978,25997.65
1656259200000,16.99,17.151,16.497,16.835,22980.73
1656273600000,16.836,17.138,16.099,16.184,25011.93
1656288000000,16.165,16.503,16.03,16.414,23168.86
1656302400000,16.415,16.763,16.316,16.751,49514.58
1656316800000,16.754,16.917,16.42,16.433,21749.81
1656331200000,16.458,16.49,15.6,15.805,30625.88
1656345600000,15.821,16.12,15.499,16.03,20486.03
1656360000000,16.031,16.222,15.809,15.886,16156.87
1656374400000,15.903,16.366,15.273,15.536,35357.5
1656388800000,15.54,16.355,15.539,16.07,15275.06
1656403200000,16.045,16.41,15.838,16.033,20620.59
1656417600000,16.019,16.783,15.401,15.401,25138.31
1656432000000,15.429,15.609,15.185,15.303,25544.19
1656446400000,15.303,15.514,15.149,15.301,26045.59
1656460800000,15.306,15.741,15.237,15.369,25871.43
1656475200000,15.363,15.392,14.794,15.049,23799.3
1656489600000,15.045,15.154,14.675,14.872,39153.47
1656504000000,14.867,14.945,14.459,14.603,40025.43
1656518400000,14.619,14.627,14.138,14.613,22271.1
1656532800000,14.62,14.777,14.288,14.391,35726.08
1656547200000,14.391,14.451,13.867,14.035,26820.57
1656561600000,14.034,14.088,13.429,13.591,68450.9
1656576000000,13.595,13.595,13.137,13.365,18624.84
1656590400000,13.373,13.962,13.283,13.788,21666.42
1656604800000,13.796,14.093,13.698,14.077,13771.48
1656619200000,14.082,14.641,13.788,14.584,24708.85
1656633600000,14.587,14.945,14.173,14.177,29514.98
1656648000000,14.186,14.307,13.848,14.232,26212.34
1656662400000,14.231,14.425,13.709,13.848,25586.37
1656676800000,13.845,14.101,13.748,13.822,33372.37
1656691200000,13.815,14.171,13.797,14.122,21484.33
1656705600000,14.132,14.34,13.922,14.058,19229.91
1656720000000,14.062,14.183,13.571,13.624,18994.8
1656734400000,13.615,13.827,13.609,13.698,20229.65
1656748800000,13.698,13.78,13.496,13.712,24265.02
1656763200000,13.703,13.932,13.682,13.773,26327.7
1656777600000,13.774,14.0,13.728,13.846,18865.71
1656792000000,13.855,14.027,13.829,13.922,35325.44
1656806400000,13.932,14.005,13.671,13.843,23164.53
1656820800000,13.859,13.939,13.532,13.802,26127.84
1656835200000,13.8,13.907,13.65,13.828,24569.05
1656849600000,13.835,13.858,13.626,13.709,26522.76
1656864000000,13.702,14.453,13.686,14.356,15763.71
1656878400000,14.363,14.531,14.072,14.178,21512.49
1656892800000,14.195,14.438,13.756,13.785,44859.24
1656907200000,13.782,13.983,13.738,13.822,17342.55
1656921600000,13.836,14.481,13.818,14.399,20002.12
1656936000000,14.414,14.621,14.208,14.38,23438.95
1656950400000,14.381,14.689,14.271,14.485,39309.82
1656964800000,14.492,15.002,14.438,14.887,25577.87
1656979200000,14.899,15.481,14.837,15.042,22907.79
1656993600000,15.047,15.247,14.927,15.011,47487.06
1657008000000,15.027,15.035,14.209,14.232,32219.48
1657022400000,14.224,14.229,13.939,14.119,25327.1
1657036800000,14.119,14.652,14.083,14.563,45207.82
1657051200000,14.589,14.851,14.418,14.477,19389.14
1657065600000,14.457,14.622,14.058,14.286,35211.41
1657080000000,14.284,14.542,14.22,14.437,24847.03
1657094400000,14.434,14.623,14.34,14.417,25130.57
1657108800000,14.415,14.669,14.297,14.516,22898.17
1657123200000,14.516,14.819,14.481,14.745,27846.57
1657137600000,14.741,15.001,14.639,14.811,30207.29
1657152000000,14.822,15.051,14.661,14.748,23916.98
1657166400000,14.748,14.838,14.557,14.813,70997.41
1657180800000,14.824,15.061,14.799,15.036,42406.8
1657195200000,15.042,15.25,14.888,15.169,27386.21
1657209600000,15.166,15.481,15.136,15.434,28145.6
1657224000000,15.449,15.484,15.198,15.341,22546.81
1657238400000,15.343,15.765,15.27,15.543,22910.05
1657252800000,15.546,15.571,15.043,15.147,19886.08
1657267200000,15.136,15.159,14.659,14.816,24550.33
1657281600000,14.816,15.075,14.559,15.009,27174.24
1657296000000,14.995,15.128,14.779,15.005,30255.38
1657310400000,15.029,15.181,14.808,14.851,22579.23
1657324800000,14.847,15.483,14.847,15.298,29246.44
1657339200000,15.296,15.533,15.244,15.446,24240.07
1657353600000,15.447,15.514,15.128,15.189,16358.55
1657368000000,15.173,15.321,15.066,15.268,16510.38
1657382400000,15.256,15.441,15.228,15.271,20121.86
1657396800000,15.278,15.309,15.133,15.149,22042.6
1657411200000,15.153,15.169,14.659,14.746,22360.59
1657425600000,14.749,14.832,14.678,14.732,17171.03
1657440000000,14.749,14.829,14.551,14.666,27592.36
1657454400000,14.676,14.733,14.283,14.389,44735.14
1657468800000,14.392,14.572,14.278,14.462,33590.11
1657483200000,14.457,14.579,14.361,14.398,29231.82
1657497600000,14.414,14.438,14.078,14.232,28247.15
1657512000000,14.211,14.246,13.867,14.008,38211.4
1657526400000,14.006,14.147,13.878,14.016,33344.93
1657540800000,14.016,14.274,13.889,14.017,30789.75
1657555200000,14.017,14.137,13.929,14.098,19643.39
1657569600000,14.108,14.115,13.255,13.486,22463.68
1657584000000,13.47,13.533,13.254,13.304,19353.42
1657598400000,13.318,13.467,13.133,13.242,28290.56
1657612800000,13.242,13.319,13.058,13.276,38472.67
1657627200000,13.273,13.463,13.271,13.361,23205.49
1657641600000,13.371,13.468,12.91,13.027,29399.52
1657656000000,13.022,13.155,12.819,12.855,32830.96
1657670400000,12.849,13.194,12.767,13.058,34519.59
1657684800000,13.062,13.278,13.046,13.267,15379.07
1657699200000,13.271,13.323,13.156,13.226,17523.42
1657713600000,13.226,13.382,12.366,12.804,36324.12
1657728000000,12.807,13.187,12.721,12.98,46909.4
1657742400000,12.98,13.431,12.945,13.405,20941.41
1657756800000,13.404,13.922,13.288,13.582,27067.76
1657771200000,13.581,13.648,13.368,13.436,21359.18
1657785600000,13.398,13.461,13.027,13.116,33381.72
1657800000000,13.109,13.501,13.042,13.462,28237.7
1657814400000,13.485,13.965,13.407,13.862,23800.23
1657828800000,13.874,13.955,13.774,13.949,26354.81
1657843200000,13.95,14.159,13.845,13.987,24529.83
1657857600000,13.985,14.137,13.838,14.058,23707.27
1657872000000,14.058,14.175,13.888,13.888,26228.42
1657886400000,13.893,14.123,13.849,13.919,18312.67
1657900800000,13.921,14.112,13.78,14.103,15273.02
1657915200000,14.107,14.282,13.908,13.97,20813.65
1657929600000,13.976,13.988,13.795,13.865,26531.65
1657944000000,13.866,13.876,13.593,13.601,29568.79
1657958400000,13.601,13.743,13.599,13.702,29082.89
1657972800000,13.705,14.044,13.673,14.044,32769.26
1657987200000,14.041,14.452,14.022,14.181,29462.64
1658001600000,14.172,14.4,14.056,14.362,20542.19
1658016000000,14.365,14.492,14.117,14.309,32500.37
1658030400000,14.308,14.792,14.268,14.532,37351.96
1658044800000,14.536,14.585,14.228,14.471,26220.87
1658059200000,14.468,14.518,14.228,14.32,32849.9
1658073600000,14.32,15.051,14.181,14.716,27775.25
1658088000000,14.716,14.861,14.488,14.516,23686.97
1658102400000,14.517,14.987,14.387,14.875,28116.87
1658116800000,14.865,16.077,14.769,15.779,57317.02
1658131200000,15.769,16.14,15.533,15.734,28069.84
1658145600000,15.751,16.182,15.551,16.121,32453.56
1658160000000,16.12,16.12,15.37,15.502,28462.71
1658174400000,15.493,16.5,15.471,16.382,26551.75
1658188800000,16.376,17.04,15.8,16.21,45057.98
1658203200000,16.205,16.563,15.9,16.492,25620.11
1658217600000,16.49,17.354,16.454,16.96,28654.75
1658232000000,16.96,17.25,16.383,16.73,36958.28
1658246400000,16.72,17.589,16.7,16.98,36094.2
1658260800000,16.98,17.276,16.77,16.832,15534.11
1658275200000,16.825,17.26,16.64,17.099,15225.71
1658289600000,17.081,17.597,17.007,17.07,15881.3
1658304000000,17.053,17.143,16.37,16.733,20170.19
1658318400000,16.721,16.966,16.569,16.771,13226.71
1658332800000,16.764,16.775,15.991,16.188,11237.95
1658347200000,16.183,16.3,15.397,15.563,15232.48
1658361600000,15.563,15.891,14.923,15.011,22170.87
1658376000000,15.011,15.461,14.815,15.309,27733.09
1658390400000,15.308,15.441,15.069,15.159,26378.63
1658404800000,15.146,15.457,15.119,15.365,23119.73
1658419200000,15.366,15.95,15.354,15.862,21884.98
1658433600000,15.871,15.958,15.609,15.773,18182.83
1658448000000,15.784,16.25,15.679,15.954,19187.17
1658462400000,15.951,16.021,15.699,15.91,23018.07
1658476800000,15.917,16.496,15.874,16.312,43494.32
1658491200000,16.314,16.33,15.47,15.535,14493.38
1658505600000,15.538,15.651,15.129,15.191,66797.98
1658520000000,15.146,15.479,15.079,15.366,27584.89
1658534400000,15.369,16.06,15.196,15.726,28766.3
1658548800000,15.739,16.72,15.688,16.6,41595.33
1658563200000,16.61,17.731,16.526,16.826,32790.38
1658577600000,16.808,17.366,16.785,17.289,56858.27
1658592000000,17.3,17.33,16.46,16.886,49762.14
1658606400000,16.862,18.349,16.78,18.213,30943.67
1658620800000,18.188,18.828,17.631,17.671,57147.27
1658635200000,17.667,18.062,17.663,17.835,27841.1
1658649600000,17.836,17.841,17.443,17.616,32135.75
1658664000000,17.621,17.729,17.259,17.537,43221.18
1658678400000,17.538,17.538,17.029,17.259,56956.23
1658692800000,17.258,17.531,17.04,17.24,22326.5
1658707200000,17.231,17.898,16.231,16.35,23212.39
1658721600000,16.339,16.47,16.222,16.378,27064.08
1658736000000,16.38,16.493,15.87,15.93,24783.45
1658750400000,15.95,16.085,15.769,15.887,38239.11
1658764800000,15.884,15.952,15.489,15.711,35833.73
1658779200000,15.709,15.865,15.279,15.289,25811.77
1658793600000,15.322,15.481,14.846,15.136,24511.33
1658808000000,15.124,15.198,14.936,14.944,24130.12
1658822400000,14.937,15.073,14.8,14.919,26696.48
1658836800000,14.93,15.057,14.572,14.581,25384.54
1658851200000,14.581,14.942,14.464,14.559,32559.59
1658865600000,14.543,15.165,14.483,15.144,24583.95
1658880000000,15.135,15.331,14.726,14.733,21379.8
1658894400000,14.741,15.233,14.734,15.158,25392.38
1658908800000,15.161,15.383,14.943,14.953,33955.03
1658923200000,14.977,15.295,14.898,15.229,19363.63
1658937600000,15.224,16.177,15.007,15.9,35715.57
1658952000000,15.903,16.93,15.889,16.79,25561.31
1658966400000,16.79,16.82,16.26,16.472,26371.59
1658980800000,16.471,16.65,16.328,16.331,19462.88
1658995200000,16.333,16.671,16.33,16.644,37923.67
1659009600000,16.643,17.012,16.063,16.88,25723.61
1659024000000,16.879,17.462,16.831,16.974,83409.97
1659038400000,16.981,17.459,16.975,17.18,38156.75
1659052800000,17.168,19.478,17.16,19.278,51135.6
1659067200000,19.303,19.348,18.471,18.599,20385.55
1659081600000,18.616,18.739,17.709,17.863,30489.1
1659096000000,17.842,18.514,17.541,18.181,54902.4
1659110400000,18.176,18.399,17.684,18.309,39912.54
1659124800000,18.322,18.739,18.16,18.222,18598.87
1659139200000,18.241,20.548,18.234,19.466,41382.12
1659153600000,19.423,19.708,18.951,19.402,20715.14
1659168000000,19.394,19.731,18.969,19.542,30637.41
1659182400000,19.524,19.776,19.192,19.628,27507.25
1659196800000,19.633,19.826,19.072,19.104,32779.51
1659211200000,19.086,19.414,18.531,19.069,31580.38
1659225600000,19.079,19.127,18.571,18.641,26932.6
1659240000000,18.651,19.013,18.64,18.739,22232.65
1659254400000,18.749,18.779,18.301,18.661,27542.56
1659268800000,18.649,18.687,18.385,18.569,21021.51
1659283200000,18.586,19.141,18.478,18.771,30386.86
1659297600000,18.767,18.869,18.0,18.03,19971.76
1659312000000,18.051,18.282,17.734,18.089,19351.11
1659326400000,18.097,18.139,17.729,17.992,30412.31
1659340800000,17.994,18.113,17.326,17.669,11827.18
1659355200000,17.674,18.389,17.366,18.035,12372.87
1659369600000,18.041,18.041,17.318,17.491,10375.32
1659384000000,17.482,17.878,17.38,17.816,7994.48
1659398400000,17.814,17.921,16.64,16.74,12755.11
1659412800000,16.749,17.05,16.622,16.926,12476.7
1659427200000,16.927,17.27,16.648,17.18,11106.35
1659441600000,17.18,17.43,16.84,17.32,36256.42
1659456000000,17.32,17.702,17.189,17.262,22933.33
1659470400000,17.264,17.45,17.169,17.229,10020.09
1659484800000,17.217,17.291,16.617,17.035,14161.62
1659499200000,17.035,17.437,16.986,17.269,14572.54
1659513600000,17.275,17.957,17.275,17.899,16614.59
1659528000000,17.917,17.991,17.49,17.701,12370.91
1659542400000,17.698,17.916,17.691,17.826,11126.43
1659556800000,17.813,17.835,17.064,17.19,13148.48
1659571200000,17.19,17.748,17.179,17.555,13648.37
1659585600000,17.561,17.832,17.269,17.302,15281.67
1659600000000,17.303,17.42,17.13,17.288,12871.22
1659614400000,17.286,17.969,17.099,17.845,15903.87
1659628800000,17.849,18.269,17.211,17.46,17585.59
1659643200000,17.474,17.766,17.352,17.709,7072.03
1659657600000,17.724,18.19,17.619,18.148,11724.3
1659672000000,18.149,18.379,18.059,18.289,9378.04
1659686400000,18.321,18.525,18.132,18.47,9909.7
1659700800000,18.459,18.581,17.869,17.941,17308.02
1659715200000,17.929,17.98,17.791,17.969,10377.57
1659729600000,17.966,18.47,17.849,18.455,19428.99
1659744000000,18.452,18.464,18.17,18.225,10841.89
1659758400000,18.224,18.32,18.172,18.314,7746.86
1659772800000,18.319,18.399,18.178,18.201,13584.16
1659787200000,18.202,18.356,18.125,18.207,24035.52
1659801600000,18.184,18.271,17.911,18.123,8774.98
1659816000000,18.124,18.151,17.89,17.954,7349.83
1659830400000,17.954,18.619,17.791,18.376,16887.42
1659844800000,18.379,18.43,18.131,18.249,11683.39
1659859200000,18.244,18.389,18.136,18.331,10799.59
1659873600000,18.344,18.949,18.314,18.781,9601.2
1659888000000,18.779,18.882,18.668,18.739,10299.06
1659902400000,18.742,18.899,18.422,18.479,10127.08
1659916800000,18.466,18.773,18.432,18.691,18570.24
1659931200000,18.701,18.869,18.571,18.745,15679.46
1659945600000,18.751,19.169,18.729,19.156,21576.42
1659960000000,19.145,19.279,18.673,18.739,11414.13
1659974400000,18.739,18.761,18.52,18.717,18194.16
1659988800000,18.704,18.873,18.478,18.639,17884.58
1660003200000,18.641,18.727,18.304,18.575,11950.35
1660017600000,18.581,18.684,18.435,18.491,12114.09
1660032000000,18.491,18.501,17.691,17.776,8280.25
1660046400000,17.773,18.0,17.257,17.499,17532.25
1660060800000,17.489,17.582,17.439,17.485,27692.1
1660075200000,17.482,17.761,17.482,17.606,16941.27
1660089600000,17.597,17.601,17.127,17.199,18754.83
1660104000000,17.2,17.56,17.189,17.519,17947.93
1660118400000,17.539,17.794,17.539,17.718,32765.45
1660132800000,17.715,18.532,17.63,18.399,27764.76
1660147200000,18.414,18.509,18.163,18.244,25598.59
1660161600000,18.256,18.523,18.256,18.509,28218.75
1660176000000,18.515,18.736,18.391,18.604,22942.16
1660190400000,18.618,18.975,18.609,18.68,35584.67
1660204800000,18.688,18.789,18.591,18.789,22105.55
1660219200000,18.789,19.111,18.509,18.549,23143.1
1660233600000,18.567,18.751,18.431,18.59,21901.73
1660248000000,18.591,18.75,18.276,18.423,19090.07
1660262400000,18.444,18.769,18.026,18.674,22042.7
1660276800000,18.659,18.696,18.353,18.552,20522.48
1660291200000,18.544,18.621,17.929,17.952,22071.0
1660305600000,17.97,18.306,17.942,18.282,42569.08
1660320000000,18.277,18.549,18.199,18.486,27998.96
1660334400000,18.483,18.645,18.419,18.637,21039.25
1660348800000,18.638,19.873,18.538,19.68,24963.93
1660363200000,19.682,19.682,19.294,19.303,15380.14
1660377600000,19.294,19.447,19.134,19.399,22672.38
1660392000000,19.388,19.648,19.205,19.318,12178.12
1660406400000,19.317,19.538,19.211,19.323,17854.96
1660420800000,19.317,19.513,19.201,19.262,20710.53
1660435200000,19.254,19.678,19.06,19.374,20398.59
1660449600000,19.382,19.645,19.281,19.556,23218.7
1660464000000,19.547,19.779,19.42,19.492,20572.75
1660478400000,19.462,19.64,18.844,19.069,30480.63
1660492800000,19.064,19.085,18.301,18.608,23475.76
1660507200000,18.593,18.691,18.465,18.576,27791.68
1660521600000,18.579,19.134,18.354,18.894,25796.48
1660536000000,18.888,18.933,18.139,18.192,21904.91
1660550400000,18.191,18.294,17.97,18.1,24271.46
1660564800000,18.096,18.459,17.921,18.381,30881.83
1660579200000,18.358,18.499,18.205,18.236,29148.03
1660593600000,18.239,18.37,17.94,18.173,24781.52
1660608000000,18.176,18.578,17.962,18.336,22663.23
1660622400000,18.332,18.385,17.994,18.275,24874.84
1660636800000,18.276,18.391,18.18,18.301,20816.81
1660651200000,18.301,18.341,17.836,17.989,32591.77
1660665600000,17.992,18.114,17.729,17.931,28687.8
1660680000000,17.913,18.065,17.841,17.952,35435.32
1660694400000,17.957,18.141,17.931,18.126,33299.65
1660708800000,18.13,18.372,17.721,17.799,25820.5
1660723200000,17.797,17.906,17.658,17.701,32346.55
1660737600000,17.673,17.701,16.876,16.995,35971.44
1660752000000,16.988,17.348,16.978,17.044,25785.78
1660766400000,17.022,17.309,16.712,16.966,38158.43
1660780800000,16.968,17.085,16.724,17.01,28001.41
1660795200000,17.007,17.143,16.913,17.076,33994.12
1660809600000,17.077,17.143,16.954,17.129,45084.1
1660824000000,17.138,17.24,16.944,17.037,34194.39
1660838400000,17.05,17.06,16.783,16.838,33273.56
1660852800000,16.838,16.924,15.939,16.115,41706.97
1660867200000,16.127,16.14,15.309,15.442,34387.05
1660881600000,15.434,15.679,14.409,14.835,40833.8
1660896000000,14.833,14.869,14.38,14.677,33687.26
1660910400000,14.684,14.809,14.451,14.671,32141.99
1660924800000,14.666,14.909,14.516,14.748,20726.44
1660939200000,14.758,14.792,14.017,14.219,29307.78
1660953600000,14.207,14.598,14.207,14.516,23140.84
1660968000000,14.512,14.721,14.47,14.679,29148.54
1660982400000,14.678,14.689,14.519,14.568,27124.58
1660996800000,14.559,14.57,14.289,14.387,30442.41
1661011200000,14.384,14.425,13.783,13.868,22712.39
1661025600000,13.864,14.16,13.628,14.119,23118.02
1661040000000,14.123,14.265,14.034,14.068,24061.29
1661054400000,14.067,14.307,13.958,14.292,22880.7
1661068800000,14.291,14.571,14.278,14.469,21158.64
1661083200000,14.467,14.496,14.182,14.306,28575.28
1661097600000,14.307,14.516,14.237,14.433,22057.54
1661112000000,14.437,14.641,14.246,14.463,27749.91
1661126400000,14.458,14.473,14.261,14.269,27268.56
1661140800000,14.279,14.316,13.773,13.779,25914.85
1661155200000,13.788,13.828,13.508,13.71,34298.2
1661169600000,13.706,13.938,13.538,13.925,43886.99
1661184000000,13.913,14.002,13.732,13.852,29581.31
1661198400000,13.854,14.264,13.854,14.246,33699.86
1661212800000,14.231,14.471,14.188,14.188,29798.92
1661227200000,14.193,14.229,13.712,14.077,25990.18
1661241600000,14.083,14.688,14.078,14.56,30385.65
1661256000000,14.592,14.609,14.337,14.449,34877.93
1661270400000,14.439,14.853,14.342,14.739,24224.89
1661284800000,14.737,14.821,14.565,14.673,22126.22
1661299200000,14.689,14.881,14.208,14.295,36531.06
1661313600000,14.292,14.582,14.27,14.405,27130.82
1661328000000,14.412,14.705,14.401,14.652,26927.99
1661342400000,14.654,14.961,14.555,14.909,25685.05
1661356800000,14.919,15.0,14.788,14.859,31624.18
1661371200000,14.859,14.879,14.517,14.541,23078.06
1661385600000,14.538,14.705,14.511,14.591,28496.64
1661400000000,14.58,14.971,14.58,14.862,26059.61
1661414400000,14.864,14.889,14.705,14.805,24389.85
1661428800000,14.797,14.832,14.457,14.539,26174.16
1661443200000,14.542,14.698,14.455,14.692,31545.56
1661457600000,14.702,14.769,14.581,14.711,22787.43
1661472000000,14.711,14.858,14.549,14.738,28181.93
1661486400000,14.733,14.764,14.249,14.385,29858.72
1661500800000,14.385,14.466,14.04,14.147,30149.87
1661515200000,14.15,14.78,13.738,13.86,36236.96
1661529600000,13.867,13.878,13.516,13.644,36713.5
1661544000000,13.636,13.727,13.079,13.312,27454.64
1661558400000,13.313,13.405,13.177,13.298,28464.37
1661572800000,13.3,13.52,13.024,13.478,26701.5
1661587200000,13.485,13.588,13.384,13.554,25168.1
1661601600000,13.542,13.692,13.362,13.554,26620.8
1661616000000,13.549,13.892,13.424,13.835,24523.57
1661630400000,13.841,13.978,13.678,13.808,35950.22
1661644800000,13.808,13.912,13.68,13.772,27519.11
1661659200000,13.774,13.882,13.638,13.845,18249.8
1661673600000,13.858,13.911,13.649,13.726,20095.42
1661688000000,13.728,13.895,13.548,13.871,26957.93
1661702400000,13.882,13.974,13.748,13.787,25271.57
1661716800000,13.786,13.902,13.139,13.165,33608.76
1661731200000,13.19,13.386,13.042,13.336,45900.47
1661745600000,13.34,13.393,13.172,13.347,26976.78
1661760000000,13.355,13.358,13.215,13.232,26073.98
1661774400000,13.248,13.742,13.232,13.641,9803.49
1661788800000,13.678,13.788,13.531,13.542,4855.93
1661803200000,13.569,13.902,13.548,13.835,6163.4
1661817600000,13.812,13.843,13.619,13.749,5346.5
1661832000000,13.742,14.058,13.742,13.894,5836.06
1661846400000,13.908,14.014,13.857,13.887,5314.82
1661860800000,13.872,13.928,13.252,13.429,8389.09
1661875200000,13.418,13.545,13.077,13.408,6073.83
1661889600000,13.395,14.029,13.322,13.822,12064.8
1661904000000,13.868,14.516,13.852,14.279,13782.54
1661918400000,14.264,14.296,14.094,14.133,7008.16
1661932800000,14.128,14.379,13.991,14.329,9424.87
1661947200000,14.304,14.451,14.02,14.241,9129.54
1661961600000,14.236,14.627,14.014,14.49,5619.19
1661976000000,14.499,14.609,14.086,14.14,6116.52
1661990400000,14.148,14.222,13.813,13.866,8201.01
1662004800000,13.882,14.062,13.666,13.718,6798.41
1662019200000,13.713,14.039,13.598,13.986,6868.13
1662033600000,13.98,14.008,13.542,13.688,6554.63
1662048000000,13.708,13.875,13.657,13.851,5930.0
1662062400000,13.854,14.029,13.854,14.009,4898.23
1662076800000,14.014,14.083,13.781,14.013,6064.66
1662091200000,14.018,14.181,14.002,14.036,6314.72
1662105600000,14.046,14.059,13.818,13.875,6000.61
1662120000000,13.889,14.441,13.798,14.278,23649.64
1662134400000,14.309,14.309,13.856,13.962,9454.09
1662148800000,13.952,14.043,13.912,14.031,5275.03
1662163200000,14.028,14.281,13.992,14.062,8227.63
1662177600000,14.062,14.431,14.038,14.257,7777.11
1662192000000,14.259,15.217,14.241,15.019,17240.76
1662206400000,15.009,15.266,14.945,15.131,9082.88
1662220800000,15.131,15.271,15.0,15.171,6974.41
1662235200000,15.161,15.391,15.086,15.182,7065.61
1662249600000,15.199,15.351,14.596,14.681,7437.14
1662264000000,14.689,14.702,14.412,14.412,7213.44
1662278400000,14.419,14.6,14.377,14.58,6132.7
1662292800000,14.581,14.667,14.443,14.497,6056.4
1662307200000,14.497,14.559,14.451,14.531,4283.77
1662321600000,14.559,14.582,14.466,14.548,4406.56
1662336000000,14.567,14.734,14.466,14.582,11643.04
1662350400000,14.582,14.617,14.037,14.102,8147.36
1662364800000,14.092,14.191,13.85,14.029,10916.03
1662379200000,13.982,14.192,13.975,14.154,8054.19
1662393600000,14.145,14.189,14.038,14.044,4853.29
1662408000000,14.05,14.384,14.038,14.306,4670.59
1662422400000,14.339,14.586,14.081,14.19,14191.95
1662436800000,14.216,14.392,14.189,14.309,3156.81
1662451200000,14.31,14.472,14.214,14.399,6679.93
1662465600000,14.404,14.489,14.088,14.279,5621.57
1662480000000,14.279,14.287,13.212,13.276,16135.48
1662494400000,13.258,13.318,13.021,13.133,4122.1
1662508800000,13.121,13.193,12.864,13.038,6993.49
1662523200000,13.033,13.163,12.964,13.144,3654.24
1662537600000,13.166,13.194,13.072,13.138,4820.91
1662552000000,13.143,13.382,13.063,13.314,10681.8
1662566400000,13.317,13.501,13.258,13.438,5566.1
1662580800000,13.442,13.711,13.441,13.504,5036.8
1662595200000,13.528,13.588,13.424,13.534,5164.05
1662609600000,13.538,13.664,13.393,13.533,6633.54
1662624000000,13.535,13.822,13.512,13.726,15287.31
1662638400000,13.724,14.061,13.346,13.872,16148.92
1662652800000,13.87,13.87,13.641,13.809,7314.17
1662667200000,13.816,13.888,13.727,13.834,5193.39
1662681600000,13.836,14.065,13.818,14.008,7593.42
1662696000000,14.018,14.312,13.987,14.191,6353.81
1662710400000,14.19,15.121,14.181,14.909,23354.14
1662724800000,14.909,15.241,14.709,14.848,14940.57
1662739200000,14.837,14.892,14.631,14.669,3791.44
1662753600000,14.644,14.846,14.546,14.716,7187.43
1662768000000,14.719,14.81,14.5,14.689,7360.91
1662782400000,14.679,14.961,14.449,14.509,9834.89
1662796800000,14.509,14.832,14.509,14.63,5616.75
1662811200000,14.623,14.669,14.333,14.419,6334.81
1662825600000,14.419,14.632,14.419,14.623,4755.98
1662840000000,14.632,14.789,14.522,14.695,4747.69
1662854400000,14.728,14.781,14.519,14.651,4770.54
1662868800000,14.666,14.702,14.222,14.445,5095.64
1662883200000,14.447,14.542,14.439,14.488,5924.03
1662897600000,14.484,14.631,14.401,14.521,5571.75
1662912000000,14.539,14.78,14.538,14.579,4709.51
1662926400000,14.561,14.606,14.108,14.514,5421.81
1662940800000,14.508,14.762,14.2,14.283,7182.04
1662955200000,14.276,14.573,14.276,14.573,7529.11
1662969600000,14.573,15.041,14.537,14.798,7339.32
1662984000000,14.809,14.883,14.348,14.419,4249.29
1662998400000,14.395,14.409,14.098,14.245,6937.03
1663012800000,14.269,14.301,14.167,14.222,6966.4
1663027200000,14.222,14.231,13.822,14.169,6701.9
1663041600000,14.181,14.431,14.151,14.383,9499.84
1663056000000,14.381,14.444,14.264,14.369,5251.22
1663070400000,14.395,14.48,13.245,13.432,16348.51
1663084800000,13.414,13.523,13.077,13.348,3870.87
1663099200000,13.338,13.413,13.041,13.158,3706.18
1663113600000,13.156,13.388,13.057,13.308,7248.0
1663128000000,13.308,13.367,13.008,13.154,4534.05
1663142400000,13.142,13.327,13.112,13.221,6758.75
1663156800000,13.225,13.44,13.1,13.181,5896.56
1663171200000,13.179,13.241,12.848,13.219,6377.61
1663185600000,13.212,13.382,13.1,13.31,5700.9
1663200000000,13.297,13.318,12.797,12.917,8653.45
1663214400000,12.938,13.377,12.808,13.237,6983.86
1663228800000,13.205,13.218,13.056,13.112,4188.98
1663243200000,13.132,13.183,12.573,12.782,10556.64
1663257600000,12.812,13.013,12.762,12.942,6225.18
1663272000000,12.966,12.984,12.623,12.711,5144.36
1663286400000,12.708,12.719,12.45,12.712,6307.54
1663300800000,12.692,12.814,12.688,12.792,8674.09
1663315200000,12.782,12.918,12.626,12.908,5820.76
1663329600000,12.898,12.908,12.617,12.787,10761.27
1663344000000,12.752,12.777,12.522,12.694,8771.83
1663358400000,12.692,12.831,12.682,12.828,2946.33
1663372800000,12.831,12.968,12.812,12.912,3805.88
1663387200000,12.92,12.982,12.797,12.903,3583.56
1663401600000,12.903,12.973,12.878,12.938,5185.7
1663416000000,12.921,13.068,12.868,13.037,6951.7
1663430400000,13.038,13.183,12.973,13.043,4115.65
1663444800000,13.043,13.212,13.021,13.179,7087.78
1663459200000,13.173,13.197,13.068,13.094,4714.49
1663473600000,13.082,13.232,13.082,13.232,4713.09
1663488000000,13.232,13.258,12.885,13.005,5946.13
1663502400000,13.002,13.002,12.787,12.846,6532.54
1663516800000,12.823,12.873,12.617,12.691,8115.99
1663531200000,12.682,12.691,11.924,12.04,13248.96
1663545600000,12.04,12.313,11.714,11.826,13928.79
1663560000000,11.82,11.977,11.661,11.861,6403.89
1663574400000,11.867,11.977,11.677,11.935,6311.96
1663588800000,11.941,12.235,11.923,12.067,11256.4
1663603200000,12.077,12.257,11.977,12.193,7991.46
1663617600000,12.243,12.357,12.186,12.29,8675.47
1663632000000,12.339,12.842,12.339,12.554,19239.9
1663646400000,12.555,12.608,12.425,12.489,7078.82
1663660800000,12.503,12.515,12.228,12.297,9800.01
1663675200000,12.283,12.559,12.04,12.552,10549.01
1663689600000,12.562,12.6,12.255,12.359,8069.46
1663704000000,12.376,12.443,12.189,12.416,7658.22
1663718400000,12.405,12.447,12.271,12.405,11371.33
1663732800000,12.413,12.487,11.986,12.093,7528.9
1663747200000,12.093,12.293,12.064,12.289,7764.64
1663761600000,12.286,12.381,12.146,12.193,7359.07
1663776000000,12.203,12.96,12.139,12.396,16147.62
1663790400000,12.396,12.427,11.653,11.792,9269.76
1663804800000,11.784,11.903,11.703,11.832,6774.22
1663819200000,11.837,12.133,11.831,12.118,10783.49
1663833600000,12.129,12.269,12.094,12.247,9242.37
1663848000000,12.257,12.283,12.005,12.138,9919.07
1663862400000,12.143,12.492,12.025,12.381,4531.44
1663876800000,12.397,12.449,12.243,12.356,6387.22
1663891200000,12.362,13.012,12.299,12.879,9914.87
1663905600000,12.879,13.092,12.808,12.808,4891.44
1663920000000,12.828,13.072,12.528,12.547,7431.95
1663934400000,12.557,12.842,12.339,12.673,13417.49
1663948800000,12.673,13.212,12.507,13.152,9332.29
1663963200000,13.162,13.442,13.108,13.165,9566.43
1663977600000,13.154,13.682,13.154,13.335,10462.61
1663992000000,13.321,13.522,13.189,13.232,17552.45
1664006400000,13.229,13.378,13.17,13.205,5243.5
1664020800000,13.201,13.302,12.978,13.064,6857.73
1664035200000,13.098,13.231,13.072,13.112,4572.25
1664049600000,13.125,13.154,12.648,12.712,6273.7
1664064000000,12.707,12.89,12.692,12.89,7653.57
1664078400000,12.893,12.896,12.748,12.834,3938.61
1664092800000,12.836,12.858,12.74,12.857,6379.61
1664107200000,12.855,12.873,12.522,12.596,4635.27
1664121600000,12.598,12.664,12.437,12.563,4481.98
1664136000000,12.578,12.578,12.243,12.376,5763.25
1664150400000,12.376,12.47,12.243,12.291,4477.21
1664164800000,12.294,12.385,12.107,12.267,5928.11
1664179200000,12.262,12.492,12.171,12.228,3856.33
1664193600000,12.235,12.467,12.213,12.397,3561.36
1664208000000,12.407,12.431,12.237,12.396,4926.19
1664222400000,12.39,12.503,12.336,12.495,2796.14
1664236800000,12.483,12.808,12.443,12.722,7429.38
1664251200000,12.728,12.873,12.653,12.754,5911.25
1664265600000,12.76,12.799,12.671,12.745,3292.37
1664280000000,12.738,12.902,12.671,12.676,8456.6
1664294400000,12.698,12.736,12.149,12.369,6602.68
1664308800000,12.336,12.435,12.293,12.356,4184.57
1664323200000,12.367,12.447,11.873,12.11,6905.99
1664337600000,12.094,12.156,12.013,12.106,5490.01
1664352000000,12.083,12.223,11.973,12.157,4558.66
1664366400000,12.171,12.413,12.154,12.36,7160.47
1664380800000,12.365,12.557,12.284,12.509,5626.62
1664395200000,12.502,12.634,12.5,12.511,5662.78
1664409600000,12.504,12.598,12.357,12.417,4644.62
1664424000000,12.423,12.557,12.343,12.442,7296.23
1664438400000,12.437,12.582,12.403,12.457,5372.72
1664452800000,12.456,12.508,12.201,12.387,7899.14
1664467200000,12.373,12.522,12.305,12.502,4884.86
1664481600000,12.502,12.752,12.502,12.733,5080.29
1664496000000,12.752,12.798,12.59,12.667,5262.14
1664510400000,12.672,12.892,12.651,12.859,5416.59
1664524800000,12.862,12.876,12.547,12.547,3401.82
1664539200000,12.559,12.857,12.559,12.758,10984.59
1664553600000,12.752,12.794,12.492,12.515,2914.67
1664568000000,12.498,12.588,12.447,12.564,4212.96
1664582400000,12.565,12.672,12.552,12.666,2800.09
1664596800000,12.662,12.762,12.617,12.623,3416.33
1664611200000,12.622,12.732,12.587,12.638,4195.93
1664625600000,12.632,12.711,12.617,12.678,3225.64
1664640000000,12.67,12.678,12.487,12.573,4157.6
1664654400000,12.542,12.618,12.497,12.571,1753.09
1664668800000,12.564,12.564,12.5,12.502,3439.53
1664683200000,12.513,12.607,12.512,12.564,1815.25
1664697600000,12.578,12.578,12.206,12.329,5937.29
1664712000000,12.336,12.364,12.265,12.287,2608.8
1664726400000,12.289,12.49,12.289,12.465,2515.58
1664740800000,12.481,12.49,12.107,12.132,3801.01
1664755200000,12.123,12.328,12.029,12.266,4205.46
1664769600000,12.277,12.351,12.162,12.285,2413.36
1664784000000,12.288,12.317,12.243,12.268,4490.61
1664798400000,12.268,12.566,12.263,12.44,7107.62
1664812800000,12.457,12.583,12.436,12.528,6299.29
1664827200000,12.542,12.751,12.497,12.688,6905.13
1664841600000,12.698,12.769,12.653,12.721,4963.88
1664856000000,12.718,12.8,12.6,12.779,3442.86
1664870400000,12.798,12.848,12.707,12.712,2054.21
1664884800000,12.718,12.885,12.705,12.81,3961.13
1664899200000,12.808,12.975,12.752,12.948,5602.19
1664913600000,12.942,13.045,12.899,12.996,4885.64
1664928000000,12.994,13.086,12.85,12.864,2802.56
1664942400000,12.86,12.878,12.797,12.839,2414.77
1664956800000,12.838,12.844,12.667,12.705,3820.66
1664971200000,12.712,12.718,12.522,12.632,2637.31
1664985600000,12.638,12.832,12.617,12.767,4499.81
1665000000000,12.788,12.799,12.727,12.773,2466.21
1665014400000,12.768,13.021,12.742,12.965,6174.01
1665028800000,12.961,13.027,12.894,12.908,3303.62
1665043200000,12.918,12.984,12.839,12.977,4643.46
1665057600000,12.972,13.013,12.812,12.892,4782.31
1665072000000,12.887,12.888,12.667,12.778,4863.21
1665086400000,12.768,12.788,12.638,12.682,3023.46
1665100800000,12.685,12.738,12.646,12.706,3299.28
1665115200000,12.701,12.728,12.586,12.662,2494.28
1665129600000,12.678,12.719,12.638,12.648,1563.75
1665144000000,12.658,12.658,12.392,12.455,7849.85
1665158400000,12.477,12.477,12.366,12.443,2796.11
1665172800000,12.423,12.478,12.42,12.469,2171.75
1665187200000,12.462,12.556,12.462,12.502,1788.53
1665201600000,12.497,12.556,12.497,12.519,1400.08
1665216000000,12.518,12.537,12.492,12.524,2372.49
1665230400000,12.522,12.537,12.433,12.48,1795.53
1665244800000,12.473,12.494,12.436,12.444,2359.86
1665259200000,12.444,12.447,12.267,12.354,2796.5
1665273600000,12.343,12.377,12.315,12.334,2582.98
1665288000000,12.327,12.542,12.323,12.445,1835.55
1665302400000,12.453,12.513,12.413,12.472,1609.26
1665316800000,12.477,12.513,12.456,12.507,2256.9
1665331200000,12.513,12.544,12.462,12.544,3159.62
1665345600000,12.545,12.553,12.396,12.427,4275.46
1665360000000,12.437,12.571,12.407,12.489,2676.03
1665374400000,12.467,12.611,12.373,12.385,3674.89
1665388800000,12.382,12.396,12.171,12.305,3331.46
1665403200000,12.306,12.373,12.269,12.295,3041.34
1665417600000,12.285,12.297,12.187,12.216,3817.29
1665432000000,12.217,12.233,11.953,11.953,5661.68
1665446400000,11.942,11.942,11.53,11.678,5644.99
1665460800000,11.675,11.732,11.609,11.655,2773.86
1665475200000,11.663,11.693,11.6,11.675,2047.92
1665489600000,11.675,11.78,11.503,11.713,6594.93
1665504000000,11.721,11.774,11.556,11.574,3651.14
1665518400000,11.577,11.596,11.45,11.523,3606.99
1665532800000,11.524,11.626,11.46,11.543,3962.36
1665547200000,11.545,11.683,11.5,11.669,3664.19
1665561600000,11.675,11.728,11.586,11.591,1887.04
1665576000000,11.597,11.622,11.484,11.571,4002.59
1665590400000,11.571,11.603,11.459,11.58,3251.29
1665604800000,11.597,11.621,11.523,11.542,1626.17
1665619200000,11.543,11.547,11.077,11.164,6326.85
1665633600000,11.153,11.188,10.559,10.686,5375.48
1665648000000,10.686,10.696,10.084,10.436,11848.38
1665662400000,10.456,10.969,10.126,10.937,20167.21
1665676800000,10.957,11.192,10.886,11.131,5692.16
1665691200000,11.137,11.241,11.088,11.093,2597.12
1665705600000,11.088,11.517,11.016,11.475,3503.39
1665720000000,11.48,11.487,11.288,11.3,3912.35
1665734400000,11.299,11.351,11.26,11.26,1352.98
1665748800000,11.257,11.427,11.0,11.0,3929.88
1665763200000,10.996,11.027,10.841,10.842,2688.35
1665777600000,10.857,10.886,10.635,10.812,2656.12
1665792000000,10.809,10.923,10.786,10.923,1449.67
1665806400000,10.923,10.973,10.893,10.925,1954.04
1665820800000,10.923,10.936,10.764,10.922,2031.11
1665835200000,10.921,10.968,10.866,10.943,1760.6
1665849600000,10.966,11.043,10.953,11.004,2485.0
1665864000000,11.003,11.016,10.737,10.813,4384.27
1665878400000,10.808,10.989,10.808,10.927,2461.33
1665892800000,10.936,11.009,10.936,10.983,1962.99
1665907200000,10.989,11.103,10.989,11.034,2707.93
1665921600000,11.035,11.087,10.957,10.992,2015.46
1665936000000,10.993,11.13,10.944,11.13,1996.62
1665950400000,11.135,11.173,10.907,11.044,2439.26
1665964800000,11.045,11.092,10.886,10.927,3382.02
1665979200000,10.928,11.046,10.906,11.039,1217.14
1665993600000,11.043,11.142,10.979,11.084,2766.13
1666008000000,11.107,11.224,11.056,11.113,4807.46
1666022400000,11.123,11.168,11.065,11.151,2450.19
1666036800000,11.147,11.223,11.128,11.206,3109.15
1666051200000,11.219,11.283,11.083,11.168,3196.56
1666065600000,11.177,11.261,11.128,11.245,2186.52
1666080000000,11.228,11.228,11.016,11.065,4003.81
1666094400000,11.063,11.107,10.846,10.886,4284.37
1666108800000,10.898,10.947,10.753,10.855,3590.46
1666123200000,10.865,10.973,10.865,10.923,5339.18
1666137600000,10.94,10.962,10.746,10.82,3792.34
1666152000000,10.816,10.824,10.584,10.596,4716.74
1666166400000,10.586,10.596,10.444,10.476,3683.45
1666180800000,10.473,10.534,10.423,10.519,4376.77
1666195200000,10.511,10.516,10.436,10.479,4055.89
1666209600000,10.486,10.503,10.05,10.149,13794.15
1666224000000,10.142,10.178,9.798,9.904,8000.94
1666238400000,9.886,10.053,9.886,10.026,5038.49
1666252800000,10.046,10.135,9.948,10.076,5809.33
1666267200000,10.079,10.095,9.976,9.986,5078.71
1666281600000,9.986,9.986,9.571,9.656,4506.9
1666296000000,9.637,9.659,9.471,9.549,10505.68
1666310400000,9.545,9.545,9.196,9.236,6838.83
1666324800000,9.225,9.256,8.965,8.985,8660.21
1666339200000,8.995,8.995,8.655,8.765,15102.99
1666353600000,8.765,9.175,8.714,9.127,20206.64
1666368000000,9.125,9.236,9.065,9.085,8520.29
1666382400000,9.08,9.127,8.995,9.065,7081.86
1666396800000,9.055,9.294,8.881,8.905,11432.53
1666411200000,8.905,9.015,8.889,8.955,4249.08
1666425600000,8.941,9.026,8.929,9.015,7169.53
1666440000000,9.025,9.132,8.975,9.005,6096.19
1666454400000,9.015,9.016,8.814,8.935,6947.7
1666468800000,8.947,9.025,8.921,8.981,4551.08
1666483200000,8.982,8.995,8.755,8.909,7680.74
1666497600000,8.915,8.935,8.805,8.856,8954.71
1666512000000,8.855,8.874,8.688,8.745,5125.96
1666526400000,8.735,8.8,8.694,8.772,5426.57
1666540800000,8.775,9.045,8.715,8.968,8048.66
1666555200000,8.984,9.079,8.915,9.014,11101.81
1666569600000,9.005,9.02,8.598,8.645,7639.99
1666584000000,8.619,8.705,8.555,8.612,7514.01
1666598400000,8.605,8.676,8.569,8.672,5194.45
1666612800000,8.665,8.685,8.375,8.425,10027.8
1666627200000,8.425,8.481,8.39,8.437,10043.02
1666641600000,8.435,8.455,8.205,8.381,31735.05
1666656000000,8.367,9.244,8.349,9.194,122934.85
1666670400000,9.204,9.384,9.046,9.076,60361.18
1666684800000,9.065,9.075,8.825,8.977,30164.88
1666699200000,8.967,9.075,8.909,9.035,28107.41
1666713600000,9.035,9.22,8.951,9.095,83818.05
1666728000000,9.096,9.105,8.945,9.025,17457.86
1666742400000,9.033,9.135,8.977,9.104,14611.69
1666756800000,9.101,9.464,9.094,9.281,13961.78
1666771200000,9.283,9.356,9.175,9.176,10388.32
1666785600000,9.176,9.236,9.055,9.173,9242.28
1666800000000,9.186,9.206,9.035,9.132,7692.85
1666814400000,9.136,9.196,9.096,9.135,7111.57
1666828800000,9.119,9.384,9.118,9.36,17079.25
1666843200000,9.364,9.644,9.296,9.366,19156.57
1666857600000,9.376,9.396,9.167,9.258,7409.98
1666872000000,9.246,9.331,9.133,9.212,9380.04
1666886400000,9.202,9.306,9.154,9.274,7364.88
1666900800000,9.284,9.304,8.975,9.015,21389.77
1666915200000,9.008,9.147,8.889,8.955,26961.12
1666929600000,8.976,9.035,8.715,8.775,28535.27
1666944000000,8.775,8.898,8.758,8.833,11942.13
1666958400000,8.833,9.016,8.764,8.969,29576.01
1666972800000,8.964,9.136,8.953,9.127,35288.06
1666987200000,9.129,9.224,9.085,9.114,12770.69
1667001600000,9.122,9.326,9.11,9.283,35876.32
1667016000000,9.283,9.335,9.214,9.32,50140.31
1667030400000,9.323,9.466,9.155,9.212,63526.89
1667044800000,9.213,9.277,9.144,9.259,19218.52
1667059200000,9.253,9.536,9.225,9.299,34796.69
1667073600000,9.3,9.375,9.191,9.315,6733.46
1667088000000,9.31,9.387,9.225,9.386,9783.99
1667102400000,9.386,10.056,9.336,9.996,85798.23
1667116800000,9.995,10.305,9.673,9.812,41699.08
1667131200000,9.813,9.813,9.384,9.396,19500.78
1667145600000,9.394,9.425,9.255,9.314,13179.65
1667160000000,9.314,9.395,9.061,9.244,12737.29
1667174400000,9.244,9.296,9.055,9.236,17432.16
1667188800000,9.226,9.255,9.034,9.164,15073.98
1667203200000,9.169,9.315,9.053,9.261,16986.58
1667217600000,9.255,9.305,8.978,9.093,22862.87
1667232000000,9.091,9.166,9.037,9.097,13076.98
1667246400000,9.098,9.235,9.09,9.216,5980.66
1667260800000,9.217,9.256,9.134,9.2,16360.75
1667275200000,9.201,9.232,9.137,9.187,9921.0
1667289600000,9.188,9.296,9.125,9.17,15573.74
1667304000000,9.169,9.196,9.034,9.114,13455.59
1667318400000,9.111,9.138,9.034,9.059,8964.14
1667332800000,9.056,9.167,9.037,9.121,4623.3
1667347200000,9.12,9.138,8.992,9.124,6775.56
1667361600000,9.124,9.158,8.813,8.891,6871.73
1667376000000,8.892,8.999,8.674,8.807,7498.08
1667390400000,8.805,8.815,8.682,8.746,6890.64
1667404800000,8.747,8.978,8.613,8.656,20411.12
1667419200000,8.655,8.695,8.464,8.663,5344.31
1667433600000,8.675,8.899,8.593,8.874,10167.6
1667448000000,8.867,9.066,8.856,8.863,15874.34
1667462400000,8.863,8.947,8.712,8.775,6060.34
1667476800000,8.775,8.917,8.704,8.86,8127.0
1667491200000,8.86,8.956,8.847,8.917,4088.77
1667505600000,8.917,8.919,8.717,8.777,7972.77
1667520000000,8.776,9.137,8.7,9.081,7246.98
1667534400000,9.08,9.186,9.006,9.186,8918.12
1667548800000,9.186,9.234,9.034,9.054,8341.09
1667563200000,9.055,9.407,8.983,9.163,14311.66
1667577600000,9.163,9.367,9.132,9.367,6273.66
1667592000000,9.367,10.046,9.338,9.694,17711.46
1667606400000,9.687,11.726,9.687,11.384,95821.74
1667620800000,11.384,11.818,11.082,11.179,53132.51
1667635200000,11.171,11.265,10.729,10.814,33942.57
1667649600000,10.814,11.085,10.525,10.654,55686.62
1667664000000,10.656,10.747,10.445,10.514,39244.85
1667678400000,10.525,10.667,10.243,10.613,15361.07
1667692800000,10.61,10.855,10.364,10.6,26467.54
1667707200000,10.598,10.625,10.435,10.439,11262.84
1667721600000,10.44,10.577,10.395,10.425,15975.08
1667736000000,10.429,10.486,10.313,10.475,12330.27
1667750400000,10.475,10.481,10.123,10.186,13721.75
1667764800000,10.186,10.247,9.736,9.816,15848.67
1667779200000,9.823,10.347,9.813,10.058,32181.15
1667793600000,10.055,10.055,9.543,9.555,27395.81
1667808000000,9.556,9.876,9.53,9.786,7215.36
1667822400000,9.784,9.876,9.664,9.876,6539.87
1667836800000,9.876,10.02,9.792,9.981,7546.37
1667851200000,9.985,10.007,9.51,9.777,6353.56
1667865600000,9.777,10.285,9.263,9.296,53954.18
1667880000000,9.3,9.406,8.808,9.273,67356.34
1667894400000,9.27,9.274,9.014,9.102,37678.6
1667908800000,9.102,9.178,8.959,9.166,12495.98
1667923200000,9.16,9.726,6.252,7.513,134610.16
1667937600000,7.516,8.067,7.329,7.97,38604.54
1667952000000,7.982,8.02,7.496,7.689,24639.98
1667966400000,7.683,7.837,7.497,7.656,15982.25
1667980800000,7.656,7.685,6.881,7.355,50730.2
1667995200000,7.356,7.47,6.957,7.012,34090.96
1668009600000,7.014,7.118,6.5,6.82,69701.17
1668024000000,6.82,6.925,5.752,6.028,84254.1
1668038400000,6.018,7.03,5.931,6.855,64104.85
1668052800000,6.855,7.228,6.766,7.036,56371.88
1668067200000,7.035,7.061,6.62,6.747,42203.64
1668081600000,6.753,7.541,6.744,7.399,44988.18
1668096000000,7.398,7.498,7.053,7.285,12641.41
1668110400000,7.276,7.596,7.21,7.345,13750.76
1668124800000,7.347,7.431,6.92,6.975,15682.82
1668139200000,6.977,7.219,6.951,7.185,8718.12
1668153600000,7.185,7.238,7.133,7.166,6049.24
1668168000000,7.163,7.27,6.574,6.837,17779.36
1668182400000,6.837,6.989,6.667,6.866,19093.95
1668196800000,6.868,7.013,6.712,6.983,10150.66
1668211200000,6.987,7.018,6.792,6.846,4494.05
1668225600000,6.846,6.876,6.482,6.698,9574.74
1668240000000,6.7,6.73,6.603,6.645,7949.39
1668254400000,6.65,6.665,6.467,6.606,8803.7
1668268800000,6.607,6.62,6.529,6.544,8116.07
1668283200000,6.546,6.565,6.452,6.509,5720.99
1668297600000,6.509,6.79,6.464,6.735,9649.65
1668312000000,6.736,6.749,6.362,6.44,8165.57
1668326400000,6.44,6.443,6.227,6.405,7909.08
1668340800000,6.404,14.575,6.336,7.734,245029.53
1668355200000,7.734,7.907,6.9,7.203,141531.73
1668369600000,7.194,7.281,6.923,7.028,29952.63
1668384000000,7.029,7.627,6.847,7.332,75116.58
1668398400000,7.332,7.457,7.113,7.334,19462.23
1668412800000,7.343,7.387,7.182,7.317,12820.57
1668427200000,7.323,7.457,7.001,7.07,9471.79
1668441600000,7.078,7.103,6.877,6.959,5727.0
1668456000000,6.959,7.303,6.959,7.271,10162.32
1668470400000,7.271,7.359,7.152,7.258,6601.39
1668484800000,7.259,7.326,7.21,7.314,2331.22
1668499200000,7.305,7.379,7.252,7.286,5113.13
1668513600000,7.286,7.428,7.272,7.345,4073.11
1668528000000,7.345,7.369,7.07,7.124,7821.31
1668542400000,7.136,7.249,7.132,7.213,10090.71
1668556800000,7.193,7.257,7.053,7.235,5373.29
1668571200000,7.243,7.337,7.182,7.23,2616.27
1668585600000,7.23,7.244,7.091,7.121,2720.07
1668600000000,7.107,7.123,6.923,6.946,2422.39
1668614400000,6.933,7.09,6.861,7.055,1209.94
1668628800000,7.045,7.127,7.001,7.07,4223.91
1668643200000,7.077,7.278,7.038,7.065,2644.91
1668657600000,7.054,7.129,6.932,7.089,1199.64
1668672000000,7.077,7.128,7.001,7.107,1129.71
1668686400000,7.107,7.149,6.937,7.035,1760.77
1668700800000,7.034,7.257,7.023,7.223,1558.4
1668715200000,7.215,7.257,7.111,7.186,1436.44
1668729600000,7.177,7.29,7.166,7.231,1989.4
1668744000000,7.234,7.25,7.165,7.204,1019.1
1668758400000,7.205,7.257,7.163,7.235,1373.04
1668772800000,7.24,7.257,7.133,7.157,1053.31
1668787200000,7.148,7.171,7.017,7.055,1904.36
1668801600000,7.058,7.208,7.051,7.187,1680.72
1668816000000,7.187,7.187,7.028,7.067,1861.8
1668830400000,7.083,7.093,6.936,7.004,910.27
1668844800000,7.006,7.043,6.987,7.032,263.08
1668859200000,7.035,7.168,7.007,7.131,930.76
1668873600000,7.136,7.153,7.09,7.091,758.36
1668888000000,7.09,7.18,7.09,7.153,690.26
1668902400000,7.142,7.171,7.063,7.111,805.47
1668916800000,7.123,7.18,7.107,7.133,1338.01
1668931200000,7.133,7.143,6.851,6.881,1890.42
1668945600000,6.879,6.923,6.813,6.883,2307.08
1668960000000,6.874,6.883,6.78,6.843,765.14
1668974400000,6.841,6.849,6.529,6.574,1349.97
1668988800000,6.556,6.577,6.252,6.313,3701.88
1669003200000,6.305,6.418,6.305,6.325,10628.6
1669017600000,6.333,6.383,6.272,6.347,1384.99
1669032000000,6.342,6.448,6.317,6.366,5725.19
1669046400000,6.367,6.376,6.092,6.164,2217.36
1669060800000,6.168,6.328,6.168,6.288,1549.67
1669075200000,6.275,6.588,6.256,6.354,11210.73
1669089600000,6.347,6.373,6.151,6.207,2312.33
1669104000000,6.213,6.228,6.117,6.198,1249.02
1669118400000,6.195,6.529,6.172,6.518,2641.12
1669132800000,6.507,7.047,6.49,6.958,8219.28
1669147200000,6.955,7.006,6.801,6.855,3427.93
1669161600000,6.863,6.923,6.719,6.901,1884.76
1669176000000,6.904,6.967,6.859,6.933,1036.68
1669190400000,6.933,6.961,6.853,6.923,3141.56
1669204800000,6.911,6.918,6.712,6.764,2010.68
1669219200000,6.767,6.933,6.722,6.865,1894.95
1669233600000,6.864,6.977,6.832,6.967,939.75
1669248000000,6.962,6.969,6.801,6.916,1417.2
1669262400000,6.915,6.933,6.832,6.853,833.79
1669276800000,6.853,6.859,6.612,6.687,1922.29
1669291200000,6.687,6.734,6.659,6.717,897.25
1669305600000,6.722,6.767,6.701,6.735,703.0
1669320000000,6.725,6.819,6.691,6.777,682.16
1669334400000,6.767,6.787,6.562,6.594,1093.16
1669348800000,6.587,6.633,6.552,6.633,2167.24
1669363200000,6.63,6.709,6.582,6.656,660.78
1669377600000,6.663,6.727,6.599,6.633,1037.55
1669392000000,6.627,6.699,6.6,6.674,412.16
1669406400000,6.676,6.709,6.642,6.654,477.7
1669420800000,6.647,6.778,6.646,6.718,2499.12
1669435200000,6.716,6.733,6.638,6.671,710.72
1669449600000,6.671,6.743,6.651,6.736,1537.28
1669464000000,6.736,6.759,6.571,6.664,1264.15
1669478400000,6.655,6.692,6.601,6.638,2242.59
1669492800000,6.64,6.663,6.591,6.647,369.67
1669507200000,6.646,6.677,6.591,6.673,990.15
1669521600000,6.674,6.693,6.657,6.665,723.51
1669536000000,6.674,6.927,6.674,6.767,4947.63
1669550400000,6.778,6.897,6.778,6.871,5127.53
1669564800000,6.881,6.933,6.813,6.837,3965.81
1669579200000,6.834,6.873,6.619,6.656,4798.35
1669593600000,6.656,6.848,6.377,6.488,7802.64
1669608000000,6.483,6.56,6.453,6.51,3369.09
1669622400000,6.511,6.54,6.472,6.506,1760.64
1669636800000,6.518,6.553,6.437,6.446,2019.95
1669651200000,6.444,6.587,6.389,6.548,1552.91
1669665600000,6.537,6.579,6.537,6.574,1019.89
1669680000000,6.565,6.627,6.482,6.587,1107.88
1669694400000,6.595,6.758,6.595,6.733,1617.84
1669708800000,6.743,6.9,6.72,6.875,3180.07
1669723200000,6.878,6.894,6.693,6.718,2364.77
1669737600000,6.719,6.724,6.619,6.712,5375.88
1669752000000,6.707,6.797,6.707,6.766,2680.21
1669766400000,6.776,7.041,6.774,6.823,3782.3
1669780800000,6.818,6.871,6.813,6.863,2614.31
1669795200000,6.863,6.977,6.793,6.972,3234.59
1669809600000,6.965,6.973,6.813,6.892,6754.56
1669824000000,6.898,6.999,6.693,6.917,7551.4
1669838400000,6.919,7.04,6.913,7.028,2098.66
1669852800000,7.013,7.041,6.882,6.933,2408.95
1669867200000,6.933,6.961,6.853,6.886,884.32
1669881600000,6.874,6.913,6.842,6.873,1022.26
1669896000000,6.873,6.99,6.793,6.873,2907.38
1669910400000,6.877,6.889,6.807,6.817,966.64
1669924800000,6.823,6.849,6.777,6.827,496.81
1669939200000,6.827,6.962,6.76,6.795,1757.12
1669953600000,6.799,6.873,6.742,6.862,1241.64
1669968000000,6.862,6.914,6.843,6.893,2281.05
1669982400000,6.898,6.967,6.813,6.952,3926.35
1669996800000,6.952,7.069,6.897,6.966,4078.91
1670011200000,6.966,7.043,6.957,7.035,5588.92
1670025600000,7.031,7.048,6.903,6.91,6974.74
1670040000000,6.911,6.925,6.861,6.887,1102.26
1670054400000,6.89,6.938,6.872,6.938,2537.7
1670068800000,6.938,6.951,6.9,6.928,1256.41
1670083200000,6.92,6.933,6.801,6.817,1584.79
1670097600000,6.819,6.833,6.683,6.725,4492.91
1670112000000,6.726,6.821,6.726,6.81,847.41
1670126400000,6.811,6.888,6.763,6.763,3660.15
1670140800000,6.763,6.797,6.729,6.742,2269.98
1670155200000,6.75,6.827,6.742,6.808,1268.24
1670169600000,6.814,6.848,6.787,6.829,920.84
1670184000000,6.836,6.897,6.827,6.881,777.94
1670198400000,6.885,7.127,6.883,7.063,7995.36
1670212800000,7.067,7.967,7.058,7.797,29743.2
1670227200000,7.807,8.827,7.797,8.141,45201.53
1670241600000,8.14,8.614,8.07,8.265,28609.12
1670256000000,8.264,10.355,8.233,8.631,41022.24
1670270400000,8.626,8.856,8.553,8.787,11970.61
1670284800000,8.796,8.896,8.292,8.443,19174.44
1670299200000,8.448,8.946,8.372,8.72,21087.08
1670313600000,8.717,8.856,8.584,8.795,7978.81
1670328000000,8.806,9.916,8.805,9.018,50706.49
1670342400000,9.026,9.245,8.904,9.011,18436.84
1670356800000,9.008,9.237,8.729,8.762,7005.03
1670371200000,8.764,9.186,8.714,8.914,11359.79
1670385600000,8.93,9.076,8.204,8.345,11985.51
1670400000000,8.346,8.857,8.292,8.614,12504.45
1670414400000,8.609,8.747,8.543,8.62,7008.67
1670428800000,8.626,8.768,8.553,8.568,3647.11
1670443200000,8.569,8.577,8.403,8.444,2452.95
1670457600000,8.443,8.467,8.062,8.168,6605.87
1670472000000,8.166,8.447,8.097,8.38,6131.56
1670486400000,8.374,8.387,7.936,8.065,4011.54
1670500800000,8.07,8.167,7.962,7.974,2602.91
1670515200000,7.962,8.187,7.956,8.187,2578.79
1670529600000,8.187,8.288,8.138,8.268,2526.8
1670544000000,8.255,8.307,8.093,8.163,1627.48
1670558400000,8.165,8.174,8.062,8.116,1043.36
1670572800000,8.109,8.114,8.02,8.086,1768.51
1670587200000,8.076,8.138,7.893,8.023,2265.37
1670601600000,8.018,8.026,7.928,8.021,823.74
1670616000000,8.013,8.059,7.968,8.017,1816.17
1670630400000,8.015,8.015,7.873,7.92,1266.44
1670644800000,7.922,8.536,7.894,8.348,6689.05
1670659200000,8.349,8.698,8.332,8.415,7571.49
1670673600000,8.414,8.509,8.364,8.452,2013.26
1670688000000,8.446,8.497,8.367,8.416,1681.19
1670702400000,8.422,8.45,8.264,8.295,1540.31
1670716800000,8.3,8.338,8.204,8.292,2060.33
1670731200000,8.292,8.293,8.204,8.223,1175.23
1670745600000,8.227,8.249,8.204,8.204,1214.1
1670760000000,8.204,8.204,8.103,8.126,1336.54
1670774400000,8.114,8.214,8.026,8.102,1272.93
1670788800000,8.096,8.104,7.922,8.055,2840.43
1670803200000,8.05,8.05,7.55,7.652,5936.2
1670817600000,7.654,7.684,7.618,7.682,1035.43
1670832000000,7.687,7.718,7.649,7.677,757.19
1670846400000,7.667,7.673,7.56,7.589,1652.64
1670860800000,7.591,7.679,7.589,7.678,1146.76
1670875200000,7.673,7.748,7.652,7.714,1167.23
1670889600000,7.715,7.731,7.443,7.496,2516.67
1670904000000,7.495,7.519,7.243,7.378,2007.16
1670918400000,7.367,7.627,7.353,7.617,2249.66
1670932800000,7.627,7.817,7.558,7.627,6012.37
1670947200000,7.633,7.663,7.502,7.588,1018.15
1670961600000,7.587,7.707,7.577,7.703,1019.49
1670976000000,7.691,7.71,7.587,7.643,981.69
1670990400000,7.646,8.156,7.633,8.031,5197.03
1671004800000,8.035,8.037,7.873,7.903,1859.97
1671019200000,7.902,7.967,7.778,7.9,1875.57
1671033600000,7.904,7.977,7.509,7.645,4176.68
1671048000000,7.639,7.728,7.603,7.727,1135.72
1671062400000,7.728,7.777,7.533,7.613,2392.83
1671076800000,7.622,7.65,7.59,7.604,1009.23
1671091200000,7.607,7.648,7.583,7.625,886.17
1671105600000,7.625,7.626,7.543,7.567,1101.19
1671120000000,7.565,7.59,7.471,7.537,1013.67
1671134400000,7.537,7.547,7.454,7.486,675.36
1671148800000,7.474,7.617,7.466,7.609,826.77
1671163200000,7.607,7.637,7.547,7.624,483.01
1671177600000,7.622,7.633,7.147,7.222,3392.04
1671192000000,7.225,7.233,7.113,7.203,1107.07
1671206400000,7.197,7.278,7.065,7.271,1457.9
1671220800000,7.267,7.318,6.533,6.673,4236.44
1671235200000,6.663,6.747,6.549,6.677,3852.77
1671249600000,6.683,6.859,6.671,6.839,2284.8
1671264000000,6.827,6.848,6.777,6.792,680.55
1671278400000,6.791,6.821,6.761,6.809,703.57
1671292800000,6.809,6.927,6.78,6.82,1036.55
1671307200000,6.819,6.998,6.812,6.95,1210.62
1671321600000,6.949,6.953,6.803,6.854,579.06
1671336000000,6.859,6.913,6.848,6.86,477.39
1671350400000,6.851,6.853,6.771,6.822,676.86
1671364800000,6.823,6.847,6.767,6.78,447.99
1671379200000,6.777,6.878,6.767,6.853,385.18
1671393600000,6.848,6.899,6.83,6.846,848.56
1671408000000,6.851,6.917,6.701,6.747,1256.23
1671422400000,6.753,6.819,6.747,6.817,608.66
1671436800000,6.811,7.138,6.811,6.947,2399.07
1671451200000,6.95,7.017,6.912,6.993,1066.81
1671465600000,6.997,7.003,6.814,6.931,2030.12
1671480000000,6.937,6.942,6.362,6.538,3715.02
1671494400000,6.532,6.798,6.532,6.745,4453.01
1671508800000,6.748,6.89,6.746,6.873,1181.83
1671523200000,6.873,6.917,6.842,6.883,839.1
1671537600000,6.881,7.007,6.833,6.93,1382.19
1671552000000,6.931,6.987,6.881,6.978,921.8
1671566400000,6.977,6.999,6.945,6.963,426.07
1671580800000,6.967,6.978,6.792,6.823,1328.05
1671595200000,6.819,6.853,6.771,6.844,695.3
1671609600000,6.836,6.927,6.803,6.883,1017.53
1671624000000,6.883,6.887,6.781,6.837,1065.98
1671638400000,6.837,6.838,6.741,6.749,442.98
1671652800000,6.747,6.838,6.738,6.838,483.95
1671667200000,6.838,6.878,6.806,6.856,692.28
1671681600000,6.863,6.863,6.691,6.733,948.55
1671696000000,6.731,7.238,6.727,7.011,7498.08
1671710400000,7.016,7.077,6.853,6.903,2417.26
1671724800000,6.897,6.979,6.877,6.97,865.74
1671739200000,6.973,7.089,6.967,7.063,933.18
1671753600000,7.065,7.179,6.982,7.053,1923.2
1671768000000,7.053,7.06,6.967,7.003,1041.03
1671782400000,7.007,7.058,6.963,7.051,1373.58
1671796800000,7.057,7.103,6.982,7.037,1437.04
1671811200000,7.033,7.108,7.027,7.078,494.2
1671825600000,7.083,7.095,7.05,7.078,528.89
1671840000000,7.081,7.138,7.029,7.088,1008.42
1671854400000,7.088,7.108,7.029,7.059,700.95
1671868800000,7.054,7.066,6.963,6.992,869.64
1671883200000,6.992,7.009,6.981,6.985,345.3
1671897600000,6.98,7.019,6.977,7.003,346.55
1671912000000,7.006,7.006,6.967,6.987,277.07
1671926400000,6.988,7.037,6.962,7.01,648.74
1671940800000,7.013,7.023,6.959,6.968,209.87
1671955200000,6.968,6.97,6.881,6.898,434.81
1671969600000,6.897,6.903,6.774,6.83,1007.14
1671984000000,6.827,6.848,6.803,6.848,516.91
1671998400000,6.844,6.899,6.834,6.892,355.52
1672012800000,6.895,6.967,6.878,6.941,7203.97
1672027200000,6.94,6.951,6.833,6.833,384.35
1672041600000,6.833,6.868,6.772,6.862,863.3
1672056000000,6.865,6.865,6.772,6.78,609.48
1672070400000,6.776,6.813,6.771,6.808,341.58
1672084800000,6.81,6.908,6.797,6.897,521.33
1672099200000,6.899,6.917,6.813,6.837,576.22
1672113600000,6.837,6.839,6.802,6.803,364.57
1672128000000,6.803,6.821,6.737,6.752,1171.31
1672142400000,6.752,6.765,6.617,6.697,1320.67
1672156800000,6.69,6.703,6.572,6.65,955.12
1672171200000,6.65,6.717,6.636,6.711,366.89
1672185600000,6.71,6.727,6.39,6.471,1992.37
1672200000000,6.467,6.486,6.192,6.311,2956.86
1672214400000,6.308,6.34,6.287,6.294,1040.81
1672228800000,6.292,6.427,6.292,6.323,1790.03
1672243200000,6.323,6.379,6.302,6.31,1043.94
1672257600000,6.312,6.343,6.227,6.285,1358.14
1672272000000,6.289,6.327,6.112,6.218,2099.43
1672286400000,6.215,6.27,6.194,6.247,814.39
1672300800000,6.244,6.288,6.204,6.251,975.22
1672315200000,6.253,6.283,6.229,6.252,780.07
1672329600000,6.251,6.252,5.991,6.032,2279.01
1672344000000,6.026,6.198,5.863,6.176,4634.73
1672358400000,6.17,6.178,6.003,6.003,2321.79
1672372800000,6.003,6.02,5.891,5.94,1422.76
1672387200000,5.936,5.954,5.865,5.885,947.08
1672401600000,5.884,5.938,5.85,5.912,1646.5
1672416000000,5.913,5.968,5.881,5.956,1364.14
1672430400000,5.947,5.999,5.917,5.987,703.64
1672444800000,5.987,6.078,5.947,6.006,1128.66
1672459200000,6.013,6.03,5.982,6.025,674.11
1672473600000,6.025,6.058,6.011,6.044,679.33
1672488000000,6.046,6.097,6.044,6.067,546.77
1672502400000,6.074,6.083,6.022,6.068,587.01
1672516800000,6.057,6.088,6.023,6.04,494.39
1672531200000,6.047,6.051,5.982,6.018,730.26
1672545600000,6.019,6.03,5.952,5.959,584.15
1672560000000,5.958,6.009,5.955,6.009,504.15
1672574400000,6.008,6.188,6.007,6.133,2816.75
1672588800000,6.124,6.207,6.106,6.193,670.73
1672603200000,6.202,6.488,6.187,6.327,4104.34
1672617600000,6.327,6.341,6.103,6.238,2636.49
1672632000000,6.244,6.447,6.233,6.373,2339.59
1672646400000,6.378,6.468,6.35,6.393,1782.79
1672660800000,6.392,6.4,6.335,6.386,844.79
1672675200000,6.397,6.417,6.373,6.412,608.48
1672689600000,6.417,6.458,6.391,6.398,558.44
1672704000000,6.401,6.555,6.362,6.377,2185.19
1672718400000,6.385,6.447,6.367,6.427,1015.04
1672732800000,6.439,6.517,6.407,6.419,1425.95
1672747200000,6.42,6.472,6.323,6.374,11115.52
1672761600000,6.367,6.467,6.367,6.457,1451.48
1672776000000,6.462,6.547,6.45,6.513,1133.78
1672790400000,6.519,6.767,6.494,6.717,3536.02
1672804800000,6.725,6.743,6.683,6.735,1250.31
1672819200000,6.733,6.758,6.653,6.672,988.63
1672833600000,6.675,6.709,6.583,6.678,1695.81
1672848000000,6.678,6.711,6.552,6.563,1337.7
1672862400000,6.555,6.648,6.493,6.647,804.43
1672876800000,6.642,7.129,6.642,6.909,6086.67
1672891200000,6.907,6.958,6.733,6.782,1577.7
1672905600000,6.781,6.793,6.653,6.77,1202.63
1672920000000,6.77,6.773,6.613,6.7,2441.05
1672934400000,6.701,6.878,6.687,6.827,1467.3
1672948800000,6.827,6.845,6.723,6.762,1095.55
1672963200000,6.768,6.798,6.691,6.693,1143.17
1672977600000,6.697,6.699,6.592,6.632,1249.76
1672992000000,6.637,6.66,6.493,6.516,1069.0
1673006400000,6.517,6.617,6.462,6.592,1681.29
1673020800000,6.591,6.798,6.578,6.797,1248.42
1673035200000,6.798,6.858,6.723,6.818,1371.86
1673049600000,6.821,7.127,6.793,6.967,4239.6
1673064000000,6.967,7.048,6.943,6.983,1306.1
1673078400000,6.987,7.0,6.943,6.987,655.22
1673092800000,6.981,7.057,6.943,6.963,2788.94
1673107200000,6.963,6.975,6.901,6.936,569.54
1673121600000,6.935,6.943,6.813,6.877,975.56
1673136000000,6.89,6.89,6.743,6.823,815.2
1673150400000,6.823,6.897,6.823,6.874,488.84
1673164800000,6.874,6.908,6.843,6.86,441.63
1673179200000,6.863,6.963,6.837,6.957,691.97
1673193600000,6.954,6.96,6.847,6.918,651.69
1673208000000,6.917,7.248,6.917,7.194,3885.3
1673222400000,7.203,7.409,7.187,7.338,4869.59
1673236800000,7.338,7.437,7.331,7.346,4063.87
1673251200000,7.355,7.608,7.283,7.423,3454.62
1673265600000,7.423,7.528,7.303,7.485,2797.29
1673280000000,7.487,7.857,7.373,7.386,4911.09
1673294400000,7.388,7.417,7.243,7.324,2346.73
1673308800000,7.337,7.507,7.134,7.303,3818.31
1673323200000,7.307,7.494,7.277,7.382,2005.52
1673337600000,7.389,7.447,7.292,7.306,2726.34
1673352000000,7.305,7.437,7.267,7.433,3083.57
1673366400000,7.437,7.558,7.362,7.558,1777.74
1673380800000,7.553,7.578,7.451,7.484,1434.84
1673395200000,7.473,7.517,7.273,7.306,1580.78
1673409600000,7.306,7.377,7.243,7.377,1673.08
1673424000000,7.377,7.377,7.283,7.303,901.9
1673438400000,7.305,7.305,7.133,7.143,1945.73
1673452800000,7.146,7.338,7.133,7.333,1316.24
1673467200000,7.334,7.527,7.272,7.516,1807.12
1673481600000,7.522,8.127,7.471,7.924,10343.96
1673496000000,7.925,8.008,7.776,7.827,2332.68
1673510400000,7.823,7.867,7.691,7.736,2144.73
1673524800000,7.727,7.887,7.502,7.794,6470.69
1673539200000,7.777,8.0,7.774,7.934,3601.65
1673553600000,7.954,7.999,7.893,7.97,2256.51
1673568000000,7.974,8.156,7.837,8.137,3463.71
1673582400000,8.147,8.147,7.933,7.976,2310.32
1673596800000,7.978,8.037,7.913,7.919,2660.99
1673611200000,7.919,8.014,7.813,8.006,2437.03
1673625600000,8.011,8.387,7.932,8.273,5705.43
1673640000000,8.273,9.336,8.223,9.084,17923.37
1673654400000,9.077,9.479,9.066,9.313,12263.64
1673668800000,9.325,9.726,9.214,9.504,6732.57
1673683200000,9.497,10.206,8.664,9.36,15658.73
1673697600000,9.342,9.417,8.953,9.357,5011.72
1673712000000,9.344,9.564,9.223,9.325,3485.97
1673726400000,9.331,9.446,9.263,9.377,1384.32
1673740800000,9.382,9.464,8.893,9.076,5697.05
1673755200000,9.071,9.156,8.773,8.916,3303.29
1673769600000,8.916,8.977,8.714,8.964,3667.97
1673784000000,8.958,9.134,8.883,9.106,3629.86
1673798400000,9.098,9.389,8.984,9.177,5896.17
1673812800000,9.166,9.367,9.071,9.283,2712.04
1673827200000,9.282,9.526,9.081,9.336,5405.48
1673841600000,9.348,9.54,9.314,9.318,3617.25
1673856000000,9.327,9.327,8.784,8.91,3999.49
1673870400000,8.903,9.004,8.543,8.835,3735.34
1673884800000,8.836,9.029,8.753,9.015,2602.52
1673899200000,9.029,9.076,8.894,8.957,1996.21
1673913600000,8.958,9.036,8.653,8.889,4120.01
1673928000000,8.876,9.098,8.876,8.977,2849.91
1673942400000,8.971,9.2,8.956,9.076,2839.73
1673956800000,9.076,9.132,8.814,8.914,3663.71
1673971200000,8.917,8.997,8.864,8.984,1657.94
1673985600000,8.985,9.017,8.785,8.817,1661.22
1674000000000,8.819,8.967,8.814,8.877,2206.13
1674014400000,8.877,8.891,8.722,8.781,1263.98
1674028800000,8.781,8.789,8.583,8.706,1808.02
1674043200000,8.701,8.994,8.172,8.385,6460.78
1674057600000,8.384,8.385,7.743,8.135,8240.43
1674072000000,8.127,8.169,7.981,8.027,3945.59
1674086400000,8.024,8.176,8.02,8.129,1888.27
1674100800000,8.127,8.516,8.127,8.344,2996.99
1674115200000,8.334,8.344,8.143,8.196,1741.13
1674129600000,8.193,8.317,8.104,8.248,2206.13
1674144000000,8.251,8.317,8.162,8.311,1408.94
1674158400000,8.312,8.354,8.261,8.321,916.39
1674172800000,8.315,8.409,8.223,8.363,1326.13
1674187200000,8.372,8.394,8.222,8.232,1297.69
1674201600000,8.231,8.257,8.183,8.232,723.61
1674216000000,8.229,8.387,8.224,8.376,1314.12
1674230400000,8.366,8.718,8.362,8.705,2467.78
1674244800000,8.717,9.142,8.717,9.093,4190.52
1674259200000,9.098,9.646,9.03,9.248,8200.89
1674273600000,9.252,9.39,9.233,9.344,2186.86
1674288000000,9.342,9.426,8.883,9.272,6131.8
1674302400000,9.267,9.326,9.052,9.097,2369.56
1674316800000,9.092,9.284,9.092,9.246,1542.05
1674331200000,9.252,9.288,8.916,8.947,1738.93
1674345600000,8.962,9.387,8.953,9.266,4188.5
1674360000000,9.259,9.316,9.132,9.156,1661.56
1674374400000,9.156,9.446,9.094,9.404,3397.82
1674388800000,9.398,11.615,9.39,11.428,38127.07
1674403200000,11.428,11.879,11.165,11.427,16304.37
1674417600000,11.427,12.624,10.794,12.56,16911.56
1674432000000,12.559,13.926,12.283,13.135,44949.78
1674446400000,13.149,13.474,12.916,13.014,9175.1
1674460800000,13.014,13.064,12.662,12.86,9043.37
1674475200000,12.855,12.934,12.025,12.464,14050.97
1674489600000,12.473,12.772,12.194,12.718,5316.19
1674504000000,12.695,12.845,12.174,12.207,5056.16
1674518400000,12.207,12.305,11.794,12.164,10233.11
1674532800000,12.158,12.324,12.022,12.049,8653.33
1674547200000,12.039,12.475,11.844,11.987,7275.6
1674561600000,11.99,12.036,11.695,11.847,4632.39
1674576000000,11.847,12.155,11.633,11.804,4029.61
1674590400000,11.798,11.805,10.862,11.104,7059.08
1674604800000,11.098,11.297,10.824,11.111,5791.65
1674619200000,11.111,11.383,11.025,11.245,3159.57
1674633600000,11.235,11.285,11.006,11.249,3472.61
1674648000000,11.246,11.869,11.193,11.533,8621.87
1674662400000,11.535,11.555,11.195,11.445,3254.1
1674676800000,11.437,12.314,11.424,11.734,9048.83
1674691200000,11.74,12.455,11.584,11.833,7139.83
1674705600000,11.839,12.056,11.695,11.782,3080.6
1674720000000,11.776,12.366,11.735,11.941,8031.04
1674734400000,11.94,12.336,11.631,11.695,10288.73
1674748800000,11.672,11.835,11.376,11.7,4262.46
1674763200000,11.705,11.936,11.645,11.845,2226.29
1674777600000,11.845,11.966,11.241,11.382,3929.9
1674792000000,11.38,11.588,11.374,11.565,2899.26
1674806400000,11.555,11.595,11.074,11.255,4624.57
1674820800000,11.255,11.415,11.103,11.265,3108.5
1674835200000,11.261,11.577,11.259,11.566,1741.42
1674849600000,11.57,11.646,11.364,11.511,2232.6
1674864000000,11.512,11.992,11.432,11.754,5264.98
1674878400000,11.765,12.289,11.715,11.819,10729.59
1674892800000,11.824,11.907,11.675,11.702,6228.33
1674907200000,11.708,11.709,11.275,11.494,5787.55
1674921600000,11.503,11.527,11.284,11.405,3543.36
1674936000000,11.424,11.431,11.227,11.42,2330.09
1674950400000,11.415,11.595,11.255,11.5,3634.43
1674964800000,11.5,11.585,11.432,11.513,1752.63
1674979200000,11.509,11.755,11.474,11.676,4589.25
1674993600000,11.682,12.354,11.629,11.974,10812.93
1675008000000,11.975,12.122,11.775,12.121,5802.46
1675022400000,12.121,12.265,11.935,12.205,6380.37
1675036800000,12.205,12.345,11.755,11.921,5114.57
1675051200000,11.922,11.958,11.684,11.776,2507.56
1675065600000,11.765,11.835,11.154,11.209,6855.82
1675080000000,11.205,11.389,11.154,11.243,3840.58
1675094400000,11.241,11.325,10.474,10.761,6556.55
1675108800000,10.761,10.866,10.558,10.861,3654.27
1675123200000,10.862,10.866,10.625,10.638,3562.35
1675137600000,10.644,10.725,10.484,10.716,2941.86
1675152000000,10.725,10.73,10.515,10.625,3072.45
1675166400000,10.646,10.886,10.623,10.847,4363.06
1675180800000,10.852,11.011,10.827,10.995,3165.57
1675195200000,10.995,11.0,10.663,10.905,3949.56
1675209600000,10.892,11.067,10.814,10.913,2422.72
1675224000000,10.919,10.956,10.534,10.631,1942.76
1675238400000,10.633,10.656,10.414,10.61,2345.61
1675252800000,10.608,10.645,10.231,10.315,3230.58
1675267200000,10.314,10.966,10.234,10.852,4974.84
1675281600000,10.858,11.477,10.853,11.413,4809.73
1675296000000,11.416,11.635,11.264,11.391,4584.31
1675310400000,11.407,11.685,11.285,11.46,4394.0
1675324800000,11.455,11.623,11.434,11.569,2944.59
1675339200000,11.554,11.615,11.338,11.515,2991.38
1675353600000,11.515,11.975,11.503,11.625,6010.61
1675368000000,11.617,11.666,11.044,11.19,3813.0
1675382400000,11.196,11.298,11.045,11.175,2948.13
1675396800000,11.185,11.276,11.12,11.126,1730.06
1675411200000,11.133,11.305,11.055,11.305,1447.66
1675425600000,11.3,11.506,11.075,11.425,4998.98
1675440000000,11.422,11.625,11.325,11.348,3891.82
1675454400000,11.345,11.527,11.294,11.464,1957.16
1675468800000,11.464,11.505,11.325,11.338,1678.49
1675483200000,11.329,11.355,11.185,11.288,1282.44
1675497600000,11.283,11.297,11.192,11.295,881.0
1675512000000,11.285,11.636,11.277,11.613,3139.87
1675526400000,11.614,11.755,11.405,11.525,3575.7
1675540800000,11.503,11.61,11.318,11.397,1604.18
1675555200000,11.391,11.445,11.245,11.335,1947.81
1675569600000,11.339,11.846,11.307,11.545,4105.01
1675584000000,11.535,11.626,11.405,11.435,2778.36
1675598400000,11.426,11.455,10.655,10.943,6046.03
1675612800000,10.944,10.985,10.704,10.784,2805.37
1675627200000,10.787,10.936,10.644,10.904,1780.3
1675641600000,10.913,11.155,10.905,10.945,2736.63
1675656000000,10.951,11.016,10.731,11.016,1736.79
1675670400000,11.016,11.046,10.764,10.885,1631.05
1675684800000,10.866,11.017,10.753,11.016,2141.29
1675699200000,11.016,11.036,10.915,10.998,1347.48
1675713600000,10.993,10.995,10.574,10.671,2290.23
1675728000000,10.671,10.838,10.638,10.807,1234.37
1675742400000,10.813,10.886,10.804,10.855,1255.91
1675756800000,10.844,11.189,10.784,11.093,4242.28
1675771200000,11.102,11.155,10.963,10.982,2660.02
1675785600000,10.972,11.166,10.665,10.996,5036.31
1675800000000,10.996,11.744,10.995,11.682,6522.96
1675814400000,11.688,11.895,11.485,11.655,5579.89
1675828800000,11.636,11.745,11.515,11.724,2499.63
1675843200000,11.715,12.305,11.614,12.04,8925.45
1675857600000,12.034,12.185,11.616,11.789,9207.03
1675872000000,11.779,12.345,11.335,11.934,15005.65
1675886400000,11.923,12.156,11.525,11.933,5275.56
1675900800000,11.945,12.445,11.213,11.325,8895.61
1675915200000,11.324,11.638,11.205,11.517,1349.26
1675929600000,11.517,11.726,11.405,11.545,1899.21
1675944000000,11.544,11.603,11.301,11.324,2146.93
1675958400000,11.322,11.475,10.515,10.658,3921.76
1675972800000,10.653,10.666,10.021,10.251,4098.03
1675987200000,10.251,10.345,9.977,10.145,2817.59
1676001600000,10.155,10.247,9.944,10.246,1470.62
1676016000000,10.246,10.267,10.034,10.047,1299.84
1676030400000,10.054,10.297,10.004,10.13,1840.35
1676044800000,10.125,10.286,10.044,10.245,1093.78
1676059200000,10.215,10.249,9.924,10.115,994.76
1676073600000,10.107,10.207,10.064,10.154,494.13
1676088000000,10.167,10.176,10.089,10.133,320.74
1676102400000,10.144,10.152,10.064,10.097,288.48
1676116800000,10.103,10.466,10.094,10.368,1390.48
1676131200000,10.372,10.446,10.182,10.23,791.11
1676145600000,10.223,10.39,10.206,10.355,482.34
1676160000000,10.353,10.355,10.222,10.223,372.95
1676174400000,10.222,10.235,10.164,10.205,214.77
1676188800000,10.203,10.316,10.192,10.298,376.52
1676203200000,10.295,10.316,10.134,10.276,908.99
1676217600000,10.276,10.366,10.263,10.305,660.64
1676232000000,10.301,10.326,9.713,9.904,1565.87
1676246400000,9.904,9.948,9.503,9.695,1882.85
1676260800000,9.706,9.766,9.642,9.723,707.16
1676275200000,9.722,9.735,9.194,9.419,2418.0
1676289600000,9.407,9.546,9.396,9.444,972.94
1676304000000,9.444,9.506,9.173,9.416,1404.02
1676318400000,9.411,9.618,9.349,9.587,827.41
1676332800000,9.596,9.666,9.481,9.482,562.07
1676347200000,9.482,9.53,9.452,9.519,297.87
1676361600000,9.525,9.578,9.393,9.504,600.2
1676376000000,9.496,9.966,9.352,9.796,2280.56
1676390400000,9.793,9.926,9.704,9.894,1149.94
1676404800000,9.888,9.966,9.836,9.96,684.84
1676419200000,9.966,9.966,9.803,9.869,798.42
1676433600000,9.876,9.914,9.824,9.837,475.21
1676448000000,9.846,10.042,9.808,10.027,917.11
1676462400000,10.026,10.158,10.004,10.108,1279.07
1676476800000,10.117,10.453,10.109,10.413,1497.92
1676491200000,10.407,10.825,10.365,10.798,2114.5
1676505600000,10.801,11.171,10.655,11.075,2296.29
1676520000000,11.061,11.075,10.824,10.895,1555.16
1676534400000,10.895,11.127,10.855,10.903,1524.82
1676548800000,10.894,11.046,10.684,11.021,2838.68
1676563200000,11.027,11.086,10.775,10.866,2006.37
1676577600000,10.855,10.875,10.108,10.126,2292.22
1676592000000,10.125,10.525,10.084,10.497,1882.75
1676606400000,10.505,10.562,10.343,10.394,765.92
1676620800000,10.394,10.467,10.317,10.375,1162.9
1676635200000,10.365,10.517,10.314,10.495,1222.73
1676649600000,10.494,10.692,10.344,10.692,1039.24
1676664000000,10.692,10.805,10.434,10.668,1001.05
1676678400000,10.664,11.355,10.655,11.043,2787.09
1676692800000,11.055,11.066,10.864,10.905,666.58
1676707200000,10.898,10.936,10.765,10.823,813.9
1676721600000,10.816,10.946,10.807,10.914,694.38
1676736000000,10.905,10.935,10.745,10.789,610.45
1676750400000,10.792,10.945,10.723,10.904,599.49
1676764800000,10.906,11.026,10.784,10.805,837.21
1676779200000,10.807,10.939,10.787,10.822,547.46
1676793600000,10.816,10.926,10.784,10.905,684.7
1676808000000,10.914,11.175,10.891,11.034,1357.38
1676822400000,11.042,11.116,10.714,10.805,1523.69
1676836800000,10.784,11.005,10.634,10.923,790.7
1676851200000,10.919,11.108,10.505,10.955,1208.56
1676865600000,10.966,11.064,10.944,11.02,808.58
1676880000000,11.035,11.384,10.905,11.26,6752.93
1676894400000,11.26,11.336,11.078,11.275,1333.12
1676908800000,11.277,11.336,11.065,11.285,1311.44
1676923200000,11.286,11.308,11.175,11.225,407.42
1676937600000,11.229,11.595,11.154,11.346,2177.13
1676952000000,11.335,11.39,11.234,11.334,765.91
1676966400000,11.335,11.375,10.805,10.854,2240.78
1676980800000,10.867,10.915,10.644,10.777,1558.08
1676995200000,10.772,10.985,10.673,10.805,1012.68
1677009600000,10.809,10.817,10.525,10.815,2055.35
1677024000000,10.815,10.838,10.394,10.601,1492.24
1677038400000,10.606,10.61,10.314,10.435,736.61
1677052800000,10.442,10.466,10.204,10.434,799.0
1677067200000,10.425,10.495,10.094,10.165,974.82
1677081600000,10.153,10.363,10.15,10.295,2163.58
1677096000000,10.294,10.583,10.26,10.566,444.45
1677110400000,10.565,10.747,10.515,10.665,2352.92
1677124800000,10.663,10.707,10.594,10.646,433.1
1677139200000,10.646,10.785,10.314,10.397,943.06
1677153600000,10.381,10.649,10.32,10.509,1162.65
1677168000000,10.505,10.515,10.314,10.445,1219.27
1677182400000,10.457,10.536,10.364,10.514,337.92
1677196800000,10.526,10.626,10.474,10.535,422.06
1677211200000,10.557,10.626,10.494,10.595,400.53
1677225600000,10.607,10.609,10.373,10.543,444.67
1677240000000,10.546,10.583,10.114,10.124,1094.8
1677254400000,10.119,10.12,9.815,9.956,1682.6
1677268800000,9.952,10.046,9.794,10.029,606.21
1677283200000,10.022,10.196,9.956,9.963,785.69
1677297600000,9.966,10.005,9.794,9.976,454.64
1677312000000,9.977,10.006,9.833,9.866,442.25
1677326400000,9.873,9.924,9.723,9.884,505.31
1677340800000,9.888,9.978,9.614,9.666,917.09
1677355200000,9.666,9.856,9.462,9.815,964.33
1677369600000,9.806,9.907,9.733,9.9,337.77
1677384000000,9.886,9.899,9.811,9.834,211.27
1677398400000,9.824,9.888,9.784,9.865,313.72
1677412800000,9.874,9.874,9.771,9.844,366.9
1677427200000,9.836,10.005,9.753,9.985,311.42
1677441600000,9.983,10.045,9.904,10.012,421.61
1677456000000,10.017,10.038,9.913,9.952,312.83
1677470400000,9.959,9.964,9.837,9.867,295.81
1677484800000,9.864,10.155,9.804,10.084,828.92
1677499200000,10.081,10.205,9.974,10.111,1165.3
1677513600000,10.108,10.134,9.753,9.895,558.62
1677528000000,9.883,9.986,9.804,9.975,287.98
1677542400000,9.982,9.988,9.867,9.944,226.72
1677556800000,9.945,9.954,9.772,9.779,244.0
1677571200000,9.774,9.837,9.735,9.816,384.14
1677585600000,9.824,9.957,9.82,9.915,480.26
1677600000000,9.913,9.986,9.804,9.814,370.62
1677614400000,9.804,9.816,9.562,9.606,481.22
1677628800000,9.615,9.79,9.52,9.789,469.25
1677643200000,9.789,9.966,9.789,9.935,334.23
1677657600000,9.937,10.041,9.929,10.008,430.41
1677672000000,10.005,10.046,9.936,9.986,339.31
1677686400000,10.0,10.0,9.832,9.837,238.25
1677700800000,9.845,9.995,9.832,9.995,266.9
1677715200000,9.995,10.039,9.783,9.834,561.07
1677729600000,9.826,9.874,9.692,9.722,710.04
1677744000000,9.725,9.76,9.646,9.684,407.7
1677758400000,9.684,9.7,9.563,9.641,405.07
1677772800000,9.633,9.709,9.552,9.699,292.98
1677787200000,9.7,9.766,9.687,9.755,363.48
1677801600000,9.744,9.746,8.802,8.932,2951.13
1677816000000,8.93,9.066,8.922,8.966,643.06
1677830400000,8.974,9.066,8.972,9.017,492.05
1677844800000,9.017,9.088,8.959,9.008,553.5
1677859200000,9.006,9.057,8.966,9.052,309.31
1677873600000,9.046,9.116,8.98,9.109,263.94
1677888000000,9.11,9.256,9.104,9.114,458.62
1677902400000,9.128,9.15,9.044,9.095,249.44
1677916800000,9.098,9.104,8.983,9.016,226.86
1677931200000,9.017,9.074,8.899,8.899,455.16
1677945600000,8.909,8.936,8.796,8.817,429.59
1677960000000,8.814,8.824,8.542,8.805,1193.13
1677974400000,8.809,8.968,8.743,8.895,532.35
1677988800000,8.894,8.944,8.844,8.844,418.59
1678003200000,8.848,8.868,8.754,8.853,299.5
1678017600000,8.856,8.926,8.836,8.896,519.04
1678032000000,8.896,8.934,8.859,8.903,157.93
1678046400000,8.904,8.946,8.733,8.774,324.54
1678060800000,8.774,8.817,8.513,8.592,41976.24
1678075200000,8.59,8.65,8.506,8.624,143888.55
1678089600000,8.639,8.817,8.573,8.701,685.96
1678104000000,8.702,8.826,8.643,8.816,440.29
1678118400000,8.816,8.967,8.792,8.913,464.81
1678132800000,8.924,8.934,8.843,8.885,347.1
1678147200000,8.888,8.996,8.834,8.924,563.65
1678161600000,8.924,8.941,8.854,8.854,187.1
1678176000000,8.853,8.861,8.614,8.614,558.58
1678190400000,8.62,8.706,8.438,8.621,987.38
1678204800000,8.62,8.666,8.478,8.494,412.38
1678219200000,8.494,8.634,8.434,8.624,368.11
1678233600000,8.629,8.666,8.473,8.517,270.84
1678248000000,8.524,8.534,8.284,8.296,567.39
1678262400000,8.298,8.354,8.238,8.286,445.34
1678276800000,8.297,8.317,8.022,8.194,1491.54
1678291200000,8.188,8.222,7.962,8.029,994.94
1678305600000,8.029,8.088,7.762,7.906,1162.98
1678320000000,7.906,7.979,7.843,7.966,513.74
1678334400000,7.978,8.02,7.918,7.918,198.2
1678348800000,7.923,8.007,7.884,8.007,374.81
1678363200000,8.007,8.217,7.972,8.093,940.86
1678377600000,8.106,8.117,7.703,7.751,1061.98
1678392000000,7.751,7.752,7.242,7.37,2315.06
1678406400000,7.364,7.389,7.202,7.346,995.12
1678420800000,7.355,7.364,7.161,7.259,987.13
1678435200000,7.267,7.282,6.883,7.059,1291.05
1678449600000,7.056,7.341,7.033,7.316,1267.62
1678464000000,7.316,7.42,7.283,7.386,897.18
1678478400000,7.378,7.438,7.253,7.403,401.45
1678492800000,7.39,7.634,7.389,7.472,734.53
1678507200000,7.471,7.471,6.983,7.082,1343.8
1678521600000,7.079,7.239,7.043,7.119,1171.94
1678536000000,7.114,7.154,6.983,7.002,508.84
1678550400000,7.007,7.187,6.966,7.142,579.84
1678564800000,7.144,7.312,7.144,7.299,585.93
1678579200000,7.286,7.299,7.207,7.255,338.07
1678593600000,7.267,7.293,7.22,7.236,262.23
1678608000000,7.244,7.288,7.22,7.247,198.01
1678622400000,7.242,7.242,7.072,7.113,899.85
1678636800000,7.107,7.508,7.082,7.376,744.5
1678651200000,7.386,7.909,7.383,7.877,2279.65
1678665600000,7.878,8.387,7.875,8.015,2540.61
1678680000000,8.018,8.088,8.001,8.065,466.24
1678694400000,8.074,8.084,7.722,7.825,2330.99
1678708800000,7.836,8.383,7.711,8.227,1994.04
1678723200000,8.223,8.31,8.154,8.271,626.47
1678737600000,8.286,8.387,8.224,8.314,444.77
1678752000000,8.317,8.367,8.246,8.32,1067.61
1678766400000,8.306,8.346,8.126,8.156,3575.87
1678780800000,8.161,8.207,8.033,8.156,897.37
1678795200000,8.152,9.006,8.136,8.938,4156.17
1678809600000,8.943,8.976,8.473,8.685,1587.26
1678824000000,8.692,8.707,8.323,8.602,841.89
1678838400000,8.599,8.746,8.463,8.668,746.96
1678852800000,8.671,8.775,8.594,8.679,651.21
1678867200000,8.679,8.694,8.241,8.382,746.82
1678881600000,8.374,8.505,7.793,7.864,2859.6
1678896000000,7.866,7.917,7.639,7.797,2271.55
1678910400000,7.791,7.938,7.743,7.814,853.16
1678924800000,7.811,7.928,7.711,7.847,721.74
1678939200000,7.847,7.967,7.75,7.916,608.31
1678953600000,7.921,8.037,7.832,7.988,780.77
1678968000000,7.986,7.994,7.752,7.962,653.45
1678982400000,7.955,8.087,7.902,8.066,454.81
1678996800000,8.064,8.074,7.884,8.007,417.59
1679011200000,8.002,8.207,7.884,8.143,753.02
1679025600000,8.15,8.267,8.092,8.206,621.7
1679040000000,8.198,8.616,8.173,8.602,1079.3
1679054400000,8.605,8.614,8.252,8.333,1737.46
1679068800000,8.334,8.446,8.267,8.446,646.56
1679083200000,8.447,8.956,8.413,8.913,1110.05
1679097600000,8.913,9.43,8.755,9.43,2591.25
1679112000000,9.432,9.432,9.162,9.234,887.13
1679126400000,9.214,9.224,9.014,9.185,622.71
1679140800000,9.188,9.442,8.844,8.96,1535.01
1679155200000,8.962,9.086,8.724,8.977,811.36
1679169600000,8.974,9.087,8.673,8.732,678.48
1679184000000,8.724,9.806,8.724,9.65,4968.35
1679198400000,9.649,9.666,9.223,9.326,1137.57
1679212800000,9.323,9.334,8.984,9.119,963.21
1679227200000,9.122,9.236,9.05,9.147,1070.09
1679241600000,9.139,9.286,9.126,9.198,897.47
1679256000000,9.208,9.238,9.023,9.097,1011.1
1679270400000,9.097,9.277,8.833,8.857,1637.7
1679284800000,8.85,9.149,8.754,9.135,744.82
1679299200000,9.135,9.166,9.033,9.107,781.26
1679313600000,9.106,9.127,8.913,8.961,793.39
1679328000000,8.969,9.009,8.493,8.564,1421.84
1679342400000,8.555,8.776,8.555,8.62,718.63
1679356800000,8.616,8.882,8.589,8.662,1485.23
1679371200000,8.663,8.718,8.333,8.344,738.85
1679385600000,8.348,8.676,8.223,8.639,1171.57
1679400000000,8.645,8.89,8.622,8.784,2404.38
1679414400000,8.787,8.876,8.594,8.724,724.29
1679428800000,8.73,8.857,8.73,8.846,1467.69
1679443200000,8.832,8.858,8.634,8.72,474.12
1679457600000,8.72,8.757,8.614,8.654,371.93
1679472000000,8.655,8.677,8.533,8.554,369.96
1679486400000,8.543,8.776,8.493,8.651,645.96
1679500800000,8.654,8.757,8.104,8.136,2075.86
1679515200000,8.147,8.346,8.112,8.333,624.03
1679529600000,8.346,8.417,8.229,8.256,298.5
1679544000000,8.274,8.48,8.262,8.458,305.83
1679558400000,8.458,8.558,8.456,8.517,383.88
1679572800000,8.514,8.806,8.394,8.724,3812.81
1679587200000,8.723,8.768,8.513,8.636,664.71
1679601600000,8.622,8.707,8.584,8.701,409.58
1679616000000,8.704,8.708,8.583,8.589,338.07
1679630400000,8.584,8.614,8.542,8.593,271.16
1679644800000,8.596,8.601,8.402,8.44,2147.88
1679659200000,8.412,8.432,8.296,8.387,5820.7
1679673600000,8.387,8.416,8.131,8.257,571.84
1679688000000,8.257,8.348,8.11,8.321,723.48
1679702400000,8.313,8.647,8.284,8.533,1453.67
1679716800000,8.523,8.534,8.383,8.389,329.06
1679731200000,8.384,8.39,8.264,8.364,379.84
1679745600000,8.356,8.43,8.316,8.414,295.39
1679760000000,8.412,8.422,8.143,8.146,498.02
1679774400000,8.157,8.269,8.145,8.266,307.69
1679788800000,8.265,8.307,8.209,8.276,200.29
1679803200000,8.285,8.358,8.266,8.357,248.55
1679817600000,8.357,8.436,8.346,8.43,610.81
1679832000000,8.436,8.488,8.363,8.384,660.28
1679846400000,8.376,8.424,8.333,8.418,253.21
1679860800000,8.412,8.45,8.363,8.424,307.98
1679875200000,8.424,8.427,8.249,8.294,901.72
1679889600000,8.287,8.308,8.183,8.216,354.41
1679904000000,8.216,8.254,8.19,8.242,248.29
1679918400000,8.233,8.271,7.812,7.934,2122.29
1679932800000,7.927,7.994,7.903,7.903,329.97
1679947200000,7.916,8.038,7.87,8.033,333.8
1679961600000,8.034,8.038,7.913,7.955,250.44
1679976000000,7.954,8.078,7.954,8.006,222.39
1679990400000,8.014,8.116,7.962,8.106,541.04
1680004800000,8.105,8.167,8.073,8.125,795.03
1680019200000,8.137,8.324,8.033,8.291,500.84
1680033600000,8.301,8.314,8.194,8.245,213.7
1680048000000,8.252,8.293,8.218,8.234,1583.99
1680062400000,8.234,8.419,8.218,8.394,598.99
1680076800000,8.407,8.594,8.386,8.53,870.72
1680091200000,8.538,8.557,8.373,8.473,874.57
1680105600000,8.469,8.539,8.394,8.539,551.86
1680120000000,8.536,8.544,8.453,8.501,298.47
1680134400000,8.516,8.616,8.313,8.413,969.79
1680148800000,8.406,8.45,8.344,8.382,342.15
1680163200000,8.384,8.394,8.272,8.314,618.55
1680177600000,8.316,8.327,8.21,8.215,660.71
1680192000000,8.211,8.239,8.113,8.233,435.18
1680206400000,8.228,8.281,8.203,8.249,330.04
1680220800000,8.25,8.289,8.194,8.228,312.58
1680235200000,8.235,8.247,8.062,8.132,349.15
1680249600000,8.128,8.194,8.112,8.175,274.52
1680264000000,8.17,8.358,8.158,8.319,735.7
1680278400000,8.322,8.383,8.303,8.375,220.68
1680292800000,8.366,8.411,8.326,8.376,232.66
1680307200000,8.395,8.437,8.364,8.418,256.42
1680321600000,8.418,8.442,8.324,8.327,279.84
1680336000000,8.324,8.379,8.303,8.367,345.83
1680350400000,8.365,8.383,8.315,8.346,257.21
1680364800000,8.344,8.457,8.311,8.438,421.4
1680379200000,8.442,8.519,8.436,8.503,317.08
1680393600000,8.516,8.52,8.384,8.424,502.11
1680408000000,8.426,8.551,8.416,8.543,190.31
1680422400000,8.547,8.595,8.473,8.496,392.62
1680436800000,8.493,8.504,8.233,8.274,1016.61
1680451200000,8.266,8.346,8.203,8.226,338.56
1680465600000,8.215,8.307,8.169,8.307,270.03
1680480000000,8.302,8.354,8.093,8.227,566.16
1680494400000,8.224,8.234,8.173,8.231,174.87
1680508800000,8.234,8.367,8.234,8.316,506.55
1680523200000,8.311,8.331,8.194,8.27,359.61
1680537600000,8.265,8.437,8.209,8.375,492.28
1680552000000,8.381,8.382,8.063,8.265,688.67
1680566400000,8.269,8.278,8.177,8.207,281.05
1680580800000,8.205,8.346,8.205,8.325,350.31
1680595200000,8.325,8.467,8.303,8.435,494.57
1680609600000,8.436,8.463,8.349,8.363,474.9
1680624000000,8.356,8.459,8.352,8.446,186.75
1680638400000,8.458,8.494,8.403,8.424,315.53
1680652800000,8.417,8.564,8.383,8.554,546.74
1680667200000,8.556,8.653,8.542,8.629,273.62
1680681600000,8.629,8.707,8.622,8.632,466.36
1680696000000,8.634,8.644,8.364,8.415,908.67
1680710400000,8.408,8.484,8.363,8.466,249.1
1680724800000,8.48,8.776,8.459,8.739,807.47
1680739200000,8.737,8.776,8.5,8.645,914.4
1680753600000,8.645,8.645,8.489,8.489,454.88
1680768000000,8.497,8.538,8.413,8.47,343.79
1680782400000,8.472,8.557,8.394,8.545,401.28
1680796800000,8.543,8.577,8.484,8.513,173.72
1680811200000,8.513,8.564,8.474,8.541,154.64
1680825600000,8.546,8.787,8.5,8.539,1253.25
1680840000000,8.542,8.926,8.493,8.504,2108.85
1680854400000,8.493,8.627,8.474,8.543,400.13
1680868800000,8.544,8.914,8.513,8.868,2104.04
1680883200000,8.872,8.897,8.724,8.724,549.84
1680897600000,8.724,8.829,8.623,8.799,660.64
1680912000000,8.803,8.807,8.604,8.661,936.15
1680926400000,8.666,8.699,8.622,8.671,260.61
1680940800000,8.674,8.69,8.622,8.644,321.53
1680955200000,8.636,8.654,8.606,8.612,308.94
1680969600000,8.615,8.634,8.503,8.506,492.31
1680984000000,8.509,8.534,8.451,8.511,1104.25
1680998400000,8.512,8.576,8.492,8.493,198.63
1681012800000,8.493,8.497,8.344,8.384,412.04
1681027200000,8.371,8.433,8.353,8.408,252.9
1681041600000,8.414,8.441,8.347,8.396,395.23
1681056000000,8.404,8.499,8.373,8.475,300.45
1681070400000,8.485,8.523,8.442,8.478,163.33
1681084800000,8.47,8.499,8.376,8.442,251.34
1681099200000,8.45,8.453,8.384,8.394,154.5
1681113600000,8.396,8.471,8.386,8.434,237.45
1681128000000,8.433,8.457,8.367,8.425,256.16
1681142400000,8.416,8.568,8.403,8.553,1450.46
1681156800000,8.552,8.68,8.516,8.666,429.34
1681171200000,8.665,8.677,8.593,8.604,420.9
1681185600000,8.614,8.697,8.596,8.691,383.83
1681200000000,8.693,8.697,8.625,8.638,254.81
1681214400000,8.633,8.791,8.596,8.754,785.54
1681228800000,8.763,8.807,8.684,8.694,504.32
1681243200000,8.694,8.707,8.654,8.69,279.96
1681257600000,8.69,8.727,8.283,8.321,1050.61
1681272000000,8.316,8.45,8.314,8.424,495.86
1681286400000,8.42,8.429,8.373,8.403,366.26
1681300800000,8.403,8.596,8.378,8.519,706.35
1681315200000,8.534,8.618,8.474,8.546,744.23
1681329600000,8.557,8.639,8.54,8.607,328.52
1681344000000,8.61,8.626,8.526,8.573,245.19
1681358400000,8.566,8.578,8.503,8.546,185.07
1681372800000,8.547,8.737,8.547,8.683,724.24
1681387200000,8.689,8.756,8.682,8.724,546.18
1681401600000,8.723,8.824,8.712,8.784,558.75
1681416000000,8.784,8.807,8.743,8.785,375.01
1681430400000,8.787,9.237,8.783,9.046,3049.72
1681444800000,9.054,9.107,8.978,8.997,679.3
1681459200000,9.001,9.071,8.957,9.064,369.29
1681473600000,9.062,9.086,8.802,8.812,1457.23
1681488000000,8.807,9.046,8.784,9.046,1498.02
1681502400000,9.04,9.076,9.011,9.035,751.11
1681516800000,9.044,9.147,8.974,9.013,1172.99
1681531200000,9.019,9.061,8.983,9.033,1538.95
1681545600000,9.044,9.097,9.0,9.074,1113.04
1681560000000,9.075,9.086,8.994,9.064,433.66
1681574400000,9.056,9.104,9.007,9.044,510.27
1681588800000,9.05,9.057,8.974,9.034,557.32
1681603200000,9.022,9.034,8.847,8.927,1225.19
1681617600000,8.917,9.177,8.917,9.16,779.94
1681632000000,9.167,9.267,9.14,9.182,944.6
1681646400000,9.18,9.266,9.105,9.242,672.66
1681660800000,9.248,9.346,9.194,9.199,626.97
1681675200000,9.204,9.306,9.144,9.249,542.11
1681689600000,9.249,9.276,8.981,9.141,826.28
1681704000000,9.148,9.247,9.063,9.159,615.21
1681718400000,9.16,9.298,9.093,9.194,923.78
1681732800000,9.186,9.237,9.034,9.06,834.15
1681747200000,9.061,9.197,9.037,9.158,573.18
1681761600000,9.166,9.387,9.093,9.358,778.94
1681776000000,9.364,9.576,9.204,9.284,1626.76
1681790400000,9.293,9.39,9.244,9.361,478.28
1681804800000,9.364,9.547,9.346,9.535,737.59
1681819200000,9.542,9.576,9.353,9.388,779.54
1681833600000,9.389,9.424,9.274,9.314,460.97
1681848000000,9.315,9.396,9.284,9.391,355.56
1681862400000,9.396,9.399,9.283,9.317,412.83
1681876800000,9.31,9.346,9.236,9.255,336.36
1681891200000,9.247,9.247,8.353,8.69,2703.68
1681905600000,8.677,8.726,8.594,8.624,994.18
1681920000000,8.623,8.648,8.522,8.563,734.79
1681934400000,8.571,8.617,8.293,8.44,761.48
1681948800000,8.435,8.507,8.293,8.417,632.56
1681963200000,8.418,8.488,8.412,8.414,1064.38
1681977600000,8.414,8.497,8.351,8.374,239.92
1681992000000,8.358,8.517,8.284,8.284,654.86
1682006400000,8.283,8.326,8.112,8.161,1291.24
1682020800000,8.159,8.225,8.132,8.207,443.55
1682035200000,8.202,8.296,8.164,8.237,390.36
1682049600000,8.237,8.267,8.103,8.207,427.91
1682064000000,8.207,8.257,8.154,8.184,307.39
1682078400000,8.174,8.286,8.124,8.178,441.09
1682092800000,8.184,8.189,7.894,7.899,1479.13
1682107200000,7.9,7.927,7.781,7.922,530.21
1682121600000,7.918,7.939,7.824,7.887,1511.27
1682136000000,7.888,7.961,7.886,7.896,240.92
1682150400000,7.89,7.959,7.882,7.954,199.69
1682164800000,7.948,8.038,7.926,8.018,231.48
1682179200000,8.019,8.078,7.98,8.015,255.03
1682193600000,8.015,8.078,8.0,8.078,197.05
1682208000000,8.072,8.073,7.912,7.984,216.9
1682222400000,7.982,8.047,7.981,8.04,187.99
1682236800000,8.041,8.048,7.973,8.003,154.65
1682251200000,8.0,8.026,7.851,7.887,368.15
1682265600000,7.882,7.948,7.683,7.778,495.2
1682280000000,7.776,7.939,7.753,7.923,298.09
1682294400000,7.933,8.038,7.832,7.897,386.24
1682308800000,7.896,7.922,7.74,7.787,432.76
1682323200000,7.787,7.888,7.713,7.887,349.59
1682337600000,7.887,7.968,7.793,7.798,552.61
1682352000000,7.793,7.917,7.672,7.851,519.15
1682366400000,7.853,7.947,7.839,7.868,293.86
1682380800000,7.874,7.877,7.722,7.729,540.9
1682395200000,7.729,7.78,7.71,7.728,315.08
1682409600000,7.722,7.742,7.664,7.742,345.23
1682424000000,7.74,7.778,7.623,7.671,410.79
1682438400000,7.665,7.808,7.656,7.792,518.36
1682452800000,7.793,8.038,7.792,8.014,568.11
1682467200000,8.017,8.057,7.974,8.001,309.41
1682481600000,8.002,8.057,7.974,7.984,180.28
1682496000000,7.984,8.163,7.974,8.123,1024.79
1682510400000,8.126,8.296,8.126,8.228,489.29
1682524800000,8.231,8.234,7.552,7.654,1282.09
1682539200000,7.641,7.814,7.442,7.808,1180.8
1682553600000,7.805,8.026,7.777,7.846,544.78
1682568000000,7.841,7.967,7.803,7.869,1180.06
1682582400000,7.863,7.878,7.803,7.813,613.44
1682596800000,7.806,7.937,7.773,7.903,400.58
1682611200000,7.909,8.038,7.883,7.995,680.33
1682625600000,7.994,8.018,7.863,7.954,309.82
1682640000000,7.961,8.047,7.922,7.965,693.79
1682654400000,7.969,7.984,7.913,7.974,340.19
1682668800000,7.966,7.968,7.872,7.903,349.26
1682683200000,7.903,7.948,7.796,7.88,357.26
1682697600000,7.872,7.989,7.871,7.965,380.81
1682712000000,7.965,7.994,7.946,7.974,154.56
1682726400000,7.979,8.017,7.939,8.006,158.08
1682740800000,8.011,8.035,7.971,7.977,119.26
1682755200000,7.984,8.017,7.963,8.017,178.93
1682769600000,8.017,8.067,7.99,8.014,173.3
1682784000000,8.008,8.032,7.903,8.029,294.31
1682798400000,8.029,8.036,7.978,8.004,70.06
1682812800000,8.007,8.007,7.903,7.909,150.79
1682827200000,7.907,7.971,7.906,7.934,71.84
1682841600000,7.931,7.958,7.89,7.89,141.54
1682856000000,7.896,8.048,7.873,7.995,249.76
1682870400000,8.002,8.127,7.95,7.988,767.74
1682884800000,7.986,7.986,7.873,7.904,273.44
1682899200000,7.907,7.935,7.643,7.729,459.59
1682913600000,7.726,7.758,7.672,7.74,186.15
1682928000000,7.74,7.762,7.691,7.696,129.88
1682942400000,7.703,7.72,7.603,7.631,1064.88
1682956800000,7.643,7.643,7.501,7.535,387.44
1682971200000,7.536,7.608,7.492,7.604,257.45
1682985600000,7.597,7.597,7.553,7.59,219.05
1683000000000,7.592,7.627,7.551,7.606,156.72
1683014400000,7.607,7.625,7.573,7.605,160.33
1683028800000,7.597,7.659,7.532,7.625,532.66
1683043200000,7.623,7.66,7.593,7.623,162.38
1683057600000,7.63,7.643,7.608,7.617,154.81
1683072000000,7.612,7.62,7.502,7.525,182.0
1683086400000,7.533,7.546,7.5,7.509,98.97
1683100800000,7.507,7.534,7.483,7.483,162.24
1683115200000,7.483,7.483,7.393,7.437,378.06
1683129600000,7.437,7.59,7.403,7.513,409.76
1683144000000,7.513,7.768,7.502,7.719,441.46
1683158400000,7.721,7.736,7.623,7.643,204.2
1683172800000,7.649,7.669,7.633,7.639,205.59
1683187200000,7.633,7.672,7.607,7.639,298.66
1683201600000,7.639,7.656,7.542,7.571,224.68
1683216000000,7.568,7.589,7.513,7.544,181.44
1683230400000,7.544,7.573,7.535,7.568,129.02
1683244800000,7.562,7.678,7.547,7.63,265.78
1683259200000,7.633,7.644,7.603,7.607,144.76
1683273600000,7.616,7.628,7.593,7.627,118.82
1683288000000,7.623,7.719,7.502,7.707,471.35
1683302400000,7.718,7.797,7.688,7.731,399.34
1683316800000,7.737,7.747,7.71,7.722,116.86
1683331200000,7.729,7.758,7.627,7.63,293.41
1683345600000,7.63,7.647,7.582,7.586,169.89
1683360000000,7.587,7.588,7.513,7.542,291.32
1683374400000,7.541,7.541,7.282,7.327,721.88
1683388800000,7.318,7.398,7.307,7.393,421.52
1683403200000,7.391,7.401,7.339,7.384,200.72
1683417600000,7.384,7.418,7.319,7.327,571.96
1683432000000,7.337,7.423,7.335,7.405,106.54
1683446400000,7.413,7.421,7.353,7.367,139.82
1683460800000,7.373,7.441,7.362,7.392,210.18
1683475200000,7.392,7.399,7.3,7.312,486.14
1683489600000,7.315,7.361,7.242,7.273,259.7
1683504000000,7.267,7.3,6.893,6.977,1127.0
1683518400000,6.977,6.993,6.817,6.873,421.23
1683532800000,6.872,6.977,6.831,6.961,471.71
1683547200000,6.968,6.977,6.9,6.942,389.48
1683561600000,6.942,6.942,6.517,6.716,991.57
1683576000000,6.71,6.823,6.71,6.815,259.02
1683590400000,6.817,6.823,6.751,6.791,241.54
1683604800000,6.79,6.857,6.762,6.857,252.52
1683619200000,6.857,7.019,6.823,6.955,563.25
1683633600000,6.956,6.963,6.831,6.857,381.39
1683648000000,6.844,6.957,6.833,6.923,234.37
1683662400000,6.924,6.948,6.893,6.918,113.94
1683676800000,6.913,6.938,6.871,6.886,127.63
1683691200000,6.886,6.927,6.863,6.88,140.14
1683705600000,6.88,6.88,6.813,6.84,300.38
1683720000000,6.841,7.043,6.812,7.016,637.01
1683734400000,7.016,7.039,6.612,6.993,1271.52
1683748800000,6.981,7.068,6.932,6.97,305.39
1683763200000,6.968,6.968,6.813,6.829,204.49
1683777600000,6.834,6.863,6.787,6.827,232.57
1683792000000,6.825,6.863,6.761,6.816,254.37
1683806400000,6.813,6.878,6.683,6.734,583.71
1683820800000,6.729,6.758,6.621,6.698,468.75
1683835200000,6.683,6.771,6.683,6.717,146.45
1683849600000,6.728,6.787,6.613,6.623,294.49
1683864000000,6.617,6.69,6.572,6.653,349.84
1683878400000,6.651,6.713,6.637,6.665,182.44
1683892800000,6.66,6.702,6.588,6.596,321.29
1683907200000,6.587,6.67,6.493,6.668,397.0
1683921600000,6.662,6.811,6.643,6.783,361.73
1683936000000,6.786,6.793,6.712,6.746,117.48
1683950400000,6.755,6.799,6.727,6.792,109.27
1683964800000,6.799,6.799,6.737,6.746,112.45
1683979200000,6.751,6.763,6.672,6.718,337.13
1683993600000,6.718,6.828,6.704,6.757,270.04
1684008000000,6.764,6.799,6.757,6.767,93.33
1684022400000,6.765,6.765,6.693,6.743,116.57
1684036800000,6.739,6.77,6.718,6.756,163.05
1684051200000,6.756,6.764,6.727,6.735,223.79
1684065600000,6.736,6.817,6.719,6.794,262.01
1684080000000,6.805,6.817,6.732,6.745,133.02
1684094400000,6.743,6.819,6.731,6.807,196.13
1684108800000,6.805,6.857,6.71,6.825,502.54
1684123200000,6.831,6.897,6.811,6.897,531.59
1684137600000,6.893,6.905,6.841,6.842,232.88
1684152000000,6.841,6.86,6.792,6.848,180.61
1684166400000,6.845,6.863,6.813,6.836,257.23
1684180800000,6.836,6.847,6.801,6.807,99.74
1684195200000,6.802,6.832,6.715,6.757,215.06
1684209600000,6.765,6.819,6.74,6.818,124.78
1684224000000,6.818,6.847,6.762,6.784,279.86
1684238400000,6.793,6.797,6.747,6.777,193.67
1684252800000,6.777,6.818,6.751,6.763,170.55
1684267200000,6.755,6.823,6.751,6.823,110.03
1684281600000,6.821,7.068,6.793,7.003,1339.04
1684296000000,7.007,7.043,6.923,6.931,939.63
1684310400000,6.938,8.25,6.881,7.437,23018.79
1684324800000,7.427,7.457,7.133,7.206,2820.21
1684339200000,7.198,7.373,7.182,7.336,2684.73
1684353600000,7.333,7.367,7.273,7.314,921.91
1684368000000,7.315,7.548,7.282,7.435,6637.05
1684382400000,7.435,7.449,7.273,7.287,5103.51
1684396800000,7.296,7.296,7.162,7.193,1697.76
1684411200000,7.184,7.207,7.082,7.112,1457.72
1684425600000,7.119,7.169,6.912,6.96,1582.33
1684440000000,6.962,7.08,6.952,7.024,711.17
1684454400000,7.028,7.119,6.953,6.99,929.49
1684468800000,6.996,7.02,6.959,6.973,518.16
1684483200000,6.965,7.019,6.965,6.994,367.64
1684497600000,6.998,7.027,6.923,6.975,722.03
1684512000000,6.981,7.039,6.953,6.984,424.97
1684526400000,6.983,7.027,6.971,7.014,237.29
1684540800000,7.012,7.023,6.943,7.003,346.27
1684555200000,7.008,7.008,6.957,6.972,126.27
1684569600000,6.976,7.011,6.971,6.995,227.55
1684584000000,6.995,7.013,6.982,6.99,149.32
1684598400000,6.993,7.027,6.977,7.008,263.33
1684612800000,7.01,7.048,7.008,7.047,256.93
1684627200000,7.048,7.055,6.977,7.003,213.1
1684641600000,7.002,7.028,6.992,6.997,370.55
1684656000000,6.992,7.022,6.902,6.913,460.98
1684670400000,6.909,6.957,6.762,6.823,555.8
1684684800000,6.824,6.837,6.77,6.833,340.06
1684699200000,6.832,6.847,6.792,6.822,213.24
1684713600000,6.822,6.927,6.683,6.843,955.13
1684728000000,6.843,6.867,6.771,6.817,319.35
1684742400000,6.811,6.919,6.811,6.911,533.63
1684756800000,6.915,6.948,6.863,6.903,365.14
1684771200000,6.895,6.919,6.853,6.896,250.04
1684785600000,6.894,6.927,6.883,6.897,176.6
1684800000000,6.903,7.039,6.833,7.033,620.81
1684814400000,7.038,7.038,6.923,6.935,430.81
1684828800000,6.945,6.947,6.883,6.887,269.19
1684843200000,6.897,6.938,6.883,6.932,426.44
1684857600000,6.938,6.939,6.897,6.909,231.99
1684872000000,6.905,6.939,6.9,6.92,116.11
1684886400000,6.926,6.926,6.703,6.777,783.67
1684900800000,6.777,6.777,6.703,6.713,441.18
1684915200000,6.713,6.738,6.693,6.704,270.86
1684929600000,6.698,6.722,6.523,6.592,1123.21
1684944000000,6.593,6.657,6.577,6.637,366.93
1684958400000,6.636,6.698,6.636,6.656,288.63
1684972800000,6.664,7.187,6.492,7.043,3016.41
1684987200000,7.043,7.087,6.853,6.927,3478.3
1685001600000,6.938,6.964,6.853,6.938,698.18
1685016000000,6.938,6.977,6.762,6.776,952.21
1685030400000,6.777,6.929,6.775,6.902,536.66
1685044800000,6.896,6.957,6.896,6.911,322.79
1685059200000,6.918,6.925,6.773,6.797,644.82
1685073600000,6.805,6.829,6.732,6.818,498.88
1685088000000,6.812,6.847,6.803,6.808,355.86
1685102400000,6.813,6.9,6.792,6.884,465.14
1685116800000,6.886,6.918,6.833,6.879,318.93
1685131200000,6.881,6.908,6.862,6.863,184.9
1685145600000,6.868,6.907,6.823,6.907,254.21
1685160000000,6.907,6.907,6.857,6.863,596.28
1685174400000,6.871,6.907,6.853,6.853,196.74
1685188800000,6.853,6.878,6.813,6.845,397.84
1685203200000,6.843,6.877,6.813,6.871,174.29
1685217600000,6.877,7.027,6.872,7.0,387.33
1685232000000,7.0,7.057,6.96,7.054,453.3
1685246400000,7.057,7.078,7.017,7.06,277.2
1685260800000,7.065,7.179,6.988,7.093,883.1
1685275200000,7.092,7.092,7.023,7.058,426.22
1685289600000,7.058,7.127,7.042,7.088,493.78
1685304000000,7.094,7.227,7.079,7.163,575.98
1685318400000,7.168,7.197,7.093,7.096,579.96
1685332800000,7.115,7.218,7.073,7.217,911.67
1685347200000,7.218,7.237,7.133,7.169,547.03
1685361600000,7.17,7.187,7.093,7.096,502.05
1685376000000,7.093,7.25,7.053,7.201,956.04
1685390400000,7.195,7.253,7.182,7.183,438.08
1685404800000,7.187,7.198,7.101,7.148,543.8
1685419200000,7.154,7.158,7.043,7.043,387.47
1685433600000,7.043,7.136,7.033,7.129,461.19
1685448000000,7.131,7.138,7.021,7.043,606.53
1685462400000,7.04,7.088,7.013,7.073,524.39
1685476800000,7.082,7.088,7.056,7.068,203.06
1685491200000,7.064,7.099,7.006,7.099,264.46
1685505600000,7.092,7.1,6.893,6.935,693.95
1685520000000,6.925,6.935,6.863,6.876,503.24
1685534400000,6.874,6.919,6.832,6.833,355.48
1685548800000,6.833,6.895,6.807,6.878,179.25
1685563200000,6.874,6.893,6.861,6.863,280.41
1685577600000,6.868,6.908,6.761,6.847,627.64
1685592000000,6.847,6.878,6.832,6.833,280.72
1685606400000,6.832,6.957,6.813,6.915,843.08
1685620800000,6.921,7.016,6.907,7.0,717.11
1685635200000,6.998,7.038,6.953,6.997,577.36
1685649600000,6.997,7.013,6.953,6.967,311.04
1685664000000,6.974,7.057,6.933,7.003,969.57
1685678400000,7.001,7.077,7.0,7.057,513.74
1685692800000,7.061,7.088,7.056,7.088,274.37
1685707200000,7.088,7.09,6.993,7.053,895.52
1685721600000,7.048,7.118,7.026,7.105,440.85
1685736000000,7.107,7.15,7.087,7.143,481.27
1685750400000,7.129,7.145,7.093,7.113,491.79
1685764800000,7.113,7.243,7.112,7.229,567.01
1685779200000,7.229,7.233,7.153,7.158,682.3
1685793600000,7.161,7.207,7.141,7.207,523.74
1685808000000,7.207,7.218,7.123,7.138,517.01
1685822400000,7.138,7.18,7.133,7.163,509.88
1685836800000,7.173,7.291,7.153,7.172,741.09
1685851200000,7.173,7.2,7.159,7.195,232.61
1685865600000,7.192,7.249,7.187,7.213,471.72
1685880000000,7.216,7.228,7.163,7.175,356.29
1685894400000,7.183,7.237,7.151,7.237,332.52
1685908800000,7.232,7.317,7.221,7.234,1060.54
1685923200000,7.225,7.317,7.069,7.076,1355.53
1685937600000,7.073,7.397,7.043,7.351,1515.57
1685952000000,7.352,7.448,7.264,7.393,1397.78
1685966400000,7.391,7.487,6.863,6.863,3658.4
1685980800000,6.863,6.878,6.622,6.667,3436.44
1685995200000,6.674,6.678,6.552,6.578,913.27
1686009600000,6.578,6.708,6.513,6.635,1018.61
1686024000000,6.635,6.678,6.569,6.576,338.28
1686038400000,6.583,6.67,6.574,6.602,411.77
1686052800000,6.602,6.688,6.422,6.616,1412.45
1686067200000,6.623,6.787,6.606,6.784,756.91
1686081600000,6.782,6.807,6.713,6.773,457.87
1686096000000,6.773,6.773,6.617,6.651,678.84
1686110400000,6.65,6.702,6.602,6.615,542.38
1686124800000,6.624,6.638,6.461,6.577,755.54
1686139200000,6.571,6.573,6.332,6.347,1101.3
1686153600000,6.352,6.367,6.252,6.283,1095.35
1686168000000,6.274,6.298,6.151,6.282,685.75
1686182400000,6.282,6.3,6.142,6.173,681.25
1686196800000,6.173,6.227,6.13,6.177,716.29
1686211200000,6.183,6.243,6.167,6.243,610.44
1686225600000,6.241,6.283,6.22,6.273,471.9
1686240000000,6.265,6.277,6.167,6.228,371.33
1686254400000,6.229,6.271,6.229,6.247,269.78
1686268800000,6.253,6.278,6.13,6.177,818.38
1686283200000,6.164,6.194,6.114,6.124,371.57
1686297600000,6.116,6.233,6.082,6.218,632.51
1686312000000,6.208,6.309,6.202,6.207,497.86
1686326400000,6.208,6.214,5.967,5.993,914.48
1686340800000,5.978,6.062,5.973,6.029,444.49
1686355200000,6.026,6.033,5.69,5.707,1706.53
1686369600000,5.715,5.728,4.74,4.896,7969.96
1686384000000,4.907,4.978,4.866,4.973,1832.28
1686398400000,4.972,4.978,4.795,4.812,2271.14
1686412800000,4.804,5.019,4.721,4.9,2197.3
1686427200000,4.895,5.015,4.868,4.985,593.57
1686441600000,4.996,5.033,4.958,5.001,768.04
1686456000000,5.001,5.011,4.916,4.922,686.65
1686470400000,4.917,4.988,4.911,4.974,824.7
1686484800000,4.975,4.985,4.862,4.862,999.79
1686499200000,4.862,5.0,4.852,4.994,804.89
1686513600000,4.988,5.038,4.916,4.951,598.86
1686528000000,4.95,4.954,4.738,4.788,1257.21
1686542400000,4.807,4.859,4.783,4.809,671.12
1686556800000,4.815,4.988,4.811,4.909,978.45
1686571200000,4.908,4.928,4.878,4.891,509.11
1686585600000,4.891,4.908,4.831,4.881,676.64
1686600000000,4.875,4.958,4.875,4.921,336.37
1686614400000,4.922,5.02,4.891,5.011,769.94
1686628800000,5.01,5.178,4.968,5.118,1136.17
1686643200000,5.118,5.132,5.022,5.053,1059.12
1686657600000,5.054,5.108,4.822,4.828,1499.67
1686672000000,4.829,4.905,4.826,4.866,501.74
1686686400000,4.87,4.908,4.86,4.908,313.26
1686700800000,4.908,5.108,4.888,5.028,872.97
1686715200000,5.029,5.042,4.941,4.957,471.92
1686729600000,4.956,5.017,4.95,4.998,309.15
1686744000000,4.996,5.032,4.96,4.97,434.23
1686758400000,4.967,5.019,4.93,4.957,552.35
1686772800000,4.959,4.964,4.611,4.707,2578.97
1686787200000,4.712,4.759,4.684,4.742,538.0
1686801600000,4.742,4.742,4.66,4.715,704.66
1686816000000,4.712,4.729,4.66,4.714,727.94
1686830400000,4.719,4.722,4.652,4.664,598.31
1686844800000,4.658,4.788,4.612,4.773,649.3
1686859200000,4.776,4.848,4.731,4.776,324.37
1686873600000,4.782,4.792,4.738,4.783,230.64
1686888000000,4.785,4.795,4.761,4.779,302.69
1686902400000,4.779,4.808,4.68,4.685,627.42
1686916800000,4.687,4.759,4.65,4.759,857.39
1686931200000,4.759,4.871,4.748,4.838,643.87
1686945600000,4.838,4.873,4.831,4.832,382.32
1686960000000,4.837,4.872,4.811,4.858,530.05
1686974400000,4.862,5.038,4.855,4.956,970.79
1686988800000,4.966,4.982,4.932,4.943,583.08
1687003200000,4.939,4.978,4.901,4.92,787.4
1687017600000,4.919,4.948,4.901,4.917,360.81
1687032000000,4.91,4.949,4.909,4.914,312.26
1687046400000,4.91,4.917,4.868,4.909,549.43
1687060800000,4.909,4.952,4.901,4.921,481.64
1687075200000,4.926,4.959,4.912,4.959,441.01
1687089600000,4.958,4.972,4.928,4.965,346.54
1687104000000,4.971,5.008,4.963,4.987,293.27
1687118400000,4.984,4.992,4.841,4.848,853.92
1687132800000,4.843,4.882,4.822,4.852,462.25
1687147200000,4.852,4.879,4.845,4.863,304.67
1687161600000,4.868,4.881,4.831,4.852,415.63
1687176000000,4.86,4.888,4.831,4.852,489.39
1687190400000,4.852,4.969,4.82,4.951,1001.4
1687204800000,4.948,4.988,4.948,4.979,396.16
1687219200000,4.979,5.022,4.964,4.968,571.78
1687233600000,4.968,4.992,4.932,4.955,377.35
1687248000000,4.956,5.002,4.936,4.98,481.38
1687262400000,4.975,4.993,4.88,4.954,500.59
1687276800000,4.954,5.19,4.946,5.188,1152.77
1687291200000,5.189,5.228,5.158,5.228,652.96
1687305600000,5.228,5.46,5.201,5.407,1765.47
1687320000000,5.403,5.418,5.369,5.392,603.13
1687334400000,5.392,5.412,5.342,5.383,970.78
1687348800000,5.383,5.444,5.328,5.409,926.41
1687363200000,5.409,5.548,5.408,5.502,1299.98
1687377600000,5.502,5.549,5.454,5.492,716.05
1687392000000,5.492,5.698,5.471,5.616,948.82
1687406400000,5.615,5.628,5.506,5.578,1203.94
1687420800000,5.578,5.63,5.352,5.426,1406.65
1687435200000,5.426,5.519,5.363,5.436,754.88
1687449600000,5.436,5.468,5.398,5.438,401.84
1687464000000,5.438,5.442,5.35,5.357,307.02
1687478400000,5.357,5.808,5.355,5.642,2900.69
1687492800000,5.642,5.678,5.532,5.543,1288.74
1687507200000,5.543,5.568,5.502,5.553,763.26
1687521600000,5.553,5.628,5.431,5.623,1246.35
1687536000000,5.623,5.748,5.592,5.698,1238.03
1687550400000,5.698,5.739,5.593,5.661,479.58
1687564800000,5.661,6.428,5.625,6.147,44730.8
1687579200000,6.147,6.177,6.012,6.019,1754.29
1687593600000,6.019,6.087,5.972,5.996,1011.8
1687608000000,5.996,6.043,5.732,5.763,1528.95
1687622400000,5.763,5.887,5.721,5.865,1322.29
1687636800000,5.865,5.903,5.787,5.895,571.42
1687651200000,5.895,6.267,5.899,5.984,3927.94
1687665600000,5.984,6.033,5.952,5.982,962.26
1687680000000,5.982,6.045,5.969,5.992,719.63
1687694400000,5.992,6.013,5.822,5.883,1085.15
1687708800000,5.883,5.913,5.842,5.859,505.44
1687723200000,5.859,5.884,5.842,5.864,439.32
1687737600000,5.864,5.873,5.683,5.732,1154.03
1687752000000,5.732,5.807,5.697,5.723,631.28
1687766400000,5.723,5.745,5.682,5.725,528.98
1687780800000,5.725,5.828,5.712,5.771,630.49
1687795200000,5.771,5.783,5.582,5.723,1139.51
1687809600000,5.723,5.808,5.622,5.789,1169.85
1687824000000,5.789,5.977,5.792,5.863,1940.93
1687838400000,5.863,5.887,5.79,5.831,626.52
1687852800000,5.831,5.959,5.801,5.905,1099.2
1687867200000,5.905,5.919,5.821,5.825,902.87
1687881600000,5.825,5.902,5.813,5.884,299.5
1687896000000,5.884,5.941,5.877,5.894,333.16
1687910400000,5.894,5.901,5.757,5.787,679.95
1687924800000,5.787,5.793,5.665,5.669,805.67
1687939200000,5.669,5.729,5.661,5.707,230.13
1687953600000,5.707,5.738,5.653,5.723,357.94
1687968000000,5.723,5.729,5.458,5.528,875.9
1687982400000,5.528,5.579,5.501,5.537,297.57
1687996800000,5.537,5.562,5.488,5.514,367.24
1688011200000,5.514,5.573,5.508,5.573,163.82
1688025600000,5.573,5.728,5.548,5.728,541.94
1688040000000,5.728,5.749,5.622,5.644,532.31
1688054400000,5.644,5.688,5.613,5.683,266.12
1688068800000,5.683,5.688,5.612,5.65,231.2
1688083200000,5.65,5.798,5.592,5.769,633.36
1688097600000,5.769,5.867,5.722,5.765,883.47
1688112000000,5.765,5.94,5.762,5.936,936.29
1688126400000,5.936,5.997,5.482,5.722,2817.02
1688140800000,5.722,5.958,5.707,5.911,1178.02
1688155200000,5.911,5.96,5.87,5.944,408.18
1688169600000,5.944,6.309,5.947,6.063,3886.79
1688184000000,6.063,6.24,5.97,6.196,1620.56
1688198400000,6.196,6.489,6.122,6.164,2838.87
1688212800000,6.164,6.491,6.16,6.448,3037.7
1688227200000,6.448,6.717,6.323,6.372,3318.55
1688241600000,6.372,6.548,6.361,6.503,1451.44
1688256000000,6.503,6.493,6.233,6.254,2184.46
1688270400000,6.254,6.318,6.222,6.295,936.65
1688284800000,6.295,6.293,6.195,6.273,800.62
1688299200000,6.273,6.313,6.143,6.223,1079.11
1688313600000,6.223,6.278,6.193,6.232,542.3
1688328000000,6.232,6.283,6.191,6.278,530.83
1688342400000,6.278,6.32,6.201,6.3,574.77
1688356800000,6.3,6.304,6.193,6.237,557.5
1688371200000,6.237,6.417,6.222,6.335,1594.29
1688385600000,6.335,6.329,6.232,6.286,689.52
1688400000000,6.286,6.427,6.223,6.358,1249.49
1688414400000,6.358,6.369,6.267,6.318,311.36
1688428800000,6.318,6.459,6.281,6.42,1131.95
1688443200000,6.42,6.427,6.261,6.267,510.79
1688457600000,6.267,6.293,6.223,6.274,791.65
1688472000000,6.274,6.303,6.173,6.212,462.95
1688486400000,6.212,6.25,6.114,6.158,591.08
1688500800000,6.158,6.2,6.147,6.159,231.76
1688515200000,6.159,6.213,6.143,6.198,403.98
1688529600000,6.198,6.243,6.192,6.238,358.37
1688544000000,6.238,6.243,5.942,6.005,1241.52
1688558400000,6.005,6.028,5.882,5.926,1163.74
1688572800000,5.926,5.986,5.917,5.923,265.8
1688587200000,5.923,5.967,5.901,5.962,242.06
1688601600000,5.962,6.013,5.927,6.007,329.17
1688616000000,6.007,6.103,5.968,6.077,579.45
1688630400000,6.077,6.167,6.0,6.028,634.94
1688644800000,6.028,6.127,5.782,5.983,2094.1
1688659200000,5.983,5.988,5.816,5.86,1061.75
1688673600000,5.86,5.903,5.803,5.803,433.4
1688688000000,5.803,5.89,5.741,5.889,426.07
1688702400000,5.889,5.921,5.837,5.881,307.74
1688716800000,5.881,5.963,5.872,5.928,557.81
1688731200000,5.928,6.018,5.9,5.961,633.81
1688745600000,5.961,5.973,5.892,5.94,373.0
1688760000000,5.94,5.961,5.927,5.954,439.85
1688774400000,5.954,5.973,5.927,5.931,289.08
1688788800000,5.931,5.943,5.849,5.89,748.92
1688803200000,5.89,5.919,5.867,5.892,521.14
1688817600000,5.892,5.893,5.831,5.837,366.76
1688832000000,5.837,5.85,5.781,5.792,373.46
1688846400000,5.792,5.858,5.701,5.858,497.86
1688860800000,5.858,5.927,5.851,5.904,384.54
1688875200000,5.904,5.903,5.822,5.839,181.77
1688889600000,5.839,5.872,5.822,5.83,274.55
1688904000000,5.83,5.869,5.803,5.82,406.62
1688918400000,5.82,5.833,5.8,5.801,168.3
1688932800000,5.801,5.828,5.782,5.791,236.85
1688947200000,5.791,5.798,5.647,5.781,731.48
1688961600000,5.781,5.782,5.717,5.727,256.47
1688976000000,5.727,5.763,5.682,5.754,945.31
1688990400000,5.754,5.809,5.747,5.804,278.11
1689004800000,5.804,5.872,5.7,5.865,916.36
1689019200000,5.865,5.908,5.761,5.786,420.64
1689033600000,5.786,5.83,5.756,5.82,458.2
1689048000000,5.82,5.918,5.807,5.877,353.43
1689062400000,5.877,5.878,5.827,5.846,272.51
1689076800000,5.846,5.859,5.782,5.808,460.3
1689091200000,5.808,5.825,5.797,5.82,559.37
1689105600000,5.82,5.942,5.817,5.924,448.67
1689120000000,5.924,5.99,5.907,5.956,436.57
1689134400000,5.956,5.994,5.942,5.984,172.89
1689148800000,5.984,5.987,5.951,5.968,392.82
1689163200000,5.968,6.038,5.952,5.98,629.52
1689177600000,5.98,6.037,5.891,5.891,977.35
1689192000000,5.891,5.99,5.891,5.989,301.36
1689206400000,5.989,5.997,5.907,5.923,531.14
1689220800000,5.923,5.99,5.911,5.981,262.06
1689235200000,5.981,6.167,5.971,6.157,828.77
1689249600000,6.157,6.377,6.092,6.318,1791.57
1689264000000,6.318,6.808,6.318,6.651,7488.27
1689278400000,6.651,6.713,6.557,6.703,1096.03
1689292800000,6.703,6.887,6.61,6.628,2631.7
1689307200000,6.628,6.648,6.551,6.573,1019.76
1689321600000,6.573,6.643,6.522,6.598,913.44
1689336000000,6.598,6.757,6.55,6.704,1031.17
1689350400000,6.704,6.758,6.204,6.221,3674.26
1689364800000,6.221,6.392,6.219,6.39,687.99
1689379200000,6.39,6.391,6.253,6.267,615.54
1689393600000,6.267,6.438,6.264,6.438,601.75
1689408000000,6.438,6.464,6.392,6.409,346.9
1689422400000,6.409,6.419,6.351,6.357,305.64
1689436800000,6.357,6.391,6.302,6.36,282.65
1689451200000,6.36,6.363,6.29,6.327,252.68
1689465600000,6.327,6.363,6.184,6.23,721.29
1689480000000,6.23,6.302,6.217,6.29,417.5
1689494400000,6.29,6.327,6.267,6.287,317.57
1689508800000,6.287,6.327,6.267,6.297,402.63
1689523200000,6.297,6.339,6.243,6.247,422.31
1689537600000,6.247,6.26,6.161,6.196,344.48
1689552000000,6.196,6.55,6.171,6.33,2201.55
1689566400000,6.33,6.45,6.312,6.387,669.89
1689580800000,6.387,6.393,6.173,6.259,1366.73
1689595200000,6.259,6.396,6.233,6.293,952.53
1689609600000,6.293,6.313,6.157,6.258,646.34
1689624000000,6.258,6.353,6.236,6.341,366.77
1689638400000,6.341,6.487,6.343,6.379,1033.77
1689652800000,6.379,6.41,6.263,6.321,594.39
1689667200000,6.321,6.348,6.212,6.217,463.29
1689681600000,6.217,6.288,6.18,6.273,473.28
1689696000000,6.273,6.288,6.182,6.227,367.36
1689710400000,6.227,6.3,6.232,6.294,240.21
1689724800000,6.294,6.427,6.271,6.386,629.99
1689739200000,6.386,6.447,6.366,6.405,636.41
1689753600000,6.405,6.439,6.357,6.38,496.53
1689768000000,6.38,6.438,6.309,6.363,652.56
1689782400000,6.363,6.44,6.343,6.418,463.06
1689796800000,6.418,6.42,6.343,6.393,459.65
1689811200000,6.393,6.427,6.362,6.375,308.4
1689825600000,6.375,6.463,6.347,6.44,566.28
1689840000000,6.44,6.558,6.44,6.548,849.57
1689854400000,6.548,6.558,6.351,6.416,683.59
1689868800000,6.416,6.427,6.352,6.418,341.64
1689883200000,6.418,6.473,6.373,6.47,363.55
1689897600000,6.47,6.545,6.402,6.536,523.68
1689912000000,6.536,6.541,6.437,6.439,310.46
1689926400000,6.439,6.49,6.413,6.433,379.63
1689940800000,6.433,6.479,6.433,6.442,366.48
1689955200000,6.442,6.473,6.382,6.395,318.37
1689969600000,6.395,6.477,6.383,6.471,268.6
1689984000000,6.471,6.517,6.467,6.504,324.15
1689998400000,6.504,6.528,6.488,6.503,182.64
1690012800000,6.503,6.535,6.442,6.452,358.01
1690027200000,6.452,6.477,6.429,6.455,291.04
1690041600000,6.455,6.497,6.419,6.443,250.31
1690056000000,6.443,6.503,6.318,6.372,990.2
1690070400000,6.372,6.391,6.302,6.389,318.23
1690084800000,6.389,6.43,6.347,6.357,409.52
1690099200000,6.357,6.4,6.347,6.39,381.3
1690113600000,6.39,6.393,6.366,6.387,172.13
1690128000000,6.387,6.533,6.391,6.464,442.55
1690142400000,6.464,6.533,6.419,6.477,585.47
1690156800000,6.477,6.563,6.413,6.425,501.3
1690171200000,6.425,6.423,6.364,6.391,317.03
1690185600000,6.391,6.395,6.079,6.157,1197.13
1690200000000,6.157,6.189,6.082,6.116,559.2
1690214400000,6.116,6.133,6.088,6.117,342.22
1690228800000,6.117,6.173,6.09,6.153,323.86
1690243200000,6.153,6.153,6.037,6.059,654.35
1690257600000,6.059,6.07,5.977,6.002,747.68
1690272000000,6.002,6.068,5.992,6.031,273.64
1690286400000,6.031,6.048,5.942,5.97,808.08
1690300800000,5.97,6.028,5.962,5.983,489.65
1690315200000,5.983,6.028,5.951,6.028,501.6
1690329600000,6.028,6.043,5.922,5.994,371.29
1690344000000,5.994,6.014,5.959,5.969,280.4
1690358400000,5.969,6.0,5.926,5.947,349.9
1690372800000,5.947,6.036,5.949,6.033,232.52
1690387200000,6.033,6.093,5.951,6.068,605.43
1690401600000,6.068,6.13,6.052,6.069,417.07
1690416000000,6.069,6.108,6.033,6.093,366.7
1690430400000,6.093,6.113,6.061,6.081,249.3
1690444800000,6.081,6.138,6.07,6.087,385.52
1690459200000,6.087,6.096,6.001,6.043,339.55
1690473600000,6.043,6.069,5.977,6.017,512.15
1690488000000,6.017,6.058,5.992,6.045,233.9
1690502400000,6.045,6.108,6.038,6.077,308.41
1690516800000,6.077,6.083,6.0,6.021,246.65
1690531200000,6.021,6.07,5.991,6.032,204.01
1690545600000,6.032,6.113,6.03,6.091,278.59
1690560000000,6.091,6.093,6.053,6.089,161.61
1690574400000,6.089,6.118,6.087,6.112,166.13
1690588800000,6.112,6.119,6.09,6.101,163.27
1690603200000,6.101,6.122,6.092,6.106,202.6
1690617600000,6.106,6.138,6.087,6.09,224.23
1690632000000,6.09,6.127,6.09,6.127,154.74
1690646400000,6.127,6.318,6.107,6.223,940.61
1690660800000,6.223,6.229,6.182,6.214,235.75
1690675200000,6.214,6.409,6.215,6.304,1836.35
1690689600000,6.304,6.327,6.253,6.257,855.23
1690704000000,6.257,6.263,6.182,6.188,269.59
1690718400000,6.188,6.193,6.122,6.155,431.08
1690732800000,6.155,6.2,6.002,6.006,1441.32
1690747200000,6.006,6.1,5.884,6.091,1167.56
1690761600000,6.091,6.158,6.076,6.129,388.29
1690776000000,6.129,6.138,6.087,6.095,230.65
1690790400000,6.095,6.13,6.087,6.095,175.3
1690804800000,6.095,6.111,6.023,6.023,438.56
1690819200000,6.023,6.043,5.951,5.962,434.73
1690833600000,5.962,6.018,5.931,6.001,305.11
1690848000000,6.001,6.318,5.972,6.05,2963.76
1690862400000,6.05,6.059,5.832,5.863,92206.56
1690876800000,5.863,5.983,5.847,5.967,107811.52
1690891200000,5.967,5.979,5.852,5.937,1246.24
1690905600000,5.937,6.028,5.907,6.022,622.58
1690920000000,6.022,6.077,6.001,6.073,441.59
1690934400000,6.073,6.118,6.033,6.033,1204.85
1690948800000,6.033,6.043,5.982,5.982,385.28
1690963200000,5.982,6.049,5.97,6.049,507.25
1690977600000,6.049,6.049,5.922,5.946,575.63
1690992000000,5.946,5.96,5.862,5.947,586.56
1691006400000,5.947,5.95,5.91,5.916,191.91
1691020800000,5.916,5.947,5.891,5.913,295.24
1691035200000,5.913,5.928,5.827,5.837,386.02
1691049600000,5.837,5.899,5.822,5.892,529.06
1691064000000,5.892,5.896,5.847,5.862,239.69
1691078400000,5.862,5.883,5.812,5.823,167.11
1691092800000,5.823,5.839,5.757,5.788,597.38
1691107200000,5.788,5.799,5.768,5.781,225.57
1691121600000,5.781,5.793,5.728,5.748,250.58
1691136000000,5.748,5.764,5.737,5.748,216.15
1691150400000,5.748,5.789,5.705,5.786,989.39
1691164800000,5.786,5.808,5.703,5.724,453.66
1691179200000,5.724,5.741,5.643,5.729,403.93
1691193600000,5.729,5.744,5.657,5.719,803.5
1691208000000,5.719,5.72,5.667,5.692,171.18
1691222400000,5.692,5.738,5.677,5.728,168.38
1691236800000,5.728,5.838,5.712,5.822,831.98
1691251200000,5.822,5.84,5.8,5.809,161.84
1691265600000,5.809,5.847,5.792,5.841,122.65
1691280000000,5.841,5.968,5.833,5.867,722.15
1691294400000,5.867,5.938,5.843,5.848,530.26
1691308800000,5.848,5.907,5.842,5.882,446.44
1691323200000,5.882,5.884,5.782,5.803,454.75
1691337600000,5.803,5.828,5.782,5.801,188.03
1691352000000,5.801,5.857,5.798,5.812,313.2
1691366400000,5.812,5.908,5.792,5.896,295.33
1691380800000,5.896,5.908,5.822,5.841,284.58
1691395200000,5.841,5.873,5.831,5.862,353.86
1691409600000,5.862,5.863,5.703,5.708,511.23
1691424000000,5.708,5.788,5.603,5.758,970.0
1691438400000,5.758,5.789,5.752,5.789,113.1
1691452800000,5.789,5.82,5.78,5.798,197.32
1691467200000,5.798,5.867,5.792,5.857,291.87
1691481600000,5.857,5.898,5.837,5.878,911.63
1691496000000,5.878,5.917,5.852,5.894,544.65
1691510400000,5.894,6.028,5.888,5.993,902.42
1691524800000,5.993,6.018,5.937,5.95,329.71
1691539200000,5.95,5.959,5.891,5.891,206.83
1691553600000,5.891,5.923,5.891,5.92,217.51
1691568000000,5.92,5.923,5.9,5.913,174.95
1691582400000,5.913,5.947,5.893,5.917,406.78
1691596800000,5.917,5.939,5.907,5.922,212.98
1691611200000,5.922,5.95,5.882,5.945,179.11
1691625600000,5.945,5.967,5.933,5.942,366.01
1691640000000,5.942,5.943,5.893,5.897,138.32
1691654400000,5.897,5.947,5.893,5.927,479.51
1691668800000,5.927,5.988,5.922,5.928,326.57
1691683200000,5.928,5.933,5.903,5.922,145.4
1691697600000,5.922,5.933,5.91,5.93,101.35
1691712000000,5.93,5.959,5.912,5.929,216.93
1691726400000,5.929,5.983,5.929,5.968,194.01
1691740800000,5.968,6.009,5.962,6.008,544.09
1691755200000,6.008,6.057,5.937,5.952,628.75
1691769600000,5.952,5.959,5.932,5.941,158.19
1691784000000,5.941,5.978,5.938,5.978,73.73
1691798400000,5.978,5.988,5.958,5.978,264.31
1691812800000,5.975,5.997,5.969,5.997,119.2
1691827200000,5.997,6.079,5.987,6.07,358.73
1691841600000,6.07,6.139,6.067,6.123,506.77
1691856000000,6.123,6.128,6.053,6.058,207.07
1691870400000,6.058,6.073,6.041,6.054,154.65
1691884800000,6.054,6.063,5.97,5.971,680.63
1691899200000,5.971,5.983,5.937,5.96,647.31
1691913600000,5.96,5.969,5.933,5.941,507.48
1691928000000,5.941,5.964,5.912,5.912,235.32
1691942400000,5.912,5.939,5.9,5.933,388.35
1691956800000,5.933,5.94,5.843,5.87,437.37
1691971200000,5.87,5.917,5.847,5.898,383.28
1691985600000,5.898,5.918,5.897,5.901,212.94
1692000000000,5.901,5.913,5.88,5.88,108.41
1692014400000,5.88,5.908,5.862,5.892,224.9
1692028800000,5.892,5.903,5.823,5.839,235.73
1692043200000,5.839,5.853,5.827,5.853,82.02
1692057600000,5.853,5.846,5.783,5.789,311.53
1692072000000,5.789,5.794,5.767,5.779,515.71
1692086400000,5.779,5.793,5.762,5.762,203.4
1692100800000,5.762,5.828,5.751,5.772,744.51
1692115200000,5.772,5.814,5.371,5.526,1934.01
1692129600000,5.526,5.585,5.501,5.577,354.25
1692144000000,5.577,5.583,5.52,5.532,328.29
1692158400000,5.532,5.535,5.412,5.412,544.37
1692172800000,5.412,5.421,5.361,5.411,417.62
1692187200000,5.411,5.412,5.328,5.368,631.12
1692201600000,5.368,5.429,5.342,5.391,259.21
1692216000000,5.391,5.394,5.168,5.258,1306.33
1692230400000,5.258,5.362,5.162,5.342,593.03
1692244800000,5.342,5.378,5.338,5.359,572.68
1692259200000,5.359,5.378,5.326,5.335,253.74
1692273600000,5.335,5.358,5.182,5.201,847.73
1692288000000,5.201,5.318,5.152,5.278,655.95
1692302400000,5.278,5.292,4.418,4.84,3914.29
1692316800000,4.84,4.938,4.768,4.814,644.31
1692331200000,4.814,4.879,4.782,4.868,775.15
1692345600000,4.868,4.919,4.841,4.913,268.61
1692360000000,4.913,4.919,4.832,4.837,398.85
1692374400000,4.837,4.908,4.782,4.852,342.46
1692388800000,4.852,4.879,4.852,4.868,95.86
1692403200000,4.868,4.908,4.859,4.866,270.23
1692417600000,4.866,4.892,4.858,4.881,202.38
1692432000000,4.881,4.919,4.88,4.892,867.9
1692446400000,4.892,4.938,4.882,4.938,227.49
1692460800000,4.938,4.969,4.931,4.947,197.67
1692475200000,4.947,4.952,4.912,4.948,79.72
1692489600000,4.948,4.972,4.922,4.943,114.39
1692504000000,4.943,4.951,4.902,4.915,135.69
1692518400000,4.915,4.978,4.906,4.978,730.78
1692532800000,4.978,4.981,4.892,4.9,754.66
1692547200000,4.9,4.942,4.898,4.935,174.19
1692561600000,4.935,4.968,4.928,4.937,100.61
1692576000000,4.937,4.949,4.918,4.932,197.25
1692590400000,4.932,4.978,4.912,4.912,519.25
1692604800000,4.912,4.928,4.843,4.904,603.85
1692619200000,4.904,4.938,4.758,4.812,728.94
1692633600000,4.812,4.91,4.811,4.91,246.9
1692648000000,4.91,4.921,4.899,4.902,95.42
1692662400000,4.902,4.911,4.88,4.885,103.02
1692676800000,4.885,4.922,4.868,4.919,142.81
1692691200000,4.919,4.932,4.899,4.906,78.45
1692705600000,4.906,4.927,4.841,4.847,237.34
1692720000000,4.847,4.858,4.721,4.786,549.64
1692734400000,4.786,4.899,4.708,4.899,451.05
1692748800000,4.899,4.922,4.881,4.882,240.02
1692763200000,4.882,4.938,4.872,4.916,183.33
1692777600000,4.916,4.922,4.881,4.887,76.76
1692792000000,4.887,4.928,4.862,4.923,165.33
1692806400000,4.923,5.029,4.928,5.029,1530.6
1692820800000,5.029,5.038,4.952,4.975,251.84
1692835200000,4.975,4.988,4.959,4.98,114.99
1692849600000,4.98,4.998,4.958,4.963,102.7
1692864000000,4.963,4.982,4.942,4.949,391.75
1692878400000,4.949,4.947,4.862,4.862,325.33
1692892800000,4.862,4.892,4.852,4.872,102.75
1692907200000,4.872,4.878,4.811,4.874,169.29
1692921600000,4.874,4.878,4.758,4.801,321.07
1692936000000,4.801,4.809,4.757,4.782,215.93
1692950400000,4.782,4.808,4.781,4.801,61.99
1692964800000,4.801,4.868,4.773,4.816,352.3
1692979200000,4.816,4.848,4.782,4.835,139.98
1692993600000,4.835,4.857,4.818,4.853,148.52
1693008000000,4.853,4.86,4.832,4.86,77.37
1693022400000,4.86,4.861,4.83,4.844,52.74
1693036800000,4.844,4.844,4.818,4.824,53.41
1693051200000,4.824,4.838,4.816,4.833,57.08
1693065600000,4.833,4.839,4.822,4.825,92.78
1693080000000,4.825,4.843,4.819,4.819,82.24
1693094400000,4.819,4.838,4.811,4.83,41.39
1693108800000,4.83,4.852,4.829,4.844,74.25
1693123200000,4.844,4.869,4.838,4.868,110.5
1693137600000,4.868,4.892,4.858,4.879,104.54
1693152000000,4.879,4.882,4.851,4.876,153.88
1693166400000,4.876,4.881,4.861,4.877,58.71
1693180800000,4.877,4.881,4.788,4.793,234.17
1693195200000,4.793,4.802,4.708,4.721,269.87
1693209600000,4.721,4.759,4.689,4.758,309.9
1693224000000,4.758,4.869,4.758,4.846,302.96
1693238400000,4.846,4.857,4.802,4.819,121.97
1693252800000,4.819,4.851,4.812,4.842,114.54
1693267200000,4.842,4.858,4.782,4.787,130.1
1693281600000,4.787,4.792,4.751,4.752,83.55
1693296000000,4.752,4.757,4.7,4.709,165.39
1693310400000,4.709,4.998,4.709,4.927,1720.85
1693324800000,4.927,5.02,4.927,4.961,539.7
1693339200000,4.961,5.018,4.952,4.998,345.19
1693353600000,4.998,5.008,4.922,4.948,230.81
1693368000000,4.948,4.97,4.938,4.965,147.26
1693382400000,4.965,4.979,4.94,4.941,125.6
1693396800000,4.941,4.949,4.852,4.862,352.1
1693411200000,4.862,4.878,4.85,4.862,100.05
1693425600000,4.862,4.882,4.851,4.872,96.06
1693440000000,4.872,4.878,4.832,4.836,84.11
1693454400000,4.836,4.862,4.836,4.86,55.44
1693468800000,4.86,4.892,4.848,4.88,119.1
1693483200000,4.88,4.88,4.738,4.763,479.8
1693497600000,4.763,4.768,4.582,4.682,785.16
1693512000000,4.682,4.682,4.632,4.656,311.13
1693526400000,4.656,4.681,4.651,4.665,135.08
1693540800000,4.665,4.668,4.627,4.635,238.03
1693555200000,4.635,4.668,4.63,4.668,145.41
1693569600000,4.668,4.678,4.594,4.605,373.83
1693584000000,4.605,4.61,4.489,4.504,612.53
1693598400000,4.504,4.57,4.471,4.493,744.49
1693612800000,4.493,4.509,4.488,4.508,114.53
1693627200000,4.508,4.521,4.481,4.498,105.95
1693641600000,4.498,4.5,4.473,4.495,137.03
1693656000000,4.495,4.538,4.451,4.486,1705.55
1693670400000,4.486,4.491,4.419,4.478,220.47
1693684800000,4.478,4.502,4.478,4.497,130.38
1693699200000,4.497,4.501,4.47,4.499,112.89
1693713600000,4.499,4.501,4.472,4.477,303.17
1693728000000,4.477,4.482,4.46,4.478,114.91
1693742400000,4.478,4.509,4.461,4.466,259.98
1693756800000,4.466,4.47,4.405,4.466,162.22
1693771200000,4.466,4.482,4.45,4.468,145.67
1693785600000,4.468,4.558,4.462,4.527,823.63
1693800000000,4.527,4.539,4.491,4.518,131.56
1693814400000,4.518,4.522,4.491,4.492,83.22
1693828800000,4.492,4.501,4.45,4.477,306.34
1693843200000,4.477,4.512,4.47,4.51,95.72
1693857600000,4.51,4.511,4.448,4.508,243.15
1693872000000,4.508,4.518,4.452,4.471,187.32
1693886400000,4.471,4.528,4.471,4.518,184.53
1693900800000,4.518,4.552,4.512,4.546,179.64
1693915200000,4.546,4.57,4.51,4.57,287.76
1693929600000,4.57,4.593,4.542,4.542,321.38
1693944000000,4.542,4.558,4.512,4.548,214.96
1693958400000,4.548,4.638,4.542,4.577,473.57
1693972800000,4.577,4.582,4.507,4.515,350.85
1693987200000,4.515,4.557,4.501,4.541,198.57
1694001600000,4.541,4.552,4.471,4.492,297.22
1694016000000,4.492,4.568,4.426,4.509,611.69
1694030400000,4.509,4.524,4.506,4.522,115.54
1694044800000,4.522,4.598,4.517,4.558,685.92
1694059200000,4.558,4.588,4.522,4.528,280.7
1694073600000,4.528,4.532,4.491,4.491,296.13
1694088000000,4.491,4.528,4.482,4.528,198.54
1694102400000,4.528,4.578,4.528,4.564,234.17
1694116800000,4.564,4.62,4.561,4.576,245.59
1694131200000,4.576,4.668,4.576,4.64,681.16
1694145600000,4.64,4.663,4.582,4.582,582.77
1694160000000,4.582,4.582,4.482,4.508,469.75
1694174400000,4.508,4.54,4.506,4.518,328.92
1694188800000,4.518,4.518,4.491,4.508,106.43
1694203200000,4.508,4.538,4.502,4.538,90.43
1694217600000,4.538,4.551,4.528,4.545,50.13
1694232000000,4.545,4.572,4.538,4.557,170.13
1694246400000,4.557,4.562,4.548,4.556,100.94
1694260800000,4.556,4.561,4.538,4.554,133.77
1694275200000,4.554,4.561,4.542,4.548,37.97
1694289600000,4.548,4.562,4.532,4.552,135.2
1694304000000,4.552,4.552,4.482,4.502,232.79
1694318400000,4.502,4.502,4.34,4.48,527.4
1694332800000,4.48,4.489,4.451,4.451,137.72
1694347200000,4.451,4.465,4.366,4.408,345.96
1694361600000,4.408,4.408,4.351,4.39,350.69
1694376000000,4.39,4.428,4.381,4.388,198.74
1694390400000,4.388,4.401,4.321,4.368,377.29
1694404800000,4.368,4.37,4.288,4.307,724.35
1694419200000,4.307,4.309,4.094,4.176,1126.58
1694433600000,4.176,4.218,4.151,4.194,839.73
1694448000000,4.194,4.2,4.068,4.102,383.18
1694462400000,4.102,4.159,4.084,4.154,235.08
1694476800000,4.154,4.248,4.145,4.23,402.77
1694491200000,4.23,4.24,4.181,4.192,411.72
1694505600000,4.192,4.298,4.172,4.265,518.21
1694520000000,4.265,4.271,4.201,4.218,478.28
1694534400000,4.218,4.279,4.172,4.191,825.13
1694548800000,4.191,4.218,4.182,4.188,113.34
1694563200000,4.188,4.209,4.138,4.14,271.08
1694577600000,4.14,4.229,4.1,4.162,1292.69
1694592000000,4.162,4.219,4.152,4.213,286.38
1694606400000,4.213,4.279,4.191,4.278,458.79
1694620800000,4.278,4.279,4.232,4.25,420.97
1694635200000,4.25,4.281,4.25,4.251,189.78
1694649600000,4.251,4.318,4.241,4.265,265.27
1694664000000,4.265,4.266,4.229,4.252,198.15
1694678400000,4.252,4.318,4.247,4.318,224.68
1694692800000,4.318,5.131,4.318,4.601,11769.49
1694707200000,4.601,4.781,4.601,4.683,10423.93
1694721600000,4.683,4.779,4.668,4.768,1039.7
1694736000000,4.768,5.038,4.672,4.745,3608.85
1694750400000,4.745,4.783,4.622,4.673,1373.25
1694764800000,4.673,4.828,4.658,4.747,1768.1
1694779200000,4.747,4.788,4.691,4.725,3269.73
1694793600000,4.725,4.748,4.661,4.722,685.37
1694808000000,4.722,4.79,4.718,4.789,444.33
1694822400000,4.789,4.849,4.7,4.777,1684.68
1694836800000,4.777,4.967,4.729,4.934,2200.99
1694851200000,4.934,4.969,4.712,4.743,1834.83
1694865600000,4.743,4.782,4.702,4.718,823.06
1694880000000,4.718,4.722,4.672,4.692,463.72
1694894400000,4.692,4.75,4.684,4.743,270.35
1694908800000,4.743,4.744,4.569,4.655,1066.62
1694923200000,4.655,4.662,4.56,4.561,409.98
1694937600000,4.561,4.618,4.529,4.607,314.25
1694952000000,4.607,4.64,4.568,4.585,412.1
1694966400000,4.585,4.585,4.476,4.538,601.22
1694980800000,4.538,4.538,4.421,4.475,581.21
1694995200000,4.475,4.538,4.428,4.529,559.12
1695009600000,4.529,4.538,4.511,4.512,377.59
1695024000000,4.512,4.589,4.5,4.583,641.45
1695038400000,4.583,4.592,4.548,4.574,660.01
1695052800000,4.574,4.589,4.502,4.542,426.36
1695067200000,4.542,4.56,4.521,4.526,130.33
1695081600000,4.526,4.568,4.491,4.543,372.54
1695096000000,4.543,4.589,4.538,4.567,238.39
1695110400000,4.567,4.629,4.551,4.594,402.86
1695124800000,4.594,4.618,4.544,4.609,563.8
1695139200000,4.609,4.622,4.522,4.535,336.94
1695153600000,4.535,4.568,4.512,4.564,367.61
1695168000000,4.564,4.592,4.491,4.498,454.42
1695182400000,4.498,4.528,4.49,4.511,335.64
1695196800000,4.511,4.56,4.472,4.508,532.43
1695211200000,4.508,4.522,4.461,4.522,405.11
1695225600000,4.522,4.548,4.462,4.49,402.94
1695240000000,4.49,4.568,4.488,4.549,318.24
1695254400000,4.549,4.608,4.511,4.54,512.27
1695268800000,4.54,4.546,4.498,4.504,287.65
1695283200000,4.504,4.511,4.379,4.418,725.62
1695297600000,4.418,4.438,4.381,4.429,535.3
1695312000000,4.429,4.432,4.411,4.411,87.86
1695326400000,4.411,4.418,4.382,4.401,114.12
1695340800000,4.401,4.429,4.351,4.429,261.81
1695355200000,4.429,4.44,4.427,4.434,138.7
1695369600000,4.434,4.442,4.421,4.438,186.72
1695384000000,4.438,4.438,4.402,4.42,205.42
1695398400000,4.42,4.42,4.378,4.399,206.75
1695412800000,4.399,4.432,4.397,4.43,205.68
1695427200000,4.43,4.458,4.42,4.453,384.72
1695441600000,4.453,4.462,4.442,4.446,184.49
1695456000000,4.446,4.454,4.441,4.441,92.8
1695470400000,4.441,4.45,4.409,4.418,120.9
1695484800000,4.418,4.434,4.408,4.431,146.01
1695499200000,4.431,4.438,4.408,4.438,145.93
1695513600000,4.438,4.448,4.408,4.44,197.42
1695528000000,4.44,4.44,4.411,4.42,126.26
1695542400000,4.42,4.578,4.418,4.574,510.45
1695556800000,4.574,4.804,4.52,4.525,18681.24
1695571200000,4.525,4.578,4.461,4.481,1329.13
1695585600000,4.481,4.52,4.46,4.499,565.6
1695600000000,4.499,4.668,4.486,4.568,2157.61
1695614400000,4.568,4.618,4.568,4.614,600.35
1695628800000,4.614,4.618,4.571,4.602,405.73
1695643200000,4.602,4.688,4.571,4.582,952.13
1695657600000,4.582,4.602,4.578,4.587,207.31
1695672000000,4.587,4.592,4.561,4.588,505.1
1695686400000,4.588,4.688,4.588,4.655,682.41
1695700800000,4.655,4.662,4.582,4.586,197.58
1695715200000,4.586,4.594,4.551,4.56,264.6
1695729600000,4.56,4.566,4.501,4.511,385.71
1695744000000,4.511,4.532,4.502,4.517,145.47
1695758400000,4.517,4.519,4.431,4.509,300.96
1695772800000,4.509,4.548,4.5,4.518,276.1
1695787200000,4.518,4.518,4.442,4.452,476.14
1695801600000,4.452,4.518,4.431,4.512,319.72
1695816000000,4.512,4.539,4.406,4.455,650.52
1695830400000,4.455,4.46,4.402,4.43,237.67
1695844800000,4.43,4.449,4.408,4.437,246.52
1695859200000,4.437,4.469,4.431,4.452,372.02
1695873600000,4.452,4.462,4.431,4.444,193.54
1695888000000,4.444,4.481,4.431,4.455,295.65
1695902400000,4.455,4.5,4.452,4.499,392.05
1695916800000,4.499,4.528,4.491,4.52,315.5
1695931200000,4.52,4.521,4.491,4.511,175.39
1695945600000,4.511,4.532,4.501,4.529,194.26
1695960000000,4.529,4.57,4.528,4.569,173.8
1695974400000,4.569,4.571,4.521,4.554,213.49
1695988800000,4.554,4.558,4.471,4.544,618.74
1696003200000,4.544,4.559,4.528,4.551,123.35
1696017600000,4.551,4.602,4.548,4.592,418.72
1696032000000,4.592,4.638,4.551,4.552,426.09
1696046400000,4.552,4.567,4.542,4.547,134.46
1696060800000,4.547,4.552,4.53,4.536,206.98
1696075200000,4.536,4.589,4.53,4.573,318.08
1696089600000,4.573,4.598,4.571,4.584,308.73
1696104000000,4.584,4.612,4.578,4.587,160.37
1696118400000,4.587,4.6,4.582,4.587,200.47
1696132800000,4.587,4.64,4.582,4.612,384.46
1696147200000,4.612,4.729,4.591,4.722,871.16
1696161600000,4.722,4.739,4.682,4.692,532.28
1696176000000,4.692,4.708,4.672,4.691,428.01
1696190400000,4.691,4.802,4.682,4.778,566.82
1696204800000,4.778,4.791,4.722,4.762,403.02
1696219200000,4.762,4.762,4.692,4.732,643.19
1696233600000,4.732,4.738,4.709,4.711,366.54
1696248000000,4.711,4.718,4.572,4.589,744.18
1696262400000,4.589,4.649,4.492,4.577,1081.92
1696276800000,4.577,4.582,4.519,4.573,271.13
1696291200000,4.573,4.628,4.568,4.605,448.32
1696305600000,4.605,4.612,4.571,4.582,565.56
1696320000000,4.582,4.602,4.561,4.572,240.63
1696334400000,4.572,4.572,4.501,4.505,397.9
1696348800000,4.505,4.539,4.492,4.539,352.79
1696363200000,4.539,4.559,4.509,4.511,357.87
1696377600000,4.511,4.511,4.362,4.434,766.4
1696392000000,4.434,4.448,4.408,4.444,226.97
1696406400000,4.444,4.469,4.438,4.452,200.97
1696420800000,4.452,4.454,4.407,4.424,245.36
1696435200000,4.424,4.478,4.412,4.465,262.03
1696449600000,4.465,4.5,4.459,4.489,105.4
1696464000000,4.489,4.508,4.461,4.472,149.61
1696478400000,4.472,4.499,4.459,4.472,135.92
1696492800000,4.472,4.49,4.458,4.48,79.8
1696507200000,4.48,4.488,4.382,4.409,470.66
1696521600000,4.409,4.432,4.401,4.416,122.79
1696536000000,4.416,4.43,4.408,4.412,87.28
1696550400000,4.412,4.452,4.41,4.446,277.19
1696564800000,4.446,4.488,4.428,4.482,218.45
1696579200000,4.482,4.488,4.468,4.481,196.01
1696593600000,4.481,4.518,4.452,4.511,669.63
1696608000000,4.511,4.528,4.498,4.513,157.59
1696622400000,4.513,4.539,4.498,4.506,340.58
1696636800000,4.506,4.517,4.479,4.479,155.11
1696651200000,4.479,4.502,4.478,4.488,81.58
1696665600000,4.488,4.496,4.477,4.48,157.36
1696680000000,4.48,4.489,4.475,4.478,45.87
1696694400000,4.478,4.494,4.471,4.475,158.97
1696708800000,4.475,4.509,4.474,4.503,97.8
1696723200000,4.503,4.528,4.481,4.496,246.52
1696737600000,4.496,4.496,4.442,4.468,427.43
1696752000000,4.468,4.482,4.452,4.457,177.3
1696766400000,4.457,4.482,4.452,4.473,118.83
1696780800000,4.473,4.482,4.461,4.466,541.89
1696795200000,4.466,4.472,4.448,4.456,113.22
1696809600000,4.456,4.499,4.452,4.477,304.72
1696824000000,4.477,4.482,4.419,4.424,100.53
1696838400000,4.424,4.427,4.25,4.285,898.96
1696852800000,4.285,4.309,4.256,4.256,208.67
1696867200000,4.256,4.273,4.167,4.272,468.88
1696881600000,4.272,4.29,4.261,4.287,120.2
1696896000000,4.287,4.3,4.272,4.29,98.22
1696910400000,4.29,4.308,4.282,4.302,67.95
1696924800000,4.302,4.31,4.261,4.262,256.28
1696939200000,4.262,4.274,4.231,4.246,435.58
1696953600000,4.246,4.258,4.228,4.249,159.22
1696968000000,4.249,4.268,4.194,4.263,217.34
1696982400000,4.263,4.273,4.161,4.181,277.69
1696996800000,4.181,4.202,4.172,4.183,117.19
1697011200000,4.183,4.22,4.168,4.214,212.83
1697025600000,4.214,4.219,4.14,4.155,243.04
1697040000000,4.155,4.188,4.142,4.187,187.4
1697054400000,4.187,4.216,4.163,4.212,135.31
1697068800000,4.212,4.213,4.162,4.184,536.42
1697083200000,4.184,4.242,4.178,4.235,329.62
1697097600000,4.235,4.25,4.162,4.214,336.0
1697112000000,4.214,4.241,4.206,4.235,193.48
1697126400000,4.235,4.241,4.191,4.221,287.91
1697140800000,4.221,4.23,4.218,4.224,56.6
1697155200000,4.224,4.232,4.188,4.189,326.45
1697169600000,4.189,4.228,4.188,4.222,141.17
1697184000000,4.222,4.23,4.2,4.22,145.1
1697198400000,4.22,4.231,4.181,4.191,271.51
1697212800000,4.191,4.212,4.19,4.196,104.13
1697227200000,4.196,4.269,4.189,4.216,388.21
1697241600000,4.216,4.408,4.216,4.276,1914.71
1697256000000,4.276,4.292,4.252,4.27,1055.59
1697270400000,4.27,4.285,4.252,4.262,212.62
1697284800000,4.262,4.282,4.26,4.282,202.19
1697299200000,4.282,4.289,4.272,4.289,139.92
1697313600000,4.289,4.292,4.278,4.291,80.65
1697328000000,4.291,4.318,4.252,4.292,1537.05
1697342400000,4.292,4.3,4.281,4.299,187.22
1697356800000,4.299,4.321,4.292,4.292,197.06
1697371200000,4.292,4.292,4.252,4.278,350.38
1697385600000,4.278,4.302,4.268,4.291,122.65
1697400000000,4.291,4.31,4.271,4.277,141.17
1697414400000,4.277,4.294,4.268,4.29,130.91
1697428800000,4.29,4.358,4.268,4.326,838.63
1697443200000,4.326,4.332,4.31,4.323,199.62
1697457600000,4.323,4.448,4.282,4.289,1311.6
1697472000000,4.289,4.322,4.288,4.311,512.12
1697486400000,4.311,4.33,4.295,4.321,306.9
1697500800000,4.321,4.322,4.29,4.295,158.7
1697515200000,4.295,4.369,4.269,4.278,986.56
1697529600000,4.278,4.292,4.276,4.281,203.55
1697544000000,4.281,4.338,4.172,4.255,1433.56
1697558400000,4.255,4.26,4.172,4.198,519.41
1697572800000,4.198,4.219,4.188,4.218,147.07
1697587200000,4.218,4.238,4.169,4.198,285.77
1697601600000,4.198,4.25,4.197,4.215,217.97
1697616000000,4.215,4.229,4.201,4.206,97.42
1697630400000,4.206,4.212,4.161,4.168,163.28
1697644800000,4.168,4.173,4.112,4.127,411.11
1697659200000,4.127,4.15,4.116,4.135,128.55
1697673600000,4.135,4.154,4.061,4.11,322.22
1697688000000,4.11,4.11,4.088,4.102,131.04
1697702400000,4.102,4.11,4.085,4.11,142.86
1697716800000,4.11,4.157,4.106,4.145,259.21
1697731200000,4.145,4.169,4.112,4.137,274.6
1697745600000,4.137,4.148,4.119,4.126,188.11
1697760000000,4.126,4.189,4.1,4.182,269.11
1697774400000,4.182,4.203,4.176,4.189,178.16
1697788800000,4.189,4.287,4.186,4.262,600.07
1697803200000,4.262,4.269,4.222,4.227,338.89
1697817600000,4.227,4.232,4.201,4.218,177.24
1697832000000,4.218,4.24,4.21,4.239,142.71
1697846400000,4.239,4.29,4.232,4.244,548.46
1697860800000,4.244,4.302,4.241,4.302,294.42
1697875200000,4.302,4.33,4.278,4.321,373.45
1697889600000,4.321,4.408,4.311,4.408,880.7
1697904000000,4.408,4.477,4.401,4.453,753.64
1697918400000,4.453,4.481,4.408,4.411,436.18
1697932800000,4.411,4.458,4.402,4.426,254.59
1697947200000,4.426,4.489,4.362,4.412,619.12
1697961600000,4.412,4.429,4.371,4.381,480.88
1697976000000,4.381,4.398,4.352,4.369,359.1
1697990400000,4.369,4.399,4.368,4.388,379.39
1698004800000,4.388,4.459,4.371,4.45,269.16
1698019200000,4.45,4.568,4.45,4.552,1432.43
1698033600000,4.552,4.562,4.442,4.453,727.56
1698048000000,4.453,4.488,4.422,4.462,368.09
1698062400000,4.462,4.468,4.421,4.46,611.85
1698076800000,4.46,4.539,4.452,4.532,531.19
1698091200000,4.532,4.718,4.521,4.669,1681.49
1698105600000,4.669,4.818,4.652,4.692,2221.48
1698120000000,4.692,4.748,4.591,4.622,993.29
1698134400000,4.622,4.708,4.622,4.703,725.07
1698148800000,4.703,4.778,4.502,4.565,2304.44
1698163200000,4.565,4.649,4.521,4.637,874.07
1698177600000,4.637,4.701,4.582,4.679,715.8
1698192000000,4.679,4.739,4.642,4.648,716.03
1698206400000,4.648,4.68,4.552,4.573,532.72
1698220800000,4.573,4.649,4.561,4.622,282.25
1698235200000,4.622,4.758,4.622,4.746,624.83
1698249600000,4.746,4.758,4.631,4.668,757.27
1698264000000,4.668,4.709,4.64,4.708,360.05
1698278400000,4.708,4.797,4.696,4.779,819.42
1698292800000,4.779,4.938,4.701,4.928,1631.43
1698307200000,4.928,4.971,4.832,4.864,2720.22
1698321600000,4.864,4.977,4.652,4.73,3018.25
1698336000000,4.73,4.849,4.718,4.844,478.26
1698350400000,4.844,4.873,4.809,4.868,850.23
1698364800000,4.868,4.878,4.731,4.787,873.87
1698379200000,4.787,4.827,4.741,4.742,678.1
1698393600000,4.742,4.819,4.726,4.804,529.78
1698408000000,4.804,4.862,4.788,4.847,623.35
1698422400000,4.847,4.855,4.655,4.742,752.65
1698436800000,4.742,4.748,4.701,4.706,553.2
1698451200000,4.706,4.778,4.702,4.772,192.38
1698465600000,4.772,4.869,4.758,4.847,582.74
1698480000000,4.847,4.918,4.841,4.852,435.23
1698494400000,4.852,4.872,4.801,4.841,344.73
1698508800000,4.841,5.12,4.828,4.922,2971.08
1698523200000,4.922,5.108,4.912,5.102,2002.12
1698537600000,5.102,5.128,4.961,4.972,1136.82
1698552000000,4.972,5.009,4.962,4.986,533.59
1698566400000,4.986,5.029,4.982,5.01,600.47
1698580800000,5.01,5.823,5.002,5.605,15449.93
1698595200000,5.605,5.728,5.592,5.722,3482.24
1698609600000,5.722,5.748,5.602,5.633,1319.2
1698624000000,5.633,5.979,5.592,5.82,21771.63
1698638400000,5.82,5.987,5.721,5.818,3187.47
1698652800000,5.818,5.857,5.752,5.775,1480.68
1698667200000,5.775,5.893,5.719,5.767,20454.32
1698681600000,5.767,5.808,5.642,5.748,1367.76
1698696000000,5.748,5.769,5.717,5.747,455.26
1698710400000,5.747,5.759,5.582,5.587,1105.2
1698724800000,5.587,5.737,5.571,5.58,1595.16
1698739200000,5.58,5.628,5.502,5.566,998.45
1698753600000,5.566,5.577,5.263,5.347,2825.6
1698768000000,5.347,5.42,5.332,5.337,674.36
1698782400000,5.337,5.47,5.332,5.47,533.08
1698796800000,5.47,5.47,5.352,5.356,643.19
1698811200000,5.356,5.362,5.221,5.278,723.99
1698825600000,5.278,5.303,5.182,5.251,910.33
1698840000000,5.251,5.348,5.182,5.213,1252.03
1698854400000,5.213,5.489,5.209,5.426,1371.91
1698868800000,5.426,5.598,5.426,5.517,1082.68
1698883200000,5.517,5.749,5.5,5.633,1857.38
1698897600000,5.633,5.638,5.531,5.565,647.75
1698912000000,5.565,5.602,5.511,5.578,418.04
1698926400000,5.578,5.6,5.343,5.357,1038.5
1698940800000,5.357,5.468,5.293,5.463,760.3
1698955200000,5.463,5.47,5.408,5.442,234.91
1698969600000,5.442,5.442,5.238,5.342,860.94
1698984000000,5.342,5.358,5.271,5.336,467.19
1698998400000,5.336,5.36,5.261,5.328,655.24
1699012800000,5.328,5.402,5.298,5.392,391.27
1699027200000,5.392,5.482,5.345,5.423,19796.36
1699041600000,5.423,5.462,5.415,5.44,398.6
1699056000000,5.44,5.528,5.418,5.481,1333.48
1699070400000,5.481,5.571,5.45,5.541,463.74
1699084800000,5.541,5.6,5.512,5.539,977.4
1699099200000,5.539,5.588,5.466,5.509,450.53
1699113600000,5.509,5.561,5.498,5.554,190.61
1699128000000,5.554,5.623,5.548,5.593,235.15
1699142400000,5.593,5.743,5.589,5.692,1487.69
1699156800000,5.692,5.728,5.647,5.703,756.17
1699171200000,5.703,5.859,5.636,5.759,1245.96
1699185600000,5.759,5.868,5.632,5.684,1472.18
1699200000000,5.684,5.768,5.664,5.75,641.16
1699214400000,5.75,5.773,5.622,5.721,571.9
1699228800000,5.721,5.927,5.702,5.866,2180.3
1699243200000,5.866,5.897,5.732,5.897,759.41
1699257600000,5.897,6.178,5.852,6.096,2879.24
1699272000000,6.096,6.168,5.972,5.977,1204.23
1699286400000,5.977,6.0,5.93,5.994,403.21
1699300800000,5.994,6.023,5.952,6.007,416.0
1699315200000,6.007,6.077,5.827,5.907,1297.3
1699329600000,5.907,6.048,5.869,5.992,798.54
1699344000000,5.992,6.003,5.803,5.836,795.67
1699358400000,5.836,5.853,5.676,5.709,707.58
1699372800000,5.709,5.883,5.642,5.875,910.66
1699387200000,5.875,5.95,5.822,5.858,862.3
1699401600000,5.858,5.933,5.846,5.883,649.42
1699416000000,5.883,5.94,5.841,5.917,338.91
1699430400000,5.917,5.968,5.912,5.957,808.92
1699444800000,5.957,6.003,5.901,5.955,761.18
1699459200000,5.955,6.117,5.948,6.064,692.77
1699473600000,6.064,6.076,6.012,6.029,403.94
1699488000000,6.029,6.1,6.0,6.076,1300.4
1699502400000,6.076,6.173,6.067,6.091,886.67
1699516800000,6.091,6.138,6.054,6.09,1024.99
1699531200000,6.09,6.262,6.023,6.093,2741.9
1699545600000,6.093,6.118,5.289,5.749,5157.18
1699560000000,5.749,5.96,5.651,5.948,1377.19
1699574400000,5.948,6.417,5.941,6.145,4273.79
1699588800000,6.145,6.229,6.123,6.138,982.13
1699603200000,6.138,6.208,6.023,6.201,1427.49
1699617600000,6.201,6.204,5.882,5.999,1420.11
1699632000000,5.999,6.145,5.992,6.127,622.0
1699646400000,6.127,6.233,6.105,6.203,835.82
1699660800000,6.203,6.318,6.071,6.072,2331.48
1699675200000,6.072,6.09,5.933,6.01,1131.18
1699689600000,6.01,6.118,5.983,6.096,904.97
1699704000000,6.096,6.328,6.062,6.246,1619.27
1699718400000,6.246,6.588,6.246,6.558,3015.42
1699732800000,6.558,6.599,6.27,6.377,1231.42
1699747200000,6.377,6.537,6.123,6.272,2025.21
1699761600000,6.272,6.453,6.21,6.418,1441.64
1699776000000,6.418,6.428,6.303,6.363,1162.86
1699790400000,6.363,6.373,6.223,6.296,1076.7
1699804800000,6.296,6.303,6.203,6.255,547.35
1699819200000,6.255,6.4,6.244,6.358,665.26
1699833600000,6.358,6.503,6.253,6.261,1684.1
1699848000000,6.261,6.367,6.172,6.313,989.69
1699862400000,6.313,6.497,6.262,6.302,1398.82
1699876800000,6.302,6.448,6.203,6.435,1690.75
1699891200000,6.435,6.485,6.274,6.462,1458.5
1699905600000,6.462,6.463,6.094,6.158,1916.59
1699920000000,6.158,6.207,6.011,6.187,1202.31
1699934400000,6.187,6.309,6.161,6.288,584.13
1699948800000,6.288,6.336,6.005,6.053,1074.37
1699963200000,6.053,6.308,6.022,6.183,1404.86
1699977600000,6.183,6.258,5.792,5.912,1942.49
1699992000000,5.912,6.112,5.907,6.093,823.15
1700006400000,6.093,6.158,6.021,6.021,677.18
1700020800000,6.021,6.169,6.019,6.156,732.77
1700035200000,6.156,6.338,6.156,6.338,1116.33
1700049600000,6.338,6.359,6.262,6.346,1017.72
1700064000000,6.346,6.418,6.273,6.418,1664.09
1700078400000,6.418,6.437,6.342,6.433,698.66
1700092800000,6.433,6.482,6.392,6.439,854.73
1700107200000,6.439,6.558,6.407,6.528,930.41
1700121600000,6.528,6.598,6.431,6.499,2092.43
1700136000000,6.499,6.517,6.27,6.34,2130.46
1700150400000,6.34,6.488,6.133,6.323,1784.43
1700164800000,6.323,6.348,6.182,6.269,917.77
1700179200000,6.269,6.628,6.237,6.588,1485.48
1700193600000,6.588,6.759,6.473,6.487,2168.79
1700208000000,6.487,6.538,6.28,6.367,1363.97
1700222400000,6.367,6.478,6.047,6.071,2205.24
1700236800000,6.071,6.308,6.042,6.247,1324.05
1700251200000,6.247,6.35,6.209,6.318,682.31
1700265600000,6.318,6.318,6.033,6.033,1050.45
1700280000000,6.033,6.088,5.778,5.92,1487.89
1700294400000,5.92,5.997,5.882,5.938,630.55
1700308800000,5.938,6.048,5.852,6.048,2004.25
1700323200000,6.048,6.109,6.002,6.064,584.94
1700337600000,6.064,6.072,5.983,6.045,389.44
1700352000000,6.045,6.097,5.892,6.014,6543.29
1700366400000,6.014,6.11,5.986,6.103,449.93
1700380800000,6.103,6.133,5.973,6.005,586.94
1700395200000,6.005,6.039,5.962,6.033,475.74
1700409600000,6.033,6.246,6.022,6.243,655.39
1700424000000,6.243,6.282,6.159,6.262,659.61
1700438400000,6.262,6.268,6.203,6.205,617.56
1700452800000,6.205,6.248,6.169,6.248,384.4
1700467200000,6.248,6.309,6.21,6.232,1093.15
1700481600000,6.232,6.277,6.123,6.244,921.59
1700496000000,6.244,6.288,6.122,6.191,1715.61
1700510400000,6.191,6.208,6.032,6.119,846.43
1700524800000,6.119,6.306,6.102,6.152,1424.0
1700539200000,6.152,6.236,6.131,6.131,630.31
1700553600000,6.131,6.222,6.13,6.157,587.76
1700568000000,6.157,6.18,5.803,5.952,2281.47
1700582400000,5.952,5.988,5.613,5.753,2612.08
1700596800000,5.753,5.838,5.451,5.492,2114.04
1700611200000,5.492,5.7,5.482,5.698,669.77
1700625600000,5.698,5.749,5.683,5.706,443.05
1700640000000,5.706,5.75,5.682,5.682,505.77
1700654400000,5.682,5.77,5.672,5.739,721.92
1700668800000,5.739,5.977,5.72,5.918,1086.35
1700683200000,5.918,5.968,5.879,5.895,492.28
1700697600000,5.895,5.938,5.852,5.898,489.35
1700712000000,5.898,5.922,5.857,5.908,561.29
1700726400000,5.908,5.938,5.822,5.827,677.24
1700740800000,5.827,5.86,5.769,5.779,528.97
1700755200000,5.779,5.835,5.772,5.799,361.2
1700769600000,5.799,5.858,5.794,5.843,334.92
1700784000000,5.843,5.898,5.817,5.867,513.01
1700798400000,5.867,5.923,5.854,5.915,396.24
1700812800000,5.915,6.048,5.904,5.997,1195.02
1700827200000,5.997,6.02,5.908,5.997,1070.56
1700841600000,5.997,6.023,5.91,5.917,848.85
1700856000000,5.917,5.968,5.902,5.952,656.5
1700870400000,5.952,6.179,5.922,6.137,934.27
1700884800000,6.137,6.359,6.121,6.302,2142.69
1700899200000,6.302,6.323,6.152,6.242,1920.96
1700913600000,6.242,6.457,6.222,6.405,3596.65
1700928000000,6.405,6.412,6.303,6.317,771.07
1700942400000,6.317,6.338,6.291,6.338,495.52
1700956800000,6.338,6.338,6.187,6.225,877.89
1700971200000,6.225,6.318,6.217,6.236,732.14
1700985600000,6.236,6.249,6.192,6.223,785.47
1701000000000,6.223,6.953,6.171,6.577,61886.19
1701014400000,6.577,6.589,6.363,6.483,2127.96
1701028800000,6.483,6.737,6.463,6.697,10808.61
1701043200000,6.697,7.507,6.696,7.183,93896.87
1701057600000,7.183,7.21,6.909,7.008,241314.17
1701072000000,7.008,7.233,6.711,6.883,52100.86
1701086400000,6.883,6.907,6.612,6.673,204711.49
1701100800000,6.673,6.783,6.573,6.633,43976.72
1701115200000,6.633,6.906,6.573,6.871,39157.78
1701129600000,6.871,6.988,6.651,6.675,5878.67
1701144000000,6.675,7.062,6.413,6.678,9160.81
1701158400000,6.678,6.867,6.612,6.711,2637.46
1701172800000,6.711,6.767,6.622,6.72,1307.49
1701187200000,6.72,6.867,6.703,6.803,2187.79
1701201600000,6.803,6.843,6.743,6.778,632.28
1701216000000,6.778,6.827,6.651,6.683,1084.2
1701230400000,6.683,6.687,6.64,6.654,566.62
1701244800000,6.654,6.748,6.532,6.563,1422.49
1701259200000,6.563,6.618,6.442,6.489,1598.85
1701273600000,6.489,6.503,6.432,6.454,562.15
1701288000000,6.454,6.513,6.433,6.489,451.1
1701302400000,6.489,6.493,6.323,6.404,1167.61
1701316800000,6.404,6.424,6.312,6.316,826.8
1701331200000,6.316,6.367,6.262,6.367,784.3
1701345600000,6.367,6.476,6.302,6.327,1757.34
1701360000000,6.327,6.4,6.317,6.362,447.39
1701374400000,6.362,6.38,6.341,6.375,543.92
1701388800000,6.375,6.448,6.282,6.431,1149.29
1701403200000,6.431,6.597,6.426,6.466,1976.38
1701417600000,6.466,6.578,6.442,6.456,1275.71
1701432000000,6.456,6.477,6.417,6.438,954.9
1701446400000,6.438,6.49,6.431,6.488,623.34
1701460800000,6.488,6.498,6.462,6.497,222.6
1701475200000,6.497,6.587,6.477,6.527,718.87
1701489600000,6.527,6.579,6.502,6.523,605.75
1701504000000,6.523,6.597,6.522,6.586,736.52
1701518400000,6.586,6.609,6.503,6.543,580.3
1701532800000,6.543,6.708,6.537,6.671,869.01
1701547200000,6.671,6.69,6.649,6.661,459.55
1701561600000,6.661,6.717,6.593,6.62,737.71
1701576000000,6.62,6.626,6.573,6.603,391.93
1701590400000,6.603,6.618,6.542,6.575,583.16
1701604800000,6.575,6.736,6.493,6.697,2511.88
1701619200000,6.697,6.887,6.672,6.817,1777.87
1701633600000,6.817,6.837,6.702,6.742,1055.95
1701648000000,6.742,6.848,6.682,6.835,1383.83
1701662400000,6.835,6.917,6.813,6.833,1623.2
1701676800000,6.833,6.877,6.422,6.608,5314.96
1701691200000,6.608,6.697,6.553,6.603,1157.31
1701705600000,6.603,6.807,6.593,6.653,1683.57
1701720000000,6.653,6.745,6.635,6.742,733.75
1701734400000,6.742,7.097,6.703,6.888,3431.79
1701748800000,6.888,7.189,6.877,6.996,3552.32
1701763200000,6.996,7.061,6.892,6.952,1504.6
1701777600000,6.952,6.963,6.821,6.883,1729.64
1701792000000,6.883,7.097,6.832,6.994,2243.61
1701806400000,6.994,7.078,6.933,7.019,1474.79
1701820800000,7.019,7.477,7.007,7.157,6889.83
1701835200000,7.157,7.238,7.053,7.175,1677.98
1701849600000,7.175,7.328,6.943,7.057,2784.98
1701864000000,7.057,7.119,6.982,7.073,1508.94
1701878400000,7.073,7.119,7.031,7.09,745.97
1701892800000,7.09,7.097,6.9,6.94,1032.41
1701907200000,6.94,7.118,6.94,7.053,2112.65
1701921600000,7.053,7.408,7.053,7.287,4929.31
1701936000000,7.287,7.303,6.972,7.192,3022.73
1701950400000,7.192,7.317,7.162,7.237,2084.85
1701964800000,7.237,7.349,7.223,7.243,849.68
1701979200000,7.243,7.349,7.213,7.336,546.87
1701993600000,7.336,7.368,7.223,7.308,797.64
1702008000000,7.308,7.337,7.178,7.208,780.17
1702022400000,7.208,7.333,7.163,7.304,949.13
1702036800000,7.304,7.449,7.277,7.419,1697.19
1702051200000,7.419,7.628,7.419,7.616,2286.34
1702065600000,7.616,7.717,7.571,7.662,946.71
1702080000000,7.662,7.867,7.643,7.703,1934.06
1702094400000,7.703,7.8,7.683,7.784,1221.07
1702108800000,7.784,7.859,7.541,7.728,3184.91
1702123200000,7.728,7.832,7.592,7.718,1880.41
1702137600000,7.718,7.768,7.613,7.723,1029.52
1702152000000,7.723,7.768,7.573,7.638,902.08
1702166400000,7.638,7.846,7.638,7.717,1306.96
1702180800000,7.717,7.98,7.712,7.928,1651.1
1702195200000,7.928,8.057,7.605,7.833,3487.72
1702209600000,7.833,7.907,7.763,7.815,1150.44
1702224000000,7.815,7.887,7.661,7.808,998.46
1702238400000,7.808,7.915,7.783,7.837,562.37
1702252800000,7.837,7.837,6.983,7.336,6352.84
1702267200000,7.336,7.34,7.133,7.192,1227.91
1702281600000,7.192,7.288,7.142,7.281,789.96
1702296000000,7.281,7.329,7.092,7.151,1657.49
1702310400000,7.151,7.189,6.855,7.012,2072.11
1702324800000,7.012,7.098,6.977,7.091,1557.77
1702339200000,7.091,7.289,7.084,7.248,1293.86
1702353600000,7.248,7.297,7.123,7.293,902.73
1702368000000,7.293,7.307,7.162,7.163,1037.07
1702382400000,7.163,7.296,7.053,7.158,1399.69
1702396800000,7.158,7.181,7.001,7.123,767.53
1702411200000,7.123,7.248,7.072,7.21,510.42
1702425600000,7.21,7.232,6.843,6.87,1990.73
1702440000000,6.87,6.96,6.743,6.863,1023.52
1702454400000,6.863,6.93,6.822,6.827,640.44
1702468800000,6.827,7.039,6.827,7.024,1232.06
1702483200000,7.024,7.187,6.971,7.187,702.25
1702497600000,7.187,7.296,7.183,7.263,658.43
1702512000000,7.263,7.286,7.162,7.194,686.14
1702526400000,7.194,7.267,7.162,7.262,511.12
1702540800000,7.262,7.467,7.253,7.453,1204.89
1702555200000,7.453,7.477,7.103,7.306,1752.78
1702569600000,7.306,7.427,7.297,7.383,920.52
1702584000000,7.383,7.439,7.333,7.407,349.41
1702598400000,7.407,7.422,7.282,7.283,464.96
1702612800000,7.283,7.293,7.193,7.193,773.84
1702627200000,7.193,7.273,7.177,7.263,425.98
1702641600000,7.263,7.267,7.112,7.147,874.64
1702656000000,7.147,7.229,7.123,7.191,570.17
1702670400000,7.191,7.203,7.003,7.023,489.91
1702684800000,7.023,7.133,6.914,7.128,627.48
1702699200000,7.128,7.198,7.107,7.134,524.01
1702713600000,7.134,7.176,7.127,7.176,278.19
1702728000000,7.176,7.24,7.159,7.232,775.45
1702742400000,7.232,7.338,7.163,7.2,789.76
1702756800000,7.2,7.277,7.174,7.221,542.56
1702771200000,7.221,7.268,7.133,7.17,698.49
1702785600000,7.17,7.308,7.093,7.102,934.12
1702800000000,7.102,7.198,7.093,7.193,296.81
1702814400000,7.193,7.197,7.013,7.122,765.79
1702828800000,7.122,7.233,7.086,7.157,538.91
1702843200000,7.157,7.192,6.943,6.96,515.8
1702857600000,6.96,7.029,6.813,6.89,2571.12
1702872000000,6.89,6.903,6.793,6.8,919.49
1702886400000,6.8,6.838,6.471,6.628,2033.25
1702900800000,6.628,6.748,6.571,6.643,746.69
1702915200000,6.643,6.718,6.619,6.706,564.46
1702929600000,6.706,6.936,6.667,6.933,524.82
1702944000000,6.933,7.048,6.892,6.996,645.61
1702958400000,6.996,7.073,6.96,7.057,795.92
1702972800000,7.057,7.107,7.01,7.056,2200.34
1702987200000,7.056,7.088,6.882,6.962,1413.83
1703001600000,6.962,6.988,6.803,6.942,932.5
1703016000000,6.942,6.969,6.86,6.892,249.5
1703030400000,6.892,6.959,6.832,6.921,402.44
1703044800000,6.921,7.147,6.917,7.147,713.59
1703059200000,7.147,7.426,7.127,7.399,2216.68
1703073600000,7.399,7.497,7.361,7.463,1627.69
1703088000000,7.463,7.478,7.333,7.34,1294.56
1703102400000,7.34,7.346,7.213,7.289,652.17
1703116800000,7.289,7.373,7.233,7.313,764.96
1703131200000,7.313,7.368,7.273,7.357,558.75
1703145600000,7.357,7.49,7.337,7.488,1048.59
1703160000000,7.488,7.537,7.333,7.426,1123.6
1703174400000,7.426,7.516,7.412,7.497,933.6
1703188800000,7.497,7.6,7.49,7.584,713.15
1703203200000,7.584,7.663,7.49,7.557,1005.78
1703217600000,7.557,7.578,7.362,7.417,1090.14
1703232000000,7.417,7.539,7.323,7.532,1088.74
1703246400000,7.532,7.571,7.412,7.553,726.35
1703260800000,7.553,7.601,7.476,7.483,603.59
1703275200000,7.483,7.63,7.479,7.617,336.62
1703289600000,7.617,7.627,7.351,7.357,901.99
1703304000000,7.357,7.454,7.325,7.385,769.76
1703318400000,7.385,7.567,7.377,7.459,659.37
1703332800000,7.459,7.51,7.446,7.487,591.73
1703347200000,7.487,7.54,7.468,7.533,495.38
1703361600000,7.533,7.697,7.524,7.675,644.78
1703376000000,7.675,7.937,7.603,7.932,1897.14
1703390400000,7.932,8.207,7.833,8.151,3367.11
1703404800000,8.151,8.167,7.916,7.964,1552.54
1703419200000,7.964,8.466,7.912,8.386,3866.97
1703433600000,8.386,9.486,8.172,9.18,13326.82
1703448000000,9.18,9.317,8.526,9.127,7666.63
1703462400000,9.127,9.266,8.783,9.084,6287.87
1703476800000,9.084,10.975,9.044,10.474,18747.15
1703491200000,10.474,11.075,10.344,11.053,16131.3
1703505600000,11.053,11.126,10.084,10.189,11966.08
1703520000000,10.189,10.316,9.864,10.101,4232.92
1703534400000,10.101,10.307,10.024,10.219,2231.03
1703548800000,10.219,10.696,10.165,10.421,7189.38
1703563200000,10.421,10.456,9.715,9.888,4385.52
1703577600000,9.888,10.3,9.564,10.108,4374.46
1703592000000,10.108,10.206,9.615,9.618,4175.48
1703606400000,9.618,9.776,9.142,9.451,2969.03
1703620800000,9.451,9.906,9.447,9.865,1749.65
1703635200000,9.865,9.896,9.302,9.318,1675.96
1703649600000,9.318,9.537,9.318,9.437,801.27
1703664000000,9.437,9.726,9.407,9.544,1656.17
1703678400000,9.544,9.744,9.506,9.584,2038.26
1703692800000,9.584,9.896,9.414,9.755,2960.59
1703707200000,9.755,9.849,9.575,9.736,1009.32
1703721600000,9.736,9.838,9.357,9.411,1746.54
1703736000000,9.411,9.467,9.182,9.31,1664.12
1703750400000,9.31,9.347,9.241,9.338,700.93
1703764800000,9.338,9.34,8.843,8.975,2411.54
1703779200000,8.975,9.109,8.899,9.066,575.3
1703793600000,9.066,9.176,8.954,9.1,688.46
1703808000000,9.1,9.476,9.094,9.376,3735.93
1703822400000,9.376,9.666,9.334,9.43,1809.75
1703836800000,9.43,9.635,9.405,9.417,1646.37
1703851200000,9.417,9.426,9.084,9.182,1348.71
1703865600000,9.182,9.216,8.934,9.131,1228.05
1703880000000,9.131,9.131,8.864,9.079,794.12
1703894400000,9.079,9.157,8.913,8.974,750.58
1703908800000,8.974,9.067,8.974,8.983,559.62
1703923200000,8.983,8.997,8.814,8.932,925.72
1703937600000,8.932,9.076,8.926,9.062,453.29
1703952000000,9.062,9.168,9.046,9.167,739.81
1703966400000,9.167,9.285,9.062,9.067,747.75
1703980800000,9.067,9.26,8.955,9.096,1024.78
1703995200000,9.096,9.186,9.076,9.133,460.22
1704009600000,9.133,9.228,9.084,9.194,425.52
1704024000000,9.194,9.231,9.09,9.186,665.52
1704038400000,9.186,9.226,9.152,9.161,539.13
1704052800000,9.161,9.174,8.561,8.841,1637.41
1704067200000,8.841,8.888,8.715,8.734,661.26
1704081600000,8.734,8.776,8.624,8.724,661.16
1704096000000,8.724,8.804,8.679,8.796,425.3
1704110400000,8.796,8.93,8.786,8.926,854.84
1704124800000,8.926,9.096,8.921,9.079,551.18
1704139200000,9.079,9.281,9.053,9.246,782.27
1704153600000,9.246,9.576,9.183,9.374,1922.78
1704168000000,9.374,9.454,9.334,9.409,589.29
1704182400000,9.409,9.552,9.382,9.426,1098.98
1704196800000,9.426,9.436,9.044,9.064,1119.49
1704211200000,9.064,9.074,8.804,8.894,1035.34
1704225600000,8.894,8.992,8.814,8.954,428.07
1704240000000,8.954,9.027,8.894,8.958,570.96
1704254400000,8.958,9.08,8.956,8.986,629.5
1704268800000,8.986,9.109,8.546,8.644,1539.51
1704283200000,8.644,8.648,7.219,8.058,9036.47
1704297600000,8.058,8.127,7.804,7.904,1651.99
1704312000000,7.904,8.064,7.893,7.94,711.34
1704326400000,7.94,8.467,7.752,8.386,2331.58
1704340800000,8.386,8.566,8.103,8.104,3054.02
1704355200000,8.104,8.297,8.05,8.216,1284.07
1704369600000,8.216,8.504,8.192,8.411,2041.5
1704384000000,8.411,8.459,8.324,8.397,488.69
1704398400000,8.397,8.489,8.364,8.384,520.24
1704412800000,8.384,8.467,8.005,8.111,1420.19
1704427200000,8.111,8.176,8.045,8.084,688.7
1704441600000,8.084,8.17,7.93,7.944,812.58
1704456000000,7.944,8.026,7.723,7.812,1548.02
1704470400000,7.812,7.879,7.662,7.805,853.5
1704484800000,7.805,7.967,7.802,7.967,271.84
1704499200000,7.967,8.136,7.923,7.994,1746.93
1704513600000,7.994,8.011,7.463,7.625,1682.57
1704528000000,7.625,7.788,7.562,7.788,839.57
1704542400000,7.788,8.057,7.693,7.964,991.03
1704556800000,7.964,8.087,7.95,8.011,559.35
1704571200000,8.011,8.225,7.964,8.116,2116.04
1704585600000,8.116,8.217,8.006,8.142,1374.92
1704600000000,8.142,8.177,8.08,8.119,587.44
1704614400000,8.119,8.134,7.873,7.927,1045.56
1704628800000,7.927,7.967,7.783,7.807,627.8
1704643200000,7.807,7.857,7.702,7.798,425.53
1704657600000,7.798,7.817,7.391,7.492,856.85
1704672000000,7.492,7.519,6.862,6.969,2685.48
1704686400000,6.969,7.298,6.943,7.198,1062.79
1704700800000,7.198,7.437,7.072,7.435,1032.1
1704715200000,7.435,7.567,7.386,7.494,1197.44
1704729600000,7.494,7.897,7.443,7.884,1357.29
1704744000000,7.884,7.95,7.803,7.913,591.52
1704758400000,7.913,7.929,7.692,7.804,892.14
1704772800000,7.804,7.949,7.792,7.824,703.26
1704787200000,7.824,7.887,7.577,7.663,1157.62
1704801600000,7.663,7.698,7.323,7.426,1837.96
1704816000000,7.426,7.446,7.241,7.317,657.96
1704830400000,7.317,7.52,7.193,7.477,1766.07
1704844800000,7.477,7.557,7.423,7.487,546.22
1704859200000,7.487,7.527,7.381,7.386,296.95
1704873600000,7.386,7.647,7.309,7.558,1200.37
1704888000000,7.558,7.577,7.228,7.556,1741.94
1704902400000,7.556,7.727,7.5,7.717,666.19
1704916800000,7.717,8.327,7.523,8.175,3573.05
1704931200000,8.175,8.786,8.093,8.568,5210.86
1704945600000,8.568,8.616,8.244,8.4,1171.43
1704960000000,8.4,8.737,8.383,8.691,1719.5
1704974400000,8.691,8.724,8.401,8.472,2390.06
1704988800000,8.472,8.529,8.253,8.506,1275.99
1705003200000,8.506,8.546,8.353,8.514,620.49
1705017600000,8.514,8.986,8.476,8.706,5331.62
1705032000000,8.706,8.729,8.507,8.551,1686.49
1705046400000,8.551,8.568,8.304,8.517,2634.36
1705060800000,8.517,8.6,8.264,8.308,1372.41
1705075200000,8.308,8.407,7.913,8.167,1834.87
1705089600000,8.167,8.217,7.644,7.934,1403.32
1705104000000,7.934,8.077,7.672,7.885,1261.03
1705118400000,7.885,8.05,7.873,8.006,440.9
1705132800000,8.006,8.067,7.934,8.026,448.63
1705147200000,8.026,8.266,8.026,8.186,775.58
1705161600000,8.186,8.194,8.092,8.155,333.76
1705176000000,8.155,8.224,8.136,8.186,267.11
1705190400000,8.186,8.199,8.016,8.023,435.7
1705204800000,8.023,8.144,7.926,8.091,545.51
1705219200000,8.091,8.136,8.062,8.084,594.97
1705233600000,8.084,8.107,8.001,8.073,631.87
1705248000000,8.073,8.084,7.852,7.852,567.63
1705262400000,7.852,7.967,7.763,7.786,654.76
1705276800000,7.786,7.997,7.785,7.946,648.76
1705291200000,7.946,7.997,7.862,7.886,431.51
1705305600000,7.886,7.963,7.863,7.945,318.6
1705320000000,7.945,8.007,7.763,7.777,923.71
1705334400000,7.777,8.039,7.763,7.918,1009.23
1705348800000,7.918,7.979,7.753,7.856,669.66
1705363200000,7.856,8.007,7.856,7.978,856.62
1705377600000,7.978,7.987,7.883,7.936,498.46
1705392000000,7.936,8.024,7.914,7.956,1042.01
1705406400000,7.956,8.176,7.824,8.114,2182.37
1705420800000,8.114,8.417,8.108,8.247,1877.37
1705435200000,8.247,8.427,8.236,8.318,712.74
1705449600000,8.318,8.447,8.173,8.173,935.86
1705464000000,8.173,8.177,8.002,8.016,948.47
1705478400000,8.016,8.217,7.963,8.157,921.91
1705492800000,8.157,8.177,7.993,8.016,1120.7
1705507200000,8.016,8.087,7.941,8.052,483.35
1705521600000,8.052,8.087,7.963,8.083,260.21
1705536000000,8.083,8.087,7.846,7.934,653.44
1705550400000,7.934,8.007,7.905,7.987,474.57
1705564800000,7.987,8.004,7.803,7.838,510.72
1705579200000,7.838,7.907,7.753,7.866,538.63
1705593600000,7.866,7.878,7.443,7.488,1115.79
1705608000000,7.488,7.627,7.488,7.593,578.64
1705622400000,7.593,7.816,7.497,7.766,2245.89
1705636800000,7.766,7.839,7.669,7.707,1008.03
1705651200000,7.707,7.717,7.605,7.673,1152.91
1705665600000,7.673,7.689,7.353,7.363,1693.93
1705680000000,7.363,7.537,7.111,7.533,2040.54
1705694400000,7.533,7.597,7.502,7.577,302.66
1705708800000,7.577,7.787,7.523,7.651,1600.57
1705723200000,7.651,7.713,7.636,7.643,170.06
1705737600000,7.643,7.777,7.63,7.717,503.96
1705752000000,7.717,7.937,7.702,7.773,1033.88
1705766400000,7.773,7.829,7.733,7.794,390.0
1705780800000,7.794,7.878,7.771,7.804,362.12
1705795200000,7.804,7.833,7.712,7.778,601.76
1705809600000,7.778,7.847,7.733,7.847,412.25
1705824000000,7.847,8.007,7.786,7.886,845.23
1705838400000,7.886,7.927,7.833,7.864,505.33
1705852800000,7.864,7.977,7.782,7.925,402.62
1705867200000,7.925,7.935,7.763,7.788,346.16
1705881600000,7.788,7.907,7.603,7.673,750.87
1705896000000,7.673,7.737,7.578,7.637,526.65
1705910400000,7.637,7.663,7.433,7.558,758.9
1705924800000,7.558,7.627,7.323,7.444,922.93
1705939200000,7.444,7.489,7.216,7.3,1404.95
1705953600000,7.3,7.409,7.245,7.273,784.74
1705968000000,7.273,7.408,7.213,7.371,448.71
1705982400000,7.371,7.409,7.151,7.174,612.68
1705996800000,7.174,7.237,6.722,6.907,2124.54
1706011200000,6.907,6.967,6.751,6.923,977.99
1706025600000,6.923,6.958,6.781,6.781,1393.81
1706040000000,6.781,7.058,6.765,7.057,846.89
1706054400000,7.057,7.247,7.018,7.083,1104.77
1706068800000,7.083,7.247,7.052,7.195,297.58
1706083200000,7.195,7.338,7.133,7.242,901.24
1706097600000,7.242,7.272,7.15,7.217,496.65
1706112000000,7.217,7.247,7.079,7.123,763.08
1706126400000,7.123,7.211,7.071,7.194,491.4
1706140800000,7.194,7.195,7.032,7.055,578.33
1706155200000,7.055,7.088,6.972,7.057,853.24
1706169600000,7.057,7.117,7.013,7.091,549.44
1706184000000,7.091,7.117,6.952,6.976,668.13
1706198400000,6.976,7.138,6.952,7.115,425.28
1706212800000,7.115,7.157,7.081,7.106,308.72
1706227200000,7.106,7.19,7.043,7.133,455.11
1706241600000,7.133,7.159,7.071,7.076,206.4
1706256000000,7.076,7.31,7.072,7.293,665.08
1706270400000,7.293,7.323,7.221,7.323,587.5
1706284800000,7.323,7.403,7.317,7.347,395.1
1706299200000,7.347,7.383,7.263,7.325,479.03
1706313600000,7.325,7.357,7.294,7.313,204.08
1706328000000,7.313,7.337,7.217,7.231,183.56
1706342400000,7.231,7.293,7.201,7.275,276.03
1706356800000,7.275,7.377,7.275,7.367,535.3
1706371200000,7.367,7.436,7.343,7.42,590.05
1706385600000,7.42,7.424,7.343,7.347,593.84
1706400000000,7.347,7.468,7.331,7.438,689.69
1706414400000,7.438,7.493,7.373,7.377,650.89
1706428800000,7.377,7.457,7.353,7.381,708.32
1706443200000,7.381,7.393,7.291,7.337,559.48
1706457600000,7.337,7.399,7.213,7.243,452.29
1706472000000,7.243,7.317,7.193,7.273,310.44
1706486400000,7.273,7.357,7.237,7.329,367.71
1706500800000,7.329,7.353,7.263,7.267,202.46
1706515200000,7.267,7.367,7.241,7.307,293.75
1706529600000,7.307,7.333,7.173,7.297,633.19
1706544000000,7.297,7.477,7.277,7.447,1597.84
1706558400000,7.447,7.488,7.447,7.482,312.12
1706572800000,7.482,7.577,7.45,7.463,1072.71
1706587200000,7.463,7.488,7.433,7.457,363.1
1706601600000,7.457,7.543,7.442,7.535,1441.04
1706616000000,7.535,7.657,7.383,7.567,1745.05
1706630400000,7.567,7.617,7.504,7.53,662.43
1706644800000,7.53,7.549,7.332,7.352,472.87
1706659200000,7.352,7.437,7.232,7.3,1085.41
1706673600000,7.3,7.313,7.241,7.253,700.54
1706688000000,7.253,7.258,7.002,7.055,1562.96
1706702400000,7.055,7.1,6.933,7.079,1614.2
1706716800000,7.079,7.118,7.022,7.055,971.56
1706731200000,7.055,7.067,6.883,6.964,1029.78
1706745600000,6.964,7.017,6.802,6.873,892.6
1706760000000,6.873,6.949,6.83,6.912,703.48
1706774400000,6.912,6.973,6.897,6.901,445.99
1706788800000,6.901,6.984,6.892,6.937,890.6
1706803200000,6.937,7.017,6.879,6.993,978.02
1706817600000,6.993,7.033,6.976,7.03,296.68
1706832000000,7.03,7.088,7.015,7.051,436.56
1706846400000,7.051,7.123,7.022,7.114,321.61
1706860800000,7.114,7.123,7.063,7.095,312.06
1706875200000,7.095,7.157,6.983,7.147,1333.04
1706889600000,7.147,7.167,7.043,7.073,1524.64
1706904000000,7.073,7.148,7.053,7.114,394.56
1706918400000,7.114,7.287,7.11,7.198,1527.42
1706932800000,7.198,7.247,7.192,7.193,641.77
1706947200000,7.193,7.287,7.193,7.217,591.02
1706961600000,7.217,7.238,7.112,7.163,577.49
1706976000000,7.163,7.2,7.152,7.177,294.94
1706990400000,7.177,7.19,7.133,7.137,250.47
1707004800000,7.137,7.139,7.043,7.066,539.44
1707019200000,7.066,7.068,6.961,7.003,871.49
1707033600000,7.003,7.077,6.963,7.068,272.47
1707048000000,7.068,7.117,7.047,7.068,472.17
1707062400000,7.068,7.088,6.979,7.018,470.37
1707076800000,7.018,7.077,6.923,6.964,613.37
1707091200000,6.964,7.007,6.864,7.0,816.05
1707105600000,7.0,7.067,6.987,7.045,301.81
1707120000000,7.045,7.256,6.932,7.009,4304.3
1707134400000,7.009,7.068,6.952,6.963,1806.33
1707148800000,6.963,6.981,6.923,6.933,670.1
1707163200000,6.933,6.933,6.803,6.864,886.46
1707177600000,6.864,6.873,6.813,6.863,1284.05
1707192000000,6.863,6.877,6.813,6.847,614.42
1707206400000,6.847,6.923,6.832,6.859,695.39
1707220800000,6.859,6.902,6.842,6.891,676.27
1707235200000,6.891,6.966,6.873,6.966,814.36
1707249600000,6.966,6.987,6.947,6.95,331.84
1707264000000,6.95,7.057,6.95,6.998,683.37
1707278400000,6.998,7.013,6.853,6.877,1126.48
1707292800000,6.877,6.927,6.867,6.903,293.0
1707307200000,6.903,7.026,6.887,7.008,701.34
1707321600000,7.008,7.117,6.997,7.076,1058.15
1707336000000,7.076,7.153,7.076,7.136,500.5
1707350400000,7.136,7.185,7.111,7.161,746.49
1707364800000,7.161,7.171,7.127,7.153,583.28
1707379200000,7.153,7.181,7.142,7.147,575.92
1707393600000,7.147,7.247,7.112,7.23,924.24
1707408000000,7.23,7.249,7.103,7.22,1444.96
1707422400000,7.22,7.292,7.22,7.234,616.58
1707436800000,7.234,7.345,7.202,7.293,1419.4
1707451200000,7.293,7.357,7.262,7.357,376.88
1707465600000,7.357,7.401,7.337,7.401,797.28
1707480000000,7.401,7.418,7.293,7.355,962.32
1707494400000,7.355,7.458,7.33,7.396,1001.5
1707508800000,7.396,7.468,7.394,7.447,352.11
1707523200000,7.447,7.537,7.433,7.498,1003.83
1707537600000,7.498,7.507,7.433,7.44,366.28
1707552000000,7.44,7.44,7.293,7.347,714.69
1707566400000,7.347,7.459,7.342,7.432,379.25
1707580800000,7.432,7.507,7.42,7.494,518.86
1707595200000,7.494,7.537,7.442,7.442,534.65
1707609600000,7.442,7.627,7.421,7.546,1111.36
1707624000000,7.546,7.621,7.527,7.587,508.65
1707638400000,7.587,7.709,7.577,7.603,1312.69
1707652800000,7.603,7.603,7.454,7.478,1064.63
1707667200000,7.478,7.537,7.473,7.527,378.71
1707681600000,7.527,7.533,7.433,7.483,1122.29
1707696000000,7.483,7.828,7.475,7.683,2923.88
1707710400000,7.683,7.698,7.583,7.646,447.63
1707724800000,7.646,7.707,7.483,7.537,1278.73
1707739200000,7.537,7.846,7.512,7.783,2379.95
1707753600000,7.783,7.916,7.73,7.804,1813.13
1707768000000,7.804,7.844,7.793,7.834,322.61
1707782400000,7.834,7.907,7.653,7.673,726.09
1707796800000,7.673,7.75,7.661,7.727,358.91
1707811200000,7.727,7.757,7.653,7.688,694.8
1707825600000,7.688,7.703,7.413,7.473,1921.65
1707840000000,7.473,7.593,7.441,7.563,618.59
1707854400000,7.563,7.617,7.556,7.594,274.01
1707868800000,7.594,7.6,7.52,7.594,328.68
1707883200000,7.594,7.671,7.566,7.671,339.09
1707897600000,7.671,7.897,7.647,7.883,1816.3
1707912000000,7.883,7.934,7.773,7.836,1066.83
1707926400000,7.836,7.844,7.751,7.811,463.47
1707940800000,7.811,7.871,7.796,7.87,406.07
1707955200000,7.87,8.008,7.782,7.994,1986.85
1707969600000,7.994,8.024,7.824,7.966,1099.28
1707984000000,7.966,8.074,7.942,8.044,1346.36
1707998400000,8.044,8.176,7.993,8.048,2299.33
1708012800000,8.048,8.142,7.962,8.124,780.05
1708027200000,8.124,8.144,7.953,8.036,690.52
1708041600000,8.036,8.344,8.036,8.195,2287.33
1708056000000,8.195,8.213,8.041,8.042,1375.38
1708070400000,8.042,8.111,7.923,8.086,874.77
1708084800000,8.086,8.208,7.856,7.997,1294.89
1708099200000,7.997,8.094,7.929,7.952,535.72
1708113600000,7.952,8.107,7.946,8.085,427.3
1708128000000,8.085,8.248,8.023,8.144,895.91
1708142400000,8.144,8.18,8.106,8.162,400.31
1708156800000,8.162,8.162,7.933,7.986,995.59
1708171200000,7.986,7.995,7.643,7.794,1256.79
1708185600000,7.794,7.921,7.774,7.907,497.45
1708200000000,7.907,7.997,7.896,7.948,345.8
1708214400000,7.948,7.997,7.852,7.948,1017.14
1708228800000,7.948,8.11,7.943,8.06,841.17
1708243200000,8.06,8.287,8.046,8.282,2005.04
1708257600000,8.282,8.297,8.164,8.274,1208.88
1708272000000,8.274,8.274,8.172,8.186,667.73
1708286400000,8.186,8.251,8.11,8.193,537.71
1708300800000,8.193,8.282,8.164,8.248,823.76
1708315200000,8.248,8.349,8.228,8.346,953.81
1708329600000,8.346,8.349,8.166,8.193,2880.51
1708344000000,8.193,8.227,8.123,8.214,843.92
1708358400000,8.214,8.327,8.134,8.272,1080.53
1708372800000,8.272,8.537,8.241,8.396,1244.46
1708387200000,8.396,8.526,8.153,8.154,1539.71
1708401600000,8.154,8.356,8.125,8.303,1067.0
1708416000000,8.303,8.367,8.086,8.326,1511.39
1708430400000,8.326,8.426,7.813,7.972,3040.58
1708444800000,7.972,8.127,7.893,8.127,1330.91
1708459200000,8.127,8.267,8.103,8.172,791.42
1708473600000,8.172,8.177,7.993,8.02,714.48
1708488000000,8.02,8.034,7.784,7.83,626.5
1708502400000,7.83,7.877,7.592,7.613,1971.21
1708516800000,7.613,7.738,7.52,7.636,1692.53
1708531200000,7.636,7.667,7.453,7.577,730.86
1708545600000,7.577,7.778,7.55,7.774,681.3
1708560000000,7.774,7.774,7.573,7.653,531.32
1708574400000,7.653,7.83,7.63,7.824,605.52
1708588800000,7.824,7.884,7.763,7.776,1532.89
1708603200000,7.776,7.807,7.623,7.798,930.28
1708617600000,7.798,7.888,7.751,7.847,609.99
1708632000000,7.847,7.927,7.716,7.786,2023.37
1708646400000,7.786,7.877,7.683,7.727,1024.43
1708660800000,7.727,7.936,7.662,7.763,736.31
1708675200000,7.763,7.823,7.657,7.792,579.75
1708689600000,7.792,7.847,7.672,7.702,1568.68
1708704000000,7.702,7.864,7.566,7.847,1544.77
1708718400000,7.847,7.896,7.694,7.794,491.21
1708732800000,7.794,7.897,7.662,7.862,1438.62
1708747200000,7.862,7.974,7.824,7.974,632.36
1708761600000,7.974,8.1,7.902,8.076,1500.32
1708776000000,8.076,8.095,7.983,8.046,635.81
1708790400000,8.046,8.114,8.017,8.088,538.52
1708804800000,8.088,8.104,8.053,8.08,342.8
1708819200000,8.08,8.118,7.981,8.036,592.39
1708833600000,8.036,8.058,7.983,8.026,354.29
1708848000000,8.026,8.04,7.944,8.026,378.6
1708862400000,8.026,8.136,7.995,8.056,790.18
1708876800000,8.056,8.106,8.02,8.084,499.19
1708891200000,8.084,8.148,8.073,8.134,507.49
1708905600000,8.134,8.154,8.036,8.138,1084.9
1708920000000,8.138,8.554,8.118,8.336,4736.88
1708934400000,8.336,8.445,8.143,8.263,3151.17
1708948800000,8.263,8.482,8.217,8.464,3036.27
1708963200000,8.464,8.689,8.443,8.655,2951.83
1708977600000,8.655,8.694,8.609,8.646,1268.59
1708992000000,8.646,8.79,8.52,8.54,2965.76
1709006400000,8.54,8.66,8.529,8.641,2169.47
1709020800000,8.641,8.761,8.586,8.723,1702.16
1709035200000,8.723,8.756,8.514,8.559,1903.25
1709049600000,8.559,8.929,8.52,8.777,3663.46
1709064000000,8.777,8.98,8.744,8.934,1428.81
1709078400000,8.934,8.982,8.723,8.732,1784.2
1709092800000,8.732,8.876,8.731,8.862,1116.96
1709107200000,8.862,9.151,8.815,8.912,3702.33
1709121600000,8.912,9.118,8.906,9.014,2285.24
1709136000000,9.014,9.465,8.3,8.833,8352.05
1709150400000,8.833,9.21,8.79,9.04,1580.01
1709164800000,9.04,9.166,8.92,9.106,2092.34
1709179200000,9.106,9.38,9.069,9.377,2311.68
1709193600000,9.377,9.642,9.284,9.369,3208.43
1709208000000,9.369,9.578,9.261,9.496,2614.01
1709222400000,9.496,9.515,9.229,9.361,2269.8
1709236800000,9.361,9.632,8.913,9.578,3688.16
1709251200000,9.578,9.598,9.386,9.416,1761.59
1709265600000,9.416,9.616,9.259,9.279,3146.64
1709280000000,9.279,9.54,9.246,9.438,1539.45
1709294400000,9.438,9.799,9.424,9.594,2971.78
1709308800000,9.594,9.69,9.501,9.665,3472.09
1709323200000,9.665,9.978,9.665,9.892,1300.9
1709337600000,9.892,10.296,9.834,10.201,4181.47
1709352000000,10.201,10.285,9.871,10.06,1675.33
1709366400000,10.06,10.17,9.878,10.13,2025.34
1709380800000,10.13,10.518,10.086,10.218,4296.52
1709395200000,10.218,10.365,10.164,10.301,1697.02
1709409600000,10.301,10.827,10.265,10.696,3179.38
1709424000000,10.696,11.569,10.415,11.348,10248.83
1709438400000,11.348,11.414,9.77,10.311,6743.91
1709452800000,10.311,10.418,10.012,10.298,4237.63
1709467200000,10.298,10.424,10.219,10.417,2633.32
1709481600000,10.417,10.529,10.244,10.309,2323.45
1709496000000,10.309,10.396,10.24,10.297,1416.55
1709510400000,10.297,10.473,10.07,10.301,3461.59
1709524800000,10.301,10.69,10.201,10.596,3241.87
1709539200000,10.596,10.972,10.471,10.763,4548.92
1709553600000,10.763,10.913,10.45,10.684,2984.57
1709568000000,10.684,10.776,10.317,10.63,2824.76
1709582400000,10.63,10.718,10.448,10.67,1430.03
1709596800000,10.67,10.675,10.32,10.434,2717.58
1709611200000,10.434,10.739,10.077,10.472,3602.51
1709625600000,10.472,11.079,10.407,10.835,2695.35
1709640000000,10.835,10.978,10.494,10.685,3086.89
1709654400000,10.685,10.763,8.701,9.26,8258.05
1709668800000,9.26,9.793,9.133,9.75,4068.2
1709683200000,9.75,9.79,9.256,9.381,1636.96
1709697600000,9.381,10.157,9.378,10.155,1842.77
1709712000000,10.155,10.303,9.866,10.073,3095.66
1709726400000,10.073,10.116,9.64,9.86,2623.1
1709740800000,9.86,10.168,9.843,10.069,1804.35
1709755200000,10.069,10.499,10.038,10.398,2051.19
1709769600000,10.398,10.869,10.295,10.647,5103.6
1709784000000,10.647,10.838,10.488,10.681,1991.57
1709798400000,10.681,10.771,10.541,10.638,1867.29
1709812800000,10.638,10.794,10.507,10.702,2577.84
1709827200000,10.702,10.875,10.56,10.794,1707.17
1709841600000,10.794,10.828,10.655,10.703,1080.46
1709856000000,10.703,10.878,10.523,10.606,1172.43
1709870400000,10.606,10.666,10.476,10.635,761.83
1709884800000,10.635,10.778,10.541,10.633,1601.42
1709899200000,10.633,10.656,10.087,10.278,2486.75
1709913600000,10.278,10.619,10.058,10.582,2840.65
1709928000000,10.582,10.771,10.562,10.703,1254.91
1709942400000,10.703,10.965,10.559,10.84,1983.04
1709956800000,10.84,11.105,10.721,10.945,3055.01
1709971200000,10.945,12.314,10.836,12.298,11822.01
1709985600000,12.298,12.815,12.043,12.413,11535.52
1710000000000,12.413,12.487,12.038,12.285,3634.02
1710014400000,12.285,12.456,12.201,12.405,1934.22
1710028800000,12.405,13.481,12.311,13.086,12553.46
1710043200000,13.086,13.266,12.779,12.894,4228.95
1710057600000,12.894,13.409,12.667,12.854,5249.63
1710072000000,12.854,12.995,12.459,12.882,4559.46
1710086400000,12.882,13.276,12.797,12.819,3607.36
1710100800000,12.819,12.822,12.42,12.563,2629.6
1710115200000,12.563,12.566,11.773,12.214,4608.99
1710129600000,12.214,12.419,12.014,12.352,2129.09
1710144000000,12.352,12.534,12.206,12.385,3385.03
1710158400000,12.385,12.664,12.267,12.344,2596.75
1710172800000,12.344,12.517,12.127,12.374,1836.01
1710187200000,12.374,12.61,12.372,12.518,1193.14
1710201600000,12.518,13.294,12.518,12.698,8264.64
1710216000000,12.698,12.859,12.463,12.576,1712.16
1710230400000,12.576,12.843,12.147,12.421,2603.4
1710244800000,12.421,12.642,12.21,12.503,2224.35
1710259200000,12.503,12.534,11.708,12.385,3105.89
1710273600000,12.385,12.723,12.179,12.675,1705.99
1710288000000,12.675,12.763,12.458,12.738,1471.96
1710302400000,12.738,12.921,12.636,12.771,1544.08
1710316800000,12.771,13.036,12.641,12.659,1830.17
1710331200000,12.659,12.755,12.237,12.345,2706.6
1710345600000,12.345,12.583,12.305,12.533,939.12
1710360000000,12.533,12.696,12.408,12.678,842.62
1710374400000,12.678,12.681,12.388,12.492,1326.69
1710388800000,12.492,12.635,12.325,12.502,1252.48
1710403200000,12.502,12.883,12.3,12.444,2819.17
1710417600000,12.444,12.522,11.777,11.876,3036.43
1710432000000,11.876,12.077,11.39,11.609,3236.2
1710446400000,11.609,12.225,11.609,12.222,1235.95
1710460800000,12.222,12.28,10.855,11.325,3509.4
1710475200000,11.325,11.421,11.051,11.367,2054.6
1710489600000,11.367,11.378,10.348,10.95,3904.61
1710504000000,10.95,11.172,10.89,11.02,1303.45
1710518400000,11.02,11.481,10.894,11.131,1526.78
1710532800000,11.131,11.349,10.855,11.339,1088.41
1710547200000,11.339,11.456,11.242,11.447,1150.99
1710561600000,11.447,11.888,11.207,11.875,2176.76
1710576000000,11.875,11.879,11.269,11.355,1642.54
1710590400000,11.355,11.382,10.866,11.142,2147.18
1710604800000,11.142,11.145,10.256,10.444,2536.5
1710619200000,10.444,10.63,10.12,10.369,1365.61
1710633600000,10.369,10.708,10.249,10.644,2117.87
1710648000000,10.644,10.645,9.84,10.264,1612.09
1710662400000,10.264,10.72,10.191,10.568,1641.0
1710676800000,10.568,10.85,10.367,10.789,1168.4
1710691200000,10.789,10.849,10.672,10.845,1326.2
1710705600000,10.845,10.983,10.752,10.836,813.35
1710720000000,10.836,10.846,10.45,10.716,953.6
1710734400000,10.716,10.955,10.628,10.753,1148.14
1710748800000,10.753,10.755,10.475,10.607,872.64
1710763200000,10.607,10.649,10.125,10.315,1355.32
1710777600000,10.315,10.394,9.958,10.031,1194.63
1710792000000,10.031,10.325,10.031,10.223,828.06
1710806400000,10.223,10.337,9.394,9.677,3260.85
1710820800000,9.677,9.739,9.061,9.493,2911.69
1710835200000,9.493,9.493,8.965,9.364,2075.79
1710849600000,9.364,9.681,9.255,9.672,1578.52
1710864000000,9.672,9.819,9.608,9.743,1344.39
1710878400000,9.743,9.756,9.085,9.333,3762.46
1710892800000,9.333,9.538,9.208,9.234,1702.92
1710907200000,9.234,9.601,8.867,9.534,1784.56
1710921600000,9.534,9.628,9.375,9.599,910.48
1710936000000,9.599,9.72,9.452,9.556,1283.01
1710950400000,9.556,10.059,9.149,10.017,2102.96
1710964800000,10.017,10.233,9.984,10.164,1119.55
1710979200000,10.164,10.335,10.098,10.167,1952.37
1710993600000,10.167,10.214,9.894,10.045,878.88
1711008000000,10.045,10.163,9.997,10.118,606.99
1711022400000,10.118,10.218,9.952,10.011,901.18
1711036800000,10.011,10.215,9.795,10.037,1086.39
1711051200000,10.037,10.181,9.913,10.119,523.08
1711065600000,10.119,10.242,9.942,10.236,914.94
1711080000000,10.236,10.594,10.145,10.387,1960.02
1711094400000,10.387,10.503,9.967,10.004,1281.51
1711108800000,10.004,10.135,9.631,9.95,1453.67
1711123200000,9.95,10.009,9.813,9.946,724.84
1711137600000,9.946,9.976,9.707,9.97,412.85
1711152000000,9.97,10.108,9.805,9.928,452.49
1711166400000,9.928,10.264,9.918,10.238,712.69
1711180800000,10.238,10.327,10.173,10.264,673.04
1711195200000,10.264,10.525,10.246,10.511,980.84
1711209600000,10.511,10.63,10.439,10.553,1379.35
1711224000000,10.553,10.653,10.325,10.34,815.0
1711238400000,10.34,10.498,10.21,10.21,819.45
1711252800000,10.21,10.336,10.17,10.282,523.18
1711267200000,10.282,10.399,10.262,10.314,387.95
1711281600000,10.314,10.438,10.288,10.344,633.18
1711296000000,10.344,10.415,10.151,10.384,768.92
1711310400000,10.384,10.611,10.362,10.547,545.72
1711324800000,10.547,10.773,10.486,10.66,1483.85
1711339200000,10.66,10.698,10.477,10.487,610.99
1711353600000,10.487,10.678,10.483,10.537,761.94
1711368000000,10.537,10.9,10.457,10.858,2001.99
1711382400000,10.858,11.011,10.816,11.003,1555.67
1711396800000,11.003,11.013,10.778,10.841,577.01
1711411200000,10.841,11.188,10.815,11.164,833.0
1711425600000,11.164,11.328,11.109,11.188,1104.54
1711440000000,11.188,11.426,11.138,11.28,892.36
1711454400000,11.28,11.346,10.958,11.169,1593.14
1711468800000,11.169,11.46,11.12,11.255,1735.26
1711483200000,11.255,11.462,11.24,11.417,584.34
1711497600000,11.417,11.944,11.338,11.614,2738.45
1711512000000,11.614,11.726,10.965,11.025,2864.04
1711526400000,11.025,11.169,10.824,11.163,1301.68
1711540800000,11.163,11.409,10.785,10.858,2591.85
1711555200000,10.858,11.076,10.773,10.951,1157.35
1711569600000,10.951,11.052,10.864,10.911,438.71
1711584000000,10.911,11.194,10.714,10.881,2113.91
1711598400000,10.881,11.271,10.871,11.263,709.56
1711612800000,11.263,11.404,11.172,11.291,935.06
1711627200000,11.291,11.303,11.103,11.23,699.65
1711641600000,11.23,11.242,11.146,11.177,320.88
1711656000000,11.177,11.286,11.117,11.196,590.34
1711670400000,11.196,11.196,10.908,10.973,724.98
1711684800000,10.973,11.074,10.764,10.791,761.1
1711699200000,10.791,11.17,10.791,11.153,1082.16
1711713600000,11.153,11.433,11.025,11.093,1423.6
1711728000000,11.093,11.3,10.986,11.069,771.56
1711742400000,11.069,11.2,10.916,11.155,590.06
1711756800000,11.155,11.374,11.037,11.108,1119.23
1711771200000,11.108,11.29,11.062,11.065,526.37
1711785600000,11.065,11.129,10.996,11.098,898.68
1711800000000,11.098,11.118,10.958,10.988,800.71
1711814400000,10.988,11.046,10.889,10.983,688.2
1711828800000,10.983,10.988,10.739,10.816,560.54
1711843200000,10.816,10.914,10.766,10.803,760.74
1711857600000,10.803,10.996,10.772,10.946,341.35
1711872000000,10.946,10.958,10.868,10.94,409.51
1711886400000,10.94,10.965,10.833,10.878,558.47
1711900800000,10.878,10.978,10.869,10.963,347.13
1711915200000,10.963,11.029,10.84,11.027,422.89
1711929600000,11.027,11.093,10.89,10.907,500.33
1711944000000,10.907,10.937,10.169,10.484,1880.11
1711958400000,10.484,10.484,10.29,10.326,654.96
1711972800000,10.326,10.475,10.044,10.079,1067.2
1711987200000,10.079,10.224,9.978,10.224,604.38
1712001600000,10.224,10.298,10.199,10.26,338.75
1712016000000,10.26,10.261,9.519,9.717,2494.74
1712030400000,9.717,9.835,9.596,9.734,951.0
1712044800000,9.734,9.759,9.458,9.629,1215.94
1712059200000,9.629,9.755,9.465,9.527,1044.82
1712073600000,9.527,9.638,9.496,9.592,543.53
1712088000000,9.592,9.663,9.48,9.496,544.8
1712102400000,9.496,9.671,9.177,9.657,960.63
1712116800000,9.657,9.797,9.624,9.727,930.93
1712131200000,9.727,9.862,9.642,9.693,578.99
1712145600000,9.693,9.764,9.541,9.625,696.79
1712160000000,9.625,9.708,9.438,9.498,453.94
1712174400000,9.498,9.579,9.306,9.52,302.81
1712188800000,9.52,9.639,9.349,9.37,505.34
1712203200000,9.37,9.635,9.262,9.593,472.95
1712217600000,9.593,9.683,9.578,9.662,220.24
1712232000000,9.662,9.856,9.652,9.8,1252.63
1712246400000,9.8,9.968,9.769,9.77,444.08
1712260800000,9.77,9.782,9.574,9.762,477.49
1712275200000,9.762,9.78,9.502,9.693,488.45
1712289600000,9.693,9.693,9.385,9.502,634.99
1712304000000,9.502,9.589,9.263,9.27,716.13
1712318400000,9.27,9.666,9.198,9.66,909.11
1712332800000,9.66,9.687,9.561,9.623,429.94
1712347200000,9.623,9.677,9.578,9.584,211.52
1712361600000,9.584,9.703,9.529,9.7,379.88
1712376000000,9.7,9.735,9.654,9.69,190.89
1712390400000,9.69,9.757,9.657,9.672,275.26
1712404800000,9.672,9.702,9.594,9.678,276.73
1712419200000,9.678,9.743,9.668,9.68,274.65
1712433600000,9.68,9.789,9.663,9.721,227.85
1712448000000,9.721,9.842,9.671,9.796,329.54
1712462400000,9.796,9.815,9.73,9.752,472.25
1712476800000,9.752,9.816,9.714,9.807,336.71
1712491200000,9.807,9.882,9.765,9.779,561.34
1712505600000,9.779,9.86,9.695,9.713,767.3
1712520000000,9.713,9.823,9.687,9.817,524.06
1712534400000,9.817,9.898,9.589,9.623,580.23
1712548800000,9.623,10.007,9.586,9.968,546.05
1712563200000,9.968,10.36,9.962,10.358,1551.88
1712577600000,10.358,10.654,10.328,10.477,2081.81
1712592000000,10.477,10.55,10.381,10.475,825.11
1712606400000,10.475,10.501,10.442,10.445,409.22
1712620800000,10.445,10.485,10.241,10.265,670.07
1712635200000,10.265,10.375,10.101,10.13,695.53
1712649600000,10.13,10.333,9.968,10.333,1001.97
1712664000000,10.333,10.356,9.88,10.062,1057.04
1712678400000,10.062,10.112,9.904,10.06,543.31
1712692800000,10.06,10.098,9.861,9.909,337.25
1712707200000,9.909,9.958,9.607,9.793,927.02
1712721600000,9.793,9.87,9.752,9.791,277.23
1712736000000,9.791,9.812,9.527,9.622,727.27
1712750400000,9.622,9.633,9.205,9.491,1241.11
1712764800000,9.491,9.697,9.45,9.605,571.25
1712779200000,9.605,9.723,9.529,9.684,431.17
1712793600000,9.684,9.71,9.591,9.621,381.48
1712808000000,9.621,9.739,9.55,9.72,645.12
1712822400000,9.72,9.789,9.48,9.498,452.32
1712836800000,9.498,9.692,9.462,9.568,833.88
1712851200000,9.568,9.59,9.417,9.521,733.54
1712865600000,9.521,9.584,9.487,9.546,290.92
1712880000000,9.546,9.659,9.529,9.645,516.73
1712894400000,9.645,9.673,9.491,9.516,498.28
1712908800000,9.516,9.556,9.457,9.523,314.77
1712923200000,9.523,9.524,9.094,9.111,1117.1
1712937600000,9.111,9.111,7.734,7.836,7695.97
1712952000000,7.836,8.034,7.807,7.996,2165.94
1712966400000,7.996,7.997,7.598,7.829,2651.64
1712980800000,7.829,7.955,7.793,7.858,989.61
1712995200000,7.858,7.987,7.812,7.888,790.79
1713009600000,7.888,7.967,7.813,7.839,761.98
1713024000000,7.839,7.862,6.724,6.85,3350.46
1713038400000,6.85,7.491,6.157,7.022,6544.45
1713052800000,7.022,7.03,6.545,6.728,3924.87
1713067200000,6.728,7.256,6.7,7.214,1619.42
1713081600000,7.214,7.291,6.967,7.018,1095.4
1713096000000,7.018,7.197,6.884,7.03,1373.22
1713110400000,7.03,7.224,6.808,7.049,1401.66
1713124800000,7.049,7.415,6.923,7.325,941.85
1713139200000,7.325,7.325,7.07,7.132,956.34
1713153600000,7.132,7.546,7.016,7.436,1848.13
1713168000000,7.436,7.553,7.313,7.353,989.37
1713182400000,7.353,7.445,6.989,7.137,1218.79
1713196800000,7.137,7.197,6.657,6.911,1495.47
1713211200000,6.911,6.976,6.752,6.91,451.02
1713225600000,6.91,7.033,6.792,6.85,1105.28
1713240000000,6.85,7.092,6.627,7.064,906.18
1713254400000,7.064,7.095,6.74,7.007,886.32
1713268800000,7.007,7.028,6.67,6.69,1159.59
1713283200000,6.69,6.989,6.652,6.906,639.35
1713297600000,6.906,7.084,6.896,7.022,378.96
1713312000000,7.022,7.048,6.897,6.954,388.58
1713326400000,6.954,7.062,6.914,6.984,504.27
1713340800000,6.984,7.018,6.826,6.828,475.99
1713355200000,6.828,6.935,6.661,6.691,1041.45
1713369600000,6.691,7.131,6.621,6.993,851.1
1713384000000,6.993,7.067,6.892,6.902,276.71
1713398400000,6.902,7.062,6.739,7.016,529.48
1713412800000,7.016,7.057,6.798,6.839,364.46
1713427200000,6.839,7.052,6.762,6.982,494.84
1713441600000,6.982,7.13,6.833,7.088,842.52
1713456000000,7.088,7.111,6.887,7.038,433.87
1713470400000,7.038,7.113,7.01,7.074,221.72
1713484800000,7.074,7.074,6.473,6.772,2344.44
1713499200000,6.772,7.21,6.77,7.07,1164.09
1713513600000,7.07,7.161,6.961,6.964,2078.67
1713528000000,6.964,7.047,6.865,7.015,1664.6
1713542400000,7.015,7.062,6.9,7.043,525.55
1713556800000,7.043,7.051,6.832,6.944,641.57
1713571200000,6.944,7.006,6.833,6.953,298.57
1713585600000,6.953,7.14,6.95,7.127,422.52
1713600000000,7.127,7.141,7.024,7.123,472.36
1713614400000,7.123,7.349,7.094,7.349,552.47
1713628800000,7.349,7.661,7.301,7.658,1551.84
1713643200000,7.658,7.674,7.576,7.638,441.49
1713657600000,7.638,7.747,7.508,7.663,545.16
1713672000000,7.663,7.755,7.63,7.745,344.58
1713686400000,7.745,7.809,7.655,7.714,468.66
1713700800000,7.714,7.717,7.551,7.617,402.89
1713715200000,7.617,7.629,7.439,7.538,336.02
1713729600000,7.538,7.636,7.509,7.562,186.88
1713744000000,7.562,7.822,7.557,7.774,580.78
1713758400000,7.774,7.856,7.713,7.722,736.09
1713772800000,7.722,7.772,7.663,7.691,531.76
1713787200000,7.691,7.755,7.622,7.726,455.07
1713801600000,7.726,7.777,7.646,7.729,445.99
1713816000000,7.729,7.825,7.705,7.753,262.04
1713830400000,7.753,7.82,7.637,7.648,439.32
1713844800000,7.648,7.715,7.575,7.603,576.84
1713859200000,7.603,7.683,7.556,7.58,458.58
1713873600000,7.58,7.747,7.563,7.674,637.13
1713888000000,7.674,7.739,7.645,7.735,459.41
1713902400000,7.735,7.773,7.632,7.708,285.24
1713916800000,7.708,7.839,7.664,7.764,459.84
1713931200000,7.764,8.142,7.75,8.024,2015.62
1713945600000,8.024,8.411,7.932,8.344,2524.76
1713960000000,8.344,8.371,7.692,7.712,2789.97
1713974400000,7.712,7.782,7.565,7.674,1555.51
1713988800000,7.674,7.695,7.414,7.511,607.9
1714003200000,7.511,7.596,7.369,7.411,831.98
1714017600000,7.411,7.43,7.267,7.315,918.07
1714032000000,7.315,7.358,7.148,7.258,829.23
1714046400000,7.258,7.422,7.148,7.412,731.0
1714060800000,7.412,7.467,7.365,7.416,553.59
1714075200000,7.416,7.504,7.363,7.365,315.17
1714089600000,7.365,7.384,7.148,7.297,524.47
1714104000000,7.297,7.371,7.254,7.283,381.54
1714118400000,7.283,7.333,7.183,7.255,525.75
1714132800000,7.255,7.389,7.136,7.254,662.58
1714147200000,7.254,7.348,7.232,7.319,417.22
1714161600000,7.319,7.389,7.247,7.296,423.57
1714176000000,7.296,7.322,6.973,7.224,820.62
1714190400000,7.224,7.261,7.191,7.213,318.71
1714204800000,7.213,7.291,7.156,7.199,329.31
1714219200000,7.199,7.389,7.183,7.28,610.13
1714233600000,7.28,7.529,7.242,7.448,613.46
1714248000000,7.448,7.474,7.403,7.433,174.59
1714262400000,7.433,7.611,7.425,7.554,478.32
1714276800000,7.554,7.574,7.491,7.523,273.93
1714291200000,7.523,7.533,7.366,7.379,421.31
1714305600000,7.379,7.475,7.352,7.432,408.69
1714320000000,7.432,7.518,7.423,7.452,146.06
1714334400000,7.452,7.466,7.25,7.273,391.72
1714348800000,7.273,7.361,7.101,7.109,558.05
1714363200000,7.109,7.204,6.968,7.052,770.85
1714377600000,7.052,7.084,6.969,7.029,745.2
1714392000000,7.029,7.129,6.975,7.128,1059.49
1714406400000,7.128,7.134,6.991,7.04,253.18
1714420800000,7.04,7.213,6.965,7.143,344.68
1714435200000,7.143,7.255,7.034,7.211,483.0
1714449600000,7.211,7.23,7.072,7.086,187.2
1714464000000,7.086,7.107,6.776,6.785,1349.35
1714478400000,6.785,6.816,6.601,6.645,1923.72
1714492800000,6.645,6.645,6.479,6.512,1188.63
1714507200000,6.512,6.809,6.512,6.737,825.19
1714521600000,6.737,6.774,6.619,6.745,456.51
1714536000000,6.745,6.796,6.512,6.559,810.15
1714550400000,6.559,6.676,6.388,6.676,1042.68
1714564800000,6.676,6.777,6.545,6.688,1079.25
1714579200000,6.688,7.08,6.647,6.867,1074.2
1714593600000,6.867,7.038,6.825,6.996,408.32
1714608000000,6.996,7.009,6.778,6.913,421.68
1714622400000,6.913,6.951,6.859,6.901,211.13
1714636800000,6.901,7.145,6.884,7.12,526.21
1714651200000,7.12,7.241,7.05,7.201,664.1
1714665600000,7.201,7.297,7.183,7.258,443.7
1714680000000,7.258,7.366,7.207,7.281,292.93
1714694400000,7.281,7.38,7.233,7.319,287.19
1714708800000,7.319,7.371,7.264,7.295,479.75
1714723200000,7.295,7.336,7.171,7.242,235.0
1714737600000,7.242,7.577,7.229,7.544,1054.77
1714752000000,7.544,7.565,7.491,7.517,453.04
1714766400000,7.517,7.579,7.509,7.513,264.2
1714780800000,7.513,7.55,7.423,7.469,254.21
1714795200000,7.469,7.502,7.398,7.406,175.01
1714809600000,7.406,7.585,7.399,7.456,383.84
1714824000000,7.456,7.519,7.418,7.496,382.86
1714838400000,7.496,7.509,7.424,7.503,212.1
1714852800000,7.503,7.519,7.416,7.439,163.58
1714867200000,7.439,7.457,7.319,7.367,454.18
1714881600000,7.367,7.42,7.306,7.396,256.92
1714896000000,7.396,7.453,7.386,7.423,225.6
1714910400000,7.423,7.599,7.364,7.58,343.59
1714924800000,7.58,7.583,7.439,7.465,208.34
1714939200000,7.465,7.512,7.443,7.504,107.58
1714953600000,7.504,7.54,7.392,7.425,397.73
1714968000000,7.425,7.613,7.397,7.602,410.11
1714982400000,7.602,7.742,7.49,7.594,725.48
1714996800000,7.594,7.602,7.32,7.445,1015.15
1715011200000,7.445,7.459,7.325,7.39,209.52
1715025600000,7.39,7.446,7.324,7.33,157.64
1715040000000,7.33,7.401,7.212,7.276,364.77
1715054400000,7.276,7.306,7.226,7.275,197.8
1715068800000,7.275,7.44,7.264,7.282,363.43
1715083200000,7.282,7.469,7.282,7.398,320.51
1715097600000,7.398,7.408,7.267,7.327,157.17
1715112000000,7.327,7.379,7.184,7.204,337.9
1715126400000,7.204,7.274,7.11,7.249,226.86
1715140800000,7.249,7.265,7.114,7.127,371.5
1715155200000,7.127,7.238,7.115,7.149,365.74
1715169600000,7.149,7.333,7.089,7.292,433.66
1715184000000,7.292,7.338,7.209,7.291,274.6
1715198400000,7.291,7.331,7.14,7.218,316.88
1715212800000,7.218,7.301,7.178,7.255,146.57
1715227200000,7.255,7.311,7.176,7.197,266.41
1715241600000,7.197,7.223,7.047,7.166,373.11
1715256000000,7.166,7.318,7.139,7.305,263.25
1715270400000,7.305,7.356,7.259,7.355,247.32
1715284800000,7.355,7.484,7.341,7.465,285.28
1715299200000,7.465,7.499,7.424,7.457,196.12
1715313600000,7.457,7.748,7.454,7.714,1262.43
1715328000000,7.714,7.735,7.604,7.634,336.92
1715342400000,7.634,7.648,7.248,7.306,947.83
1715356800000,7.306,7.324,7.175,7.198,664.93
1715371200000,7.198,7.219,7.054,7.094,409.0
1715385600000,7.094,7.191,7.078,7.112,212.42
1715400000000,7.112,7.148,7.088,7.145,173.49
1715414400000,7.145,7.148,7.035,7.095,199.87
1715428800000,7.095,7.163,7.042,7.126,744.1
1715443200000,7.126,7.146,7.084,7.092,89.21
1715457600000,7.092,7.093,7.007,7.016,200.61
1715472000000,7.016,7.052,6.996,7.007,254.09
1715486400000,7.007,7.048,6.934,6.955,280.1
1715500800000,6.955,7.078,6.938,7.026,208.49
1715515200000,7.026,7.05,7.004,7.038,83.79
1715529600000,7.038,7.067,6.937,6.964,177.03
1715544000000,6.964,6.969,6.878,6.941,160.18
1715558400000,6.941,6.98,6.663,6.703,570.4
1715572800000,6.703,6.87,6.655,6.857,878.25
1715587200000,6.857,7.071,6.857,6.931,804.98
1715601600000,6.931,6.972,6.877,6.937,434.07
1715616000000,6.937,7.008,6.794,6.857,369.05
1715630400000,6.857,6.863,6.801,6.822,213.99
1715644800000,6.822,6.846,6.713,6.781,241.63
1715659200000,6.781,6.86,6.654,6.811,323.0
1715673600000,6.811,6.819,6.766,6.797,173.45
1715688000000,6.797,6.819,6.62,6.759,573.32
1715702400000,6.759,6.765,6.63,6.737,252.62
1715716800000,6.737,6.737,6.646,6.663,151.43
1715731200000,6.663,6.734,6.628,6.729,246.92
1715745600000,6.729,6.741,6.684,6.724,144.91
1715760000000,6.724,6.791,6.675,6.707,221.77
1715774400000,6.707,7.06,6.673,7.027,1069.82
1715788800000,7.027,7.241,6.995,7.24,826.45
1715803200000,7.24,7.301,7.174,7.192,424.25
1715817600000,7.192,7.283,7.167,7.272,655.57
1715832000000,7.272,7.331,7.252,7.3,428.02
1715846400000,7.3,7.312,7.191,7.216,273.85
1715860800000,7.216,7.221,7.066,7.187,747.07
1715875200000,7.187,7.25,7.149,7.17,444.59
1715889600000,7.17,7.211,7.145,7.204,134.58
1715904000000,7.204,7.22,7.126,7.197,132.96
1715918400000,7.197,7.371,7.173,7.357,320.37
1715932800000,7.357,7.37,7.278,7.282,658.96
1715947200000,7.282,7.414,7.25,7.401,541.14
1715961600000,7.401,7.442,7.307,7.375,463.72
1715976000000,7.375,7.515,7.353,7.447,701.15
1715990400000,7.447,7.545,7.43,7.509,686.56
1716004800000,7.509,7.52,7.482,7.485,184.91
1716019200000,7.485,7.537,7.46,7.467,308.15
1716033600000,7.467,7.474,7.392,7.423,610.19
1716048000000,7.423,7.446,7.406,7.42,146.72
1716062400000,7.42,7.441,7.396,7.437,132.54
1716076800000,7.437,7.487,7.398,7.451,351.06
1716091200000,7.451,7.451,7.362,7.421,218.77
1716105600000,7.421,7.424,7.305,7.356,272.54
1716120000000,7.356,7.356,7.139,7.186,449.73
1716134400000,7.186,7.186,7.098,7.125,311.63
1716148800000,7.125,7.139,7.043,7.072,272.35
1716163200000,7.072,7.128,6.964,7.101,535.66
1716177600000,7.101,7.367,7.097,7.23,974.48
1716192000000,7.23,7.25,7.167,7.193,282.13
1716206400000,7.193,7.228,7.138,7.216,460.11
1716220800000,7.216,7.728,7.199,7.693,2931.48
1716235200000,7.693,7.881,7.693,7.853,2173.21
1716249600000,7.853,7.966,7.778,7.819,977.78
1716264000000,7.819,7.895,7.759,7.884,843.29
1716278400000,7.884,7.928,7.831,7.879,962.56
1716292800000,7.879,7.979,7.795,7.812,1301.66
1716307200000,7.812,7.992,7.794,7.852,1362.86
1716321600000,7.852,7.935,7.84,7.891,463.51
1716336000000,7.891,7.924,7.819,7.827,701.62
1716350400000,7.827,7.907,7.674,7.849,950.61
1716364800000,7.849,7.904,7.775,7.777,522.73
1716379200000,7.777,7.822,7.588,7.753,1349.77
1716393600000,7.753,7.855,7.679,7.748,601.04
1716408000000,7.748,7.82,7.684,7.778,491.78
1716422400000,7.778,7.886,7.729,7.865,553.75
1716436800000,7.865,7.912,7.818,7.883,348.51
1716451200000,7.883,7.916,7.711,7.829,737.76
1716465600000,7.829,7.872,7.499,7.561,2116.91
1716480000000,7.561,7.571,7.375,7.449,811.25
1716494400000,7.449,7.658,7.254,7.646,2012.23
1716508800000,7.646,7.837,7.634,7.807,907.69
1716523200000,7.807,7.963,7.609,7.653,2136.68
1716537600000,7.653,7.754,7.535,7.742,815.49
1716552000000,7.742,7.912,7.725,7.824,1047.05
1716566400000,7.824,7.982,7.765,7.962,667.36
1716580800000,7.962,8.197,7.947,8.182,3497.9
1716595200000,8.182,8.233,8.031,8.1,794.88
1716609600000,8.1,8.126,7.996,8.027,343.64
1716624000000,8.027,8.096,8.017,8.045,217.5
1716638400000,8.045,8.067,7.956,8.047,351.79
1716652800000,8.047,8.059,7.995,8.038,324.15
1716667200000,8.038,8.045,7.937,7.981,390.12
1716681600000,7.981,7.985,7.843,7.931,604.62
1716696000000,7.931,7.95,7.862,7.899,385.04
1716710400000,7.899,7.905,7.797,7.844,486.58
1716724800000,7.844,7.862,7.752,7.8,517.08
1716739200000,7.8,7.845,7.764,7.815,436.42
1716753600000,7.815,7.819,7.699,7.742,606.65
1716768000000,7.742,7.824,7.718,7.794,323.76
1716782400000,7.794,7.825,7.67,7.712,419.26
1716796800000,7.712,8.008,7.703,7.928,1391.97
1716811200000,7.928,7.987,7.816,7.972,830.93
1716825600000,7.972,8.092,7.827,7.866,2072.13
1716840000000,7.866,7.961,7.864,7.909,379.59
1716854400000,7.909,7.936,7.686,7.699,1538.5
1716868800000,7.699,7.717,7.554,7.633,1007.13
1716883200000,7.633,7.787,7.617,7.724,560.27
1716897600000,7.724,7.75,7.63,7.709,975.65
1716912000000,7.709,7.776,7.612,7.768,1174.55
1716926400000,7.768,7.805,7.725,7.741,322.41
1716940800000,7.741,7.78,7.653,7.769,463.05
1716955200000,7.769,8.0,7.768,7.887,1110.24
1716969600000,7.887,8.049,7.795,7.917,1223.54
1716984000000,7.917,7.996,7.846,7.851,1452.24
1716998400000,7.851,7.974,7.795,7.84,953.14
1717012800000,7.84,7.895,7.786,7.826,421.0
1717027200000,7.826,7.953,7.782,7.903,499.28
1717041600000,7.903,7.926,7.438,7.471,1220.91
1717056000000,7.471,7.567,7.414,7.47,774.52
1717070400000,7.47,7.611,7.465,7.577,849.04
1717084800000,7.577,7.626,7.521,7.54,717.28
1717099200000,7.54,7.541,7.417,7.424,553.89
1717113600000,7.424,7.442,7.35,7.433,413.33
1717128000000,7.433,7.46,7.328,7.405,465.33
1717142400000,7.405,7.424,7.352,7.407,453.92
1717156800000,7.407,7.511,7.298,7.306,1098.92
1717171200000,7.306,7.415,7.242,7.39,787.34
1717185600000,7.39,7.454,7.388,7.414,279.01
1717200000000,7.414,7.466,7.398,7.449,243.53
1717214400000,7.449,7.498,7.438,7.482,249.17
1717228800000,7.482,7.612,7.481,7.598,590.31
1717243200000,7.598,7.77,7.532,7.725,2226.05
1717257600000,7.725,7.856,7.688,7.84,764.78
1717272000000,7.84,8.276,7.831,7.914,2374.98
1717286400000,7.914,8.341,7.833,8.267,2022.65
1717300800000,8.267,8.345,8.139,8.158,1380.64
1717315200000,8.158,8.21,8.043,8.06,978.95
1717329600000,8.06,8.076,7.941,7.957,868.84
1717344000000,7.957,7.999,7.8,7.845,980.03
1717358400000,7.845,7.85,7.745,7.764,393.75
1717372800000,7.764,7.935,7.588,7.924,1364.43
1717387200000,7.924,8.57,7.879,8.386,4844.37
1717401600000,8.386,8.438,8.219,8.299,1620.07
1717416000000,8.299,8.354,8.096,8.21,1075.4
1717430400000,8.21,8.284,8.139,8.26,530.07
1717444800000,8.26,8.285,8.181,8.263,554.07
1717459200000,8.263,8.389,8.066,8.154,1158.35
1717473600000,8.154,8.177,7.98,8.025,605.53
1717488000000,8.025,8.081,7.956,8.053,541.15
1717502400000,8.053,8.134,7.999,8.108,583.91
1717516800000,8.108,8.146,8.044,8.092,579.95
1717531200000,8.092,8.177,8.079,8.172,352.38
1717545600000,8.172,8.304,8.148,8.218,602.33
1717560000000,8.218,8.471,8.189,8.34,884.55
1717574400000,8.34,8.43,8.235,8.423,800.04
1717588800000,8.423,8.673,8.37,8.638,1853.29
1717603200000,8.638,8.703,8.566,8.637,948.77
1717617600000,8.637,8.677,8.557,8.624,503.02
1717632000000,8.624,8.7,8.53,8.536,748.51
1717646400000,8.536,8.54,8.419,8.47,485.84
1717660800000,8.47,8.532,8.422,8.531,13715.22
1717675200000,8.531,8.59,8.405,8.538,697.58
1717689600000,8.538,8.58,8.413,8.444,323.15
1717704000000,8.444,8.545,8.373,8.436,13701.04
1717718400000,8.436,8.461,8.377,8.42,215.07
1717732800000,8.42,8.516,8.381,8.392,528.73
1717747200000,8.392,8.402,8.296,8.346,418.11
1717761600000,8.346,8.47,8.211,8.434,764.3
1717776000000,8.434,8.436,7.292,7.865,3025.32
1717790400000,7.865,7.99,7.841,7.874,1032.44
1717804800000,7.874,7.895,7.812,7.862,263.74
1717819200000,7.862,7.879,7.803,7.825,748.24
1717833600000,7.825,7.825,7.597,7.626,686.11
1717848000000,7.626,7.641,7.517,7.529,714.56
1717862400000,7.529,7.548,7.417,7.418,535.46
1717876800000,7.418,7.43,7.329,7.395,518.98
1717891200000,7.395,7.528,7.349,7.423,400.8
1717905600000,7.423,7.463,7.381,7.451,221.94
1717920000000,7.451,7.493,7.425,7.457,259.79
1717934400000,7.457,7.515,7.423,7.433,908.22
1717948800000,7.433,7.486,7.403,7.48,226.76
1717963200000,7.48,7.502,7.43,7.482,106.91
1717977600000,7.482,7.482,7.389,7.402,130.86
1717992000000,7.402,7.475,7.327,7.346,626.95
1718006400000,7.346,7.641,7.346,7.61,696.46
1718020800000,7.61,7.612,7.464,7.507,576.32
1718035200000,7.507,7.513,7.143,7.182,1307.38
1718049600000,7.182,7.24,7.117,7.184,729.13
1718064000000,7.184,7.212,6.929,7.102,929.53
1718078400000,7.102,7.135,7.013,7.054,586.06
1718092800000,7.054,7.104,7.017,7.033,857.23
1718107200000,7.033,7.052,6.778,6.84,861.34
1718121600000,6.84,6.963,6.782,6.928,403.81
1718136000000,6.928,6.928,6.842,6.865,154.04
1718150400000,6.865,7.015,6.751,6.977,511.52
1718164800000,6.977,6.998,6.93,6.998,174.06
1718179200000,6.998,7.09,6.974,6.976,397.14
1718193600000,6.976,7.304,6.974,7.247,920.42
1718208000000,7.247,7.278,7.029,7.075,593.5
1718222400000,7.075,7.22,7.045,7.18,254.49
1718236800000,7.18,7.181,6.897,7.01,672.8
1718251200000,7.01,7.046,6.907,7.009,430.23
1718265600000,7.009,7.169,6.999,7.015,8078.1
1718280000000,7.015,7.116,6.896,6.9,1205.92
1718294400000,6.9,7.065,6.859,7.01,590.74
1718308800000,7.01,7.026,6.922,6.969,7628.88
1718323200000,6.969,7.025,6.895,6.941,345.9
1718337600000,6.941,7.028,6.939,7.004,209.2
1718352000000,7.004,7.096,6.985,7.074,423.72
1718366400000,7.074,7.096,6.816,6.855,794.43
1718380800000,6.855,6.863,6.517,6.549,1235.28
1718395200000,6.549,6.732,6.547,6.667,285.58
1718409600000,6.667,6.718,6.645,6.687,171.05
1718424000000,6.687,6.791,6.678,6.751,280.13
1718438400000,6.751,6.805,6.726,6.795,231.99
1718452800000,6.795,6.881,6.779,6.836,286.05
1718467200000,6.836,6.86,6.773,6.795,431.88
1718481600000,6.795,6.801,6.748,6.778,242.47
1718496000000,6.778,6.783,6.678,6.694,168.34
1718510400000,6.694,6.764,6.664,6.741,136.62
1718524800000,6.741,6.761,6.687,6.724,209.78
1718539200000,6.724,6.789,6.715,6.769,231.29
1718553600000,6.769,6.774,6.707,6.715,209.06
1718568000000,6.715,6.771,6.696,6.716,408.48
1718582400000,6.716,6.76,6.519,6.528,434.18
1718596800000,6.528,6.576,6.439,6.514,625.16
1718611200000,6.514,6.574,6.269,6.361,2700.33
1718625600000,6.361,6.382,6.221,6.241,993.36
1718640000000,6.241,6.44,6.05,6.371,1094.13
1718654400000,6.371,6.376,6.218,6.23,475.33
1718668800000,6.23,6.252,5.515,5.807,2254.31
1718683200000,5.807,5.88,5.788,5.859,1991.88
1718697600000,5.859,5.945,5.826,5.85,781.16
1718712000000,5.85,5.865,5.524,5.716,1944.78
1718726400000,5.716,5.734,5.576,5.68,411.58
1718740800000,5.68,5.785,5.642,5.778,250.95
1718755200000,5.778,5.974,5.728,5.924,456.76
1718769600000,5.924,5.976,5.903,5.933,305.68
1718784000000,5.933,5.996,5.889,5.936,428.54
1718798400000,5.936,6.008,5.907,5.981,366.31
1718812800000,5.981,6.12,5.954,6.033,324.41
1718827200000,6.033,6.076,5.97,6.003,130.3
1718841600000,6.003,6.148,5.977,6.023,452.41
1718856000000,6.023,6.224,6.006,6.224,387.74
1718870400000,6.224,6.26,6.121,6.184,283.7
1718884800000,6.184,6.195,5.97,5.973,345.26
1718899200000,5.973,6.053,5.915,6.051,553.29
1718913600000,6.051,6.063,5.961,5.968,108.04
1718928000000,5.968,6.055,5.905,6.036,229.07
1718942400000,6.036,6.094,5.983,5.988,198.42
1718956800000,5.988,6.108,5.92,6.032,346.9
1718971200000,6.032,6.131,5.947,6.045,464.22
1718985600000,6.045,6.077,5.944,6.011,402.71
1719000000000,6.011,6.055,5.978,6.008,177.9
1719014400000,6.008,6.008,5.918,5.987,125.58
1719028800000,5.987,6.029,5.967,5.97,522.27
1719043200000,5.97,5.993,5.928,5.968,109.02
1719057600000,5.968,6.047,5.959,6.02,280.77
1719072000000,6.02,6.08,6.014,6.073,187.42
1719086400000,6.073,6.083,6.038,6.044,136.4
1719100800000,6.044,6.139,6.04,6.101,157.46
1719115200000,6.101,6.109,6.072,6.079,52.86
1719129600000,6.079,6.091,6.013,6.024,141.24
1719144000000,6.024,6.047,5.941,5.945,300.89
1719158400000,5.945,5.958,5.863,5.947,274.31
1719172800000,5.947,5.964,5.843,5.882,197.42
1719187200000,5.882,5.909,5.746,5.822,429.65
1719201600000,5.822,5.833,5.643,5.711,553.89
1719216000000,5.711,5.859,5.632,5.78,915.63
1719230400000,5.78,5.917,5.777,5.809,711.39
1719244800000,5.809,5.911,5.797,5.823,385.1
1719259200000,5.823,5.993,5.779,5.977,443.07
1719273600000,5.977,6.128,5.941,6.101,586.62
1719288000000,6.101,6.207,6.101,6.157,712.2
1719302400000,6.157,6.238,6.129,6.227,384.23
1719316800000,6.227,6.308,6.2,6.288,1104.35
1719331200000,6.288,6.29,6.214,6.265,188.9
1719345600000,6.265,6.265,6.185,6.187,85.43
1719360000000,6.187,6.279,6.157,6.181,297.54
1719374400000,6.181,6.203,6.15,6.201,293.31
1719388800000,6.201,6.211,6.156,6.162,290.26
1719403200000,6.162,6.203,6.099,6.128,549.28
1719417600000,6.128,6.146,6.04,6.146,315.89
1719432000000,6.146,6.195,6.072,6.08,138.22
1719446400000,6.08,6.083,5.98,6.046,221.0
1719460800000,6.046,6.094,6.041,6.066,235.59
1719475200000,6.066,6.19,6.064,6.173,264.97
1719489600000,6.173,6.345,6.173,6.248,491.14
1719504000000,6.248,6.269,6.226,6.247,196.32
1719518400000,6.247,6.294,6.216,6.266,265.62
1719532800000,6.266,6.32,6.224,6.27,180.11
1719547200000,6.27,6.271,6.208,6.247,173.39
1719561600000,6.247,6.339,6.231,6.307,224.28
1719576000000,6.307,6.378,6.26,6.328,429.06
1719590400000,6.328,6.334,6.137,6.17,378.05
1719604800000,6.17,6.203,6.033,6.068,235.48
1719619200000,6.068,6.195,6.054,6.136,161.56
1719633600000,6.136,6.166,6.092,6.141,135.54
1719648000000,6.141,6.15,6.068,6.101,172.87
1719662400000,6.101,6.102,5.994,6.016,223.17
1719676800000,6.016,6.017,5.877,5.935,321.55
1719691200000,5.935,5.975,5.906,5.941,152.98
1719705600000,5.941,5.997,5.898,5.918,149.86
1719720000000,5.918,6.056,5.882,6.022,204.11
1719734400000,6.022,6.032,5.958,5.965,239.04
1719748800000,5.965,5.977,5.927,5.96,163.67
1719763200000,5.96,5.993,5.921,5.948,192.92
1719777600000,5.948,6.083,5.925,6.056,190.99
1719792000000,6.056,6.248,6.025,6.132,421.7
1719806400000,6.132,6.154,6.057,6.085,161.72
1719820800000,6.085,6.103,6.008,6.02,205.73
1719835200000,6.02,6.023,5.928,5.963,377.72
1719849600000,5.963,6.054,5.941,5.985,542.29
1719864000000,5.985,5.989,5.886,5.899,313.82
1719878400000,5.899,5.947,5.868,5.924,293.1
1719892800000,5.924,5.963,5.883,5.896,195.16
1719907200000,5.896,5.932,5.868,5.925,209.44
1719921600000,5.925,6.035,5.903,5.943,268.71
1719936000000,5.943,5.976,5.82,5.965,335.74
1719950400000,5.965,5.997,5.95,5.98,96.61
1719964800000,5.98,6.006,5.785,5.861,303.5
1719979200000,5.861,5.927,5.824,5.921,342.32
1719993600000,5.921,5.958,5.808,5.862,395.78
1720008000000,5.862,5.908,5.771,5.854,414.2
1720022400000,5.854,5.869,5.68,5.727,385.78
1720036800000,5.727,5.781,5.693,5.72,177.03
1720051200000,5.72,5.74,5.366,5.498,2088.22
1720065600000,5.498,5.523,5.385,5.408,619.06
1720080000000,5.408,5.427,5.318,5.35,604.65
1720094400000,5.35,5.36,5.146,5.28,737.56
1720108800000,5.28,5.28,5.203,5.21,202.9
1720123200000,5.21,5.307,5.014,5.063,770.69
1720137600000,5.063,5.073,4.419,4.53,3335.95
1720152000000,4.53,4.643,4.413,4.571,1144.18
1720166400000,4.571,4.728,4.454,4.724,1394.54
1720180800000,4.724,4.903,4.643,4.898,1238.11
1720195200000,4.898,5.001,4.866,4.977,396.96
1720209600000,4.977,5.01,4.907,4.944,593.2
1720224000000,4.944,5.107,4.903,4.946,518.02
1720238400000,4.946,5.102,4.923,5.086,259.69
1720252800000,5.086,5.172,5.063,5.161,929.04
1720267200000,5.161,5.214,5.086,5.195,380.81
1720281600000,5.195,5.373,5.177,5.336,1026.43
1720296000000,5.336,5.426,5.334,5.337,249.83
1720310400000,5.337,5.359,5.267,5.309,232.49
1720324800000,5.309,5.332,5.231,5.267,354.24
1720339200000,5.267,5.295,5.223,5.273,272.43
1720353600000,5.273,5.292,5.078,5.147,410.21
1720368000000,5.147,5.237,5.129,5.156,234.18
1720382400000,5.156,5.164,4.971,4.993,837.87
1720396800000,4.993,5.023,4.782,4.954,1350.25
1720411200000,4.954,5.055,4.944,4.998,761.84
1720425600000,4.998,5.34,4.996,5.315,736.78
1720440000000,5.315,5.32,4.997,5.11,947.8
1720454400000,5.11,5.185,5.056,5.184,230.22
1720468800000,5.184,5.234,5.138,5.211,362.15
1720483200000,5.211,5.301,5.173,5.252,382.85
1720497600000,5.252,5.296,5.234,5.268,177.28
1720512000000,5.268,5.329,5.226,5.271,275.29
1720526400000,5.271,5.332,5.234,5.306,200.64
1720540800000,5.306,5.333,5.251,5.326,224.06
1720555200000,5.326,5.343,5.271,5.286,109.56
1720569600000,5.286,5.324,5.238,5.318,115.93
1720584000000,5.318,5.439,5.318,5.376,432.95
1720598400000,5.376,5.381,5.308,5.326,181.18
1720612800000,5.326,5.396,5.262,5.376,363.72
1720627200000,5.376,5.422,5.326,5.344,192.75
1720641600000,5.344,5.358,5.311,5.35,132.59
1720656000000,5.35,5.408,5.297,5.34,163.16
1720670400000,5.34,5.425,5.337,5.415,365.76
1720684800000,5.415,5.429,5.385,5.41,129.84
1720699200000,5.41,5.517,5.337,5.362,1086.56
1720713600000,5.362,5.449,5.311,5.391,196.53
1720728000000,5.391,5.399,5.281,5.3,236.39
1720742400000,5.3,5.357,5.236,5.319,624.72
1720756800000,5.319,5.361,5.282,5.317,189.7
1720771200000,5.317,5.329,5.211,5.215,292.91
1720785600000,5.215,5.386,5.215,5.372,281.82
1720800000000,5.372,5.474,5.345,5.394,444.7
1720814400000,5.394,5.494,5.358,5.463,243.18
1720828800000,5.463,5.532,5.439,5.52,645.25
1720843200000,5.52,5.548,5.487,5.542,157.93
1720857600000,5.542,5.578,5.522,5.556,258.58
1720872000000,5.556,5.561,5.526,5.558,226.57
1720886400000,5.558,5.605,5.545,5.584,195.74
1720900800000,5.584,5.609,5.522,5.559,169.1
1720915200000,5.559,5.623,5.529,5.592,198.09
1720929600000,5.592,5.655,5.583,5.586,320.05
1720944000000,5.586,5.593,5.53,5.533,164.1
1720958400000,5.533,5.554,5.496,5.546,272.28
1720972800000,5.546,5.556,5.512,5.542,172.68
1720987200000,5.542,5.705,5.538,5.678,286.95
1721001600000,5.678,5.809,5.664,5.803,465.78
1721016000000,5.803,5.815,5.729,5.785,187.68
1721030400000,5.785,5.811,5.698,5.731,255.66
1721044800000,5.731,5.784,5.723,5.757,205.89
1721059200000,5.757,5.865,5.734,5.847,447.89
1721073600000,5.847,5.976,5.845,5.96,414.97
1721088000000,5.96,6.066,5.906,5.982,972.41
1721102400000,5.982,6.011,5.757,5.777,815.17
1721116800000,5.777,5.892,5.718,5.847,474.4
1721131200000,5.847,5.996,5.8,5.99,381.9
1721145600000,5.99,6.053,5.951,6.034,555.51
1721160000000,6.034,6.053,5.96,6.021,231.97
1721174400000,6.021,6.18,6.013,6.09,479.05
1721188800000,6.09,6.207,6.09,6.194,729.06
1721203200000,6.194,6.208,6.104,6.13,315.67
1721217600000,6.13,6.197,6.07,6.129,497.19
1721232000000,6.129,6.157,6.0,6.123,443.6
1721246400000,6.123,6.14,6.0,6.0,257.94
1721260800000,6.0,6.349,6.0,6.327,5063.21
1721275200000,6.327,6.359,6.234,6.258,648.49
1721289600000,6.258,6.393,6.2,6.266,654.51
1721304000000,6.266,6.379,6.066,6.072,873.24
1721318400000,6.072,6.11,5.971,5.997,467.48
1721332800000,5.997,6.128,5.966,6.061,238.38
1721347200000,6.061,6.258,6.001,6.217,920.49
1721361600000,6.217,6.231,6.079,6.085,392.5
1721376000000,6.085,6.102,6.03,6.096,202.64
1721390400000,6.096,6.251,6.085,6.25,414.99
1721404800000,6.25,6.301,6.246,6.291,483.95
1721419200000,6.291,6.345,6.273,6.301,167.94
1721433600000,6.301,6.336,6.259,6.307,204.98
1721448000000,6.307,6.336,6.288,6.315,162.47
1721462400000,6.315,6.354,6.267,6.322,211.64
1721476800000,6.322,6.379,6.254,6.377,360.97
1721491200000,6.377,6.416,6.327,6.402,298.14
1721505600000,6.402,6.426,6.346,6.398,366.03
1721520000000,6.398,6.492,6.384,6.396,375.23
1721534400000,6.396,6.404,6.263,6.3,315.37
1721548800000,6.3,6.33,6.277,6.305,218.9
1721563200000,6.305,6.373,6.223,6.301,319.05
1721577600000,6.301,6.339,6.074,6.268,663.92
1721592000000,6.268,6.452,6.263,6.396,575.57
1721606400000,6.396,6.468,6.324,6.324,337.76
1721620800000,6.324,6.336,6.15,6.192,337.75
1721635200000,6.192,6.257,6.166,6.257,167.63
1721649600000,6.257,6.304,6.124,6.187,600.69
1721664000000,6.187,6.234,6.159,6.234,221.88
1721678400000,6.234,6.239,6.061,6.124,269.83
1721692800000,6.124,6.267,6.116,6.166,358.47
1721707200000,6.166,6.181,5.997,6.03,390.66
1721721600000,6.03,6.203,6.028,6.121,333.96
1721736000000,6.121,6.162,6.028,6.061,321.2
1721750400000,6.061,6.061,5.87,5.978,479.89
1721764800000,5.978,6.003,5.921,5.956,159.7
1721779200000,5.956,6.022,5.931,6.003,187.79
1721793600000,6.003,6.096,5.97,6.096,177.13
1721808000000,6.096,6.193,6.082,6.129,282.1
1721822400000,6.129,6.189,6.105,6.106,405.89
1721836800000,6.106,6.136,6.004,6.006,246.89
1721851200000,6.006,6.035,5.851,5.896,331.6
1721865600000,5.896,5.942,5.611,5.63,1089.1
1721880000000,5.63,5.702,5.597,5.647,451.08
1721894400000,5.647,5.657,5.572,5.629,327.87
1721908800000,5.629,5.694,5.524,5.648,357.83
1721923200000,5.648,5.712,5.502,5.567,653.18
1721937600000,5.567,5.728,5.487,5.683,261.43
1721952000000,5.683,5.826,5.678,5.797,283.9
1721966400000,5.797,5.928,5.792,5.886,218.28
1721980800000,5.886,5.911,5.862,5.911,162.06
1721995200000,5.911,6.01,5.889,5.958,1089.48
1722009600000,5.958,6.078,5.958,6.059,272.76
1722024000000,6.059,6.088,6.019,6.085,146.9
1722038400000,6.085,6.089,6.027,6.06,184.49
1722052800000,6.06,6.114,6.054,6.082,149.04
1722067200000,6.082,6.097,6.06,6.096,98.29
1722081600000,6.096,6.212,6.074,6.108,405.14
1722096000000,6.108,6.155,6.059,6.146,304.33
1722110400000,6.146,6.207,6.026,6.102,377.83
1722124800000,6.102,6.121,6.039,6.041,108.76
1722139200000,6.041,6.043,5.936,6.014,195.83
1722153600000,6.014,6.031,5.992,5.993,85.82
1722168000000,5.993,5.995,5.909,5.932,237.78
1722182400000,5.932,5.97,5.909,5.933,107.5
1722196800000,5.933,5.939,5.889,5.925,99.91
1722211200000,5.925,6.137,5.925,6.086,336.76
1722225600000,6.086,6.102,6.035,6.047,169.88
1722240000000,6.047,6.065,6.015,6.037,207.84
1722254400000,6.037,6.05,5.828,5.878,483.36
1722268800000,5.878,5.879,5.763,5.833,385.1
1722283200000,5.833,5.85,5.785,5.801,103.39
1722297600000,5.801,5.887,5.744,5.875,201.08
1722312000000,5.875,5.966,5.857,5.966,168.95
1722326400000,5.966,6.064,5.961,6.017,652.26
1722340800000,6.017,6.032,5.942,5.989,381.07
1722355200000,5.989,6.007,5.837,5.878,408.71
1722369600000,5.878,5.878,5.753,5.818,313.77
1722384000000,5.818,5.857,5.743,5.814,276.65
1722398400000,5.814,5.931,5.745,5.848,274.88
1722412800000,5.848,5.848,5.753,5.794,186.16
1722427200000,5.794,5.881,5.784,5.824,178.8
1722441600000,5.824,5.863,5.7,5.721,287.99
1722456000000,5.721,5.721,5.615,5.641,322.46
1722470400000,5.641,5.692,5.601,5.653,329.57
1722484800000,5.653,5.673,5.513,5.625,974.34
1722499200000,5.625,5.672,5.611,5.665,159.57
1722513600000,5.665,5.727,5.472,5.48,463.57
1722528000000,5.48,5.482,5.273,5.381,1344.56
1722542400000,5.381,5.686,5.358,5.656,1118.26
1722556800000,5.656,5.708,5.496,5.587,290.11
1722571200000,5.587,5.595,5.43,5.512,312.62
1722585600000,5.512,5.564,5.455,5.507,408.15
1722600000000,5.507,5.614,5.197,5.334,1114.7
1722614400000,5.334,5.343,5.207,5.249,268.94
1722628800000,5.249,5.294,5.166,5.234,443.09
1722643200000,5.234,5.283,5.085,5.27,589.86
1722657600000,5.27,5.326,5.258,5.298,249.27
1722672000000,5.298,5.322,5.28,5.319,74.21
1722686400000,5.319,5.361,5.13,5.13,603.41
1722700800000,5.13,5.176,4.917,4.921,1074.24
1722715200000,4.921,5.063,4.89,5.005,523.66
1722729600000,5.005,5.082,4.977,5.052,309.84
1722744000000,5.052,5.079,4.994,4.994,160.19
1722758400000,4.994,5.039,4.969,5.011,167.41
1722772800000,5.011,5.04,4.804,4.806,535.59
1722787200000,4.806,4.832,4.552,4.794,2218.54
1722801600000,4.794,4.851,4.702,4.708,293.31
1722816000000,4.708,4.746,4.09,4.18,3169.36
1722830400000,4.18,4.292,3.842,4.251,2852.55
1722844800000,4.251,4.264,3.879,4.029,1331.51
1722859200000,4.029,4.436,3.865,4.395,1757.06
1722873600000,4.395,4.453,4.215,4.286,636.67
1722888000000,4.286,4.411,4.28,4.322,363.34
1722902400000,4.322,4.576,4.315,4.511,1552.27
1722916800000,4.511,4.651,4.482,4.621,694.54
1722931200000,4.621,4.621,4.375,4.42,1855.4
1722945600000,4.42,4.591,4.328,4.534,1724.28
1722960000000,4.534,4.578,4.501,4.513,650.07
1722974400000,4.513,4.563,4.46,4.489,660.75
1722988800000,4.489,4.631,4.443,4.591,1013.41
1723003200000,4.591,4.64,4.522,4.555,545.44
1723017600000,4.555,4.612,4.532,4.54,486.75
1723032000000,4.54,4.585,4.336,4.39,1338.86
1723046400000,4.39,4.4,4.258,4.31,855.09
1723060800000,4.31,4.371,4.258,4.323,737.62
1723075200000,4.323,4.571,4.268,4.51,819.2
1723089600000,4.51,4.554,4.498,4.506,311.35
1723104000000,4.506,4.536,4.482,4.531,247.41
1723118400000,4.531,4.7,4.52,4.677,1866.56
1723132800000,4.677,4.747,4.672,4.697,431.35
1723147200000,4.697,4.885,4.697,4.853,1610.72
1723161600000,4.853,4.859,4.799,4.809,346.93
1723176000000,4.809,4.816,4.724,4.788,347.57
1723190400000,4.788,4.898,4.776,4.877,956.87
1723204800000,4.877,4.882,4.696,4.73,1587.08
1723219200000,4.73,4.784,4.716,4.752,341.85
1723233600000,4.752,4.809,4.707,4.809,424.2
1723248000000,4.809,4.862,4.744,4.767,406.69
1723262400000,4.767,4.804,4.743,4.802,152.97
1723276800000,4.802,4.85,4.776,4.85,353.83
1723291200000,4.85,4.856,4.797,4.826,237.17
1723305600000,4.826,4.906,4.822,4.881,510.95
1723320000000,4.881,4.938,4.881,4.896,143.72
1723334400000,4.896,4.903,4.845,4.847,247.87
1723348800000,4.847,4.857,4.816,4.851,168.0
1723363200000,4.851,4.918,4.79,4.806,510.41
1723377600000,4.806,4.807,4.669,4.687,793.79
1723392000000,4.687,4.71,4.603,4.609,339.23
1723406400000,4.609,4.609,4.502,4.528,779.18
1723420800000,4.528,4.593,4.52,4.554,562.62
1723435200000,4.554,4.621,4.483,4.606,717.26
1723449600000,4.606,4.775,4.563,4.766,1054.35
1723464000000,4.766,4.823,4.57,4.812,2061.13
1723478400000,4.812,4.849,4.71,4.745,690.82
1723492800000,4.745,4.814,4.685,4.771,565.78
1723507200000,4.771,4.793,4.666,4.675,637.93
1723521600000,4.675,4.73,4.656,4.696,150.54
1723536000000,4.696,4.702,4.613,4.661,331.67
1723550400000,4.661,4.763,4.657,4.762,692.27
1723564800000,4.762,4.98,4.755,4.912,1430.52
1723579200000,4.912,4.958,4.886,4.902,255.46
1723593600000,4.902,4.904,4.828,4.874,338.58
1723608000000,4.874,4.891,4.813,4.826,347.19
1723622400000,4.826,4.879,4.797,4.832,342.68
1723636800000,4.832,4.906,4.666,4.752,1463.15
1723651200000,4.752,4.755,4.694,4.717,273.25
1723665600000,4.717,4.738,4.672,4.721,239.84
1723680000000,4.721,4.766,4.695,4.755,286.04
1723694400000,4.755,4.771,4.694,4.742,349.8
1723708800000,4.742,4.833,4.717,4.757,491.39
1723723200000,4.757,4.835,4.749,4.776,1031.01
1723737600000,4.776,4.805,4.507,4.55,1847.52
1723752000000,4.55,4.596,4.495,4.571,614.74
1723766400000,4.571,4.63,4.525,4.559,518.78
1723780800000,4.559,4.676,4.545,4.658,379.93
1723795200000,4.658,4.681,4.616,4.634,187.66
1723809600000,4.634,4.668,4.516,4.552,1087.11
1723824000000,4.552,4.686,4.545,4.673,782.22
1723838400000,4.673,4.704,4.629,4.635,240.38
1723852800000,4.635,4.642,4.578,4.585,245.86
1723867200000,4.585,4.618,4.58,4.609,183.53
1723881600000,4.609,4.628,4.56,4.57,212.15
1723896000000,4.57,4.636,4.558,4.617,4095.05
1723910400000,4.617,4.673,4.612,4.637,220.38
1723924800000,4.637,4.668,4.63,4.663,148.83
1723939200000,4.663,4.673,4.597,4.606,358.15
1723953600000,4.606,4.618,4.575,4.593,153.25
1723968000000,4.593,4.772,4.579,4.765,1229.88
1723982400000,4.765,4.907,4.763,4.792,1735.23
1723996800000,4.792,4.823,4.709,4.77,866.01
1724011200000,4.77,4.771,4.644,4.653,350.11
1724025600000,4.653,4.653,4.576,4.623,670.04
1724040000000,4.623,4.637,4.561,4.602,447.08
1724054400000,4.602,4.628,4.529,4.593,703.07
1724068800000,4.593,4.618,4.52,4.572,561.73
1724083200000,4.572,4.645,4.534,4.638,550.65
1724097600000,4.638,4.66,4.618,4.648,149.04
1724112000000,4.648,4.732,4.637,4.713,816.91
1724126400000,4.713,4.79,4.713,4.771,238.59
1724140800000,4.771,4.792,4.74,4.747,282.35
1724155200000,4.747,4.808,4.631,4.685,832.17
1724169600000,4.685,4.803,4.668,4.795,515.36
1724184000000,4.795,4.843,4.758,4.771,513.31
1724198400000,4.771,4.814,4.728,4.78,417.37
1724212800000,4.78,4.838,4.78,4.834,304.59
1724227200000,4.834,4.848,4.754,4.781,462.47
1724241600000,4.781,4.837,4.718,4.802,905.0
1724256000000,4.802,4.939,4.774,4.939,928.14
1724270400000,4.939,4.967,4.894,4.931,1062.71
1724284800000,4.931,4.933,4.836,4.899,475.05
1724299200000,4.899,4.939,4.887,4.934,562.59
1724313600000,4.934,4.988,4.918,4.973,317.51
1724328000000,4.973,4.978,4.915,4.945,484.27
1724342400000,4.945,4.979,4.929,4.943,314.35
1724356800000,4.943,4.985,4.943,4.967,247.2
1724371200000,4.967,5.068,4.961,5.064,905.97
1724385600000,5.064,5.127,5.044,5.124,375.34
1724400000000,5.124,5.169,5.112,5.113,328.6
1724414400000,5.113,5.255,5.108,5.228,969.65
1724428800000,5.228,5.357,5.216,5.335,465.16
1724443200000,5.335,5.374,5.31,5.323,499.81
1724457600000,5.323,5.344,5.27,5.271,276.49
1724472000000,5.271,5.291,5.242,5.282,254.33
1724486400000,5.282,5.401,5.249,5.321,1133.06
1724500800000,5.321,5.38,5.304,5.348,496.9
1724515200000,5.348,5.451,5.341,5.435,299.19
1724529600000,5.435,5.437,5.273,5.355,450.61
1724544000000,5.355,5.356,5.185,5.269,319.88
1724558400000,5.269,5.317,5.154,5.184,501.61
1724572800000,5.184,5.271,5.151,5.241,223.39
1724587200000,5.241,5.332,5.241,5.291,235.6
1724601600000,5.291,5.323,5.227,5.272,665.76
1724616000000,5.272,5.339,5.244,5.265,251.68
1724630400000,5.265,5.375,5.184,5.233,882.73
1724644800000,5.233,5.25,5.121,5.155,294.1
1724659200000,5.155,5.215,5.109,5.149,322.7
1724673600000,5.149,5.16,5.037,5.056,401.56
1724688000000,5.056,5.095,4.922,4.973,674.56
1724702400000,4.973,5.023,4.957,4.978,225.92
1724716800000,4.978,5.03,4.976,5.01,258.41
1724731200000,5.01,5.063,4.991,5.008,311.08
1724745600000,5.008,5.025,4.898,4.935,909.21
1724760000000,4.935,4.985,4.888,4.94,894.99
1724774400000,4.94,4.995,4.919,4.961,427.91
1724788800000,4.961,4.963,4.593,4.687,2864.22
1724803200000,4.687,4.691,4.607,4.686,938.88
1724817600000,4.686,4.703,4.612,4.615,315.34
1724832000000,4.615,4.804,4.579,4.749,724.39
1724846400000,4.749,4.79,4.635,4.673,870.78
1724860800000,4.673,4.712,4.496,4.626,1394.45
1724875200000,4.626,4.717,4.588,4.638,867.14
1724889600000,4.638,4.687,4.633,4.667,320.74
1724904000000,4.667,4.744,4.653,4.712,618.88
1724918400000,4.712,4.787,4.678,4.745,558.97
1724932800000,4.745,4.859,4.738,4.841,884.12
1724947200000,4.841,4.862,4.633,4.692,850.61
1724961600000,4.692,4.708,4.635,4.707,337.26
1724976000000,4.707,4.763,4.678,4.702,494.39
1724990400000,4.702,4.845,4.673,4.806,710.14
1725004800000,4.806,4.841,4.784,4.798,568.1
1725019200000,4.798,4.841,4.569,4.59,1688.09
1725033600000,4.59,4.816,4.551,4.761,1119.98
1725048000000,4.761,4.809,4.749,4.786,208.14
1725062400000,4.786,4.838,4.776,4.801,407.02
1725076800000,4.801,4.826,4.796,4.799,40.68
1725091200000,4.799,4.802,4.755,4.778,212.85
1725105600000,4.778,4.788,4.732,4.743,164.18
1725120000000,4.743,4.749,4.681,4.713,283.51
1725134400000,4.713,4.749,4.7,4.705,156.3
1725148800000,4.705,4.719,4.615,4.673,337.0
1725163200000,4.673,4.687,4.609,4.676,393.34
1725177600000,4.676,4.683,4.592,4.625,275.42
1725192000000,4.625,4.635,4.523,4.589,798.23
1725206400000,4.589,4.609,4.497,4.579,659.15
1725220800000,4.579,4.604,4.395,4.447,1402.76
1725235200000,4.447,4.522,4.439,4.484,406.91
1725249600000,4.484,4.517,4.442,4.452,789.27
1725264000000,4.452,4.635,4.452,4.605,768.82
1725278400000,4.605,4.649,4.548,4.618,380.97
1725292800000,4.618,4.67,4.591,4.655,459.9
1725307200000,4.655,4.723,4.646,4.678,495.25
1725321600000,4.678,4.718,4.653,4.658,265.91
1725336000000,4.658,4.723,4.633,4.698,566.89
1725350400000,4.698,4.698,4.641,4.658,315.65
1725364800000,4.658,4.685,4.502,4.507,687.26
1725379200000,4.507,4.556,4.496,4.528,352.42
1725393600000,4.528,4.539,4.442,4.452,442.12
1725408000000,4.452,4.512,4.282,4.431,1191.5
1725422400000,4.431,4.49,4.407,4.467,319.68
1725436800000,4.467,4.488,4.409,4.416,220.06
1725451200000,4.416,4.554,4.39,4.553,707.76
1725465600000,4.553,4.629,4.531,4.56,417.53
1725480000000,4.56,4.578,4.538,4.542,245.15
1725494400000,4.542,4.56,4.469,4.486,512.36
1725508800000,4.486,4.523,4.447,4.511,396.11
1725523200000,4.511,4.516,4.452,4.459,154.2
1725537600000,4.459,4.535,4.403,4.431,667.23
1725552000000,4.431,4.464,4.389,4.404,196.61
1725566400000,4.404,4.445,4.393,4.442,186.34
1725580800000,4.442,4.497,4.409,4.467,228.84
1725595200000,4.467,4.475,4.358,4.407,441.97
1725609600000,4.407,4.446,4.377,4.417,232.7
1725624000000,4.417,4.522,4.324,4.393,1177.12
1725638400000,4.393,4.393,4.211,4.24,914.33
1725652800000,4.24,4.251,4.097,4.207,1882.22
1725667200000,4.207,4.214,4.162,4.208,243.92
1725681600000,4.208,4.295,4.205,4.282,245.15
1725696000000,4.282,4.29,4.263,4.275,187.7
1725710400000,4.275,4.337,4.275,4.321,166.53
1725724800000,4.321,4.33,4.245,4.297,229.17
1725739200000,4.297,4.297,4.219,4.256,169.41
1725753600000,4.256,4.294,4.24,4.291,119.47
1725768000000,4.291,4.348,4.29,4.344,243.68
1725782400000,4.344,4.37,4.32,4.332,201.98
1725796800000,4.332,4.34,4.235,4.239,513.44
1725811200000,4.239,4.288,4.207,4.272,292.85
1725825600000,4.272,4.386,4.269,4.337,346.85
1725840000000,4.337,4.373,4.317,4.342,362.1
1725854400000,4.342,4.407,4.313,4.401,241.6
1725868800000,4.401,4.448,4.399,4.415,612.59
1725883200000,4.415,4.431,4.37,4.425,496.85
1725897600000,4.425,4.517,4.424,4.517,794.02
1725912000000,4.517,4.571,4.493,4.528,677.45
1725926400000,4.528,4.535,4.465,4.465,168.62
1725940800000,4.465,4.525,4.454,4.513,104.68
1725955200000,4.513,4.535,4.479,4.521,234.54
1725969600000,4.521,4.534,4.478,4.49,514.52
1725984000000,4.49,4.591,4.489,4.574,356.97
1725998400000,4.574,4.577,4.529,4.556,199.93
1726012800000,4.556,4.563,4.468,4.485,877.42
1726027200000,4.485,4.502,4.425,4.498,390.92
1726041600000,4.498,4.513,4.447,4.499,443.58
1726056000000,4.499,4.548,4.391,4.467,1108.22
1726070400000,4.467,4.567,4.466,4.546,474.96
1726084800000,4.546,4.554,4.527,4.54,204.04
1726099200000,4.54,4.626,4.54,4.591,532.8
1726113600000,4.591,4.612,4.576,4.585,173.19
1726128000000,4.585,4.617,4.585,4.607,275.88
1726142400000,4.607,4.668,4.565,4.572,618.04
1726156800000,4.572,4.662,4.572,4.662,292.61
1726171200000,4.662,4.739,4.655,4.717,774.48
1726185600000,4.717,4.729,4.658,4.66,247.41
1726200000000,4.66,4.683,4.648,4.678,167.52
1726214400000,4.678,4.727,4.673,4.683,188.27
1726228800000,4.683,4.795,4.653,4.795,812.06
1726243200000,4.795,4.821,4.783,4.79,523.88
1726257600000,4.79,4.853,4.786,4.82,395.36
1726272000000,4.82,4.851,4.82,4.835,261.97
1726286400000,4.835,4.835,4.763,4.778,245.85
1726300800000,4.778,4.785,4.712,4.728,279.39
1726315200000,4.728,4.775,4.72,4.761,148.85
1726329600000,4.761,4.765,4.692,4.729,340.7
1726344000000,4.729,4.767,4.727,4.752,171.55
1726358400000,4.752,4.768,4.752,4.755,74.04
1726372800000,4.755,4.757,4.734,4.745,119.35
1726387200000,4.745,4.749,4.689,4.698,189.38
1726401600000,4.698,4.738,4.691,4.724,206.21
1726416000000,4.724,4.724,4.657,4.672,293.94
1726430400000,4.672,4.678,4.544,4.582,1035.7
1726444800000,4.582,4.588,4.443,4.499,699.47
1726459200000,4.499,4.542,4.486,4.536,208.03
1726473600000,4.536,4.563,4.486,4.502,305.04
1726488000000,4.502,4.516,4.445,4.477,726.79
1726502400000,4.477,4.519,4.461,4.489,291.04
1726516800000,4.489,4.511,4.463,4.492,237.9
1726531200000,4.492,4.514,4.464,4.508,414.02
1726545600000,4.508,4.571,4.5,4.545,252.85
1726560000000,4.545,4.722,4.545,4.617,1742.81
1726574400000,4.617,4.73,4.592,4.708,1145.85
1726588800000,4.708,4.726,4.605,4.632,483.89
1726603200000,4.632,4.678,4.629,4.651,210.86
1726617600000,4.651,4.71,4.615,4.683,1250.01
1726632000000,4.683,4.693,4.623,4.634,257.18
1726646400000,4.634,4.634,4.517,4.581,434.97
1726660800000,4.581,4.583,4.473,4.486,320.07
1726675200000,4.486,4.667,4.461,4.585,1432.1
1726689600000,4.585,4.752,4.546,4.752,700.62
1726704000000,4.752,4.862,4.752,4.82,703.66
1726718400000,4.82,4.893,4.79,4.883,1218.66
1726732800000,4.883,4.896,4.832,4.879,251.73
1726747200000,4.879,4.943,4.858,4.927,528.83
1726761600000,4.927,4.981,4.903,4.914,895.49
1726776000000,4.914,4.941,4.879,4.907,244.9
1726790400000,4.907,5.033,4.848,5.018,658.06
1726804800000,5.018,5.078,4.995,5.032,574.88
1726819200000,5.032,5.052,4.946,4.964,353.69
1726833600000,4.964,4.981,4.883,4.933,907.77
1726848000000,4.933,4.939,4.858,4.895,297.8
1726862400000,4.895,4.964,4.894,4.961,266.83
1726876800000,4.961,4.998,4.933,4.978,430.33
1726891200000,4.978,4.995,4.935,4.982,233.58
1726905600000,4.982,5.027,4.982,5.018,160.94
1726920000000,5.018,5.099,5.018,5.083,317.17
1726934400000,5.083,5.117,5.074,5.074,477.8
1726948800000,5.074,5.131,5.053,5.123,145.88
1726963200000,5.123,5.136,5.012,5.045,239.04
1726977600000,5.045,5.058,4.979,5.008,120.43
1726992000000,5.008,5.037,4.932,4.96,249.35
1727006400000,4.96,4.971,4.81,4.858,919.93
1727020800000,4.858,4.911,4.841,4.908,478.68
1727035200000,4.908,4.937,4.782,4.903,646.01
1727049600000,4.903,5.014,4.784,4.973,1370.63
1727064000000,4.973,5.017,4.929,4.952,615.92
1727078400000,4.952,4.976,4.899,4.958,554.76
1727092800000,4.958,5.018,4.935,4.994,1625.72
1727107200000,4.994,5.055,4.97,5.023,258.68
1727121600000,5.023,5.06,5.011,5.047,300.86
1727136000000,5.047,5.078,4.98,5.011,352.67
1727150400000,5.011,5.189,4.993,5.126,1404.68
1727164800000,5.126,5.165,5.08,5.138,500.75
1727179200000,5.138,5.157,5.018,5.044,503.9
1727193600000,5.044,5.15,5.038,5.145,291.92
1727208000000,5.145,5.182,5.105,5.166,203.08
1727222400000,5.166,5.214,5.127,5.186,242.95
1727236800000,5.186,5.196,5.075,5.119,228.05
1727251200000,5.119,5.172,5.115,5.169,270.44
1727265600000,5.169,5.265,5.145,5.19,537.27
1727280000000,5.19,5.214,5.132,5.171,196.71
1727294400000,5.171,5.239,5.133,5.161,249.04
1727308800000,5.161,5.218,5.076,5.217,291.15
1727323200000,5.217,5.309,5.194,5.304,423.9
1727337600000,5.304,5.336,5.262,5.296,557.25
1727352000000,5.296,5.394,5.269,5.364,674.78
1727366400000,5.364,5.398,5.308,5.31,326.04
1727380800000,5.31,5.344,5.269,5.325,222.34
1727395200000,5.325,5.359,5.276,5.357,278.21
1727409600000,5.357,5.467,5.357,5.399,2108.93
1727424000000,5.399,5.449,5.329,5.357,514.33
1727438400000,5.357,5.464,5.338,5.408,380.86
1727452800000,5.408,5.449,5.362,5.403,326.46
1727467200000,5.403,5.432,5.386,5.416,198.58
1727481600000,5.416,5.522,5.415,5.46,420.84
1727496000000,5.46,5.476,5.34,5.342,517.53
1727510400000,5.342,5.368,5.246,5.359,827.02
1727524800000,5.359,5.39,5.309,5.359,596.01
1727539200000,5.359,5.396,5.324,5.387,530.49
1727553600000,5.387,5.41,5.31,5.398,298.21
1727568000000,5.398,5.414,5.336,5.389,202.54
1727582400000,5.389,5.389,5.265,5.28,210.29
1727596800000,5.28,5.361,5.266,5.348,235.13
1727611200000,5.348,5.411,5.273,5.4,514.62
1727625600000,5.4,5.478,5.4,5.476,309.24
1727640000000,5.476,5.511,5.399,5.511,559.51
1727654400000,5.511,5.544,5.271,5.319,1297.09
1727668800000,5.319,5.328,5.193,5.324,1128.99
1727683200000,5.324,5.324,5.139,5.187,648.2
1727697600000,5.187,5.289,5.094,5.094,1248.35
1727712000000,5.094,5.14,5.08,5.106,423.53
1727726400000,5.106,5.139,4.998,5.048,472.81
1727740800000,5.048,5.151,4.984,5.143,928.96
1727755200000,5.143,5.194,5.113,5.176,612.41
1727769600000,5.176,5.193,5.154,5.159,212.57
1727784000000,5.159,5.165,4.784,4.932,1579.37
1727798400000,4.932,4.949,4.602,4.725,1560.45
1727812800000,4.725,4.728,4.633,4.697,1857.6
1727827200000,4.697,4.791,4.662,4.789,878.56
1727841600000,4.789,4.838,4.747,4.819,583.31
1727856000000,4.819,4.82,4.627,4.673,1361.67
1727870400000,4.673,4.69,4.594,4.688,1263.04
1727884800000,4.688,4.742,4.492,4.536,2248.71
1727899200000,4.536,4.608,4.517,4.571,852.26
1727913600000,4.571,4.649,4.527,4.648,749.66
1727928000000,4.648,4.664,4.55,4.56,526.04
1727942400000,4.56,4.56,4.435,4.493,1555.14
1727956800000,4.493,4.506,4.368,4.479,1966.81
1727971200000,4.479,4.52,4.392,4.512,980.62
1727985600000,4.512,4.524,4.459,4.503,496.47
1728000000000,4.503,4.626,4.48,4.551,1535.28
1728014400000,4.551,4.634,4.551,4.624,808.2
1728028800000,4.624,4.677,4.579,4.616,568.15
1728043200000,4.616,4.643,4.523,4.643,1962.79
1728057600000,4.643,4.691,4.629,4.686,396.2
1728072000000,4.686,4.689,4.647,4.659,1152.71
1728086400000,4.659,4.696,4.624,4.633,436.34
1728100800000,4.633,4.664,4.621,4.636,343.99
1728115200000,4.636,4.726,4.587,4.599,1406.19
1728129600000,4.599,4.654,4.595,4.638,912.96
1728144000000,4.638,4.638,4.556,4.567,481.2
1728158400000,4.567,4.607,4.534,4.606,227.09
1728172800000,4.606,4.657,4.591,4.593,348.91
1728187200000,4.593,4.615,4.579,4.614,184.67
1728201600000,4.614,4.645,4.6,4.636,259.6
1728216000000,4.636,4.7,4.635,4.698,356.17
1728230400000,4.698,4.713,4.65,4.655,382.61
1728244800000,4.655,4.693,4.639,4.688,284.67
1728259200000,4.688,4.796,4.676,4.752,563.75
1728273600000,4.752,4.782,4.749,4.757,269.66
1728288000000,4.757,4.773,4.625,4.685,690.32
1728302400000,4.685,4.813,4.654,4.755,1355.62
1728316800000,4.755,4.796,4.673,4.727,964.37
1728331200000,4.727,4.743,4.629,4.636,826.93
1728345600000,4.636,4.692,4.631,4.665,708.01
1728360000000,4.665,4.69,4.567,4.605,725.32
1728374400000,4.605,4.683,4.587,4.681,1448.13
1728388800000,4.681,4.683,4.563,4.6,2135.11
1728403200000,4.6,4.634,4.533,4.581,1598.04
1728417600000,4.581,4.618,4.554,4.59,660.32
1728432000000,4.59,4.635,4.572,4.6,309.4
1728446400000,4.6,4.63,4.585,4.598,280.22
1728460800000,4.598,4.6,4.568,4.594,247.67
1728475200000,4.594,4.598,4.497,4.553,1141.13
1728489600000,4.553,4.553,4.445,4.462,704.46
1728504000000,4.462,4.462,4.397,4.451,552.7
1728518400000,4.451,4.487,4.423,4.476,231.89
1728532800000,4.476,4.509,4.467,4.467,229.23
1728547200000,4.467,4.482,4.406,4.476,408.0
1728561600000,4.476,4.478,4.397,4.442,840.22
1728576000000,4.442,4.46,4.327,4.413,835.61
1728590400000,4.413,4.457,4.408,4.452,296.78
1728604800000,4.452,4.508,4.435,4.499,794.49
1728619200000,4.499,4.51,4.475,4.499,84.79
1728633600000,4.499,4.536,4.491,4.527,214.84
1728648000000,4.527,4.638,4.507,4.605,1577.43
1728662400000,4.605,4.689,4.585,4.663,676.64
1728676800000,4.663,4.693,4.649,4.665,336.12
1728691200000,4.665,4.685,4.639,4.649,369.36
1728705600000,4.649,4.732,4.648,4.725,482.89
1728720000000,4.725,4.783,4.724,4.747,468.26
1728734400000,4.747,4.788,4.729,4.752,622.26
1728748800000,4.752,4.777,4.729,4.742,353.67
1728763200000,4.742,4.783,4.739,4.761,735.1
1728777600000,4.761,4.761,4.695,4.725,194.28
1728792000000,4.725,4.778,4.719,4.749,670.65
1728806400000,4.749,4.776,4.683,4.683,1310.58
1728820800000,4.683,4.716,4.577,4.591,1162.14
1728835200000,4.591,4.637,4.546,4.593,810.45
1728849600000,4.593,4.683,4.58,4.674,185.9
1728864000000,4.674,4.762,4.605,4.757,304.41
1728878400000,4.757,4.768,4.687,4.752,323.08
1728892800000,4.752,4.8,4.713,4.794,351.45
1728907200000,4.794,4.876,4.76,4.871,974.19
1728921600000,4.871,4.895,4.844,4.863,286.1
1728936000000,4.863,4.925,4.861,4.898,325.87
1728950400000,4.898,4.921,4.839,4.851,340.03
1728964800000,4.851,4.899,4.817,4.868,536.72
1728979200000,4.868,4.912,4.754,4.778,530.48
1728993600000,4.778,4.95,4.644,4.744,1562.07
1729008000000,4.744,4.876,4.744,4.823,575.22
1729022400000,4.823,4.845,4.746,4.845,294.77
1729036800000,4.845,4.874,4.769,4.836,190.02
1729051200000,4.836,4.849,4.732,4.755,244.46
1729065600000,4.755,4.843,4.745,4.819,240.01
1729080000000,4.819,4.836,4.732,4.757,391.34
1729094400000,4.757,4.768,4.716,4.735,196.17
1729108800000,4.735,4.788,4.734,4.744,240.71
1729123200000,4.744,4.794,4.732,4.773,191.58
1729137600000,4.773,4.775,4.648,4.666,236.3
1729152000000,4.666,4.701,4.573,4.574,586.33
1729166400000,4.574,4.646,4.562,4.628,340.77
1729180800000,4.628,4.633,4.533,4.597,339.4
1729195200000,4.597,4.622,4.592,4.609,134.26
1729209600000,4.609,4.68,4.583,4.644,250.57
1729224000000,4.644,4.687,4.629,4.65,133.79
1729238400000,4.65,4.657,4.628,4.635,133.49
1729252800000,4.635,4.673,4.605,4.663,317.68
1729267200000,4.663,4.727,4.643,4.695,357.28
1729281600000,4.695,4.858,4.684,4.857,944.31
1729296000000,4.857,5.316,4.857,5.232,6305.94
1729310400000,5.232,5.448,5.198,5.223,2906.75
1729324800000,5.223,5.255,5.051,5.068,1229.09
1729339200000,5.068,5.17,5.055,5.128,946.84
1729353600000,5.128,5.157,5.079,5.114,1148.04
1729368000000,5.114,5.142,5.087,5.104,828.84
1729382400000,5.104,5.266,5.104,5.164,1634.38
1729396800000,5.164,5.278,5.132,5.231,1773.58
1729411200000,5.231,5.329,5.224,5.263,2091.37
1729425600000,5.263,5.296,5.154,5.192,4846.03
1729440000000,5.192,5.23,5.151,5.171,4281.53
1729454400000,5.171,5.205,5.15,5.193,584.9
1729468800000,5.193,5.265,5.166,5.25,677.6
1729483200000,5.25,5.361,5.221,5.32,1548.94
1729497600000,5.32,5.477,5.274,5.353,2141.4
1729512000000,5.353,5.54,5.222,5.333,3745.61
1729526400000,5.333,5.364,5.248,5.342,1006.34
1729540800000,5.342,5.355,5.291,5.291,309.26
1729555200000,5.291,5.322,5.147,5.221,892.19
1729569600000,5.221,5.29,5.195,5.203,576.02
1729584000000,5.203,5.211,5.079,5.104,1323.07
1729598400000,5.104,5.17,5.062,5.145,621.27
1729612800000,5.145,5.223,5.071,5.201,629.24
1729627200000,5.201,5.454,5.196,5.384,1940.23
1729641600000,5.384,5.407,5.225,5.255,1196.72
1729656000000,5.255,5.304,5.119,5.144,1711.72
1729670400000,5.144,5.205,5.079,5.113,3756.65
1729684800000,5.113,5.171,4.978,4.984,2751.03
1729699200000,4.984,5.004,4.883,4.996,799.01
1729713600000,4.996,5.031,4.975,5.008,386.58
1729728000000,5.008,5.087,4.971,5.055,513.0
1729742400000,5.055,5.07,4.978,4.98,648.2
1729756800000,4.98,4.994,4.871,4.929,1836.67
1729771200000,4.929,4.988,4.886,4.964,1766.43
1729785600000,4.964,5.001,4.947,5.001,2210.1
1729800000000,5.001,5.052,4.968,4.98,323.43
1729814400000,4.98,4.993,4.892,4.894,959.06
1729828800000,4.894,4.894,4.79,4.829,1646.44
1729843200000,4.829,4.907,4.803,4.894,877.25
1729857600000,4.894,4.974,4.856,4.902,1589.55
1729872000000,4.902,4.94,4.764,4.872,3698.54
1729886400000,4.872,4.94,4.49,4.637,6845.31
1729900800000,4.637,4.698,4.534,4.679,3030.43
1729915200000,4.679,4.695,4.653,4.662,686.11
1729929600000,4.662,4.697,4.648,4.69,718.99
1729944000000,4.69,4.701,4.573,4.606,1129.53
1729958400000,4.606,4.663,4.584,4.655,578.95
1729972800000,4.655,4.701,4.647,4.652,611.17
1729987200000,4.652,4.811,4.649,4.809,1810.28
1730001600000,4.809,4.873,4.764,4.806,3048.2
1730016000000,4.806,4.824,4.719,4.722,725.87
1730030400000,4.722,4.829,4.72,4.82,811.3
1730044800000,4.82,4.874,4.801,4.813,825.2
1730059200000,4.813,4.894,4.8,4.834,1381.61
1730073600000,4.834,4.864,4.74,4.746,1603.38
1730088000000,4.746,4.839,4.703,4.803,1707.48
1730102400000,4.803,4.832,4.763,4.769,887.53
1730116800000,4.769,4.792,4.686,4.701,1156.53
1730131200000,4.701,4.777,4.645,4.748,1870.18
1730145600000,4.748,4.889,4.746,4.872,1303.11
1730160000000,4.872,4.959,4.835,4.929,2004.99
1730174400000,4.929,4.948,4.879,4.885,317.6
1730188800000,4.885,4.919,4.884,4.9,332.64
1730203200000,4.9,4.962,4.888,4.958,398.28
1730217600000,4.958,5.083,4.956,4.992,936.73
1730232000000,4.992,5.048,4.923,5.048,417.46
1730246400000,5.048,5.067,4.997,5.045,668.45
1730260800000,5.045,5.078,5.023,5.023,348.45
1730275200000,5.023,5.06,4.957,4.957,245.49
1730289600000,4.957,5.03,4.927,4.953,550.22
1730304000000,4.953,4.984,4.891,4.965,1310.07
1730318400000,4.965,5.095,4.948,5.077,1536.06
1730332800000,5.077,5.107,4.933,4.969,2586.05
1730347200000,4.969,4.974,4.918,4.943,632.47
1730361600000,4.943,4.958,4.894,4.938,1068.84
1730376000000,4.938,4.944,4.794,4.817,3549.25
1730390400000,4.817,4.827,4.709,4.724,1374.99
1730404800000,4.724,4.777,4.694,4.766,842.96
1730419200000,4.766,4.78,4.661,4.722,1469.05
1730433600000,4.722,4.755,4.648,4.704,1231.98
1730448000000,4.704,4.795,4.701,4.792,1437.48
1730462400000,4.792,4.814,4.6,4.638,4797.66
1730476800000,4.638,4.725,4.626,4.673,1666.9
1730491200000,4.673,4.693,4.613,4.679,737.68
1730505600000,4.679,4.715,4.659,4.659,772.65
1730520000000,4.659,4.674,4.638,4.657,232.76
1730534400000,4.657,4.66,4.621,4.635,248.83
1730548800000,4.635,4.638,4.549,4.588,1435.89
1730563200000,4.588,4.627,4.559,4.598,543.8
1730577600000,4.598,4.612,4.577,4.599,695.96
1730592000000,4.599,4.616,4.43,4.506,2546.99
1730606400000,4.506,4.604,4.487,4.502,2040.37
1730620800000,4.502,4.523,4.437,4.437,963.54
1730635200000,4.437,4.461,4.319,4.392,2763.73
1730649600000,4.392,4.437,4.338,4.425,1649.7
1730664000000,4.425,4.499,4.417,4.473,885.6
1730678400000,4.473,4.549,4.424,4.507,1231.36
1730692800000,4.507,4.532,4.445,4.453,881.62
1730707200000,4.453,4.508,4.422,4.49,610.87
1730721600000,4.49,4.53,4.449,4.461,1031.73
1730736000000,4.461,4.602,4.364,4.497,3681.09
1730750400000,4.497,4.497,4.269,4.324,5563.73
1730764800000,4.324,4.365,4.303,4.332,956.84
1730779200000,4.332,4.389,4.332,4.382,625.65
1730793600000,4.382,4.402,4.352,4.377,405.06
1730808000000,4.377,4.52,4.353,4.478,2412.06
1730822400000,4.478,4.564,4.417,4.439,1687.53
1730836800000,4.439,4.487,4.417,4.457,851.29
1730851200000,4.457,4.779,4.457,4.769,5139.64
1730865600000,4.769,4.845,4.724,4.772,2613.57
1730880000000,4.772,4.816,4.686,4.807,675.06
1730894400000,4.807,4.82,4.722,4.776,615.82
1730908800000,4.776,4.796,4.747,4.79,648.87
1730923200000,4.79,4.904,4.784,4.868,1365.1
1730937600000,4.868,5.03,4.868,4.954,1616.47
1730952000000,4.954,5.004,4.846,4.905,848.1
1730966400000,4.905,4.971,4.883,4.904,1204.64
1730980800000,4.904,4.974,4.844,4.974,1415.82
1730995200000,4.974,5.001,4.938,4.98,450.13
1731009600000,4.98,5.011,4.941,4.978,551.24
1731024000000,4.978,5.05,4.912,4.949,642.01
1731038400000,4.949,5.032,4.945,5.004,320.0
1731052800000,5.004,5.159,4.941,5.148,2298.08
1731067200000,5.148,5.192,5.078,5.175,1241.95
1731081600000,5.175,5.224,5.056,5.186,990.87
1731096000000,5.186,5.188,5.097,5.178,511.46
1731110400000,5.178,5.184,5.038,5.045,598.69
1731124800000,5.045,5.156,5.045,5.139,831.29
1731139200000,5.139,5.172,5.096,5.135,439.47
1731153600000,5.135,5.16,5.05,5.101,684.34
1731168000000,5.101,5.117,5.007,5.098,467.1
1731182400000,5.098,5.31,5.096,5.303,884.01
1731196800000,5.303,5.315,5.202,5.315,859.61
1731211200000,5.315,5.477,5.284,5.388,2701.04
1731225600000,5.388,5.71,5.35,5.671,1694.34
1731240000000,5.671,5.725,5.535,5.651,3138.59
1731254400000,5.651,5.757,5.484,5.545,2119.42
1731268800000,5.545,5.565,5.232,5.51,1752.16
1731283200000,5.51,5.669,5.473,5.637,1959.97
1731297600000,5.637,5.641,5.34,5.421,1530.77
1731312000000,5.421,5.535,5.397,5.518,1238.71
1731326400000,5.518,5.564,5.376,5.515,1867.33
1731340800000,5.515,5.696,5.509,5.621,1096.35
1731355200000,5.621,5.848,5.614,5.826,4026.22
1731369600000,5.826,5.881,5.616,5.881,3935.46
1731384000000,5.881,5.881,5.631,5.797,2778.2
1731398400000,5.797,5.972,5.305,5.49,7328.25
1731412800000,5.49,5.578,5.295,5.34,4708.58
1731427200000,5.34,5.479,5.246,5.443,3125.74
1731441600000,5.443,5.55,5.354,5.477,3169.89
1731456000000,5.477,5.554,5.198,5.201,3846.93
1731470400000,5.201,5.278,5.008,5.124,3175.22
1731484800000,5.124,5.159,5.022,5.121,2315.55
1731499200000,5.121,5.453,5.067,5.406,5183.28
1731513600000,5.406,5.447,5.237,5.249,3902.3
1731528000000,5.249,5.426,5.179,5.412,4115.53
1731542400000,5.412,5.653,5.226,5.324,3593.92
1731556800000,5.324,5.52,5.298,5.446,3212.41
1731571200000,5.446,5.494,5.214,5.279,2451.1
1731585600000,5.279,5.312,5.045,5.066,4031.94
1731600000000,5.066,5.2,5.032,5.145,2712.89
1731614400000,5.145,5.161,4.924,4.995,3809.6
1731628800000,4.995,5.023,4.88,4.968,8748.21
1731643200000,4.968,4.973,4.811,4.921,6294.29
1731657600000,4.921,5.06,4.884,5.038,6995.73
1731672000000,5.038,5.162,4.961,5.008,2971.92
1731686400000,5.008,5.177,4.972,5.153,2885.48
1731700800000,5.153,5.297,5.153,5.275,2647.13
1731715200000,5.275,5.362,5.229,5.361,4066.13
1731729600000,5.361,5.388,5.295,5.362,2616.34
1731744000000,5.362,5.806,5.346,5.775,4195.29
1731758400000,5.775,5.881,5.606,5.657,7352.87
1731772800000,5.657,5.833,5.613,5.797,3735.07
1731787200000,5.797,6.239,5.74,6.108,6573.16
1731801600000,6.108,6.126,5.628,5.736,4279.58
1731816000000,5.736,5.796,5.662,5.729,2966.6
1731830400000,5.729,5.796,5.607,5.607,3054.63
1731844800000,5.607,5.713,5.588,5.616,2093.48
1731859200000,5.616,5.651,5.458,5.497,2786.18
1731873600000,5.497,5.535,5.394,5.495,3387.5
1731888000000,5.495,5.705,5.467,5.705,3283.56
1731902400000,5.705,5.726,5.649,5.718,3582.17
1731916800000,5.718,5.763,5.603,5.64,3177.0
1731931200000,5.64,5.802,5.538,5.781,2816.49
1731945600000,5.781,6.211,5.749,5.864,6629.68
1731960000000,5.864,5.992,5.821,5.949,3347.23
1731974400000,5.949,5.989,5.839,5.891,1909.97
1731988800000,5.891,5.935,5.768,5.866,1961.9
1732003200000,5.866,5.868,5.729,5.822,2450.33
1732017600000,5.822,5.886,5.698,5.769,3286.13
1732032000000,5.769,5.837,5.755,5.787,2892.61
1732046400000,5.787,5.805,5.584,5.766,2558.94
1732060800000,5.766,5.766,5.474,5.558,2259.16
1732075200000,5.558,5.647,5.509,5.6,1865.98
1732089600000,5.6,5.709,5.586,5.647,2384.8
1732104000000,5.647,5.78,5.566,5.696,2567.53
1732118400000,5.696,5.706,5.374,5.421,2752.64
1732132800000,5.421,5.585,5.381,5.524,4950.02
1732147200000,5.524,5.602,5.344,5.46,6642.1
1732161600000,5.46,5.753,5.46,5.646,7703.17
1732176000000,5.646,5.678,5.526,5.676,2672.58
1732190400000,5.676,5.861,5.623,5.717,3525.88
1732204800000,5.717,5.811,5.717,5.788,2418.86
1732219200000,5.788,5.819,5.739,5.784,2201.53
1732233600000,5.784,5.905,5.699,5.837,4255.3
1732248000000,5.837,5.909,5.812,5.817,1402.14
1732262400000,5.817,5.896,5.767,5.891,1032.62
1732276800000,5.891,5.953,5.66,5.903,2144.08
1732291200000,5.903,6.041,5.838,5.942,1871.34
1732305600000,5.942,6.344,5.93,6.341,2622.25
1732320000000,6.341,6.616,6.21,6.432,3791.11
1732334400000,6.432,6.646,6.312,6.64,2212.19
1732348800000,6.64,6.684,6.494,6.575,1710.48
1732363200000,6.575,6.92,6.551,6.902,3209.08
1732377600000,6.902,7.048,6.534,6.892,4394.09
1732392000000,6.892,6.948,6.645,6.886,1919.17
1732406400000,6.886,8.321,6.797,8.089,8341.49
1732420800000,8.089,8.928,7.899,8.227,14204.65
1732435200000,8.227,8.532,7.553,7.554,8228.76
1732449600000,7.554,7.818,7.179,7.189,5715.89
1732464000000,7.189,7.432,7.155,7.34,2867.61
1732478400000,7.34,8.447,7.31,8.346,6835.83
1732492800000,8.346,8.724,7.63,8.223,9886.53
1732507200000,8.223,8.277,7.936,8.079,3940.88
1732521600000,8.079,8.302,7.978,8.004,3177.91
1732536000000,8.004,8.129,7.542,7.776,3659.2
1732550400000,7.776,7.833,7.523,7.682,1719.15
1732564800000,7.682,7.786,7.365,7.531,2002.72
1732579200000,7.531,7.641,7.445,7.518,1615.67
1732593600000,7.518,7.663,7.37,7.429,1204.43
1732608000000,7.429,7.44,6.874,7.064,4558.89
1732622400000,7.064,7.262,6.971,7.084,1959.63
1732636800000,7.084,7.303,6.959,7.144,1131.97
1732651200000,7.144,7.268,7.102,7.266,979.54
1732665600000,7.266,7.295,7.067,7.198,1579.44
1732680000000,7.198,7.503,7.191,7.486,1292.32
1732694400000,7.486,7.528,7.276,7.471,1597.28
1732708800000,7.471,7.68,7.298,7.665,1577.24
1732723200000,7.665,7.771,7.586,7.724,1573.15
1732737600000,7.724,7.792,7.646,7.711,1237.09
1732752000000,7.711,7.712,7.441,7.519,1341.51
1732766400000,7.519,7.646,7.496,7.555,750.27
1732780800000,7.555,7.612,7.42,7.526,724.4
1732795200000,7.526,7.554,7.33,7.349,912.63
1732809600000,7.349,7.742,7.349,7.742,1372.0
1732824000000,7.742,7.845,7.628,7.836,769.59
1732838400000,7.836,8.122,7.731,7.821,2835.05
1732852800000,7.821,7.847,7.616,7.616,747.61
1732867200000,7.616,7.953,7.616,7.929,807.0
1732881600000,7.929,8.065,7.854,7.982,1673.25
1732896000000,7.982,8.038,7.906,7.975,783.15
1732910400000,7.975,8.167,7.975,8.128,918.31
1732924800000,8.128,8.142,7.905,7.991,1166.63
1732939200000,7.991,8.162,7.963,8.123,1130.48
1732953600000,8.123,8.235,7.945,8.031,1747.48
1732968000000,8.031,8.31,8.001,8.214,2085.69
1732982400000,8.214,8.344,8.108,8.333,811.92
1732996800000,8.333,8.396,8.155,8.18,1023.4
1733011200000,8.18,8.239,7.863,7.998,1463.15
1733025600000,7.998,8.052,7.943,8.015,807.46
1733040000000,8.015,8.187,7.942,8.136,1033.86
1733054400000,8.136,8.461,8.117,8.302,1963.04
1733068800000,8.302,8.345,8.135,8.185,1027.88
1733083200000,8.185,8.33,8.066,8.257,917.09
1733097600000,8.257,8.483,8.109,8.148,2159.68
1733112000000,8.148,8.325,8.008,8.174,1945.46
1733126400000,8.174,8.196,7.618,7.698,2618.46
1733140800000,7.698,8.2,7.667,8.199,1931.55
1733155200000,8.199,8.9,8.036,8.885,5885.03
1733169600000,8.885,9.389,8.817,9.246,6053.66
1733184000000,9.246,9.882,9.219,9.393,6804.43
1733198400000,9.393,9.776,9.241,9.312,3875.94
1733212800000,9.312,9.464,9.163,9.33,4671.1
1733227200000,9.33,9.408,8.32,8.709,6475.56
1733241600000,8.709,8.933,8.54,8.872,2636.86
1733256000000,8.872,9.546,8.84,9.453,3569.69
1733270400000,9.453,9.468,9.094,9.346,2814.45
1733284800000,9.346,9.578,9.294,9.57,2340.72
1733299200000,9.57,10.121,9.455,9.975,3954.54
1733313600000,9.975,10.352,9.766,9.968,6783.93
1733328000000,9.968,10.043,9.31,9.929,5107.21
1733342400000,9.929,9.964,9.415,9.554,2271.77
1733356800000,9.554,9.6,8.978,9.108,3336.04
1733371200000,9.108,9.506,9.058,9.408,2430.54
1733385600000,9.408,9.539,9.215,9.518,3617.24
1733400000000,9.518,9.524,9.23,9.395,1799.64
1733414400000,9.395,9.547,9.24,9.272,1819.35
1733428800000,9.272,9.538,8.925,9.089,2290.0
1733443200000,9.089,9.459,9.075,9.327,1812.16
1733457600000,9.327,9.526,9.31,9.329,2956.05
1733472000000,9.329,9.438,8.978,9.062,1483.61
1733486400000,9.062,9.345,8.807,9.267,1850.85
1733500800000,9.267,9.559,9.245,9.536,1552.43
1733515200000,9.536,9.672,9.435,9.522,1546.1
1733529600000,9.522,9.604,9.363,9.442,1297.42
1733544000000,9.442,9.567,9.261,9.313,1179.64
1733558400000,9.313,9.457,9.214,9.386,1193.36
1733572800000,9.386,9.475,9.335,9.419,826.61
1733587200000,9.419,9.458,9.201,9.291,750.83
1733601600000,9.291,9.393,9.278,9.321,1128.65
1733616000000,9.321,9.496,9.257,9.291,965.84
1733630400000,9.291,9.319,9.013,9.22,3512.23
1733644800000,9.22,9.229,8.931,9.195,2881.52
1733659200000,9.195,9.39,9.1,9.326,1047.67
1733673600000,9.326,9.357,9.206,9.342,755.42
1733688000000,9.342,9.491,9.255,9.452,728.53
1733702400000,9.452,9.452,8.886,8.988,1765.27
1733716800000,8.988,9.076,8.704,8.851,1450.88
1733731200000,8.851,8.851,8.431,8.458,2205.37
1733745600000,8.458,8.832,8.349,8.535,3192.7
1733760000000,8.535,8.637,8.407,8.418,1893.48
1733774400000,8.418,8.444,6.788,7.639,8557.65
1733788800000,7.639,7.742,6.969,7.274,2881.08
1733803200000,7.274,7.531,7.086,7.465,1727.68
1733817600000,7.465,7.74,7.373,7.596,2340.94
1733832000000,7.596,7.616,6.918,6.923,3552.94
1733846400000,6.923,7.106,6.58,7.1,5388.65
1733860800000,7.1,7.439,7.032,7.362,1881.36
1733875200000,7.362,7.428,7.042,7.367,1930.49
1733889600000,7.367,7.417,7.262,7.268,1228.54
1733904000000,7.268,7.609,7.264,7.534,1403.93
1733918400000,7.534,7.998,7.534,7.922,2876.34
1733932800000,7.922,7.996,7.79,7.916,1620.53
1733947200000,7.916,8.045,7.884,7.986,1353.85
1733961600000,7.986,8.263,7.891,8.124,2290.14
1733976000000,8.124,8.324,8.112,8.129,5368.07
1733990400000,8.129,8.266,7.886,7.963,1071.3
1734004800000,7.963,8.181,7.957,8.091,1906.42
1734019200000,8.091,8.201,7.825,7.853,1500.81
1734033600000,7.853,8.009,7.8,7.946,1306.14
1734048000000,7.946,8.015,7.709,7.929,1480.05
1734062400000,7.929,7.964,7.683,7.793,954.73
1734076800000,7.793,7.974,7.698,7.857,1056.58
1734091200000,7.857,7.951,7.695,7.699,1267.23
1734105600000,7.699,7.906,7.673,7.84,919.19
1734120000000,7.84,7.969,7.771,7.931,533.96
1734134400000,7.931,8.06,7.84,7.87,1272.29
1734148800000,7.87,7.939,7.817,7.853,489.01
1734163200000,7.853,7.945,7.747,7.796,1616.9
1734177600000,7.796,7.803,7.486,7.617,6173.91
1734192000000,7.617,7.644,7.42,7.517,780.6
1734206400000,7.517,7.649,7.403,7.531,1776.6
1734220800000,7.531,7.6,7.406,7.446,699.22
1734235200000,7.446,7.588,7.312,7.371,646.01
1734249600000,7.371,7.602,7.368,7.556,652.35
1734264000000,7.556,7.901,7.541,7.755,1236.8
1734278400000,7.755,7.804,7.651,7.667,664.0
1734292800000,7.667,7.815,7.425,7.782,1081.04
1734307200000,7.782,7.964,7.583,7.635,1104.34
1734321600000,7.635,7.702,7.535,7.588,775.19
1734336000000,7.588,7.592,7.296,7.322,910.56
1734350400000,7.322,7.553,7.284,7.519,2555.36
1734364800000,7.519,7.773,7.451,7.671,1542.12
1734379200000,7.671,7.752,7.553,7.59,1930.26
1734393600000,7.59,7.605,7.39,7.55,1441.12
1734408000000,7.55,7.55,7.391,7.445,419.37
1734422400000,7.445,7.686,7.423,7.647,1494.2
1734436800000,7.647,7.718,7.319,7.362,1372.41
1734451200000,7.362,7.59,7.286,7.437,1108.39
1734465600000,7.437,7.493,7.163,7.262,776.57
1734480000000,7.262,7.321,7.097,7.097,942.54
1734494400000,7.097,7.107,6.951,7.027,713.95
1734508800000,7.027,7.203,6.974,7.18,693.03
1734523200000,7.18,7.186,6.972,7.019,676.25
1734537600000,7.019,7.235,6.911,6.911,1042.5
1734552000000,6.911,6.961,6.52,6.598,2548.58
1734566400000,6.598,6.654,6.184,6.599,2232.53
1734580800000,6.599,6.665,6.533,6.646,652.47
1734595200000,6.646,6.772,6.534,6.681,920.54
1734609600000,6.681,6.704,6.391,6.512,1507.95
1734624000000,6.512,6.553,5.902,6.012,66552.45
1734638400000,6.012,6.24,5.841,6.029,54395.17
1734652800000,6.029,6.309,5.954,6.165,20930.5
1734667200000,6.165,6.219,5.927,6.063,32654.98
1734681600000,6.063,6.069,5.283,5.302,35170.41
1734696000000,5.302,6.0,5.298,5.961,44598.97
1734710400000,5.961,6.26,5.922,6.198,27572.62
1734724800000,6.198,6.442,6.095,6.404,41461.8
1734739200000,6.404,6.536,6.382,6.444,30989.15
1734753600000,6.444,6.765,6.444,6.711,34717.33
1734768000000,6.711,6.725,6.519,6.596,8543.77
1734782400000,6.596,6.599,6.161,6.323,11681.26
1734796800000,6.323,6.324,6.065,6.153,4251.45
1734811200000,6.153,6.244,6.063,6.153,1972.84
1734825600000,6.153,6.229,6.027,6.143,1885.5
1734840000000,6.143,6.199,5.964,6.11,1944.62
1734854400000,6.11,6.257,6.11,6.161,3064.81
1734868800000,6.161,6.225,5.948,6.025,6345.05
1734883200000,6.025,6.127,5.879,5.895,4215.34
1734897600000,5.895,6.101,5.833,6.01,741.08
1734912000000,6.01,6.226,5.861,6.209,1144.24
1734926400000,6.209,6.255,5.983,6.077,852.47
1734940800000,6.077,6.222,6.058,6.113,678.0
1734955200000,6.113,6.209,6.021,6.026,985.8
1734969600000,6.026,6.348,6.019,6.335,2044.14
1734984000000,6.335,6.909,6.332,6.715,81538.65
1734998400000,6.715,6.721,6.499,6.622,7260.08
1735012800000,6.622,6.677,6.56,6.65,3475.55
1735027200000,6.65,6.767,6.594,6.705,34627.42
1735041600000,6.705,7.009,6.636,6.958,83679.68
1735056000000,6.958,7.004,6.846,6.847,8956.46
1735070400000,6.847,6.909,6.768,6.889,594.94
1735084800000,6.889,6.896,6.768,6.795,726.4
1735099200000,6.795,6.876,6.777,6.828,689.05
1735113600000,6.828,6.952,6.739,6.759,3910.62
1735128000000,6.759,6.881,6.712,6.758,1821.05
1735142400000,6.758,6.801,6.666,6.762,1229.6
1735156800000,6.762,6.794,6.638,6.731,1120.62
1735171200000,6.731,6.795,6.567,6.58,1218.43
1735185600000,6.58,6.58,6.447,6.461,1215.08
1735200000000,6.461,6.47,6.285,6.362,2612.28
1735214400000,6.362,6.384,6.274,6.33,1958.43
1735228800000,6.33,6.363,6.222,6.3,1994.33
1735243200000,6.3,6.34,6.195,6.302,734.02
1735257600000,6.302,6.362,6.255,6.33,1560.03
1735272000000,6.33,6.456,6.239,6.318,801.5
1735286400000,6.318,6.699,6.313,6.649,8281.47
1735300800000,6.649,6.674,6.347,6.364,3551.91
1735315200000,6.364,6.528,6.317,6.465,739.29
1735329600000,6.465,6.477,6.315,6.371,413.68
1735344000000,6.371,6.469,6.338,6.417,566.89
1735358400000,6.417,6.429,6.338,6.352,453.34
1735372800000,6.352,6.423,6.334,6.395,679.47
1735387200000,6.395,6.55,6.308,6.482,815.77
1735401600000,6.482,6.626,6.454,6.523,7148.81
1735416000000,6.523,6.7,6.511,6.622,9591.75
1735430400000,6.622,6.644,6.517,6.639,428.12
1735444800000,6.639,6.664,6.547,6.635,441.18
1735459200000,6.635,6.653,6.527,6.527,513.18
1735473600000,6.527,6.599,6.444,6.483,689.5
1735488000000,6.483,6.483,6.366,6.398,1348.17
1735502400000,6.398,6.398,6.236,6.296,724.04
1735516800000,6.296,6.512,6.251,6.403,794.2
1735531200000,6.403,6.5,6.329,6.397,599.37
1735545600000,6.397,6.452,6.245,6.313,432.34
1735560000000,6.313,6.383,6.035,6.066,809.76
1735574400000,6.066,6.37,6.022,6.36,2109.15
1735588800000,6.36,6.447,6.156,6.246,1862.88
1735603200000,6.246,6.246,6.098,6.133,1607.74
1735617600000,6.133,6.166,6.081,6.112,1111.22
1735632000000,6.112,6.319,6.106,6.2,1936.29
1735646400000,6.2,6.419,6.188,6.372,1586.71
1735660800000,6.372,6.413,6.21,6.27,1567.53
1735675200000,6.27,6.299,6.181,6.22,839.99
1735689600000,6.22,6.331,6.215,6.231,634.18
1735704000000,6.231,6.237,6.184,6.217,635.91
1735718400000,6.217,6.226,6.05,6.166,1193.1
1735732800000,6.166,6.349,6.142,6.337,1832.43
1735747200000,6.337,6.481,6.252,6.465,1458.78
1735761600000,6.465,6.511,6.399,6.419,520.86
1735776000000,6.419,6.578,6.416,6.469,870.78
1735790400000,6.469,6.581,6.467,6.568,529.89
1735804800000,6.568,6.707,6.543,6.694,1230.86
1735819200000,6.694,6.779,6.617,6.686,1161.44
1735833600000,6.686,6.761,6.626,6.682,632.4
1735848000000,6.682,6.755,6.617,6.737,1378.87
1735862400000,6.737,6.81,6.648,6.773,422.29
1735876800000,6.773,6.773,6.626,6.65,507.5
1735891200000,6.65,6.968,6.65,6.927,2763.13
1735905600000,6.927,7.07,6.855,7.07,1074.48
1735920000000,7.07,7.141,7.039,7.098,1312.19
1735934400000,7.098,7.108,7.041,7.072,644.69
1735948800000,7.072,7.162,6.964,7.138,1052.25
1735963200000,7.138,7.158,7.04,7.109,764.09
1735977600000,7.109,7.111,6.951,6.993,629.15
1735992000000,6.993,7.168,6.928,6.958,1246.91
1736006400000,6.958,7.03,6.926,7.006,477.13
1736020800000,7.006,7.062,6.992,7.017,428.26
1736035200000,7.017,7.046,6.915,6.964,473.47
1736049600000,6.964,7.03,6.949,7.017,382.81
1736064000000,7.017,7.029,6.886,6.903,629.53
1736078400000,6.903,6.983,6.837,6.956,776.4
1736092800000,6.956,6.985,6.873,6.973,481.39
1736107200000,6.973,7.062,6.949,7.038,440.85
1736121600000,7.038,7.285,6.926,7.185,2021.26
1736136000000,7.185,7.227,7.061,7.1,627.57
1736150400000,7.1,7.148,6.981,7.103,659.58
1736164800000,7.103,7.324,7.072,7.305,1475.86
1736179200000,7.305,7.457,7.26,7.388,1813.64
1736193600000,7.388,7.4,7.249,7.29,769.73
1736208000000,7.29,7.327,7.148,7.202,1622.31
1736222400000,7.202,7.221,7.12,7.143,494.51
1736236800000,7.143,7.212,6.962,7.01,1104.6
1736251200000,7.01,7.092,6.609,6.687,3309.68
1736265600000,6.687,6.748,6.514,6.547,1566.62
1736280000000,6.547,6.591,6.451,6.461,1602.79
1736294400000,6.461,6.54,6.367,6.42,4126.38
1736308800000,6.42,6.439,6.125,6.171,4694.0
1736323200000,6.171,6.267,6.128,6.157,4542.42
1736337600000,6.157,6.286,6.094,6.185,3583.3
1736352000000,6.185,6.224,5.868,6.037,7614.96
1736366400000,6.037,6.224,6.003,6.191,1456.41
1736380800000,6.191,6.319,6.151,6.288,1455.89
1736395200000,6.288,6.347,6.108,6.122,1548.87
1736409600000,6.122,6.308,6.102,6.29,1874.48
1736424000000,6.29,6.326,6.03,6.267,3580.19
1736438400000,6.267,6.303,6.062,6.079,2058.09
1736452800000,6.079,6.207,5.988,6.189,1674.91
1736467200000,6.189,6.217,6.076,6.17,1432.61
1736481600000,6.17,6.316,6.131,6.277,920.25
1736496000000,6.277,6.321,6.236,6.293,895.98
1736510400000,6.293,6.349,6.103,6.245,3411.26
1736524800000,6.245,6.403,6.143,6.385,2266.84
1736539200000,6.385,6.396,6.286,6.339,707.2
1736553600000,6.339,6.377,6.246,6.248,707.19
1736568000000,6.248,6.289,6.22,6.231,494.02
1736582400000,6.231,6.303,6.188,6.274,591.19
1736596800000,6.274,6.282,6.202,6.206,856.42
1736611200000,6.206,6.234,6.17,6.217,628.83
1736625600000,6.217,6.407,6.209,6.28,1287.88
1736640000000,6.28,6.36,6.207,6.23,2630.06
1736654400000,6.23,6.3,6.131,6.194,1120.94
1736668800000,6.194,6.21,6.101,6.163,623.05
1736683200000,6.163,6.237,6.129,6.224,886.24
1736697600000,6.224,6.26,6.138,6.188,1247.89
1736712000000,6.188,6.206,6.063,6.16,723.92
1736726400000,6.16,6.327,5.985,6.025,2013.87
1736740800000,6.025,6.125,5.922,5.967,1251.71
1736755200000,5.967,5.972,5.692,5.692,1798.85
1736769600000,5.692,5.936,5.593,5.883,3369.88
1736784000000,5.883,5.905,5.733,5.824,2119.51
1736798400000,5.824,6.108,5.78,6.051,1605.31
1736812800000,6.051,6.091,6.002,6.027,939.26
1736827200000,6.027,6.102,6.024,6.029,799.75
1736841600000,6.029,6.213,6.029,6.169,1872.02
1736856000000,6.169,6.212,6.087,6.162,1547.99
1736870400000,6.162,6.246,6.101,6.201,1193.19
1736884800000,6.201,6.311,6.174,6.244,1256.63
1736899200000,6.244,6.278,6.17,6.229,1026.73
1736913600000,6.229,6.302,6.174,6.273,763.89
1736928000000,6.273,6.321,6.116,6.155,1907.78
1736942400000,6.155,6.529,6.119,6.488,1781.74
1736956800000,6.488,6.53,6.408,6.521,646.89
1736971200000,6.521,6.571,6.477,6.567,1236.19
1736985600000,6.567,6.585,6.417,6.464,743.97
1737000000000,6.464,6.519,6.447,6.456,592.23
1737014400000,6.456,6.474,6.321,6.453,1308.38
1737028800000,6.453,6.617,6.277,6.466,1543.38
1737043200000,6.466,6.559,6.452,6.534,609.29
1737057600000,6.534,6.551,6.362,6.408,546.52
1737072000000,6.408,6.615,6.408,6.56,654.5
1737086400000,6.56,6.753,6.537,6.626,1806.86
1737100800000,6.626,6.752,6.59,6.683,2127.33
1737115200000,6.683,6.726,6.601,6.66,752.37
1737129600000,6.66,6.715,6.616,6.663,439.81
1737144000000,6.663,6.791,6.654,6.736,526.79
1737158400000,6.736,6.808,6.497,6.525,641.91
1737172800000,6.525,6.55,6.259,6.287,1747.43
1737187200000,6.287,6.328,6.196,6.317,901.73
1737201600000,6.317,6.377,6.248,6.286,783.53
1737216000000,6.286,6.306,6.163,6.244,2644.1
1737230400000,6.244,6.3,6.173,6.287,1305.84
1737244800000,6.287,6.504,6.267,6.342,1470.76
1737259200000,6.342,6.342,6.099,6.143,1774.13
1737273600000,6.143,6.143,5.815,5.854,4123.77
1737288000000,5.854,6.372,5.842,6.303,3746.62
1737302400000,6.303,6.395,6.25,6.379,819.28
1737316800000,6.379,6.416,5.69,5.816,5446.88
1737331200000,5.816,5.875,5.614,5.805,6536.76
1737345600000,5.805,6.348,5.748,6.174,5164.0
1737360000000,6.174,6.265,6.082,6.166,910.05
1737374400000,6.166,6.175,5.928,6.022,2525.14
1737388800000,6.022,6.141,5.741,6.003,6088.83
1737403200000,6.003,6.025,5.846,5.947,1521.41
1737417600000,5.947,5.962,5.774,5.833,2759.5
1737432000000,5.833,5.833,5.677,5.796,2502.45
1737446400000,5.796,5.991,5.744,5.988,2098.91
1737460800000,5.988,6.076,5.94,6.015,1775.77
1737475200000,6.015,6.243,6.0,6.172,1307.53
1737489600000,6.172,6.176,6.05,6.11,763.44
1737504000000,6.11,6.143,6.027,6.107,526.04
1737518400000,6.107,6.153,6.05,6.057,525.8
1737532800000,6.057,6.095,5.982,6.088,426.25
1737547200000,6.088,6.11,5.964,6.008,1553.08
1737561600000,6.008,6.074,5.951,5.983,1060.33
1737576000000,5.983,6.037,5.908,5.926,965.09
1737590400000,5.926,5.939,5.803,5.845,867.66
1737604800000,5.845,5.87,5.785,5.87,751.1
1737619200000,5.87,5.898,5.774,5.83,849.65
1737633600000,5.83,5.925,5.723,5.902,3944.37
1737648000000,5.902,5.998,5.756,5.77,3254.24
1737662400000,5.77,5.956,5.732,5.888,2342.42
1737676800000,5.888,5.92,5.699,5.772,1120.14
1737691200000,5.772,6.012,5.746,5.944,2889.32
1737705600000,5.944,6.056,5.922,6.005,3929.36
1737720000000,6.005,6.046,5.882,5.923,1234.0
1737734400000,5.923,5.94,5.832,5.855,1669.73
1737748800000,5.855,5.875,5.705,5.727,609.16
1737763200000,5.727,5.802,5.637,5.802,1249.27
1737777600000,5.802,5.802,5.668,5.677,530.03
1737792000000,5.677,5.741,5.653,5.728,548.48
1737806400000,5.728,5.773,5.686,5.754,744.82
1737820800000,5.754,5.767,5.697,5.746,511.51
1737835200000,5.746,5.779,5.708,5.714,711.99
1737849600000,5.714,5.783,5.699,5.757,464.55
1737864000000,5.757,5.819,5.75,5.796,530.13
1737878400000,5.796,5.816,5.721,5.787,277.62
1737892800000,5.787,5.809,5.758,5.765,371.09
1737907200000,5.765,5.834,5.738,5.819,384.75
1737921600000,5.819,5.828,5.539,5.548,709.61
1737936000000,5.548,5.562,5.328,5.379,2133.65
1737950400000,5.379,5.38,5.052,5.183,2966.76
1737964800000,5.183,5.217,5.089,5.178,2643.27
1737979200000,5.178,5.436,5.151,5.388,3253.66
1737993600000,5.388,5.396,5.219,5.274,1499.33
1738008000000,5.274,5.519,5.274,5.462,1394.27
1738022400000,5.462,5.509,5.363,5.464,1038.49
1738036800000,5.464,5.506,5.441,5.461,945.39
1738051200000,5.461,5.467,5.368,5.386,254.13
1738065600000,5.386,5.463,5.33,5.414,1043.37
1738080000000,5.414,5.418,5.281,5.315,497.21
1738094400000,5.315,5.333,5.001,5.039,1188.7
1738108800000,5.039,5.162,5.016,5.161,452.86
1738123200000,5.161,5.237,5.138,5.233,612.88
1738137600000,5.233,5.259,5.107,5.162,843.42
1738152000000,5.162,5.184,5.026,5.09,1475.72
1738166400000,5.09,5.229,4.983,5.188,2975.05
1738180800000,5.188,5.313,5.124,5.156,1630.41
1738195200000,5.156,5.239,5.1,5.238,5790.25
1738209600000,5.238,5.349,5.214,5.282,1195.56
1738224000000,5.282,5.446,5.255,5.392,699.05
1738238400000,5.392,5.528,5.344,5.494,1208.58
1738252800000,5.494,5.552,5.45,5.502,653.62
1738267200000,5.502,5.516,5.445,5.453,435.48
1738281600000,5.453,5.477,5.358,5.382,523.7
1738296000000,5.382,5.518,5.355,5.469,532.03
1738310400000,5.469,5.563,5.4,5.557,646.63
1738324800000,5.557,5.678,5.531,5.665,1086.76
1738339200000,5.665,5.681,5.436,5.46,701.8
1738353600000,5.46,5.46,5.362,5.42,525.97
1738368000000,5.42,5.487,5.378,5.431,323.9
1738382400000,5.431,5.478,5.393,5.397,254.31
1738396800000,5.397,5.411,5.262,5.334,1310.96
1738411200000,5.334,5.352,5.229,5.264,935.72
1738425600000,5.264,5.288,5.116,5.136,937.38
1738440000000,5.136,5.136,4.965,4.999,1579.38
1738454400000,4.999,5.107,4.829,4.832,2499.13
1738468800000,4.832,4.963,4.819,4.907,2276.66
1738483200000,4.907,4.99,4.787,4.804,2545.67
1738497600000,4.804,4.874,4.733,4.785,1694.75
1738512000000,4.785,4.787,4.323,4.487,5813.33
1738526400000,4.487,4.535,4.096,4.334,2627.3
1738540800000,4.334,4.334,3.252,3.753,13611.05
1738555200000,3.753,4.037,3.587,4.024,4674.4
1738569600000,4.024,4.102,3.885,4.044,2308.28
1738584000000,4.044,4.24,3.85,4.186,4872.1
1738598400000,4.186,4.383,4.165,4.374,1904.38
1738612800000,4.374,4.475,4.264,4.438,1294.65
1738627200000,4.438,4.505,4.268,4.294,1488.94
1738641600000,4.294,4.331,3.984,3.999,985.67
1738656000000,3.999,4.153,3.976,4.093,1040.44
1738670400000,4.093,4.248,4.093,4.164,864.39
1738684800000,4.164,4.307,4.147,4.15,848.74
1738699200000,4.15,4.189,3.972,4.113,1192.97
1738713600000,4.113,4.152,4.048,4.115,735.17
1738728000000,4.115,4.192,4.097,4.154,535.4
1738742400000,4.154,4.281,4.112,4.269,666.89
1738756800000,4.269,4.294,4.159,4.211,593.59
1738771200000,4.211,4.229,4.061,4.179,816.52
1738785600000,4.179,4.197,4.049,4.105,470.65
1738800000000,4.105,4.169,4.066,4.151,410.23
1738814400000,4.151,4.209,4.13,4.151,269.95
1738828800000,4.151,4.183,4.088,4.124,377.0
1738843200000,4.124,4.132,3.9,3.925,1276.42
1738857600000,3.925,3.982,3.879,3.901,809.89
1738872000000,3.901,3.978,3.882,3.918,344.55
1738886400000,3.918,4.019,3.901,4.003,450.86
1738900800000,4.003,4.034,3.908,3.973,475.15
1738915200000,3.973,4.097,3.957,4.096,440.08
1738929600000,4.096,4.243,4.055,4.155,803.73
1738944000000,4.155,4.166,4.063,4.09,491.29
1738958400000,4.09,4.09,3.885,4.005,484.85
1738972800000,4.005,4.051,3.977,4.005,287.41
1738987200000,4.005,4.054,3.97,4.032,324.92
1739001600000,4.032,4.041,3.973,3.997,287.42
1739016000000,3.997,4.088,3.99,4.044,1212.08
1739030400000,4.044,4.197,4.019,4.174,512.61
1739044800000,4.174,4.201,4.141,4.181,270.48
1739059200000,4.181,4.274,4.157,4.252,300.13
1739073600000,4.252,4.277,4.199,4.268,408.97
1739088000000,4.268,4.307,4.258,4.268,358.58
1739102400000,4.268,4.284,4.156,4.246,627.44
1739116800000,4.246,4.266,4.14,4.155,349.56
1739131200000,4.155,4.198,3.993,4.186,692.93
1739145600000,4.186,4.254,4.057,4.195,569.91
1739160000000,4.195,4.3,4.178,4.258,1148.37
1739174400000,4.258,4.316,4.252,4.27,289.16
1739188800000,4.27,4.368,4.225,4.257,581.42
1739203200000,4.257,4.344,4.246,4.32,293.83
1739217600000,4.32,4.347,4.295,4.328,281.21
1739232000000,4.328,4.425,4.316,4.39,363.03
1739246400000,4.39,4.54,4.381,4.497,1536.97
1739260800000,4.497,4.544,4.384,4.412,2280.53
1739275200000,4.412,4.417,4.252,4.332,1325.52
1739289600000,4.332,4.347,4.182,4.199,473.13
1739304000000,4.199,4.305,4.199,4.26,421.98
1739318400000,4.26,4.354,4.242,4.282,464.77
1739332800000,4.282,4.334,4.258,4.296,468.82
1739347200000,4.296,4.373,4.288,4.338,379.74
1739361600000,4.338,4.398,4.196,4.383,1136.17
1739376000000,4.383,4.46,4.361,4.443,985.66
1739390400000,4.443,4.499,4.416,4.45,618.86
1739404800000,4.45,4.495,4.422,4.458,334.33
1739419200000,4.458,4.463,4.352,4.373,549.34
1739433600000,4.373,4.413,4.331,4.348,719.37
1739448000000,4.348,4.388,4.287,4.34,1375.92
1739462400000,4.34,4.397,4.28,4.35,573.89
1739476800000,4.35,4.42,4.348,4.376,264.99
1739491200000,4.376,4.442,4.361,4.433,791.31
1739505600000,4.433,4.437,4.353,4.399,654.31
1739520000000,4.399,4.492,4.388,4.456,620.97
1739534400000,4.456,4.544,4.434,4.524,1528.45
1739548800000,4.524,4.646,4.476,4.602,840.04
1739563200000,4.602,4.618,4.48,4.549,431.23
1739577600000,4.549,4.576,4.504,4.545,484.36
1739592000000,4.545,4.555,4.478,4.489,403.25
1739606400000,4.489,4.518,4.437,4.461,527.91
1739620800000,4.461,4.485,4.4,4.411,471.29
1739635200000,4.411,4.44,4.386,4.398,395.72
1739649600000,4.398,4.408,4.362,4.396,1110.28
1739664000000,4.396,4.431,4.319,4.348,452.15
1739678400000,4.348,4.383,4.337,4.346,282.08
1739692800000,4.346,4.497,4.338,4.497,433.78
1739707200000,4.497,4.503,4.37,4.433,1116.17
1739721600000,4.433,4.457,4.35,4.378,331.96
1739736000000,4.378,4.389,4.329,4.371,285.64
1739750400000,4.371,4.447,4.359,4.383,292.2
1739764800000,4.383,4.395,4.291,4.347,477.58
1739779200000,4.347,4.484,4.321,4.442,569.67
1739793600000,4.442,4.571,4.44,4.477,2633.35
1739808000000,4.477,4.513,4.366,4.418,855.09
1739822400000,4.418,4.532,4.414,4.462,290.06
1739836800000,4.462,4.484,4.378,4.397,1181.62
1739851200000,4.397,4.41,4.163,4.207,1073.33
1739865600000,4.207,4.269,4.148,4.201,601.85
1739880000000,4.201,4.284,4.095,4.114,869.14
1739894400000,4.114,4.15,4.037,4.101,541.71
1739908800000,4.101,4.195,4.073,4.187,326.52
1739923200000,4.187,4.2,4.124,4.16,295.85
1739937600000,4.16,4.237,4.101,4.217,308.36
1739952000000,4.217,4.3,4.201,4.294,757.68
1739966400000,4.294,4.311,4.23,4.238,365.91
1739980800000,4.238,4.309,4.232,4.277,627.31
1739995200000,4.277,4.295,4.225,4.286,241.83
1740009600000,4.286,4.354,4.27,4.338,812.5
1740024000000,4.338,4.38,4.284,4.284,356.15
1740038400000,4.284,4.341,4.27,4.321,491.72
1740052800000,4.321,4.359,4.237,4.237,1276.01
1740067200000,4.237,4.395,4.237,4.383,467.27
1740081600000,4.383,4.426,4.366,4.409,355.7
1740096000000,4.409,4.424,4.356,4.389,403.46
1740110400000,4.389,4.453,4.389,4.436,362.35
1740124800000,4.436,4.563,4.421,4.537,1520.52
1740139200000,4.537,4.616,4.374,4.42,1931.32
1740153600000,4.42,4.487,4.152,4.171,1342.25
1740168000000,4.171,4.225,4.147,4.198,346.52
1740182400000,4.198,4.248,4.174,4.22,505.31
1740196800000,4.22,4.246,4.209,4.211,383.81
1740211200000,4.211,4.258,4.204,4.235,574.69
1740225600000,4.235,4.26,4.21,4.247,534.86
1740240000000,4.247,4.306,4.243,4.264,498.19
1740254400000,4.264,4.279,4.239,4.259,201.01
1740268800000,4.259,4.271,4.209,4.232,266.39
1740283200000,4.232,4.31,4.207,4.292,417.59
1740297600000,4.292,4.292,4.208,4.212,493.72
1740312000000,4.212,4.222,4.08,4.083,1020.81
1740326400000,4.083,4.125,4.078,4.092,410.95
1740340800000,4.092,4.139,4.056,4.123,728.01
1740355200000,4.123,4.142,3.911,3.924,1338.87
1740369600000,3.924,3.977,3.881,3.951,1053.69
1740384000000,3.951,3.961,3.879,3.948,918.92
1740398400000,3.948,3.966,3.831,3.89,770.38
1740412800000,3.89,3.925,3.778,3.827,721.03
1740427200000,3.827,3.89,3.617,3.679,1703.93
1740441600000,3.679,3.708,3.579,3.626,1455.54
1740456000000,3.626,3.654,3.386,3.494,3193.9
1740470400000,3.494,3.618,3.436,3.608,2015.56
1740484800000,3.608,3.675,3.556,3.644,681.6
1740499200000,3.644,3.691,3.598,3.691,392.84
1740513600000,3.691,3.738,3.672,3.673,379.94
1740528000000,3.673,3.72,3.631,3.689,404.42
1740542400000,3.689,3.715,3.657,3.686,421.29
1740556800000,3.686,3.778,3.655,3.712,1061.08
1740571200000,3.712,3.76,3.607,3.731,1116.0
1740585600000,3.731,3.742,3.521,3.564,2306.27
1740600000000,3.564,3.708,3.504,3.639,2713.07
1740614400000,3.639,3.697,3.593,3.689,640.69
1740628800000,3.689,3.764,3.662,3.746,332.22
1740643200000,3.746,3.803,3.743,3.766,477.36
1740657600000,3.766,3.787,3.682,3.718,610.05
1740672000000,3.718,3.742,3.645,3.657,309.35
1740686400000,3.657,3.668,3.567,3.658,874.69
1740700800000,3.658,3.673,3.373,3.376,1556.96
1740715200000,3.376,3.407,3.329,3.368,1406.73
1740729600000,3.368,3.501,3.326,3.47,1532.08
1740744000000,3.47,3.71,3.458,3.695,1131.68
1740758400000,3.695,3.778,3.678,3.765,735.4
1740772800000,3.765,3.783,3.726,3.76,429.24
1740787200000,3.76,3.777,3.706,3.744,333.08
1740801600000,3.744,3.783,3.693,3.707,427.1
1740816000000,3.707,3.73,3.627,3.636,303.3
1740830400000,3.636,3.663,3.606,3.651,318.58
1740844800000,3.651,3.692,3.637,3.677,313.47
1740859200000,3.677,3.748,3.662,3.723,249.03
1740873600000,3.723,3.738,3.684,3.721,316.45
1740888000000,3.721,3.744,3.691,3.698,366.36
1740902400000,3.698,3.747,3.681,3.72,192.29
1740916800000,3.72,3.853,3.631,3.77,1002.79
1740931200000,3.77,4.024,3.77,3.991,2501.44
1740945600000,3.991,4.004,3.953,3.973,471.04
1740960000000,3.973,3.997,3.812,3.838,644.19
1740974400000,3.838,3.873,3.683,3.761,655.01
1740988800000,3.761,3.767,3.654,3.737,1153.6
1741003200000,3.737,3.789,3.643,3.712,1290.53
1741017600000,3.712,3.738,3.451,3.461,1302.69
1741032000000,3.461,3.501,3.395,3.45,1016.49
1741046400000,3.45,3.492,3.207,3.322,5108.63
1741060800000,3.322,3.396,3.296,3.32,2486.52
1741075200000,3.32,3.359,3.291,3.332,644.25
1741089600000,3.332,3.437,3.244,3.338,2486.22
1741104000000,3.338,3.442,3.185,3.423,1468.21
1741118400000,3.423,3.497,3.386,3.442,519.71
1741132800000,3.442,3.454,3.362,3.362,808.38
1741147200000,3.362,3.428,3.352,3.427,460.8
1741161600000,3.427,3.542,3.416,3.495,1243.51
1741176000000,3.495,3.528,3.418,3.439,627.7
1741190400000,3.439,3.556,3.415,3.554,602.85
1741204800000,3.554,3.616,3.554,3.591,909.32
1741219200000,3.591,3.644,3.561,3.638,393.1
1741233600000,3.638,3.705,3.597,3.61,633.88
1741248000000,3.61,3.663,3.601,3.648,388.96
1741262400000,3.648,3.65,3.525,3.596,888.16
1741276800000,3.596,3.609,3.468,3.49,420.87
1741291200000,3.49,3.566,3.485,3.524,290.43
1741305600000,3.524,3.572,3.335,3.497,1708.13
1741320000000,3.497,3.592,3.484,3.591,453.97
1741334400000,3.591,3.654,3.554,3.6,667.21
1741348800000,3.6,3.646,3.538,3.578,716.69
1741363200000,3.578,3.638,3.492,3.604,651.94
1741377600000,3.604,3.618,3.49,3.519,1325.4
1741392000000,3.519,3.553,3.47,3.533,251.86
1741406400000,3.533,3.561,3.477,3.484,283.87
1741420800000,3.484,3.5,3.414,3.428,1310.68
1741435200000,3.428,3.479,3.416,3.45,5744.38
1741449600000,3.45,3.479,3.394,3.459,1737.75
1741464000000,3.459,3.467,3.386,3.416,593.21
1741478400000,3.416,3.44,3.355,3.367,382.41
1741492800000,3.367,3.389,3.34,3.363,228.99
1741507200000,3.363,3.366,3.277,3.305,327.22
1741521600000,3.305,3.318,3.208,3.218,914.33
1741536000000,3.218,3.245,3.065,3.116,1498.63
1741550400000,3.116,3.154,3.038,3.081,2045.92
1741564800000,3.081,3.146,3.032,3.097,756.06
1741579200000,3.097,3.161,3.095,3.147,372.15
1741593600000,3.147,3.255,3.096,3.227,1647.98
1741608000000,3.227,3.261,3.078,3.135,1019.05
1741622400000,3.135,3.149,2.858,2.94,2570.17
1741636800000,2.94,2.942,2.852,2.857,1931.14
1741651200000,2.857,2.917,2.698,2.879,3624.33
1741665600000,2.879,2.971,2.866,2.944,1049.31
1741680000000,2.944,2.998,2.935,2.981,965.07
1741694400000,2.981,3.05,2.883,3.0,2164.24
1741708800000,3.0,3.142,2.982,3.132,1456.23
1741723200000,3.132,3.142,3.088,3.093,403.39
1741737600000,3.093,3.138,3.044,3.048,724.99
1741752000000,3.048,3.133,3.025,3.121,652.49
1741766400000,3.121,3.226,3.104,3.222,800.97
1741780800000,3.222,3.301,3.063,3.117,1742.63
1741795200000,3.117,3.207,3.108,3.184,689.32
1741809600000,3.184,3.208,3.162,3.188,737.17
1741824000000,3.188,3.206,3.146,3.15,253.62
1741838400000,3.15,3.158,3.1,3.115,454.68
1741852800000,3.115,3.187,3.09,3.169,434.75
1741867200000,3.169,3.228,3.114,3.12,1021.32
1741881600000,3.12,3.126,3.034,3.086,438.44
1741896000000,3.086,3.203,3.064,3.168,595.02
1741910400000,3.168,3.216,3.157,3.191,332.0
1741924800000,3.191,3.204,3.169,3.188,258.48
1741939200000,3.188,3.23,3.188,3.228,569.22
1741953600000,3.228,3.289,3.199,3.247,1056.08
1741968000000,3.247,3.263,3.225,3.236,845.75
1741982400000,3.236,3.243,3.203,3.207,344.43
1741996800000,3.207,3.235,3.189,3.233,418.32
1742011200000,3.233,3.253,3.224,3.242,329.12
1742025600000,3.242,3.255,3.225,3.238,1303.16
1742040000000,3.238,3.27,3.219,3.246,770.57
1742054400000,3.246,3.276,3.237,3.27,814.96
1742068800000,3.27,3.313,3.27,3.296,648.28
1742083200000,3.296,3.317,3.244,3.294,842.0
1742097600000,3.294,3.315,3.286,3.309,562.88
1742112000000,3.309,3.316,3.188,3.195,1245.88
1742126400000,3.195,3.226,3.166,3.201,1068.02
1742140800000,3.201,3.262,3.159,3.18,1590.6
1742155200000,3.18,3.204,3.157,3.175,503.38
1742169600000,3.175,3.3,3.175,3.27,465.51
1742184000000,3.27,3.418,3.27,3.384,1812.01
1742198400000,3.384,3.458,3.376,3.408,2397.56
1742212800000,3.408,3.473,3.34,3.391,3037.35
1742227200000,3.391,3.445,3.38,3.429,1214.99
1742241600000,3.429,3.483,3.42,3.429,1436.84
1742256000000,3.429,3.429,3.336,3.341,1279.94
1742270400000,3.341,3.376,3.29,3.328,1242.65
1742284800000,3.328,3.378,3.322,3.336,7241.5
1742299200000,3.336,3.35,3.269,3.27,1904.97
1742313600000,3.27,3.304,3.236,3.304,1327.3
1742328000000,3.304,3.378,3.281,3.374,833.21
1742342400000,3.374,3.438,3.37,3.438,1027.24
1742356800000,3.438,3.449,3.37,3.37,852.46
1742371200000,3.37,3.497,3.37,3.487,5083.88
1742385600000,3.487,3.509,3.443,3.485,1592.1
1742400000000,3.485,3.497,3.402,3.471,3230.88
1742414400000,3.471,3.495,3.458,3.474,360.45
1742428800000,3.474,3.488,3.42,3.424,345.29
1742443200000,3.424,3.457,3.406,3.45,344.51
1742457600000,3.45,3.477,3.379,3.393,1786.51
1742472000000,3.393,3.464,3.393,3.425,1560.23
1742486400000,3.425,3.449,3.379,3.437,570.31
1742500800000,3.437,3.45,3.395,3.402,302.02
1742515200000,3.402,3.441,3.398,3.416,326.35
1742529600000,3.416,3.474,3.403,3.409,594.69
1742544000000,3.409,3.422,3.289,3.328,640.71
1742558400000,3.328,3.354,3.291,3.328,599.9
1742572800000,3.328,3.37,3.309,3.348,1353.73
1742587200000,3.348,3.359,3.31,3.315,429.89
1742601600000,3.315,3.358,3.304,3.356,588.2
1742616000000,3.356,3.425,3.347,3.421,514.94
1742630400000,3.421,3.447,3.407,3.411,697.63
1742644800000,3.411,3.42,3.359,3.39,527.99
1742659200000,3.39,3.434,3.387,3.416,380.77
1742673600000,3.416,3.422,3.4,3.409,545.02
1742688000000,3.409,3.448,3.384,3.437,755.55
1742702400000,3.437,3.442,3.395,3.414,496.79
1742716800000,3.414,3.426,3.393,3.404,433.82
1742731200000,3.404,3.404,3.352,3.365,641.83
1742745600000,3.365,3.365,3.31,3.343,624.77
1742760000000,3.343,3.357,3.328,3.355,456.26
1742774400000,3.355,3.39,3.31,3.384,871.56
1742788800000,3.384,3.576,3.384,3.516,2464.3
1742803200000,3.516,3.536,3.475,3.484,809.75
1742817600000,3.484,3.537,3.466,3.508,1041.5
1742832000000,3.508,3.526,3.476,3.509,739.37
1742846400000,3.509,3.537,3.479,3.515,553.72
1742860800000,3.515,3.564,3.464,3.473,1072.74
1742875200000,3.473,3.5,3.469,3.481,1808.26
1742889600000,3.481,3.537,3.481,3.508,401.83
1742904000000,3.508,3.52,3.482,3.49,713.2
1742918400000,3.49,3.57,3.475,3.567,824.81
1742932800000,3.567,3.612,3.557,3.588,1052.4
1742947200000,3.588,3.593,3.521,3.523,645.98
1742961600000,3.523,3.64,3.515,3.63,703.1
1742976000000,3.63,3.649,3.601,3.619,879.79
1742990400000,3.619,3.619,3.454,3.488,1912.39
1743004800000,3.488,3.52,3.422,3.452,1171.04
1743019200000,3.452,3.485,3.436,3.45,748.98
1743033600000,3.45,3.509,3.447,3.483,868.48
1743048000000,3.483,3.488,3.421,3.429,611.01
1743062400000,3.429,3.44,3.364,3.379,851.64
1743076800000,3.379,3.425,3.33,3.398,1680.62
1743091200000,3.398,3.412,3.359,3.388,553.83
1743105600000,3.388,3.411,3.373,3.389,309.68
1743120000000,3.389,3.397,3.309,3.327,744.72
1743134400000,3.327,3.328,3.178,3.182,1339.49
1743148800000,3.182,3.202,3.141,3.176,566.63
1743163200000,3.176,3.189,3.109,3.111,609.99
1743177600000,3.111,3.129,3.086,3.091,759.79
1743192000000,3.091,3.141,3.073,3.13,387.41
1743206400000,3.13,3.143,3.049,3.096,620.31
1743220800000,3.096,3.103,2.973,2.986,1106.97
1743235200000,2.986,3.014,2.925,2.945,492.45
1743249600000,2.945,2.995,2.94,2.948,244.38
1743264000000,2.948,2.955,2.888,2.926,467.34
1743278400000,2.926,2.926,2.891,2.909,743.01
1743292800000,2.909,2.964,2.874,2.931,381.73
1743307200000,2.931,2.974,2.931,2.951,229.24
1743321600000,2.951,2.979,2.94,2.964,276.88
1743336000000,2.964,2.976,2.913,2.942,300.09
1743350400000,2.942,2.96,2.897,2.933,339.63
1743364800000,2.933,2.938,2.843,2.916,468.88
1743379200000,2.916,2.934,2.86,2.873,459.46
1743393600000,2.873,2.92,2.838,2.855,303.45
1743408000000,2.855,2.904,2.815,2.893,456.95
1743422400000,2.893,2.964,2.868,2.936,616.43
1743436800000,2.936,2.957,2.897,2.928,359.62
1743451200000,2.928,2.946,2.895,2.928,926.84
1743465600000,2.928,2.96,2.905,2.947,542.16
1743480000000,2.947,2.992,2.943,2.983,303.02
1743494400000,2.983,3.043,2.957,2.964,482.27
1743508800000,2.964,3.052,2.932,3.042,740.14
1743523200000,3.042,3.05,2.971,2.973,264.24
1743537600000,2.973,2.998,2.952,2.973,191.68
1743552000000,2.973,2.974,2.826,2.886,1180.18
1743566400000,2.886,2.894,2.824,2.828,413.58
1743580800000,2.828,2.881,2.809,2.839,342.7
1743595200000,2.839,2.949,2.824,2.925,5437.68
1743609600000,2.925,2.941,2.853,2.896,339.52
1743624000000,2.896,2.965,2.665,2.698,1942.07
1743638400000,2.698,2.836,2.685,2.808,834.69
1743652800000,2.808,2.828,2.757,2.799,1715.05
1743667200000,2.799,2.816,2.633,2.645,1992.01
1743681600000,2.645,2.65,2.571,2.636,1059.78
1743696000000,2.636,2.704,2.621,2.688,543.53
1743710400000,2.688,2.756,2.685,2.718,399.28
1743724800000,2.718,2.735,2.687,2.714,331.08
1743739200000,2.714,2.741,2.689,2.735,446.11
1743753600000,2.735,2.761,2.637,2.668,837.4
1743768000000,2.668,2.739,2.649,2.693,1855.04
1743782400000,2.693,2.746,2.678,2.735,1002.91
1743796800000,2.735,2.779,2.73,2.758,292.04
1743811200000,2.758,2.792,2.757,2.76,202.59
1743825600000,2.76,2.779,2.747,2.775,142.5
1743840000000,2.775,2.782,2.752,2.757,193.11
1743854400000,2.757,2.762,2.711,2.716,300.57
1743868800000,2.716,2.728,2.698,2.706,238.51
1743883200000,2.706,2.742,2.696,2.724,330.4
1743897600000,2.724,2.732,2.705,2.711,276.53
1743912000000,2.711,2.721,2.685,2.698,216.22
1743926400000,2.698,2.736,2.687,2.714,685.5
1743940800000,2.714,2.716,2.602,2.636,1051.91
1743955200000,2.636,2.636,2.428,2.47,1923.7
1743969600000,2.47,2.478,2.393,2.461,2949.49
1743984000000,2.461,2.531,2.383,2.407,815.58
1743998400000,2.407,2.435,2.222,2.26,2177.16
1744012800000,2.26,2.38,2.242,2.321,1302.41
1744027200000,2.321,2.572,2.32,2.426,3111.31
1744041600000,2.426,2.456,2.38,2.394,663.38
1744056000000,2.394,2.435,2.389,2.396,919.82
1744070400000,2.396,2.477,2.376,2.418,2485.95
1744084800000,2.418,2.431,2.328,2.341,982.0
1744099200000,2.341,2.387,2.312,2.383,859.16
1744113600000,2.383,2.391,2.303,2.32,891.76
1744128000000,2.32,2.321,2.174,2.184,1405.95
1744142400000,2.184,2.231,2.173,2.202,1288.16
1744156800000,2.202,2.262,2.125,2.253,1979.56
1744171200000,2.253,2.32,2.238,2.293,1086.52
1744185600000,2.293,2.3,2.234,2.244,668.46
1744200000000,2.244,2.304,2.227,2.265,1072.38
1744214400000,2.265,2.442,2.265,2.411,1779.8
1744228800000,2.411,2.441,2.406,2.412,667.77
1744243200000,2.412,2.417,2.36,2.378,501.25
1744257600000,2.378,2.423,2.352,2.387,1161.97
1744272000000,2.387,2.404,2.359,2.371,468.29
1744286400000,2.371,2.421,2.269,2.274,1136.16
1744300800000,2.274,2.326,2.263,2.314,710.56
1744315200000,2.314,2.369,2.314,2.347,632.91
1744329600000,2.347,2.388,2.32,2.37,907.24
1744344000000,2.37,2.412,2.37,2.398,725.6
1744358400000,2.398,2.454,2.377,2.393,1792.72
1744372800000,2.393,2.417,2.367,2.399,945.79
1744387200000,2.399,2.433,2.381,2.405,601.05
1744401600000,2.405,2.419,2.392,2.404,397.46
1744416000000,2.404,2.424,2.369,2.398,576.82
1744430400000,2.398,2.517,2.242,2.244,11604.06
1744444800000,2.244,2.325,2.242,2.317,3190.76
1744459200000,2.317,2.423,2.312,2.408,2685.87
1744473600000,2.408,2.427,2.385,2.398,696.59
1744488000000,2.398,2.442,2.398,2.437,436.19
1744502400000,2.437,2.439,2.37,2.389,701.25
1744516800000,2.389,2.389,2.343,2.368,707.15
1744531200000,2.368,2.414,2.367,2.37,475.55
1744545600000,2.37,2.374,2.3,2.309,756.33
1744560000000,2.309,2.387,2.228,2.261,945.02
1744574400000,2.261,2.287,2.227,2.262,1094.93
1744588800000,2.262,2.329,2.243,2.291,1173.37
1744603200000,2.291,2.338,2.268,2.285,2623.67
1744617600000,2.285,2.298,2.183,2.291,3869.12
1744632000000,2.291,2.31,2.215,2.236,1750.29
1744646400000,2.236,2.254,2.219,2.231,1009.35
1744660800000,2.231,2.242,2.208,2.232,771.38
1744675200000,2.232,2.237,2.189,2.226,1097.39
1744689600000,2.226,2.249,2.213,2.246,499.13
1744704000000,2.246,2.254,2.218,2.235,485.67
1744718400000,2.235,2.259,2.192,2.214,706.77
1744732800000,2.214,2.22,2.17,2.179,583.65
1744747200000,2.179,2.19,2.156,2.171,623.52
1744761600000,2.171,2.21,2.15,2.191,596.88
1744776000000,2.191,2.223,2.171,2.18,509.61
1744790400000,2.18,2.201,2.149,2.16,1318.59
1744804800000,2.16,2.188,2.113,2.147,2962.02
1744819200000,2.147,2.197,2.098,2.18,3115.84
1744833600000,2.18,2.205,2.142,2.155,813.18
1744848000000,2.155,2.177,2.144,2.158,740.02
1744862400000,2.158,2.224,2.151,2.208,1417.56
1744876800000,2.208,2.214,2.181,2.186,1061.26
1744891200000,2.186,2.209,2.155,2.202,2077.73
1744905600000,2.202,2.25,2.192,2.213,2463.13
1744920000000,2.213,2.241,2.209,2.217,632.66
1744934400000,2.217,2.242,2.202,2.238,1910.5
1744948800000,2.238,2.285,2.237,2.278,2053.18
1744963200000,2.278,2.298,2.257,2.275,1484.69
1744977600000,2.275,2.304,2.257,2.271,1483.67
1744992000000,2.271,2.283,2.26,2.267,1697.82
1745006400000,2.267,2.276,2.242,2.248,2068.41
1745020800000,2.248,2.323,2.245,2.304,1478.01
1745035200000,2.304,2.314,2.291,2.306,1224.86
1745049600000,2.306,2.311,2.274,2.286,2059.89
1745064000000,2.286,2.321,2.276,2.294,1538.76
1745078400000,2.294,2.321,2.275,2.305,1773.31
1745092800000,2.305,2.331,2.298,2.312,1587.47
1745107200000,2.312,2.347,2.297,2.341,1384.05
1745121600000,2.341,2.384,2.313,2.323,2762.9
1745136000000,2.323,2.327,2.233,2.257,1665.58
1745150400000,2.257,2.293,2.241,2.293,1872.58
1745164800000,2.293,2.331,2.29,2.308,1881.59
1745179200000,2.308,2.326,2.29,2.31,849.0
1745193600000,2.31,2.357,2.302,2.318,1857.52
1745208000000,2.318,2.41,2.318,2.364,3613.47
1745222400000,2.364,2.391,2.335,2.343,2715.94
1745236800000,2.343,2.396,2.337,2.375,4109.64
1745251200000,2.375,2.39,2.295,2.31,2514.71
1745265600000,2.31,2.312,2.268,2.28,2558.09
1745280000000,2.28,2.295,2.222,2.271,3158.72
1745294400000,2.271,2.28,2.195,2.272,2093.18
1745308800000,2.272,2.315,2.255,2.311,1696.24
1745323200000,2.311,2.395,2.307,2.371,3030.52
1745337600000,2.371,2.433,2.366,2.414,3761.94
1745352000000,2.414,2.479,2.404,2.465,3071.7
1745366400000,2.465,2.531,2.454,2.527,2678.73
1745380800000,2.527,2.542,2.501,2.527,1919.89
1745395200000,2.527,2.554,2.501,2.544,1653.69
1745409600000,2.544,2.571,2.463,2.518,3444.47
1745424000000,2.518,2.537,2.487,2.499,1951.55
1745438400000,2.499,2.523,2.495,2.515,936.36
1745452800000,2.515,2.53,2.449,2.453,964.93
1745467200000,2.453,2.489,2.429,2.448,1988.23
1745481600000,2.448,2.47,2.414,2.468,891.35
1745496000000,2.468,2.585,2.46,2.565,1830.24
1745510400000,2.565,2.597,2.537,2.574,1862.43
1745524800000,2.574,2.599,2.559,2.593,1351.81
1745539200000,2.593,2.654,2.547,2.566,2623.67
1745553600000,2.566,2.658,2.553,2.641,7090.1
1745568000000,2.641,2.655,2.585,2.608,3088.47
1745582400000,2.608,2.639,2.575,2.613,1943.79
1745596800000,2.613,2.635,2.586,2.605,697.3
1745611200000,2.605,2.637,2.597,2.621,632.46
1745625600000,2.621,2.698,2.621,2.668,1841.39
1745640000000,2.668,2.684,2.628,2.66,760.13
1745654400000,2.66,2.695,2.619,2.63,3402.32
1745668800000,2.63,2.652,2.553,2.6,5551.98
1745683200000,2.6,2.62,2.581,2.618,773.84
1745697600000,2.618,2.651,2.601,2.646,711.2
1745712000000,2.646,2.664,2.562,2.588,1758.29
1745726400000,2.588,2.598,2.517,2.562,1281.48
1745740800000,2.562,2.567,2.538,2.547,714.25
1745755200000,2.547,2.552,2.496,2.515,1662.04
1745769600000,2.515,2.534,2.492,2.528,930.89
1745784000000,2.528,2.53,2.485,2.489,859.33
1745798400000,2.489,2.509,2.426,2.494,1403.28
1745812800000,2.494,2.553,2.493,2.545,1282.68
1745827200000,2.545,2.608,2.545,2.587,1519.12
1745841600000,2.587,2.591,2.505,2.519,1278.19
1745856000000,2.519,2.604,2.504,2.59,1162.75
1745870400000,2.59,2.613,2.576,2.585,664.45
1745884800000,2.585,2.642,2.583,2.636,1195.99
1745899200000,2.636,2.659,2.603,2.647,2080.8
1745913600000,2.647,2.664,2.55,2.554,2041.44
1745928000000,2.554,2.588,2.519,2.577,1164.69
1745942400000,2.577,2.584,2.548,2.562,676.38
1745956800000,2.562,2.567,2.461,2.488,1292.56
1745971200000,2.488,2.508,2.469,2.504,1327.71
1745985600000,2.504,2.518,2.463,2.469,883.72
1746000000000,2.469,2.551,2.464,2.549,1048.29
1746014400000,2.549,2.557,2.402,2.436,2323.3
1746028800000,2.436,2.5,2.421,2.48,1841.35
1746043200000,2.48,2.513,2.479,2.496,613.72
1746057600000,2.496,2.52,2.481,2.484,713.82
1746072000000,2.484,2.514,2.471,2.512,823.83
1746086400000,2.512,2.56,2.501,2.548,1025.25
1746100800000,2.548,2.59,2.527,2.553,2737.7
1746115200000,2.553,2.589,2.545,2.57,920.02
1746129600000,2.57,2.625,2.562,2.611,1309.65
1746144000000,2.611,2.687,2.588,2.657,2240.54
1746158400000,2.657,2.673,2.597,2.599,1735.48
1746172800000,2.599,2.622,2.574,2.591,893.57
1746187200000,2.591,2.623,2.574,2.584,1230.16
1746201600000,2.584,2.617,2.559,2.57,820.13
1746216000000,2.57,2.606,2.565,2.603,621.56
1746230400000,2.603,2.608,2.559,2.594,642.22
1746244800000,2.594,2.598,2.56,2.564,510.3
1746259200000,2.564,2.569,2.507,2.507,953.36
1746273600000,2.507,2.533,2.504,2.524,602.28
1746288000000,2.524,2.524,2.418,2.472,2468.83
1746302400000,2.472,2.473,2.437,2.453,808.88
1746316800000,2.453,2.461,2.379,2.381,1837.62
1746331200000,2.381,2.405,2.364,2.378,3197.31
1746345600000,2.378,2.381,2.346,2.36,1283.42
1746360000000,2.36,2.365,2.334,2.347,2866.71
1746374400000,2.347,2.35,2.315,2.324,1175.44
1746388800000,2.324,2.352,2.316,2.34,1127.56
1746403200000,2.34,2.363,2.304,2.346,1011.22
1746417600000,2.346,2.372,2.333,2.354,842.62
1746432000000,2.354,2.364,2.306,2.317,1165.98
1746446400000,2.317,2.328,2.292,2.308,1214.93
1746460800000,2.308,2.364,2.305,2.332,824.5
1746475200000,2.332,2.346,2.294,2.324,630.06
1746489600000,2.324,2.34,2.301,2.34,843.95
1746504000000,2.34,2.348,2.309,2.31,574.13
1746518400000,2.31,2.31,2.234,2.251,4088.7
1746532800000,2.251,2.292,2.237,2.254,1971.0
1746547200000,2.254,2.304,2.243,2.278,1251.79
1746561600000,2.278,2.309,2.217,2.3,2005.95
1746576000000,2.3,2.333,2.288,2.307,1324.3
1746590400000,2.307,2.334,2.306,2.332,916.09
1746604800000,2.332,2.355,2.319,2.351,2546.94
1746619200000,2.351,2.36,2.308,2.312,829.88
1746633600000,2.312,2.325,2.285,2.3,1194.96
1746648000000,2.3,2.364,2.295,2.352,717.95
1746662400000,2.352,2.487,2.351,2.484,1662.88
1746676800000,2.484,2.517,2.48,2.5,2497.76
1746691200000,2.5,2.518,2.487,2.517,1905.36
1746705600000,2.517,2.601,2.495,2.581,2498.27
1746720000000,2.581,2.625,2.57,2.619,2432.18
1746734400000,2.619,2.779,2.615,2.74,5276.98
1746748800000,2.74,2.78,2.716,2.728,1975.8
1746763200000,2.728,2.825,2.712,2.802,3007.21
1746777600000,2.802,2.887,2.762,2.852,4517.78
1746792000000,2.852,2.876,2.785,2.841,2858.37
1746806400000,2.841,2.883,2.814,2.826,1276.46
1746820800000,2.826,2.877,2.825,2.875,898.84
1746835200000,2.875,2.939,2.839,2.899,1930.97
1746849600000,2.899,2.97,2.862,2.953,3172.65
1746864000000,2.953,2.978,2.875,2.891,1969.83
1746878400000,2.891,2.962,2.877,2.936,1259.41
1746892800000,2.936,3.048,2.922,3.027,2681.42
1746907200000,3.027,3.194,3.011,3.188,2116.81
1746921600000,3.188,3.226,3.083,3.161,2899.14
1746936000000,3.161,3.234,3.055,3.101,3296.46
1746950400000,3.101,3.14,3.053,3.129,1722.65
1746964800000,3.129,3.141,3.043,3.074,1671.42
1746979200000,3.074,3.151,3.034,3.126,1697.64
1746993600000,3.126,3.147,3.094,3.132,1014.83
1747008000000,3.132,3.176,3.069,3.16,1853.38
1747022400000,3.16,3.233,3.094,3.184,2599.41
1747036800000,3.184,3.243,3.107,3.118,2117.78
1747051200000,3.118,3.19,3.05,3.092,4994.69
1747065600000,3.092,3.165,2.977,3.079,2037.44
1747080000000,3.079,3.16,3.073,3.139,1316.88
1747094400000,3.139,3.184,2.979,2.99,3279.99
1747108800000,2.99,3.406,2.978,3.148,8595.03
1747123200000,3.148,3.314,3.148,3.193,3592.91
1747137600000,3.193,3.226,3.135,3.183,2822.75
1747152000000,3.183,3.321,3.183,3.306,1695.37
1747166400000,3.306,3.314,3.259,3.262,1188.9
1747180800000,3.262,3.701,3.262,3.507,17120.54
1747195200000,3.507,3.53,3.447,3.453,7946.95
1747209600000,3.453,3.514,3.395,3.498,3937.68
1747224000000,3.498,3.504,3.322,3.368,4789.82
1747238400000,3.368,3.394,3.328,3.353,2406.15
1747252800000,3.353,3.45,3.353,3.423,3642.08
1747267200000,3.423,3.511,3.284,3.292,5254.0
1747281600000,3.292,3.307,3.126,3.132,5391.61
1747296000000,3.132,3.196,3.092,3.152,4105.91
1747310400000,3.152,3.17,3.008,3.126,6307.4
1747324800000,3.126,3.177,3.05,3.076,3598.27
1747339200000,3.076,3.093,2.988,3.052,3342.96
1747353600000,3.052,3.104,3.012,3.078,3302.53
1747368000000,3.078,3.088,3.04,3.066,2066.8
1747382400000,3.066,3.135,3.029,3.104,2442.84
1747396800000,3.104,3.143,3.075,3.138,2439.83
1747411200000,3.138,3.152,3.078,3.105,1584.81
1747425600000,3.105,3.105,2.986,3.02,1861.61
1747440000000,3.02,3.03,2.873,2.926,3382.64
1747454400000,2.926,2.968,2.895,2.912,1481.42
1747468800000,2.912,2.938,2.874,2.921,2008.71
1747483200000,2.921,2.965,2.885,2.955,1723.54
1747497600000,2.955,2.963,2.886,2.914,1935.33
1747512000000,2.914,2.955,2.881,2.916,1278.6
1747526400000,2.916,2.936,2.888,2.903,1370.89
1747540800000,2.903,2.997,2.895,2.992,1930.4
1747555200000,2.992,3.041,2.976,2.977,3131.48
1747569600000,2.977,3.098,2.962,3.092,1581.27
1747584000000,3.092,3.107,2.878,2.881,2683.46
1747598400000,2.881,3.064,2.816,3.051,2907.58
1747612800000,3.051,3.061,2.878,2.887,2275.91
1747627200000,2.887,2.908,2.821,2.875,2584.32
1747641600000,2.875,2.877,2.82,2.86,1718.64
1747656000000,2.86,2.94,2.798,2.926,2683.36
1747670400000,2.926,3.011,2.907,2.986,2522.38
1747684800000,2.986,3.012,2.959,2.998,1902.09
1747699200000,2.998,3.062,2.973,3.035,2146.09
1747713600000,3.035,3.05,2.981,2.986,1152.4
1747728000000,2.986,2.996,2.907,2.939,1117.06
1747742400000,2.939,2.962,2.899,2.947,1082.49
1747756800000,2.947,2.991,2.905,2.979,2253.84
1747771200000,2.979,3.015,2.965,2.999,2074.88
1747785600000,2.999,3.011,2.929,2.992,1785.03
1747800000000,2.992,3.036,2.959,2.979,20141.84
1747814400000,2.979,3.003,2.914,2.946,112665.81
1747828800000,2.946,3.012,2.934,3.001,42491.76
1747843200000,3.001,3.096,2.887,2.982,75340.04
1747857600000,2.982,3.033,2.945,2.995,51456.85
1747872000000,2.995,3.072,2.993,3.067,50014.92
1747886400000,3.067,3.067,3.017,3.055,40545.21
1747900800000,3.055,3.149,3.053,3.108,56708.34
1747915200000,3.108,3.153,3.057,3.126,54794.45
1747929600000,3.126,3.158,3.106,3.115,41788.15
1747944000000,3.115,3.17,3.097,3.16,42631.13
1747958400000,3.16,3.216,3.126,3.206,43675.07
1747972800000,3.206,3.21,3.061,3.07,64721.89
1747987200000,3.07,3.14,2.976,2.99,66405.43
1748001600000,2.99,3.02,2.879,2.967,90937.99
1748016000000,2.967,3.003,2.933,2.951,32915.83
1748030400000,2.951,2.954,2.828,2.848,47316.9
1748044800000,2.848,2.896,2.819,2.881,42786.89
1748059200000,2.881,2.892,2.85,2.867,28541.25
1748073600000,2.867,2.904,2.847,2.879,21727.02
1748088000000,2.879,2.892,2.859,2.883,14045.6
1748102400000,2.883,2.897,2.842,2.853,12161.5
1748116800000,2.853,2.863,2.818,2.843,12907.28
1748131200000,2.843,2.862,2.766,2.808,37319.94
1748145600000,2.808,2.824,2.769,2.778,36684.66
1748160000000,2.778,2.78,2.73,2.75,27379.83
1748174400000,2.75,2.776,2.702,2.743,21054.47
1748188800000,2.743,2.761,2.71,2.748,12166.71
1748203200000,2.748,2.854,2.723,2.845,21386.48
1748217600000,2.845,2.886,2.828,2.858,16439.3
1748232000000,2.858,2.888,2.85,2.88,49337.25
1748246400000,2.88,2.886,2.838,2.842,12483.2
1748260800000,2.842,2.856,2.794,2.842,16317.62
1748275200000,2.842,2.86,2.781,2.794,16859.36
1748289600000,2.794,2.829,2.784,2.812,8866.8
1748304000000,2.812,2.819,2.73,2.803,28439.94
1748318400000,2.803,2.875,2.785,2.864,22544.36
1748332800000,2.864,2.895,2.864,2.88,29623.4
1748347200000,2.88,2.924,2.839,2.889,32060.03
1748361600000,2.889,2.927,2.884,2.895,20098.86
1748376000000,2.895,2.915,2.859,2.873,17817.97
1748390400000,2.873,2.902,2.849,2.895,23203.71
1748404800000,2.895,2.895,2.85,2.866,17286.19
1748419200000,2.866,2.89,2.829,2.888,19709.5
1748433600000,2.888,2.938,2.803,2.809,33728.38
1748448000000,2.809,2.855,2.769,2.772,11855.09
1748462400000,2.772,2.884,2.769,2.881,19874.06
1748476800000,2.881,2.963,2.855,2.929,32078.65
1748491200000,2.929,2.941,2.864,2.884,23366.94
1748505600000,2.884,2.925,2.864,2.901,55532.47
1748520000000,2.901,2.903,2.81,2.838,29602.96
1748534400000,2.838,2.859,2.809,2.829,21496.48
1748548800000,2.829,2.87,2.795,2.813,17221.96
1748563200000,2.813,2.827,2.625,2.709,64697.5
1748577600000,2.709,2.724,2.642,2.666,57774.33
1748592000000,2.666,2.688,2.626,2.676,30138.07
1748606400000,2.676,2.684,2.63,2.638,32694.07
1748620800000,2.638,2.65,2.535,2.604,58092.49
1748635200000,2.604,2.606,2.474,2.485,49267.19
1748649600000,2.485,2.492,2.414,2.483,69532.94
1748664000000,2.483,2.507,2.448,2.498,53298.67
1748678400000,2.498,2.504,2.469,2.48,25055.66
1748692800000,2.48,2.553,2.474,2.532,23386.49
1748707200000,2.532,2.549,2.512,2.536,12755.63
1748721600000,2.536,2.584,2.527,2.534,34443.2
1748736000000,2.534,2.539,2.489,2.509,7705.39
1748750400000,2.509,2.533,2.503,2.523,2660.29
1748764800000,2.523,2.526,2.464,2.497,4280.95
1748779200000,2.497,2.553,2.479,2.548,3107.78
1748793600000,2.548,2.572,2.505,2.546,4837.85
1748808000000,2.546,2.574,2.538,2.564,2206.83
1748822400000,2.564,2.571,2.508,2.514,3019.65
1748836800000,2.514,2.542,2.496,2.528,3102.47
1748851200000,2.528,2.543,2.487,2.511,4901.1
1748865600000,2.511,2.545,2.503,2.535,6030.81
1748880000000,2.535,2.554,2.504,2.518,3527.91
1748894400000,2.518,2.612,2.518,2.602,5564.26
1748908800000,2.602,2.663,2.597,2.614,6820.54
1748923200000,2.614,2.634,2.595,2.619,4540.59
1748937600000,2.619,2.634,2.598,2.612,3139.14
1748952000000,2.612,2.652,2.607,2.628,4221.92
1748966400000,2.628,2.633,2.6,2.623,5002.85
1748980800000,2.623,2.626,2.561,2.576,4685.44
1748995200000,2.576,2.611,2.559,2.596,3354.22
1749009600000,2.596,2.615,2.546,2.551,12666.02
1749024000000,2.551,2.582,2.51,2.518,12416.69
1749038400000,2.518,2.54,2.485,2.524,9634.07
1749052800000,2.524,2.533,2.467,2.467,5766.32
1749067200000,2.467,2.474,2.431,2.463,4919.38
1749081600000,2.463,2.479,2.448,2.465,2176.47
1749096000000,2.465,2.508,2.44,2.481,9436.96
1749110400000,2.481,2.502,2.466,2.488,5035.81
1749124800000,2.488,2.517,2.438,2.478,5477.22
1749139200000,2.478,2.478,2.337,2.365,7998.82
1749153600000,2.365,2.367,2.279,2.322,9459.52
1749168000000,2.322,2.361,2.315,2.36,4868.75
1749182400000,2.36,2.372,2.351,2.362,2958.94
1749196800000,2.362,2.372,2.351,2.357,2293.67
1749211200000,2.357,2.442,2.357,2.418,7513.89
1749225600000,2.418,2.435,2.373,2.377,4238.0
1749240000000,2.377,2.406,2.369,2.375,1741.32
1749254400000,2.375,2.433,2.372,2.426,3577.76
1749268800000,2.426,2.449,2.413,2.44,2927.54
1749283200000,2.44,2.45,2.426,2.438,2243.14
1749297600000,2.438,2.459,2.436,2.444,2507.94
1749312000000,2.444,2.452,2.419,2.434,2118.12
1749326400000,2.434,2.463,2.434,2.452,1680.46
1749340800000,2.452,2.456,2.427,2.428,1958.92
1749355200000,2.428,2.436,2.4,2.402,2275.65
1749369600000,2.402,2.423,2.38,2.416,5396.02
1749384000000,2.416,2.433,2.385,2.394,6959.52
1749398400000,2.394,2.438,2.391,2.436,6424.49
1749412800000,2.436,2.451,2.397,2.403,6987.52
1749427200000,2.403,2.406,2.376,2.385,2730.0
1749441600000,2.385,2.403,2.365,2.4,6225.33
1749456000000,2.4,2.435,2.388,2.43,21723.46
1749470400000,2.43,2.434,2.398,2.424,5994.41
1749484800000,2.424,2.481,2.424,2.474,7999.1
1749499200000,2.474,2.561,2.473,2.552,8483.53
1749513600000,2.552,2.609,2.544,2.562,9809.27
1749528000000,2.562,2.572,2.522,2.542,7768.78
1749542400000,2.542,2.625,2.528,2.623,8006.11
1749556800000,2.623,2.642,2.554,2.583,11302.94
1749571200000,2.583,2.638,2.579,2.621,5071.86
1749585600000,2.621,2.77,2.603,2.691,41042.92
1749600000000,2.691,2.741,2.655,2.718,23135.75
1749614400000,2.718,2.859,2.696,2.783,48465.21
1749628800000,2.783,2.801,2.678,2.689,26154.32
1749643200000,2.689,2.777,2.677,2.766,19239.17
1749657600000,2.766,2.787,2.644,2.659,13116.65
1749672000000,2.659,2.674,2.554,2.579,19662.06
1749686400000,2.579,2.586,2.517,2.532,15976.21
1749700800000,2.532,2.536,2.497,2.499,14962.07
1749715200000,2.499,2.516,2.444,2.461,15898.35
1749729600000,2.461,2.519,2.455,2.463,10377.8
1749744000000,2.463,2.521,2.422,2.433,7036.47
1749758400000,2.433,2.448,2.401,2.426,7011.91
1749772800000,2.426,2.426,2.236,2.324,22829.7
1749787200000,2.324,2.327,2.269,2.294,7976.51
1749801600000,2.294,2.319,2.28,2.309,6398.14
1749816000000,2.309,2.337,2.277,2.326,8181.38
1749830400000,2.326,2.348,2.289,2.304,7212.72
1749844800000,2.304,2.35,2.298,2.339,3295.94
1749859200000,2.339,2.345,2.321,2.338,2215.18
1749873600000,2.338,2.349,2.321,2.333,2731.41
1749888000000,2.333,2.351,2.318,2.35,2737.67
1749902400000,2.35,2.352,2.314,2.325,5412.52
1749916800000,2.325,2.329,2.277,2.297,5419.14
1749931200000,2.297,2.335,2.279,2.325,2633.06
1749945600000,2.325,2.342,2.32,2.334,1465.95
1749960000000,2.334,2.349,2.309,2.313,2144.67
1749974400000,2.313,2.318,2.297,2.305,3031.85
1749988800000,2.305,2.334,2.299,2.316,2954.55
1750003200000,2.316,2.322,2.286,2.293,3737.98
1750017600000,2.293,2.32,2.267,2.315,3996.69
1750032000000,2.315,2.342,2.288,2.329,3250.08
1750046400000,2.329,2.396,2.327,2.391,7745.4
1750060800000,2.391,2.409,2.371,2.384,10353.17
1750075200000,2.384,2.436,2.369,2.414,10926.93
1750089600000,2.414,2.449,2.414,2.444,3293.13
1750104000000,2.444,2.457,2.35,2.355,11083.89
1750118400000,2.355,2.381,2.301,2.368,18742.05
1750132800000,2.368,2.369,2.324,2.326,4063.17
1750147200000,2.326,2.329,2.292,2.3,5082.9
1750161600000,2.3,2.323,2.247,2.273,9291.48
1750176000000,2.273,2.308,2.229,2.293,11878.29
1750190400000,2.293,2.304,2.247,2.263,5246.09
1750204800000,2.263,2.29,2.254,2.284,3080.09
1750219200000,2.284,2.307,2.277,2.284,3247.33
1750233600000,2.284,2.297,2.217,2.249,6585.62
1750248000000,2.249,2.272,2.195,2.242,10930.2
1750262400000,2.242,2.264,2.209,2.221,7422.55
1750276800000,2.221,2.285,2.208,2.267,5182.26
1750291200000,2.267,2.29,2.238,2.256,3476.62
1750305600000,2.256,2.272,2.239,2.242,3577.19
1750320000000,2.242,2.26,2.237,2.24,1685.72
1750334400000,2.24,2.247,2.214,2.224,3951.16
1750348800000,2.224,2.249,2.2,2.228,2660.78
1750363200000,2.228,2.254,2.225,2.241,2318.66
1750377600000,2.241,2.257,2.231,2.238,2054.09
1750392000000,2.238,2.276,2.219,2.275,2949.2
1750406400000,2.275,2.302,2.272,2.298,4560.69
1750420800000,2.298,2.313,2.235,2.241,3651.31
1750435200000,2.241,2.242,2.135,2.201,11088.82
1750449600000,2.201,2.225,2.169,2.195,3382.03
1750464000000,2.195,2.229,2.192,2.223,3084.28
1750478400000,2.223,2.233,2.218,2.228,2199.79
1750492800000,2.228,2.232,2.215,2.218,2003.89
1750507200000,2.218,2.224,2.163,2.177,4425.67
1750521600000,2.177,2.185,2.131,2.133,5516.32
1750536000000,2.133,2.148,2.042,2.102,14545.24
1750550400000,2.102,2.126,2.052,2.065,7185.8
1750564800000,2.065,2.101,2.057,2.075,4899.54
1750579200000,2.075,2.088,2.036,2.075,7208.3
1750593600000,2.075,2.088,1.961,1.988,34497.86
1750608000000,1.988,2.015,1.97,1.975,9116.78
1750622400000,1.975,2.05,1.915,2.041,14254.63
1750636800000,2.041,2.07,2.037,2.048,3220.23
1750651200000,2.048,2.091,2.048,2.073,7390.2
1750665600000,2.073,2.084,2.062,2.075,6030.94
1750680000000,2.075,2.151,2.065,2.106,18705.34
1750694400000,2.106,2.17,2.054,2.164,8156.55
1750708800000,2.164,2.266,2.164,2.257,8770.66
1750723200000,2.257,2.271,2.247,2.255,4500.11
1750737600000,2.255,2.307,2.253,2.275,6351.62
1750752000000,2.275,2.287,2.25,2.26,12169.38
1750766400000,2.26,2.274,2.245,2.254,11039.76
1750780800000,2.254,2.298,2.24,2.255,5444.22
1750795200000,2.255,2.287,2.249,2.287,1943.09
1750809600000,2.287,2.295,2.267,2.278,3234.85
1750824000000,2.278,2.288,2.261,2.278,3796.79
1750838400000,2.278,2.283,2.243,2.27,5187.14
1750852800000,2.27,2.292,2.223,2.225,5227.37
1750867200000,2.225,2.239,2.199,2.233,8254.09
1750881600000,2.233,2.253,2.209,2.227,2140.17
1750896000000,2.227,2.284,2.223,2.253,4787.39
1750910400000,2.253,2.266,2.22,2.252,5254.05
1750924800000,2.252,2.262,2.211,2.212,4538.1
1750939200000,2.212,2.213,2.148,2.186,5610.42
1750953600000,2.186,2.186,2.145,2.17,5376.47
1750968000000,2.17,2.201,2.154,2.165,6048.49
1750982400000,2.165,2.191,2.134,2.186,3228.54
1750996800000,2.186,2.202,2.159,2.163,3668.78
1751011200000,2.163,2.192,2.153,2.157,3339.95
1751025600000,2.157,2.17,2.129,2.165,5977.14
1751040000000,2.165,2.194,2.122,2.143,6680.57
1751054400000,2.143,2.182,2.14,2.177,3693.14
1751068800000,2.177,2.18,2.163,2.163,2972.17
1751083200000,2.163,2.171,2.156,2.17,2522.74
1751097600000,2.17,2.175,2.154,2.164,1895.59
1751112000000,2.164,2.183,2.153,2.18,2259.67
1751126400000,2.18,2.202,2.175,2.193,2639.76
1751140800000,2.193,2.22,2.186,2.21,2625.44
1751155200000,2.21,2.226,2.194,2.201,1949.26
1751169600000,2.201,2.238,2.2,2.238,1517.61
1751184000000,2.238,2.268,2.236,2.263,3120.04
1751198400000,2.263,2.268,2.237,2.243,3058.94
1751212800000,2.243,2.263,2.24,2.258,2548.95
1751227200000,2.258,2.359,2.24,2.338,7346.07
1751241600000,2.338,2.356,2.297,2.302,3628.21
1751256000000,2.302,2.302,2.256,2.288,3076.97
1751270400000,2.288,2.292,2.243,2.244,4949.57
1751284800000,2.244,2.254,2.208,2.234,6275.53
1751299200000,2.234,2.273,2.224,2.272,4542.68
1751313600000,2.272,2.282,2.244,2.259,3632.56
1751328000000,2.259,2.263,2.233,2.238,5939.89
1751342400000,2.238,2.238,2.174,2.201,8654.52
1751356800000,2.201,2.201,2.16,2.167,5363.91
1751371200000,2.167,2.173,2.141,2.153,7429.55
1751385600000,2.153,2.164,2.128,2.129,2869.23
1751400000000,2.129,2.147,2.116,2.128,3702.21
1751414400000,2.128,2.154,2.112,2.146,4784.12
1751428800000,2.146,2.184,2.14,2.167,12688.77
1751443200000,2.167,2.191,2.159,2.177,7914.76
1751457600000,2.177,2.23,2.161,2.228,10164.26
1751472000000,2.228,2.369,2.228,2.362,19850.83
1751486400000,2.362,2.379,2.316,2.321,7778.17
1751500800000,2.321,2.344,2.316,2.322,3826.23
1751515200000,2.322,2.387,2.319,2.372,9746.74
1751529600000,2.372,2.386,2.331,2.333,9321.62
1751544000000,2.333,2.353,2.284,2.288,19133.34
1751558400000,2.288,2.312,2.287,2.312,4505.33
1751572800000,2.312,2.328,2.304,2.309,25065.74
1751587200000,2.309,2.318,2.278,2.281,4887.64
1751601600000,2.281,2.287,2.216,2.217,9870.86
1751616000000,2.217,2.243,2.203,2.217,8769.42
1751630400000,2.217,2.22,2.168,2.168,13192.99
1751644800000,2.168,2.17,2.123,2.125,14505.2
1751659200000,2.125,2.159,2.114,2.152,9101.18
1751673600000,2.152,2.169,2.137,2.163,7745.6
1751688000000,2.163,2.171,2.143,2.159,4710.29
1751702400000,2.159,2.165,2.14,2.153,4646.93
1751716800000,2.153,2.154,2.134,2.139,5965.88
1751731200000,2.139,2.155,2.106,2.125,6014.21
1751745600000,2.125,2.154,2.12,2.149,2340.39
1751760000000,2.149,2.154,2.136,2.139,2243.89
1751774400000,2.139,2.157,2.13,2.146,2142.93
1751788800000,2.146,2.155,2.133,2.153,2971.54
1751803200000,2.153,2.196,2.141,2.18,5009.77
1751817600000,2.18,2.196,2.163,2.168,2990.81
1751832000000,2.168,2.208,2.166,2.173,4072.73
1751846400000,2.173,2.196,2.16,2.179,2737.36
1751860800000,2.179,2.19,2.154,2.182,4706.82
1751875200000,2.182,2.184,2.14,2.149,4444.77
1751889600000,2.149,2.172,2.119,2.131,11051.96
1751904000000,2.131,2.143,2.105,2.129,9253.08
1751918400000,2.129,2.135,2.106,2.133,4695.28
1751932800000,2.133,2.142,2.105,2.114,9123.97
1751947200000,2.114,2.121,2.104,2.113,8607.91
1751961600000,2.113,2.149,2.101,2.137,11375.6
1751976000000,2.137,2.155,2.117,2.121,4593.36
1751990400000,2.121,2.183,2.119,2.17,4860.72
1752004800000,2.17,2.173,2.156,2.162,3237.06
1752019200000,2.162,2.169,2.137,2.145,3624.37
1752033600000,2.145,2.189,2.139,2.188,5663.01
1752048000000,2.188,2.211,2.178,2.204,9732.89
1752062400000,2.204,2.214,2.181,2.198,10408.69
1752076800000,2.198,2.268,2.194,2.266,8368.99
1752091200000,2.266,2.31,2.259,2.291,10378.38
1752105600000,2.291,2.311,2.268,2.289,8119.21
1752120000000,2.289,2.301,2.273,2.289,7160.27
1752134400000,2.289,2.304,2.279,2.296,3594.5
1752148800000,2.296,2.308,2.273,2.277,5325.34
1752163200000,2.277,2.37,2.277,2.349,14493.71
1752177600000,2.349,2.473,2.349,2.459,16882.19
1752192000000,2.459,2.511,2.416,2.503,11187.82
1752206400000,2.503,2.566,2.49,2.493,14802.02
1752220800000,2.493,2.595,2.493,2.515,18180.73
1752235200000,2.515,2.574,2.495,2.504,12665.74
1752249600000,2.504,2.562,2.492,2.556,6151.45
1752264000000,2.556,2.556,2.418,2.456,7381.56
1752278400000,2.456,2.497,2.417,2.482,4370.16
1752292800000,2.482,2.511,2.42,2.511,6323.53
1752307200000,2.511,2.519,2.477,2.509,4530.81
1752321600000,2.509,2.518,2.381,2.399,11811.95
1752336000000,2.399,2.459,2.39,2.453,3397.95
1752350400000,2.453,2.462,2.413,2.46,2706.56
1752364800000,2.46,2.482,2.438,2.467,4502.06
1752379200000,2.467,2.511,2.45,2.502,3854.01
1752393600000,2.502,2.511,2.47,2.5,3917.49
1752408000000,2.5,2.596,2.49,2.547,10445.15
1752422400000,2.547,2.563,2.503,2.536,4924.72
1752436800000,2.536,2.561,2.482,2.51,7219.41
1752451200000,2.51,2.589,2.5,2.57,6558.58
1752465600000,2.57,2.629,2.543,2.588,10195.18
1752480000000,2.588,2.592,2.538,2.547,6401.16
1752494400000,2.547,2.568,2.457,2.477,13734.03
1752508800000,2.477,2.496,2.405,2.431,10472.67
1752523200000,2.431,2.456,2.377,2.451,18707.88
1752537600000,2.451,2.472,2.366,2.387,7552.09
1752552000000,2.387,2.441,2.361,2.408,7530.08
1752566400000,2.408,2.421,2.385,2.412,4680.87
1752580800000,2.412,2.48,2.392,2.457,17121.21
1752595200000,2.457,2.55,2.456,2.474,6110.81
1752609600000,2.474,2.567,2.466,2.56,4368.75
1752624000000,2.56,2.591,2.526,2.53,18146.92
1752638400000,2.53,2.603,2.516,2.594,3916.97
1752652800000,2.594,2.614,2.554,2.564,11977.95
1752667200000,2.564,2.61,2.546,2.575,4898.35
1752681600000,2.575,2.666,2.569,2.635,8508.33
1752696000000,2.635,2.69,2.608,2.626,6373.1
1752710400000,2.626,2.658,2.55,2.568,5082.08
1752724800000,2.568,2.632,2.556,2.62,9390.95
1752739200000,2.62,2.661,2.611,2.627,9615.2
1752753600000,2.627,2.662,2.586,2.618,8380.31
1752768000000,2.618,2.632,2.549,2.577,8269.98
1752782400000,2.577,2.678,2.538,2.646,11404.58
1752796800000,2.646,2.721,2.625,2.721,7184.77
1752811200000,2.721,2.821,2.714,2.755,14023.66
1752825600000,2.755,2.798,2.722,2.76,19465.75
1752840000000,2.76,2.815,2.659,2.686,12506.45
1752854400000,2.686,2.738,2.654,2.671,9774.33
1752868800000,2.671,2.674,2.583,2.643,7925.65
1752883200000,2.643,2.703,2.574,2.694,7268.79
1752897600000,2.694,2.726,2.659,2.663,4146.87
1752912000000,2.663,2.67,2.611,2.616,3426.71
1752926400000,2.616,2.626,2.557,2.591,3516.88
1752940800000,2.591,2.689,2.582,2.679,4975.26
1752955200000,2.679,2.711,2.652,2.706,4301.9
1752969600000,2.706,2.749,2.693,2.722,2415.46
1752984000000,2.722,2.773,2.714,2.755,3532.88
1752998400000,2.755,2.798,2.755,2.788,8910.79
1753012800000,2.788,2.85,2.772,2.844,5755.36
1753027200000,2.844,2.885,2.829,2.837,17170.08
1753041600000,2.837,2.851,2.753,2.819,9226.09
1753056000000,2.819,2.892,2.762,2.885,11547.56
1753070400000,2.885,2.89,2.835,2.873,10787.84
1753084800000,2.873,2.903,2.831,2.864,18183.14
1753099200000,2.864,2.916,2.84,2.89,16821.26
1753113600000,2.89,2.929,2.818,2.835,12485.4
1753128000000,2.835,2.897,2.825,2.875,4124.15
1753142400000,2.875,2.895,2.771,2.804,9937.08
1753156800000,2.804,2.81,2.738,2.766,11430.29
1753171200000,2.766,2.794,2.695,2.776,7553.54
1753185600000,2.776,2.835,2.715,2.826,11485.51
1753200000000,2.826,2.862,2.782,2.794,12780.97
1753214400000,2.794,2.898,2.787,2.894,6855.88
1753228800000,2.894,2.906,2.823,2.839,7681.34
1753243200000,2.839,2.92,2.831,2.849,14310.67
1753257600000,2.849,2.888,2.773,2.797,7516.82
1753272000000,2.797,2.808,2.612,2.673,16591.11
1753286400000,2.673,2.676,2.563,2.602,11321.13
1753300800000,2.602,2.616,2.507,2.593,16012.2
1753315200000,2.593,2.624,2.575,2.588,7887.71
1753329600000,2.588,2.599,2.409,2.484,15264.18
1753344000000,2.484,2.543,2.467,2.536,8043.22
1753358400000,2.536,2.616,2.482,2.576,8333.66
1753372800000,2.576,2.603,2.513,2.568,8835.64
1753387200000,2.568,2.601,2.502,2.512,8577.97
1753401600000,2.512,2.538,2.437,2.471,10715.39
1753416000000,2.471,2.511,2.444,2.482,5162.14
1753430400000,2.482,2.582,2.48,2.57,5739.71
1753444800000,2.57,2.585,2.46,2.494,6447.18
1753459200000,2.494,2.537,2.48,2.52,3274.92
1753473600000,2.52,2.607,2.517,2.6,4608.14
1753488000000,2.6,2.615,2.581,2.604,5502.86
1753502400000,2.604,2.607,2.586,2.597,1831.84
1753516800000,2.597,2.617,2.592,2.597,4235.72
1753531200000,2.597,2.613,2.583,2.603,1831.62
1753545600000,2.603,2.634,2.579,2.631,2674.94
1753560000000,2.631,2.631,2.588,2.59,1207.58
1753574400000,2.59,2.636,2.582,2.606,2959.04
1753588800000,2.606,2.639,2.603,2.619,2681.89
1753603200000,2.619,2.63,2.58,2.605,4952.53
1753617600000,2.605,2.628,2.579,2.6,3573.72
1753632000000,2.6,2.643,2.599,2.616,4720.29
1753646400000,2.616,2.674,2.615,2.653,3603.42
1753660800000,2.653,2.679,2.611,2.664,5206.5
1753675200000,2.664,2.706,2.648,2.666,5201.53
1753689600000,2.666,2.694,2.649,2.663,4405.46
1753704000000,2.663,2.669,2.519,2.537,7174.42
1753718400000,2.537,2.546,2.47,2.491,9668.17
1753732800000,2.491,2.496,2.431,2.459,8580.32
1753747200000,2.459,2.475,2.403,2.448,10665.08
1753761600000,2.448,2.53,2.43,2.522,13866.39
1753776000000,2.522,2.526,2.43,2.451,7011.27
1753790400000,2.451,2.49,2.401,2.422,8190.8
1753804800000,2.422,2.429,2.375,2.393,6895.47
1753819200000,2.393,2.427,2.365,2.422,4761.67
1753833600000,2.422,2.43,2.376,2.406,3652.77
1753848000000,2.406,2.421,2.378,2.386,4593.69
1753862400000,2.386,2.41,2.324,2.339,6602.61
1753876800000,2.339,2.399,2.32,2.384,19938.19
1753891200000,2.384,2.415,2.268,2.372,19159.4
1753905600000,2.372,2.406,2.354,2.397,8468.84
1753920000000,2.397,2.446,2.39,2.437,8854.51
1753934400000,2.437,2.458,2.434,2.45,6976.55
1753948800000,2.45,2.466,2.42,2.427,46987.26
1753963200000,2.427,2.429,2.342,2.374,19598.21
1753977600000,2.374,2.424,2.348,2.354,25294.4
1753992000000,2.354,2.359,2.26,2.271,29368.05
1754006400000,2.271,2.29,2.217,2.287,41275.89
1754020800000,2.287,2.287,2.219,2.237,48183.02
1754035200000,2.237,2.237,2.182,2.229,59312.75
1754049600000,2.229,2.263,2.174,2.253,75750.77
1754064000000,2.253,2.264,2.194,2.248,60000.12
1754078400000,2.248,2.257,2.135,2.216,72059.47
1754092800000,2.216,2.243,2.21,2.234,20322.02
1754107200000,2.234,2.245,2.171,2.227,39901.61
1754121600000,2.227,2.23,2.184,2.206,43900.64
1754136000000,2.206,2.212,2.163,2.171,48534.09
1754150400000,2.171,2.201,2.117,2.141,221621.72
1754164800000,2.141,2.174,2.138,2.165,78141.33
1754179200000,2.165,2.207,2.137,2.197,76828.16
1754193600000,2.197,2.218,2.187,2.216,27773.47
1754208000000,2.216,2.255,2.211,2.244,61523.41
1754222400000,2.244,2.251,2.22,2.244,42830.34
1754236800000,2.244,2.249,2.225,2.239,33524.77
1754251200000,2.239,2.266,2.234,2.25,36594.9
1754265600000,2.25,2.299,2.248,2.276,44767.8
1754280000000,2.276,2.285,2.26,2.276,92692.66
1754294400000,2.276,2.286,2.266,2.271,112202.39
1754308800000,2.271,2.32,2.262,2.302,85930.0
1754323200000,2.302,2.353,2.302,2.31,58784.98
1754337600000,2.31,2.353,2.307,2.341,57661.41
1754352000000,2.341,2.347,2.302,2.304,76683.38
1754366400000,2.304,2.313,2.255,2.259,83630.53
1754380800000,2.259,2.338,2.255,2.333,44072.09
1754395200000,2.333,2.336,2.233,2.242,89792.91
1754409600000,2.242,2.265,2.224,2.229,34448.23
1754424000000,2.229,2.269,2.209,2.264,62197.92
1754438400000,2.264,2.264,2.209,2.213,32428.29
1754452800000,2.213,2.272,2.203,2.269,39359.07
1754467200000,2.269,2.275,2.244,2.248,23337.86
1754481600000,2.248,2.299,2.225,2.298,44511.69
1754496000000,2.298,2.305,2.269,2.293,40207.9
1754510400000,2.293,2.295,2.28,2.283,15744.52
1754524800000,2.283,2.304,2.263,2.264,20780.04
1754539200000,2.264,2.297,2.262,2.289,32595.08
1754553600000,2.289,2.377,2.288,2.376,45395.33
1754568000000,2.376,2.382,2.34,2.348,32013.61
1754582400000,2.348,2.357,2.301,2.353,29058.22
1754596800000,2.353,2.397,2.353,2.393,27967.24
1754611200000,2.393,2.429,2.364,2.4,70801.27
1754625600000,2.4,2.419,2.375,2.416,15494.68
1754640000000,2.416,2.433,2.393,2.414,21014.5
1754654400000,2.414,2.456,2.372,2.392,14961.8
1754668800000,2.392,2.475,2.392,2.459,22451.82
1754683200000,2.459,2.463,2.441,2.445,10452.2
1754697600000,2.445,2.46,2.442,2.451,8536.97
1754712000000,2.451,2.527,2.445,2.513,27723.53
1754726400000,2.513,2.54,2.509,2.528,12812.4
1754740800000,2.528,2.552,2.502,2.519,29932.41
1754755200000,2.519,2.552,2.518,2.542,14885.93
1754769600000,2.542,2.569,2.531,2.534,20158.21
1754784000000,2.534,2.585,2.529,2.569,29316.19
1754798400000,2.569,2.596,2.484,2.486,25415.85
1754812800000,2.486,2.51,2.458,2.472,11931.83
1754827200000,2.472,2.529,2.458,2.515,24250.57
1754841600000,2.515,2.542,2.501,2.532,13665.37
1754856000000,2.532,2.534,2.495,2.528,9915.88
1754870400000,2.528,2.586,2.505,2.571,11863.63
1754884800000,2.571,2.588,2.494,2.498,9695.84
1754899200000,2.498,2.515,2.412,2.418,14422.0
1754913600000,2.418,2.456,2.397,2.448,29734.99
1754928000000,2.448,2.49,2.409,2.426,37460.58
1754942400000,2.426,2.427,2.351,2.378,20939.45
1754956800000,2.378,2.416,2.369,2.381,10730.16
1754971200000,2.381,2.403,2.35,2.402,7867.33
1754985600000,2.402,2.404,2.335,2.367,5030.96
1755000000000,2.367,2.486,2.355,2.485,11509.36
1755014400000,2.485,2.544,2.474,2.53,8198.21
1755028800000,2.53,2.556,2.524,2.53,6245.78
1755043200000,2.53,2.562,2.506,2.55,6583.31
1755057600000,2.55,2.572,2.515,2.559,3728.16
1755072000000,2.559,2.628,2.554,2.603,15882.24
1755086400000,2.603,2.641,2.57,2.595,12203.16
1755100800000,2.595,2.631,2.59,2.63,10991.76
1755115200000,2.63,2.676,2.609,2.645,9671.29
1755129600000,2.645,2.678,2.613,2.664,5595.0
1755144000000,2.664,2.673,2.582,2.595,7100.28
1755158400000,2.595,2.595,2.542,2.555,5589.62
1755172800000,2.555,2.57,2.401,2.428,18770.42
1755187200000,2.428,2.428,2.356,2.382,7527.8
1755201600000,2.382,2.389,2.329,2.376,7417.94
1755216000000,2.376,2.414,2.365,2.406,4935.94
1755230400000,2.406,2.425,2.383,2.397,5198.04
1755244800000,2.397,2.407,2.369,2.376,3749.29
1755259200000,2.376,2.403,2.274,2.286,11157.3
1755273600000,2.286,2.316,2.261,2.287,6624.47
1755288000000,2.287,2.362,2.281,2.344,3697.0
1755302400000,2.344,2.374,2.34,2.367,3516.82
1755316800000,2.367,2.395,2.363,2.389,5090.39
1755331200000,2.389,2.404,2.366,2.373,4075.31
1755345600000,2.373,2.464,2.37,2.449,10843.4
1755360000000,2.449,2.449,2.401,2.404,4804.57
1755374400000,2.404,2.434,2.404,2.425,1744.86
1755388800000,2.425,2.431,2.399,2.417,1693.63
1755403200000,2.417,2.435,2.413,2.428,4282.32
1755417600000,2.428,2.451,2.427,2.451,2259.96
1755432000000,2.451,2.483,2.43,2.482,4100.47
1755446400000,2.482,2.493,2.397,2.408,5107.57
1755460800000,2.408,2.432,2.4,2.403,2480.08
1755475200000,2.403,2.404,2.29,2.311,6897.61
1755489600000,2.311,2.34,2.282,2.296,7169.94
1755504000000,2.296,2.313,2.27,2.294,3820.63
1755518400000,2.294,2.325,2.276,2.31,2860.91
1755532800000,2.31,2.336,2.288,2.309,2341.62
1755547200000,2.309,2.343,2.293,2.306,2084.22
1755561600000,2.306,2.339,2.245,2.255,3813.65
1755576000000,2.255,2.276,2.23,2.263,4193.58
1755590400000,2.263,2.312,2.248,2.308,2464.52
1755604800000,2.308,2.318,2.242,2.257,3800.65
1755619200000,2.257,2.259,2.214,2.238,4017.79
1755633600000,2.238,2.253,2.212,2.219,1386.16
1755648000000,2.219,2.258,2.207,2.247,2045.05
1755662400000,2.247,2.273,2.245,2.247,3034.56
1755676800000,2.247,2.28,2.241,2.268,1831.16
1755691200000,2.268,2.319,2.217,2.295,4236.26
1755705600000,2.295,2.35,2.292,2.346,2391.97
1755720000000,2.346,2.354,2.327,2.33,1612.25
1755734400000,2.33,2.349,2.314,2.326,1558.37
1755748800000,2.326,2.338,2.304,2.323,1007.41
1755763200000,2.323,2.324,2.284,2.292,1752.12
1755777600000,2.292,2.313,2.26,2.269,3541.02
1755792000000,2.269,2.297,2.259,2.266,1399.94
1755806400000,2.266,2.301,2.258,2.277,1175.7
1755820800000,2.277,2.3,2.253,2.265,1311.62
1755835200000,2.265,2.288,2.261,2.284,1484.56
1755849600000,2.284,2.297,2.223,2.227,3423.54
1755864000000,2.227,2.404,2.173,2.379,14651.67
1755878400000,2.379,2.51,2.379,2.488,9422.58
1755892800000,2.488,2.521,2.483,2.502,3005.92
1755907200000,2.502,2.514,2.422,2.448,5148.72
1755921600000,2.448,2.512,2.448,2.47,3176.76
1755936000000,2.47,2.487,2.457,2.47,1641.55
1755950400000,2.47,2.485,2.447,2.462,23637.13
1755964800000,2.462,2.497,2.457,2.496,2132.47
1755979200000,2.496,2.498,2.47,2.478,732.29
1755993600000,2.478,2.489,2.44,2.452,1456.76
1756008000000,2.452,2.461,2.401,2.401,1266.08
1756022400000,2.401,2.413,2.363,2.377,1696.99
1756036800000,2.377,2.415,2.374,2.392,1180.8
1756051200000,2.392,2.541,2.378,2.456,7502.31
1756065600000,2.456,2.479,2.402,2.422,3186.3
1756080000000,2.422,2.461,2.366,2.439,4353.89
1756094400000,2.439,2.449,2.309,2.316,3382.9
1756108800000,2.316,2.324,2.276,2.308,5196.56
1756123200000,2.308,2.34,2.286,2.31,5311.89
1756137600000,2.31,2.327,2.244,2.248,4515.34
1756152000000,2.248,2.253,2.159,2.206,17597.93
1756166400000,2.206,2.25,2.18,2.219,12676.54
1756180800000,2.219,2.265,2.219,2.251,4088.47
1756195200000,2.251,2.255,2.222,2.234,5004.54
1756209600000,2.234,2.297,2.219,2.276,7953.92
1756224000000,2.276,2.335,2.273,2.33,4030.11
1756238400000,2.33,2.341,2.311,2.321,3107.98
1756252800000,2.321,2.348,2.3,2.336,5835.23
1756267200000,2.336,2.358,2.296,2.305,6169.51
1756281600000,2.305,2.322,2.294,2.319,3790.54
1756296000000,2.319,2.347,2.295,2.337,4886.57
1756310400000,2.337,2.363,2.316,2.335,3646.57
1756324800000,2.335,2.353,2.293,2.304,10113.35
1756339200000,2.304,2.35,2.287,2.35,6698.94
1756353600000,2.35,2.363,2.337,2.348,5678.85
1756368000000,2.348,2.371,2.33,2.345,6354.27
1756382400000,2.345,2.401,2.339,2.36,8197.15
1756396800000,2.36,2.376,2.319,2.32,5781.95
1756411200000,2.32,2.401,2.317,2.396,4318.9
1756425600000,2.396,2.409,2.358,2.375,13477.26
1756440000000,2.375,2.381,2.286,2.288,11734.37
1756454400000,2.288,2.305,2.242,2.288,10150.43
1756468800000,2.288,2.341,2.245,2.26,21627.36
1756483200000,2.26,2.27,2.213,2.242,9713.42
1756497600000,2.242,2.256,2.215,2.251,4979.55
1756512000000,2.251,2.285,2.215,2.28,29552.34
1756526400000,2.28,2.305,2.277,2.3,6621.09
1756540800000,2.3,2.301,2.277,2.291,4312.28
1756555200000,2.291,2.292,2.214,2.288,16663.2
1756569600000,2.288,2.288,2.268,2.284,4080.05
1756584000000,2.284,2.292,2.271,2.292,2960.79
1756598400000,2.292,2.796,2.291,2.687,439656.71
1756612800000,2.687,2.738,2.593,2.639,175571.34
1756627200000,2.639,2.717,2.534,2.564,156996.96
1756641600000,2.564,2.597,2.486,2.509,95320.08
1756656000000,2.509,2.546,2.493,2.521,47748.4
1756670400000,2.521,2.555,2.49,2.521,46361.69
1756684800000,2.521,2.54,2.427,2.442,81073.86
1756699200000,2.442,2.476,2.4,2.475,50496.16
1756713600000,2.475,2.479,2.395,2.396,41598.86
1756728000000,2.396,2.418,2.365,2.376,38253.1
1756742400000,2.376,2.376,2.344,2.364,18345.14
1756756800000,2.364,2.365,2.292,2.33,34386.81
1756771200000,2.33,2.374,2.298,2.363,44807.54
1756785600000,2.363,2.387,2.346,2.354,24651.49
1756800000000,2.354,2.375,2.351,2.356,16278.85
1756814400000,2.356,2.381,2.301,2.319,30990.82
1756828800000,2.319,2.343,2.3,2.314,14683.85
1756843200000,2.314,2.364,2.304,2.361,11547.05
1756857600000,2.361,2.375,2.338,2.363,16663.03
1756872000000,2.363,2.367,2.328,2.343,19464.08
1756886400000,2.343,2.376,2.339,2.367,20009.98
1756900800000,2.367,2.429,2.359,2.414,45598.72
1756915200000,2.414,2.423,2.4,2.413,22700.16
1756929600000,2.413,2.418,2.398,2.402,14330.93
1756944000000,2.402,2.413,2.361,2.364,33311.75
1756958400000,2.364,2.374,2.329,2.346,37360.15
1756972800000,2.346,2.368,2.335,2.351,44580.26
1756987200000,2.351,2.363,2.303,2.31,54227.91
1757001600000,2.31,2.323,2.276,2.28,48930.26
1757016000000,2.28,2.332,2.278,2.304,44762.76
1757030400000,2.304,2.333,2.3,2.332,34052.32
1757044800000,2.332,2.39,2.328,2.382,55765.15
1757059200000,2.382,2.394,2.362,2.384,60968.51
1757073600000,2.384,2.417,2.342,2.36,138513.21
1757088000000,2.36,2.383,2.348,2.381,61419.09
1757102400000,2.381,2.401,2.372,2.395,49057.36
1757116800000,2.395,2.402,2.376,2.394,64209.8
1757131200000,2.394,2.398,2.373,2.379,40266.66
1757145600000,2.379,2.387,2.359,2.377,70440.6
1757160000000,2.377,2.389,2.363,2.365,51376.22
1757174400000,2.365,2.38,2.344,2.348,35590.97
1757188800000,2.348,2.382,2.345,2.364,132441.74
1757203200000,2.364,2.398,2.359,2.396,65224.16
1757217600000,2.396,2.43,2.396,2.422,121901.92
1757232000000,2.422,2.483,2.422,2.453,175787.58
1757246400000,2.453,2.459,2.434,2.455,76860.26
1757260800000,2.455,2.461,2.434,2.453,55936.42
1757275200000,2.453,2.477,2.446,2.458,79072.08
1757289600000,2.458,2.481,2.438,2.468,84715.92
1757304000000,2.468,2.469,2.438,2.452,106283.24
1757318400000,2.452,2.494,2.451,2.474,115823.54
1757332800000,2.474,2.509,2.466,2.5,125083.76
1757347200000,2.5,2.515,2.477,2.482,122981.21
1757361600000,2.482,2.561,2.467,2.5,549009.25
1757376000000,2.5,2.552,2.479,2.504,766732.55
1757390400000,2.504,2.567,2.5,2.556,443698.2
1757404800000,2.556,2.573,2.532,2.539,304349.32
1757419200000,2.539,2.562,2.462,2.471,416268.02
1757433600000,2.471,2.501,2.457,2.494,219890.2
1757448000000,2.494,2.511,2.478,2.488,334108.76
1757462400000,2.488,2.519,2.453,2.518,462756.21
1757476800000,2.518,2.53,2.496,2.508,232212.66
1757491200000,2.508,2.526,2.495,2.505,195813.93
1757505600000,2.505,2.574,2.504,2.558,691933.6
1757520000000,2.558,2.566,2.507,2.517,288619.14
1757534400000,2.517,2.549,2.516,2.548,82971.1
1757548800000,2.548,2.56,2.538,2.552,133855.97
1757563200000,2.552,2.588,2.525,2.561,348254.41
1757577600000,2.561,2.57,2.519,2.522,314650.75
1757592000000,2.522,2.547,2.486,2.495,760825.29
1757606400000,2.495,2.537,2.493,2.532,173306.75
1757620800000,2.532,2.573,2.526,2.558,219759.96
1757635200000,2.558,2.596,2.558,2.569,361785.47
1757649600000,2.569,2.626,2.562,2.597,679762.6
1757664000000,2.597,2.599,2.554,2.558,439200.2
1757678400000,2.558,2.594,2.547,2.575,351142.12
1757692800000,2.575,2.633,2.573,2.63,642795.24
1757707200000,2.63,2.652,2.613,2.636,498270.26
1757721600000,2.636,2.649,2.62,2.636,407115.93
1757736000000,2.636,2.64,2.619,2.627,343862.74
1757750400000,2.627,2.675,2.627,2.674,948731.01
1757764800000,2.674,2.689,2.622,2.651,1319525.82
1757779200000,2.651,2.672,2.603,2.655,1118011.75
1757793600000,2.655,2.698,2.654,2.681,983156.39
1757808000000,2.681,2.685,2.611,2.614,632845.33
1757822400000,2.614,2.643,2.584,2.619,2734871.77
1757836800000,2.619,2.628,2.556,2.56,1067850.78
1757851200000,2.56,2.576,2.507,2.527,1191957.28
1757865600000,2.527,2.56,2.52,2.538,448904.27
1757880000000,2.538,2.574,2.531,2.541,493609.63
1757894400000,2.541,2.569,2.511,2.565,655780.61
1757908800000,2.565,2.579,2.493,2.503,1371643.69
1757923200000,2.503,2.503,2.437,2.451,3945880.2
1757937600000,2.451,2.454,2.392,2.41,2135071.39
1757952000000,2.41,2.423,2.381,2.414,1021933.65
1757966400000,2.414,2.426,2.411,2.425,512599.47
1757980800000,2.425,2.426,2.39,2.393,921475.94
1757995200000,2.393,2.44,2.374,2.431,1622636.37
1758009600000,2.431,2.454,2.423,2.436,1536464.76
1758024000000,2.436,2.459,2.407,2.458,1415228.17
1758038400000,2.458,2.477,2.443,2.473,971240.55
1758052800000,2.473,2.488,2.468,2.473,774355.47
1758067200000,2.473,2.491,2.46,2.461,884286.61
1758081600000,2.461,2.475,2.438,2.464,920224.03
1758096000000,2.464,2.465,2.409,2.422,2327174.22
1758110400000,2.422,2.431,2.393,2.401,897595.79
1758124800000,2.401,2.472,2.385,2.47,1899897.48
1758139200000,2.47,2.539,2.441,2.522,1738711.06
1758153600000,2.522,2.547,2.509,2.541,1045051.22
1758168000000,2.541,2.546,2.508,2.523,1453004.32
1758182400000,2.523,2.548,2.52,2.532,1254363.23
1758196800000,2.532,2.565,2.523,2.56,860944.83
1758211200000,2.56,2.599,2.558,2.587,736667.36
1758225600000,2.587,2.604,2.572,2.586,701690.33
1758240000000,2.586,2.627,2.556,2.558,1138562.97
1758254400000,2.558,2.571,2.52,2.537,1776197.75
1758268800000,2.537,2.553,2.481,2.486,863937.67
1758283200000,2.486,2.515,2.454,2.474,1017425.78
1758297600000,2.474,2.489,2.44,2.454,586542.5
1758312000000,2.454,2.471,2.424,2.44,679296.17
1758326400000,2.44,2.448,2.41,2.426,497869.0
1758340800000,2.426,2.46,2.419,2.459,464786.38
1758355200000,2.459,2.46,2.418,2.43,420837.91
1758369600000,2.43,2.479,2.423,2.468,521325.17
1758384000000,2.468,2.473,2.434,2.439,660049.25
1758398400000,2.439,2.454,2.424,2.43,344501.7
1758412800000,2.43,2.444,2.413,2.438,420761.43
1758427200000,2.438,2.467,2.427,2.453,445644.28
1758441600000,2.453,2.457,2.4,2.415,1371559.41
1758456000000,2.415,2.435,2.407,2.408,742811.47
1758470400000,2.408,2.417,2.372,2.405,1596638.83
1758484800000,2.405,2.407,2.375,2.378,541567.95
1758499200000,2.378,2.388,2.266,2.295,3204244.77
1758513600000,2.295,2.307,2.118,2.197,3450096.72
1758528000000,2.197,2.214,2.181,2.192,1449276.39
1758542400000,2.192,2.222,2.187,2.197,1906450.11
1758556800000,2.197,2.205,2.16,2.166,908336.56
1758571200000,2.166,2.211,2.163,2.206,326651.46
1758585600000,2.206,2.214,2.143,2.185,892940.66
1758600000000,2.185,2.226,2.163,2.218,680283.37
1758614400000,2.218,2.241,2.215,2.224,433050.26
1758628800000,2.224,2.239,2.198,2.227,680657.03
1758643200000,2.227,2.25,2.19,2.194,583267.74
1758657600000,2.194,2.227,2.19,2.203,400199.92
1758672000000,2.203,2.239,2.187,2.194,571579.98
1758686400000,2.194,2.233,2.162,2.23,1231887.39
1758700800000,2.23,2.246,2.224,2.236,789450.27
1758715200000,2.236,2.256,2.219,2.232,460046.55
1758729600000,2.232,2.246,2.223,2.229,248414.52
1758744000000,2.229,2.231,2.201,2.21,278194.81
1758758400000,2.21,2.212,2.158,2.177,841144.88
1758772800000,2.177,2.183,2.116,2.12,1438898.69
1758787200000,2.12,2.149,2.101,2.115,3251379.45
1758801600000,2.115,2.17,2.081,2.13,2013060.63
1758816000000,2.13,2.134,2.024,2.087,3227876.14
1758830400000,2.087,2.093,2.041,2.057,1006054.71
1758844800000,2.057,2.095,2.055,2.085,2606058.04
1758859200000,2.085,2.092,2.055,2.074,2962352.26
1758873600000,2.074,2.088,2.044,2.07,1680818.69
1758888000000,2.07,2.106,2.052,2.099,1425329.57
1758902400000,2.099,2.158,2.095,2.14,954774.47
1758916800000,2.14,2.158,2.131,2.156,481894.4
1758931200000,2.156,2.176,2.153,2.17,322271.83
1758945600000,2.17,2.182,2.156,2.166,326697.11
1758960000000,2.166,2.166,2.134,2.154,421905.3
1758974400000,2.154,2.169,2.137,2.167,409083.3
1758988800000,2.167,2.17,2.126,2.132,296972.35
1759003200000,2.132,2.152,2.127,2.133,261602.89
1759017600000,2.133,2.138,2.108,2.123,386378.51
1759032000000,2.123,2.127,2.096,2.102,314516.63
1759046400000,2.102,2.109,2.085,2.094,625241.16
1759060800000,2.094,2.122,2.076,2.112,462158.7
1759075200000,2.112,2.138,2.109,2.136,1011071.34
1759089600000,2.136,2.192,2.136,2.171,1155222.52
1759104000000,2.171,2.172,2.149,2.159,201426.38
1759118400000,2.159,2.159,2.117,2.131,274090.64
1759132800000,2.131,2.148,2.099,2.115,533965.07
1759147200000,2.115,2.153,2.071,2.126,1426128.0
1759161600000,2.126,2.138,2.098,2.132,502945.51
1759176000000,2.132,2.163,2.126,2.129,688203.05
1759190400000,2.129,2.134,2.082,2.09,845349.46
1759204800000,2.09,2.102,2.073,2.082,1189346.5
1759219200000,2.082,2.084,2.06,2.079,679248.27
1759233600000,2.079,2.084,2.024,2.04,1437612.03
1759248000000,2.04,2.113,2.03,2.103,1340114.98
1759262400000,2.103,2.113,2.083,2.101,469871.73
1759276800000,2.101,2.106,2.075,2.079,337499.81
1759291200000,2.079,2.117,2.077,2.103,378620.26
1759305600000,2.103,2.214,2.101,2.185,898580.63
1759320000000,2.185,2.205,2.169,2.197,250425.7
1759334400000,2.197,2.242,2.184,2.227,1224877.57
1759348800000,2.227,2.232,2.21,2.23,339515.17
1759363200000,2.23,2.261,2.221,2.253,216426.1
1759377600000,2.253,2.276,2.247,2.252,400711.11
1759392000000,2.252,2.267,2.241,2.254,205775.8
1759406400000,2.254,2.265,2.206,2.253,290538.23
1759420800000,2.253,2.304,2.25,2.294,295450.17
1759435200000,2.294,2.3,2.271,2.285,204750.48
1759449600000,2.285,2.287,2.243,2.256,227458.56
1759464000000,2.256,2.28,2.247,2.259,194456.34
1759478400000,2.259,2.27,2.245,2.253,144270.56
1759492800000,2.253,2.307,2.237,2.305,485962.28
1759507200000,2.305,2.338,2.256,2.296,432324.0
1759521600000,2.296,2.305,2.283,2.285,130534.9
1759536000000,2.285,2.29,2.242,2.256,152256.21
1759550400000,2.256,2.269,2.245,2.255,129590.23
1759564800000,2.255,2.258,2.204,2.217,193314.82
1759579200000,2.217,2.24,2.182,2.186,181902.66
1759593600000,2.186,2.208,2.182,2.2,84114.67
1759608000000,2.2,2.211,2.199,2.204,53267.12
1759622400000,2.204,2.252,2.189,2.237,133653.01
1759636800000,2.237,2.29,2.235,2.289,248922.24
1759651200000,2.289,2.3,2.229,2.249,245281.25
1759665600000,2.249,2.256,2.227,2.249,145095.2
1759680000000,2.249,2.251,2.178,2.18,202543.95
1759694400000,2.18,2.199,2.17,2.183,642214.68
1759708800000,2.183,2.206,2.163,2.193,221692.71
1759723200000,2.193,2.22,2.179,2.198,167103.93
1759737600000,2.198,2.22,2.196,2.208,120563.73
1759752000000,2.208,2.268,2.208,2.261,340276.29
1759766400000,2.261,2.331,2.257,2.33,941906.21
1759780800000,2.33,2.361,2.3,2.309,564788.28
1759795200000,2.309,2.323,2.297,2.303,161041.03
1759809600000,2.303,2.322,2.266,2.273,223565.3
1759824000000,2.273,2.282,2.241,2.281,217962.07
1759838400000,2.281,2.299,2.15,2.159,1037972.64
1759852800000,2.159,2.183,2.138,2.158,425642.31
1759867200000,2.158,2.178,2.132,2.139,204068.86
1759881600000,2.139,2.169,2.109,2.125,260877.51
1759896000000,2.125,2.141,2.113,2.139,136897.93
1759910400000,2.139,2.155,2.128,2.136,163624.52
1759924800000,2.136,2.173,2.126,2.149,175542.5
1759939200000,2.149,2.217,2.145,2.209,250979.2
1759953600000,2.209,2.217,2.181,2.19,121847.27
1759968000000,2.19,2.193,2.125,2.157,174336.92
1759982400000,2.157,2.176,2.139,2.145,281099.39
1759996800000,2.145,2.147,2.099,2.108,349089.6
1760011200000,2.108,2.12,2.071,2.097,388378.63
1760025600000,2.097,2.254,2.092,2.19,1557058.55
1760040000000,2.19,2.221,2.174,2.208,533645.05
1760054400000,2.208,2.255,2.189,2.227,601630.26
1760068800000,2.227,2.246,2.196,2.199,553124.66
1760083200000,2.199,2.218,2.181,2.213,474817.26
1760097600000,2.213,2.224,2.073,2.101,1014840.38
1760112000000,2.101,2.115,2.006,2.03,776978.38
1760126400000,2.03,2.042,0.808,1.523,5650139.99
1760140800000,1.523,1.645,1.474,1.574,2044853.82
1760155200000,1.574,1.624,1.572,1.593,937849.9
1760169600000,1.593,1.699,1.585,1.637,804780.21
1760184000000,1.637,1.646,1.575,1.611,769158.82
1760198400000,1.611,1.622,1.515,1.529,739539.82
1760212800000,1.529,1.533,1.47,1.524,659490.75
1760227200000,1.524,1.552,1.495,1.535,378394.45
1760241600000,1.535,1.578,1.531,1.575,198346.49
1760256000000,1.575,1.584,1.549,1.581,294237.92
1760270400000,1.581,1.669,1.553,1.665,834328.74
1760284800000,1.665,1.724,1.664,1.722,517363.44
1760299200000,1.722,1.734,1.682,1.7,323466.93
1760313600000,1.7,1.728,1.675,1.706,234467.03
1760328000000,1.706,1.75,1.695,1.727,253504.2
1760342400000,1.727,1.765,1.692,1.724,532883.22
1760356800000,1.724,1.78,1.711,1.761,643065.26
1760371200000,1.761,1.824,1.751,1.816,621740.58
1760385600000,1.816,1.832,1.807,1.813,257149.72
1760400000000,1.813,1.818,1.753,1.757,302557.57
1760414400000,1.757,1.763,1.633,1.661,1218412.19
1760428800000,1.661,1.69,1.629,1.676,814345.89
1760443200000,1.676,1.736,1.64,1.735,698541.63
1760457600000,1.735,1.762,1.708,1.735,660271.84
1760472000000,1.735,1.756,1.723,1.746,178420.33
1760486400000,1.746,1.763,1.723,1.735,194561.48
1760500800000,1.735,1.771,1.728,1.769,497306.57
1760515200000,1.769,1.795,1.722,1.732,396040.87
1760529600000,1.732,1.737,1.664,1.674,1266635.9
1760544000000,1.674,1.681,1.652,1.659,322688.9
1760558400000,1.659,1.673,1.631,1.655,434527.7
1760572800000,1.655,1.679,1.645,1.663,277160.75
1760587200000,1.663,1.696,1.656,1.675,374356.62
1760601600000,1.675,1.704,1.619,1.682,991561.98
1760616000000,1.682,1.696,1.591,1.601,845353.58
1760630400000,1.601,1.635,1.566,1.582,674434.45
1760644800000,1.582,1.589,1.555,1.587,341497.71
1760659200000,1.587,1.612,1.579,1.601,200763.24
1760673600000,1.601,1.602,1.482,1.488,670149.25
1760688000000,1.488,1.557,1.466,1.545,750004.16
1760702400000,1.545,1.554,1.508,1.553,510983.13
1760716800000,1.553,1.57,1.526,1.54,376059.44
1760731200000,1.54,1.566,1.537,1.546,225936.58
1760745600000,1.546,1.576,1.544,1.562,211670.89
1760760000000,1.562,1.586,1.547,1.56,202750.05
1760774400000,1.56,1.573,1.553,1.568,220881.67
1760788800000,1.568,1.573,1.537,1.555,382007.91
1760803200000,1.555,1.568,1.541,1.567,156882.87
1760817600000,1.567,1.575,1.558,1.568,96668.03
1760832000000,1.568,1.577,1.555,1.575,80145.43
1760846400000,1.575,1.575,1.548,1.559,114733.21
1760860800000,1.559,1.612,1.536,1.594,661893.5
1760875200000,1.594,1.614,1.58,1.598,461970.07
1760889600000,1.598,1.617,1.591,1.606,300355.32
1760904000000,1.606,1.608,1.585,1.587,178725.63
1760918400000,1.587,1.625,1.56,1.62,442087.78
1760932800000,1.62,1.636,1.611,1.631,335096.0
1760947200000,1.631,1.639,1.618,1.627,240009.45
1760961600000,1.627,1.636,1.614,1.614,233907.14
1760976000000,1.614,1.614,1.583,1.598,933404.35
1760990400000,1.598,1.61,1.589,1.592,155146.86
1761004800000,1.592,1.596,1.559,1.563,288245.86
1761019200000,1.563,1.564,1.528,1.556,317293.41
1761033600000,1.556,1.57,1.539,1.567,315374.11
1761048000000,1.567,1.663,1.561,1.659,763805.69
1761062400000,1.659,1.676,1.632,1.645,477129.87
1761076800000,1.645,1.648,1.567,1.569,474372.46
1761091200000,1.569,1.582,1.557,1.571,341545.24
1761105600000,1.571,1.585,1.541,1.558,480287.58
1761120000000,1.558,1.56,1.519,1.544,474082.05
1761134400000,1.544,1.568,1.53,1.551,784409.02
1761148800000,1.551,1.556,1.51,1.524,391427.74
1761163200000,1.524,1.527,1.466,1.513,443871.83
1761177600000,1.513,1.519,1.507,1.515,110639.58
1761192000000,1.515,1.544,1.513,1.541,168007.6
1761206400000,1.541,1.55,1.528,1.531,124585.75
1761220800000,1.531,1.559,1.518,1.547,149659.01
1761235200000,1.547,1.578,1.546,1.56,132128.49
1761249600000,1.56,1.568,1.536,1.568,638680.69
1761264000000,1.568,1.58,1.559,1.563,208720.26
1761278400000,1.563,1.604,1.56,1.59,183910.53
1761292800000,1.59,1.61,1.576,1.593,165519.94
1761307200000,1.593,1.629,1.571,1.576,434637.51
1761321600000,1.576,1.603,1.565,1.597,200481.45
1761336000000,1.597,1.612,1.595,1.607,69849.71
1761350400000,1.607,1.609,1.593,1.594,79528.82
1761364800000,1.594,1.603,1.591,1.594,54016.06
1761379200000,1.594,1.601,1.585,1.59,105916.63
1761393600000,1.59,1.603,1.588,1.597,122911.9
1761408000000,1.597,1.608,1.592,1.607,68349.61
1761422400000,1.607,1.611,1.597,1.6,103038.27
1761436800000,1.6,1.606,1.581,1.585,161172.77
1761451200000,1.585,1.612,1.582,1.61,59120.59
1761465600000,1.61,1.63,1.605,1.628,274151.59
1761480000000,1.628,1.639,1.621,1.632,168163.37
1761494400000,1.632,1.635,1.619,1.622,76361.83
1761508800000,1.622,1.655,1.611,1.637,204609.72
1761523200000,1.637,1.648,1.633,1.637,126168.96
1761537600000,1.637,1.657,1.629,1.643,141907.64
1761552000000,1.643,1.644,1.587,1.599,871009.96
1761566400000,1.599,1.603,1.574,1.593,386278.55
1761580800000,1.593,1.629,1.593,1.605,198279.2
1761595200000,1.605,1.605,1.572,1.574,297884.3
1761609600000,1.574,1.588,1.568,1.58,375697.69
1761624000000,1.58,1.623,1.566,1.587,706760.97
1761638400000,1.587,1.601,1.579,1.586,351149.57
1761652800000,1.586,1.611,1.56,1.586,450327.71
1761667200000,1.586,1.598,1.546,1.553,213717.2
1761681600000,1.553,1.555,1.506,1.53,532752.71
1761696000000,1.53,1.547,1.526,1.539,166845.01
1761710400000,1.539,1.555,1.537,1.547,147101.57
1761724800000,1.547,1.572,1.54,1.57,133609.93
1761739200000,1.57,1.582,1.539,1.547,405451.32
1761753600000,1.547,1.579,1.507,1.566,733246.78
1761768000000,1.566,1.586,1.516,1.523,355080.1
1761782400000,1.523,1.536,1.51,1.516,285853.06
1761796800000,1.516,1.516,1.46,1.498,806064.59
1761811200000,1.498,1.498,1.459,1.46,399798.8
1761825600000,1.46,1.465,1.387,1.398,1089227.04
1761840000000,1.398,1.405,1.349,1.357,671471.4
1761854400000,1.357,1.406,1.349,1.405,408991.64
1761868800000,1.405,1.436,1.4,1.432,299291.65
1761883200000,1.432,1.459,1.432,1.443,365410.01
1761897600000,1.443,1.455,1.429,1.454,224568.41
1761912000000,1.454,1.463,1.441,1.447,245040.21
1761926400000,1.447,1.448,1.402,1.437,409254.94
1761940800000,1.437,1.44,1.411,1.417,303337.68
1761955200000,1.417,1.426,1.405,1.418,328249.97
1761969600000,1.418,1.42,1.399,1.419,297516.34
1761984000000,1.419,1.45,1.412,1.432,597520.47
1761998400000,1.432,1.443,1.408,1.425,448522.12
1762012800000,1.425,1.447,1.422,1.446,273941.03
1762027200000,1.446,1.46,1.438,1.451,146154.52
1762041600000,1.451,1.452,1.435,1.439,151069.38
1762056000000,1.439,1.481,1.438,1.478,231285.38
1762070400000,1.478,1.488,1.446,1.488,301230.29
1762084800000,1.488,1.489,1.418,1.43,566133.22
1762099200000,1.43,1.441,1.414,1.423,294034.71
1762113600000,1.423,1.472,1.42,1.468,269362.79
1762128000000,1.468,1.469,1.356,1.36,633823.18
1762142400000,1.36,1.364,1.32,1.345,804019.54
1762156800000,1.345,1.362,1.312,1.328,568648.0
1762171200000,1.328,1.354,1.219,1.239,1314291.91
1762185600000,1.239,1.297,1.228,1.25,778615.44
1762200000000,1.25,1.256,1.227,1.254,446214.73
1762214400000,1.254,1.282,1.244,1.281,398068.5
1762228800000,1.281,1.286,1.206,1.215,1339270.02
1762243200000,1.215,1.243,1.207,1.23,953334.05
1762257600000,1.23,1.259,1.205,1.233,874523.33
1762272000000,1.233,1.243,1.151,1.169,1490290.22
1762286400000,1.169,1.207,1.109,1.185,1874103.75
1762300800000,1.185,1.217,1.123,1.209,803312.2
1762315200000,1.209,1.224,1.199,1.217,395561.96
1762329600000,1.217,1.225,1.194,1.223,293740.07
1762344000000,1.223,1.241,1.218,1.236,346831.72
1762358400000,1.236,1.241,1.222,1.226,401836.32
1762372800000,1.226,1.23,1.207,1.22,371775.65
1762387200000,1.22,1.222,1.19,1.2,974778.27
1762401600000,1.2,1.206,1.168,1.173,854822.95
1762416000000,1.173,1.183,1.164,1.177,394941.47
1762430400000,1.177,1.198,1.146,1.155,472893.75
1762444800000,1.155,1.227,1.136,1.227,683825.68
1762459200000,1.227,1.242,1.212,1.233,672977.0
1762473600000,1.233,1.294,1.232,1.29,1062172.45
1762488000000,1.29,1.347,1.272,1.346,1141639.65
1762502400000,1.346,1.351,1.282,1.3,1258783.69
1762516800000,1.3,1.345,1.256,1.34,1331040.0
1762531200000,1.34,1.516,1.335,1.49,3260707.85
1762545600000,1.49,1.53,1.474,1.505,1309069.35
1762560000000,1.505,1.56,1.475,1.475,1306697.54
1762574400000,1.475,1.505,1.42,1.436,891353.4
1762588800000,1.436,1.46,1.414,1.443,931509.95
1762603200000,1.443,1.458,1.397,1.45,1718432.54
1762617600000,1.45,1.453,1.407,1.436,1763281.92
1762632000000,1.436,1.518,1.431,1.48,2087228.66
1762646400000,1.48,1.482,1.365,1.373,1263794.47
1762660800000,1.373,1.404,1.37,1.4,517634.89
1762675200000,1.4,1.407,1.36,1.403,380947.85
1762689600000,1.403,1.448,1.398,1.442,489795.04
1762704000000,1.442,1.465,1.431,1.465,334864.04
1762718400000,1.465,1.469,1.429,1.441,262018.7
1762732800000,1.441,1.465,1.428,1.457,272973.44
1762747200000,1.457,1.472,1.44,1.453,360463.03
1762761600000,1.453,1.469,1.429,1.459,330115.2
1762776000000,1.459,1.462,1.412,1.434,517816.42
1762790400000,1.434,1.464,1.408,1.45,311193.5
1762804800000,1.45,1.49,1.44,1.472,412644.92
1762819200000,1.472,1.495,1.442,1.47,472627.77
1762833600000,1.47,1.474,1.395,1.397,543144.57
1762848000000,1.397,1.427,1.394,1.419,427813.69
1762862400000,1.419,1.426,1.398,1.41,437573.98
1762876800000,1.41,1.432,1.367,1.37,508877.55
1762891200000,1.37,1.379,1.349,1.355,345879.53
1762905600000,1.355,1.389,1.347,1.379,286305.35
1762920000000,1.379,1.401,1.371,1.374,145278.6
1762934400000,1.374,1.421,1.374,1.411,175289.26
1762948800000,1.411,1.428,1.359,1.365,283500.07
1762963200000,1.365,1.367,1.292,1.31,310771.29
1762977600000,1.31,1.337,1.306,1.319,121296.52
1762992000000,1.319,1.349,1.309,1.337,180005.63
1763006400000,1.337,1.353,1.326,1.336,183195.23
1763020800000,1.336,1.365,1.334,1.353,122595.22
1763035200000,1.353,1.39,1.336,1.345,473745.32
1763049600000,1.345,1.347,1.236,1.244,392613.37
1763064000000,1.244,1.291,1.229,1.278,156863.99
1763078400000,1.278,1.295,1.256,1.262,112663.09
1763092800000,1.262,1.284,1.211,1.272,232794.48
1763107200000,1.272,1.278,1.247,1.256,100581.57
1763121600000,1.256,1.291,1.229,1.277,248497.97
1763136000000,1.277,1.294,1.266,1.286,149974.98
1763150400000,1.286,1.288,1.222,1.252,150642.84
1763164800000,1.252,1.292,1.252,1.286,78793.63
1763179200000,1.286,1.303,1.28,1.28,99985.48
1763193600000,1.28,1.282,1.242,1.261,277115.87
1763208000000,1.261,1.285,1.259,1.277,85577.01
1763222400000,1.277,1.297,1.267,1.291,130682.92
1763236800000,1.291,1.296,1.273,1.281,97319.65
1763251200000,1.281,1.308,1.258,1.294,135245.28
1763265600000,1.294,1.296,1.277,1.296,94730.32
1763280000000,1.296,1.304,1.266,1.268,111876.3
1763294400000,1.268,1.278,1.227,1.229,134227.54
1763308800000,1.229,1.242,1.194,1.215,299143.55
1763323200000,1.215,1.247,1.2,1.236,118907.23
1763337600000,1.236,1.263,1.221,1.262,101469.18
1763352000000,1.262,1.266,1.247,1.263,90574.02
1763366400000,1.263,1.294,1.26,1.285,153547.15
1763380800000,1.285,1.291,1.233,1.239,284884.41
1763395200000,1.239,1.259,1.185,1.193,273576.44
1763409600000,1.193,1.216,1.176,1.214,221311.81
1763424000000,1.214,1.239,1.191,1.232,187611.17
1763438400000,1.232,1.254,1.212,1.241,253154.16
1763452800000,1.241,1.293,1.239,1.255,1014024.61
1763467200000,1.255,1.275,1.235,1.265,248396.89
1763481600000,1.265,1.298,1.262,1.29,310464.68
1763496000000,1.29,1.336,1.288,1.306,560362.22
1763510400000,1.306,1.353,1.29,1.311,553097.46
1763524800000,1.311,1.321,1.263,1.288,272805.65
1763539200000,1.288,1.291,1.255,1.255,247728.44
1763553600000,1.255,1.275,1.226,1.227,166261.25
1763568000000,1.227,1.234,1.175,1.184,291037.76
1763582400000,1.184,1.235,1.182,1.23,213481.17
1763596800000,1.23,1.242,1.22,1.233,96207.54
1763611200000,1.233,1.269,1.232,1.267,154843.95
1763625600000,1.267,1.33,1.264,1.327,402667.51
1763640000000,1.327,1.383,1.306,1.307,1308783.4
1763654400000,1.307,1.311,1.18,1.199,634556.89
1763668800000,1.199,1.229,1.184,1.204,404080.49
1763683200000,1.204,1.242,1.184,1.231,1154567.21
1763697600000,1.231,1.234,1.085,1.13,512425.0
1763712000000,1.13,1.144,1.103,1.108,494195.62
1763726400000,1.108,1.141,1.085,1.117,407555.93
1763740800000,1.117,1.155,1.101,1.133,378227.69
1763755200000,1.133,1.133,1.079,1.116,236396.58
1763769600000,1.116,1.118,1.093,1.097,144537.99
1763784000000,1.097,1.107,1.073,1.1,162471.06
1763798400000,1.1,1.1,1.065,1.086,301403.98
1763812800000,1.086,1.099,1.066,1.085,208332.5
1763827200000,1.085,1.103,1.083,1.089,107601.52
1763841600000,1.089,1.115,1.08,1.102,97044.07
1763856000000,1.102,1.117,1.092,1.112,92484.33
1763870400000,1.112,1.12,1.099,1.114,76072.52
1763884800000,1.114,1.119,1.102,1.114,227113.13
1763899200000,1.114,1.126,1.104,1.114,280851.11
1763913600000,1.114,1.116,1.096,1.106,81255.66
1763928000000,1.106,1.112,1.094,1.097,74287.32
1763942400000,1.097,1.12,1.086,1.112,136174.58
1763956800000,1.112,1.12,1.094,1.1,164732.98
1763971200000,1.1,1.101,1.078,1.095,116705.4
1763985600000,1.095,1.111,1.08,1.107,162082.91
1764000000000,1.107,1.166,1.107,1.155,276349.44
1764014400000,1.155,1.166,1.141,1.147,199834.03
1764028800000,1.147,1.151,1.128,1.135,87949.18
1764043200000,1.135,1.141,1.125,1.125,68008.46
1764057600000,1.125,1.133,1.111,1.114,315135.68
1764072000000,1.114,1.127,1.089,1.112,176941.84
1764086400000,1.112,1.136,1.11,1.132,103732.12
1764100800000,1.132,1.162,1.121,1.152,184606.32
1764115200000,1.152,1.155,1.134,1.136,91411.84
1764129600000,1.136,1.138,1.129,1.135,49190.38
1764144000000,1.135,1.136,1.11,1.112,157219.3
1764158400000,1.112,1.118,1.098,1.108,423522.75
1764172800000,1.108,1.172,1.107,1.165,281778.42
1764187200000,1.165,1.169,1.154,1.157,109058.14
1764201600000,1.157,1.163,1.147,1.15,92298.59
1764216000000,1.15,1.16,1.145,1.156,94986.14
1764230400000,1.156,1.175,1.149,1.17,161270.05
1764244800000,1.17,1.171,1.154,1.162,117725.95
1764259200000,1.162,1.182,1.162,1.178,178319.12
1764273600000,1.178,1.179,1.152,1.162,68333.57
1764288000000,1.162,1.162,1.136,1.146,139689.4
1764302400000,1.146,1.15,1.134,1.139,1237476.01
1764316800000,1.139,1.169,1.139,1.156,142470.86
1764331200000,1.156,1.172,1.146,1.163,167425.42
1764345600000,1.163,1.164,1.123,1.137,114944.98
1764360000000,1.137,1.142,1.126,1.136,79026.02
1764374400000,1.136,1.148,1.13,1.138,80118.89
1764388800000,1.138,1.145,1.129,1.137,126585.52
1764403200000,1.137,1.137,1.118,1.131,74855.8
1764417600000,1.131,1.133,1.118,1.124,61048.85
1764432000000,1.124,1.124,1.102,1.109,124349.46
1764446400000,1.109,1.112,1.103,1.107,43268.85
1764460800000,1.107,1.113,1.094,1.111,81500.76
1764475200000,1.111,1.113,1.097,1.106,40290.12
1764489600000,1.106,1.114,1.094,1.097,99717.75
1764504000000,1.097,1.12,1.09,1.103,138738.14
1764518400000,1.103,1.114,1.102,1.108,34992.18
1764532800000,1.108,1.113,1.083,1.086,86048.19
1764547200000,1.086,1.088,0.989,0.989,556842.27
1764561600000,0.989,1.009,0.986,0.999,499918.67
1764576000000,0.999,1.009,0.997,1.005,296170.57
1764590400000,1.005,1.019,0.985,0.999,241751.99
1764604800000,0.999,1.004,0.984,0.995,126755.7
1764619200000,0.995,1.018,0.995,1.014,101027.49
1764633600000,1.014,1.021,0.998,1.008,105228.8
1764648000000,1.008,1.013,1.004,1.008,110898.82
1764662400000,1.008,1.018,0.996,1.016,174363.25
1764676800000,1.016,1.108,1.016,1.104,388505.72
1764691200000,1.104,1.117,1.098,1.098,256258.55
1764705600000,1.098,1.106,1.082,1.091,107717.59
1764720000000,1.091,1.109,1.089,1.104,137704.29
1764734400000,1.104,1.123,1.102,1.122,174840.63
1764748800000,1.122,1.125,1.106,1.114,180749.15
1764763200000,1.114,1.122,1.091,1.111,517541.36
1764777600000,1.111,1.145,1.109,1.137,354274.66
1764792000000,1.137,1.158,1.136,1.145,252652.27
1764806400000,1.145,1.154,1.129,1.132,90615.97
1764820800000,1.132,1.133,1.114,1.12,190882.37
1764835200000,1.12,1.132,1.112,1.116,340092.07
1764849600000,1.116,1.124,1.099,1.12,216513.17
1764864000000,1.12,1.12,1.064,1.088,203080.4
1764878400000,1.088,1.094,1.077,1.08,65161.19
1764892800000,1.08,1.092,1.078,1.082,74520.14
1764907200000,1.082,1.091,1.073,1.086,65345.77
1764921600000,1.086,1.087,1.053,1.058,177457.64
1764936000000,1.058,1.069,1.042,1.052,287326.25
1764950400000,1.052,1.052,1.005,1.022,370205.65
1764964800000,1.022,1.036,1.016,1.029,97663.56
1764979200000,1.029,1.035,1.019,1.034,68838.24
1764993600000,1.034,1.036,1.024,1.03,45525.38
1765008000000,1.03,1.048,1.025,1.047,203890.82
1765022400000,1.047,1.082,1.044,1.078,342196.22
1765036800000,1.078,1.093,1.059,1.062,689174.69
1765051200000,1.062,1.076,1.059,1.069,278455.85
1765065600000,1.069,1.084,1.065,1.071,101455.15
1765080000000,1.071,1.08,1.061,1.064,72041.47
1765094400000,1.064,1.064,1.041,1.044,168997.93
1765108800000,1.044,1.05,1.007,1.043,314225.45
1765123200000,1.043,1.058,1.021,1.054,182019.31
1765137600000,1.054,1.056,1.003,1.019,203070.8
1765152000000,1.019,1.041,1.014,1.039,156403.72
1765166400000,1.039,1.056,1.038,1.056,89016.83
1765180800000,1.056,1.067,1.05,1.059,111636.25
1765195200000,1.059,1.068,1.041,1.046,191998.5
1765209600000,1.046,1.063,1.03,1.035,212475.75
1765224000000,1.035,1.049,1.031,1.044,117881.63
1765238400000,1.044,1.046,1.023,1.034,126902.43
1765252800000,1.034,1.035,1.019,1.033,124102.71
1765267200000,1.033,1.034,1.022,1.034,104991.9
1765281600000,1.034,1.08,1.031,1.078,1302894.91
1765296000000,1.078,1.136,1.078,1.121,426402.35
1765310400000,1.121,1.131,1.1,1.121,211713.7
1765324800000,1.121,1.128,1.096,1.103,180220.5
1765339200000,1.103,1.108,1.09,1.1,236140.14
1765353600000,1.1,1.103,1.073,1.077,126963.23
1765368000000,1.077,1.087,1.069,1.082,109038.63
1765382400000,1.082,1.119,1.081,1.114,200026.3
1765396800000,1.114,1.134,1.077,1.088,319743.57
1765411200000,1.088,1.088,1.017,1.021,372467.08
1765425600000,1.021,1.037,1.014,1.024,177489.25
1765440000000,1.024,1.031,1.017,1.025,172981.5
1765454400000,1.025,1.036,1.017,1.024,195597.41
1765468800000,1.024,1.045,1.016,1.035,277217.22
1765483200000,1.035,1.066,1.034,1.051,214059.7
1765497600000,1.051,1.057,1.034,1.048,107264.78
1765512000000,1.048,1.053,1.036,1.043,67597.21
1765526400000,1.043,1.053,1.033,1.044,103539.77
1765540800000,1.044,1.05,0.99,0.997,214880.47
1765555200000,0.997,1.005,0.979,0.995,364852.35
1765569600000,0.995,1.015,0.994,1.012,156353.11
1765584000000,1.012,1.017,1.004,1.011,101949.76
1765598400000,1.011,1.02,1.004,1.015,108184.39
1765612800000,1.015,1.022,1.012,1.015,83052.21
1765627200000,1.015,1.02,1.007,1.013,107411.45
1765641600000,1.013,1.018,1.007,1.011,71794.49
1765656000000,1.011,1.014,0.994,1.008,113868.23
1765670400000,1.008,1.016,1.006,1.011,63627.51
1765684800000,1.011,1.012,0.992,0.997,100069.61
1765699200000,0.997,1.001,0.976,0.986,184152.33
1765713600000,0.986,0.99,0.971,0.975,183804.45
1765728000000,0.975,0.984,0.963,0.965,189449.59
1765742400000,0.965,0.971,0.95,0.962,173622.24
1765756800000,0.962,0.993,0.959,0.979,100591.74
1765771200000,0.979,0.994,0.978,0.981,78407.01
1765785600000,0.981,0.99,0.98,0.982,72474.1
1765800000000,0.982,0.987,0.927,0.936,295083.82
1765814400000,0.936,0.938,0.898,0.912,287531.14
1765828800000,0.912,0.928,0.903,0.925,134956.95
1765843200000,0.925,0.926,0.905,0.909,187348.57
1765857600000,0.909,0.912,0.89,0.902,163595.42
1765872000000,0.902,0.933,0.901,0.931,110349.18
1765886400000,0.931,0.935,0.908,0.93,269313.86
1765900800000,0.93,0.933,0.916,0.924,110637.43
1765915200000,0.924,0.929,0.919,0.924,72508.11
1765929600000,0.924,0.924,0.904,0.904,142599.4
1765944000000,0.904,0.907,0.893,0.899,136452.81
1765958400000,0.899,0.9,0.879,0.894,215825.93
1765972800000,0.894,0.942,0.892,0.905,505421.24
1765987200000,0.905,0.912,0.858,0.873,594255.25
1766001600000,0.873,0.879,0.859,0.87,116503.62
1766016000000,0.87,0.871,0.836,0.84,660221.59
1766030400000,0.84,0.844,0.824,0.836,189703.99
1766044800000,0.836,0.846,0.833,0.84,155546.57
1766059200000,0.84,0.88,0.839,0.864,357414.12
1766073600000,0.864,0.872,0.792,0.794,632276.41
1766088000000,0.794,0.82,0.793,0.808,234304.49
1766102400000,0.808,0.828,0.789,0.818,300429.99
1766116800000,0.818,0.84,0.817,0.829,167532.99
1766131200000,0.829,0.84,0.828,0.837,153268.8
1766145600000,0.837,0.874,0.835,0.861,295415.35
1766160000000,0.861,0.886,0.85,0.882,252871.85
1766174400000,0.882,0.887,0.869,0.876,130101.68
1766188800000,0.876,0.877,0.867,0.875,80192.29
1766203200000,0.875,0.881,0.87,0.88,86333.11
1766217600000,0.88,0.885,0.87,0.88,62639.24
1766232000000,0.88,0.881,0.869,0.875,117553.17
1766246400000,0.875,0.879,0.87,0.872,93921.18
1766260800000,0.872,0.883,0.871,0.876,148129.19
1766275200000,0.876,0.879,0.853,0.862,117724.8
1766289600000,0.862,0.867,0.857,0.865,93550.33
1766304000000,0.865,0.871,0.856,0.857,102615.44
1766318400000,0.857,0.867,0.829,0.84,194011.0
1766332800000,0.84,0.852,0.836,0.846,98160.74
1766347200000,0.846,0.861,0.833,0.853,135843.26
1766361600000,0.853,0.875,0.836,0.85,185329.14
1766376000000,0.85,0.859,0.847,0.858,84773.05
1766390400000,0.858,0.866,0.852,0.857,121141.58
1766404800000,0.857,0.867,0.85,0.86,219430.75
1766419200000,0.86,0.869,0.843,0.847,270892.29
1766433600000,0.847,0.849,0.834,0.847,160272.72
1766448000000,0.847,0.858,0.836,0.838,164915.7
1766462400000,0.838,0.838,0.824,0.83,157636.2
1766476800000,0.83,0.836,0.824,0.828,111231.85
1766491200000,0.828,0.829,0.812,0.824,800217.66
1766505600000,0.824,0.856,0.822,0.856,431879.76
1766520000000,0.856,0.877,0.852,0.858,404608.3
1766534400000,0.858,0.86,0.831,0.839,192846.7
1766548800000,0.839,0.843,0.825,0.832,179712.75
1766563200000,0.832,0.837,0.823,0.833,221341.35
1766577600000,0.833,0.84,0.823,0.832,293924.34
1766592000000,0.832,0.835,0.823,0.829,273240.74
1766606400000,0.829,0.845,0.829,0.841,132900.84
1766620800000,0.841,0.849,0.833,0.845,164066.38
1766635200000,0.845,0.851,0.84,0.85,111876.38
1766649600000,0.85,0.856,0.839,0.841,163646.66
1766664000000,0.841,0.855,0.833,0.854,130394.95
1766678400000,0.854,0.861,0.85,0.859,121811.31
1766692800000,0.859,0.862,0.821,0.826,203167.79
1766707200000,0.826,0.861,0.82,0.854,295724.8
1766721600000,0.854,0.858,0.845,0.845,102092.5
1766736000000,0.845,0.851,0.843,0.845,91375.34
1766750400000,0.845,0.847,0.822,0.831,194619.6
1766764800000,0.831,0.837,0.821,0.835,118714.92
1766779200000,0.835,0.838,0.829,0.83,62522.17
1766793600000,0.83,0.848,0.83,0.847,112729.08
1766808000000,0.847,0.849,0.838,0.844,93880.38
1766822400000,0.844,0.857,0.831,0.854,220784.54
1766836800000,0.854,0.858,0.841,0.853,150538.74
1766851200000,0.853,0.858,0.849,0.853,121060.49
1766865600000,0.853,0.875,0.849,0.873,161201.8
1766880000000,0.873,0.884,0.867,0.879,141744.72
1766894400000,0.879,0.901,0.879,0.892,162337.62
1766908800000,0.892,0.917,0.884,0.889,516661.42
1766923200000,0.889,0.89,0.871,0.876,207653.23
1766937600000,0.876,0.879,0.85,0.852,175306.3
1766952000000,0.852,0.858,0.846,0.857,119074.86
1766966400000,0.857,0.877,0.852,0.876,178118.49
1766980800000,0.876,0.879,0.863,0.871,145305.3
1766995200000,0.871,0.875,0.852,0.858,226662.34
1767009600000,0.858,0.858,0.835,0.85,271361.12
1767024000000,0.85,0.851,0.833,0.836,173345.75
1767038400000,0.836,0.836,0.82,0.83,216849.11
1767052800000,0.83,0.834,0.819,0.829,226418.8
1767067200000,0.829,0.845,0.825,0.839,115237.5
1767081600000,0.839,0.848,0.832,0.836,201400.55
1767096000000,0.836,0.841,0.824,0.838,132509.94
1767110400000,0.838,0.841,0.82,0.83,92862.2
1767124800000,0.83,0.832,0.822,0.83,77514.39
1767139200000,0.83,0.833,0.822,0.827,78748.8
1767153600000,0.827,0.828,0.815,0.821,409839.74
1767168000000,0.821,0.83,0.813,0.83,186589.93
1767182400000,0.83,0.83,0.815,0.817,102185.9
1767196800000,0.817,0.818,0.787,0.802,329998.01
1767211200000,0.802,0.81,0.796,0.804,141299.45
1767225600000,0.804,0.811,0.796,0.798,64153.5
1767240000000,0.798,0.809,0.792,0.806,80709.23
1767254400000,0.806,0.816,0.801,0.816,124738.29
1767268800000,0.816,0.839,0.808,0.835,214233.64
1767283200000,0.835,0.859,0.83,0.858,131324.62
1767297600000,0.858,0.876,0.853,0.87,207180.21
1767312000000,0.87,0.896,0.865,0.896,367556.93
1767326400000,0.896,0.902,0.882,0.883,229468.44
1767340800000,0.883,0.903,0.881,0.894,175190.68
1767355200000,0.894,0.926,0.885,0.898,317043.18
1767369600000,0.898,0.924,0.895,0.908,290570.6
1767384000000,0.908,0.922,0.905,0.917,195871.88
1767398400000,0.917,0.93,0.909,0.927,149153.59
1767412800000,0.927,0.932,0.89,0.897,247175.48
1767427200000,0.897,0.906,0.89,0.895,132397.68
1767441600000,0.895,0.905,0.893,0.896,124279.63
1767456000000,0.896,0.916,0.895,0.912,179674.89
1767470400000,0.912,0.918,0.903,0.915,132096.83
1767484800000,0.915,0.932,0.914,0.928,213555.06
1767499200000,0.928,0.942,0.921,0.926,132785.69
1767513600000,0.926,0.943,0.919,0.94,131962.41
1767528000000,0.94,0.963,0.939,0.959,260712.31
1767542400000,0.959,0.983,0.948,0.959,289127.53
1767556800000,0.959,0.974,0.957,0.965,94985.05
1767571200000,0.965,0.99,0.958,0.971,196864.52
1767585600000,0.971,0.973,0.942,0.958,219458.75
1767600000000,0.958,0.96,0.935,0.946,138344.25
1767614400000,0.946,0.974,0.939,0.971,192078.12
1767628800000,0.971,0.993,0.957,0.981,319338.53
1767643200000,0.981,0.993,0.975,0.985,198180.43
1767657600000,0.985,0.994,0.968,0.99,214892.71
1767672000000,0.99,0.999,0.972,0.976,295554.86
1767686400000,0.976,0.991,0.971,0.991,113485.55
1767700800000,0.991,1.018,0.987,0.993,1023649.31
1767715200000,0.993,0.996,0.945,0.96,328379.69
1767729600000,0.96,1.004,0.96,0.999,125741.0
1767744000000,0.999,0.999,0.963,0.973,104909.23
1767758400000,0.973,0.987,0.964,0.987,89095.1
1767772800000,0.987,0.996,0.967,0.977,139079.86
1767787200000,0.977,0.977,0.938,0.942,768528.73
1767801600000,0.942,0.956,0.939,0.948,195062.49
1767816000000,0.948,0.957,0.938,0.953,173373.28
1767830400000,0.953,0.962,0.939,0.941,705034.38
1767844800000,0.941,0.965,0.923,0.941,225330.77
1767859200000,0.941,0.947,0.917,0.933,198246.76
1767873600000,0.933,0.947,0.91,0.947,190993.78
1767888000000,0.947,0.956,0.934,0.942,106828.35
1767902400000,0.942,0.962,0.934,0.952,116858.76
1767916800000,0.952,0.962,0.938,0.961,162196.47
1767931200000,0.961,0.964,0.952,0.956,51734.93
1767945600000,0.956,0.957,0.936,0.949,73048.58
1767960000000,0.949,0.971,0.937,0.959,191616.57
1767974400000,0.959,0.979,0.938,0.94,105831.76
1767988800000,0.94,0.955,0.938,0.947,47172.83
1768003200000,0.947,0.954,0.938,0.951,39706.84
1768017600000,0.951,0.957,0.934,0.955,67743.17
1768032000000,0.955,0.968,0.954,0.967,77997.75
1768046400000,0.967,0.978,0.964,0.967,73212.35
1768060800000,0.967,0.977,0.954,0.977,73627.76
1768075200000,0.977,0.979,0.949,0.956,58696.28
1768089600000,0.956,0.961,0.953,0.956,50145.53
1768104000000,0.956,0.96,0.949,0.959,47277.31
1768118400000,0.959,0.966,0.955,0.959,66211.14
1768132800000,0.959,0.97,0.955,0.956,236958.48
1768147200000,0.956,0.975,0.956,0.966,125421.14
1768161600000,0.966,0.969,0.945,0.957,207003.74
1768176000000,0.957,0.988,0.941,0.969,190248.87
1768190400000,0.969,0.984,0.951,0.953,176328.29
1768204800000,0.953,0.958,0.921,0.927,195746.9
1768219200000,0.927,0.932,0.905,0.93,244043.7
1768233600000,0.93,0.943,0.916,0.924,153904.68
1768248000000,0.924,0.929,0.901,0.907,115438.16
1768262400000,0.907,0.918,0.904,0.917,81742.75
1768276800000,0.917,0.944,0.917,0.937,105445.45
1768291200000,0.937,0.972,0.937,0.97,350025.96
1768305600000,0.97,1.13,0.964,1.039,5585718.36
1768320000000,1.039,1.055,1.028,1.033,832215.4
1768334400000,1.033,1.059,1.025,1.055,480277.26
1768348800000,1.055,1.241,1.051,1.168,3936266.29
1768363200000,1.168,1.361,1.161,1.271,3980876.45
1768377600000,1.271,1.38,1.243,1.354,4275071.53
1768392000000,1.354,1.356,1.237,1.301,3033724.24
1768406400000,1.301,1.311,1.202,1.217,1309548.46
1768420800000,1.217,1.245,1.209,1.225,844680.13
1768435200000,1.225,1.232,1.101,1.104,1062383.13
1768449600000,1.104,1.143,1.104,1.13,793508.42
1768464000000,1.13,1.135,1.11,1.116,721169.67
1768478400000,1.116,1.121,1.078,1.095,738341.01
1768492800000,1.095,1.1,1.066,1.077,647292.53
1768507200000,1.077,1.09,1.055,1.086,480503.69
1768521600000,1.086,1.157,1.067,1.127,1122796.7
1768536000000,1.127,1.275,1.114,1.212,1937921.13
1768550400000,1.212,1.302,1.178,1.255,2123791.31
1768564800000,1.255,1.278,1.218,1.23,1783121.33
1768579200000,1.23,1.278,1.212,1.274,1222587.41
1768593600000,1.274,1.334,1.249,1.324,1453804.09
1768608000000,1.324,1.441,1.293,1.388,2609477.14
1768622400000,1.388,1.587,1.371,1.555,3064339.89
1768636800000,1.555,1.73,1.525,1.669,4245170.54
1768651200000,1.669,2.244,1.665,2.113,12125465.2
1768665600000,2.113,2.178,1.869,1.883,5230747.59
1768680000000,1.883,1.994,1.789,1.976,4267220.51
1768694400000,1.976,2.203,1.871,2.073,6777146.97
1768708800000,2.073,2.15,1.995,2.077,2970728.24
1768723200000,2.077,2.103,1.85,1.986,3281987.28
1768737600000,1.986,1.991,1.828,1.866,2208177.13
1768752000000,1.866,1.872,1.794,1.828,1507945.7
1768766400000,1.828,2.072,1.809,1.883,2680687.07
1768780800000,1.883,1.994,1.722,1.928,2879140.12
1768795200000,1.928,1.944,1.754,1.769,1772511.39
1768809600000,1.769,1.866,1.729,1.738,1416391.05
1768824000000,1.738,1.772,1.676,1.681,1506095.13
1768838400000,1.681,1.702,1.658,1.685,833799.24
1768852800000,1.685,1.738,1.64,1.652,1310685.29
1768867200000,1.652,2.011,1.65,1.976,3376960.74
1768881600000,1.976,2.138,1.925,1.943,4224018.95
1768896000000,1.943,2.069,1.941,1.986,3030436.13
1768910400000,1.986,2.398,1.983,2.001,6229417.06
1768924800000,2.001,2.139,1.897,2.024,4610687.51
1768939200000,2.024,2.129,1.984,2.102,2644719.27
1768953600000,2.102,2.493,2.04,2.407,4820494.4
1768968000000,2.407,2.458,2.254,2.344,2813641.06
1768982400000,2.344,2.543,2.328,2.378,4125218.02
1768996800000,2.378,2.43,2.271,2.273,2262589.03
1769011200000,2.273,2.396,2.146,2.359,3232119.66
1769025600000,2.359,2.392,2.269,2.369,1466691.37
1769040000000,2.369,2.687,2.358,2.569,3391968.45
1769054400000,2.569,2.739,2.492,2.517,2573866.88
1769068800000,2.517,2.586,2.396,2.548,2561904.47
1769083200000,2.548,2.548,2.397,2.422,1362956.41
1769097600000,2.422,2.536,2.422,2.509,986939.14
1769112000000,2.509,2.704,2.468,2.677,2176112.28
1769126400000,2.677,2.942,2.635,2.822,2689558.64
1769140800000,2.822,2.878,2.498,2.682,2589651.14
1769155200000,2.682,2.769,2.597,2.759,1344686.57
1769169600000,2.759,2.978,2.706,2.862,2667856.78
1769184000000,2.862,2.934,2.799,2.852,1294570.04
1769198400000,2.852,2.978,2.844,2.936,1281719.15
1769212800000,2.936,2.995,2.696,2.718,2086281.59
1769227200000,2.718,2.95,2.692,2.803,2177949.43
1769241600000,2.803,2.84,2.726,2.733,962397.4
1769256000000,2.733,2.783,2.649,2.671,1060183.17
1769270400000,2.671,2.683,2.527,2.537,925978.82
1769284800000,2.537,2.792,2.527,2.635,1432424.1
1769299200000,2.635,2.643,2.362,2.389,2492395.95
1769313600000,2.389,2.401,2.293,2.338,1824565.22
1769328000000,2.338,2.35,2.225,2.232,1286223.46
1769342400000,2.232,2.308,2.045,2.123,2153712.44
1769356800000,2.123,2.144,2.048,2.053,1402454.06
1769371200000,2.053,2.111,1.988,2.051,1651731.76
1769385600000,2.051,2.051,1.892,1.899,2079073.6
1769400000000,1.899,2.416,1.885,2.259,4311111.97
1769414400000,2.259,2.56,2.233,2.503,5121434.04
1769428800000,2.503,2.51,2.327,2.409,3080903.41
1769443200000,2.409,2.412,2.266,2.36,1582253.52
1769457600000,2.36,2.5,2.328,2.494,1969573.31
1769472000000,2.494,2.76,2.461,2.606,4245089.77
1769486400000,2.606,2.699,2.564,2.612,1546420.18
1769500800000,2.612,2.663,2.513,2.591,1646421.09
1769515200000,2.591,2.591,2.407,2.48,1541211.03
1769529600000,2.48,2.545,2.345,2.524,1487827.05
1769544000000,2.524,2.671,2.48,2.639,1389843.38
1769558400000,2.639,2.691,2.424,2.466,2157477.96
1769572800000,2.466,2.49,2.402,2.441,961898.77
1769587200000,2.441,2.542,2.367,2.387,1355925.8
1769601600000,2.387,2.389,2.263,2.318,1448566.25
1769616000000,2.318,2.386,2.28,2.383,607533.72
1769630400000,2.383,2.438,2.276,2.286,1344552.14
1769644800000,2.286,2.296,2.107,2.14,1306820.04
1769659200000,2.14,2.405,2.109,2.313,1978703.23
1769673600000,2.313,2.313,2.133,2.169,1320425.33
1769688000000,2.169,2.18,2.07,2.151,1278623.59
1769702400000,2.151,2.22,2.123,2.152,935138.27
1769716800000,2.152,2.334,2.148,2.28,1113540.77
1769731200000,2.28,2.29,2.099,2.158,1314233.05
1769745600000,2.158,2.164,2.103,2.123,461877.61
1769760000000,2.123,2.243,2.097,2.187,879853.8
1769774400000,2.187,2.193,2.117,2.142,586401.63
1769788800000,2.142,2.165,2.066,2.126,641912.73
1769803200000,2.126,2.126,2.068,2.082,496038.65
1769817600000,2.082,2.082,1.922,1.949,1213461.79
1769832000000,1.949,1.961,1.916,1.925,353261.5
1769846400000,1.925,1.944,1.894,1.912,510183.39
1769860800000,1.912,1.975,1.814,1.897,2179734.34
1769875200000,1.897,1.944,1.751,1.8,1668074.21
1769889600000,1.8,1.85,1.768,1.818,870388.19
1769904000000,1.818,1.912,1.711,1.724,1900896.19
1769918400000,1.724,1.751,1.647,1.707,1177396.11
1769932800000,1.707,1.766,1.687,1.74,1240866.06
1769947200000,1.74,1.864,1.723,1.767,2483841.63
1769961600000,1.767,1.81,1.729,1.752,876628.87
1769976000000,1.752,1.776,1.704,1.731,614258.1
1769990400000,1.731,1.763,1.646,1.731,1186399.29
1770004800000,1.731,1.797,1.658,1.682,1108841.8
1770019200000,1.682,1.701,1.649,1.68,762667.38
1770033600000,1.68,1.704,1.625,1.693,945555.58
1770048000000,1.693,1.768,1.684,1.725,1047445.27
1770062400000,1.725,1.75,1.689,1.692,350279.7
1770076800000,1.692,1.694,1.524,1.541,1703217.92
1770091200000,1.541,1.606,1.536,1.579,817947.9
1770105600000,1.579,1.594,1.524,1.543,853523.19
1770120000000,1.543,1.581,1.515,1.573,604464.29
1770134400000,1.573,1.686,1.502,1.618,1382417.64
1770148800000,1.618,1.708,1.597,1.615,1135926.83
1770163200000,1.615,1.633,1.536,1.574,792603.05
1770177600000,1.574,1.6,1.555,1.579,297491.22
1770192000000,1.579,1.6,1.557,1.572,480125.13
1770206400000,1.572,1.574,1.522,1.539,563177.9
1770220800000,1.539,1.592,1.521,1.575,562712.26
1770235200000,1.575,1.577,1.497,1.526,329502.06
1770249600000,1.526,1.528,1.472,1.497,526404.22
1770264000000,1.497,1.675,1.494,1.533,1666883.26
1770278400000,1.533,1.611,1.501,1.512,964031.93
1770292800000,1.512,1.522,1.395,1.406,1060682.88
1770307200000,1.406,1.427,1.336,1.344,735433.88
1770321600000,1.344,1.355,1.286,1.299,904212.87
1770336000000,1.299,1.345,1.166,1.301,1721364.55
1770350400000,1.301,1.364,1.288,1.31,450567.19
1770364800000,1.31,1.348,1.286,1.335,606910.03
1770379200000,1.335,1.402,1.321,1.372,625465.61
1770393600000,1.372,1.465,1.362,1.41,797272.09
1770408000000,1.41,1.429,1.373,1.375,381764.6
1770422400000,1.375,1.376,1.326,1.342,535056.0
1770436800000,1.342,1.356,1.277,1.29,502622.5
1770451200000,1.29,1.316,1.277,1.303,287922.38
1770465600000,1.303,1.413,1.299,1.378,736233.39
1770480000000,1.378,1.407,1.333,1.333,691314.46
1770494400000,1.333,1.341,1.311,1.328,192734.13
1770508800000,1.328,1.329,1.292,1.298,271983.46
1770523200000,1.298,1.311,1.288,1.295,197406.3
1770537600000,1.295,1.309,1.269,1.303,413091.64
1770552000000,1.303,1.305,1.27,1.272,347923.72
1770566400000,1.272,1.297,1.251,1.283,326625.12
1770580800000,1.283,1.299,1.256,1.265,238354.64
1770595200000,1.265,1.564,1.253,1.502,2968392.96
1770609600000,1.502,1.594,1.468,1.561,3022577.41
1770624000000,1.561,1.587,1.447,1.468,2624073.32
1770638400000,1.468,1.488,1.362,1.403,2050255.26
1770652800000,1.403,1.436,1.386,1.409,1310438.82
1770667200000,1.409,1.487,1.39,1.48,1412590.07
1770681600000,1.48,1.654,1.467,1.535,4917286.24
1770696000000,1.535,1.557,1.44,1.458,1582989.74
1770710400000,1.458,1.557,1.446,1.506,2020790.11
1770724800000,1.506,1.548,1.462,1.523,1683504.73
1770739200000,1.523,1.595,1.497,1.591,1373500.02
1770753600000,1.591,1.622,1.524,1.574,984043.6
1770768000000,1.574,1.631,1.514,1.524,1992942.66
1770782400000,1.524,1.54,1.455,1.489,727421.67
1770796800000,1.489,1.514,1.466,1.497,610153.95
1770811200000,1.497,1.515,1.454,1.485,680973.18
1770825600000,1.485,1.506,1.471,1.501,522760.52
1770840000000,1.501,1.582,1.487,1.548,784350.85
1770854400000,1.548,1.548,1.473,1.495,588125.25
1770868800000,1.495,1.495,1.448,1.476,458526.41
1770883200000,1.476,1.484,1.434,1.456,479080.47
1770897600000,1.456,1.456,1.405,1.409,643988.6
1770912000000,1.409,1.411,1.368,1.402,643374.58
1770926400000,1.402,1.427,1.392,1.417,296473.79
1770940800000,1.417,1.417,1.351,1.357,622837.25
1770955200000,1.357,1.357,1.325,1.334,412190.7
1770969600000,1.334,1.366,1.328,1.351,368149.67
1770984000000,1.351,1.406,1.344,1.39,568146.49
1770998400000,1.39,1.408,1.373,1.379,484466.65
1771012800000,1.379,1.413,1.376,1.409,254212.12
1771027200000,1.409,1.558,1.404,1.498,1877948.02
1771041600000,1.498,1.504,1.452,1.473,469968.96
1771056000000,1.473,1.481,1.453,1.471,420920.96
1771070400000,1.471,1.514,1.452,1.49,577692.86
1771084800000,1.49,1.508,1.467,1.5,354398.71
1771099200000,1.5,1.536,1.486,1.509,513122.29
1771113600000,1.509,1.515,1.436,1.457,556951.74
1771128000000,1.457,1.475,1.453,1.461,332714.97
1771142400000,1.461,1.461,1.422,1.427,469282.04
1771156800000,1.427,1.435,1.388,1.405,397105.6
1771171200000,1.405,1.405,1.377,1.386,278279.38
1771185600000,1.386,1.41,1.379,1.405,212964.3
1771200000000,1.405,1.405,1.362,1.364,264968.92
1771214400000,1.364,1.373,1.341,1.355,202505.08
1771228800000,1.355,1.37,1.348,1.355,216692.52
1771243200000,1.355,1.39,1.349,1.359,353763.38
1771257600000,1.359,1.368,1.35,1.361,144107.55
1771272000000,1.361,1.38,1.358,1.372,150173.52
1771286400000,1.372,1.413,1.37,1.394,579946.1
1771300800000,1.394,1.394,1.361,1.383,296921.17
1771315200000,1.383,1.398,1.364,1.374,231594.29
1771329600000,1.374,1.374,1.323,1.341,323353.86
1771344000000,1.341,1.362,1.331,1.355,209710.39
1771358400000,1.355,1.373,1.343,1.37,111796.63
1771372800000,1.37,1.37,1.338,1.355,165695.62
1771387200000,1.355,1.356,1.342,1.355,99746.54
1771401600000,1.355,1.357,1.325,1.33,115334.38
1771416000000,1.33,1.35,1.319,1.34,126723.0
1771430400000,1.34,1.344,1.3,1.312,207330.79
1771444800000,1.312,1.315,1.273,1.296,329579.9
1771459200000,1.296,1.296,1.25,1.254,254709.94
1771473600000,1.254,1.257,1.238,1.25,253632.36
1771488000000,1.25,1.25,1.206,1.213,330388.82
1771502400000,1.213,1.237,1.208,1.219,343832.52
1771516800000,1.219,1.253,1.205,1.249,331239.46
1771531200000,1.249,1.276,1.24,1.272,278360.81
1771545600000,1.272,1.385,1.254,1.347,2006559.47
1771560000000,1.347,1.347,1.305,1.314,534760.37
1771574400000,1.314,1.326,1.288,1.29,437512.09
1771588800000,1.29,1.297,1.255,1.291,542104.54
1771603200000,1.291,1.312,1.284,1.292,399105.94
1771617600000,1.292,1.349,1.283,1.344,362754.85
1771632000000,1.344,1.391,1.307,1.317,666898.01
1771646400000,1.317,1.338,1.3,1.331,216440.84
1771660800000,1.331,1.364,1.315,1.332,313718.39
1771675200000,1.332,1.356,1.321,1.344,284820.96
1771689600000,1.344,1.377,1.326,1.36,360742.83
1771704000000,1.36,1.426,1.336,1.339,1182818.25
1771718400000,1.339,1.371,1.327,1.337,493738.91
1771732800000,1.337,1.338,1.311,1.314,186946.08
1771747200000,1.314,1.32,1.296,1.305,257281.39
1771761600000,1.305,1.306,1.278,1.289,185554.92
1771776000000,1.289,1.297,1.283,1.292,95616.75
1771790400000,1.292,1.311,1.283,1.308,156812.72
1771804800000,1.308,1.308,1.209,1.222,620963.18
1771819200000,1.222,1.252,1.216,1.249,220764.1
1771833600000,1.249,1.263,1.235,1.247,200490.71
1771848000000,1.247,1.26,1.233,1.235,236464.28
1771862400000,1.235,1.244,1.211,1.212,245083.67
1771876800000,1.212,1.253,1.209,1.231,169879.31
1771891200000,1.231,1.253,1.207,1.23,276089.06
1771905600000,1.23,1.252,1.204,1.206,325425.17
1771920000000,1.206,1.215,1.188,1.206,339904.92
1771934400000,1.206,1.248,1.199,1.233,236672.71
1771948800000,1.233,1.249,1.23,1.242,149252.21
1771963200000,1.242,1.262,1.231,1.258,230105.93
1771977600000,1.258,1.298,1.244,1.278,362116.94
1771992000000,1.278,1.305,1.265,1.286,476195.46
1772006400000,1.286,1.317,1.279,1.314,327047.26
1772020800000,1.314,1.377,1.307,1.364,1190482.02
1772035200000,1.364,1.395,1.355,1.393,416465.79
1772049600000,1.393,1.467,1.362,1.389,1353920.68
1772064000000,1.389,1.389,1.348,1.354,357502.41
1772078400000,1.354,1.371,1.326,1.34,242109.0
1772092800000,1.34,1.371,1.338,1.365,427030.38
1772107200000,1.365,1.372,1.339,1.355,462494.37
1772121600000,1.355,1.366,1.317,1.353,394678.36
1772136000000,1.353,1.363,1.34,1.359,182865.4
1772150400000,1.359,1.404,1.344,1.393,950396.78
1772164800000,1.393,1.421,1.374,1.383,255742.03
1772179200000,1.383,1.394,1.342,1.346,518796.41
1772193600000,1.346,1.355,1.327,1.347,356867.0
1772208000000,1.347,1.348,1.305,1.311,232515.58
1772222400000,1.311,1.318,1.274,1.301,348650.36
1772236800000,1.301,1.302,1.285,1.289,184345.55
1772251200000,1.289,1.302,1.217,1.25,494033.36
1772265600000,1.25,1.25,1.221,1.233,403545.6
1772280000000,1.233,1.271,1.225,1.269,456728.19
1772294400000,1.269,1.309,1.25,1.3,273428.59
1772308800000,1.3,1.332,1.294,1.317,240298.62
1772323200000,1.317,1.356,1.302,1.333,360377.75
1772337600000,1.333,1.348,1.319,1.343,226475.39
1772352000000,1.343,1.349,1.297,1.302,291748.69
1772366400000,1.302,1.322,1.279,1.298,223176.25
1772380800000,1.298,1.31,1.259,1.263,192509.44
1772395200000,1.263,1.275,1.233,1.264,349299.41
1772409600000,1.264,1.29,1.256,1.275,191751.75
1772424000000,1.275,1.277,1.245,1.256,114873.89
1772438400000,1.256,1.273,1.244,1.26,158738.03
1772452800000,1.26,1.315,1.246,1.303,464115.99
1772467200000,1.303,1.319,1.274,1.278,388240.87
1772481600000,1.278,1.284,1.252,1.253,263429.2
1772496000000,1.253,1.262,1.234,1.246,269580.68
1772510400000,1.246,1.254,1.234,1.237,194086.36
1772524800000,1.237,1.239,1.201,1.214,460225.54
1772539200000,1.214,1.232,1.197,1.227,318477.06
1772553600000,1.227,1.257,1.222,1.229,247939.31
1772568000000,1.229,1.23,1.205,1.219,169849.38
1772582400000,1.219,1.226,1.176,1.182,318222.29
1772596800000,1.182,1.197,1.172,1.193,194485.29
1772611200000,1.193,1.24,1.187,1.204,490396.61
1772625600000,1.204,1.255,1.199,1.255,511553.62
1772640000000,1.255,1.265,1.225,1.246,305689.7
1772654400000,1.246,1.247,1.209,1.222,199157.21
1772668800000,1.222,1.227,1.196,1.21,409674.9
1772683200000,1.21,1.211,1.191,1.195,223164.17
1772697600000,1.195,1.22,1.193,1.207,232157.41
1772712000000,1.207,1.213,1.186,1.193,312015.08
1772726400000,1.193,1.213,1.17,1.201,508231.5
1772740800000,1.201,1.225,1.195,1.216,251056.84
1772755200000,1.216,1.228,1.202,1.224,211037.79
1772769600000,1.224,1.225,1.202,1.218,152762.35
1772784000000,1.218,1.218,1.196,1.198,221421.06
1772798400000,1.198,1.22,1.165,1.167,372605.27
1772812800000,1.167,1.179,1.147,1.155,344728.56
1772827200000,1.155,1.167,1.151,1.156,237485.94
1772841600000,1.156,1.163,1.144,1.144,89281.12
1772856000000,1.144,1.151,1.128,1.147,112137.01
1772870400000,1.147,1.159,1.142,1.148,82632.94
1772884800000,1.148,1.151,1.123,1.129,130925.11
1772899200000,1.129,1.132,1.106,1.109,182730.0
1772913600000,1.109,1.113,1.098,1.111,239643.01
1772928000000,1.111,1.115,1.09,1.097,139783.54
1772942400000,1.097,1.127,1.089,1.12,127288.38
1772956800000,1.12,1.149,1.12,1.144,148292.95
1772971200000,1.144,1.145,1.113,1.117,154424.35
1772985600000,1.117,1.142,1.111,1.131,130882.99
1773000000000,1.131,1.139,1.106,1.112,189458.88
1773014400000,1.112,1.136,1.108,1.121,200300.49
1773028800000,1.121,1.143,1.108,1.123,213103.49
1773043200000,1.123,1.13,1.107,1.116,141250.58
1773057600000,1.116,1.138,1.115,1.131,251490.66
1773072000000,1.131,1.139,1.114,1.124,160595.91
1773086400000,1.124,1.128,1.103,1.11,221904.28
1773100800000,1.11,1.138,1.098,1.121,296957.3
1773115200000,1.121,1.136,1.116,1.128,107622.21
1773129600000,1.128,1.141,1.125,1.135,121634.3
1773144000000,1.135,1.156,1.114,1.148,328463.24
1773158400000,1.148,1.151,1.122,1.123,694826.67
1773172800000,1.123,1.128,1.114,1.123,181227.03
1773187200000,1.123,1.126,1.11,1.112,284662.52
1773201600000,1.112,1.128,1.102,1.121,182768.83
1773216000000,1.121,1.151,1.12,1.139,446579.27
1773230400000,1.139,1.189,1.139,1.154,921631.84
1773244800000,1.154,1.159,1.139,1.142,282851.66
1773259200000,1.142,1.143,1.122,1.127,273782.02
1773273600000,1.127,1.128,1.108,1.109,177919.16
1773288000000,1.109,1.123,1.096,1.117,226562.81
1773302400000,1.117,1.139,1.112,1.135,310041.81
1773316800000,1.135,1.135,1.11,1.122,267417.13
1773331200000,1.122,1.138,1.119,1.135,142493.28
1773345600000,1.135,1.145,1.123,1.137,170259.0
1773360000000,1.137,1.171,1.131,1.162,310376.37
1773374400000,1.162,1.171,1.151,1.159,160246.88
1773388800000,1.159,1.166,1.151,1.155,177656.98
1773403200000,1.155,1.178,1.147,1.153,271046.81
1773417600000,1.153,1.161,1.141,1.146,100168.43
1773432000000,1.146,1.163,1.141,1.156,178545.96
1773446400000,1.156,1.254,1.148,1.214,1401456.5
1773460800000,1.214,1.241,1.187,1.192,976718.45
1773475200000,1.192,1.315,1.19,1.255,3989721.98
1773489600000,1.255,1.282,1.207,1.217,1367282.37
1773504000000,1.217,1.254,1.212,1.244,656751.07
1773518400000,1.244,1.245,1.216,1.241,395326.96
1773532800000,1.241,1.302,1.22,1.222,1572729.26
1773547200000,1.222,1.239,1.212,1.236,369005.17
1773561600000,1.236,1.26,1.231,1.236,428105.41
1773576000000,1.236,1.244,1.205,1.21,404960.71
1773590400000,1.21,1.24,1.207,1.233,273582.7
1773604800000,1.233,1.255,1.229,1.246,286138.1
1773619200000,1.246,1.254,1.21,1.239,493464.89
1773633600000,1.239,1.256,1.23,1.248,490854.99
1773648000000,1.248,1.255,1.231,1.232,255377.41
1773662400000,1.232,1.238,1.218,1.221,322207.29
1773676800000,1.221,1.247,1.22,1.241,250191.54
1773691200000,1.241,1.289,1.236,1.28,510205.19
1773705600000,1.28,1.286,1.234,1.238,460857.39
1773720000000,1.238,1.239,1.217,1.233,201260.02
1773734400000,1.233,1.25,1.231,1.237,437612.44
1773748800000,1.237,1.296,1.221,1.243,497247.55
1773763200000,1.243,1.25,1.237,1.238,120294.17
1773777600000,1.238,1.247,1.229,1.232,106013.65
1773792000000,1.232,1.263,1.224,1.255,232558.44
1773806400000,1.255,1.28,1.244,1.256,296558.75
1773820800000,1.256,1.341,1.247,1.252,1205951.68
1773835200000,1.252,1.262,1.189,1.198,923420.24
1773849600000,1.198,1.217,1.185,1.198,494746.52
1773864000000,1.198,1.215,1.185,1.197,179347.46
1773878400000,1.197,1.227,1.187,1.209,739074.34
1773892800000,1.209,1.225,1.189,1.192,243628.88
1773907200000,1.192,1.21,1.188,1.191,168155.53
1773921600000,1.191,1.191,1.161,1.173,411236.8
1773936000000,1.173,1.202,1.163,1.192,521208.52
1773950400000,1.192,1.209,1.189,1.202,135290.47
1773964800000,1.202,1.276,1.195,1.258,672191.26
1773979200000,1.258,1.268,1.232,1.24,382546.71
1773993600000,1.24,1.247,1.214,1.222,149359.93
1774008000000,1.222,1.231,1.213,1.225,196151.2
1774022400000,1.225,1.235,1.209,1.216,186337.56
1774036800000,1.216,1.228,1.2,1.213,124625.57
1774051200000,1.213,1.218,1.194,1.201,169691.14
1774065600000,1.201,1.21,1.195,1.197,76366.29
1774080000000,1.197,1.2,1.179,1.185,163864.26
1774094400000,1.185,1.193,1.181,1.192,91284.02
1774108800000,1.192,1.201,1.189,1.195,73556.29
1774123200000,1.195,1.199,1.146,1.155,189228.99
1774137600000,1.155,1.161,1.13,1.138,385545.49
1774152000000,1.138,1.147,1.123,1.124,146571.5
1774166400000,1.124,1.129,1.11,1.111,143405.41
1774180800000,1.111,1.123,1.11,1.118,119319.88
1774195200000,1.118,1.123,1.1,1.102,161341.19
1774209600000,1.102,1.105,1.082,1.089,228542.82
1774224000000,1.089,1.097,1.078,1.083,120593.69
1774238400000,1.083,1.101,1.07,1.074,193862.85
1774252800000,1.074,1.1,1.037,1.085,531419.31
1774267200000,1.085,1.14,1.081,1.106,396707.8
1774281600000,1.106,1.111,1.092,1.106,172455.26
1774296000000,1.106,1.125,1.101,1.115,115495.79
1774310400000,1.115,1.119,1.095,1.109,118438.8
1774324800000,1.109,1.127,1.1,1.127,160720.52
1774339200000,1.127,1.151,1.122,1.134,359568.26
1774353600000,1.134,1.136,1.108,1.115,177248.72
1774368000000,1.115,1.126,1.098,1.111,196285.52
1774382400000,1.111,1.132,1.11,1.122,113512.25
1774396800000,1.122,1.13,1.113,1.119,181807.65
1774411200000,1.119,1.125,1.107,1.122,192135.42
1774425600000,1.122,1.134,1.118,1.127,145112.69
1774440000000,1.127,1.132,1.116,1.13,166261.19
1774454400000,1.13,1.139,1.116,1.12,146776.56
1774468800000,1.12,1.134,1.112,1.129,84499.56
1774483200000,1.129,1.131,1.094,1.096,150762.32
1774497600000,1.096,1.104,1.085,1.089,229885.56
1774512000000,1.089,1.091,1.064,1.074,267118.41
1774526400000,1.074,1.087,1.066,1.067,136369.66
1774540800000,1.067,1.07,1.051,1.053,105520.58
1774555200000,1.053,1.159,1.051,1.116,1604416.66
1774569600000,1.116,1.161,1.098,1.136,503388.18
1774584000000,1.136,1.164,1.119,1.14,668218.31
1774598400000,1.14,1.145,1.091,1.098,346484.88
1774612800000,1.098,1.112,1.087,1.105,218746.18
1774627200000,1.105,1.129,1.097,1.109,260913.7
1774641600000,1.109,1.117,1.1,1.114,108244.02
1774656000000,1.114,1.14,1.091,1.129,572220.13
1774670400000,1.129,1.188,1.124,1.16,651653.2
1774684800000,1.16,1.188,1.156,1.16,539254.87
1774699200000,1.16,1.173,1.155,1.157,299706.78
1774713600000,1.157,1.178,1.155,1.175,140226.44
1774728000000,1.175,1.179,1.146,1.148,101923.97
1774742400000,1.148,1.149,1.121,1.136,176231.13
1774756800000,1.136,1.156,1.131,1.141,191919.87
1774771200000,1.141,1.147,1.124,1.139,127962.32
1774785600000,1.139,1.14,1.12,1.13,125770.76
1774800000000,1.13,1.13,1.115,1.119,66561.63
1774814400000,1.119,1.136,1.091,1.119,168922.87
1774828800000,1.119,1.16,1.114,1.144,214739.64
1774843200000,1.144,1.156,1.139,1.146,101201.54
1774857600000,1.146,1.163,1.14,1.157,163993.38
1774872000000,1.157,1.159,1.128,1.132,144633.86
1774886400000,1.132,1.136,1.112,1.121,153285.5
1774900800000,1.121,1.137,1.118,1.123,128235.48
1774915200000,1.123,1.136,1.118,1.122,125245.21
1774929600000,1.122,1.126,1.107,1.116,125955.13
1774944000000,1.116,1.121,1.092,1.096,205816.96
1774958400000,1.096,1.114,1.094,1.096,147487.32
1774972800000,1.096,1.12,1.096,1.117,89976.74
1774987200000,1.117,1.131,1.115,1.129,93568.11
1775001600000,1.129,1.163,1.126,1.158,335542.76
1775016000000,1.158,1.17,1.141,1.156,308279.19
1775030400000,1.156,1.169,1.147,1.156,187613.77
1775044800000,1.156,1.165,1.14,1.156,193342.6
1775059200000,1.156,1.157,1.134,1.135,281907.87
1775073600000,1.135,1.147,1.127,1.133,209243.44
1775088000000,1.133,1.14,1.085,1.094,385092.6
1775102400000,1.094,1.109,1.089,1.097,206895.64
1775116800000,1.097,1.097,1.065,1.069,328392.99
1775131200000,1.069,1.086,1.058,1.081,235103.06
1775145600000,1.081,1.106,1.077,1.087,158061.59
1775160000000,1.087,1.117,1.082,1.108,388793.47
1775174400000,1.108,1.142,1.107,1.113,617334.53
1775188800000,1.113,1.132,1.108,1.12,206922.75
1775203200000,1.12,1.148,1.12,1.142,267027.58
1775217600000,1.142,1.148,1.125,1.13,200072.2
1775232000000,1.13,1.134,1.115,1.119,87743.76
1775246400000,1.119,1.124,1.11,1.117,80389.61
1775260800000,1.117,1.121,1.106,1.112,73953.92
1775275200000,1.112,1.113,1.106,1.107,51427.96
1775289600000,1.107,1.121,1.105,1.114,93337.87
1775304000000,1.114,1.114,1.094,1.104,161106.36
1775318400000,1.104,1.119,1.101,1.114,104548.06
1775332800000,1.114,1.131,1.11,1.125,100098.5
1775347200000,1.125,1.127,1.111,1.112,74356.72
1775361600000,1.112,1.116,1.096,1.098,91002.65
1775376000000,1.098,1.101,1.091,1.095,68528.46
1775390400000,1.095,1.099,1.084,1.094,125420.88
1775404800000,1.094,1.097,1.082,1.085,137216.86
1775419200000,1.085,1.106,1.077,1.106,215032.88
1775433600000,1.106,1.114,1.1,1.1,151993.04
1775448000000,1.1,1.111,1.096,1.107,76301.57
1775462400000,1.107,1.139,1.107,1.138,269770.59
1775476800000,1.138,1.143,1.117,1.133,237026.08
1775491200000,1.133,1.137,1.119,1.125,96699.85
1775505600000,1.125,1.128,1.098,1.102,99431.43
1775520000000,1.102,1.116,1.097,1.112,129877.17
1775534400000,1.112,1.113,1.102,1.109,97762.38
1775548800000,1.109,1.121,1.096,1.096,149787.82
1775563200000,1.096,1.104,1.085,1.091,149586.92
1775577600000,1.091,1.102,1.075,1.078,247410.47
1775592000000,1.078,1.157,1.075,1.147,576366.0
1775606400000,1.147,1.161,1.133,1.152,323984.81
1775620800000,1.152,1.162,1.148,1.154,230092.27
1775635200000,1.154,1.154,1.129,1.133,180097.07
1775649600000,1.133,1.143,1.112,1.128,304625.71
1775664000000,1.128,1.13,1.106,1.119,245433.46
1775678400000,1.119,1.128,1.092,1.095,217756.29
1775692800000,1.095,1.112,1.088,1.111,321026.85
1775707200000,1.111,1.12,1.104,1.109,120283.46
1775721600000,1.109,1.124,1.106,1.111,335353.92
1775736000000,1.111,1.126,1.101,1.12,136967.51
1775750400000,1.12,1.128,1.114,1.122,159967.07
1775764800000,1.122,1.156,1.122,1.131,323937.82
1775779200000,1.131,1.139,1.119,1.12,241403.12
1775793600000,1.12,1.131,1.112,1.113,168334.05
1775808000000,1.113,1.126,1.109,1.118,190150.2
1775822400000,1.118,1.147,1.118,1.133,406463.55
1775836800000,1.133,1.14,1.121,1.134,156458.48
1775851200000,1.134,1.137,1.128,1.132,149444.84
1775865600000,1.132,1.135,1.119,1.122,102548.19
1775880000000,1.122,1.131,1.117,1.123,68951.27
1775894400000,1.123,1.126,1.114,1.114,99594.43
1775908800000,1.114,1.119,1.106,1.117,127333.02
1775923200000,1.117,1.141,1.116,1.14,145522.3
1775937600000,1.14,1.14,1.117,1.122,83422.31
1775952000000,1.122,1.13,1.092,1.093,303045.65
1775966400000,1.093,1.103,1.091,1.094,128456.11
1775980800000,1.094,1.101,1.091,1.093,62204.09
1775995200000,1.093,1.108,1.089,1.091,178412.07
1776009600000,1.091,1.098,1.083,1.086,134967.98
1776024000000,1.086,1.092,1.066,1.076,274194.82
1776038400000,1.076,1.087,1.073,1.076,141670.76
1776052800000,1.076,1.08,1.059,1.065,166755.66
1776067200000,1.065,1.081,1.062,1.074,128915.63
1776081600000,1.074,1.084,1.066,1.074,207335.59
1776096000000,1.074,1.088,1.065,1.088,238849.43
1776110400000,1.088,1.133,1.075,1.124,444723.17
1776124800000,1.124,1.138,1.117,1.128,400116.87
1776139200000,1.128,1.138,1.115,1.118,330301.63
1776153600000,1.118,1.131,1.116,1.118,146210.9
1776168000000,1.118,1.131,1.107,1.122,253675.72
1776182400000,1.122,1.125,1.088,1.097,316604.56
1776196800000,1.097,1.105,1.091,1.098,165318.12
1776211200000,1.098,1.113,1.097,1.107,113982.33
1776225600000,1.107,1.126,1.104,1.11,194741.24
1776240000000,1.11,1.122,1.107,1.118,114491.98
1776254400000,1.118,1.131,1.113,1.123,172759.91
1776268800000,1.123,1.152,1.122,1.144,413960.75
1776283200000,1.144,1.149,1.128,1.132,160528.95
1776297600000,1.132,1.139,1.124,1.135,182986.55
1776312000000,1.135,1.146,1.131,1.143,235143.93
1776326400000,1.143,1.151,1.133,1.151,275997.52
1776340800000,1.151,1.177,1.135,1.164,449381.74
1776355200000,1.164,1.183,1.15,1.179,241209.24
1776369600000,1.179,1.192,1.165,1.185,254709.04
1776384000000,1.185,1.196,1.166,1.166,370949.09
1776398400000,1.166,1.173,1.148,1.173,251148.55
1776412800000,1.173,1.185,1.163,1.184,295478.02
1776427200000,1.184,1.223,1.178,1.202,468393.18
1776441600000,1.202,1.214,1.186,1.194,230665.41
1776456000000,1.194,1.198,1.178,1.185,249248.45
1776470400000,1.185,1.187,1.167,1.173,311096.76
1776484800000,1.173,1.228,1.169,1.227,517623.39
1776499200000,1.227,1.236,1.156,1.165,830611.0
1776513600000,1.165,1.169,1.143,1.147,417426.0
1776528000000,1.147,1.156,1.12,1.125,377799.72
1776542400000,1.125,1.137,1.118,1.123,159025.73
1776556800000,1.123,1.125,1.095,1.103,451860.51
1776571200000,1.103,1.117,1.096,1.102,290015.26
1776585600000,1.102,1.116,1.096,1.112,153546.14
1776600000000,1.112,1.129,1.103,1.111,172679.65
1776614400000,1.111,1.112,1.094,1.107,206856.83
1776628800000,1.107,1.11,1.082,1.088,254863.67
1776643200000,1.088,1.105,1.086,1.101,162173.42
1776657600000,1.101,1.11,1.087,1.1,238149.09
1776672000000,1.1,1.109,1.092,1.1,206719.07
1776686400000,1.1,1.111,1.094,1.101,236159.78
1776700800000,1.101,1.117,1.098,1.111,183957.42
1776715200000,1.111,1.124,1.104,1.107,209996.56
1776729600000,1.107,1.115,1.097,1.101,177990.96
1776744000000,1.101,1.106,1.097,1.102,157740.31
1776758400000,1.102,1.109,1.1,1.105,151785.28
1776772800000,1.105,1.11,1.094,1.105,319673.67
1776787200000,1.105,1.109,1.087,1.09,247913.82
1776801600000,1.09,1.107,1.09,1.105,179324.7
1776816000000,1.105,1.124,1.097,1.118,298422.77
1776830400000,1.118,1.139,1.116,1.13,375691.65
1776844800000,1.13,1.131,1.117,1.123,191892.57
1776859200000,1.123,1.126,1.11,1.122,345996.12
1776873600000,1.122,1.131,1.112,1.12,133908.87
1776888000000,1.12,1.121,1.101,1.101,125159.35
1776902400000,1.101,1.104,1.088,1.091,289043.23
1776916800000,1.091,1.103,1.089,1.099,153382.28
1776931200000,1.099,1.102,1.089,1.097,141880.22
1776945600000,1.097,1.111,1.094,1.11,150400.87
1776960000000,1.11,1.116,1.086,1.095,257890.89
1776974400000,1.095,1.108,1.095,1.105,99670.87
1776988800000,1.105,1.11,1.093,1.101,140693.38
1777003200000,1.101,1.104,1.091,1.102,130774.06
1777017600000,1.102,1.114,1.096,1.114,202405.07
1777032000000,1.114,1.127,1.104,1.126,247248.22
1777046400000,1.126,1.134,1.113,1.133,437195.57
1777060800000,1.133,1.14,1.12,1.134,300431.16
1777075200000,1.134,1.227,1.125,1.212,1187380.61
1777089600000,1.212,1.492,1.21,1.467,7558709.84
1777104000000,1.467,1.778,1.432,1.654,12499956.7
1777118400000,1.654,1.654,1.471,1.522,6350759.73
1777132800000,1.522,1.572,1.481,1.537,3112690.22
1777147200000,1.537,1.633,1.489,1.579,2672485.79
1777161600000,1.579,1.584,1.403,1.414,2981481.57
1777176000000,1.414,1.423,1.384,1.399,1347254.69
1777190400000,1.399,1.421,1.388,1.402,751786.67
1777204800000,1.402,1.473,1.388,1.413,1161702.77
1777219200000,1.413,1.429,1.362,1.409,725182.12
1777233600000,1.409,1.477,1.404,1.42,721092.2
1777248000000,1.42,1.474,1.376,1.411,1015033.12
1777262400000,1.411,1.433,1.349,1.361,755874.72
1777276800000,1.361,1.381,1.349,1.375,515617.42
1777291200000,1.375,1.457,1.372,1.412,1390850.88
1777305600000,1.412,1.494,1.399,1.439,1495464.84
1777320000000,1.439,1.458,1.423,1.438,423623.26
1777334400000,1.438,1.546,1.419,1.518,1659446.96
1777348800000,1.518,1.537,1.421,1.427,921862.3
1777363200000,1.427,1.446,1.415,1.421,520383.64
1777377600000,1.421,1.441,1.409,1.421,516297.15
1777392000000,1.421,1.51,1.418,1.498,577988.07
1777406400000,1.498,1.554,1.478,1.51,900426.44
1777420800000,1.51,1.544,1.463,1.538,972128.27
1777435200000,1.538,1.556,1.465,1.468,1013942.42
1777449600000,1.468,1.474,1.415,1.42,572090.79
1777464000000,1.42,1.435,1.391,1.402,523904.64
1777478400000,1.402,1.415,1.364,1.387,459352.6
1777492800000,1.387,1.402,1.382,1.396,177377.89
1777507200000,1.396,1.41,1.377,1.392,335342.17
1777521600000,1.392,1.405,1.38,1.401,265619.42
1777536000000,1.401,1.402,1.375,1.382,288756.75
1777550400000,1.382,1.384,1.347,1.355,376370.8
1777564800000,1.355,1.367,1.347,1.356,187381.41
1777579200000,1.356,1.372,1.349,1.37,142719.23
1777593600000,1.37,1.431,1.359,1.395,612892.08
1777608000000,1.395,1.398,1.377,1.398,204493.01
1777622400000,1.398,1.425,1.387,1.397,300448.2
1777636800000,1.397,1.408,1.373,1.379,250495.54
1777651200000,1.379,1.392,1.375,1.384,120171.69
1777665600000,1.384,1.403,1.382,1.391,134020.06
1777680000000,1.391,1.447,1.37,1.378,704087.01
1777694400000,1.378,1.39,1.369,1.378,166962.11
1777708800000,1.378,1.387,1.376,1.381,98388.66
1777723200000,1.381,1.387,1.37,1.375,218943.06
1777737600000,1.375,1.387,1.372,1.382,89964.69
1777752000000,1.382,1.388,1.376,1.379,107116.59
1777766400000,1.379,1.379,1.342,1.348,311662.34
1777780800000,1.348,1.351,1.339,1.346,157838.45
1777795200000,1.346,1.352,1.331,1.332,151155.39
1777809600000,1.332,1.339,1.319,1.32,137403.99
1777824000000,1.32,1.332,1.312,1.325,123078.82
1777838400000,1.325,1.337,1.322,1.325,156455.65
1777852800000,1.325,1.337,1.293,1.329,447503.08
1777867200000,1.329,1.337,1.318,1.326,182006.63
1777881600000,1.326,1.332,1.296,1.306,217707.59
1777896000000,1.306,1.337,1.298,1.322,329616.44
1777910400000,1.322,1.344,1.315,1.326,169641.3
1777924800000,1.326,1.33,1.312,1.318,71489.51
1777939200000,1.318,1.342,1.315,1.335,180083.34
1777953600000,1.335,1.378,1.335,1.356,386222.04
1777968000000,1.356,1.361,1.342,1.348,253706.32
1777982400000,1.348,1.353,1.34,1.345,184328.58
1777996800000,1.345,1.359,1.339,1.357,104946.25
1778011200000,1.357,1.379,1.353,1.357,219843.22
1778025600000,1.357,1.372,1.352,1.368,124912.67
1778040000000,1.368,1.371,1.34,1.353,259711.87
1778054400000,1.353,1.38,1.352,1.379,226139.36
1778068800000,1.379,1.381,1.339,1.361,289538.36
1778083200000,1.361,1.373,1.356,1.362,163801.9
1778097600000,1.362,1.403,1.362,1.397,272052.2
1778112000000,1.397,1.405,1.348,1.348,254462.45
1778126400000,1.348,1.393,1.348,1.384,180016.85
1778140800000,1.384,1.419,1.37,1.4,346326.99
1778155200000,1.4,1.409,1.345,1.353,290539.83
1778169600000,1.353,1.39,1.346,1.382,256070.01
1778184000000,1.382,1.392,1.367,1.38,105007.1
1778198400000,1.38,1.388,1.357,1.368,105725.02
1778212800000,1.368,1.382,1.364,1.376,131632.95
1778227200000,1.376,1.397,1.374,1.38,174094.31
1778241600000,1.38,1.411,1.37,1.397,314200.15
1778256000000,1.397,1.423,1.393,1.416,176949.51
1778270400000,1.416,1.448,1.413,1.443,250488.16
1778284800000,1.443,1.469,1.44,1.461,397743.58
1778299200000,1.461,1.466,1.429,1.43,257167.82
1778313600000,1.43,1.479,1.426,1.462,607709.45
1778328000000,1.462,1.464,1.434,1.439,263065.9
1778342400000,1.439,1.467,1.436,1.448,196030.57
1778356800000,1.448,1.45,1.432,1.435,77790.45
1778371200000,1.435,1.447,1.407,1.413,282409.49
1778385600000,1.413,1.439,1.412,1.431,247644.24
1778400000000,1.431,1.44,1.424,1.425,155784.16
1778414400000,1.425,1.434,1.42,1.43,146871.45
1778428800000,1.43,1.457,1.429,1.453,186916.89
1778443200000,1.453,1.459,1.399,1.433,250888.43
1778457600000,1.433,1.439,1.393,1.405,176594.34
1778472000000,1.405,1.42,1.398,1.417,141015.46
1778486400000,1.417,1.443,1.416,1.43,197211.48
1778500800000,1.43,1.432,1.409,1.419,120105.73
1778515200000,1.419,1.441,1.417,1.435,79134.67
1778529600000,1.435,1.438,1.422,1.429,65478.56
1778544000000,1.429,1.432,1.388,1.393,215452.22
1778558400000,1.393,1.403,1.382,1.395,137877.91
1778572800000,1.395,1.399,1.377,1.384,195322.9
1778587200000,1.384,1.393,1.335,1.337,312358.47
1778601600000,1.337,1.352,1.329,1.342,157195.06
1778616000000,1.342,1.356,1.337,1.342,101150.66
1778630400000,1.342,1.367,1.335,1.361,133385.99
1778644800000,1.361,1.366,1.349,1.359,95508.88
1778659200000,1.359,1.371,1.342,1.345,127182.32
1778673600000,1.345,1.348,1.264,1.268,649251.86
1778688000000,1.268,1.278,1.257,1.26,238285.71
1778702400000,1.26,1.275,1.247,1.269,213771.77
1778716800000,1.269,1.281,1.247,1.251,162672.44
1778731200000,1.251,1.267,1.248,1.252,120526.89
1778745600000,1.252,1.262,1.246,1.248,115659.54
1778760000000,1.248,1.289,1.248,1.285,166844.84
1778774400000,1.285,1.292,1.274,1.281,119528.31
1778788800000,1.281,1.283,1.263,1.265,125917.6
1778803200000,1.265,1.275,1.254,1.264,323902.9
1778817600000,1.264,1.264,1.227,1.245,273603.82
1778832000000,1.245,1.245,1.234,1.235,101658.82
1778846400000,1.235,1.236,1.177,1.196,354270.97
1778860800000,1.196,1.213,1.195,1.197,231179.58
1778875200000,1.197,1.2,1.191,1.197,41869.84
1778889600000,1.197,1.21,1.194,1.205,105871.52
1778904000000,1.205,1.206,1.145,1.166,244479.27
1778918400000,1.166,1.174,1.147,1.161,283414.1
1778932800000,1.161,1.182,1.159,1.177,103971.33
1778947200000,1.177,1.183,1.174,1.177,82582.54
1778961600000,1.177,1.179,1.167,1.171,48488.38
1778976000000,1.171,1.173,1.157,1.166,84871.21
1778990400000,1.166,1.175,1.165,1.171,47607.66
1779004800000,1.171,1.175,1.159,1.162,48719.52
1779019200000,1.162,1.165,1.144,1.154,187248.63
1779033600000,1.154,1.158,1.141,1.15,73940.75
1779048000000,1.15,1.155,1.096,1.128,309964.14
1779062400000,1.128,1.15,1.116,1.141,206695.38
1779076800000,1.141,1.153,1.126,1.131,105528.14
1779091200000,1.131,1.143,1.121,1.137,97131.32
1779105600000,1.137,1.163,1.129,1.14,283875.6
1779120000000,1.14,1.196,1.139,1.17,1743247.77
1779134400000,1.17,1.206,1.161,1.205,502577.35
1779148800000,1.205,1.217,1.173,1.176,515099.23
1779163200000,1.176,1.185,1.166,1.174,260948.74
1779177600000,1.174,1.195,1.162,1.162,306923.9
1779192000000,1.162,1.172,1.155,1.163,237456.38
1779206400000,1.163,1.183,1.161,1.173,249812.71
1779220800000,1.173,1.186,1.164,1.167,98476.34
1779235200000,1.167,1.176,1.16,1.166,102913.58
1779249600000,1.166,1.193,1.166,1.183,142350.9
1779264000000,1.183,1.204,1.183,1.186,229931.14
1779278400000,1.186,1.212,1.181,1.208,190105.98
1779292800000,1.208,1.225,1.204,1.217,185673.45
1779307200000,1.217,1.22,1.195,1.202,109823.0
1779321600000,1.202,1.221,1.201,1.214,92645.31
1779336000000,1.214,1.216,1.196,1.207,208102.7
1779350400000,1.207,1.211,1.183,1.189,142887.48
1779364800000,1.189,1.199,1.177,1.188,109545.11
1779379200000,1.188,1.21,1.179,1.207,126594.9
1779393600000,1.207,1.212,1.197,1.203,64021.02
1779408000000,1.203,1.211,1.191,1.209,68643.44
1779422400000,1.209,1.214,1.198,1.211,75540.57
1779436800000,1.211,1.228,1.208,1.215,122829.34
1779451200000,1.215,1.224,1.185,1.197,228959.53
1779465600000,1.197,1.203,1.148,1.159,210613.96
1779480000000,1.159,1.178,1.141,1.15,145718.7
1779494400000,1.15,1.171,1.14,1.167,112487.61
1779508800000,1.167,1.168,1.118,1.128,225594.29
1779523200000,1.128,1.135,1.119,1.126,100499.43
1779537600000,1.126,1.161,1.122,1.159,106879.13
1779552000000,1.159,1.181,1.153,1.176,106573.24
1779566400000,1.176,1.21,1.173,1.198,136715.85
1779580800000,1.198,1.202,1.179,1.182,66267.64
1779595200000,1.182,1.185,1.174,1.177,44803.69
1779609600000,1.177,1.184,1.17,1.172,86758.28
1779624000000,1.172,1.173,1.15,1.161,85632.59
1779638400000,1.161,1.167,1.151,1.153,43862.02
1779652800000,1.153,1.154,1.129,1.152,106962.81
1779667200000,1.152,1.163,1.15,1.152,61284.62
1779681600000,1.152,1.167,1.151,1.16,54350.64
1779696000000,1.16,1.167,1.156,1.156,42418.87
1779710400000,1.156,1.171,1.153,1.164,95302.58
1779724800000,1.164,1.175,1.151,1.158,864442.29
1779739200000,1.158,1.161,1.143,1.148,53915.91
1779753600000,1.148,1.15,1.126,1.134,135970.9
1779768000000,1.134,1.149,1.132,1.138,99983.87
1779782400000,1.138,1.156,1.135,1.147,95426.6
1779796800000,1.147,1.164,1.136,1.143,160724.07
1779811200000,1.143,1.147,1.126,1.144,102426.27
1779825600000,1.144,1.153,1.137,1.148,72493.66
1779840000000,1.148,1.155,1.136,1.139,87264.22
1779854400000,1.139,1.172,1.134,1.164,469154.99
1779868800000,1.164,1.18,1.158,1.163,295320.53
1779883200000,1.163,1.183,1.149,1.179,281395.09
1779897600000,1.179,1.192,1.158,1.164,227234.33
1779912000000,1.164,1.171,1.132,1.146,134407.76
1779926400000,1.146,1.151,1.095,1.1,408799.6
1779940800000,1.1,1.1,1.069,1.095,310519.04
1779955200000,1.095,1.099,1.077,1.081,129139.13
1779969600000,1.081,1.107,1.076,1.106,200705.55
1779984000000,1.106,1.148,1.102,1.136,190217.76
1779998400000,1.136,1.182,1.132,1.153,295127.14
1780012800000,1.153,1.161,1.142,1.154,171371.76
1780027200000,1.154,1.193,1.151,1.161,381405.11
1780041600000,1.161,1.166,1.139,1.148,143000.37
1780056000000,1.148,1.194,1.131,1.183,330520.17
1780070400000,1.183,1.192,1.153,1.159,176274.07
1780084800000,1.159,1.182,1.156,1.178,163990.48
1780099200000,1.178,1.314,1.172,1.231,1372137.35
1780113600000,1.231,1.246,1.203,1.246,428602.85
1780128000000,1.246,1.274,1.225,1.235,859067.88
1780142400000,1.235,1.246,1.205,1.211,360306.55
1780156800000,1.211,1.219,1.204,1.21,114406.27
1780171200000,1.21,1.214,1.188,1.194,155057.21
1780185600000,1.194,1.267,1.19,1.196,1119320.03
1780200000000,1.196,1.201,1.164,1.165,185767.21
1780214400000,1.165,1.184,1.164,1.183,158869.26
1780228800000,1.183,1.189,1.154,1.159,315010.76
1780243200000,1.159,1.163,1.147,1.154,119620.99
1780257600000,1.154,1.191,1.154,1.186,139287.01
1780272000000,1.186,1.208,1.172,1.198,305288.45
1780286400000,1.198,1.207,1.161,1.161,397388.61
1780300800000,1.161,1.183,1.158,1.172,126971.89
1780315200000,1.172,1.177,1.16,1.173,233018.13
1780329600000,1.173,1.204,1.168,1.189,152744.33
1780344000000,1.189,1.191,1.163,1.177,202224.89
1780358400000,1.177,1.18,1.141,1.167,165638.16
1780372800000,1.167,1.172,1.148,1.155,103866.39
1780387200000,1.155,1.177,1.145,1.172,147710.94
1780401600000,1.172,1.212,1.137,1.15,843939.71
1780416000000,1.15,1.173,1.114,1.134,285112.95
1780430400000,1.134,1.157,1.094,1.123,420703.73
1780444800000,1.123,1.135,1.099,1.103,230832.37
1780459200000,1.103,1.156,1.1,1.152,220236.02
1780473600000,1.152,1.184,1.148,1.166,247779.49
1780488000000,1.166,1.173,1.147,1.147,159606.23
1780502400000,1.147,1.155,1.124,1.128,233824.37
1780516800000,1.128,1.148,1.111,1.121,119582.56
1780531200000,1.121,1.133,0.991,1.065,921647.75
1780545600000,1.065,1.072,1.014,1.016,368691.42
1780560000000,1.016,1.024,0.987,1.015,569656.1
1780574400000,1.015,1.049,1.008,1.035,230016.72
1780588800000,1.035,1.062,1.027,1.059,166549.72
1780603200000,1.059,1.059,1.004,1.025,240843.87
1780617600000,1.025,1.025,0.979,0.982,238740.24
1780632000000,0.982,1.005,0.923,0.961,526787.76
1780646400000,0.961,0.975,0.947,0.957,170553.0
1780660800000,0.957,0.963,0.911,0.922,450695.3
1780675200000,0.922,0.953,0.891,0.923,400119.36
1780689600000,0.923,0.953,0.913,0.933,178516.24
1780704000000,0.933,0.947,0.91,0.913,204911.75
1780718400000,0.913,0.918,0.862,0.913,304494.98
1780732800000,0.913,0.928,0.891,0.911,173833.58
1780747200000,0.911,0.928,0.904,0.917,130021.32
1780761600000,0.917,0.922,0.9,0.903,113268.5
1780776000000,0.903,0.925,0.901,0.923,77637.31
1780790400000,0.923,0.948,0.921,0.936,90766.11
1780804800000,0.936,0.948,0.928,0.948,101215.64
1780819200000,0.948,0.964,0.931,0.939,272811.48
1780833600000,0.939,0.943,0.918,0.933,123523.01
1780848000000,0.933,0.939,0.912,0.917,122118.58
1780862400000,0.917,0.971,0.914,0.948,218620.68
1780876800000,0.948,0.956,0.933,0.945,143003.19
1780891200000,0.945,0.947,0.93,0.943,57678.2
1780905600000,0.943,0.968,0.936,0.959,170711.6
1780920000000,0.959,0.964,0.949,0.951,116703.18
1780934400000,0.951,0.962,0.948,0.953,77869.97
1780948800000,0.953,0.964,0.944,0.949,101542.13
1780963200000,0.949,0.949,0.92,0.928,120896.06
1780977600000,0.928,0.946,0.924,0.941,91090.31
1780992000000,0.941,0.941,0.927,0.936,399514.78
1781006400000,0.936,0.942,0.913,0.915,215756.82
1781020800000,0.915,0.932,0.901,0.93,116898.05
1781035200000,0.93,0.934,0.92,0.922,87332.63
1781049600000,0.922,0.927,0.906,0.915,100570.28
1781064000000,0.915,0.92,0.905,0.914,75122.97
1781078400000,0.914,0.915,0.891,0.896,135838.47
1781092800000,0.896,0.931,0.894,0.923,191751.63
1781107200000,0.923,0.928,0.897,0.903,122836.24
1781121600000,0.903,0.903,0.882,0.9,220804.07
1781136000000,0.9,0.926,0.899,0.922,129696.24
1781150400000,0.922,0.93,0.917,0.92,118090.41
1781164800000,0.92,0.93,0.919,0.927,171284.4
1781179200000,0.927,0.94,0.911,0.935,214746.44
1781193600000,0.935,0.955,0.922,0.946,197610.26
1781208000000,0.946,0.951,0.939,0.942,97657.55
1781222400000,0.942,0.952,0.935,0.949,158286.38
1781236800000,0.949,0.954,0.936,0.941,98253.06
1781251200000,0.941,0.961,0.941,0.952,84862.77
1781265600000,0.952,0.97,0.941,0.948,198955.34
1781280000000,0.948,0.962,0.944,0.955,128628.49
1781294400000,0.955,0.962,0.943,0.948,93890.24
1781308800000,0.948,0.964,0.944,0.958,175151.79
1781323200000,0.958,0.973,0.951,0.969,135739.33
1781337600000,0.969,0.975,0.963,0.971,108848.01
1781352000000,0.971,0.977,0.966,0.976,90779.08
1781366400000,0.976,0.977,0.964,0.972,65497.35
1781380800000,0.972,0.982,0.968,0.975,99317.52
1781395200000,0.975,0.976,0.967,0.971,104688.63
1781409600000,0.971,0.972,0.953,0.956,104349.94
1781424000000,0.956,0.962,0.95,0.953,77719.76
1781438400000,0.953,0.955,0.938,0.943,175679.11
1781452800000,0.943,0.951,0.941,0.945,79281.3
1781467200000,0.945,0.984,0.942,0.978,205417.38
1781481600000,0.978,0.989,0.972,0.988,121938.5
1781496000000,0.988,0.995,0.981,0.983,115578.47
1781510400000,0.983,1.01,0.982,1.007,141071.22
1781524800000,1.007,1.022,1.001,1.014,337616.79
1781539200000,1.014,1.04,0.997,1.0,276425.2
1781553600000,1.0,1.008,0.992,1.002,124656.0
1781568000000,1.002,1.009,0.982,0.999,199837.68
1781582400000,0.999,1.0,0.99,0.996,177789.16
1781596800000,0.996,1.01,0.994,1.005,141219.07
1781611200000,1.005,1.017,0.979,0.999,180663.87
1781625600000,0.999,1.027,0.996,1.012,164489.37
1781640000000,1.012,1.022,1.008,1.01,66261.44
1781654400000,1.01,1.026,0.998,1.019,143665.98
1781668800000,1.019,1.023,1.0,1.005,110330.88
1781683200000,1.005,1.005,0.99,0.993,112549.73
1781697600000,0.993,1.016,0.99,1.016,128983.59
1781712000000,1.016,1.025,0.98,0.983,313238.37
1781726400000,0.983,0.996,0.968,0.99,179388.54
1781740800000,0.99,0.998,0.976,0.979,101644.77
1781755200000,0.979,0.981,0.962,0.977,153362.41
1781769600000,0.977,0.982,0.964,0.965,99691.22
1781784000000,0.965,0.974,0.925,0.928,265676.47
1781798400000,0.928,0.947,0.919,0.944,224249.32
1781812800000,0.944,0.959,0.944,0.959,81531.91
1781827200000,0.959,0.967,0.941,0.952,130379.85
1781841600000,0.952,0.955,0.935,0.941,158137.77
1781856000000,0.941,0.946,0.934,0.936,105407.12
1781870400000,0.936,0.954,0.929,0.947,88906.44
1781884800000,0.947,0.952,0.938,0.941,50251.7
1781899200000,0.941,0.954,0.937,0.952,68267.01
1781913600000,0.952,1.177,0.952,1.132,4541454.09
1781928000000,1.132,1.187,1.105,1.124,2103787.33
1781942400000,1.124,1.203,1.112,1.15,2077384.69
1781956800000,1.15,1.172,1.118,1.154,1506997.84
1781971200000,1.154,1.208,1.139,1.148,1457564.67
1781985600000,1.148,1.237,1.139,1.165,1207775.76
1782000000000,1.165,1.279,1.145,1.196,2221961.88
1782014400000,1.196,1.199,1.129,1.151,1170188.75
1782028800000,1.151,1.155,1.118,1.125,818659.03
1782043200000,1.125,1.129,1.104,1.111,496276.75
1782057600000,1.111,1.112,1.084,1.088,321223.9
1782072000000,1.088,1.088,1.053,1.053,367632.01
1782086400000,1.053,1.09,1.03,1.036,808763.08
1782100800000,1.036,1.044,1.027,1.034,306298.81
1782115200000,1.034,1.062,1.028,1.052,398394.88
1782129600000,1.052,1.067,1.036,1.04,466473.2
1782144000000,1.04,1.048,1.035,1.042,163405.4
1782158400000,1.042,1.078,1.039,1.073,357266.53
1782172800000,1.073,1.113,1.048,1.066,1054301.3
1782187200000,1.066,1.069,1.007,1.035,789930.38
1782201600000,1.035,1.056,1.012,1.03,375785.03
1782216000000,1.03,1.051,1.02,1.024,278998.41
1782230400000,1.024,1.025,1.01,1.021,141815.68
1782244800000,1.021,1.026,1.012,1.016,128223.28
1782259200000,1.016,1.025,0.997,1.002,443425.49
1782273600000,1.002,1.036,0.996,1.022,311026.33
1782288000000,1.022,1.056,1.014,1.054,455425.23
1782302400000,1.054,1.064,1.005,1.013,1308673.98
1782316800000,1.013,1.023,0.968,1.001,500479.64
1782331200000,1.001,1.027,0.997,1.006,247126.75
1782345600000,1.006,1.03,0.996,1.02,418318.0
1782360000000,1.02,1.039,1.014,1.035,277347.55
1782374400000,1.035,1.057,1.028,1.055,337145.48
1782388800000,1.055,1.055,0.971,1.02,652424.08
1782403200000,1.02,1.027,0.997,0.998,228153.63
1782417600000,0.998,1.034,0.998,1.022,179733.71
1782432000000,1.022,1.025,0.981,1.014,406499.44
1782446400000,1.014,1.019,0.997,1.017,229240.34
1782460800000,1.017,1.017,0.995,1.003,256511.84
1782475200000,1.003,1.027,0.985,1.02,266354.73
1782489600000,1.02,1.029,1.009,1.009,131675.88
1782504000000,1.009,1.022,1.001,1.003,97918.66
1782518400000,1.003,1.009,0.993,0.994,142412.78
1782532800000,0.994,1.001,0.991,0.992,82811.56
1782547200000,0.992,0.999,0.984,0.988,265181.89
1782561600000,0.988,0.997,0.984,0.993,100542.72
1782576000000,0.993,0.993,0.975,0.978,101487.0
1782590400000,0.978,0.982,0.964,0.973,122864.17
1782604800000,0.973,0.976,0.961,0.968,136088.34
1782619200000,0.968,0.974,0.961,0.971,109178.32
1782633600000,0.971,0.984,0.969,0.982,139733.82
1782648000000,0.982,1.007,0.977,0.994,191982.7
1782662400000,0.994,1.001,0.983,0.993,147547.67
1782676800000,0.993,1.0,0.982,0.991,173726.36
1782691200000,0.991,1.013,0.98,1.004,177480.22
1782705600000,1.004,1.005,0.987,0.996,134767.96
1782720000000,0.996,0.997,0.984,0.989,106651.24
1782734400000,0.989,1.001,0.975,0.992,201464.29
1782748800000,0.992,1.003,0.985,0.995,115425.27
1782763200000,0.995,1.009,0.991,1.007,124323.74
1782777600000,1.007,1.02,0.995,1.003,180668.54
1782792000000,1.003,1.003,0.983,0.987,290335.01
1782806400000,0.987,0.993,0.963,0.964,443535.53
1782820800000,0.964,0.977,0.956,0.967,138671.51
1782835200000,0.967,0.973,0.957,0.962,105804.77
1782849600000,0.962,0.969,0.96,0.965,59410.27
1782864000000,0.965,0.983,0.945,0.978,215314.16
1782878400000,0.978,0.984,0.969,0.983,238867.39
1782892800000,0.983,1.005,0.976,1.001,542418.32
1782907200000,1.001,1.016,0.984,1.006,318282.87
1782921600000,1.006,1.009,0.995,0.997,69370.19
1782936000000,0.997,1.025,0.996,1.009,260114.49
1782950400000,1.009,1.015,1.0,1.005,112211.26
1782964800000,1.005,1.006,0.997,1.001,50716.79
1782979200000,1.001,1.014,1.0,1.005,77396.81
1782993600000,1.005,1.028,1.003,1.024,400665.85
1783008000000,1.024,1.042,1.02,1.02,339332.39
1783022400000,1.02,1.024,1.016,1.019,71713.02
1783036800000,1.019,1.02,1.004,1.007,128863.26
1783051200000,1.007,1.045,1.002,1.028,240577.71
1783065600000,1.028,1.048,1.027,1.045,149144.16
1783080000000,1.045,1.066,1.04,1.046,253406.71
1783094400000,1.046,1.063,1.042,1.058,76864.95
1783108800000,1.058,1.077,1.055,1.057,123475.84
1783123200000,1.057,1.062,1.039,1.042,74283.43
1783137600000,1.042,1.044,1.031,1.037,71379.33
1783152000000,1.037,1.067,1.035,1.056,629143.14
1783166400000,1.056,1.064,1.05,1.057,180928.11
1783180800000,1.057,1.066,1.054,1.054,135811.15
1783195200000,1.054,1.057,1.036,1.041,93885.32
1783209600000,1.041,1.069,1.02,1.024,204817.8
1783224000000,1.024,1.032,1.02,1.028,86473.19
1783238400000,1.028,1.028,1.013,1.016,149409.66
1783252800000,1.016,1.026,1.013,1.019,75155.72
1783267200000,1.019,1.029,1.015,1.022,49205.76
1783281600000,1.022,1.035,1.02,1.024,88369.12
1783296000000,1.024,1.033,1.009,1.012,123881.31
1783310400000,1.012,1.013,1.0,1.007,70834.4
1783324800000,1.007,1.011,0.998,1.004,100377.76
1783339200000,1.004,1.02,0.986,1.014,330132.81
1783353600000,1.014,1.024,1.011,1.013,115347.65
1783368000000,1.013,1.028,1.008,1.015,85520.39
1783382400000,1.015,1.024,1.0,1.003,101897.12
1783396800000,1.003,1.012,0.998,1.002,95387.05
1783411200000,1.002,1.009,1.0,1.005,61343.67
1783425600000,1.005,1.012,0.989,1.002,125368.32
1783440000000,1.002,1.006,0.985,0.991,118578.28
1783454400000,0.991,0.996,0.976,0.986,150083.31
1783468800000,0.986,0.996,0.964,0.967,180374.64
1783483200000,0.967,0.986,0.965,0.977,209870.19
1783497600000,0.977,0.994,0.956,0.992,716891.3
1783512000000,0.992,0.997,0.974,0.981,339926.41
1783526400000,0.981,0.995,0.98,0.991,88139.07
1783540800000,0.991,1.0,0.988,0.997,247035.08
1783555200000,0.997,1.011,0.995,1.002,212386.8
1783569600000,1.002,1.017,1.002,1.004,111913.86
1783584000000,1.004,1.01,1.001,1.007,64480.39
1783598400000,1.007,1.01,0.999,1.0,84858.38
1783612800000,1.0,1.009,0.997,1.004,53552.39
1783627200000,1.004,1.011,1.003,1.007,41866.12
1783641600000,1.007,1.016,1.001,1.008,98811.78
1783656000000,1.008,1.009,1.003,1.004,39601.63
1783670400000,1.004,1.015,1.003,1.011,60186.9
1783684800000,1.011,1.013,0.994,1.003,81293.0
1783699200000,1.003,1.009,0.999,1.003,39897.56
1783713600000,1.003,1.012,1.003,1.005,49983.02
1783728000000,1.005,1.011,1.004,1.007,36791.33
1783742400000,1.007,1.026,1.005,1.014,178801.95
1783756800000,1.014,1.017,1.005,1.012,87400.31
1783771200000,1.012,1.014,1.002,1.009,54824.96
1783785600000,1.009,1.012,1.005,1.01,31418.1
1783800000000,1.01,1.013,0.991,0.991,87034.05
1783814400000,0.991,1.008,0.983,1.004,92769.1
1783828800000,1.004,1.005,0.991,0.997,44809.95
1783843200000,0.997,1.001,0.994,0.998,41103.91
1783857600000,0.998,1.003,0.994,0.997,56269.58
1783872000000,0.997,1.001,0.994,0.996,59316.95
1783886400000,0.996,0.998,0.983,0.987,130011.93
1783900800000,0.987,1.002,0.97,0.976,119646.06
1783915200000,0.976,0.986,0.972,0.985,87476.61
1783929600000,0.985,0.99,0.981,0.983,64062.77
1783944000000,0.983,0.995,0.981,0.988,86584.21
1783958400000,0.988,0.991,0.976,0.985,61167.31
1783972800000,0.985,0.986,0.968,0.982,59168.78
1783987200000,0.982,0.985,0.972,0.975,73729.05
1784001600000,0.975,0.98,0.973,0.978,33431.17
1784016000000,0.978,0.98,0.972,0.973,60182.28
1784030400000,0.973,1.005,0.972,0.998,196578.36
1784044800000,0.998,1.003,0.988,0.995,80185.4
1784059200000,0.995,1.003,0.989,1.001,50861.13
1784073600000,1.001,1.009,0.992,0.996,46731.04
1784088000000,0.996,1.001,0.99,0.994,81095.55
1784102400000,0.994,1.0,0.989,0.991,96337.99
1784116800000,0.991,1.005,0.988,0.993,99743.95
1784131200000,0.993,0.995,0.979,0.99,92080.08
1784145600000,0.99,0.995,0.989,0.992,45921.33
1784160000000,0.992,1.011,0.991,1.008,174701.13
1784174400000,1.008,1.016,1.002,1.006,202783.77
1784188800000,1.006,1.014,0.997,1.0,339084.58
1784203200000,1.0,1.011,0.995,1.004,175269.52
1784217600000,1.004,1.006,0.991,0.991,89873.01
1784232000000,0.991,0.992,0.976,0.979,128700.8
1784246400000,0.979,0.986,0.973,0.981,77781.72
1784260800000,0.981,0.984,0.958,0.96,154685.03
1784275200000,0.96,0.96,0.93,0.934,500561.15
1784289600000,0.934,0.936,0.911,0.933,344561.6
1784304000000,0.933,0.947,0.931,0.938,156459.14
1784318400000,0.938,0.95,0.936,0.945,84382.8
1784332800000,0.945,0.948,0.934,0.942,168999.06
1784347200000,0.942,0.943,0.932,0.933,71171.68
1784361600000,0.933,0.938,0.927,0.929,114978.28
1784376000000,0.929,0.939,0.926,0.934,85456.13
1784390400000,0.934,0.942,0.93,0.931,116708.34
1784404800000,0.931,0.935,0.931,0.933,58624.53
1784419200000,0.933,0.94,0.93,0.936,44748.11
1784433600000,0.936,0.939,0.928,0.928,106628.55
1784448000000,0.928,0.932,0.924,0.926,57722.64
1784462400000,0.926,0.931,0.923,0.925,60109.35
1784476800000,0.925,0.927,0.913,0.921,121513.82
1784491200000,0.921,0.933,0.921,0.929,53653.19
1784505600000,0.929,0.936,0.919,0.921,102638.9
1784520000000,0.921,0.929,0.905,0.928,196459.87
1784534400000,0.928,0.933,0.921,0.927,193178.8
1784548800000,0.927,0.928,0.912,0.924,137882.81
1784563200000,0.924,0.929,0.915,0.924,124517.78
1784577600000,0.924,0.93,0.92,0.926,58981.79
1784592000000,0.926,0.933,0.925,0.932,53851.32
1784606400000,0.932,0.944,0.927,0.934,101508.54
1784620800000,0.934,0.937,0.928,0.932,95645.96
1784635200000,0.932,0.936,0.928,0.932,89278.92
1784649600000,0.932,0.933,0.922,0.928,52912.42
1784664000000,0.928,0.936,0.925,0.93,98247.25
1784678400000,0.93,0.94,0.927,0.928,117003.33
1784692800000,0.928,0.931,0.92,0.923,90842.42
1784707200000,0.923,0.926,0.921,0.924,48522.47
1784721600000,0.924,0.931,0.918,0.924,102204.77
1784736000000,0.924,0.931,0.918,0.922,90007.78
1784750400000,0.922,0.925,0.917,0.921,60536.34
1784764800000,0.921,0.924,0.91,0.914,81395.13
1784779200000,0.914,0.914,0.907,0.91,87836.18
1784793600000,0.91,0.912,0.905,0.908,83728.22
1784808000000,0.908,0.911,0.899,0.905,122513.65
1784822400000,0.905,0.907,0.898,0.902,69151.85
1784836800000,0.902,0.907,0.894,0.899,84240.02
1784851200000,0.899,0.902,0.88,0.886,233903.1
1784865600000,0.886,0.9,0.884,0.899,115141.45
1784880000000,0.899,0.901,0.891,0.894,86683.55
1784894400000,0.894,0.896,0.873,0.875,309582.17
1784908800000,0.875,0.887,0.875,0.883,143075.93
1784923200000,0.883,0.891,0.879,0.889,73337.26
1784937600000,0.889,0.899,0.884,0.889,163441.49
1784952000000,0.889,0.902,0.889,0.893,148841.18
1784966400000,0.893,0.896,0.885,0.887,76842.82
1784980800000,0.887,0.894,0.887,0.89,63616.65
1784995200000,0.89,0.896,0.889,0.896,38875.1
1785009600000,0.896,0.9,0.89,0.891,56233.93
1785024000000,0.891,0.893,0.888,0.888,61498.59
1785038400000,0.888,0.894,0.888,0.891,57395.97
1785052800000,0.891,0.896,0.889,0.893,77700.42
1785067200000,0.893,0.897,0.892,0.895,60655.0
1785081600000,0.895,0.898,0.882,0.885,104131.83
1785096000000,0.885,0.897,0.885,0.896,107517.72
1785110400000,0.896,0.898,0.889,0.889,54129.11
1785124800000,0.889,0.897,0.888,0.89,75744.87
1785139200000,0.89,0.892,0.877,0.879,115439.76
1785153600000,0.879,0.888,0.855,0.858,241506.0
1785168000000,0.858,0.864,0.852,0.862,105299.49
1785182400000,0.862,0.867,0.833,0.844,272177.64
1785196800000,0.844,0.848,0.833,0.84,130053.33
1785211200000,0.84,0.84,0.829,0.833,106508.53
1785225600000,0.833,0.845,0.833,0.842,142962.29
1785240000000,0.842,0.848,0.826,0.846,191260.99
1785254400000,0.846,0.851,0.841,0.848,86130.42
1785268800000,0.848,0.85,0.836,0.839,63192.32
1785283200000,0.839,0.843,0.812,0.813,243171.84
1785297600000,0.813,0.819,0.807,0.818,166535.2
1785312000000,0.818,0.819,0.81,0.817,88872.2
1785326400000,0.817,0.821,0.81,0.817,89996.58
1785340800000,0.817,0.831,0.812,0.815,149040.29
1785355200000,0.815,0.826,0.802,0.82,172332.07
1785369600000,0.82,0.826,0.816,0.824,76987.73
1785384000000,0.824,0.831,0.819,0.825,60224.22
1785398400000,0.825,0.827,0.819,0.822,47272.56
1785412800000,0.822,0.834,0.821,0.827,155668.75
1785427200000,0.827,0.835,0.825,0.833,99130.0
1785441600000,0.833,0.836,0.827,0.829,96126.24
1785456000000,0.829,0.839,0.822,0.828,108201.18
1785470400000,0.828,0.845,0.825,0.839,166354.62
1785484800000,0.839,0.841,0.827,0.835,79875.42
1785499200000,0.835,0.837,0.819,0.83,135278.56
1785513600000,0.83,0.839,0.83,0.834,118272.32
1785528000000,0.834,0.848,0.834,0.844,188745.18
1785542400000,0.844,0.845,0.837,0.839,84555.18
1785556800000,0.839,0.844,0.837,0.838,59140.78
1785571200000,0.838,0.845,0.837,0.837,56939.62
1785585600000,0.837,0.84,0.832,0.833,34308.72
1785600000000,0.833,0.838,0.818,0.825,100024.4
1785614400000,0.825,0.831,0.823,0.827,15073.37
1785628800000,0.827,0.837,0.826,0.833,29456.85
1785643200000,0.833,0.836,0.828,0.828,34040.08
1785657600000,0.828,0.831,0.824,0.827,60744.89
1785672000000,0.827,0.831,0.825,0.828,45693.18
1785686400000,0.828,0.835,0.826,0.83,37007.33
1785700800000,0.83,0.836,0.83,0.833,36747.55
1785715200000,0.833,0.834,0.815,0.818,117574.3
1785729600000,0.818,0.823,0.815,0.817,49782.93
1785744000000,0.817,0.828,0.813,0.822,63301.78
1785758400000,0.822,0.837,0.822,0.834,79353.85
1785772800000,0.834,0.837,0.828,0.833,73797.57
1785787200000,0.833,0.837,0.828,0.831,47464.68
1785801600000,0.831,0.832,0.825,0.828,60084.04
1785816000000,0.828,0.833,0.826,0.83,41067.95
1785830400000,0.83,0.83,0.825,0.827,54526.58
1785844800000,0.827,0.829,0.82,0.825,83401.39
1785859200000,0.825,0.83,0.824,0.825,29495.42
1785873600000,0.825,0.829,0.822,0.822,47121.16
1785888000000,0.822,0.85,0.821,0.847,380279.2
1785902400000,0.847,0.853,0.841,0.844,226729.09
1785916800000,0.844,0.858,0.84,0.851,196149.34
1785931200000,0.851,0.868,0.84,0.861,272554.97
1785945600000,0.861,0.869,0.857,0.868,212996.27
1785960000000,0.868,0.872,0.862,0.872,119465.38
1785974400000,0.872,0.918,0.866,0.878,1292297.1
1785988800000,0.878,0.888,0.867,0.885,449128.7
1786003200000,0.885,0.897,0.882,0.885,251908.36
1786017600000,0.885,0.901,0.88,0.887,243333.79
1786032000000,0.887,0.894,0.884,0.886,102839.02
1786046400000,0.886,0.899,0.886,0.892,128738.09
1786060800000,0.892,0.914,0.877,0.88,391944.47
1786075200000,0.88,0.903,0.878,0.898,212357.51
1786089600000,0.898,0.908,0.893,0.9,141113.25
1786104000000,0.9,0.907,0.89,0.895,134660.97
1786118400000,0.895,0.899,0.888,0.89,71826.38
1786132800000,0.89,0.891,0.881,0.887,37259.76
1786147200000,0.887,0.893,0.881,0.892,47917.38
1786161600000,0.892,0.898,0.888,0.895,58230.35
1786176000000,0.895,0.9,0.891,0.894,52542.36
1786190400000,0.894,0.902,0.891,0.9,69347.9
1786204800000,0.9,0.919,0.899,0.914,122044.09
1786219200000,0.914,0.929,0.913,0.918,255303.59
1786233600000,0.918,0.929,0.909,0.918,177940.71
1786248000000,0.918,0.929,0.909,0.91,108117.99
1786262400000,0.91,0.912,0.9,0.903,64720.05
1786276800000,0.903,0.906,0.9,0.904,50857.01
1786291200000,0.904,0.909,0.902,0.904,43163.87
1786305600000,0.904,0.91,0.896,0.899,61368.41
1786320000000,0.899,0.911,0.896,0.897,91243.8
1786334400000,0.897,0.901,0.891,0.895,98075.43
1786348800000,0.895,0.925,0.888,0.924,173118.36
1786363200000,0.924,0.94,0.914,0.916,432542.51
1786377600000,0.916,0.927,0.911,0.922,160656.11
1786392000000,0.922,0.923,0.907,0.912,79839.03
1786406400000,0.912,0.918,0.906,0.915,82396.36
1786420800000,0.915,0.915,0.9,0.903,82796.26
1786435200000,0.903,0.906,0.897,0.902,118407.09
1786449600000,0.902,0.904,0.878,0.88,208954.98
1786464000000,0.88,0.886,0.877,0.884,50490.47
1786478400000,0.884,0.896,0.883,0.894,76298.99
1786492800000,0.894,0.919,0.886,0.906,691281.6
1786507200000,0.906,0.929,0.898,0.903,280957.16
1786521600000,0.903,0.903,0.881,0.882,233379.58
1786536000000,0.882,0.889,0.867,0.877,240498.33
1786550400000,0.877,0.877,0.861,0.864,75915.97
1786564800000,0.864,0.868,0.851,0.861,86228.57
1786579200000,0.861,0.867,0.856,0.859,106748.84
1786593600000,0.859,0.867,0.858,0.862,41955.68
1786608000000,0.862,0.874,0.859,0.868,63419.19
1786622400000,0.868,0.879,0.863,0.871,129073.88
1786636800000,0.871,0.871,0.857,0.862,54103.53
1786651200000,0.862,0.874,0.86,0.866,65650.42
1786665600000,0.866,0.867,0.859,0.861,32637.57
1786680000000,0.861,0.863,0.852,0.854,39078.9
1786694400000,0.854,0.865,0.852,0.862,217692.89
1786708800000,0.862,0.876,0.856,0.87,367087.64
1786723200000,0.87,0.914,0.869,0.882,622901.17
1786737600000,0.882,0.893,0.881,0.893,81619.81
1786752000000,0.893,0.903,0.881,0.883,116906.08
1786766400000,0.883,0.892,0.873,0.876,125020.27
1786780800000,0.876,0.879,0.872,0.877,67547.15
1786795200000,0.877,0.879,0.873,0.877,44384.95
1786809600000,0.877,0.879,0.871,0.875,41917.24
1786824000000,0.875,0.875,0.865,0.868,48947.57
1786838400000,0.868,0.869,0.856,0.861,83569.57
1786852800000,0.861,0.873,0.859,0.869,62695.37
1786867200000,0.869,0.882,0.866,0.872,213112.05
1786881600000,0.872,0.884,0.871,0.88,60228.4
1786896000000,0.88,0.884,0.876,0.879,25046.62
1786910400000,0.879,0.879,0.861,0.866,70237.34
1786924800000,0.866,0.876,0.865,0.873,59689.88
1786939200000,0.873,0.874,0.864,0.864,42162.64
1786953600000,0.864,0.865,0.847,0.853,146781.48
1786968000000,0.853,0.857,0.848,0.855,73188.27
1786982400000,0.855,0.856,0.849,0.85,28994.9
1786996800000,0.85,0.857,0.85,0.853,69426.56
1787011200000,0.853,0.854,0.837,0.845,107988.0
1787025600000,0.845,0.851,0.84,0.842,39594.14
1787040000000,0.842,0.845,0.839,0.842,30172.26
1787054400000,0.842,0.846,0.835,0.844,62966.7
1787068800000,0.844,0.847,0.84,0.841,33522.84
1787083200000,0.841,0.842,0.837,0.838,38525.11
1787097600000,0.838,0.851,0.837,0.85,69985.74
1787112000000,0.85,0.856,0.848,0.853,66801.52
1787126400000,0.853,0.856,0.85,0.854,38660.91
1787140800000,0.854,0.889,0.852,0.872,203592.58
1787155200000,0.872,0.883,0.872,0.883,144916.4
1787169600000,0.883,0.913,0.881,0.901,255451.6
1787184000000,0.901,0.915,0.896,0.907,221361.18
1787198400000,0.907,0.914,0.9,0.905,88810.08
1787212800000,0.905,0.939,0.905,0.937,249102.36
1787227200000,0.937,0.949,0.924,0.948,316555.38
1787241600000,0.948,0.958,0.942,0.948,218539.44
1787256000000,0.948,0.964,0.946,0.961,155010.66
1787270400000,0.961,0.994,0.96,0.971,524792.48
1787284800000,0.971,0.998,0.969,0.997,228340.81
1787299200000,0.997,1.021,0.995,1.009,444244.68
1787313600000,1.009,1.03,1.006,1.019,304419.85
1787328000000,1.019,1.027,1.0,1.001,199240.98
1787342400000,1.001,1.069,0.997,1.068,367782.31
1787356800000,1.068,1.084,1.061,1.072,144348.08
