time,open,high,low,close,volume
1643198400000,1.67479,1.68129,1.63037,1.651,699943.3
1643212800000,1.6473,1.73921,1.59724,1.65474,1249743.9
1643227200000,1.6505,1.6505,1.50114,1.55028,769162.0
1643241600000,1.5526,1.59519,1.4552,1.4696,1033817.9
1643256000000,1.46732,1.51597,1.46267,1.50399,506334.5
1643270400000,1.50582,1.5804,1.48808,1.57886,921685.7
1643284800000,1.57876,1.65168,1.57836,1.61016,791707.4
1643299200000,1.61065,1.62685,1.55003,1.56465,825370.7
1643313600000,1.56971,1.58284,1.49631,1.58066,855716.1
1643328000000,1.57583,1.67824,1.57068,1.66873,662212.4
1643342400000,1.67271,1.68667,1.59662,1.59704,679913.7
1643356800000,1.59616,1.62133,1.57404,1.60476,530072.1
1643371200000,1.60847,1.63503,1.56361,1.63185,771846.4
1643385600000,1.6331,1.66512,1.59393,1.62,801310.2
1643400000000,1.6206,1.66071,1.6125,1.63885,478497.2
1643414400000,1.63875,1.67428,1.63132,1.67263,478570.0
1643428800000,1.67203,1.72163,1.67084,1.71361,486277.5
1643443200000,1.71597,1.73173,1.69845,1.72257,378782.2
1643457600000,1.72085,1.7404,1.65915,1.67755,504250.6
1643472000000,1.6779,1.72223,1.66555,1.70726,379039.6
1643486400000,1.70716,1.76111,1.69546,1.75813,537233.2
1643500800000,1.75926,1.87755,1.75002,1.8517,999983.7
1643515200000,1.85347,1.86176,1.83059,1.83779,464430.7
1643529600000,1.83909,1.84229,1.78657,1.80147,375932.4
1643544000000,1.79989,1.81476,1.73892,1.81107,436144.6
1643558400000,1.81473,1.82751,1.73387,1.7498,536888.2
1643572800000,1.74907,1.82541,1.73265,1.78598,508595.3
1643587200000,1.78577,1.79745,1.68364,1.75509,1143033.1
1643601600000,1.75473,1.78362,1.7202,1.78229,514298.4
1643616000000,1.77952,1.82501,1.75937,1.78902,563757.8
1643630400000,1.79155,1.88571,1.76617,1.84839,775079.8
1643644800000,1.84915,1.91574,1.83839,1.88107,680921.3
1643659200000,1.8824,1.8979,1.86234,1.88434,399317.5
1643673600000,1.88396,1.90474,1.85529,1.868,438173.8
1643688000000,1.8689,1.8691,1.81773,1.84823,332935.2
1643702400000,1.84801,1.8825,1.82214,1.84798,379167.5
1643716800000,1.84797,1.87174,1.8242,1.84819,339669.3
1643731200000,1.84899,1.869,1.82532,1.83144,403064.9
1643745600000,1.83169,1.86573,1.83169,1.83809,194701.8
1643760000000,1.83788,1.85959,1.80828,1.84645,218020.9
1643774400000,1.84568,1.84732,1.80767,1.81389,177014.0
1643788800000,1.81395,1.84173,1.80744,1.83668,189205.2
1643803200000,1.83378,1.85731,1.73955,1.74381,450681.1
1643817600000,1.74299,1.77176,1.70413,1.76137,294315.6
1643832000000,1.76007,1.76308,1.67134,1.69194,463419.1
1643846400000,1.69194,1.70316,1.64708,1.66455,342011.1
1643860800000,1.66265,1.69858,1.6597,1.69566,176374.7
1643875200000,1.69544,1.70992,1.63239,1.67866,415987.3
1643889600000,1.67926,1.67996,1.62435,1.67232,502216.2
1643904000000,1.67134,1.68355,1.62329,1.63052,278518.4
1643918400000,1.63383,1.70529,1.61694,1.699,287840.9
1643932800000,1.70145,1.70145,1.66889,1.67745,234527.3
1643947200000,1.68056,1.72078,1.66291,1.7043,283468.3
1643961600000,1.70469,1.72992,1.70469,1.7058,342330.4
1643976000000,1.70624,1.76644,1.67336,1.73829,744398.8
1643990400000,1.73795,1.83471,1.73629,1.81631,648727.6
1644004800000,1.81589,1.82414,1.79715,1.81981,261677.1
1644019200000,1.82229,1.91389,1.80741,1.8985,787152.8
1644033600000,1.8991,1.99153,1.8986,1.91001,729121.0
1644048000000,1.9082,1.95602,1.9043,1.94151,399860.7
1644062400000,1.94079,1.97451,1.92191,1.96068,492600.3
1644076800000,1.96028,1.96525,1.85924,1.8994,545839.1
1644091200000,1.9001,1.95,1.88532,1.91409,247081.9
1644105600000,1.91409,2.05421,1.91369,1.99412,816478.4
1644120000000,1.99486,2.01811,1.95425,1.98827,351733.7
1644134400000,1.98754,2.03846,1.97115,1.98182,459978.8
1644148800000,1.98182,2.02118,1.90435,2.00137,659807.0
1644163200000,2.0021,2.07292,1.98592,1.99432,540225.8
1644177600000,1.99304,2.07723,1.95682,2.05963,464316.4
1644192000000,2.05829,2.12865,2.02419,2.11985,580674.8
1644206400000,2.12105,2.12105,2.07054,2.08664,270938.5
1644220800000,2.08524,2.09214,2.02523,2.06363,223266.2
1644235200000,2.06504,2.1406,2.04179,2.13475,314613.2
1644249600000,2.13475,2.1679,2.10424,2.14225,427534.7
1644264000000,2.14151,2.15376,2.0878,2.08914,299916.4
1644278400000,2.09334,2.14237,2.03895,2.13265,303336.1
1644292800000,2.12985,2.1684,2.08838,2.09004,320899.5
1644307200000,2.08951,2.09724,1.9674,2.0202,482603.4
1644321600000,2.01965,2.01965,1.92788,1.95031,452221.5
1644336000000,1.9483,1.96428,1.91561,1.94181,354421.2
1644350400000,1.93865,2.12211,1.93515,2.11427,516815.9
1644364800000,2.11543,2.14949,2.03279,2.04851,607085.8
1644379200000,2.05006,2.10175,2.00782,2.09181,307921.5
1644393600000,2.08627,2.09826,2.05099,2.08542,296927.2
1644408000000,2.08527,2.17346,2.08284,2.14704,523986.5
1644422400000,2.14654,2.18805,2.13006,2.17228,345205.5
1644436800000,2.17336,2.19,2.14245,2.15658,275196.0
1644451200000,2.15696,2.15976,2.07131,2.08784,265824.2
1644465600000,2.08686,2.11859,2.06078,2.11859,242539.7
1644480000000,2.11765,2.14684,2.10756,2.12884,221807.3
1644494400000,2.12755,2.13495,1.97724,2.09775,934312.3
1644508800000,2.09812,2.11205,2.01417,2.01517,248426.7
1644523200000,2.01516,2.04093,1.97438,1.98606,195422.9
1644537600000,1.98542,2.00869,1.94321,1.97514,457785.9
1644552000000,1.97559,2.01807,1.96034,2.00983,262854.6
1644566400000,2.00958,2.02297,1.98369,2.00672,155654.7
1644580800000,2.00642,2.05326,1.99938,2.04766,226358.7
1644595200000,2.04697,2.0507,1.89113,1.8993,538073.9
1644609600000,1.9004,1.90353,1.79168,1.83099,514094.8
1644624000000,1.83099,1.8721,1.8,1.83679,384586.8
1644638400000,1.83742,1.85609,1.75591,1.79888,299036.5
1644652800000,1.79877,1.82452,1.76938,1.81449,354391.0
1644667200000,1.81331,1.81526,1.75366,1.78402,263181.5
1644681600000,1.7847,1.87038,1.77388,1.83031,257213.6
1644696000000,1.83138,1.85579,1.7811,1.81216,202932.8
1644710400000,1.81242,1.83859,1.78558,1.78878,269826.3
1644724800000,1.78936,1.80402,1.77108,1.80003,159859.9
1644739200000,1.80011,1.81424,1.77547,1.80183,150874.3
1644753600000,1.80258,1.81225,1.78255,1.78832,179463.7
1644768000000,1.78846,1.80242,1.70365,1.72627,362062.1
1644782400000,1.72619,1.76335,1.72063,1.73505,313849.9
1644796800000,1.73527,1.74336,1.67762,1.70944,292601.3
1644811200000,1.7101,1.72734,1.68442,1.72734,168607.8
1644825600000,1.72777,1.73985,1.69173,1.69926,286659.2
1644840000000,1.70056,1.77982,1.67647,1.74307,389054.3
1644854400000,1.7438,1.7707,1.69114,1.70686,290047.5
1644868800000,1.70622,1.76125,1.69853,1.75047,156861.5
1644883200000,1.75095,1.82571,1.74234,1.81121,368910.9
1644897600000,1.81382,1.85832,1.80747,1.84881,181277.8
1644912000000,1.84943,1.90965,1.84891,1.87964,339145.0
1644926400000,1.87929,1.89417,1.85376,1.8783,326508.6
1644940800000,1.8778,1.93953,1.8763,1.90591,411495.3
1644955200000,1.9047,1.97708,1.89173,1.97508,264959.5
1644969600000,1.97548,2.00175,1.9482,1.97662,382681.4
1644984000000,1.9746,2.01036,1.9391,1.99788,233217.2
1644998400000,1.99788,2.00763,1.94336,1.96989,204176.9
1645012800000,1.96915,1.97422,1.88371,1.90869,494787.8
1645027200000,1.90949,2.00455,1.89267,1.99417,363616.1
1645041600000,1.99798,1.99986,1.94269,1.9492,232514.5
1645056000000,1.9481,1.9956,1.94501,1.95202,315591.0
1645070400000,1.95191,1.95987,1.90759,1.94964,278414.5
1645084800000,1.94989,1.95296,1.86543,1.87798,315842.9
1645099200000,1.8786,1.89704,1.80584,1.82885,328956.1
1645113600000,1.82889,1.84304,1.73595,1.76878,554478.4
1645128000000,1.76642,1.76642,1.70697,1.73908,400473.6
1645142400000,1.73905,1.775,1.7189,1.76673,285463.9
1645156800000,1.76821,1.79225,1.75473,1.77343,188610.2
1645171200000,1.77354,1.79728,1.728,1.73148,211275.7
1645185600000,1.73343,1.7606,1.66706,1.67786,438273.7
1645200000000,1.67802,1.699,1.64933,1.6887,495290.7
1645214400000,1.69076,1.69236,1.65989,1.67411,200765.5
1645228800000,1.67294,1.69606,1.66506,1.67883,204377.8
1645243200000,1.6803,1.70864,1.67249,1.70105,177813.1
1645257600000,1.7002,1.70882,1.61594,1.62861,285891.8
1645272000000,1.62995,1.65847,1.60243,1.65514,261449.6
1645286400000,1.65625,1.69221,1.63551,1.63923,195170.2
1645300800000,1.63844,1.66369,1.63046,1.6599,154510.1
1645315200000,1.66085,1.66275,1.61331,1.61905,196745.0
1645329600000,1.61933,1.62715,1.53761,1.55873,457621.8
1645344000000,1.55715,1.5601,1.50953,1.53503,364239.3
1645358400000,1.53488,1.55523,1.48562,1.52515,337310.9
1645372800000,1.52408,1.54718,1.51803,1.53643,232782.7
1645387200000,1.53583,1.57756,1.50508,1.53313,290344.4
1645401600000,1.53257,1.6184,1.51885,1.57858,326319.9
1645416000000,1.58254,1.63239,1.58039,1.63025,239708.5
1645430400000,1.62929,1.63624,1.49281,1.50517,385875.4
1645444800000,1.50313,1.5781,1.46051,1.53927,823762.4
1645459200000,1.53799,1.55064,1.46402,1.49198,750772.6
1645473600000,1.49093,1.5,1.37779,1.3867,830733.9
1645488000000,1.3869,1.4174,1.33669,1.35516,560675.8
1645502400000,1.35713,1.41004,1.35477,1.3896,592042.9
1645516800000,1.3895,1.46306,1.3812,1.43568,696231.2
1645531200000,1.43611,1.45863,1.4068,1.43123,662370.7
1645545600000,1.43108,1.44274,1.40331,1.43711,521778.6
1645560000000,1.43779,1.47322,1.41878,1.47119,342141.7
1645574400000,1.47005,1.4924,1.42803,1.433,478926.4
1645588800000,1.43364,1.47446,1.42927,1.4735,449404.0
1645603200000,1.47431,1.5283,1.46807,1.51182,742019.5
1645617600000,1.51113,1.53607,1.47147,1.47229,514358.8
1645632000000,1.47248,1.50855,1.41434,1.4198,446111.6
1645646400000,1.41739,1.43131,1.3774,1.3847,678916.0
1645660800000,1.38616,1.39971,1.24426,1.25601,1263729.6
1645675200000,1.25637,1.27109,1.1608,1.21964,1935453.9
1645689600000,1.22105,1.25169,1.18025,1.20884,1393216.4
1645704000000,1.20886,1.25587,1.19068,1.25129,1433892.8
1645718400000,1.24992,1.36256,1.23733,1.36101,735642.0
1645732800000,1.36111,1.42324,1.31917,1.35731,474299.5
1645747200000,1.35751,1.39335,1.34969,1.38013,683302.9
1645761600000,1.37958,1.3826,1.34058,1.36271,392688.4
1645776000000,1.3627,1.37935,1.31838,1.37549,541061.1
1645790400000,1.37549,1.43651,1.3749,1.4216,775986.5
1645804800000,1.4185,1.42702,1.38251,1.38854,464043.4
1645819200000,1.3876,1.46141,1.38208,1.44959,280950.4
1645833600000,1.45044,1.51658,1.44568,1.48434,476394.8
1645848000000,1.48492,1.49224,1.44221,1.47018,211650.4
1645862400000,1.47019,1.48522,1.43256,1.44691,330608.7
1645876800000,1.44644,1.46935,1.431,1.45353,215526.5
1645891200000,1.45381,1.46367,1.42823,1.45523,322429.9
1645905600000,1.45511,1.47236,1.4254,1.44221,248106.2
1645920000000,1.44241,1.44813,1.38185,1.39754,560324.9
1645934400000,1.39795,1.42464,1.38683,1.41528,187288.6
1645948800000,1.41326,1.47161,1.3991,1.47146,348283.5
1645963200000,1.47174,1.49179,1.4081,1.47079,671839.9
1645977600000,1.47039,1.47189,1.38185,1.38628,421983.0
1645992000000,1.3854,1.4034,1.34801,1.37514,531484.4
1646006400000,1.37389,1.39015,1.33664,1.36188,487253.5
1646020800000,1.36199,1.40481,1.34584,1.4013,278568.3
1646035200000,1.40238,1.41666,1.38369,1.40307,295254.0
1646049600000,1.4041,1.47604,1.37929,1.46835,704458.0
1646064000000,1.47006,1.48481,1.45409,1.47401,404186.9
1646078400000,1.4745,1.59156,1.47029,1.56543,374583.3
1646092800000,1.56553,1.59146,1.53291,1.54576,333821.6
1646107200000,1.54649,1.56473,1.52508,1.5644,240614.5
1646121600000,1.5644,1.56941,1.5079,1.54487,370050.8
1646136000000,1.54267,1.64215,1.54267,1.56613,745333.3
1646150400000,1.56457,1.59111,1.53943,1.57644,297766.2
1646164800000,1.57856,1.60846,1.56983,1.59984,229026.1
1646179200000,1.59889,1.61616,1.54225,1.60633,375753.3
1646193600000,1.60796,1.61603,1.54268,1.55672,253231.5
1646208000000,1.55677,1.58604,1.53875,1.57974,319520.0
1646222400000,1.58014,1.59761,1.51724,1.55279,683355.8
1646236800000,1.55383,1.57383,1.53162,1.54399,218112.7
1646251200000,1.54437,1.5741,1.54057,1.54723,156968.8
1646265600000,1.54695,1.56075,1.50508,1.52258,178836.6
1646280000000,1.51948,1.53847,1.502,1.52864,186025.4
1646294400000,1.52943,1.538,1.50609,1.52824,173375.6
1646308800000,1.52727,1.55242,1.45911,1.47288,327973.8
1646323200000,1.47481,1.48368,1.44756,1.46792,249153.3
1646337600000,1.46679,1.49462,1.45718,1.48028,173489.1
1646352000000,1.48004,1.48474,1.4021,1.42414,273397.7
1646366400000,1.42345,1.4382,1.41228,1.43376,191277.3
1646380800000,1.43259,1.46402,1.41206,1.45606,233222.5
1646395200000,1.45941,1.46439,1.41155,1.4139,340615.9
1646409600000,1.41273,1.42803,1.36817,1.37169,310521.8
1646424000000,1.37019,1.37575,1.3376,1.36085,265029.2
1646438400000,1.36031,1.37551,1.32222,1.36409,247595.1
1646452800000,1.36454,1.40609,1.34825,1.3998,258249.5
1646467200000,1.40057,1.43989,1.39084,1.4089,284075.5
1646481600000,1.40796,1.42006,1.38928,1.40431,185007.7
1646496000000,1.40471,1.43559,1.4044,1.4275,174135.4
1646510400000,1.42625,1.43636,1.40995,1.41928,156088.6
1646524800000,1.41907,1.47389,1.41526,1.43401,374037.8
1646539200000,1.43167,1.44125,1.40826,1.42096,208455.1
1646553600000,1.41919,1.41969,1.35294,1.37179,300552.2
1646568000000,1.37114,1.39497,1.36135,1.37453,202197.3
1646582400000,1.37465,1.39312,1.35686,1.36431,177232.4
1646596800000,1.36377,1.38947,1.33478,1.34319,258410.3
1646611200000,1.342,1.36296,1.30633,1.31437,367461.2
1646625600000,1.3158,1.33463,1.30422,1.30548,177796.1
1646640000000,1.30548,1.33217,1.29863,1.33099,179990.4
1646654400000,1.32982,1.39621,1.32982,1.3765,363989.5
1646668800000,1.37687,1.39044,1.28589,1.29392,313434.8
1646683200000,1.29048,1.33561,1.27846,1.30711,255008.9
1646697600000,1.30656,1.35361,1.29678,1.33531,265107.7
1646712000000,1.33696,1.34577,1.3091,1.33974,174313.2
1646726400000,1.34042,1.36422,1.33463,1.35172,190723.6
1646740800000,1.35295,1.35863,1.30998,1.32692,234167.7
1646755200000,1.32806,1.37664,1.31756,1.34291,221357.4
1646769600000,1.34311,1.34623,1.31109,1.33911,198309.6
1646784000000,1.33891,1.40278,1.33555,1.39435,408797.6
1646798400000,1.3984,1.41539,1.38601,1.409,309119.8
1646812800000,1.40744,1.42,1.39335,1.40099,205455.0
1646827200000,1.40096,1.41668,1.37766,1.4003,291188.6
1646841600000,1.39952,1.44469,1.37761,1.4083,384079.7
1646856000000,1.4081,1.4106,1.36835,1.3941,211974.7
1646870400000,1.39328,1.40122,1.34199,1.35048,324690.3
1646884800000,1.35036,1.35409,1.30422,1.31956,400140.1
1646899200000,1.31953,1.32881,1.30422,1.32188,218325.3
1646913600000,1.32103,1.35247,1.2987,1.31982,392015.0
1646928000000,1.31906,1.33782,1.30834,1.33701,221166.8
1646942400000,1.33661,1.34471,1.3245,1.33151,188037.6
1646956800000,1.33019,1.33624,1.29173,1.30914,268795.3
1646971200000,1.30937,1.33692,1.29178,1.32984,215368.2
1646985600000,1.33164,1.34564,1.30597,1.33889,225913.5
1647000000000,1.33919,1.35921,1.31175,1.31638,310974.0
1647014400000,1.31626,1.31718,1.29606,1.30092,179550.5
1647028800000,1.30151,1.34062,1.28734,1.30724,226375.9
1647043200000,1.30672,1.34138,1.30492,1.33148,189988.7
1647057600000,1.33088,1.34651,1.32542,1.33242,160362.5
1647072000000,1.33246,1.33931,1.31638,1.32949,152140.6
1647086400000,1.32968,1.35081,1.32274,1.33555,195660.6
1647100800000,1.33586,1.34459,1.32226,1.32321,156989.3
1647115200000,1.3233,1.3319,1.31572,1.31805,157647.1
1647129600000,1.31802,1.38399,1.31323,1.35931,386765.6
1647144000000,1.36372,1.37971,1.3482,1.3602,320845.3
1647158400000,1.36115,1.36471,1.34041,1.34393,280371.6
1647172800000,1.34259,1.34879,1.31387,1.34311,251985.1
1647187200000,1.34331,1.35061,1.32624,1.32624,187235.9
1647201600000,1.32616,1.33752,1.28303,1.29445,279967.9
1647216000000,1.29625,1.30742,1.28194,1.30016,255748.3
1647230400000,1.29976,1.32903,1.29822,1.31878,210177.7
1647244800000,1.31853,1.32768,1.30562,1.30621,182600.9
1647259200000,1.30648,1.31442,1.29445,1.30892,200135.1
1647273600000,1.30933,1.3206,1.28187,1.29854,263223.1
1647288000000,1.29794,1.33678,1.2919,1.32813,248904.1
1647302400000,1.32685,1.33376,1.30408,1.30798,196215.3
1647316800000,1.30808,1.31466,1.28081,1.29174,200693.6
1647331200000,1.29198,1.2955,1.27783,1.29402,149518.9
1647345600000,1.2937,1.31976,1.28389,1.31056,157859.5
1647360000000,1.31191,1.34283,1.3073,1.33062,198702.2
1647374400000,1.33318,1.33861,1.31175,1.32321,156108.4
1647388800000,1.32576,1.37249,1.30722,1.31008,499718.7
1647403200000,1.30715,1.35556,1.3015,1.35381,198136.3
1647417600000,1.35528,1.36581,1.3417,1.35008,331760.8
1647432000000,1.3504,1.37185,1.33557,1.35475,266807.7
1647446400000,1.3551,1.404,1.32289,1.403,570670.5
1647460800000,1.40386,1.42697,1.39898,1.4237,233311.6
1647475200000,1.4229,1.4382,1.40184,1.4201,345787.1
1647489600000,1.41889,1.4219,1.39234,1.40124,219598.1
1647504000000,1.40203,1.4098,1.38759,1.3992,159173.5
1647518400000,1.40076,1.427,1.39913,1.41347,247515.1
1647532800000,1.41488,1.44179,1.4126,1.42451,271608.1
1647547200000,1.4251,1.43249,1.40201,1.4043,168485.4
1647561600000,1.40378,1.40601,1.36538,1.37394,238819.3
1647576000000,1.37325,1.4014,1.36918,1.37911,160747.0
1647590400000,1.37904,1.39015,1.36538,1.37341,159336.8
1647604800000,1.37362,1.4065,1.36952,1.4041,162781.6
1647619200000,1.4041,1.45714,1.40276,1.45589,184884.3
1647633600000,1.45711,1.45989,1.43068,1.44919,161076.4
1647648000000,1.45033,1.46836,1.43836,1.45143,165261.1
1647662400000,1.45138,1.45761,1.44262,1.44505,152600.4
1647676800000,1.44539,1.48458,1.4445,1.47881,157698.7
1647691200000,1.47962,1.50868,1.47121,1.50308,234031.9
1647705600000,1.50303,1.55157,1.48979,1.52159,281647.9
1647720000000,1.52138,1.5307,1.48292,1.51055,238136.0
1647734400000,1.51055,1.51508,1.4711,1.48082,196905.7
1647748800000,1.48061,1.48532,1.46291,1.47663,160459.8
1647763200000,1.47674,1.48332,1.44109,1.44649,198373.6
1647777600000,1.44619,1.45226,1.42201,1.43519,214882.4
1647792000000,1.43463,1.45179,1.41734,1.44817,169795.2
1647806400000,1.44811,1.45859,1.4361,1.44188,151482.7
1647820800000,1.442,1.44957,1.4028,1.4175,181239.7
1647835200000,1.41677,1.44902,1.41482,1.44902,156009.9
1647849600000,1.44877,1.4764,1.44451,1.46589,169893.8
1647864000000,1.46885,1.48042,1.43411,1.45765,233093.8
1647878400000,1.4579,1.45909,1.4217,1.44193,156537.2
1647892800000,1.44193,1.4478,1.43091,1.43601,157023.1
1647907200000,1.43441,1.47902,1.42686,1.47273,280885.8
1647921600000,1.47296,1.4933,1.46004,1.47499,272607.2
1647936000000,1.47449,1.49618,1.46919,1.49488,172433.5
1647950400000,1.49507,1.49672,1.46889,1.46921,171169.9
1647964800000,1.46921,1.47571,1.45291,1.45351,152607.7
1647979200000,1.45331,1.47579,1.45192,1.45733,154173.3
1647993600000,1.45722,1.48818,1.43721,1.45849,202596.5
1648008000000,1.45829,1.47429,1.44544,1.46259,189464.3
1648022400000,1.46197,1.49292,1.4527,1.48828,162448.0
1648036800000,1.48901,1.55399,1.4803,1.55017,449273.0
1648051200000,1.55243,1.56649,1.50859,1.5342,276171.9
1648065600000,1.53457,1.55717,1.52323,1.53153,190493.4
1648080000000,1.53143,1.68505,1.53104,1.62845,1090462.9
1648094400000,1.62681,1.63809,1.61384,1.63095,227253.1
1648108800000,1.63153,1.6576,1.60883,1.64615,345721.9
1648123200000,1.64645,1.64815,1.59031,1.63757,465396.1
1648137600000,1.6373,1.66826,1.62658,1.65532,282810.0
1648152000000,1.65571,1.7012,1.64002,1.68584,220361.7
1648166400000,1.68584,1.68726,1.63258,1.66009,227589.8
1648180800000,1.65678,1.67504,1.64395,1.64725,191140.4
1648195200000,1.64677,1.67906,1.61788,1.66782,238369.0
1648209600000,1.66797,1.68926,1.62353,1.63333,243772.6
1648224000000,1.63253,1.64425,1.57224,1.61556,301270.7
1648238400000,1.61528,1.62151,1.60232,1.61484,164949.8
1648252800000,1.6152,1.62629,1.58517,1.61404,159125.6
1648267200000,1.61391,1.63369,1.6107,1.62986,153242.8
1648281600000,1.6282,1.64266,1.62482,1.62945,166209.9
1648296000000,1.62922,1.64169,1.6131,1.63205,154555.8
1648310400000,1.63224,1.64855,1.62795,1.63765,158636.0
1648324800000,1.63707,1.66,1.63268,1.65813,157103.6
1648339200000,1.65785,1.69437,1.6461,1.66425,193294.0
1648353600000,1.665,1.68689,1.65803,1.68544,164753.1
1648368000000,1.68588,1.7302,1.67203,1.72353,222754.5
1648382400000,1.72283,1.78352,1.65885,1.73875,539580.2
1648396800000,1.73847,1.74683,1.7139,1.73425,213694.4
1648411200000,1.73446,1.79968,1.72107,1.79348,274944.0
1648425600000,1.79257,1.80229,1.76705,1.79598,219988.8
1648440000000,1.79478,1.83331,1.76818,1.82049,197610.1
1648454400000,1.81991,1.84861,1.8005,1.83139,171563.9
1648468800000,1.83193,1.84311,1.78742,1.78742,179235.6
1648483200000,1.78742,1.83826,1.76882,1.81501,194209.3
1648497600000,1.81586,1.83826,1.68164,1.71241,372906.9
1648512000000,1.70904,1.77373,1.70545,1.74726,248287.4
1648526400000,1.74967,1.7909,1.74381,1.75131,215165.3
1648540800000,1.75447,1.79321,1.75232,1.79004,238344.8
1648555200000,1.79056,1.82341,1.74526,1.75053,355152.1
1648569600000,1.75043,1.76952,1.71057,1.7607,274737.6
1648584000000,1.76042,1.77338,1.70025,1.75113,183847.1
1648598400000,1.75115,1.75117,1.66826,1.72857,264594.2
1648612800000,1.72802,1.7613,1.70506,1.75512,157896.6
1648627200000,1.755,1.77367,1.73594,1.76127,161877.7
1648641600000,1.76268,1.76923,1.71756,1.76862,209806.9
1648656000000,1.76772,1.83741,1.76212,1.79347,301670.1
1648670400000,1.79352,1.80912,1.77234,1.79731,172215.1
1648684800000,1.79731,1.88347,1.78405,1.82559,309283.8
1648699200000,1.82468,1.97178,1.81583,1.95091,526035.1
1648713600000,1.94829,1.97094,1.91869,1.93092,545095.8
1648728000000,1.93221,1.95152,1.78183,1.8406,1005118.4
1648742400000,1.84161,1.8437,1.73797,1.785,429843.5
1648756800000,1.7855,1.82493,1.75831,1.79512,215795.1
1648771200000,1.7956,1.8758,1.73247,1.76619,601394.4
1648785600000,1.76703,1.83921,1.75777,1.83249,221391.3
1648800000000,1.83081,1.86086,1.80639,1.82991,201437.9
1648814400000,1.82949,1.89362,1.78694,1.86636,349214.4
1648828800000,1.8697,1.90436,1.84846,1.88952,191545.2
1648843200000,1.8901,1.8901,1.84161,1.86274,163979.3
1648857600000,1.8608,1.92678,1.85029,1.8938,336175.6
1648872000000,1.8952,1.9238,1.8927,1.91321,163094.4
1648886400000,1.91179,1.92869,1.89899,1.90837,164739.2
1648900800000,1.90808,1.92231,1.82486,1.85159,328937.3
1648915200000,1.85041,1.88643,1.81672,1.85326,255390.5
1648929600000,1.85409,1.88454,1.84359,1.85479,227785.9
1648944000000,1.85622,1.87933,1.7987,1.84521,302003.7
1648958400000,1.84601,1.88461,1.84463,1.8823,162614.3
1648972800000,1.88292,1.88979,1.84755,1.8646,271497.3
1648987200000,1.86501,1.89504,1.85741,1.8812,188149.7
1649001600000,1.88089,1.89275,1.83989,1.85388,171190.7
1649016000000,1.85346,1.91483,1.85105,1.8797,258747.0
1649030400000,1.8791,1.87954,1.82973,1.84054,249605.7
1649044800000,1.84053,1.8708,1.83194,1.8633,169184.7
1649059200000,1.86288,1.86543,1.80922,1.84651,225474.0
1649073600000,1.84253,1.85413,1.74687,1.74972,501997.7
1649088000000,1.75024,1.7661,1.69269,1.75188,254911.0
1649102400000,1.75247,1.78173,1.73913,1.77588,158232.4
1649116800000,1.77668,1.80931,1.7719,1.80472,161824.7
1649131200000,1.806,1.81181,1.77136,1.79632,154152.9
1649145600000,1.79612,1.79842,1.76718,1.79652,162705.0
1649160000000,1.79703,1.80894,1.73824,1.7531,276100.0
1649174400000,1.7532,1.77183,1.72605,1.74127,172972.4
1649188800000,1.73973,1.74321,1.69164,1.69979,197078.7
1649203200000,1.69949,1.702,1.58337,1.64825,515974.3
1649217600000,1.64876,1.68678,1.64,1.66701,166063.5
1649232000000,1.6673,1.67399,1.5917,1.61308,269010.6
1649246400000,1.61524,1.64415,1.53781,1.57166,523856.4
1649260800000,1.57194,1.58712,1.52279,1.58149,321467.3
1649275200000,1.58021,1.6026,1.51664,1.52167,184560.1
1649289600000,1.52142,1.54819,1.47862,1.53877,227357.3
1649304000000,1.53947,1.73583,1.53584,1.67806,1297134.7
1649318400000,1.67876,1.71533,1.63626,1.66428,700286.9
1649332800000,1.66555,1.6769,1.58823,1.61466,364793.2
1649347200000,1.61504,1.64727,1.60276,1.62575,205881.5
1649361600000,1.62493,1.68135,1.62343,1.67272,284883.9
1649376000000,1.67094,1.70056,1.66182,1.67625,283848.7
1649390400000,1.67819,1.68848,1.65872,1.67646,218424.6
1649404800000,1.67619,1.7475,1.66351,1.67272,594604.4
1649419200000,1.67091,1.7776,1.66181,1.74857,832063.5
1649433600000,1.74737,1.76792,1.68848,1.71324,503068.2
1649448000000,1.70983,1.73162,1.63627,1.65251,349809.3
1649462400000,1.65185,1.74133,1.64851,1.68254,466930.1
1649476800000,1.68616,1.72837,1.68034,1.70705,245093.2
1649491200000,1.70648,1.78393,1.69787,1.78252,500817.2
1649505600000,1.78242,1.82818,1.75586,1.76163,582088.1
1649520000000,1.76296,1.81921,1.76113,1.80702,321954.6
1649534400000,1.80786,1.81395,1.78571,1.80318,258992.7
1649548800000,1.80276,1.8097,1.75707,1.76228,335645.4
1649563200000,1.76228,1.77504,1.73904,1.76752,229255.1
1649577600000,1.7674,1.77411,1.70486,1.72747,474675.2
1649592000000,1.72655,1.73821,1.70436,1.72258,203533.5
1649606400000,1.72357,1.75941,1.71648,1.74738,360925.4
1649620800000,1.75087,1.76272,1.65715,1.66691,300622.4
1649635200000,1.66307,1.67102,1.59344,1.61306,270378.2
1649649600000,1.61218,1.63417,1.60757,1.62545,166192.0
1649664000000,1.62469,1.6288,1.51256,1.52453,361492.1
1649678400000,1.52483,1.53987,1.49742,1.51332,214335.7
1649692800000,1.5129,1.55667,1.50628,1.52399,226251.1
1649707200000,1.52456,1.52857,1.4663,1.50168,292706.0
1649721600000,1.50118,1.54773,1.49776,1.53861,490589.6
1649736000000,1.53787,1.59236,1.5322,1.56717,378429.3
1649750400000,1.56777,1.60178,1.55515,1.5932,258198.6
1649764800000,1.59346,1.61785,1.54847,1.56901,441354.2
1649779200000,1.57064,1.58392,1.49454,1.49773,224140.5
1649793600000,1.49852,1.56169,1.49449,1.55697,209972.8
1649808000000,1.55842,1.56937,1.5332,1.55553,180861.5
1649822400000,1.55503,1.57346,1.54532,1.55538,152311.1
1649836800000,1.55678,1.5658,1.52704,1.53531,171882.7
1649851200000,1.53557,1.60981,1.52543,1.59214,186624.5
1649865600000,1.59198,1.5976,1.56745,1.58463,149554.6
1649880000000,1.58524,1.59468,1.58125,1.59125,165763.4
1649894400000,1.59134,1.61405,1.58392,1.59528,176838.0
1649908800000,1.5953,1.59945,1.56803,1.57934,151913.1
1649923200000,1.58014,1.58424,1.54516,1.54772,194051.0
1649937600000,1.54788,1.57217,1.50415,1.50698,233326.1
1649952000000,1.50697,1.51683,1.49061,1.50297,183472.6
1649966400000,1.5017,1.5299,1.49648,1.52577,148240.1
1649980800000,1.52598,1.53386,1.50688,1.52745,155655.0
1649995200000,1.52816,1.53802,1.49549,1.5164,231706.2
1650009600000,1.51622,1.52037,1.50508,1.511,157936.2
1650024000000,1.51327,1.52278,1.48155,1.50912,167812.3
1650038400000,1.50838,1.51786,1.49827,1.50316,158269.3
1650052800000,1.50352,1.52976,1.50143,1.5273,153892.3
1650067200000,1.52658,1.53858,1.51875,1.52238,162069.6
1650081600000,1.52467,1.53748,1.50877,1.51113,163918.4
1650096000000,1.51262,1.51472,1.50368,1.50898,151895.1
1650110400000,1.50905,1.51316,1.47221,1.47678,188796.8
1650124800000,1.47742,1.49516,1.47399,1.49228,158667.8
1650139200000,1.49288,1.51412,1.49159,1.50575,152993.6
1650153600000,1.50549,1.50642,1.48208,1.48827,156534.6
1650168000000,1.48825,1.50347,1.4881,1.49596,151082.8
1650182400000,1.49507,1.50383,1.4926,1.50187,156530.7
1650196800000,1.50215,1.51984,1.49842,1.51569,156958.7
1650211200000,1.51583,1.51758,1.47295,1.48744,157997.7
1650225600000,1.488,1.49559,1.41656,1.42251,243834.7
1650240000000,1.42241,1.44177,1.4164,1.43409,157545.0
1650254400000,1.43581,1.43816,1.35028,1.36967,343075.6
1650268800000,1.37107,1.39353,1.36178,1.3829,154596.8
1650283200000,1.38498,1.41509,1.38287,1.38717,165336.7
1650297600000,1.3874,1.44557,1.36591,1.43321,219875.5
1650312000000,1.43275,1.45217,1.4309,1.44916,158736.0
1650326400000,1.44969,1.4676,1.43175,1.43739,155934.5
1650340800000,1.43801,1.46361,1.4373,1.45086,154050.9
1650355200000,1.45103,1.50738,1.44999,1.48905,252548.4
1650369600000,1.48876,1.52592,1.48808,1.50107,154222.7
1650384000000,1.50169,1.5216,1.4958,1.50589,152444.2
1650398400000,1.50431,1.52421,1.49234,1.51699,160880.5
1650412800000,1.51718,1.55586,1.48241,1.53077,358799.5
1650427200000,1.53298,1.5779,1.51512,1.56549,257192.5
1650441600000,1.56477,1.58242,1.55406,1.56813,246955.9
1650456000000,1.56696,1.56973,1.49268,1.50977,298644.6
1650470400000,1.51038,1.51821,1.47622,1.48932,159468.2
1650484800000,1.48896,1.52941,1.4813,1.51561,172020.6
1650499200000,1.51587,1.54098,1.51198,1.5323,91048.8
1650513600000,1.53259,1.54213,1.50751,1.53937,103598.8
1650528000000,1.53903,1.55642,1.51752,1.54772,163450.4
1650542400000,1.54757,1.55477,1.53012,1.53132,157884.9
1650556800000,1.53061,1.53348,1.48904,1.48992,168897.7
1650571200000,1.48904,1.4909,1.41032,1.43981,223928.5
1650585600000,1.43919,1.46771,1.43021,1.46015,160904.6
1650600000000,1.46068,1.4909,1.45421,1.47483,160577.0
1650614400000,1.47463,1.48013,1.44274,1.45903,160159.2
1650628800000,1.4593,1.46601,1.42098,1.42896,166253.7
1650643200000,1.42851,1.4486,1.42088,1.43679,157381.4
1650657600000,1.43898,1.44755,1.42132,1.44099,157561.6
1650672000000,1.44169,1.44938,1.407,1.4123,153068.1
1650686400000,1.41292,1.42437,1.39195,1.42392,156743.9
1650700800000,1.42405,1.43483,1.41999,1.43023,158098.6
1650715200000,1.43079,1.44213,1.4155,1.43935,159718.5
1650729600000,1.44109,1.44768,1.42261,1.42859,159845.6
1650744000000,1.42881,1.4358,1.39659,1.40333,148891.1
1650758400000,1.40455,1.42065,1.40148,1.41307,159065.2
1650772800000,1.4129,1.4174,1.40671,1.41507,153526.0
1650787200000,1.41526,1.41752,1.39277,1.39529,154870.2
1650801600000,1.39566,1.4014,1.36821,1.3921,175867.6
1650816000000,1.3914,1.40097,1.36531,1.39636,161841.1
1650830400000,1.39674,1.40865,1.37987,1.38993,156101.7
1650844800000,1.38939,1.39238,1.31512,1.34885,224891.1
1650859200000,1.34918,1.35513,1.28154,1.29252,178197.6
1650873600000,1.29242,1.32097,1.27924,1.32097,185621.2
1650888000000,1.32103,1.33651,1.30508,1.31804,160419.4
1650902400000,1.31918,1.37243,1.31557,1.37151,173293.5
1650916800000,1.37104,1.38281,1.36569,1.37729,154430.2
1650931200000,1.37839,1.3961,1.36591,1.37961,155399.0
1650945600000,1.37981,1.42065,1.37874,1.4049,160694.7
1650960000000,1.40559,1.41162,1.3668,1.38412,160092.2
1650974400000,1.382,1.3916,1.2932,1.29603,183158.7
1650988800000,1.29638,1.31933,1.27195,1.28714,154525.0
1651003200000,1.28818,1.30804,1.25821,1.27636,161889.5
1651017600000,1.27747,1.29832,1.25714,1.28397,158015.7
1651032000000,1.2837,1.31917,1.28033,1.31737,166526.6
1651046400000,1.31933,1.32482,1.28716,1.29427,159891.0
1651060800000,1.29668,1.3216,1.28532,1.30262,158323.8
1651075200000,1.30376,1.30936,1.27389,1.27986,178194.9
1651089600000,1.28058,1.30717,1.27944,1.30603,176298.2
1651104000000,1.30613,1.31642,1.29236,1.29692,157399.5
1651118400000,1.298,1.31917,1.29058,1.31382,160299.8
1651132800000,1.31192,1.3267,1.30433,1.31538,154336.1
1651147200000,1.31492,1.31928,1.26825,1.28536,169462.6
1651161600000,1.28527,1.31227,1.26977,1.28848,154902.2
1651176000000,1.28855,1.30277,1.28151,1.29705,154241.6
1651190400000,1.29739,1.3014,1.26484,1.26954,155160.2
1651204800000,1.26827,1.28898,1.25975,1.28772,157451.4
1651219200000,1.28742,1.29169,1.22289,1.24076,188817.6
1651233600000,1.24127,1.25628,1.23063,1.2395,155691.0
1651248000000,1.23885,1.24046,1.17755,1.19072,190420.2
1651262400000,1.18805,1.21664,1.18626,1.2097,157776.1
1651276800000,1.20888,1.22341,1.19911,1.20464,154192.7
1651291200000,1.20501,1.22446,1.20368,1.2081,155160.6
1651305600000,1.20801,1.20815,1.18795,1.19781,159713.4
1651320000000,1.19726,1.20199,1.13734,1.15651,210096.1
1651334400000,1.15617,1.16235,1.11876,1.13901,229241.3
1651348800000,1.13885,1.14015,1.00502,1.0584,474576.9
1651363200000,1.05835,1.0693,1.02172,1.06317,325319.2
1651377600000,1.06209,1.09235,1.05101,1.07697,204440.8
1651392000000,1.07699,1.09916,1.0696,1.07189,168784.3
1651406400000,1.07334,1.11445,1.05774,1.11014,231517.1
1651420800000,1.10919,1.12666,1.05,1.06185,238145.0
1651435200000,1.062,1.10544,1.0573,1.09608,168179.3
1651449600000,1.09614,1.11673,1.07986,1.08724,164121.4
1651464000000,1.08741,1.11278,1.08165,1.0917,151583.0
1651478400000,1.09447,1.09962,1.03877,1.04432,177439.9
1651492800000,1.04295,1.07393,1.03452,1.06337,193931.8
1651507200000,1.06242,1.06475,1.01722,1.05043,218075.3
1651521600000,1.05026,1.07941,1.03666,1.07071,164611.9
1651536000000,1.07153,1.09077,1.05558,1.08677,159614.8
1651550400000,1.08665,1.11193,1.08536,1.10471,156627.9
1651564800000,1.10417,1.12654,1.07754,1.12332,234747.7
1651579200000,1.12391,1.12654,1.08525,1.09083,220303.1
1651593600000,1.09077,1.09548,1.04255,1.0487,161823.9
1651608000000,1.04881,1.07586,1.0421,1.06563,164245.2
1651622400000,1.06544,1.10461,1.06034,1.07828,168852.6
1651636800000,1.07797,1.0977,1.06213,1.09302,161069.8
1651651200000,1.09373,1.13204,1.09331,1.11741,170153.6
1651665600000,1.11764,1.12373,1.07889,1.09473,166060.7
1651680000000,1.09473,1.17595,1.08843,1.17458,196535.1
1651694400000,1.17325,1.1897,1.16835,1.18039,177880.3
1651708800000,1.1809,1.20446,1.17225,1.19336,153965.6
1651723200000,1.19246,1.20236,1.17372,1.18035,154356.9
1651737600000,1.17974,1.18867,1.15248,1.17102,156764.9
1651752000000,1.17014,1.18675,1.04,1.05306,323692.9
1651766400000,1.05125,1.07267,1.03181,1.06698,251531.5
1651780800000,1.06475,1.07977,1.04761,1.06824,156083.2
1651795200000,1.06841,1.07593,1.04138,1.07187,160151.4
1651809600000,1.07248,1.07291,1.03129,1.05446,155238.5
1651824000000,1.05391,1.06322,1.01352,1.03003,172559.3
1651838400000,1.02979,1.0666,1.01166,1.03982,281315.7
1651852800000,1.03879,1.07077,1.02847,1.04809,194653.2
1651867200000,1.04692,1.05703,1.0363,1.04864,153140.6
1651881600000,1.04811,1.0541,1.0231,1.025,160272.8
1651896000000,1.0252,1.05219,1.00931,1.04867,159247.0
1651910400000,1.04777,1.05369,1.03782,1.04382,158431.3
1651924800000,1.04348,1.04695,1.02586,1.03566,152430.5
1651939200000,1.03506,1.04098,1.02928,1.03081,154684.4
1651953600000,1.03031,1.03073,0.96941,0.99551,208813.2
1651968000000,0.99563,1.00206,0.95479,0.97399,177142.9
1651982400000,0.97408,0.98477,0.96579,0.97461,160971.7
1651996800000,0.9744,1.00021,0.97196,0.99824,159494.4
1652011200000,0.99769,0.9983,0.95621,0.96706,154843.6
1652025600000,0.96712,0.98548,0.9399,0.97611,178162.5
1652040000000,0.97547,0.97791,0.94859,0.95785,159456.5
1652054400000,0.95819,0.98124,0.92244,0.93512,194973.6
1652068800000,0.93628,0.9508,0.9131,0.91833,159387.6
1652083200000,0.91837,0.92173,0.86747,0.88249,236570.5
1652097600000,0.88197,0.88959,0.84746,0.85662,307562.9
1652112000000,0.85602,0.86159,0.77737,0.80143,625185.5
1652126400000,0.80265,0.84792,0.75835,0.76613,390978.7
1652140800000,0.76403,0.81276,0.73686,0.77937,472863.1
1652155200000,0.77963,0.88239,0.77508,0.84862,298826.9
1652169600000,0.84814,0.88132,0.83959,0.87681,339734.9
1652184000000,0.87747,0.90432,0.83001,0.85858,548908.0
1652198400000,0.86043,0.87778,0.82663,0.83001,303949.1
1652212800000,0.82856,0.83357,0.77652,0.81512,562419.7
1652227200000,0.81512,0.85172,0.78723,0.80648,459309.9
1652241600000,0.80586,0.82285,0.72134,0.75158,518466.2
1652256000000,0.75306,0.82047,0.74244,0.75104,432011.9
1652270400000,0.75154,0.77217,0.61677,0.67955,1560275.1
1652284800000,0.68067,0.69065,0.61164,0.62064,903830.3
1652299200000,0.62002,0.63656,0.56594,0.62456,737057.2
1652313600000,0.62451,0.67128,0.55658,0.56033,738302.6
1652328000000,0.56034,0.57275,0.48611,0.55214,1761360.1
1652342400000,0.55532,0.57964,0.51515,0.55142,1261471.6
1652356800000,0.55035,0.60612,0.54151,0.57815,758168.2
1652371200000,0.57758,0.63384,0.57447,0.58882,550918.6
1652385600000,0.58913,0.59284,0.55347,0.57937,342539.7
1652400000000,0.58025,0.71175,0.57487,0.6907,720899.0
1652414400000,0.69115,0.76465,0.6855,0.70075,790258.5
1652428800000,0.70371,0.76613,0.70371,0.75021,1149352.6
1652443200000,0.75221,0.75589,0.71346,0.72172,902806.8
1652457600000,0.72436,0.74014,0.66925,0.67915,757349.9
1652472000000,0.67763,0.70132,0.66565,0.67495,228253.2
1652486400000,0.67416,0.77697,0.67096,0.73881,801546.0
1652500800000,0.7394,0.74026,0.70195,0.71424,330618.8
1652515200000,0.7145,0.71685,0.66487,0.68683,207592.4
1652529600000,0.68638,0.68823,0.64914,0.65674,291215.4
1652544000000,0.65532,0.71634,0.64494,0.70425,205027.1
1652558400000,0.70646,0.74897,0.6938,0.74254,202376.4
1652572800000,0.74366,0.7527,0.70096,0.70895,207016.3
1652587200000,0.70979,0.73305,0.7,0.7145,158234.0
1652601600000,0.7142,0.73933,0.7013,0.7354,167449.2
1652616000000,0.7366,0.74505,0.70136,0.70958,198630.4
1652630400000,0.70915,0.73084,0.70322,0.72246,179143.5
1652644800000,0.72197,0.77513,0.71786,0.77433,184012.9
1652659200000,0.77394,0.77394,0.72525,0.73104,188945.4
1652673600000,0.73238,0.73702,0.67966,0.69575,188808.8
1652688000000,0.69701,0.71886,0.68845,0.7094,160106.0
1652702400000,0.70977,0.72708,0.69696,0.70736,213484.6
1652716800000,0.70978,0.72038,0.69811,0.70837,148563.2
1652731200000,0.70763,0.72737,0.69745,0.70322,154631.2
1652745600000,0.70394,0.73767,0.70056,0.73446,171611.9
1652760000000,0.73519,0.74736,0.72928,0.73024,158802.2
1652774400000,0.73044,0.74176,0.72812,0.72955,153910.3
1652788800000,0.72924,0.75284,0.71115,0.7242,160391.2
1652803200000,0.72443,0.72894,0.69516,0.72162,189159.4
1652817600000,0.72137,0.75071,0.71938,0.74031,155541.6
1652832000000,0.7394,0.75145,0.71034,0.71252,158655.6
1652846400000,0.71182,0.72832,0.70795,0.72434,147795.8
1652860800000,0.72588,0.74864,0.71212,0.71687,182212.1
1652875200000,0.71781,0.72713,0.66113,0.66895,166997.4
1652889600000,0.66905,0.68387,0.6563,0.68218,181747.4
1652904000000,0.68186,0.68279,0.64304,0.64678,160070.7
1652918400000,0.64625,0.66945,0.625,0.65574,208804.2
1652932800000,0.6551,0.66893,0.64316,0.6525,158239.3
1652947200000,0.65315,0.67128,0.63161,0.66975,161139.6
1652961600000,0.67041,0.71366,0.65952,0.70509,214851.7
1652976000000,0.70452,0.70703,0.67729,0.67729,157952.7
1652990400000,0.67709,0.703,0.67355,0.69812,154974.1
1653004800000,0.69912,0.71346,0.68647,0.68794,164340.0
1653019200000,0.68799,0.69755,0.67676,0.68889,151811.5
1653033600000,0.68871,0.7131,0.68563,0.70697,156139.1
1653048000000,0.70787,0.7102,0.6563,0.65984,165540.3
1653062400000,0.65887,0.67055,0.64633,0.66902,155297.7
1653076800000,0.66948,0.67835,0.65813,0.66472,155746.5
1653091200000,0.66524,0.68522,0.65436,0.67344,153213.8
1653105600000,0.6741,0.67758,0.6561,0.67241,152079.6
1653120000000,0.67227,0.68842,0.66601,0.67384,166214.2
1653134400000,0.6732,0.6902,0.67007,0.6902,157494.4
1653148800000,0.68955,0.69702,0.67922,0.68262,153678.2
1653163200000,0.68281,0.6934,0.66945,0.68845,153077.6
1653177600000,0.68839,0.70878,0.68433,0.69453,157484.8
1653192000000,0.69463,0.70577,0.68018,0.70545,155291.0
1653206400000,0.70554,0.73286,0.70356,0.71412,152986.9
1653220800000,0.71405,0.7299,0.7021,0.70905,161515.7
1653235200000,0.7091,0.71503,0.6934,0.70501,161007.0
1653249600000,0.7046,0.72448,0.7046,0.71689,150423.6
1653264000000,0.71696,0.74139,0.70654,0.71493,243210.0
1653278400000,0.71483,0.7417,0.71453,0.73586,153268.2
1653292800000,0.73525,0.73982,0.72096,0.73225,154012.3
1653307200000,0.73265,0.73766,0.71291,0.73426,171472.2
1653321600000,0.73407,0.74596,0.68729,0.68835,163906.0
1653336000000,0.68729,0.7063,0.66546,0.67651,185185.1
1653350400000,0.67622,0.69091,0.67365,0.68885,160606.6
1653364800000,0.6895,0.69354,0.68126,0.69221,151883.9
1653379200000,0.69209,0.69215,0.66414,0.67997,150991.6
1653393600000,0.67967,0.68194,0.64058,0.67563,181988.6
1653408000000,0.676,0.67937,0.65336,0.66852,157475.8
1653422400000,0.66966,0.69057,0.66284,0.68575,151844.5
1653436800000,0.68519,0.69408,0.67027,0.69056,157444.2
1653451200000,0.69091,0.69091,0.66644,0.67193,154697.0
1653465600000,0.67235,0.67832,0.65684,0.65886,165018.9
1653480000000,0.65824,0.67802,0.65687,0.66988,168005.1
1653494400000,0.66871,0.68009,0.66372,0.67357,156536.8
1653508800000,0.67385,0.69393,0.67271,0.68185,156383.6
1653523200000,0.68276,0.70945,0.68141,0.70622,176421.3
1653537600000,0.70618,0.71185,0.65662,0.6687,184286.2
1653552000000,0.66776,0.66863,0.62374,0.62898,242173.0
1653566400000,0.62871,0.65139,0.59937,0.64793,304154.2
1653580800000,0.64916,0.6617,0.62917,0.6295,180964.3
1653595200000,0.62909,0.64615,0.62294,0.62738,159301.5
1653609600000,0.62645,0.63488,0.59447,0.61906,166960.5
1653624000000,0.61886,0.62121,0.5909,0.60959,154364.0
1653638400000,0.60887,0.62684,0.60284,0.62126,158023.6
1653652800000,0.61935,0.63795,0.60869,0.61167,160849.8
1653667200000,0.61214,0.61577,0.57893,0.59424,189322.7
1653681600000,0.59361,0.60719,0.586,0.59151,158802.9
1653696000000,0.59161,0.60943,0.5808,0.60068,153147.4
1653710400000,0.60125,0.60838,0.59274,0.59564,162411.0
1653724800000,0.59517,0.59969,0.58665,0.59415,152522.4
1653739200000,0.59377,0.60723,0.59158,0.60227,173041.0
1653753600000,0.60202,0.60763,0.59134,0.59965,158348.0
1653768000000,0.60039,0.60483,0.59274,0.5992,152705.0
1653782400000,0.59941,0.60316,0.58102,0.58932,171006.7
1653796800000,0.58934,0.59765,0.58623,0.59313,159119.5
1653811200000,0.59303,0.60084,0.58827,0.60035,153370.8
1653825600000,0.60026,0.60869,0.59731,0.6006,156641.8
1653840000000,0.60078,0.60769,0.59876,0.60607,162427.3
1653854400000,0.60537,0.61411,0.60327,0.61265,156008.1
1653868800000,0.61282,0.63906,0.60553,0.63318,212315.9
1653883200000,0.63311,0.65135,0.62856,0.64799,157055.8
1653897600000,0.64835,0.65322,0.63564,0.63863,155305.9
1653912000000,0.6386,0.64647,0.62941,0.64071,153883.6
1653926400000,0.64122,0.6505,0.63838,0.64486,160180.4
1653940800000,0.64578,0.67735,0.64344,0.67102,161657.4
1653955200000,0.67193,0.71706,0.67029,0.70459,380832.7
1653969600000,0.70462,0.70958,0.67868,0.69661,162696.1
1653984000000,0.69715,0.70903,0.68799,0.70395,164836.4
1653998400000,0.70306,0.7048,0.67165,0.70002,238789.4
1654012800000,0.69982,0.7026,0.68096,0.68405,185448.7
1654027200000,0.68322,0.70526,0.68322,0.69851,153994.1
1654041600000,0.69842,0.70845,0.67272,0.67615,167375.6
1654056000000,0.67635,0.68509,0.66945,0.67549,155468.5
1654070400000,0.67669,0.68633,0.67441,0.67981,157563.5
1654084800000,0.68058,0.6926,0.65988,0.65988,150953.9
1654099200000,0.66025,0.66044,0.64112,0.64724,155363.3
1654113600000,0.64717,0.64717,0.62376,0.63556,176709.7
1654128000000,0.63518,0.64275,0.62216,0.62435,169634.7
1654142400000,0.62517,0.63856,0.62183,0.63421,155420.8
1654156800000,0.63503,0.64815,0.63137,0.64797,163167.0
1654171200000,0.64769,0.64869,0.62681,0.64002,250018.3
1654185600000,0.64061,0.64494,0.63153,0.63838,214290.3
1654200000000,0.6385,0.65262,0.63769,0.65026,159536.7
1654214400000,0.65085,0.65132,0.64112,0.64347,153882.8
1654228800000,0.64346,0.64473,0.63264,0.63651,157452.6
1654243200000,0.63713,0.63816,0.6084,0.61371,154968.8
1654257600000,0.61361,0.6179,0.60119,0.60521,150981.1
1654272000000,0.60527,0.61126,0.60292,0.60695,155580.8
1654286400000,0.60695,0.6227,0.60599,0.61193,162765.3
1654300800000,0.6119,0.62327,0.59765,0.6041,166025.0
1654315200000,0.60413,0.62177,0.60344,0.61938,164438.1
1654329600000,0.61881,0.62363,0.61308,0.61435,154168.7
1654344000000,0.6134,0.62073,0.60594,0.61796,160117.4
1654358400000,0.61788,0.61812,0.61049,0.6128,158623.4
1654372800000,0.61261,0.62561,0.6123,0.62127,161614.4
1654387200000,0.62156,0.62354,0.60843,0.61566,159028.7
1654401600000,0.61555,0.6215,0.61067,0.61894,159553.1
1654416000000,0.61877,0.62322,0.61343,0.62026,157669.1
1654430400000,0.62035,0.6315,0.61791,0.63106,157809.9
1654444800000,0.63116,0.638,0.62836,0.63431,152309.3
1654459200000,0.63405,0.64184,0.62882,0.63131,154277.5
1654473600000,0.63129,0.66226,0.62903,0.65735,154245.7
1654488000000,0.65765,0.66692,0.65168,0.66195,179298.4
1654502400000,0.66263,0.66983,0.65262,0.65677,155387.3
1654516800000,0.65655,0.66131,0.64494,0.65123,158005.6
1654531200000,0.65188,0.65188,0.63467,0.64362,156444.4
1654545600000,0.64344,0.65487,0.63654,0.65246,154557.3
1654560000000,0.65256,0.65334,0.60838,0.61521,261394.5
1654574400000,0.61458,0.62154,0.61256,0.62102,148370.1
1654588800000,0.62064,0.62519,0.60921,0.61197,275864.5
1654603200000,0.61181,0.62727,0.6061,0.62039,158544.6
1654617600000,0.61994,0.64154,0.6161,0.63502,154003.5
1654632000000,0.6351,0.64952,0.61718,0.62591,201907.1
1654646400000,0.6261,0.63856,0.61296,0.61566,179597.8
1654660800000,0.61623,0.62987,0.61284,0.62621,155836.6
1654675200000,0.62579,0.62866,0.62064,0.62583,154085.5
1654689600000,0.62542,0.63284,0.61622,0.62754,159834.9
1654704000000,0.62673,0.62924,0.61027,0.61603,158403.1
1654718400000,0.61616,0.62524,0.61473,0.61981,152971.2
1654732800000,0.62014,0.62082,0.60755,0.61927,174338.5
1654747200000,0.61923,0.62517,0.61857,0.62517,150107.3
1654761600000,0.62494,0.63243,0.6208,0.62133,155657.1
1654776000000,0.62121,0.6302,0.61509,0.62969,158258.3
1654790400000,0.62965,0.64648,0.6238,0.62409,166503.2
1654804800000,0.62441,0.631,0.61705,0.62211,149328.9
1654819200000,0.62192,0.63124,0.60562,0.6264,167110.1
1654833600000,0.62648,0.62738,0.61847,0.61864,155975.7
1654848000000,0.61872,0.62114,0.60727,0.61253,159202.9
1654862400000,0.61246,0.61673,0.57998,0.58912,234083.5
1654876800000,0.58869,0.58987,0.57272,0.58325,172054.5
1654891200000,0.58288,0.59005,0.57541,0.58119,159183.9
1654905600000,0.58136,0.59468,0.57927,0.59168,158038.7
1654920000000,0.59385,0.59793,0.58981,0.59717,149538.8
1654934400000,0.59707,0.59838,0.55369,0.55732,218214.1
1654948800000,0.5573,0.56318,0.5254,0.53153,564565.9
1654963200000,0.53174,0.54664,0.5262,0.5387,158703.9
1654977600000,0.53842,0.54777,0.53295,0.53804,156056.1
1654992000000,0.53814,0.54265,0.49579,0.50283,461173.4
1655006400000,0.50276,0.51111,0.48879,0.51111,198028.7
1655020800000,0.51078,0.52228,0.50407,0.51379,179278.9
1655035200000,0.51461,0.53906,0.49219,0.53412,408752.8
1655049600000,0.53336,0.53432,0.51706,0.51805,175141.2
1655064000000,0.51759,0.52154,0.48756,0.48772,190817.9
1655078400000,0.48765,0.49395,0.44295,0.4583,643683.4
1655092800000,0.4576,0.46889,0.42727,0.43335,480169.6
1655107200000,0.43385,0.43565,0.41008,0.41686,908015.3
1655121600000,0.41797,0.44469,0.41797,0.4399,957505.3
1655136000000,0.43994,0.4637,0.43714,0.45662,528179.3
1655150400000,0.45738,0.47555,0.43365,0.45051,340561.2
1655164800000,0.4498,0.45713,0.40949,0.4543,1785317.6
1655179200000,0.454,0.48011,0.44516,0.47755,522668.5
1655193600000,0.47716,0.49519,0.4506,0.4727,550955.1
1655208000000,0.4729,0.47887,0.46055,0.47348,388025.5
1655222400000,0.47289,0.47591,0.44469,0.44963,406354.6
1655236800000,0.44975,0.4565,0.43542,0.45364,218238.9
1655251200000,0.45301,0.45611,0.43493,0.43632,156417.9
1655265600000,0.43554,0.43607,0.4163,0.41823,383380.8
1655280000000,0.41749,0.4361,0.40443,0.43225,526757.4
1655294400000,0.43197,0.4429,0.42659,0.43511,243156.9
1655308800000,0.43494,0.46867,0.41463,0.45783,836486.9
1655323200000,0.4573,0.48515,0.45437,0.48515,166323.8
1655337600000,0.4846,0.49124,0.46938,0.46957,192359.5
1655352000000,0.4696,0.47664,0.45265,0.45357,151317.6
1655366400000,0.45333,0.45792,0.42963,0.4347,241074.0
1655380800000,0.435,0.44578,0.42365,0.43861,322330.5
1655395200000,0.43849,0.44899,0.43184,0.43346,200993.9
1655409600000,0.43288,0.44412,0.41747,0.42693,226612.1
1655424000000,0.4272,0.44316,0.42276,0.43177,168659.7
1655438400000,0.43159,0.44985,0.4313,0.44476,154252.8
1655452800000,0.44481,0.45681,0.43838,0.44534,160713.2
1655467200000,0.44511,0.44919,0.43432,0.44076,205801.4
1655481600000,0.44006,0.44547,0.4354,0.43767,155250.6
1655496000000,0.43836,0.4456,0.43542,0.44005,157787.0
1655510400000,0.43999,0.44673,0.42761,0.43582,163958.4
1655524800000,0.43612,0.43994,0.40167,0.40641,283753.9
1655539200000,0.40727,0.42205,0.39907,0.4155,284443.4
1655553600000,0.41575,0.41849,0.40793,0.40919,165262.7
1655568000000,0.4092,0.41908,0.38829,0.38976,309121.9
1655582400000,0.38972,0.41868,0.37904,0.41275,517904.6
1655596800000,0.41388,0.41807,0.39657,0.40064,272722.7
1655611200000,0.401,0.41369,0.39459,0.40165,467681.3
1655625600000,0.40171,0.43316,0.39727,0.42931,428730.3
1655640000000,0.42975,0.43386,0.41915,0.43281,300708.4
1655654400000,0.43229,0.44469,0.421,0.43528,264699.1
1655668800000,0.43506,0.44954,0.43455,0.44175,230201.6
1655683200000,0.44176,0.4454,0.425,0.43307,224649.3
1655697600000,0.43316,0.4466,0.42726,0.44,151740.3
1655712000000,0.43992,0.4658,0.4397,0.46439,246138.4
1655726400000,0.46457,0.4658,0.44862,0.45821,194439.0
1655740800000,0.45792,0.46025,0.44469,0.4541,163490.9
1655755200000,0.45449,0.46317,0.44336,0.45995,164146.9
1655769600000,0.46055,0.46677,0.44858,0.4661,189126.8
1655784000000,0.46633,0.48255,0.4603,0.4724,238783.8
1655798400000,0.47203,0.49531,0.47132,0.48075,179416.4
1655812800000,0.48102,0.50105,0.47888,0.49073,230778.9
1655827200000,0.49077,0.49313,0.47129,0.47193,165728.0
1655841600000,0.47167,0.47905,0.46444,0.4687,155767.7
1655856000000,0.46871,0.47067,0.45225,0.45281,239718.2
1655870400000,0.45281,0.46341,0.448,0.44845,155414.5
1655884800000,0.44852,0.4619,0.44691,0.45938,146432.6
1655899200000,0.45921,0.48571,0.45171,0.4633,379875.2
1655913600000,0.46356,0.47353,0.45722,0.46827,201874.5
1655928000000,0.46798,0.47275,0.45689,0.46435,175100.2
1655942400000,0.46375,0.54103,0.46263,0.51076,777661.8
1655956800000,0.51044,0.52279,0.50485,0.51539,313469.9
1655971200000,0.51489,0.52158,0.50699,0.51397,186169.3
1655985600000,0.51431,0.51714,0.49291,0.49803,266023.3
1656000000000,0.49815,0.51285,0.49221,0.51266,160762.3
1656014400000,0.51273,0.52409,0.50865,0.52218,231209.3
1656028800000,0.52242,0.53379,0.52209,0.52638,197169.6
1656043200000,0.5267,0.52942,0.51449,0.52409,156256.4
1656057600000,0.52432,0.54024,0.52214,0.53348,188504.9
1656072000000,0.53409,0.54094,0.51907,0.52614,172004.7
1656086400000,0.52597,0.54357,0.524,0.54119,213664.4
1656100800000,0.54095,0.55554,0.54026,0.54345,217216.6
1656115200000,0.54367,0.55941,0.53251,0.55284,178463.9
1656129600000,0.55298,0.56122,0.54618,0.55873,163174.5
1656144000000,0.55887,0.56891,0.55086,0.55308,159806.6
1656158400000,0.55309,0.55536,0.53445,0.53582,223630.9
1656172800000,0.53526,0.61764,0.53343,0.61443,488804.5
1656187200000,0.61542,0.62216,0.57775,0.58493,359732.5
1656201600000,0.58503,0.60307,0.57694,0.58795,343121.0
1656216000000,0.58843,0.6,0.58404,0.59218,175787.3
1656230400000,0.59281,0.6,0.58797,0.5968,176463.3
1656244800000,0.59749,0.59919,0.56449,0.57486,243663.6
1656259200000,0.57297,0.58116,0.55882,0.57118,163538.9
1656273600000,0.57084,0.58374,0.54658,0.5495,202750.1
1656288000000,0.54922,0.58987,0.54612,0.57986,374374.4
1656302400000,0.58003,0.60957,0.57492,0.60867,272690.4
1656316800000,0.60996,0.61355,0.5905,0.59127,285601.1
1656331200000,0.59185,0.59576,0.5657,0.58116,229134.3
1656345600000,0.58273,0.58967,0.56725,0.57243,177448.5
1656360000000,0.57245,0.58625,0.56632,0.57171,154063.5
1656374400000,0.57236,0.59399,0.56063,0.58041,271414.2
1656388800000,0.58088,0.5925,0.57574,0.58284,153708.3
1656403200000,0.58321,0.59434,0.5747,0.57952,118649.4
1656417600000,0.57916,0.58723,0.55376,0.55527,159714.7
1656432000000,0.55592,0.56102,0.53751,0.54392,174269.7
1656446400000,0.54312,0.54824,0.52368,0.53108,159929.1
1656460800000,0.53168,0.54154,0.52735,0.52826,157944.5
1656475200000,0.52937,0.53455,0.51119,0.523,165541.5
1656489600000,0.52345,0.53098,0.51209,0.52101,148270.5
1656504000000,0.52097,0.53082,0.5117,0.52427,156228.1
1656518400000,0.52374,0.53529,0.51176,0.53458,165607.7
1656532800000,0.53407,0.53878,0.51708,0.52175,160327.0
1656547200000,0.52247,0.52568,0.49301,0.5092,164404.0
1656561600000,0.50914,0.51176,0.47713,0.47994,197598.8
1656576000000,0.47993,0.47993,0.46509,0.47233,164659.8
1656590400000,0.47205,0.48728,0.46296,0.48189,153293.2
1656604800000,0.48229,0.48935,0.4757,0.48257,157566.5
1656619200000,0.48317,0.50975,0.47537,0.50874,276422.8
1656633600000,0.50873,0.52169,0.49233,0.49381,227662.2
1656648000000,0.49335,0.5026,0.48399,0.49933,148716.1
1656662400000,0.49931,0.50527,0.47893,0.48509,148545.5
1656676800000,0.485,0.49429,0.47344,0.47623,164959.5
1656691200000,0.47608,0.48441,0.47401,0.4819,159011.4
1656705600000,0.48236,0.4875,0.47517,0.47858,161576.0
1656720000000,0.47961,0.48317,0.4586,0.46131,156233.9
1656734400000,0.46182,0.47315,0.4612,0.46898,149937.7
1656748800000,0.46876,0.47404,0.46269,0.47044,152526.4
1656763200000,0.4703,0.47998,0.46645,0.46985,158349.0
1656777600000,0.47036,0.48145,0.46813,0.47556,156956.1
1656792000000,0.47606,0.48984,0.47304,0.47704,157463.1
1656806400000,0.4772,0.48279,0.47062,0.47578,157738.6
1656820800000,0.47601,0.48333,0.46417,0.47022,307079.4
1656835200000,0.47037,0.47238,0.4654,0.4697,155705.2
1656849600000,0.46976,0.47113,0.46149,0.4647,162796.2
1656864000000,0.46446,0.48407,0.46366,0.48167,157120.5
1656878400000,0.48282,0.4853,0.47507,0.47919,165936.5
1656892800000,0.47914,0.48504,0.46806,0.47025,157641.4
1656907200000,0.46969,0.48091,0.46872,0.47579,156574.7
1656921600000,0.4761,0.49855,0.47562,0.49619,156417.2
1656936000000,0.49751,0.51142,0.49249,0.49774,213804.6
1656950400000,0.49784,0.52083,0.49513,0.51116,176493.2
1656964800000,0.51148,0.52264,0.50728,0.51915,161876.8
1656979200000,0.5195,0.57037,0.51834,0.54972,504158.3
1656993600000,0.54974,0.55257,0.53956,0.54272,152872.3
1657008000000,0.5426,0.54402,0.52531,0.52622,157705.5
1657022400000,0.52561,0.53279,0.51799,0.5301,158554.3
1657036800000,0.53009,0.54905,0.52783,0.54461,156819.9
1657051200000,0.54455,0.55297,0.53397,0.53834,162351.4
1657065600000,0.53789,0.54092,0.52115,0.53285,174450.8
1657080000000,0.53304,0.54552,0.53177,0.54299,180500.3
1657094400000,0.54286,0.54664,0.53487,0.53603,155840.7
1657108800000,0.53589,0.54001,0.52981,0.53131,162512.8
1657123200000,0.53206,0.54042,0.52999,0.53468,153001.4
1657137600000,0.53473,0.54706,0.53331,0.53998,156748.7
1657152000000,0.53984,0.55168,0.53767,0.54539,148629.6
1657166400000,0.54487,0.5465,0.53698,0.54181,155771.9
1657180800000,0.54219,0.54922,0.53928,0.54396,159636.3
1657195200000,0.54432,0.55557,0.53859,0.55182,178507.6
1657209600000,0.55163,0.56738,0.5512,0.56022,180403.1
1657224000000,0.56028,0.56042,0.55019,0.55456,155621.2
1657238400000,0.55447,0.56486,0.55021,0.5585,154331.8
1657252800000,0.55834,0.56201,0.54256,0.54576,155071.8
1657267200000,0.54587,0.5481,0.52842,0.53397,157432.4
1657281600000,0.53444,0.54256,0.52663,0.54046,191610.6
1657296000000,0.54096,0.54289,0.53452,0.54061,159061.5
1657310400000,0.54062,0.54437,0.53253,0.53422,155463.2
1657324800000,0.53317,0.55495,0.53317,0.54331,186434.0
1657339200000,0.54346,0.55214,0.54167,0.55065,151760.3
1657353600000,0.55073,0.55783,0.54415,0.54549,158672.2
1657368000000,0.54504,0.55374,0.54398,0.55298,152147.6
1657382400000,0.55298,0.56562,0.55141,0.56187,158037.4
1657396800000,0.56145,0.56311,0.55586,0.5565,152509.5
1657411200000,0.55665,0.55678,0.53405,0.5402,156245.1
1657425600000,0.53927,0.54583,0.53708,0.54487,159489.3
1657440000000,0.54447,0.54554,0.53558,0.54074,155690.1
1657454400000,0.5405,0.54245,0.52083,0.52557,156926.7
1657468800000,0.52624,0.52968,0.52083,0.52968,153745.4
1657483200000,0.52927,0.53159,0.52367,0.526,155620.7
1657497600000,0.5261,0.53004,0.50671,0.51283,173578.6
1657512000000,0.51271,0.51971,0.4951,0.49803,218185.0
1657526400000,0.49798,0.50862,0.49659,0.5015,152823.3
1657540800000,0.5015,0.50909,0.49703,0.50417,159922.5
1657555200000,0.50372,0.50943,0.5021,0.5051,159752.5
1657569600000,0.505,0.5062,0.4724,0.47855,159800.1
1657584000000,0.47906,0.48702,0.47597,0.48245,159225.6
1657598400000,0.48214,0.4889,0.47609,0.47884,152884.1
1657612800000,0.47806,0.48664,0.47332,0.48491,152477.9
1657627200000,0.48559,0.48838,0.48133,0.48458,152068.7
1657641600000,0.48484,0.49128,0.47251,0.47362,157934.0
1657656000000,0.47361,0.47651,0.4622,0.4637,158793.8
1657670400000,0.46377,0.4747,0.45964,0.47064,154431.2
1657684800000,0.47071,0.47916,0.46994,0.47916,155311.0
1657699200000,0.47865,0.48191,0.47675,0.48031,150512.2
1657713600000,0.48023,0.4847,0.44275,0.46203,261832.1
1657728000000,0.46161,0.4739,0.45849,0.46697,154737.8
1657742400000,0.46697,0.48547,0.46552,0.48468,158269.2
1657756800000,0.48436,0.48589,0.47902,0.48007,156986.9
1657771200000,0.48019,0.48259,0.47386,0.47524,149563.3
1657785600000,0.47523,0.4765,0.46602,0.46957,156543.1
1657800000000,0.46982,0.48511,0.46437,0.4835,159348.2
1657814400000,0.48457,0.50434,0.48174,0.50031,165928.7
1657828800000,0.50014,0.50311,0.49322,0.50176,160409.0
1657843200000,0.50162,0.51019,0.49622,0.50435,152824.3
1657857600000,0.50479,0.51176,0.50383,0.50736,161346.1
1657872000000,0.5078,0.51561,0.50451,0.50535,157563.8
1657886400000,0.50543,0.51281,0.50225,0.50348,150949.6
1657900800000,0.50339,0.51197,0.49759,0.51152,158505.9
1657915200000,0.51187,0.51414,0.50031,0.50204,156706.9
1657929600000,0.50164,0.50594,0.49509,0.49901,167916.7
1657944000000,0.49893,0.50039,0.48819,0.48902,154910.2
1657958400000,0.4888,0.49251,0.48717,0.49052,161189.1
1657972800000,0.49029,0.50539,0.48898,0.50513,158207.5
1657987200000,0.50507,0.51822,0.50477,0.51069,160626.1
1658001600000,0.51098,0.51582,0.50607,0.51463,153360.6
1658016000000,0.51478,0.51911,0.50534,0.51209,150858.1
1658030400000,0.51229,0.52477,0.51229,0.51771,154093.9
1658044800000,0.51722,0.52015,0.50678,0.51319,157454.9
1658059200000,0.51315,0.51431,0.50244,0.50475,154770.8
1658073600000,0.5048,0.51554,0.49814,0.50726,158589.6
1658088000000,0.50697,0.50876,0.49679,0.49785,152976.4
1658102400000,0.49793,0.51977,0.49734,0.51694,156103.1
1658116800000,0.51706,0.57233,0.51638,0.56024,388293.7
1658131200000,0.56035,0.56635,0.54847,0.55092,215497.7
1658145600000,0.55169,0.56363,0.54528,0.56199,155356.7
1658160000000,0.56193,0.56252,0.54051,0.54966,180180.8
1658174400000,0.54999,0.5757,0.54768,0.57249,155107.4
1658188800000,0.57205,0.58417,0.55449,0.55498,301567.0
1658203200000,0.55519,0.56725,0.54897,0.55494,156700.7
1658217600000,0.55477,0.59175,0.55418,0.58776,199894.5
1658232000000,0.58788,0.60233,0.58087,0.59193,477636.4
1658246400000,0.59042,0.61352,0.59008,0.60531,208040.8
1658260800000,0.60494,0.63504,0.60144,0.6244,266514.7
1658275200000,0.62415,0.67961,0.61397,0.64426,527201.2
1658289600000,0.64429,0.65,0.6263,0.62637,188721.9
1658304000000,0.62638,0.63766,0.61578,0.6348,218229.3
1658318400000,0.63391,0.63684,0.62282,0.63597,206293.4
1658332800000,0.63598,0.63631,0.60284,0.61636,289143.6
1658347200000,0.61583,0.62073,0.58508,0.59443,249340.8
1658361600000,0.59444,0.62482,0.57313,0.57686,392409.8
1658376000000,0.57693,0.59695,0.57222,0.59113,167862.1
1658390400000,0.59096,0.60562,0.58634,0.59411,161024.8
1658404800000,0.59405,0.61507,0.58976,0.603,202318.0
1658419200000,0.60267,0.62205,0.60267,0.61881,156993.8
1658433600000,0.61872,0.62363,0.60727,0.61536,165701.7
1658448000000,0.61549,0.63016,0.6067,0.60964,181723.1
1658462400000,0.6097,0.63198,0.60537,0.62293,222799.4
1658476800000,0.62228,0.63636,0.62105,0.63447,157967.3
1658491200000,0.63419,0.63604,0.60537,0.60644,158869.1
1658505600000,0.60617,0.61215,0.58537,0.59029,154505.7
1658520000000,0.58798,0.59698,0.58419,0.59118,157230.5
1658534400000,0.59138,0.60908,0.58479,0.60045,147697.3
1658548800000,0.6006,0.61507,0.6006,0.60623,157730.5
1658563200000,0.60586,0.61266,0.58404,0.58464,163347.2
1658577600000,0.58498,0.59624,0.57779,0.59014,154105.0
1658592000000,0.59,0.59133,0.57278,0.58365,165481.7
1658606400000,0.58302,0.59729,0.58248,0.59353,153223.2
1658620800000,0.59321,0.60202,0.59175,0.59251,159044.7
1658635200000,0.59256,0.60526,0.59196,0.60034,147840.4
1658649600000,0.60022,0.60062,0.58609,0.59362,159385.9
1658664000000,0.59367,0.59657,0.58452,0.59647,153113.2
1658678400000,0.59559,0.59673,0.58621,0.58669,158165.4
1658692800000,0.58647,0.59857,0.58286,0.58449,167890.6
1658707200000,0.58449,0.58829,0.54847,0.55002,177454.9
1658721600000,0.55025,0.55909,0.54664,0.55757,163435.3
1658736000000,0.55726,0.56637,0.55459,0.56138,156687.9
1658750400000,0.56172,0.56189,0.54805,0.55638,151597.1
1658764800000,0.55692,0.56029,0.54132,0.54698,158918.0
1658779200000,0.54679,0.5552,0.529,0.52958,155585.8
1658793600000,0.52927,0.53148,0.51972,0.53013,168301.0
1658808000000,0.52975,0.53683,0.52949,0.53079,206932.5
1658822400000,0.53093,0.54135,0.52976,0.53748,155581.3
1658836800000,0.53752,0.54118,0.52878,0.52975,156460.9
1658851200000,0.53003,0.54097,0.52938,0.53748,157471.7
1658865600000,0.53786,0.55483,0.53491,0.55438,154245.5
1658880000000,0.55426,0.55566,0.53364,0.53397,159179.7
1658894400000,0.53391,0.55483,0.53391,0.54902,146548.2
1658908800000,0.54877,0.55202,0.53763,0.53836,154885.1
1658923200000,0.53888,0.55272,0.53778,0.54806,153082.4
1658937600000,0.54803,0.58186,0.5421,0.57982,315904.5
1658952000000,0.58056,0.59712,0.58,0.59684,156913.0
1658966400000,0.59683,0.60407,0.5866,0.59004,153028.2
1658980800000,0.59057,0.59213,0.58154,0.58313,158624.6
1658995200000,0.58223,0.59462,0.58104,0.5928,160546.3
1659009600000,0.593,0.61086,0.57272,0.60486,227543.8
1659024000000,0.60586,0.61818,0.60377,0.61362,204222.2
1659038400000,0.61359,0.63322,0.6081,0.61187,188792.5
1659052800000,0.61186,0.63104,0.6067,0.63038,263080.0
1659067200000,0.63026,0.63333,0.61071,0.61415,135445.1
1659081600000,0.61421,0.61989,0.59473,0.60027,117171.5
1659096000000,0.60026,0.61628,0.59061,0.61041,214792.2
1659110400000,0.61078,0.61192,0.59232,0.60652,83217.8
1659124800000,0.60689,0.61818,0.60119,0.60323,88753.4
1659139200000,0.60317,0.62909,0.60317,0.609,153661.7
1659153600000,0.60917,0.62147,0.60108,0.61972,91049.0
1659168000000,0.62022,0.63829,0.61842,0.63706,139968.6
1659182400000,0.63823,0.65456,0.63096,0.65416,168782.3
1659196800000,0.65386,0.70635,0.6464,0.65416,515855.8
1659211200000,0.65374,0.65814,0.61818,0.62863,149599.8
1659225600000,0.62816,0.65625,0.62108,0.63575,260969.8
1659240000000,0.63658,0.64904,0.63286,0.63335,89583.4
1659254400000,0.63421,0.64188,0.61693,0.63675,87812.0
1659268800000,0.63687,0.64034,0.62484,0.63332,92633.0
1659283200000,0.6331,0.65147,0.62214,0.63651,246475.2
1659297600000,0.63594,0.6398,0.6081,0.61298,96136.7
1659312000000,0.61182,0.63686,0.61067,0.62964,80566.6
1659326400000,0.62911,0.63394,0.61733,0.62642,77558.1
1659340800000,0.62656,0.63094,0.61431,0.62434,94783.0
1659355200000,0.62349,0.72047,0.61406,0.65844,854554.2
1659369600000,0.65834,0.65864,0.62727,0.63424,215317.0
1659384000000,0.63346,0.64783,0.62866,0.64379,126974.8
1659398400000,0.64439,0.65278,0.60526,0.60666,196632.4
1659412800000,0.60546,0.61578,0.59698,0.61331,52974.9
1659427200000,0.61259,0.61394,0.5983,0.60868,101307.4
1659441600000,0.60867,0.62363,0.60317,0.61956,547911.7
1659456000000,0.61986,0.63114,0.6113,0.61523,86718.7
1659470400000,0.61537,0.62002,0.60527,0.60764,63752.8
1659484800000,0.60743,0.6125,0.59444,0.60872,176875.9
1659499200000,0.60931,0.62,0.60747,0.61464,38596.4
1659513600000,0.6148,0.62846,0.6148,0.62563,99692.0
1659528000000,0.62546,0.65543,0.62448,0.63421,263461.3
1659542400000,0.63464,0.65888,0.6339,0.64704,184131.2
1659556800000,0.64673,0.64856,0.62245,0.62987,96891.9
1659571200000,0.63322,0.69914,0.63322,0.65502,524613.5
1659585600000,0.65523,0.66382,0.64026,0.64633,108910.4
1659600000000,0.64581,0.66096,0.6414,0.65101,270417.0
1659614400000,0.64951,0.7286,0.64316,0.70625,453502.2
1659628800000,0.70591,0.72884,0.65559,0.67715,655200.4
1659643200000,0.67698,0.68797,0.67236,0.68395,251140.3
1659657600000,0.68322,0.68795,0.66927,0.6845,115065.9
1659672000000,0.68454,0.68897,0.67442,0.68715,131066.1
1659686400000,0.68694,0.70536,0.6843,0.69565,128270.9
1659700800000,0.69601,0.69935,0.68064,0.68825,149770.2
1659715200000,0.68797,0.69457,0.68496,0.69129,150341.3
1659729600000,0.69058,0.70885,0.68995,0.70875,75248.7
1659744000000,0.70743,0.70815,0.68934,0.68935,96587.4
1659758400000,0.68967,0.69342,0.68375,0.69069,64897.0
1659772800000,0.69079,0.69885,0.68833,0.69166,148921.5
1659787200000,0.69212,0.69395,0.68868,0.68972,89825.3
1659801600000,0.68921,0.69215,0.67645,0.68825,91924.0
1659816000000,0.68833,0.68884,0.67506,0.67702,240066.1
1659830400000,0.67696,0.6817,0.66221,0.67378,146745.6
1659844800000,0.67384,0.67841,0.66976,0.67748,145807.3
1659859200000,0.67735,0.67765,0.67215,0.67744,170951.8
1659873600000,0.67777,0.68505,0.67777,0.68295,175352.9
1659888000000,0.6824,0.68888,0.68186,0.6855,122321.3
1659902400000,0.68601,0.69196,0.68055,0.68179,78746.9
1659916800000,0.6818,0.68829,0.67659,0.68762,75464.7
1659931200000,0.68807,0.69454,0.68803,0.69135,77896.7
1659945600000,0.69135,0.73754,0.69005,0.71766,534627.2
1659960000000,0.71737,0.71886,0.69995,0.70217,226139.3
1659974400000,0.70182,0.70311,0.69664,0.70135,214076.2
1659988800000,0.70188,0.70833,0.68595,0.69985,99887.6
1660003200000,0.69881,0.70279,0.691,0.70251,210777.5
1660017600000,0.70243,0.70872,0.69727,0.70188,88156.8
1660032000000,0.70197,0.70197,0.673,0.67756,110090.2
1660046400000,0.67682,0.67901,0.65276,0.66289,104365.1
1660060800000,0.6625,0.675,0.66098,0.66558,118174.4
1660075200000,0.66537,0.67405,0.66521,0.66975,78963.5
1660089600000,0.66949,0.67347,0.65279,0.65938,103370.3
1660104000000,0.65932,0.66727,0.6585,0.66478,64319.7
1660118400000,0.66475,0.67777,0.66451,0.67006,104438.9
1660132800000,0.67045,0.69878,0.6645,0.69355,162459.9
1660147200000,0.69533,0.69837,0.68418,0.68932,73428.4
1660161600000,0.6897,0.70143,0.6897,0.7005,76853.6
1660176000000,0.70074,0.70825,0.69874,0.70333,90664.6
1660190400000,0.70363,0.70958,0.69624,0.69721,128308.3
1660204800000,0.69778,0.70382,0.69066,0.69795,76800.1
1660219200000,0.69816,0.70572,0.69121,0.69564,145094.7
1660233600000,0.69602,0.70205,0.68923,0.69249,154309.7
1660248000000,0.69261,0.69663,0.6877,0.69175,159701.3
1660262400000,0.69193,0.69503,0.67888,0.69325,72077.8
1660276800000,0.69287,0.69376,0.68571,0.6895,64305.7
1660291200000,0.6894,0.69492,0.67734,0.68184,57983.6
1660305600000,0.6817,0.69526,0.67955,0.69365,73719.7
1660320000000,0.69286,0.70095,0.6912,0.69998,76302.7
1660334400000,0.69955,0.7052,0.6965,0.70348,81697.9
1660348800000,0.70347,0.71745,0.70165,0.7133,93958.0
1660363200000,0.71346,0.71684,0.70707,0.70775,156357.7
1660377600000,0.70799,0.70945,0.69855,0.70272,112327.7
1660392000000,0.7025,0.70846,0.69635,0.7057,101367.4
1660406400000,0.70544,0.70942,0.69764,0.69894,87890.4
1660420800000,0.6988,0.70547,0.69752,0.70276,88462.8
1660435200000,0.70251,0.72561,0.70143,0.72044,159493.5
1660449600000,0.72196,0.74619,0.72143,0.73434,196090.3
1660464000000,0.73452,0.75038,0.72941,0.7319,193681.9
1660478400000,0.73219,0.73346,0.71104,0.71766,95194.5
1660492800000,0.71708,0.71826,0.68184,0.69604,126996.0
1660507200000,0.69478,0.70303,0.69193,0.69882,120915.7
1660521600000,0.69838,0.72307,0.69181,0.71405,96102.6
1660536000000,0.71346,0.71666,0.67977,0.68235,137769.0
1660550400000,0.68271,0.68866,0.67535,0.68245,62226.2
1660564800000,0.68176,0.69476,0.67522,0.69415,238999.4
1660579200000,0.69471,0.69502,0.68314,0.68427,136591.8
1660593600000,0.68391,0.6874,0.66935,0.67975,52097.7
1660608000000,0.68037,0.69064,0.67285,0.68285,210434.3
1660622400000,0.68237,0.68418,0.67,0.67875,80498.3
1660636800000,0.67888,0.68902,0.67843,0.68573,94031.9
1660651200000,0.68607,0.68845,0.66686,0.67294,80842.0
1660665600000,0.67304,0.67648,0.66593,0.67265,73337.7
1660680000000,0.67294,0.67812,0.66862,0.67242,64658.5
1660694400000,0.67285,0.68405,0.67121,0.68286,119049.1
1660708800000,0.68306,0.69141,0.66794,0.67004,92278.0
1660723200000,0.66997,0.6809,0.6681,0.67265,35975.9
1660737600000,0.67233,0.67275,0.64364,0.64986,104884.1
1660752000000,0.6498,0.65914,0.6472,0.65013,74640.0
1660766400000,0.65,0.65532,0.63759,0.64364,132394.5
1660780800000,0.64387,0.65387,0.63636,0.64951,64990.4
1660795200000,0.6497,0.65214,0.64235,0.64943,212132.3
1660809600000,0.64961,0.65431,0.64583,0.6531,107878.4
1660824000000,0.65319,0.6566,0.64828,0.65262,50458.3
1660838400000,0.65265,0.65355,0.64323,0.64863,61692.9
1660852800000,0.64867,0.65202,0.60507,0.61641,343162.4
1660867200000,0.61706,0.61986,0.58333,0.58621,126846.6
1660881600000,0.586,0.58913,0.5512,0.56925,137780.9
1660896000000,0.569,0.569,0.55176,0.56257,124953.4
1660910400000,0.56228,0.56854,0.55483,0.56805,146078.5
1660924800000,0.56796,0.58003,0.56666,0.57455,98379.6
1660939200000,0.57467,0.5763,0.55434,0.56161,179101.6
1660953600000,0.56161,0.57263,0.56158,0.56756,61476.1
1660968000000,0.56779,0.57597,0.56572,0.5744,80563.8
1660982400000,0.57443,0.57534,0.56892,0.57154,104894.3
1660996800000,0.57195,0.57325,0.56753,0.5718,210105.2
1661011200000,0.57183,0.57496,0.54465,0.54768,188784.1
1661025600000,0.54789,0.56027,0.54085,0.55731,186044.2
1661040000000,0.55804,0.56353,0.55589,0.55714,82202.3
1661054400000,0.55684,0.56552,0.55179,0.56478,77299.6
1661068800000,0.56421,0.57536,0.56359,0.56916,83326.6
1661083200000,0.56947,0.57139,0.56258,0.56719,76997.1
1661097600000,0.56674,0.57451,0.56508,0.57149,117412.9
1661112000000,0.57153,0.57957,0.56127,0.57065,83075.2
1661126400000,0.57064,0.57072,0.5625,0.56346,111652.0
1661140800000,0.56333,0.56666,0.54379,0.54381,84550.1
1661155200000,0.54442,0.54776,0.53474,0.54268,56945.6
1661169600000,0.54245,0.54458,0.5325,0.54219,107673.9
1661184000000,0.54247,0.54488,0.52971,0.53215,103191.5
1661198400000,0.53328,0.55271,0.53328,0.55227,105996.1
1661212800000,0.55267,0.56229,0.55138,0.55573,56099.8
1661227200000,0.55567,0.55732,0.53458,0.55124,84922.0
1661241600000,0.55113,0.55944,0.55113,0.5589,91390.5
1661256000000,0.55896,0.5665,0.55408,0.56345,56642.4
1661270400000,0.5631,0.5691,0.5591,0.56545,71019.8
1661284800000,0.5663,0.57217,0.56479,0.56728,57266.6
1661299200000,0.56757,0.57006,0.55324,0.55549,44019.2
1661313600000,0.55549,0.56482,0.55474,0.5609,66101.3
1661328000000,0.56092,0.56644,0.56057,0.56586,142747.8
1661342400000,0.5658,0.57232,0.55955,0.57108,135715.3
1661356800000,0.57242,0.57547,0.56732,0.57351,79646.7
1661371200000,0.57361,0.57895,0.5609,0.56093,108117.4
1661385600000,0.56074,0.57296,0.56066,0.56596,182046.5
1661400000000,0.56583,0.58247,0.56583,0.57843,86081.8
1661414400000,0.57796,0.57803,0.57062,0.57533,75758.3
1661428800000,0.57521,0.57674,0.55886,0.56468,65035.4
1661443200000,0.56505,0.56798,0.56064,0.56783,110027.0
1661457600000,0.56799,0.57206,0.56459,0.57048,57146.0
1661472000000,0.56998,0.57587,0.56423,0.57343,89332.8
1661486400000,0.57314,0.57557,0.55495,0.55899,92961.8
1661500800000,0.55912,0.56331,0.54287,0.5482,159990.0
1661515200000,0.54805,0.57189,0.53358,0.53804,156331.3
1661529600000,0.53819,0.53876,0.52036,0.52502,75597.7
1661544000000,0.52546,0.52725,0.50163,0.50943,143015.4
1661558400000,0.50914,0.51244,0.50463,0.50987,130973.6
1661572800000,0.51029,0.51505,0.49857,0.51434,71727.5
1661587200000,0.51432,0.5159,0.50955,0.51402,206615.6
1661601600000,0.51261,0.5147,0.50298,0.50851,183374.0
1661616000000,0.50824,0.5095,0.50049,0.50721,97697.9
1661630400000,0.50679,0.51114,0.50183,0.50835,61447.9
1661644800000,0.50822,0.5151,0.50298,0.50984,88581.1
1661659200000,0.51054,0.51369,0.5064,0.5128,154969.0
1661673600000,0.51331,0.51567,0.5064,0.51049,144068.9
1661688000000,0.51086,0.51369,0.50316,0.51355,82333.4
1661702400000,0.51382,0.51954,0.51072,0.51155,54859.2
1661716800000,0.51132,0.51491,0.4869,0.48835,103144.7
1661731200000,0.48955,0.50061,0.48565,0.49837,76166.2
1661745600000,0.49864,0.49985,0.49136,0.49746,71878.5
1661760000000,0.49785,0.50043,0.49421,0.49985,115697.9
1661774400000,0.49963,0.52319,0.49918,0.51728,149515.6
1661788800000,0.51802,0.52262,0.51702,0.51806,56892.2
1661803200000,0.51875,0.52932,0.51773,0.5273,170849.1
1661817600000,0.5271,0.52885,0.52095,0.52645,110647.9
1661832000000,0.52649,0.53658,0.52608,0.53124,54996.2
1661846400000,0.53108,0.53372,0.52788,0.52965,75602.6
1661860800000,0.5297,0.53202,0.50742,0.51275,129286.3
1661875200000,0.51164,0.51931,0.5013,0.51385,150136.5
1661889600000,0.51433,0.52083,0.51171,0.51514,43677.9
1661904000000,0.5155,0.53228,0.51462,0.53043,83678.3
1661918400000,0.53069,0.53263,0.525,0.52738,40000.0
1661932800000,0.52729,0.53098,0.52183,0.52803,93928.3
1661947200000,0.52791,0.53155,0.5175,0.52501,142980.5
1661961600000,0.52446,0.52737,0.51517,0.52454,41880.5
1661976000000,0.52471,0.52664,0.51358,0.51684,68328.1
1661990400000,0.51651,0.52166,0.50877,0.51166,84594.6
1662004800000,0.51176,0.51509,0.50241,0.5052,79075.7
1662019200000,0.50519,0.51215,0.50131,0.51129,39509.9
1662033600000,0.5116,0.51266,0.49409,0.49988,95314.0
1662048000000,0.50017,0.50792,0.49849,0.50772,53826.5
1662062400000,0.50797,0.51763,0.50737,0.51711,73836.9
1662076800000,0.51756,0.5219,0.51129,0.51958,97453.5
1662091200000,0.51985,0.52222,0.51581,0.51889,105556.7
1662105600000,0.51887,0.52065,0.51337,0.51616,62619.0
1662120000000,0.51692,0.53202,0.51449,0.52848,79110.5
1662134400000,0.5287,0.53098,0.50102,0.5064,68695.5
1662148800000,0.50608,0.51003,0.50351,0.50826,56127.0
1662163200000,0.50819,0.51022,0.50476,0.50637,62756.2
1662177600000,0.50654,0.51292,0.50143,0.50586,46755.2
1662192000000,0.5052,0.51286,0.50495,0.51212,59209.0
1662206400000,0.51193,0.51703,0.51044,0.5142,65701.4
1662220800000,0.51422,0.51875,0.51159,0.51458,74589.3
1662235200000,0.51415,0.52301,0.51415,0.52037,92644.3
1662249600000,0.52106,0.53798,0.52106,0.52432,220581.5
1662264000000,0.52663,0.52848,0.51971,0.51971,64600.9
1662278400000,0.51991,0.52982,0.51865,0.52927,112792.4
1662292800000,0.52898,0.53448,0.52363,0.52938,175406.4
1662307200000,0.52953,0.53464,0.52778,0.53119,144062.5
1662321600000,0.53122,0.53524,0.53078,0.53468,194474.8
1662336000000,0.53493,0.54241,0.53416,0.53614,133768.2
1662350400000,0.53634,0.53953,0.52698,0.52742,176860.1
1662364800000,0.52725,0.52796,0.51719,0.5203,209726.6
1662379200000,0.51969,0.52583,0.51875,0.5245,209480.9
1662393600000,0.52424,0.52651,0.5196,0.52151,292362.9
1662408000000,0.52147,0.53349,0.52107,0.53209,92427.0
1662422400000,0.53247,0.54952,0.53083,0.53901,173647.7
1662436800000,0.53955,0.54561,0.53928,0.54224,137409.8
1662451200000,0.54283,0.54522,0.53817,0.54282,145142.3
1662465600000,0.5426,0.54557,0.52681,0.53452,136581.2
1662480000000,0.53422,0.53541,0.48915,0.49101,208839.8
1662494400000,0.49068,0.49283,0.48181,0.48303,163095.6
1662508800000,0.48366,0.48565,0.47391,0.48105,228034.7
1662523200000,0.48098,0.48412,0.47734,0.48399,268941.3
1662537600000,0.48417,0.49198,0.48417,0.48865,171380.1
1662552000000,0.48863,0.50275,0.48565,0.49942,191012.0
1662566400000,0.49927,0.50833,0.49862,0.50584,206574.5
1662580800000,0.50586,0.52557,0.50586,0.52168,137796.5
1662595200000,0.52155,0.52538,0.51644,0.52455,97742.6
1662609600000,0.5245,0.5276,0.51086,0.51492,131306.2
1662624000000,0.51544,0.52168,0.51461,0.51738,81438.7
1662638400000,0.51769,0.53379,0.50486,0.51593,180654.9
1662652800000,0.51596,0.51957,0.50742,0.51931,169110.9
1662667200000,0.51895,0.52565,0.51837,0.52398,156231.9
1662681600000,0.5258,0.54473,0.52518,0.54382,226703.0
1662696000000,0.54238,0.54612,0.53973,0.54155,214158.4
1662710400000,0.54157,0.55112,0.54157,0.54456,149252.6
1662724800000,0.54468,0.55423,0.53973,0.5433,149587.7
1662739200000,0.54312,0.544,0.53617,0.53987,152454.3
1662753600000,0.53976,0.55089,0.53879,0.54716,134622.2
1662768000000,0.54704,0.55422,0.54247,0.54274,113665.2
1662782400000,0.54288,0.55077,0.53756,0.53962,72897.0
1662796800000,0.54012,0.55083,0.53928,0.54578,83869.7
1662811200000,0.54577,0.54897,0.53617,0.53642,95496.7
1662825600000,0.53664,0.54508,0.53657,0.54424,74173.0
1662840000000,0.54447,0.55112,0.53936,0.54663,92869.4
1662854400000,0.54782,0.5522,0.54342,0.54464,66346.1
1662868800000,0.54531,0.54737,0.53355,0.54631,184194.0
1662883200000,0.54623,0.54905,0.54288,0.5488,102008.0
1662897600000,0.54842,0.55081,0.54488,0.54743,71029.8
1662912000000,0.54742,0.55882,0.54596,0.5475,180139.8
1662926400000,0.54734,0.54837,0.5299,0.54308,101222.8
1662940800000,0.54225,0.56161,0.53708,0.54322,173074.9
1662955200000,0.54324,0.55838,0.54313,0.55372,54453.2
1662969600000,0.55372,0.56291,0.55181,0.55948,107743.8
1662984000000,0.55962,0.56688,0.544,0.54617,89684.2
1662998400000,0.54522,0.54522,0.53228,0.54144,75662.8
1663012800000,0.54089,0.54555,0.53938,0.54244,41866.6
1663027200000,0.54239,0.54299,0.52529,0.53799,86313.5
1663041600000,0.53917,0.54705,0.53468,0.54599,32387.3
1663056000000,0.54667,0.54739,0.53742,0.54139,139451.7
1663070400000,0.54144,0.54568,0.50269,0.5041,444123.7
1663084800000,0.5046,0.50821,0.49001,0.49741,111250.5
1663099200000,0.497,0.49962,0.48754,0.49389,301183.4
1663113600000,0.49301,0.50239,0.48859,0.50221,140260.9
1663128000000,0.50185,0.5064,0.49232,0.49768,57760.7
1663142400000,0.49804,0.5033,0.4933,0.49931,193085.4
1663156800000,0.4998,0.50788,0.49419,0.50212,280597.1
1663171200000,0.50206,0.50474,0.49127,0.50403,194313.8
1663185600000,0.50416,0.51119,0.50095,0.50657,138948.0
1663200000000,0.5064,0.50691,0.48515,0.49081,224285.4
1663214400000,0.49017,0.50833,0.48596,0.5029,222957.8
1663228800000,0.50216,0.50311,0.49469,0.49941,215752.9
1663243200000,0.49962,0.50199,0.48364,0.49005,142412.5
1663257600000,0.48925,0.49647,0.48855,0.49495,80130.2
1663272000000,0.49514,0.49728,0.48682,0.49037,254964.7
1663286400000,0.49025,0.49275,0.4833,0.48827,110595.2
1663300800000,0.48832,0.49206,0.48802,0.48963,11926.6
1663315200000,0.4895,0.49918,0.48389,0.4981,89100.8
1663329600000,0.49849,0.50065,0.48785,0.4986,125124.0
1663344000000,0.49827,0.49939,0.48909,0.49738,162386.1
1663358400000,0.49722,0.5,0.49479,0.49738,106781.4
1663372800000,0.49744,0.50449,0.49645,0.49977,121311.1
1663387200000,0.50027,0.50281,0.49806,0.50121,80233.9
1663401600000,0.50117,0.5036,0.49757,0.50132,100308.8
1663416000000,0.50125,0.509,0.49884,0.50886,59918.3
1663430400000,0.50889,0.51289,0.50595,0.50643,188047.4
1663444800000,0.50645,0.51568,0.50608,0.51493,107837.2
1663459200000,0.51555,0.51555,0.50937,0.51241,77016.3
1663473600000,0.51274,0.51789,0.51274,0.51521,115134.8
1663488000000,0.51479,0.51891,0.50466,0.5049,95538.1
1663502400000,0.50506,0.50812,0.49731,0.49871,110402.0
1663516800000,0.49839,0.49978,0.4874,0.49145,98828.7
1663531200000,0.49167,0.49181,0.45947,0.46954,117705.9
1663545600000,0.46909,0.47647,0.45733,0.46356,162291.6
1663560000000,0.46328,0.48309,0.4628,0.47749,85506.7
1663574400000,0.47784,0.47911,0.46842,0.47645,186614.4
1663588800000,0.47643,0.48645,0.47464,0.4801,206114.7
1663603200000,0.47992,0.48634,0.47387,0.48478,76964.3
1663617600000,0.48492,0.48723,0.48278,0.48423,106425.7
1663632000000,0.4846,0.48711,0.47958,0.48455,56576.2
1663646400000,0.48452,0.49021,0.48185,0.4852,131238.2
1663660800000,0.48515,0.48771,0.47994,0.48076,110853.2
1663675200000,0.48063,0.48591,0.47188,0.48542,202211.6
1663689600000,0.4851,0.48634,0.47523,0.48004,154275.4
1663704000000,0.48079,0.48221,0.4729,0.47591,222556.0
1663718400000,0.47574,0.48,0.47433,0.4774,62190.3
1663732800000,0.47731,0.47928,0.46269,0.46709,45948.9
1663747200000,0.46705,0.47254,0.46435,0.47176,42862.0
1663761600000,0.47181,0.47619,0.46707,0.46986,205520.0
1663776000000,0.46929,0.49533,0.46448,0.47318,261858.1
1663790400000,0.4734,0.47409,0.44894,0.45531,78643.7
1663804800000,0.4545,0.4625,0.4528,0.4602,65542.2
1663819200000,0.46065,0.47083,0.4606,0.47024,82858.2
1663833600000,0.47018,0.47994,0.46996,0.47942,51081.1
1663848000000,0.47982,0.4808,0.46927,0.47344,162409.1
1663862400000,0.47358,0.48331,0.46889,0.47958,123835.4
1663876800000,0.47979,0.48547,0.47649,0.48126,139100.9
1663891200000,0.48175,0.49101,0.47958,0.49006,95295.9
1663905600000,0.49069,0.4942,0.48287,0.48296,84210.2
1663920000000,0.48331,0.4849,0.46872,0.47004,140425.0
1663934400000,0.47013,0.47807,0.4623,0.47097,82800.9
1663948800000,0.47071,0.4712,0.46126,0.469,84013.0
1663963200000,0.46895,0.48682,0.4685,0.48192,113794.3
1663977600000,0.48233,0.48549,0.47959,0.48229,126921.4
1663992000000,0.48242,0.4858,0.4788,0.4795,108263.2
1664006400000,0.47965,0.48386,0.47675,0.48234,70348.2
1664020800000,0.48249,0.48658,0.48019,0.48195,60962.1
1664035200000,0.48231,0.48387,0.47884,0.48173,88195.6
1664049600000,0.4814,0.48201,0.46604,0.46854,302583.9
1664064000000,0.46832,0.47267,0.46733,0.4724,107223.4
1664078400000,0.47238,0.47403,0.4692,0.473,82271.2
1664092800000,0.47305,0.4751,0.46941,0.47441,55329.5
1664107200000,0.47393,0.47621,0.46448,0.4693,85676.2
1664121600000,0.46857,0.47107,0.46136,0.46757,54623.5
1664136000000,0.46735,0.46762,0.4538,0.45837,102120.7
1664150400000,0.45824,0.46234,0.45238,0.45529,141136.5
1664164800000,0.45486,0.45883,0.4473,0.45764,93369.3
1664179200000,0.45765,0.4665,0.455,0.45868,216486.8
1664193600000,0.4588,0.4675,0.45724,0.46463,181678.6
1664208000000,0.46455,0.46637,0.4582,0.46428,176783.8
1664222400000,0.4641,0.46611,0.4603,0.46588,111397.3
1664236800000,0.46611,0.48283,0.46534,0.48076,89984.9
1664251200000,0.48114,0.48425,0.47952,0.48027,137299.5
1664265600000,0.48036,0.48178,0.47529,0.4765,57922.1
1664280000000,0.47635,0.48333,0.47364,0.4753,88956.4
1664294400000,0.47626,0.47825,0.4548,0.45837,106585.7
1664308800000,0.4574,0.4625,0.45649,0.46091,81167.1
1664323200000,0.46097,0.46334,0.44236,0.44911,78533.0
1664337600000,0.44849,0.45169,0.44466,0.45035,112826.7
1664352000000,0.45041,0.45425,0.446,0.45198,60092.2
1664366400000,0.4525,0.4612,0.45112,0.46013,98223.9
1664380800000,0.4607,0.46544,0.45699,0.46251,67630.1
1664395200000,0.46269,0.46643,0.4606,0.46152,82394.2
1664409600000,0.46154,0.465,0.4581,0.4608,173096.4
1664424000000,0.46095,0.46237,0.45397,0.4557,48392.7
1664438400000,0.45513,0.46056,0.45422,0.45822,60738.4
1664452800000,0.45841,0.45857,0.45086,0.45707,61746.8
1664467200000,0.45684,0.4601,0.45436,0.45745,78941.6
1664481600000,0.45764,0.46326,0.45764,0.46213,66732.9
1664496000000,0.46288,0.46455,0.4593,0.46046,60557.3
1664510400000,0.4607,0.4654,0.46052,0.46427,33292.8
1664524800000,0.46473,0.4673,0.45624,0.45661,67808.6
1664539200000,0.45672,0.46549,0.45428,0.4588,107666.0
1664553600000,0.458,0.46102,0.45057,0.45221,57548.2
1664568000000,0.45125,0.4533,0.44863,0.45256,97995.2
1664582400000,0.45266,0.45624,0.45148,0.45546,71901.6
1664596800000,0.45573,0.45624,0.45329,0.45458,62829.6
1664611200000,0.45489,0.45613,0.4513,0.45389,118572.1
1664625600000,0.45357,0.4551,0.45165,0.45328,95754.2
1664640000000,0.4535,0.4535,0.448,0.45099,66093.4
1664654400000,0.45063,0.45144,0.44834,0.45023,33841.9
1664668800000,0.45005,0.45215,0.44987,0.45114,67036.2
1664683200000,0.45135,0.45373,0.45108,0.45175,67472.8
1664697600000,0.45174,0.45206,0.43969,0.44408,71289.0
1664712000000,0.4439,0.4453,0.44103,0.4425,82707.3
1664726400000,0.44247,0.44832,0.4424,0.44652,62627.0
1664740800000,0.44676,0.44709,0.4347,0.43615,93995.3
1664755200000,0.4358,0.4417,0.43025,0.4405,126785.3
1664769600000,0.4406,0.44314,0.4353,0.44168,68085.2
1664784000000,0.44175,0.44515,0.43989,0.44515,55270.3
1664798400000,0.4451,0.44984,0.44245,0.44622,69614.2
1664812800000,0.44633,0.45,0.44504,0.44794,46219.7
1664827200000,0.44851,0.45269,0.44784,0.45114,40592.8
1664841600000,0.45092,0.45524,0.4494,0.45231,19574.4
1664856000000,0.45249,0.45646,0.45139,0.45598,28934.0
1664870400000,0.45606,0.45808,0.45251,0.45608,87080.1
1664884800000,0.45596,0.46028,0.45503,0.4571,50324.1
1664899200000,0.45705,0.45833,0.45337,0.45794,34635.7
1664913600000,0.45797,0.46149,0.4569,0.45841,23790.8
1664928000000,0.45827,0.4597,0.45581,0.4562,29581.4
1664942400000,0.45609,0.45838,0.45453,0.45613,39020.4
1664956800000,0.45611,0.45625,0.44806,0.44888,167327.3
1664971200000,0.44865,0.44937,0.44326,0.4488,54612.3
1664985600000,0.44872,0.45399,0.44813,0.45151,33118.0
1665000000000,0.45196,0.45416,0.45039,0.4539,43293.3
1665014400000,0.4539,0.46136,0.4539,0.46006,42519.9
1665028800000,0.46015,0.46084,0.45342,0.45539,59588.2
1665043200000,0.45659,0.4567,0.45234,0.45509,46595.2
1665057600000,0.45506,0.4566,0.44921,0.45247,26072.3
1665072000000,0.45173,0.45425,0.44931,0.45059,32678.1
1665086400000,0.45029,0.45087,0.44366,0.44653,22744.0
1665100800000,0.4463,0.45105,0.4463,0.45055,18225.2
1665115200000,0.4504,0.4517,0.44914,0.45107,35005.4
1665129600000,0.45114,0.45269,0.45036,0.45101,66738.2
1665144000000,0.45113,0.45113,0.44139,0.44669,80119.5
1665158400000,0.44671,0.4476,0.4434,0.44676,28699.1
1665172800000,0.44671,0.44884,0.44605,0.44846,50416.1
1665187200000,0.44853,0.45602,0.44823,0.45582,48597.9
1665201600000,0.45577,0.45902,0.45444,0.45524,32767.2
1665216000000,0.45547,0.4556,0.4518,0.45299,93016.4
1665230400000,0.45311,0.45358,0.44976,0.45022,84009.9
1665244800000,0.45019,0.45126,0.44789,0.44817,45335.9
1665259200000,0.44809,0.44827,0.44203,0.44656,54708.9
1665273600000,0.44673,0.4481,0.44577,0.44683,43489.9
1665288000000,0.4467,0.44961,0.4463,0.44949,94974.7
1665302400000,0.44947,0.45228,0.4485,0.45111,42164.9
1665316800000,0.4511,0.45477,0.4511,0.45469,56879.7
1665331200000,0.45449,0.4554,0.4514,0.45394,39403.0
1665345600000,0.45392,0.45392,0.44978,0.45236,34755.5
1665360000000,0.45232,0.45652,0.45176,0.45224,27225.1
1665374400000,0.45224,0.45255,0.44708,0.44728,40995.1
1665388800000,0.44734,0.44755,0.43907,0.44464,61800.7
1665403200000,0.44447,0.44748,0.44277,0.44483,34433.4
1665417600000,0.44479,0.44647,0.44118,0.44424,17946.1
1665432000000,0.44427,0.44629,0.43386,0.43443,52109.1
1665446400000,0.43386,0.43386,0.42089,0.42603,40445.3
1665460800000,0.42594,0.4294,0.42487,0.42901,18416.4
1665475200000,0.42902,0.43001,0.42667,0.43001,32872.7
1665489600000,0.43017,0.43338,0.42409,0.43219,26071.5
1665504000000,0.43206,0.43309,0.42686,0.42822,13952.1
1665518400000,0.42803,0.42953,0.42501,0.42723,14369.8
1665532800000,0.42722,0.43101,0.42619,0.42698,14610.9
1665547200000,0.42697,0.4322,0.42689,0.4297,43090.6
1665561600000,0.42974,0.43333,0.42974,0.43033,25855.4
1665576000000,0.43025,0.43123,0.42494,0.4296,50612.3
1665590400000,0.42939,0.4298,0.42514,0.42795,16063.4
1665604800000,0.42811,0.42966,0.42771,0.42819,2683.5
1665619200000,0.42814,0.42899,0.41513,0.41859,17884.7
1665633600000,0.41861,0.41972,0.39597,0.40302,22866.0
1665648000000,0.40266,0.40504,0.38814,0.40204,24895.0
1665662400000,0.40195,0.41658,0.39281,0.41651,103866.2
1665676800000,0.41651,0.42783,0.41561,0.42495,24981.5
1665691200000,0.42533,0.42854,0.42469,0.42521,16571.1
1665705600000,0.42556,0.43928,0.42339,0.43683,72265.0
1665720000000,0.43718,0.43773,0.43182,0.43243,20944.1
1665734400000,0.43238,0.43362,0.42961,0.42961,52350.8
1665748800000,0.42963,0.43615,0.42291,0.42342,39353.9
1665763200000,0.42301,0.42378,0.41831,0.41889,75592.4
1665777600000,0.419,0.42003,0.41417,0.41983,16790.0
1665792000000,0.41976,0.42254,0.4174,0.42251,62561.7
1665806400000,0.42246,0.42487,0.42058,0.42343,43447.1
1665820800000,0.42358,0.42388,0.41826,0.42336,39197.3
1665835200000,0.42335,0.42529,0.42179,0.42396,33717.7
1665849600000,0.42403,0.42665,0.4239,0.42643,137028.0
1665864000000,0.42638,0.4271,0.42049,0.42608,18954.1
1665878400000,0.42551,0.42829,0.42491,0.42654,14017.4
1665892800000,0.42685,0.42953,0.42391,0.42459,13952.4
1665907200000,0.42413,0.42739,0.42341,0.42555,13117.6
1665921600000,0.42569,0.42614,0.42347,0.42456,17053.2
1665936000000,0.42503,0.4317,0.42277,0.43162,31558.2
1665950400000,0.43175,0.4349,0.42345,0.4287,31293.4
1665964800000,0.42824,0.43016,0.42469,0.42668,30213.6
1665979200000,0.42626,0.43208,0.42559,0.43196,38726.3
1665993600000,0.43171,0.4348,0.429,0.43221,37178.0
1666008000000,0.43224,0.43793,0.43132,0.43343,31321.5
1666022400000,0.4343,0.43643,0.43133,0.43438,42083.6
1666036800000,0.43436,0.43775,0.43436,0.43631,19066.2
1666051200000,0.43623,0.44304,0.43248,0.43692,50193.7
1666065600000,0.43711,0.44154,0.4358,0.4411,39865.5
1666080000000,0.44142,0.44154,0.43084,0.43444,10427.2
1666094400000,0.4344,0.43707,0.42786,0.43252,84695.5
1666108800000,0.43245,0.43569,0.42597,0.43062,54780.2
1666123200000,0.43058,0.43807,0.43058,0.43442,95556.5
1666137600000,0.43466,0.4387,0.43051,0.4331,72524.1
1666152000000,0.43338,0.4336,0.42597,0.42969,26371.2
1666166400000,0.42955,0.4311,0.42562,0.42854,12007.9
1666180800000,0.42855,0.4348,0.42644,0.4345,33379.7
1666195200000,0.43425,0.43425,0.42944,0.43214,64813.0
1666209600000,0.4321,0.43418,0.41658,0.41921,47336.7
1666224000000,0.41908,0.42207,0.41491,0.42037,21668.2
1666238400000,0.42035,0.42668,0.42008,0.4249,62809.4
1666252800000,0.42487,0.42802,0.42364,0.42637,20585.4
1666267200000,0.42602,0.42875,0.42364,0.42633,21301.2
1666281600000,0.42635,0.42668,0.41136,0.41747,53264.9
1666296000000,0.41706,0.41736,0.41232,0.4147,16234.5
1666310400000,0.41464,0.41464,0.40689,0.41213,24836.1
1666324800000,0.41252,0.41328,0.40865,0.40876,14522.4
1666339200000,0.40873,0.40878,0.39873,0.40116,73335.4
1666353600000,0.40082,0.41194,0.39545,0.41166,76009.0
1666368000000,0.41189,0.41523,0.41022,0.41379,61681.5
1666382400000,0.41446,0.41526,0.41241,0.41478,9076.4
1666396800000,0.41474,0.41589,0.40938,0.41157,47508.7
1666411200000,0.41144,0.41407,0.40954,0.41314,28961.8
1666425600000,0.41304,0.41492,0.41264,0.41449,15703.0
1666440000000,0.41456,0.41649,0.4122,0.41472,35641.7
1666454400000,0.41452,0.41452,0.41034,0.41229,10089.1
1666468800000,0.41235,0.41558,0.41145,0.41526,27592.0
1666483200000,0.41531,0.41693,0.41152,0.41506,15883.0
1666497600000,0.41505,0.41569,0.41211,0.41289,14794.8
1666512000000,0.41298,0.41385,0.40708,0.40848,10108.9
1666526400000,0.40867,0.41313,0.40721,0.41281,17228.2
1666540800000,0.41289,0.42009,0.41172,0.41966,35728.5
1666555200000,0.41993,0.42479,0.41773,0.42313,22596.6
1666569600000,0.42303,0.42439,0.41376,0.41407,11713.4
1666584000000,0.41416,0.41518,0.40964,0.41235,32076.8
1666598400000,0.41218,0.41656,0.41063,0.4165,31321.8
1666612800000,0.41632,0.41666,0.40741,0.41341,31887.0
1666627200000,0.41372,0.41693,0.41204,0.41589,26453.9
1666641600000,0.41541,0.41766,0.41299,0.41581,13463.1
1666656000000,0.41584,0.4275,0.41531,0.42331,55573.1
1666670400000,0.42329,0.42686,0.42233,0.42596,17045.0
1666684800000,0.42598,0.42691,0.42119,0.42617,28628.5
1666699200000,0.42612,0.4356,0.42516,0.43306,74332.5
1666713600000,0.43328,0.446,0.43149,0.4415,93675.3
1666728000000,0.44179,0.44241,0.43351,0.43455,48806.3
1666742400000,0.4351,0.44068,0.43379,0.43846,18221.8
1666756800000,0.43863,0.4459,0.43863,0.4428,22865.2
1666771200000,0.44283,0.4502,0.44111,0.44287,91399.7
1666785600000,0.44296,0.44826,0.43646,0.44481,68610.7
1666800000000,0.44511,0.4471,0.44133,0.4434,98451.8
1666814400000,0.44391,0.44681,0.4418,0.44318,16231.9
1666828800000,0.44325,0.45714,0.44298,0.45075,51409.1
1666843200000,0.45117,0.4623,0.44858,0.45276,59981.4
1666857600000,0.45295,0.45397,0.4451,0.44621,86645.9
1666872000000,0.44605,0.45212,0.44133,0.4425,112008.9
1666886400000,0.44232,0.45,0.4419,0.44727,33864.6
1666900800000,0.4483,0.44848,0.43325,0.43619,55848.3
1666915200000,0.43598,0.44242,0.43252,0.43637,107649.2
1666929600000,0.43623,0.43906,0.42885,0.43027,118939.3
1666944000000,0.43052,0.43506,0.42968,0.43274,62255.1
1666958400000,0.43223,0.44272,0.43,0.44121,32907.2
1666972800000,0.44133,0.44951,0.441,0.44911,36125.3
1666987200000,0.44935,0.45178,0.4485,0.44916,18435.9
1667001600000,0.4492,0.456,0.44849,0.4556,160307.9
1667016000000,0.45528,0.45759,0.4523,0.45584,40641.9
1667030400000,0.45606,0.4591,0.44777,0.44919,40596.0
1667044800000,0.4487,0.45701,0.44788,0.45553,111834.7
1667059200000,0.45606,0.46448,0.44987,0.4557,49589.1
1667073600000,0.45559,0.45717,0.4485,0.45561,18120.3
1667088000000,0.45558,0.4578,0.45015,0.45766,19630.6
1667102400000,0.45752,0.47626,0.45415,0.4748,82073.8
1667116800000,0.4748,0.48551,0.4628,0.46967,280257.4
1667131200000,0.46978,0.47019,0.45745,0.45806,65487.6
1667145600000,0.45775,0.4679,0.45398,0.467,93605.3
1667160000000,0.46688,0.46702,0.45198,0.45912,54644.3
1667174400000,0.45945,0.46361,0.45294,0.462,95309.0
1667188800000,0.4623,0.463,0.45247,0.45603,28771.9
1667203200000,0.45606,0.46207,0.449,0.46014,53204.1
1667217600000,0.46066,0.46303,0.44736,0.45189,72781.5
1667232000000,0.45147,0.4554,0.44866,0.4505,44837.5
1667246400000,0.45035,0.4553,0.44973,0.45361,22425.4
1667260800000,0.454,0.4596,0.453,0.45641,104364.4
1667275200000,0.45646,0.45833,0.45353,0.45662,42739.9
1667289600000,0.45671,0.4611,0.45353,0.45574,29462.5
1667304000000,0.45581,0.45766,0.44741,0.4497,77712.0
1667318400000,0.44955,0.45007,0.44479,0.44502,24066.5
1667332800000,0.44488,0.4455,0.44362,0.44372,52558.4
1667347200000,0.44398,0.44565,0.43891,0.4434,29829.2
1667361600000,0.443,0.4439,0.43099,0.43529,16374.9
1667376000000,0.4352,0.43998,0.4265,0.43263,62920.4
1667390400000,0.4321,0.43326,0.42866,0.43056,69698.1
1667404800000,0.43065,0.44408,0.42499,0.42716,93340.1
1667419200000,0.42623,0.42853,0.41704,0.42561,25435.5
1667433600000,0.42535,0.4388,0.42435,0.43824,28003.7
1667448000000,0.43817,0.4486,0.43728,0.44107,31541.2
1667462400000,0.4414,0.44732,0.43468,0.43768,32998.3
1667476800000,0.43796,0.44038,0.43063,0.43616,50146.4
1667491200000,0.43621,0.44048,0.43607,0.43795,41495.5
1667505600000,0.4379,0.44031,0.43063,0.43389,135318.1
1667520000000,0.43403,0.44738,0.4308,0.44738,27158.8
1667534400000,0.44752,0.4547,0.445,0.45443,70869.9
1667548800000,0.45447,0.46035,0.4505,0.45591,68929.6
1667563200000,0.45611,0.46931,0.44975,0.45759,109215.6
1667577600000,0.45791,0.46882,0.45604,0.46882,62260.4
1667592000000,0.46922,0.47616,0.46793,0.4752,33918.4
1667606400000,0.4755,0.5,0.4755,0.49441,156664.7
1667620800000,0.49457,0.49795,0.48568,0.48638,124299.3
1667635200000,0.48619,0.48772,0.47619,0.48492,74301.5
1667649600000,0.48457,0.48551,0.47761,0.48358,45528.6
1667664000000,0.4837,0.48761,0.47783,0.48019,101562.7
1667678400000,0.48015,0.48411,0.4676,0.48003,58560.9
1667692800000,0.47988,0.48284,0.47019,0.47741,27795.0
1667707200000,0.47713,0.47809,0.4718,0.47579,24620.6
1667721600000,0.47608,0.48004,0.47364,0.47588,46634.3
1667736000000,0.47593,0.48183,0.47224,0.47774,23664.4
1667750400000,0.47771,0.47771,0.46631,0.46862,19842.6
1667764800000,0.46878,0.46878,0.4465,0.44759,42973.1
1667779200000,0.44725,0.45686,0.44659,0.45526,61830.1
1667793600000,0.45539,0.45746,0.4388,0.43931,60099.4
1667808000000,0.43841,0.45408,0.43806,0.45309,67357.3
1667822400000,0.45294,0.46077,0.44924,0.46077,50446.2
1667836800000,0.46063,0.46631,0.4554,0.46571,72076.6
1667851200000,0.46618,0.47081,0.4512,0.4644,90722.3
1667865600000,0.46407,0.47403,0.44005,0.4417,747157.4
1667880000000,0.43969,0.44393,0.41317,0.43313,1607386.8
1667894400000,0.43274,0.43555,0.42751,0.43112,631402.8
1667908800000,0.43031,0.43454,0.42022,0.43454,122054.2
1667923200000,0.43462,0.45988,0.34772,0.38849,612865.5
1667937600000,0.38665,0.41119,0.38,0.40432,294340.9
1667952000000,0.40431,0.40597,0.37858,0.38822,103196.3
1667966400000,0.38863,0.39251,0.37918,0.38337,69464.7
1667980800000,0.38336,0.38373,0.35392,0.37138,143366.6
1667995200000,0.37088,0.37428,0.34772,0.35161,141782.7
1668009600000,0.35059,0.37632,0.33601,0.35015,726163.9
1668024000000,0.3507,0.35518,0.31276,0.32265,511602.7
1668038400000,0.32172,0.3438,0.31803,0.33729,207078.9
1668052800000,0.33609,0.35656,0.33534,0.35219,87518.7
1668067200000,0.35164,0.35457,0.34155,0.34876,63385.9
1668081600000,0.34742,0.37837,0.34698,0.37269,187290.9
1668096000000,0.37233,0.37738,0.36024,0.37071,84395.8
1668110400000,0.36977,0.38402,0.36585,0.37277,163528.3
1668124800000,0.37245,0.37593,0.35217,0.35589,57352.7
1668139200000,0.35556,0.3639,0.35297,0.36061,606795.8
1668153600000,0.36005,0.36428,0.35887,0.3605,286713.7
1668168000000,0.36003,0.36498,0.33283,0.3449,76043.6
1668182400000,0.34397,0.35252,0.33703,0.34355,261237.2
1668196800000,0.34366,0.35013,0.3363,0.35013,99384.5
1668211200000,0.3503,0.35033,0.34333,0.34436,47739.8
1668225600000,0.34486,0.34537,0.32553,0.33531,84807.6
1668240000000,0.33518,0.33577,0.32845,0.3306,66506.3
1668254400000,0.33126,0.33227,0.32493,0.3299,24711.6
1668268800000,0.32975,0.33187,0.32823,0.32952,71000.3
1668283200000,0.32957,0.32959,0.32187,0.3249,53715.6
1668297600000,0.32512,0.33117,0.322,0.3297,31247.0
1668312000000,0.33047,0.33086,0.31546,0.3197,66537.6
1668326400000,0.3196,0.32012,0.30877,0.31322,24463.5
1668340800000,0.31297,0.32927,0.30991,0.31908,71912.3
1668355200000,0.3193,0.32823,0.31063,0.3204,152876.1
1668369600000,0.32247,0.32247,0.30546,0.30998,82381.0
1668384000000,0.30977,0.31265,0.29414,0.30075,86164.4
1668398400000,0.30033,0.31276,0.29191,0.312,38579.4
1668412800000,0.31217,0.31473,0.30872,0.31129,31395.6
1668427200000,0.31103,0.31879,0.30689,0.31241,26514.5
1668441600000,0.3127,0.31314,0.30467,0.30544,40059.2
1668456000000,0.30621,0.31377,0.30557,0.31274,41989.9
1668470400000,0.31282,0.31684,0.30733,0.31505,23413.6
1668484800000,0.31509,0.31885,0.31326,0.3188,23930.1
1668499200000,0.3185,0.32007,0.31567,0.31805,22513.5
1668513600000,0.31821,0.32711,0.31686,0.32603,32752.3
1668528000000,0.32736,0.3293,0.31841,0.3212,19872.0
1668542400000,0.32193,0.32292,0.3181,0.3213,17395.2
1668556800000,0.32105,0.32732,0.31913,0.32718,22038.5
1668571200000,0.32749,0.32822,0.32324,0.32567,30913.0
1668585600000,0.32563,0.32563,0.31986,0.32002,26971.8
1668600000000,0.32005,0.32062,0.30877,0.30967,24113.5
1668614400000,0.30921,0.313,0.3073,0.30983,43134.7
1668628800000,0.30995,0.31117,0.30744,0.31102,55829.4
1668643200000,0.31099,0.313,0.30706,0.30766,19368.6
1668657600000,0.30834,0.31097,0.30323,0.30992,65022.5
1668672000000,0.30989,0.31085,0.30453,0.30766,30088.6
1668686400000,0.30758,0.3088,0.30125,0.30408,24669.2
1668700800000,0.30411,0.30737,0.30358,0.30491,24130.7
1668715200000,0.30511,0.30678,0.30407,0.30503,38761.5
1668729600000,0.30503,0.31266,0.30462,0.31243,44729.9
1668744000000,0.31219,0.31219,0.30953,0.31025,100852.2
1668758400000,0.31056,0.31234,0.30846,0.31095,132799.9
1668772800000,0.31091,0.31147,0.30573,0.30631,88751.0
1668787200000,0.30652,0.30664,0.30183,0.30546,69376.1
1668801600000,0.30544,0.31193,0.30525,0.30825,135880.1
1668816000000,0.30838,0.30855,0.30456,0.30762,97826.4
1668830400000,0.30786,0.30825,0.30194,0.30482,80282.1
1668844800000,0.30475,0.30774,0.30443,0.30765,113643.8
1668859200000,0.308,0.31753,0.30736,0.31605,125374.7
1668873600000,0.31587,0.31613,0.3119,0.31222,78286.0
1668888000000,0.31242,0.31675,0.31235,0.31533,91652.0
1668902400000,0.31557,0.3187,0.31435,0.31789,71262.2
1668916800000,0.31806,0.31916,0.31703,0.31777,135736.7
1668931200000,0.31786,0.31834,0.3087,0.30903,100002.0
1668945600000,0.30875,0.31084,0.30721,0.30896,86153.3
1668960000000,0.30916,0.30916,0.30364,0.30691,103644.2
1668974400000,0.30696,0.30744,0.29046,0.29254,87075.0
1668988800000,0.29283,0.30066,0.28147,0.28594,103365.2
1669003200000,0.28596,0.29088,0.28596,0.28867,115084.6
1669017600000,0.28854,0.29049,0.28653,0.28802,73052.1
1669032000000,0.28818,0.2926,0.28697,0.28873,111389.8
1669046400000,0.28897,0.28897,0.27704,0.28006,91208.3
1669060800000,0.28008,0.28588,0.28008,0.28325,98896.8
1669075200000,0.28317,0.29157,0.28271,0.28453,97330.0
1669089600000,0.28474,0.28528,0.27623,0.27924,88201.2
1669104000000,0.27932,0.27971,0.27563,0.27747,108269.9
1669118400000,0.27777,0.2944,0.27685,0.29351,123636.3
1669132800000,0.29447,0.2955,0.28978,0.29244,86072.0
1669147200000,0.29273,0.29549,0.29226,0.29526,65524.6
1669161600000,0.29534,0.30261,0.29316,0.3024,95663.2
1669176000000,0.30237,0.30425,0.30133,0.30343,156490.8
1669190400000,0.304,0.3044,0.29987,0.30146,67557.6
1669204800000,0.30158,0.30174,0.29455,0.29875,91274.3
1669219200000,0.29856,0.30084,0.29544,0.29839,128046.5
1669233600000,0.29871,0.30393,0.29775,0.30351,131063.5
1669248000000,0.30364,0.31038,0.30174,0.30907,107744.6
1669262400000,0.30902,0.3103,0.30579,0.30641,84902.2
1669276800000,0.30644,0.3068,0.29806,0.30002,135118.9
1669291200000,0.29999,0.30235,0.29916,0.30172,104837.8
1669305600000,0.30172,0.30513,0.30158,0.30263,101811.2
1669320000000,0.3028,0.31621,0.30108,0.30531,103825.0
1669334400000,0.30528,0.30528,0.29586,0.2978,109186.9
1669348800000,0.29786,0.29844,0.29464,0.29793,80910.9
1669363200000,0.29797,0.30204,0.29666,0.30175,107449.1
1669377600000,0.30181,0.30376,0.29831,0.30316,102686.8
1669392000000,0.30349,0.30462,0.30137,0.30329,84866.4
1669406400000,0.30345,0.30504,0.30239,0.30341,82378.6
1669420800000,0.30352,0.31036,0.30351,0.30774,127383.5
1669435200000,0.30757,0.30854,0.30515,0.30644,170655.8
1669449600000,0.30654,0.30902,0.30549,0.30896,93139.3
1669464000000,0.30915,0.31063,0.30263,0.3049,78044.6
1669478400000,0.30479,0.30594,0.30074,0.30169,71102.7
1669492800000,0.30166,0.30384,0.30017,0.30343,110702.9
1669507200000,0.30303,0.30859,0.30213,0.30782,174821.2
1669521600000,0.30778,0.30979,0.30756,0.30774,144169.3
1669536000000,0.3079,0.31465,0.3076,0.31002,237611.9
1669550400000,0.31016,0.31152,0.30875,0.31128,89835.6
1669564800000,0.31188,0.31365,0.31065,0.31172,133716.2
1669579200000,0.31193,0.31231,0.30325,0.30388,76742.2
1669593600000,0.30365,0.30661,0.28904,0.29307,89885.5
1669608000000,0.2926,0.29552,0.29152,0.29552,93633.2
1669622400000,0.29536,0.29601,0.29307,0.2938,109566.8
1669636800000,0.29388,0.29809,0.29234,0.29327,94809.4
1669651200000,0.29363,0.29858,0.29074,0.29556,71860.8
1669665600000,0.29556,0.29683,0.29461,0.29599,130552.9
1669680000000,0.29547,0.29823,0.29224,0.29666,136902.5
1669694400000,0.29693,0.30168,0.29677,0.30168,93477.0
1669708800000,0.30201,0.30363,0.30127,0.30168,57888.9
1669723200000,0.30163,0.30204,0.29748,0.29912,99833.4
1669737600000,0.29894,0.29909,0.29439,0.29659,100602.8
1669752000000,0.29675,0.30025,0.29639,0.29898,109720.8
1669766400000,0.29893,0.31094,0.29893,0.30596,100356.1
1669780800000,0.3063,0.31044,0.3063,0.31028,114563.6
1669795200000,0.31028,0.3115,0.30725,0.31046,141107.3
1669809600000,0.31066,0.31095,0.30656,0.30848,100786.0
1669824000000,0.30846,0.31009,0.30089,0.30959,128370.8
1669838400000,0.30982,0.31355,0.30894,0.31264,91661.8
1669852800000,0.31268,0.31305,0.30782,0.30925,97002.3
1669867200000,0.30918,0.31031,0.30655,0.3082,155253.7
1669881600000,0.30802,0.30884,0.30686,0.30874,136450.6
1669896000000,0.30895,0.31245,0.30387,0.30705,212478.0
1669910400000,0.30726,0.30857,0.30526,0.30641,70656.2
1669924800000,0.30625,0.30696,0.30311,0.30531,98245.9
1669939200000,0.30571,0.30854,0.30124,0.30291,85647.8
1669953600000,0.30254,0.30621,0.30091,0.30606,216794.9
1669968000000,0.30603,0.31115,0.30593,0.30993,166579.3
1669982400000,0.31003,0.31234,0.30501,0.31164,113480.8
1669996800000,0.31149,0.31149,0.30813,0.31084,103805.8
1670011200000,0.31079,0.31612,0.31016,0.31358,141783.6
1670025600000,0.31355,0.32245,0.31064,0.3112,206604.1
1670040000000,0.31148,0.31713,0.30683,0.3069,174403.0
1670054400000,0.30711,0.30979,0.30627,0.30979,194480.3
1670068800000,0.30981,0.31049,0.30874,0.30985,216364.5
1670083200000,0.30965,0.30989,0.3077,0.30829,248016.1
1670097600000,0.3079,0.30814,0.30231,0.30287,220916.3
1670112000000,0.30264,0.30837,0.30264,0.3076,173751.0
1670126400000,0.30748,0.31515,0.30701,0.30921,171556.2
1670140800000,0.30913,0.30954,0.30661,0.30687,121664.6
1670155200000,0.30696,0.30944,0.30695,0.30916,246237.7
1670169600000,0.30943,0.31163,0.30801,0.31052,172265.8
1670184000000,0.31109,0.31372,0.31105,0.31212,159616.1
1670198400000,0.3119,0.31475,0.31114,0.31322,355987.4
1670212800000,0.31334,0.32041,0.31322,0.31964,206776.5
1670227200000,0.31988,0.32356,0.31891,0.32195,210449.6
1670241600000,0.32197,0.32368,0.31746,0.32075,173082.0
1670256000000,0.32089,0.32491,0.3142,0.31775,159871.8
1670270400000,0.3172,0.31934,0.31616,0.31909,118633.7
1670284800000,0.31901,0.31905,0.31393,0.31393,137091.1
1670299200000,0.31394,0.31637,0.31174,0.31582,171536.8
1670313600000,0.31582,0.31671,0.31157,0.31337,141817.9
1670328000000,0.31336,0.31684,0.31229,0.31455,100576.9
1670342400000,0.31459,0.31565,0.31139,0.31179,96089.2
1670356800000,0.31144,0.31383,0.31076,0.31316,171725.2
1670371200000,0.31355,0.31772,0.31293,0.31483,150697.0
1670385600000,0.31467,0.3155,0.29418,0.29498,153710.6
1670400000000,0.29516,0.29914,0.29406,0.29858,150542.4
1670414400000,0.29854,0.30158,0.29743,0.29882,177873.4
1670428800000,0.2992,0.29954,0.29562,0.29648,276612.8
1670443200000,0.29604,0.2986,0.29394,0.29804,183010.9
1670457600000,0.29824,0.29941,0.29604,0.29848,120059.9
1670472000000,0.2983,0.30047,0.29648,0.29936,121312.0
1670486400000,0.29946,0.302,0.29396,0.29732,178215.1
1670500800000,0.29748,0.30004,0.29596,0.29964,134325.8
1670515200000,0.29962,0.3058,0.29896,0.30561,150634.8
1670529600000,0.30595,0.30746,0.30416,0.30577,148302.9
1670544000000,0.30576,0.30651,0.30296,0.30492,162150.3
1670558400000,0.3049,0.3061,0.30412,0.30554,152373.6
1670572800000,0.30558,0.30834,0.30463,0.30774,210061.1
1670587200000,0.30742,0.30834,0.30306,0.30406,273017.8
1670601600000,0.30417,0.3043,0.30242,0.30394,102502.6
1670616000000,0.3041,0.30541,0.30209,0.30529,321298.8
1670630400000,0.30534,0.30777,0.30496,0.30679,266031.4
1670644800000,0.30679,0.30744,0.30606,0.30617,210643.8
1670659200000,0.30595,0.30901,0.30384,0.307,274461.0
1670673600000,0.3069,0.30993,0.30577,0.30908,278956.3
1670688000000,0.30905,0.3096,0.30657,0.30721,243512.0
1670702400000,0.30711,0.30814,0.30688,0.30794,223268.0
1670716800000,0.30798,0.31144,0.30766,0.31139,165405.1
1670731200000,0.3114,0.31266,0.31105,0.31153,143989.2
1670745600000,0.31156,0.3117,0.309,0.30924,208469.4
1670760000000,0.30935,0.31092,0.30884,0.31092,105802.1
1670774400000,0.31087,0.31405,0.31086,0.31223,255106.2
1670788800000,0.31226,0.31226,0.3024,0.30334,197486.4
1670803200000,0.30307,0.30344,0.29116,0.29473,264040.3
1670817600000,0.29494,0.29695,0.29435,0.29559,165175.9
1670832000000,0.29572,0.29739,0.29432,0.29646,139475.1
1670846400000,0.29645,0.29704,0.29372,0.29546,132906.0
1670860800000,0.29547,0.29671,0.29504,0.29666,114290.4
1670875200000,0.29686,0.30059,0.29659,0.30051,137018.6
1670889600000,0.30077,0.30134,0.29624,0.29638,213625.1
1670904000000,0.29617,0.29617,0.28606,0.29027,222894.7
1670918400000,0.28986,0.29288,0.28479,0.29254,291162.0
1670932800000,0.29296,0.3056,0.29166,0.30216,172057.7
1670947200000,0.30215,0.30488,0.30016,0.30107,168918.6
1670961600000,0.30108,0.305,0.30055,0.30457,352714.7
1670976000000,0.30504,0.30802,0.30426,0.30789,149945.4
1670990400000,0.30825,0.30941,0.30716,0.30843,186736.2
1671004800000,0.30829,0.30829,0.30551,0.30601,132595.0
1671019200000,0.30595,0.30847,0.30466,0.308,136482.1
1671033600000,0.30806,0.30875,0.2977,0.30195,84800.2
1671048000000,0.30147,0.3041,0.29966,0.29966,131824.9
1671062400000,0.29976,0.30085,0.29262,0.29696,166839.4
1671076800000,0.29691,0.29733,0.29527,0.2958,163336.0
1671091200000,0.29575,0.29668,0.29496,0.29637,126267.3
1671105600000,0.29597,0.29624,0.29383,0.29576,40797.3
1671120000000,0.29588,0.29618,0.29176,0.29417,4354.3
1671134400000,0.29428,0.2945,0.29096,0.29195,3300.8
1671148800000,0.29195,0.29378,0.29106,0.29305,2296.8
1671163200000,0.2931,0.29352,0.29106,0.29287,2449.7
1671177600000,0.29286,0.29324,0.27848,0.2814,21789.3
1671192000000,0.28143,0.28148,0.27601,0.27829,10909.0
1671206400000,0.27784,0.27819,0.27446,0.277,8770.6
1671220800000,0.27695,0.27745,0.25288,0.26018,36212.4
1671235200000,0.26032,0.26102,0.25207,0.25748,13042.4
1671249600000,0.25748,0.26286,0.25672,0.26217,4640.3
1671264000000,0.26233,0.26478,0.26169,0.26262,7023.2
1671278400000,0.26267,0.26362,0.25967,0.26122,20758.3
1671292800000,0.26126,0.26142,0.25697,0.25732,5567.6
1671307200000,0.25737,0.26341,0.2569,0.26301,4766.4
1671321600000,0.26301,0.26368,0.26043,0.26224,1981.5
1671336000000,0.2623,0.26402,0.26184,0.26191,3129.8
1671350400000,0.26204,0.26234,0.25771,0.25987,3503.6
1671364800000,0.25975,0.2611,0.25824,0.25824,9187.7
1671379200000,0.2579,0.2619,0.25774,0.2612,6395.1
1671393600000,0.26119,0.26316,0.25993,0.26145,68207.4
1671408000000,0.26146,0.26768,0.2566,0.25862,13104.0
1671422400000,0.25864,0.26176,0.25852,0.2611,3526.9
1671436800000,0.26108,0.26702,0.26081,0.2647,23304.1
1671451200000,0.26481,0.26701,0.26231,0.26452,28791.5
1671465600000,0.26433,0.2649,0.25385,0.25509,24884.5
1671480000000,0.25516,0.25587,0.24285,0.24867,16627.6
1671494400000,0.24864,0.25883,0.24772,0.25726,6562.5
1671508800000,0.25738,0.26191,0.2571,0.26139,9790.4
1671523200000,0.26145,0.26322,0.25997,0.26263,4599.5
1671537600000,0.26272,0.26614,0.25898,0.26423,8756.7
1671552000000,0.26402,0.26515,0.26134,0.26424,6299.8
1671566400000,0.26441,0.26507,0.26341,0.26427,8723.2
1671580800000,0.26407,0.26462,0.25942,0.25992,4407.5
1671595200000,0.25945,0.2615,0.25718,0.26122,3565.6
1671609600000,0.26131,0.26336,0.25964,0.26324,3492.5
1671624000000,0.26304,0.26481,0.26069,0.26475,6016.8
1671638400000,0.26467,0.26482,0.25775,0.25812,15904.8
1671652800000,0.258,0.25972,0.25771,0.25972,2926.5
1671667200000,0.25972,0.26307,0.25893,0.26279,3774.9
1671681600000,0.26282,0.26311,0.25751,0.25862,6333.8
1671696000000,0.25902,0.26198,0.25683,0.25888,23555.8
1671710400000,0.25901,0.25969,0.25278,0.25397,12393.2
1671724800000,0.25399,0.2552,0.25248,0.25445,7579.6
1671739200000,0.25451,0.26239,0.2544,0.26218,10530.9
1671753600000,0.26235,0.26459,0.26162,0.26384,5930.7
1671768000000,0.26392,0.26472,0.2625,0.26261,2397.5
1671782400000,0.26246,0.2647,0.2613,0.26402,3597.4
1671796800000,0.26409,0.26467,0.26153,0.26325,4936.9
1671811200000,0.26338,0.26602,0.26278,0.26523,10090.7
1671825600000,0.26494,0.26764,0.26374,0.26694,5658.9
1671840000000,0.26673,0.26762,0.26522,0.26693,3768.7
1671854400000,0.26695,0.26755,0.26413,0.26481,2484.4
1671868800000,0.26484,0.26496,0.2625,0.26392,3487.0
1671883200000,0.26393,0.26542,0.26378,0.26489,1979.5
1671897600000,0.26471,0.26538,0.26391,0.26525,3177.9
1671912000000,0.26516,0.26531,0.26348,0.26412,1133.5
1671926400000,0.26421,0.26517,0.2639,0.26433,2229.0
1671940800000,0.26434,0.26482,0.26321,0.26331,4182.7
1671955200000,0.26332,0.26419,0.26201,0.26201,5411.5
1671969600000,0.26201,0.26229,0.25779,0.25943,10765.3
1671984000000,0.25933,0.25998,0.25775,0.25996,7891.6
1671998400000,0.2598,0.26274,0.25936,0.26124,8585.3
1672012800000,0.26121,0.26202,0.25992,0.26186,3323.9
1672027200000,0.26188,0.26249,0.26073,0.26086,3160.1
1672041600000,0.26097,0.26289,0.25983,0.26255,6078.5
1672056000000,0.26272,0.26335,0.26158,0.26249,8438.7
1672070400000,0.2624,0.26341,0.26231,0.263,2101.2
1672084800000,0.26292,0.26499,0.26204,0.26497,3373.8
1672099200000,0.26505,0.26662,0.26321,0.26331,6494.2
1672113600000,0.26333,0.26342,0.2629,0.2629,859.5
1672128000000,0.2629,0.26528,0.26118,0.26433,5968.9
1672142400000,0.26423,0.26452,0.2589,0.25953,14814.9
1672156800000,0.25951,0.25999,0.25464,0.25692,10287.1
1672171200000,0.25682,0.2574,0.25491,0.25737,5176.6
1672185600000,0.2574,0.25797,0.25069,0.2533,6110.5
1672200000000,0.25315,0.25322,0.24504,0.24763,7896.9
1672214400000,0.24747,0.24832,0.24521,0.24649,7852.1
1672228800000,0.2465,0.25062,0.24505,0.24651,12694.1
1672243200000,0.24625,0.24854,0.24547,0.24683,13720.6
1672257600000,0.24704,0.24763,0.24151,0.24285,9634.5
1672272000000,0.24314,0.24462,0.239,0.24422,10118.9
1672286400000,0.24425,0.24559,0.24352,0.24524,6606.4
1672300800000,0.24524,0.24554,0.24269,0.24479,2811.3
1672315200000,0.24483,0.24533,0.24334,0.24445,7018.5
1672329600000,0.24446,0.24472,0.23746,0.23874,17226.4
1672344000000,0.23866,0.24077,0.23423,0.23997,10818.4
1672358400000,0.23976,0.24081,0.23753,0.23891,4300.8
1672372800000,0.23891,0.23912,0.23195,0.23365,15311.8
1672387200000,0.2336,0.23405,0.23011,0.2322,17205.6
1672401600000,0.23225,0.23471,0.23074,0.23449,11093.5
1672416000000,0.23459,0.23583,0.23371,0.23493,9282.7
1672430400000,0.23496,0.2373,0.23489,0.23725,4710.7
1672444800000,0.23729,0.23926,0.23719,0.23863,3371.8
1672459200000,0.23853,0.24104,0.23836,0.24004,2730.5
1672473600000,0.24003,0.24269,0.24,0.24159,3921.2
1672488000000,0.24161,0.24362,0.24161,0.24262,5489.0
1672502400000,0.24259,0.24371,0.2412,0.2427,6349.2
1672516800000,0.24272,0.24363,0.23963,0.24074,5797.6
1672531200000,0.24074,0.24276,0.23882,0.2424,4969.1
1672545600000,0.24242,0.24251,0.2401,0.24093,2522.2
1672560000000,0.24096,0.24214,0.24035,0.24201,3874.2
1672574400000,0.24207,0.24279,0.24161,0.24237,2702.9
1672588800000,0.24239,0.24413,0.24235,0.24336,6402.1
1672603200000,0.24345,0.24452,0.24317,0.24336,2906.7
1672617600000,0.24345,0.24388,0.23717,0.23997,13303.6
1672632000000,0.2401,0.24492,0.23919,0.24341,14799.5
1672646400000,0.24347,0.24853,0.24347,0.24703,15267.8
1672660800000,0.24703,0.24951,0.24656,0.2489,7639.1
1672675200000,0.24895,0.25078,0.24823,0.25078,12450.5
1672689600000,0.25076,0.25153,0.24843,0.24923,4555.3
1672704000000,0.24914,0.2498,0.24656,0.24813,20787.0
1672718400000,0.24808,0.25046,0.24778,0.24944,4694.8
1672732800000,0.2493,0.25035,0.24687,0.24704,57888.1
1672747200000,0.24721,0.24774,0.2402,0.24146,22818.6
1672761600000,0.2415,0.24261,0.24021,0.24127,14972.6
1672776000000,0.24131,0.24497,0.24083,0.24433,11366.3
1672790400000,0.2444,0.25132,0.24303,0.25047,14300.9
1672804800000,0.25074,0.25192,0.2491,0.25026,11437.5
1672819200000,0.25025,0.25109,0.24838,0.24879,5122.7
1672833600000,0.24873,0.25106,0.24627,0.25032,7590.3
1672848000000,0.25006,0.25292,0.24873,0.2496,13692.7
1672862400000,0.2498,0.25056,0.24705,0.25011,2872.2
1672876800000,0.25032,0.25579,0.24968,0.25483,23562.6
1672891200000,0.2547,0.25638,0.25099,0.25289,19576.6
1672905600000,0.25271,0.25271,0.24792,0.25087,15332.3
1672920000000,0.25094,0.25257,0.24793,0.25146,22677.2
1672934400000,0.25146,0.25338,0.25086,0.25169,11627.5
1672948800000,0.2516,0.25299,0.24872,0.25039,7901.0
1672963200000,0.25036,0.25291,0.24925,0.24969,5843.1
1672977600000,0.24976,0.25012,0.24686,0.24774,9551.0
1672992000000,0.24775,0.24929,0.24652,0.249,11541.1
1673006400000,0.24898,0.25277,0.24656,0.25249,11809.6
1673020800000,0.25259,0.25552,0.25206,0.25536,26633.8
1673035200000,0.2555,0.25762,0.25333,0.25552,7656.1
1673049600000,0.25576,0.26319,0.25542,0.2613,28094.0
1673064000000,0.26137,0.26967,0.26064,0.26818,47036.6
1673078400000,0.26805,0.26854,0.26525,0.26659,32812.0
1673092800000,0.26644,0.26644,0.26232,0.26301,7434.4
1673107200000,0.26306,0.2647,0.26161,0.26297,8407.8
1673121600000,0.2631,0.26368,0.2612,0.2616,4861.2
1673136000000,0.26175,0.26223,0.25628,0.25904,7522.3
1673150400000,0.25887,0.26062,0.25838,0.259,8401.6
1673164800000,0.25912,0.26103,0.2586,0.25967,35619.8
1673179200000,0.25966,0.26788,0.25966,0.26523,14059.3
1673193600000,0.26517,0.26763,0.26278,0.26651,8766.7
1673208000000,0.26662,0.27903,0.26662,0.27728,38191.6
1673222400000,0.27726,0.28382,0.27592,0.28258,30258.1
1673236800000,0.2827,0.28759,0.2827,0.28702,31619.4
1673251200000,0.28706,0.29246,0.28542,0.28548,21369.4
1673265600000,0.28566,0.29224,0.28336,0.29017,29606.4
1673280000000,0.29024,0.31021,0.29009,0.29044,76457.4
1673294400000,0.29055,0.29556,0.28624,0.29017,56365.3
1673308800000,0.29046,0.29867,0.2832,0.28857,23548.0
1673323200000,0.28873,0.29149,0.28749,0.28976,9357.9
1673337600000,0.28979,0.29278,0.28677,0.28753,10045.0
1673352000000,0.28757,0.28994,0.2846,0.28852,11849.2
1673366400000,0.28843,0.2925,0.28571,0.29241,6730.5
1673380800000,0.29272,0.29355,0.28835,0.29097,8023.6
1673395200000,0.29102,0.29307,0.28569,0.28809,10151.3
1673409600000,0.28796,0.28989,0.28607,0.28901,9018.4
1673424000000,0.28915,0.28915,0.28498,0.28712,16545.9
1673438400000,0.28688,0.28795,0.2822,0.28319,18799.4
1673452800000,0.28302,0.29185,0.28158,0.29143,9135.7
1673467200000,0.29168,0.30239,0.2891,0.30092,14219.6
1673481600000,0.30129,0.30672,0.299,0.30281,23817.8
1673496000000,0.30294,0.30404,0.29823,0.29942,13887.0
1673510400000,0.29929,0.29943,0.29256,0.29529,8932.7
1673524800000,0.2953,0.30199,0.29049,0.29476,25826.8
1673539200000,0.29466,0.30602,0.2941,0.30396,17036.5
1673553600000,0.30454,0.30603,0.3021,0.30431,13428.3
1673568000000,0.30442,0.31344,0.3005,0.31285,19966.2
1673582400000,0.31272,0.3152,0.30939,0.31181,27458.9
1673596800000,0.31168,0.31348,0.30781,0.30783,19492.5
1673611200000,0.30782,0.30993,0.3042,0.30952,18030.2
1673625600000,0.30941,0.32071,0.30551,0.31987,33306.8
1673640000000,0.31991,0.34199,0.31888,0.33473,87986.1
1673654400000,0.33443,0.35142,0.33355,0.34142,58402.4
1673668800000,0.34163,0.35327,0.33903,0.35104,20502.1
1673683200000,0.35138,0.36417,0.32002,0.34748,81989.1
1673697600000,0.34722,0.35323,0.33857,0.35006,129306.9
1673712000000,0.34975,0.35359,0.34052,0.34164,37770.3
1673726400000,0.34171,0.35222,0.3402,0.35056,62054.2
1673740800000,0.35133,0.35436,0.33746,0.34172,100284.8
1673755200000,0.3418,0.34509,0.33704,0.34042,25635.7
1673769600000,0.34051,0.34115,0.33275,0.34115,31617.3
1673784000000,0.34063,0.34986,0.33834,0.34593,64903.0
1673798400000,0.34595,0.3656,0.34033,0.35767,138386.2
1673812800000,0.35765,0.36261,0.35206,0.36154,48294.6
1673827200000,0.36136,0.38275,0.35389,0.36717,173144.5
1673841600000,0.36728,0.37998,0.36664,0.37474,171109.7
1673856000000,0.37486,0.37487,0.35587,0.36152,140697.0
1673870400000,0.36138,0.36585,0.34678,0.36005,82006.0
1673884800000,0.35984,0.36318,0.35613,0.36285,33575.0
1673899200000,0.36314,0.36502,0.35794,0.36032,15716.2
1673913600000,0.36056,0.36473,0.35032,0.36248,34257.8
1673928000000,0.36275,0.37454,0.3627,0.36579,65245.8
1673942400000,0.36541,0.36987,0.36427,0.36987,15870.8
1673956800000,0.36973,0.37122,0.36116,0.36548,25655.7
1673971200000,0.36542,0.36652,0.36114,0.36612,12373.5
1673985600000,0.36616,0.36683,0.35805,0.36003,7247.9
1674000000000,0.35981,0.37317,0.35981,0.36808,34271.2
1674014400000,0.36817,0.37197,0.36426,0.36779,16167.4
1674028800000,0.36785,0.39423,0.36225,0.38827,242503.1
1674043200000,0.38757,0.43031,0.38618,0.40406,1018780.0
1674057600000,0.40382,0.40401,0.38317,0.38634,288759.5
1674072000000,0.3863,0.38732,0.36273,0.36357,77557.5
1674086400000,0.36266,0.36539,0.35388,0.35778,41141.9
1674100800000,0.35822,0.46513,0.35815,0.42701,510328.6
1674115200000,0.42667,0.45936,0.41236,0.41608,591699.5
1674129600000,0.41607,0.42795,0.40247,0.41383,180678.7
1674144000000,0.41372,0.41934,0.40922,0.41627,61457.4
1674158400000,0.41628,0.42746,0.40817,0.41287,68260.8
1674172800000,0.41272,0.43419,0.40676,0.42209,155213.6
1674187200000,0.42233,0.42433,0.41129,0.41313,42636.8
1674201600000,0.41305,0.42396,0.41227,0.41656,40425.1
1674216000000,0.41661,0.42133,0.41234,0.41588,44377.1
1674230400000,0.41578,0.42735,0.41452,0.42731,63347.8
1674244800000,0.42738,0.44454,0.42714,0.4361,116336.6
1674259200000,0.43608,0.45448,0.43193,0.43745,131463.9
1674273600000,0.4377,0.44092,0.43355,0.43707,41103.2
1674288000000,0.43723,0.44535,0.41667,0.44125,101138.2
1674302400000,0.44134,0.45173,0.42804,0.43058,49585.0
1674316800000,0.43049,0.43835,0.42799,0.43477,26817.2
1674331200000,0.43502,0.44206,0.42905,0.4361,35347.4
1674345600000,0.43598,0.45358,0.42808,0.435,67784.6
1674360000000,0.43541,0.43996,0.43086,0.43378,28407.3
1674374400000,0.43395,0.43988,0.43188,0.43285,32835.4
1674388800000,0.4329,0.44635,0.43021,0.4382,95327.3
1674403200000,0.43808,0.44355,0.43314,0.4362,32972.2
1674417600000,0.43669,0.43722,0.41673,0.43206,39392.0
1674432000000,0.4322,0.44707,0.43159,0.4346,62227.6
1674446400000,0.4357,0.44055,0.43063,0.43156,17592.5
1674460800000,0.4315,0.4356,0.42916,0.43503,19379.6
1674475200000,0.43515,0.4356,0.42331,0.43021,44355.6
1674489600000,0.43021,0.43891,0.42727,0.4326,20028.1
1674504000000,0.4325,0.43579,0.43012,0.43143,9440.6
1674518400000,0.43148,0.43626,0.42618,0.43578,21713.5
1674532800000,0.43558,0.44533,0.43335,0.4403,35427.2
1674547200000,0.43996,0.4416,0.43355,0.43557,27912.1
1674561600000,0.43574,0.44013,0.42902,0.43351,32921.0
1674576000000,0.43388,0.44583,0.4269,0.44043,34386.3
1674590400000,0.44031,0.44408,0.39365,0.40261,62956.4
1674604800000,0.40255,0.40665,0.39295,0.40304,50798.9
1674619200000,0.40322,0.40991,0.39901,0.40802,21863.7
1674633600000,0.40832,0.41059,0.39842,0.39954,21050.1
1674648000000,0.3994,0.41177,0.39672,0.40434,34046.6
1674662400000,0.40433,0.40965,0.4018,0.40959,22530.9
1674676800000,0.40952,0.43234,0.40952,0.42583,73832.6
1674691200000,0.42613,0.43221,0.42366,0.4239,18873.2
1674705600000,0.42382,0.42877,0.41858,0.41989,17208.2
1674720000000,0.41971,0.42213,0.41131,0.41438,17366.4
1674734400000,0.41446,0.4244,0.41196,0.414,35427.8
1674748800000,0.41379,0.42,0.40894,0.41686,28609.6
1674763200000,0.41673,0.4191,0.41411,0.41638,19888.2
1674777600000,0.4164,0.41842,0.40091,0.40668,30195.5
1674792000000,0.40697,0.41269,0.40636,0.41261,17906.8
1674806400000,0.41272,0.41384,0.40925,0.41311,19517.2
1674820800000,0.41272,0.41709,0.40684,0.41225,26306.3
1674835200000,0.41212,0.42359,0.41196,0.4234,14481.2
1674849600000,0.42343,0.42625,0.41909,0.42528,15736.9
1674864000000,0.42514,0.50257,0.42514,0.46822,513291.7
1674878400000,0.46806,0.47408,0.44959,0.45087,61149.5
1674892800000,0.45074,0.45718,0.44962,0.45599,32219.9
1674907200000,0.45589,0.45589,0.44316,0.45222,31278.7
1674921600000,0.45208,0.45934,0.44913,0.45639,36163.9
1674936000000,0.45679,0.46477,0.44967,0.46115,29827.7
1674950400000,0.4608,0.46082,0.44717,0.45565,40305.9
1674964800000,0.45673,0.45781,0.45105,0.45244,13208.3
1674979200000,0.45233,0.4587,0.44949,0.45809,20273.2
1674993600000,0.45804,0.47221,0.45804,0.46786,39992.3
1675008000000,0.46814,0.47534,0.46347,0.47511,41650.5
1675022400000,0.47496,0.47797,0.46892,0.47297,19342.6
1675036800000,0.47254,0.47635,0.45635,0.46127,24962.0
1675051200000,0.46135,0.46421,0.45683,0.45841,21780.9
1675065600000,0.45809,0.45951,0.43396,0.43539,45048.0
1675080000000,0.43481,0.44273,0.43342,0.43769,17646.6
1675094400000,0.43743,0.44585,0.42142,0.43365,33985.5
1675108800000,0.43316,0.43749,0.424,0.43717,26687.8
1675123200000,0.43699,0.43911,0.4319,0.43357,23392.4
1675137600000,0.4342,0.44011,0.43287,0.4397,45784.0
1675152000000,0.43942,0.44005,0.42782,0.43161,20424.4
1675166400000,0.43193,0.4427,0.43073,0.44067,14085.4
1675180800000,0.44103,0.45366,0.43962,0.44781,18364.4
1675195200000,0.44736,0.45756,0.43948,0.45739,22453.9
1675209600000,0.45739,0.47217,0.45278,0.45535,42545.0
1675224000000,0.45561,0.46258,0.44694,0.45873,22870.4
1675238400000,0.45865,0.46059,0.44812,0.45265,16985.8
1675252800000,0.45251,0.45712,0.43529,0.4384,32167.5
1675267200000,0.43821,0.45934,0.42839,0.45646,30886.0
1675281600000,0.45666,0.47541,0.45609,0.47171,40435.4
1675296000000,0.47226,0.48146,0.47226,0.47613,24673.0
1675310400000,0.47595,0.47919,0.46947,0.47235,16683.0
1675324800000,0.47252,0.47892,0.47238,0.47808,12667.7
1675339200000,0.47836,0.47995,0.46708,0.47821,19167.4
1675353600000,0.47803,0.48699,0.47304,0.47511,17979.4
1675368000000,0.4749,0.47655,0.45356,0.4597,18017.5
1675382400000,0.45991,0.46355,0.45188,0.45861,10341.7
1675396800000,0.45875,0.46723,0.4581,0.46147,9048.6
1675411200000,0.4618,0.46599,0.45833,0.46593,29064.8
1675425600000,0.46585,0.47299,0.45859,0.47049,18932.4
1675440000000,0.46978,0.4724,0.46384,0.46405,398965.2
1675454400000,0.4639,0.47201,0.46221,0.47118,293747.3
1675468800000,0.47129,0.47382,0.46504,0.46549,296633.2
1675483200000,0.46549,0.46969,0.4636,0.4688,330879.9
1675497600000,0.46866,0.47673,0.46862,0.47671,314577.5
1675512000000,0.47673,0.48921,0.47629,0.4824,368643.9
1675526400000,0.48244,0.48373,0.47765,0.48092,312575.9
1675540800000,0.48088,0.48384,0.47303,0.47565,319545.3
1675555200000,0.47578,0.49286,0.47528,0.47941,240029.6
1675569600000,0.47977,0.4911,0.47911,0.48828,268691.7
1675584000000,0.48826,0.49074,0.48368,0.48513,271718.5
1675598400000,0.48515,0.48692,0.45047,0.46024,329742.1
1675612800000,0.46003,0.46355,0.44727,0.45113,337309.3
1675627200000,0.451,0.45611,0.44381,0.4549,322883.8
1675641600000,0.45548,0.46486,0.45454,0.45641,330801.8
1675656000000,0.45666,0.46318,0.44857,0.46318,289007.1
1675670400000,0.46319,0.46644,0.45847,0.46499,356477.1
1675684800000,0.46499,0.48699,0.46387,0.47759,348730.9
1675699200000,0.47765,0.48364,0.47316,0.47917,331337.6
1675713600000,0.47894,0.47894,0.45616,0.46227,345268.5
1675728000000,0.46205,0.46271,0.45418,0.46057,321943.2
1675742400000,0.46071,0.4641,0.45979,0.46327,335018.8
1675756800000,0.46311,0.47408,0.4585,0.47163,343165.9
1675771200000,0.47208,0.48688,0.47164,0.47743,369129.0
1675785600000,0.47716,0.49579,0.47519,0.49106,283707.7
1675800000000,0.49105,0.52816,0.48958,0.51389,368879.8
1675814400000,0.51375,0.52928,0.51166,0.51874,276829.9
1675828800000,0.51848,0.52106,0.51116,0.51694,271667.2
1675843200000,0.51655,0.51739,0.50221,0.5091,288731.2
1675857600000,0.5099,0.51194,0.49128,0.4927,342652.6
1675872000000,0.49243,0.50132,0.47816,0.49435,224481.3
1675886400000,0.49421,0.50528,0.48786,0.50277,291876.1
1675900800000,0.50291,0.5081,0.47077,0.4769,334523.0
1675915200000,0.47634,0.50451,0.47092,0.50417,292067.6
1675929600000,0.50435,0.51798,0.49594,0.50062,316714.4
1675944000000,0.50039,0.51325,0.49341,0.50366,333534.9
1675958400000,0.50348,0.50396,0.46042,0.46621,388381.8
1675972800000,0.46615,0.46615,0.43287,0.4435,287962.2
1675987200000,0.44332,0.44581,0.43486,0.43882,294707.8
1676001600000,0.43887,0.44511,0.43091,0.4446,357184.4
1676016000000,0.44434,0.44524,0.43486,0.43661,350137.8
1676030400000,0.43688,0.44681,0.43446,0.43877,357146.4
1676044800000,0.43882,0.44891,0.43366,0.44758,277540.9
1676059200000,0.44777,0.44815,0.43745,0.43959,291867.3
1676073600000,0.43953,0.44303,0.43523,0.44026,357526.9
1676088000000,0.44055,0.44291,0.43858,0.44291,359075.6
1676102400000,0.44287,0.4459,0.44129,0.44433,308981.0
1676116800000,0.44445,0.45587,0.44336,0.4547,345452.3
1676131200000,0.45501,0.45501,0.44801,0.45003,331619.0
1676145600000,0.45007,0.46235,0.44843,0.46235,291928.6
1676160000000,0.46211,0.46216,0.45357,0.45673,213998.4
1676174400000,0.45678,0.45731,0.45208,0.4557,216366.2
1676188800000,0.45572,0.46015,0.45441,0.46009,331508.9
1676203200000,0.46007,0.46339,0.45406,0.46199,273755.7
1676217600000,0.46216,0.46609,0.4592,0.46162,156582.5
1676232000000,0.46169,0.46293,0.4408,0.44716,289944.8
1676246400000,0.44693,0.45166,0.43258,0.4418,249566.4
1676260800000,0.4421,0.44529,0.44135,0.44322,328895.6
1676275200000,0.44333,0.44333,0.41561,0.42096,370687.8
1676289600000,0.42115,0.42513,0.41956,0.42017,267158.1
1676304000000,0.42045,0.42264,0.41237,0.42117,275133.1
1676318400000,0.42126,0.42877,0.41892,0.42804,216761.8
1676332800000,0.42801,0.43046,0.41967,0.41978,297343.5
1676347200000,0.42007,0.42314,0.41958,0.42211,344043.9
1676361600000,0.42237,0.42714,0.41737,0.42163,361995.4
1676376000000,0.42192,0.4436,0.41593,0.4347,381504.6
1676390400000,0.4345,0.44102,0.43162,0.4405,252193.7
1676404800000,0.44075,0.4436,0.43871,0.44319,355052.2
1676419200000,0.44328,0.44795,0.43844,0.44205,289889.0
1676433600000,0.44236,0.44451,0.44099,0.44293,305783.4
1676448000000,0.44261,0.44883,0.44113,0.44818,313982.7
1676462400000,0.44821,0.45364,0.44764,0.45112,336688.6
1676476800000,0.45142,0.46895,0.45027,0.46892,201143.5
1676491200000,0.46903,0.48443,0.46853,0.48436,258061.1
1676505600000,0.48437,0.49087,0.47818,0.48891,254385.0
1676520000000,0.48886,0.49444,0.48311,0.48587,210890.4
1676534400000,0.48584,0.49118,0.48258,0.48471,275882.9
1676548800000,0.48463,0.48811,0.47378,0.48786,288540.6
1676563200000,0.48786,0.49567,0.47888,0.48861,234217.9
1676577600000,0.48853,0.48862,0.45208,0.4539,363641.9
1676592000000,0.45377,0.4822,0.45302,0.48113,247168.4
1676606400000,0.48135,0.48309,0.47432,0.47852,240437.8
1676620800000,0.47845,0.48303,0.47754,0.47918,249835.3
1676635200000,0.47919,0.48547,0.47474,0.47972,340576.5
1676649600000,0.47923,0.48619,0.47189,0.48591,306144.6
1676664000000,0.48606,0.4918,0.47607,0.48611,294772.3
1676678400000,0.48601,0.49637,0.48601,0.49351,265691.2
1676692800000,0.49344,0.49443,0.4871,0.48722,265885.5
1676707200000,0.48721,0.48782,0.47795,0.48388,252311.3
1676721600000,0.48382,0.49127,0.48288,0.4904,213973.2
1676736000000,0.49013,0.49415,0.48745,0.49029,262296.6
1676750400000,0.49016,0.49289,0.4853,0.48924,279034.5
1676764800000,0.48925,0.49271,0.48637,0.48764,93446.8
1676779200000,0.48768,0.49326,0.48635,0.48952,179126.7
1676793600000,0.48952,0.49371,0.48673,0.49184,128755.1
1676808000000,0.49182,0.50803,0.49167,0.50161,271928.3
1676822400000,0.50136,0.50336,0.47928,0.47961,310913.1
1676836800000,0.47952,0.48894,0.47257,0.48424,365661.1
1676851200000,0.48355,0.50697,0.47607,0.50429,351317.4
1676865600000,0.50508,0.51318,0.50469,0.51063,326909.3
1676880000000,0.5105,0.53966,0.50861,0.52534,389948.5
1676894400000,0.52549,0.52612,0.5168,0.52292,288879.3
1676908800000,0.52249,0.52604,0.51621,0.5237,244083.3
1676923200000,0.52387,0.52903,0.51908,0.52115,258535.5
1676937600000,0.52096,0.52749,0.51714,0.52021,215004.8
1676952000000,0.52022,0.5256,0.51719,0.5204,214103.9
1676966400000,0.52035,0.52304,0.49925,0.50109,320997.2
1676980800000,0.50127,0.50908,0.49437,0.50797,344117.5
1676995200000,0.50787,0.50837,0.49751,0.49979,277964.8
1677009600000,0.49994,0.50198,0.48641,0.50198,267885.0
1677024000000,0.50194,0.50594,0.48258,0.49197,340338.3
1677038400000,0.49223,0.49328,0.47966,0.4843,306141.8
1677052800000,0.48431,0.48477,0.47276,0.48351,316275.1
1677067200000,0.48365,0.48808,0.47117,0.47334,299023.7
1677081600000,0.47251,0.48219,0.47,0.47857,233300.1
1677096000000,0.47871,0.4873,0.47447,0.48726,111780.7
1677110400000,0.48738,0.54939,0.48738,0.54159,677413.7
1677124800000,0.54217,0.56745,0.54207,0.56019,502892.6
1677139200000,0.56082,0.56446,0.54405,0.54906,287139.1
1677153600000,0.54876,0.55813,0.53956,0.54021,267854.9
1677168000000,0.54014,0.54354,0.52804,0.53224,265915.7
1677182400000,0.53165,0.54727,0.53144,0.5463,300428.6
1677196800000,0.54488,0.55016,0.52582,0.52593,270057.6
1677211200000,0.52632,0.52904,0.52315,0.52782,216802.8
1677225600000,0.52795,0.52894,0.51714,0.52142,271409.6
1677240000000,0.52132,0.52321,0.50714,0.50917,355172.0
1677254400000,0.5093,0.51061,0.49688,0.50401,263745.1
1677268800000,0.50383,0.50874,0.49123,0.49933,214960.7
1677283200000,0.49911,0.50083,0.4893,0.48966,120474.1
1677297600000,0.48971,0.49013,0.48109,0.48369,105319.9
1677312000000,0.48385,0.48489,0.47488,0.47887,114418.6
1677326400000,0.47905,0.48078,0.47244,0.47512,181164.0
1677340800000,0.47511,0.47793,0.46375,0.46676,211990.5
1677355200000,0.46658,0.47147,0.45518,0.47126,198858.4
1677369600000,0.47124,0.47203,0.46289,0.47077,64860.1
1677384000000,0.47113,0.47527,0.46682,0.47293,136873.3
1677398400000,0.47295,0.48301,0.47188,0.48039,146626.1
1677412800000,0.4801,0.48032,0.47365,0.47692,194022.8
1677427200000,0.47701,0.48842,0.47332,0.48751,104851.7
1677441600000,0.48752,0.49518,0.48628,0.49065,191177.1
1677456000000,0.49058,0.49062,0.48286,0.48582,191488.4
1677470400000,0.48569,0.48581,0.47558,0.47558,177015.5
1677484800000,0.47559,0.47739,0.46954,0.47701,108732.0
1677499200000,0.47713,0.49183,0.47482,0.48634,284595.1
1677513600000,0.48612,0.48922,0.47101,0.47314,179995.4
1677528000000,0.47288,0.48311,0.46988,0.48297,81716.1
1677542400000,0.48294,0.48363,0.47648,0.48253,102677.8
1677556800000,0.48254,0.48254,0.46831,0.46869,72864.1
1677571200000,0.46848,0.47034,0.46616,0.46977,138511.5
1677585600000,0.46984,0.4765,0.46878,0.47465,99201.9
1677600000000,0.47486,0.47787,0.46651,0.46683,108994.4
1677614400000,0.46679,0.46836,0.45479,0.46211,173813.4
1677628800000,0.46208,0.47081,0.45673,0.47081,115722.0
1677643200000,0.47083,0.48217,0.47083,0.47802,143161.5
1677657600000,0.47799,0.48714,0.47715,0.48113,200786.2
1677672000000,0.48117,0.48211,0.47558,0.47873,144473.5
1677686400000,0.47873,0.47873,0.47028,0.47228,92881.7
1677700800000,0.47159,0.48032,0.47091,0.47892,132468.0
1677715200000,0.47915,0.48025,0.46458,0.46724,177149.3
1677729600000,0.46724,0.47042,0.46193,0.46425,49913.0
1677744000000,0.46401,0.46561,0.46079,0.46333,58134.1
1677758400000,0.46315,0.46409,0.45638,0.45906,154932.5
1677772800000,0.45903,0.4632,0.45543,0.46302,60146.6
1677787200000,0.46292,0.46513,0.46141,0.46477,46828.8
1677801600000,0.46477,0.46477,0.41788,0.42563,307344.9
1677816000000,0.42533,0.43621,0.42495,0.43571,89991.5
1677830400000,0.43579,0.44033,0.43458,0.43458,207024.9
1677844800000,0.43456,0.43845,0.43071,0.43383,240080.8
1677859200000,0.43376,0.43723,0.4309,0.43274,253622.0
1677873600000,0.43298,0.43614,0.42743,0.43565,281792.6
1677888000000,0.43584,0.4396,0.43516,0.43568,205866.5
1677902400000,0.4356,0.436,0.42877,0.43467,207214.1
1677916800000,0.43497,0.43688,0.4333,0.43526,285059.2
1677931200000,0.43529,0.43697,0.43133,0.43138,104573.1
1677945600000,0.43124,0.43227,0.42224,0.42278,169329.7
1677960000000,0.42294,0.42367,0.41336,0.42325,226137.1
1677974400000,0.42332,0.43675,0.42053,0.43262,201273.8
1677988800000,0.43284,0.43458,0.42748,0.42808,120633.0
1678003200000,0.42791,0.4304,0.42394,0.42786,50274.4
1678017600000,0.42786,0.43196,0.42752,0.42906,109367.5
1678032000000,0.42908,0.42977,0.42504,0.42618,90544.3
1678046400000,0.42605,0.42877,0.41493,0.41651,173593.3
1678060800000,0.41679,0.41761,0.40633,0.41149,545849.4
1678075200000,0.41153,0.41317,0.40744,0.41222,756983.2
1678089600000,0.41187,0.42141,0.40879,0.41885,127586.2
1678104000000,0.41843,0.42688,0.41552,0.42548,155718.0
1678118400000,0.426,0.42678,0.42182,0.4231,122012.9
1678132800000,0.42346,0.42741,0.42176,0.42547,57364.9
1678147200000,0.42586,0.43651,0.42586,0.43192,163401.2
1678161600000,0.43243,0.43911,0.43243,0.4371,179462.7
1678176000000,0.43689,0.43844,0.43013,0.4325,119938.7
1678190400000,0.43276,0.44578,0.42546,0.44157,497306.9
1678204800000,0.44139,0.44883,0.42734,0.42734,207987.7
1678219200000,0.42742,0.43162,0.41863,0.42905,152789.3
1678233600000,0.42915,0.42975,0.41701,0.41928,106893.7
1678248000000,0.41963,0.42027,0.40786,0.40838,192980.7
1678262400000,0.40841,0.41097,0.40581,0.40855,156980.6
1678276800000,0.40877,0.40919,0.39317,0.40284,229351.7
1678291200000,0.40318,0.40476,0.39652,0.39905,32701.2
1678305600000,0.39888,0.40244,0.38564,0.39134,155709.3
1678320000000,0.39095,0.39306,0.3872,0.38862,77376.8
1678334400000,0.3888,0.39121,0.38384,0.38447,52879.5
1678348800000,0.3848,0.3896,0.38261,0.38954,118020.4
1678363200000,0.3895,0.39684,0.3863,0.38986,95310.8
1678377600000,0.38958,0.39077,0.371,0.3735,251467.8
1678392000000,0.37308,0.37308,0.35114,0.3584,393750.0
1678406400000,0.35841,0.35938,0.34814,0.35146,202548.5
1678420800000,0.35145,0.35609,0.34759,0.35422,175244.3
1678435200000,0.35464,0.35627,0.33088,0.34322,261199.9
1678449600000,0.34333,0.35618,0.34319,0.35339,305766.0
1678464000000,0.35314,0.35713,0.35014,0.35663,210052.9
1678478400000,0.35679,0.35959,0.3492,0.35684,149053.4
1678492800000,0.35646,0.36401,0.35626,0.35905,222879.2
1678507200000,0.359,0.36067,0.34018,0.34367,317398.2
1678521600000,0.34329,0.34946,0.34054,0.34282,372088.9
1678536000000,0.34281,0.34415,0.33367,0.33469,373387.3
1678550400000,0.33463,0.34485,0.33257,0.3443,314759.3
1678564800000,0.34446,0.35174,0.34405,0.35162,290399.7
1678579200000,0.35158,0.35253,0.34656,0.35066,100923.4
1678593600000,0.35123,0.3545,0.3508,0.35298,158767.6
1678608000000,0.35299,0.3549,0.35081,0.35376,326378.2
1678622400000,0.3537,0.35436,0.34693,0.34838,480456.9
1678636800000,0.34826,0.36346,0.34687,0.35797,495497.1
1678651200000,0.35783,0.38409,0.35745,0.38356,442762.4
1678665600000,0.38389,0.39332,0.38297,0.38675,324810.5
1678680000000,0.38748,0.39222,0.38741,0.38943,279435.3
1678694400000,0.38942,0.39036,0.3748,0.3792,357935.5
1678708800000,0.3791,0.40743,0.37465,0.40048,583739.8
1678723200000,0.40065,0.40766,0.39661,0.40449,378922.9
1678737600000,0.40469,0.41038,0.40205,0.40621,356369.7
1678752000000,0.40655,0.41032,0.40255,0.41032,292081.6
1678766400000,0.41013,0.41249,0.40152,0.40244,354616.6
1678780800000,0.40203,0.40317,0.39626,0.40059,239013.2
1678795200000,0.40009,0.43414,0.39954,0.43196,487741.2
1678809600000,0.43186,0.44124,0.41667,0.42754,401652.5
1678824000000,0.42783,0.43122,0.40973,0.429,298404.6
1678838400000,0.42889,0.44267,0.4288,0.43455,362848.7
1678852800000,0.43503,0.4375,0.42862,0.4335,385221.6
1678867200000,0.43346,0.43425,0.41159,0.4184,361255.2
1678881600000,0.41832,0.42592,0.39947,0.40075,434251.0
1678896000000,0.40064,0.40129,0.38109,0.3864,359388.9
1678910400000,0.38613,0.39089,0.38186,0.38561,147702.2
1678924800000,0.38562,0.38911,0.37828,0.38476,144592.4
1678939200000,0.38513,0.39079,0.37793,0.38898,119974.3
1678953600000,0.38898,0.3948,0.38239,0.39179,120508.6
1678968000000,0.39158,0.39188,0.37828,0.38971,162185.4
1678982400000,0.38927,0.39074,0.38302,0.38878,112675.9
1678996800000,0.38834,0.39259,0.38133,0.39015,96502.7
1679011200000,0.39031,0.39982,0.38536,0.39797,168592.6
1679025600000,0.39809,0.4028,0.39356,0.4006,73026.4
1679040000000,0.4002,0.41469,0.39825,0.41382,131887.0
1679054400000,0.41406,0.4143,0.39268,0.39613,150968.8
1679068800000,0.39612,0.40139,0.39159,0.40006,102571.7
1679083200000,0.40023,0.42586,0.39723,0.42149,230998.9
1679097600000,0.42097,0.43961,0.42059,0.43756,240759.3
1679112000000,0.43747,0.43816,0.42883,0.42998,92679.1
1679126400000,0.43014,0.43056,0.41856,0.42943,117983.3
1679140800000,0.42923,0.43347,0.4156,0.4224,219162.5
1679155200000,0.42277,0.42473,0.40826,0.41778,204205.7
1679169600000,0.41778,0.42379,0.40647,0.40928,198599.2
1679184000000,0.4095,0.42752,0.4091,0.42657,114129.7
1679198400000,0.42666,0.43037,0.41468,0.42202,116353.9
1679212800000,0.42201,0.4261,0.4147,0.42514,196321.0
1679227200000,0.42508,0.42981,0.41958,0.42611,144747.2
1679241600000,0.42612,0.43425,0.42498,0.42862,174819.7
1679256000000,0.42906,0.43072,0.41958,0.42204,190249.6
1679270400000,0.42208,0.43621,0.41671,0.41839,358383.0
1679284800000,0.41784,0.42964,0.41241,0.42908,133417.1
1679299200000,0.42948,0.42995,0.41855,0.42092,157398.3
1679313600000,0.4208,0.42198,0.41145,0.41593,172946.6
1679328000000,0.41555,0.41781,0.39461,0.3981,246661.6
1679342400000,0.39782,0.40753,0.39782,0.40012,165027.8
1679356800000,0.40002,0.40598,0.39624,0.4008,128038.4
1679371200000,0.40102,0.40289,0.38529,0.38789,157823.8
1679385600000,0.38795,0.40053,0.38248,0.39916,136875.0
1679400000000,0.39888,0.41297,0.39662,0.40667,190003.1
1679414400000,0.40663,0.4137,0.40059,0.4047,139611.8
1679428800000,0.40544,0.41192,0.40522,0.40858,142476.6
1679443200000,0.40884,0.40954,0.3995,0.40437,133203.9
1679457600000,0.40411,0.40705,0.39851,0.4004,85551.7
1679472000000,0.40032,0.4016,0.39352,0.39446,105068.0
1679486400000,0.39443,0.40735,0.39266,0.40209,153602.2
1679500800000,0.40209,0.40532,0.37364,0.37462,400176.5
1679515200000,0.37493,0.3873,0.37312,0.38448,119425.9
1679529600000,0.38393,0.38755,0.37779,0.38053,94460.0
1679544000000,0.38077,0.3954,0.38061,0.39483,83499.6
1679558400000,0.39471,0.40164,0.39442,0.39744,118597.5
1679572800000,0.39725,0.40494,0.38892,0.4021,210191.5
1679587200000,0.40283,0.40548,0.39361,0.39851,146889.8
1679601600000,0.39791,0.40286,0.39619,0.40141,85652.5
1679616000000,0.40142,0.40206,0.39681,0.39723,70363.6
1679630400000,0.39679,0.39865,0.39463,0.3963,49579.2
1679644800000,0.39634,0.39707,0.38626,0.39103,146042.9
1679659200000,0.38809,0.39182,0.38463,0.38824,87845.2
1679673600000,0.38823,0.39021,0.37834,0.38949,145591.3
1679688000000,0.38952,0.39141,0.38414,0.38577,93113.1
1679702400000,0.38578,0.39108,0.38301,0.39002,49937.8
1679716800000,0.38957,0.39109,0.38598,0.38783,43639.1
1679731200000,0.38808,0.38811,0.38109,0.38551,51329.8
1679745600000,0.38565,0.39294,0.38051,0.39162,46104.3
1679760000000,0.39164,0.39178,0.37523,0.37575,76311.8
1679774400000,0.37557,0.38178,0.37544,0.38148,32309.1
1679788800000,0.38148,0.38525,0.3784,0.38403,26063.2
1679803200000,0.38446,0.38969,0.38426,0.3876,19564.4
1679817600000,0.38747,0.38959,0.38452,0.38918,26619.2
1679832000000,0.38922,0.39237,0.38598,0.38706,47224.3
1679846400000,0.38688,0.38872,0.38382,0.38748,14334.5
1679860800000,0.38744,0.39188,0.38482,0.38994,28668.6
1679875200000,0.38985,0.39309,0.38125,0.38367,39089.2
1679889600000,0.38351,0.38461,0.37831,0.37973,25233.1
1679904000000,0.37936,0.38554,0.37738,0.38493,9748.7
1679918400000,0.38493,0.38884,0.36223,0.36903,75786.1
1679932800000,0.36932,0.37213,0.36249,0.36322,18506.3
1679947200000,0.36343,0.36859,0.36189,0.3682,16530.8
1679961600000,0.36838,0.36944,0.36028,0.36331,27182.2
1679976000000,0.36321,0.37006,0.36243,0.36569,11151.8
1679990400000,0.36591,0.3676,0.35995,0.36737,10340.7
1680004800000,0.36721,0.37014,0.36415,0.36901,11823.6
1680019200000,0.36956,0.37698,0.36473,0.37659,13490.5
1680033600000,0.37698,0.37755,0.37189,0.37615,12350.9
1680048000000,0.37622,0.38217,0.37621,0.37983,11972.5
1680062400000,0.37963,0.39085,0.37952,0.38974,12808.6
1680076800000,0.38982,0.39617,0.38828,0.39467,24441.8
1680091200000,0.39458,0.39742,0.39044,0.39428,17074.6
1680105600000,0.39428,0.3973,0.39057,0.39723,9339.3
1680120000000,0.39717,0.40029,0.39303,0.39952,11841.8
1680134400000,0.39933,0.40761,0.39256,0.39738,33140.9
1680148800000,0.39747,0.40026,0.39148,0.39456,10986.7
1680163200000,0.39447,0.39572,0.38747,0.39426,11297.9
1680177600000,0.39383,0.39454,0.38719,0.38735,10524.3
1680192000000,0.38748,0.38976,0.3826,0.38961,11089.6
1680206400000,0.38971,0.39233,0.38789,0.3915,5951.7
1680220800000,0.39147,0.39637,0.38931,0.39,8775.0
1680235200000,0.3897,0.39244,0.38091,0.38432,5724.9
1680249600000,0.38419,0.38976,0.38301,0.38851,6921.5
1680264000000,0.38844,0.41368,0.38629,0.40443,31191.6
1680278400000,0.40439,0.408,0.40355,0.40758,11919.2
1680292800000,0.40766,0.41221,0.40518,0.40649,9249.4
1680307200000,0.40648,0.41499,0.40632,0.41391,26441.5
1680321600000,0.41373,0.41704,0.40457,0.40637,13542.6
1680336000000,0.40622,0.41048,0.40601,0.40793,6075.3
1680350400000,0.40793,0.40916,0.40277,0.40514,7433.1
1680364800000,0.40535,0.40849,0.40307,0.40831,7408.8
1680379200000,0.40816,0.41527,0.40785,0.41399,13291.0
1680393600000,0.41398,0.41679,0.41083,0.41395,10289.2
1680408000000,0.41415,0.41471,0.41084,0.41298,4338.8
1680422400000,0.41301,0.41761,0.41135,0.412,10961.1
1680436800000,0.41207,0.41249,0.39355,0.39502,15366.7
1680451200000,0.39498,0.39802,0.38758,0.39053,11825.2
1680465600000,0.39063,0.39483,0.38758,0.39459,6551.6
1680480000000,0.3947,0.39882,0.38233,0.38982,17777.8
1680494400000,0.38992,0.39561,0.38798,0.39559,5856.8
1680508800000,0.3956,0.40349,0.39552,0.39909,16240.4
1680523200000,0.39914,0.40244,0.39164,0.39489,10514.0
1680537600000,0.39481,0.40852,0.39116,0.40189,17288.0
1680552000000,0.40184,0.40354,0.38566,0.39985,18599.9
1680566400000,0.39974,0.40097,0.3926,0.39549,8175.8
1680580800000,0.39566,0.39902,0.39302,0.39645,8679.9
1680595200000,0.39658,0.40955,0.39609,0.40845,14197.9
1680609600000,0.4086,0.41081,0.40309,0.40465,14303.6
1680624000000,0.40446,0.41044,0.40446,0.40816,7870.4
1680638400000,0.4082,0.41087,0.40626,0.40834,8060.0
1680652800000,0.40841,0.42561,0.40518,0.42384,30100.8
1680667200000,0.42399,0.4246,0.41834,0.42314,12928.2
1680681600000,0.42303,0.4259,0.42177,0.42477,14746.6
1680696000000,0.4248,0.4248,0.40714,0.41162,18809.0
1680710400000,0.41157,0.42442,0.40902,0.422,20113.2
1680724800000,0.42206,0.43279,0.41937,0.42728,29673.5
1680739200000,0.42711,0.42959,0.41336,0.42064,26747.2
1680753600000,0.4208,0.42141,0.41236,0.4127,9639.5
1680768000000,0.41295,0.42024,0.41102,0.41761,14248.0
1680782400000,0.41796,0.42204,0.41221,0.42161,12046.8
1680796800000,0.42159,0.4241,0.41596,0.41866,9795.9
1680811200000,0.41843,0.42054,0.41394,0.41918,6684.3
1680825600000,0.41914,0.43847,0.41841,0.43738,74173.2
1680840000000,0.43728,0.49879,0.4344,0.46176,444164.3
1680854400000,0.46174,0.48587,0.45818,0.46373,201982.0
1680868800000,0.46387,0.49992,0.46061,0.48791,182190.3
1680883200000,0.4876,0.49633,0.48228,0.48395,152682.2
1680897600000,0.48389,0.48427,0.47043,0.47185,83756.1
1680912000000,0.47165,0.47658,0.45833,0.47096,111603.1
1680926400000,0.47076,0.47475,0.46278,0.4633,47538.0
1680940800000,0.46344,0.46696,0.46083,0.46201,39807.9
1680955200000,0.46235,0.46846,0.45456,0.45657,69559.3
1680969600000,0.45681,0.45817,0.44564,0.44882,56675.1
1680984000000,0.44881,0.45233,0.43926,0.44008,48076.3
1680998400000,0.44037,0.44751,0.43656,0.43768,34843.5
1681012800000,0.43767,0.43812,0.42818,0.42945,36273.7
1681027200000,0.42945,0.43618,0.42718,0.43395,27888.5
1681041600000,0.43385,0.43907,0.43086,0.43542,24528.3
1681056000000,0.43541,0.4437,0.43137,0.43853,26092.5
1681070400000,0.43886,0.44615,0.43822,0.44348,18413.7
1681084800000,0.44345,0.44599,0.43087,0.43263,29765.5
1681099200000,0.43282,0.43364,0.42684,0.42788,18834.2
1681113600000,0.42797,0.43157,0.42685,0.42717,15813.7
1681128000000,0.42721,0.4275,0.42065,0.42484,23393.5
1681142400000,0.42484,0.43358,0.42255,0.43192,31852.5
1681156800000,0.43201,0.43722,0.42827,0.43712,20620.9
1681171200000,0.43706,0.43706,0.43068,0.43365,21543.0
1681185600000,0.43369,0.4369,0.4293,0.4355,19883.3
1681200000000,0.43567,0.43567,0.43195,0.43436,11370.6
1681214400000,0.4343,0.4353,0.42827,0.43178,18842.3
1681228800000,0.43163,0.4378,0.42935,0.4308,17747.0
1681243200000,0.43074,0.43228,0.4291,0.43134,7798.5
1681257600000,0.43125,0.43233,0.40778,0.41105,37022.7
1681272000000,0.4109,0.41573,0.41039,0.41519,17885.3
1681286400000,0.415,0.415,0.4115,0.41388,14735.4
1681300800000,0.41377,0.42714,0.41236,0.42078,29984.7
1681315200000,0.4208,0.42172,0.41445,0.4169,14594.2
1681329600000,0.41704,0.42216,0.41672,0.42071,6214.0
1681344000000,0.42093,0.4211,0.41546,0.41934,12261.3
1681358400000,0.41958,0.42019,0.41652,0.41867,8794.7
1681372800000,0.41856,0.42657,0.418,0.42407,25872.3
1681387200000,0.424,0.42772,0.42371,0.42538,18677.9
1681401600000,0.42534,0.4295,0.42456,0.42799,9227.1
1681416000000,0.42795,0.43422,0.42456,0.43421,11832.8
1681430400000,0.43402,0.44113,0.43148,0.43971,26369.4
1681444800000,0.43995,0.44369,0.43816,0.43839,18841.3
1681459200000,0.43845,0.44271,0.43798,0.44028,11965.2
1681473600000,0.44032,0.44103,0.42827,0.42949,24126.1
1681488000000,0.42922,0.4415,0.42678,0.44089,14951.1
1681502400000,0.44108,0.45078,0.43896,0.44828,26993.4
1681516800000,0.44819,0.45296,0.43826,0.4393,24191.9
1681531200000,0.43931,0.44389,0.43673,0.44261,7605.5
1681545600000,0.44316,0.44743,0.44059,0.44579,12986.5
1681560000000,0.44568,0.44628,0.4405,0.4429,10079.9
1681574400000,0.44282,0.44557,0.44015,0.44313,9999.1
1681588800000,0.44281,0.44636,0.4403,0.44514,8387.4
1681603200000,0.4451,0.44559,0.43517,0.43965,11167.6
1681617600000,0.43944,0.4446,0.4392,0.44432,5883.5
1681632000000,0.44436,0.44571,0.43826,0.43888,9066.6
1681646400000,0.43874,0.44825,0.43738,0.44775,15371.7
1681660800000,0.44787,0.45186,0.44505,0.4479,13048.0
1681675200000,0.44808,0.45457,0.44493,0.45045,21215.3
1681689600000,0.45041,0.45124,0.43622,0.44614,15345.9
1681704000000,0.44681,0.44799,0.43929,0.44489,13800.2
1681718400000,0.44489,0.44716,0.4354,0.43875,13121.0
1681732800000,0.43851,0.44801,0.43673,0.43852,25590.2
1681747200000,0.43789,0.44611,0.4374,0.44605,8138.2
1681761600000,0.44613,0.45499,0.44337,0.45177,13834.8
1681776000000,0.45182,0.45314,0.44295,0.44636,24475.5
1681790400000,0.44673,0.45647,0.44568,0.45596,14218.1
1681804800000,0.45614,0.45928,0.45288,0.45823,14149.4
1681819200000,0.45831,0.45974,0.45047,0.45155,15110.4
1681833600000,0.45162,0.45411,0.44725,0.45153,14827.8
1681848000000,0.45142,0.45573,0.44971,0.45572,7291.7
1681862400000,0.45573,0.45573,0.4491,0.44991,8779.8
1681876800000,0.44977,0.45179,0.44544,0.44631,7641.6
1681891200000,0.44608,0.44608,0.40491,0.41897,59998.8
1681905600000,0.41901,0.42247,0.4154,0.41904,20797.8
1681920000000,0.41902,0.42032,0.41506,0.41563,9651.9
1681934400000,0.41565,0.41753,0.40009,0.40941,20206.5
1681948800000,0.40889,0.41472,0.4041,0.40986,12581.6
1681963200000,0.40968,0.41476,0.40898,0.41221,7277.3
1681977600000,0.41216,0.41901,0.40928,0.40999,14282.8
1681992000000,0.40946,0.4161,0.40448,0.40451,12962.5
1682006400000,0.40458,0.40504,0.39356,0.39764,24012.1
1682020800000,0.39727,0.40244,0.39687,0.40019,9176.9
1682035200000,0.39979,0.40685,0.39873,0.40431,11596.1
1682049600000,0.40467,0.40607,0.3966,0.40333,10793.7
1682064000000,0.40344,0.40534,0.39793,0.39968,15409.5
1682078400000,0.39979,0.40427,0.39552,0.4012,12700.8
1682092800000,0.4013,0.40168,0.37989,0.38088,25699.1
1682107200000,0.38066,0.38409,0.37764,0.38321,14754.9
1682121600000,0.38275,0.38453,0.37971,0.3837,6160.4
1682136000000,0.38374,0.38633,0.38312,0.38412,6771.2
1682150400000,0.38435,0.38756,0.38312,0.38735,5763.2
1682164800000,0.38694,0.39562,0.3867,0.39562,8724.7
1682179200000,0.39561,0.3975,0.39312,0.39448,8346.8
1682193600000,0.39451,0.39791,0.39394,0.39768,6442.6
1682208000000,0.39735,0.39735,0.38983,0.39453,5579.2
1682222400000,0.39458,0.39644,0.39292,0.39616,3432.2
1682236800000,0.39613,0.39694,0.39213,0.39507,5112.8
1682251200000,0.39512,0.39749,0.38716,0.38922,9035.8
1682265600000,0.38921,0.39234,0.37882,0.38377,9850.8
1682280000000,0.38347,0.39176,0.38231,0.39065,6818.8
1682294400000,0.39107,0.39635,0.38612,0.39184,11747.0
1682308800000,0.39167,0.39167,0.38465,0.38736,5441.0
1682323200000,0.38757,0.39374,0.38374,0.39372,5138.6
1682337600000,0.39372,0.39565,0.3885,0.38907,8260.6
1682352000000,0.38907,0.39338,0.383,0.39029,7991.2
1682366400000,0.39029,0.39253,0.38956,0.39059,4133.3
1682380800000,0.39059,0.39157,0.38377,0.38485,6107.0
1682395200000,0.38485,0.38698,0.38268,0.38299,4042.3
1682409600000,0.38299,0.38526,0.38088,0.38394,9032.6
1682424000000,0.38394,0.38656,0.37965,0.38006,5029.1
1682438400000,0.38006,0.38685,0.37917,0.38538,5450.0
1682452800000,0.38538,0.39989,0.38498,0.39763,10809.2
1682467200000,0.39763,0.39901,0.39404,0.39488,4641.7
1682481600000,0.39488,0.39898,0.39392,0.39525,6859.1
1682496000000,0.39525,0.4049,0.39472,0.40423,8986.4
1682510400000,0.40423,0.41204,0.40415,0.41184,15502.3
1682524800000,0.41184,0.41212,0.37605,0.38117,26462.1
1682539200000,0.38083,0.39084,0.36911,0.39084,22894.5
1682553600000,0.39084,0.40283,0.3893,0.39358,13464.0
1682568000000,0.39358,0.39785,0.38862,0.39207,8698.6
1682582400000,0.39207,0.39411,0.38963,0.39163,6559.1
1682596800000,0.39163,0.3976,0.38707,0.39566,10485.7
1682611200000,0.39566,0.40304,0.39445,0.40129,8322.5
1682625600000,0.40129,0.40283,0.39503,0.39863,4315.2
1682640000000,0.39863,0.40278,0.39616,0.39665,5974.2
1682654400000,0.39665,0.39961,0.39618,0.39787,4716.4
1682668800000,0.39787,0.39803,0.39122,0.39124,5918.5
1682683200000,0.39124,0.39449,0.38759,0.39156,9998.7
1682697600000,0.39156,0.39407,0.39078,0.39196,6726.4
1682712000000,0.39196,0.39439,0.39214,0.3939,4984.3
1682726400000,0.3939,0.39932,0.39249,0.39676,5072.7
1682740800000,0.39676,0.39788,0.39457,0.39492,4871.2
1682755200000,0.39492,0.39757,0.39456,0.39702,8659.3
1682769600000,0.39702,0.39997,0.39632,0.3986,5345.9
1682784000000,0.3986,0.3988,0.39175,0.39757,7578.7
1682798400000,0.39757,0.39821,0.3956,0.39746,2917.9
1682812800000,0.39746,0.39758,0.39173,0.39238,3201.1
1682827200000,0.39238,0.39526,0.39211,0.39357,1724.3
1682841600000,0.39357,0.3951,0.39053,0.39125,8026.5
1682856000000,0.39125,0.39618,0.38934,0.39218,8423.7
1682870400000,0.39218,0.39481,0.38512,0.3869,7673.3
1682884800000,0.3869,0.38855,0.38246,0.38568,6358.0
1682899200000,0.38568,0.38801,0.37544,0.38056,12171.4
1682913600000,0.38056,0.38355,0.37896,0.38318,6928.3
1682928000000,0.38318,0.38362,0.38068,0.38112,3634.3
1682942400000,0.38089,0.38207,0.37614,0.37767,11364.8
1682956800000,0.37767,0.3786,0.36911,0.37056,7237.9
1682971200000,0.37056,0.37594,0.36948,0.37522,5304.6
1682985600000,0.37522,0.37588,0.37253,0.37404,3089.3
1683000000000,0.37404,0.37493,0.37222,0.37487,3315.2
1683014400000,0.37487,0.37562,0.37276,0.37412,3446.7
1683028800000,0.37412,0.37888,0.37056,0.37666,9584.8
1683043200000,0.37666,0.37786,0.37401,0.37694,6078.1
1683057600000,0.37694,0.37867,0.37582,0.37729,2346.3
1683072000000,0.37729,0.37742,0.37184,0.37463,3468.2
1683086400000,0.37463,0.37583,0.37269,0.37472,8785.3
1683100800000,0.37472,0.37701,0.37269,0.37274,3948.1
1683115200000,0.37274,0.37328,0.36766,0.36973,7763.8
1683129600000,0.36973,0.37875,0.36833,0.37557,11962.9
1683144000000,0.37557,0.38693,0.37525,0.38602,5861.5
1683158400000,0.38602,0.38798,0.38382,0.38608,4785.8
1683172800000,0.38608,0.3869,0.3839,0.38394,2769.8
1683187200000,0.38394,0.38701,0.38309,0.38444,3447.3
1683201600000,0.38444,0.38496,0.37904,0.37919,3741.6
1683216000000,0.37919,0.38155,0.3779,0.37954,2816.8
1683230400000,0.37954,0.38049,0.3779,0.38004,2113.2
1683244800000,0.38004,0.38439,0.37895,0.38186,4621.2
1683259200000,0.38186,0.3828,0.38026,0.38098,2353.9
1683273600000,0.38098,0.38181,0.37992,0.38075,2804.3
1683288000000,0.38075,0.38401,0.37531,0.38368,7737.3
1683302400000,0.38368,0.38738,0.38336,0.38577,5923.9
1683316800000,0.38577,0.38685,0.38381,0.38514,3593.1
1683331200000,0.38514,0.38778,0.38072,0.38182,4320.0
1683345600000,0.38182,0.38391,0.38102,0.38224,4208.7
1683360000000,0.38224,0.38218,0.37724,0.37784,9899.9
1683374400000,0.37784,0.37818,0.3639,0.36454,16368.8
1683388800000,0.36446,0.37118,0.36389,0.36921,6965.1
1683403200000,0.36921,0.37087,0.36638,0.36896,3482.1
1683417600000,0.36896,0.37029,0.36439,0.36522,3571.7
1683432000000,0.36522,0.36907,0.36493,0.36825,3178.3
1683446400000,0.36825,0.36917,0.3652,0.366,3026.3
1683460800000,0.366,0.37037,0.36624,0.36802,5822.2
1683475200000,0.36802,0.36944,0.36584,0.36779,4325.0
1683489600000,0.36779,0.36905,0.3633,0.36434,4554.4
1683504000000,0.36434,0.36669,0.34271,0.35006,22160.6
1683518400000,0.35006,0.35255,0.34341,0.34592,15659.1
1683532800000,0.34592,0.35426,0.34525,0.3536,11400.1
1683547200000,0.3536,0.35503,0.35071,0.35226,5288.6
1683561600000,0.35226,0.35245,0.32861,0.33595,27855.8
1683576000000,0.33595,0.34351,0.33489,0.34302,6079.4
1683590400000,0.34302,0.34526,0.34089,0.34255,4431.8
1683604800000,0.34255,0.34447,0.34026,0.34443,5669.9
1683619200000,0.34443,0.34563,0.34184,0.34517,4425.7
1683633600000,0.34517,0.3471,0.34259,0.34422,8041.5
1683648000000,0.34422,0.34795,0.34268,0.34367,3256.7
1683662400000,0.34367,0.34514,0.34114,0.34317,2791.9
1683676800000,0.34317,0.34527,0.3396,0.34027,6979.2
1683691200000,0.34027,0.34417,0.34002,0.34246,3976.3
1683705600000,0.34246,0.34342,0.34114,0.34209,4047.9
1683720000000,0.34209,0.35419,0.34023,0.35071,18432.7
1683734400000,0.35071,0.35268,0.33179,0.35138,22150.0
1683748800000,0.35138,0.35541,0.35039,0.35121,7631.6
1683763200000,0.35121,0.35113,0.34222,0.34334,7780.5
1683777600000,0.34334,0.34616,0.34097,0.34142,9193.0
1683792000000,0.34142,0.34239,0.33718,0.33971,5374.1
1683806400000,0.33971,0.34366,0.33108,0.33406,13949.0
1683820800000,0.33406,0.33476,0.32562,0.32942,8975.6
1683835200000,0.32942,0.33466,0.32917,0.33251,3725.4
1683849600000,0.33251,0.33299,0.32224,0.32254,8259.5
1683864000000,0.32251,0.32788,0.32008,0.32729,8313.3
1683878400000,0.32729,0.32963,0.32641,0.32777,4988.2
1683892800000,0.32777,0.33076,0.32549,0.32574,5816.8
1683907200000,0.32574,0.33118,0.32056,0.33116,9132.8
1683921600000,0.33083,0.33716,0.32948,0.33693,6215.8
1683936000000,0.33693,0.33726,0.33281,0.33361,3290.2
1683950400000,0.33361,0.33446,0.33167,0.3344,2238.5
1683964800000,0.3344,0.3358,0.33213,0.33237,2651.4
1683979200000,0.33237,0.33355,0.3285,0.33052,5253.1
1683993600000,0.33052,0.334,0.32999,0.33264,3019.0
1684008000000,0.33264,0.33685,0.33186,0.33245,17848.8
1684022400000,0.33245,0.33287,0.32826,0.33145,4246.2
1684036800000,0.33145,0.33404,0.33111,0.3335,2037.1
1684051200000,0.3335,0.33466,0.33205,0.33329,5857.2
1684065600000,0.33329,0.33824,0.33206,0.33745,6947.5
1684080000000,0.33745,0.33796,0.332,0.33288,4606.7
1684094400000,0.33288,0.33654,0.33171,0.33624,4727.0
1684108800000,0.33624,0.33954,0.33165,0.33819,10943.0
1684123200000,0.33819,0.34193,0.33698,0.3418,7965.6
1684137600000,0.3418,0.34487,0.34089,0.34104,5020.7
1684152000000,0.34104,0.34319,0.3386,0.34301,8927.5
1684166400000,0.34315,0.34389,0.33802,0.33949,6577.3
1684180800000,0.33949,0.34147,0.33748,0.3383,6170.6
1684195200000,0.3383,0.33977,0.33244,0.33563,8023.9
1684209600000,0.33563,0.34146,0.33492,0.34123,6717.5
1684224000000,0.34123,0.34227,0.33824,0.3391,7973.4
1684238400000,0.3391,0.34273,0.33719,0.34188,6154.5
1684252800000,0.34188,0.34406,0.33994,0.34036,6049.9
1684267200000,0.34036,0.34696,0.34029,0.34648,4774.8
1684281600000,0.34648,0.35859,0.34567,0.35769,11121.0
1684296000000,0.35769,0.35768,0.34956,0.35068,9141.2
1684310400000,0.35068,0.36459,0.34786,0.35245,38116.5
1684324800000,0.35245,0.35402,0.34515,0.34866,9900.7
1684339200000,0.34866,0.35674,0.34637,0.35598,7617.8
1684353600000,0.35598,0.35746,0.35334,0.35553,8272.4
1684368000000,0.35553,0.35651,0.35342,0.35504,3235.7
1684382400000,0.35504,0.35536,0.34856,0.35171,5434.7
1684396800000,0.35171,0.35346,0.34995,0.35009,5935.3
1684411200000,0.35009,0.3511,0.34623,0.34637,6344.6
1684425600000,0.34637,0.34805,0.33648,0.34152,9684.4
1684440000000,0.34152,0.34795,0.3406,0.34509,6085.1
1684454400000,0.34509,0.34606,0.34225,0.34453,4272.2
1684468800000,0.34453,0.34791,0.34378,0.34591,4059.0
1684483200000,0.34591,0.3492,0.34584,0.34617,4604.6
1684497600000,0.34617,0.34968,0.34365,0.347,5710.8
1684512000000,0.347,0.35067,0.34426,0.34528,3640.5
1684526400000,0.34528,0.34689,0.3446,0.34585,2050.8
1684540800000,0.34585,0.34529,0.34086,0.34273,3260.0
1684555200000,0.34273,0.34389,0.34245,0.34319,1964.2
1684569600000,0.34319,0.34466,0.3429,0.34422,2085.9
1684584000000,0.34422,0.3479,0.34407,0.34749,5421.1
1684598400000,0.34749,0.34817,0.34442,0.34617,2799.1
1684612800000,0.34617,0.34702,0.34471,0.34596,1812.3
1684627200000,0.34596,0.34654,0.34342,0.34431,1566.1
1684641600000,0.34431,0.34452,0.34289,0.34339,1731.2
1684656000000,0.34339,0.34404,0.33964,0.34117,4977.5
1684670400000,0.34117,0.34403,0.33751,0.3389,5855.4
1684684800000,0.3389,0.34024,0.33602,0.34016,4763.4
1684699200000,0.34016,0.34201,0.33704,0.3403,4026.6
1684713600000,0.3403,0.3419,0.33353,0.33645,7819.0
1684728000000,0.33645,0.33946,0.33628,0.33704,2025.3
1684742400000,0.33704,0.33996,0.33654,0.33856,5614.0
1684756800000,0.33856,0.34104,0.33707,0.33846,6119.4
1684771200000,0.33846,0.33989,0.33721,0.33936,2046.2
1684785600000,0.33936,0.33981,0.33725,0.33824,2065.7
1684800000000,0.33824,0.34558,0.3359,0.34533,5762.3
1684814400000,0.34533,0.34571,0.33978,0.34165,3736.6
1684828800000,0.34165,0.34233,0.33956,0.3396,3065.7
1684843200000,0.3396,0.34129,0.33904,0.34015,3903.6
1684857600000,0.34015,0.34036,0.3364,0.3385,4272.2
1684872000000,0.3385,0.34026,0.33806,0.33992,2097.1
1684886400000,0.33992,0.34,0.32916,0.33192,6110.1
1684900800000,0.33192,0.33345,0.33037,0.33086,6017.4
1684915200000,0.33086,0.33262,0.32937,0.33017,4180.7
1684929600000,0.33017,0.33068,0.32145,0.32445,13268.0
1684944000000,0.32445,0.32636,0.32265,0.32418,5035.2
1684958400000,0.32418,0.32733,0.32365,0.32499,3362.7
1684972800000,0.32499,0.32643,0.31441,0.32402,13066.5
1684987200000,0.32402,0.32962,0.32315,0.32584,8396.3
1685001600000,0.32584,0.32815,0.32546,0.3273,3701.9
1685016000000,0.3273,0.33145,0.32723,0.328,9734.9
1685030400000,0.328,0.3334,0.32758,0.33098,4954.2
1685044800000,0.33098,0.33721,0.3304,0.33298,15450.9
1685059200000,0.33298,0.3344,0.33042,0.33223,7121.9
1685073600000,0.33223,0.33262,0.32634,0.32912,6190.1
1685088000000,0.32912,0.32996,0.32803,0.32953,3478.1
1685102400000,0.32953,0.33508,0.32713,0.3321,15113.0
1685116800000,0.3321,0.33263,0.32751,0.33058,9697.8
1685131200000,0.33058,0.33242,0.32987,0.33024,3190.9
1685145600000,0.33024,0.33215,0.32794,0.33195,3679.5
1685160000000,0.33195,0.33393,0.33081,0.33113,2948.8
1685174400000,0.33113,0.33175,0.3294,0.33009,3104.5
1685188800000,0.3302,0.33201,0.32865,0.33094,3315.3
1685203200000,0.33099,0.33124,0.32911,0.33054,3700.8
1685217600000,0.33054,0.33708,0.33015,0.33658,9612.2
1685232000000,0.33658,0.33985,0.33454,0.33833,5541.7
1685246400000,0.33833,0.3397,0.33665,0.33719,5674.8
1685260800000,0.33719,0.34204,0.33544,0.33941,6459.8
1685275200000,0.33941,0.33966,0.3368,0.33798,6276.9
1685289600000,0.33798,0.34078,0.3369,0.33848,5820.7
1685304000000,0.33848,0.34649,0.33833,0.34276,11786.4
1685318400000,0.34276,0.34461,0.33987,0.34002,5602.5
1685332800000,0.34002,0.34153,0.33753,0.34043,3688.9
1685347200000,0.34043,0.34109,0.33694,0.33955,5827.5
1685361600000,0.33955,0.33979,0.33392,0.33433,8390.9
1685376000000,0.33433,0.33517,0.33233,0.33351,7384.2
1685390400000,0.33351,0.33586,0.33279,0.33361,3425.9
1685404800000,0.33361,0.3358,0.33077,0.33518,7581.4
1685419200000,0.33518,0.33536,0.33139,0.33255,4378.4
1685433600000,0.33255,0.33742,0.33247,0.33696,3206.2
1685448000000,0.33696,0.337,0.33069,0.33238,7743.6
1685462400000,0.33238,0.33836,0.33085,0.33754,6980.4
1685476800000,0.33754,0.33868,0.3355,0.33629,3281.3
1685491200000,0.33629,0.33895,0.33453,0.33787,4295.3
1685505600000,0.33787,0.33806,0.32655,0.32958,10499.0
1685520000000,0.32958,0.32975,0.32498,0.32498,4891.2
1685534400000,0.32498,0.32625,0.32192,0.32251,6389.9
1685548800000,0.32251,0.32497,0.3216,0.32445,3516.0
1685563200000,0.32445,0.32497,0.32119,0.32432,4680.2
1685577600000,0.32432,0.3259,0.31865,0.32319,6734.9
1685592000000,0.32319,0.32455,0.32224,0.32274,2648.6
1685606400000,0.32274,0.32835,0.32229,0.32733,5834.7
1685620800000,0.32733,0.32905,0.32663,0.32861,4857.3
1685635200000,0.32861,0.33212,0.32686,0.33036,9925.2
1685649600000,0.33036,0.33128,0.32797,0.32965,3615.1
1685664000000,0.32965,0.33228,0.32647,0.33192,4694.6
1685678400000,0.33192,0.33379,0.33138,0.33165,3370.4
1685692800000,0.33165,0.33255,0.33115,0.33119,6190.3
1685707200000,0.33119,0.33209,0.32812,0.33097,5118.4
1685721600000,0.33097,0.33307,0.33044,0.33307,3607.6
1685736000000,0.33307,0.33396,0.33209,0.33287,3598.1
1685750400000,0.33287,0.33314,0.32934,0.33099,2682.0
1685764800000,0.33099,0.3314,0.33027,0.33094,2354.3
1685779200000,0.331,0.33143,0.32959,0.3303,3436.6
1685793600000,0.3303,0.33135,0.32865,0.33075,4182.1
1685808000000,0.33075,0.33096,0.32624,0.32687,5468.1
1685822400000,0.32687,0.32996,0.32637,0.32964,4098.5
1685836800000,0.32969,0.33222,0.32793,0.33144,3506.4
1685851200000,0.33144,0.33626,0.33093,0.33573,6862.6
1685865600000,0.33573,0.33663,0.33444,0.33588,4579.1
1685880000000,0.33588,0.3361,0.33252,0.33376,4010.7
1685894400000,0.33376,0.33895,0.33254,0.33822,4587.5
1685908800000,0.33822,0.34033,0.33415,0.33542,6822.9
1685923200000,0.33542,0.33636,0.32825,0.32843,6097.2
1685937600000,0.32843,0.33629,0.3279,0.33504,7789.1
1685952000000,0.33504,0.34381,0.33322,0.34114,14302.5
1685966400000,0.34114,0.34727,0.32047,0.32102,41947.6
1685980800000,0.32102,0.31304,0.3033,0.30714,34271.9
1685995200000,0.30714,0.30994,0.30272,0.3087,9379.8
1686009600000,0.3087,0.3135,0.30652,0.31331,9775.9
1686024000000,0.31331,0.32039,0.31286,0.31835,6694.0
1686038400000,0.31835,0.32038,0.31357,0.31546,6121.4
1686052800000,0.31546,0.32108,0.30822,0.31858,23579.3
1686067200000,0.31858,0.32642,0.31811,0.32568,8413.6
1686081600000,0.32568,0.32637,0.32074,0.32306,7537.0
1686096000000,0.32306,0.32323,0.31353,0.31464,7191.5
1686110400000,0.31464,0.31525,0.31098,0.31198,8072.7
1686124800000,0.31198,0.31441,0.3069,0.31281,7649.8
1686139200000,0.31281,0.31306,0.30223,0.30508,9000.8
1686153600000,0.30508,0.30518,0.29914,0.30006,7427.3
1686168000000,0.3,0.30104,0.29688,0.29994,4511.8
1686182400000,0.29994,0.30136,0.29209,0.29474,5438.2
1686196800000,0.29474,0.29699,0.29311,0.29552,4004.5
1686211200000,0.29552,0.30711,0.29479,0.30234,30409.3
1686225600000,0.30234,0.30474,0.29941,0.30384,10918.9
1686240000000,0.30384,0.30415,0.29891,0.30133,5355.5
1686254400000,0.30133,0.30255,0.29962,0.29976,3322.7
1686268800000,0.29976,0.3001,0.29518,0.29703,8021.5
1686283200000,0.29703,0.29785,0.29328,0.29415,4116.3
1686297600000,0.29415,0.29795,0.29342,0.29774,8345.4
1686312000000,0.29774,0.3002,0.29511,0.29539,7135.9
1686326400000,0.29539,0.2962,0.28723,0.28764,13059.3
1686340800000,0.28764,0.29188,0.28721,0.29105,6451.5
1686355200000,0.29105,0.29128,0.27715,0.27731,19189.2
1686369600000,0.27731,0.27911,0.22816,0.24297,97196.5
1686384000000,0.24297,0.24972,0.24172,0.24956,19009.2
1686398400000,0.24956,0.24946,0.24253,0.24328,13210.3
1686412800000,0.24334,0.25147,0.24033,0.24969,13188.5
1686427200000,0.24969,0.25234,0.24765,0.25069,6301.6
1686441600000,0.25069,0.25109,0.24802,0.24954,6215.0
1686456000000,0.24954,0.25177,0.24676,0.25008,4174.0
1686470400000,0.25008,0.25358,0.24859,0.25294,9546.9
1686484800000,0.25304,0.25361,0.24648,0.24715,8601.7
1686499200000,0.24715,0.25431,0.24682,0.25337,7167.5
1686513600000,0.25337,0.25521,0.24941,0.25103,6046.8
1686528000000,0.25103,0.25138,0.24291,0.24622,6648.3
1686542400000,0.24622,0.24968,0.24583,0.24601,16740.5
1686556800000,0.24601,0.25459,0.24503,0.25279,9313.8
1686571200000,0.25279,0.25323,0.25051,0.25121,5375.8
1686585600000,0.25121,0.25293,0.2488,0.24939,7190.9
1686600000000,0.24939,0.25477,0.24922,0.25413,6929.7
1686614400000,0.25413,0.258,0.25218,0.25764,3440.6
1686628800000,0.25764,0.26149,0.25442,0.25932,7826.1
1686643200000,0.25932,0.2627,0.25769,0.25957,8517.5
1686657600000,0.25968,0.26352,0.25221,0.25287,14049.1
1686672000000,0.25287,0.25738,0.25265,0.25524,4050.2
1686686400000,0.25524,0.25712,0.25464,0.25712,3043.9
1686700800000,0.25712,0.25726,0.25473,0.25679,4540.9
1686715200000,0.25679,0.25729,0.25354,0.2542,4284.9
1686729600000,0.2542,0.25688,0.25389,0.25684,6474.2
1686744000000,0.25684,0.25835,0.25548,0.25722,4559.2
1686758400000,0.25722,0.26316,0.25669,0.25838,10702.9
1686772800000,0.25838,0.25862,0.24201,0.24803,20510.9
1686787200000,0.24803,0.25205,0.24732,0.25128,5136.7
1686801600000,0.25128,0.25159,0.24734,0.24788,6809.9
1686816000000,0.24788,0.24967,0.24393,0.24729,8303.8
1686830400000,0.24729,0.24902,0.24561,0.24595,4413.6
1686844800000,0.24595,0.25271,0.24207,0.25271,9388.3
1686859200000,0.25271,0.25643,0.25106,0.25399,5311.1
1686873600000,0.25399,0.25599,0.25126,0.25567,3285.8
1686888000000,0.25567,0.25648,0.25461,0.25536,4119.5
1686902400000,0.25536,0.25649,0.24834,0.24897,5224.7
1686916800000,0.24897,0.2534,0.24864,0.25336,7684.4
1686931200000,0.25336,0.261,0.25234,0.26042,9162.2
1686945600000,0.26042,0.26139,0.25848,0.2587,2673.1
1686960000000,0.25875,0.26088,0.25754,0.26076,3118.0
1686974400000,0.26076,0.26701,0.25988,0.26333,8169.5
1686988800000,0.26333,0.26383,0.25938,0.26025,4452.1
1687003200000,0.26025,0.26104,0.25848,0.25995,5617.0
1687017600000,0.25995,0.26208,0.2594,0.26117,4112.7
1687032000000,0.26117,0.26192,0.26,0.26013,1872.1
1687046400000,0.26013,0.26092,0.25755,0.2608,3162.9
1687060800000,0.2608,0.26322,0.26009,0.26051,5855.4
1687075200000,0.26051,0.26132,0.25987,0.2609,3151.6
1687089600000,0.2609,0.26182,0.25932,0.26114,2537.4
1687104000000,0.26114,0.26217,0.25949,0.26021,2651.0
1687118400000,0.26021,0.26052,0.25233,0.25598,7615.3
1687132800000,0.25597,0.25924,0.25362,0.25854,7010.8
1687147200000,0.25854,0.26097,0.25848,0.25948,2599.1
1687161600000,0.25948,0.25962,0.25662,0.25817,6738.0
1687176000000,0.25817,0.26022,0.25648,0.25656,11492.7
1687190400000,0.25656,0.26047,0.25355,0.25869,7925.2
1687204800000,0.25869,0.26031,0.25765,0.25814,3647.0
1687219200000,0.25814,0.26145,0.25759,0.25957,4352.4
1687233600000,0.25957,0.26096,0.2588,0.25992,2955.1
1687248000000,0.2602,0.2602,0.25634,0.25832,3454.5
1687262400000,0.25832,0.25917,0.25295,0.25529,4400.2
1687276800000,0.25529,0.26765,0.25447,0.26754,11574.3
1687291200000,0.26754,0.2684,0.2644,0.26777,5420.4
1687305600000,0.26777,0.27724,0.26661,0.27667,12088.2
1687320000000,0.27667,0.2785,0.27463,0.27536,8604.2
1687334400000,0.27536,0.27712,0.27251,0.27437,27105.6
1687348800000,0.27437,0.27976,0.27266,0.27676,13838.5
1687363200000,0.27676,0.28451,0.2761,0.28116,17259.0
1687377600000,0.28116,0.28279,0.27748,0.28132,8613.7
1687392000000,0.28132,0.29061,0.28068,0.28987,11194.6
1687406400000,0.28987,0.29039,0.28562,0.28933,7716.3
1687420800000,0.28933,0.29004,0.27759,0.27969,20160.3
1687435200000,0.27969,0.28426,0.27672,0.28004,12215.0
1687449600000,0.28004,0.28163,0.27777,0.28015,8611.9
1687464000000,0.28015,0.28107,0.27764,0.27856,7468.2
1687478400000,0.27856,0.2846,0.27833,0.28351,7568.2
1687492800000,0.28351,0.28718,0.28314,0.28491,5727.8
1687507200000,0.28491,0.28665,0.2808,0.2829,9734.5
1687521600000,0.2829,0.29177,0.279,0.29129,15663.6
1687536000000,0.29129,0.29492,0.28909,0.29273,16201.8
1687550400000,0.29273,0.29372,0.28792,0.29119,6864.3
1687564800000,0.29119,0.29811,0.28949,0.296,22617.9
1687579200000,0.296,0.29798,0.29181,0.29225,8308.9
1687593600000,0.29225,0.2978,0.29238,0.29764,5391.4
1687608000000,0.29764,0.2992,0.29096,0.29226,15988.2
1687622400000,0.29226,0.2988,0.28912,0.29696,14583.7
1687636800000,0.29696,0.29704,0.29227,0.29688,7013.1
1687651200000,0.29688,0.33163,0.29698,0.31007,69730.7
1687665600000,0.31007,0.32166,0.3099,0.31513,24331.8
1687680000000,0.31513,0.3165,0.3101,0.3111,12006.3
1687694400000,0.3111,0.31118,0.30282,0.30476,11672.9
1687708800000,0.30476,0.30658,0.30212,0.3025,6226.3
1687723200000,0.3025,0.30546,0.30103,0.30407,4583.8
1687737600000,0.30407,0.30459,0.2917,0.29607,16169.8
1687752000000,0.29607,0.29869,0.2919,0.29732,9379.4
1687766400000,0.29732,0.30068,0.29587,0.29902,16309.0
1687780800000,0.29902,0.30299,0.29633,0.30161,9956.2
1687795200000,0.30161,0.30208,0.29142,0.29854,22241.4
1687809600000,0.29854,0.29873,0.29002,0.29257,8568.5
1687824000000,0.29257,0.29589,0.29109,0.29517,4819.3
1687838400000,0.29517,0.2954,0.28793,0.29094,8214.4
1687852800000,0.29094,0.29433,0.29014,0.29406,5578.7
1687867200000,0.29406,0.29486,0.2869,0.28848,10321.9
1687881600000,0.28848,0.29579,0.2879,0.29491,7626.7
1687896000000,0.29491,0.29661,0.29326,0.29661,6908.3
1687910400000,0.29661,0.29691,0.2871,0.28897,8247.6
1687924800000,0.28897,0.29326,0.27823,0.28046,48065.7
1687939200000,0.28046,0.28367,0.27924,0.28191,4780.4
1687953600000,0.28191,0.28422,0.27888,0.28346,6951.1
1687968000000,0.28346,0.28416,0.26879,0.27173,16675.5
1687982400000,0.27173,0.27815,0.26985,0.27695,6950.1
1687996800000,0.27695,0.27983,0.27626,0.27957,11275.7
1688011200000,0.27957,0.29714,0.2791,0.29373,40030.9
1688025600000,0.29373,0.29429,0.28384,0.28911,21599.3
1688040000000,0.28911,0.29213,0.28681,0.28745,14909.4
1688054400000,0.28745,0.28954,0.28139,0.28219,13658.0
1688068800000,0.28198,0.28424,0.27923,0.28274,9245.2
1688083200000,0.28274,0.29026,0.27872,0.28959,11258.0
1688097600000,0.28959,0.29535,0.28842,0.29133,19467.0
1688112000000,0.29133,0.29765,0.29096,0.29742,10075.1
1688126400000,0.29742,0.29991,0.27228,0.284,39330.7
1688140800000,0.284,0.29509,0.28265,0.29218,19616.2
1688155200000,0.29218,0.30029,0.29091,0.29708,16650.5
1688169600000,0.29708,0.30246,0.29692,0.29855,21194.7
1688184000000,0.29855,0.30093,0.29374,0.30093,10111.5
1688198400000,0.30093,0.30335,0.29935,0.30318,12386.5
1688212800000,0.30318,0.31475,0.3023,0.30917,29700.2
1688227200000,0.30917,0.31164,0.30613,0.30897,17787.8
1688241600000,0.30891,0.31616,0.30782,0.31616,9391.8
1688256000000,0.31616,0.31796,0.30264,0.30305,22689.9
1688270400000,0.30305,0.30848,0.30258,0.30602,7860.5
1688284800000,0.30592,0.30844,0.30359,0.30827,6637.5
1688299200000,0.30827,0.3095,0.30323,0.30656,13116.6
1688313600000,0.30656,0.30844,0.30169,0.30725,8228.5
1688328000000,0.30725,0.31307,0.30696,0.31174,6933.0
1688342400000,0.31174,0.31659,0.30908,0.31509,7982.7
1688356800000,0.31509,0.31571,0.30982,0.31354,8787.2
1688371200000,0.31354,0.31591,0.31283,0.31409,10376.5
1688385600000,0.31409,0.31796,0.31077,0.31697,15091.5
1688400000000,0.31697,0.31985,0.31338,0.31909,9654.5
1688414400000,0.31909,0.32016,0.3158,0.3178,19846.4
1688428800000,0.3178,0.32299,0.31393,0.31821,11480.1
1688443200000,0.31821,0.31823,0.31256,0.3126,3833.5
1688457600000,0.31262,0.31614,0.30989,0.31604,6358.6
1688472000000,0.31604,0.31621,0.31069,0.31333,7352.5
1688486400000,0.31333,0.32802,0.30908,0.312,49341.9
1688500800000,0.312,0.31717,0.31186,0.31364,29838.4
1688515200000,0.31364,0.31988,0.31299,0.31953,6682.2
1688529600000,0.31953,0.3446,0.31831,0.33712,140205.0
1688544000000,0.33712,0.33711,0.31519,0.31792,64781.4
1688558400000,0.31792,0.32381,0.31011,0.31023,22712.6
1688572800000,0.31023,0.31444,0.30816,0.30869,9084.1
1688587200000,0.30869,0.31175,0.30684,0.30968,9279.0
1688601600000,0.30968,0.30974,0.30127,0.30543,9513.1
1688616000000,0.30543,0.31024,0.30298,0.30876,26418.4
1688630400000,0.30876,0.31639,0.30811,0.30928,18230.4
1688644800000,0.30928,0.30997,0.29456,0.30198,40938.2
1688659200000,0.30198,0.30546,0.29901,0.30245,4499.7
1688673600000,0.30245,0.30288,0.2927,0.29288,7091.2
1688688000000,0.29288,0.29634,0.29012,0.29619,7840.1
1688702400000,0.29619,0.29632,0.29096,0.29161,7300.5
1688716800000,0.29161,0.29364,0.29009,0.29237,4916.4
1688731200000,0.29237,0.29601,0.29008,0.2954,29129.5
1688745600000,0.2954,0.29594,0.29134,0.29345,4650.0
1688760000000,0.29345,0.29479,0.29249,0.29384,3058.0
1688774400000,0.29384,0.29717,0.29248,0.29365,5955.4
1688788800000,0.29365,0.2944,0.29109,0.29301,3750.0
1688803200000,0.29301,0.29494,0.29134,0.29206,4241.1
1688817600000,0.29206,0.29464,0.29133,0.29447,5749.8
1688832000000,0.29447,0.29711,0.29269,0.29319,4122.8
1688846400000,0.29319,0.29547,0.291,0.29518,10733.8
1688860800000,0.29518,0.29842,0.29413,0.29636,4996.1
1688875200000,0.29636,0.29682,0.29376,0.29461,2310.8
1688889600000,0.29461,0.2964,0.29376,0.29425,9379.6
1688904000000,0.29425,0.29528,0.29191,0.29352,3999.7
1688918400000,0.29352,0.29422,0.29222,0.29286,1768.5
1688932800000,0.29286,0.29331,0.28953,0.29056,19118.2
1688947200000,0.29056,0.2907,0.28155,0.28477,11665.7
1688961600000,0.28477,0.28599,0.28153,0.2832,32474.4
1688976000000,0.2832,0.28564,0.27963,0.28529,13111.8
1688990400000,0.28529,0.28952,0.28363,0.28878,28145.6
1689004800000,0.28878,0.29343,0.28625,0.29323,9868.6
1689019200000,0.29323,0.29635,0.28924,0.29042,14868.9
1689033600000,0.29042,0.29419,0.28831,0.29322,7133.0
1689048000000,0.29331,0.29586,0.29303,0.29435,32205.9
1689062400000,0.29435,0.29582,0.29031,0.29188,9918.1
1689076800000,0.29188,0.29427,0.29045,0.29326,4924.3
1689091200000,0.29326,0.29395,0.29016,0.29164,3315.3
1689105600000,0.29164,0.29958,0.29145,0.29928,16330.4
1689120000000,0.29928,0.30757,0.29806,0.30089,17021.0
1689134400000,0.30089,0.3031,0.30005,0.30014,8802.0
1689148800000,0.30014,0.30234,0.29853,0.30198,9655.9
1689163200000,0.30198,0.30608,0.30015,0.30179,12962.4
1689177600000,0.30179,0.30185,0.29459,0.29471,7667.0
1689192000000,0.29482,0.29846,0.29406,0.29717,3894.6
1689206400000,0.29717,0.2987,0.29181,0.29196,5386.3
1689220800000,0.29196,0.29865,0.29052,0.29688,6170.9
1689235200000,0.29688,0.30017,0.29663,0.29951,4935.3
1689249600000,0.29951,0.31267,0.29835,0.30729,18114.8
1689264000000,0.30724,0.3249,0.30719,0.32079,40977.3
1689278400000,0.32079,0.32365,0.31435,0.32314,15335.2
1689292800000,0.32314,0.32741,0.31783,0.31901,16733.5
1689307200000,0.31901,0.32245,0.31702,0.31792,8122.3
1689321600000,0.31792,0.32062,0.31457,0.31766,12495.1
1689336000000,0.31766,0.32465,0.31436,0.32254,13984.1
1689350400000,0.32254,0.32494,0.29853,0.30316,36424.5
1689364800000,0.30316,0.3112,0.30117,0.31035,8361.5
1689379200000,0.31035,0.31179,0.30684,0.30779,7699.3
1689393600000,0.30783,0.31427,0.30753,0.31421,5776.6
1689408000000,0.31424,0.31795,0.31191,0.31437,11217.2
1689422400000,0.31437,0.31663,0.31275,0.31418,6138.1
1689436800000,0.31418,0.31905,0.31167,0.3179,9394.8
1689451200000,0.3179,0.31786,0.3146,0.31716,19693.7
1689465600000,0.31716,0.31872,0.30867,0.31156,8758.7
1689480000000,0.31156,0.3126,0.31039,0.31225,2671.4
1689494400000,0.31225,0.31508,0.31195,0.31235,3298.5
1689508800000,0.31235,0.31586,0.31204,0.31434,5661.5
1689523200000,0.31434,0.31476,0.30864,0.30864,6106.3
1689537600000,0.30864,0.31178,0.30621,0.30771,6500.6
1689552000000,0.30771,0.31831,0.30592,0.31757,12383.5
1689566400000,0.31757,0.32256,0.31732,0.31989,10661.8
1689580800000,0.31989,0.32758,0.31253,0.32534,128571.2
1689595200000,0.32534,0.33159,0.31369,0.31509,138190.8
1689609600000,0.31509,0.31877,0.30894,0.31383,21893.0
1689624000000,0.31383,0.32095,0.31165,0.32007,8526.4
1689638400000,0.32007,0.32311,0.31673,0.31927,10602.4
1689652800000,0.31927,0.32093,0.31169,0.31374,15718.8
1689667200000,0.31374,0.31694,0.31014,0.31088,15378.7
1689681600000,0.31088,0.31418,0.30793,0.31065,8397.2
1689696000000,0.31065,0.31228,0.30308,0.30666,13171.8
1689710400000,0.30666,0.30961,0.30592,0.30959,3093.6
1689724800000,0.30959,0.31513,0.30776,0.31324,8818.9
1689739200000,0.31324,0.3149,0.31045,0.31151,4978.2
1689753600000,0.31151,0.31352,0.30764,0.31071,20331.0
1689768000000,0.31071,0.31348,0.30655,0.31004,15375.6
1689782400000,0.31004,0.31259,0.30794,0.31108,4953.4
1689796800000,0.31108,0.31125,0.307,0.30844,6859.3
1689811200000,0.30844,0.31339,0.30636,0.31043,12886.1
1689825600000,0.31043,0.31421,0.31014,0.31231,5119.6
1689840000000,0.31231,0.31613,0.3123,0.31421,17661.1
1689854400000,0.31421,0.31465,0.30346,0.30455,22746.0
1689868800000,0.30455,0.30556,0.30053,0.30344,12337.7
1689883200000,0.30344,0.30544,0.30079,0.3053,6285.5
1689897600000,0.3053,0.31122,0.30333,0.30897,6223.2
1689912000000,0.30897,0.30937,0.30562,0.30654,4458.5
1689926400000,0.30654,0.30829,0.3055,0.30604,3821.9
1689940800000,0.30604,0.3109,0.30628,0.30889,13804.8
1689955200000,0.30889,0.31094,0.30555,0.30817,4407.2
1689969600000,0.30817,0.30974,0.30766,0.3086,3077.5
1689984000000,0.3086,0.31186,0.30875,0.31136,4736.2
1689998400000,0.31136,0.31259,0.31101,0.31152,3552.5
1690012800000,0.31152,0.31302,0.30764,0.31074,14242.2
1690027200000,0.31074,0.3118,0.30814,0.30969,11010.7
1690041600000,0.30969,0.3114,0.3058,0.30815,6614.4
1690056000000,0.30815,0.30958,0.30309,0.30643,7209.7
1690070400000,0.30643,0.31311,0.30446,0.31282,8840.9
1690084800000,0.31282,0.32212,0.31293,0.31869,29214.3
1690099200000,0.31872,0.32148,0.31477,0.31568,17440.8
1690113600000,0.31568,0.3166,0.31404,0.31594,12346.0
1690128000000,0.31594,0.32147,0.31575,0.3187,7864.6
1690142400000,0.3187,0.32225,0.31685,0.32126,8128.6
1690156800000,0.32126,0.32493,0.3146,0.31522,15550.2
1690171200000,0.31522,0.31837,0.31131,0.3119,17604.6
1690185600000,0.3119,0.31245,0.29593,0.30326,19680.4
1690200000000,0.30326,0.30488,0.299,0.30122,7759.9
1690214400000,0.30122,0.30449,0.29848,0.30168,5087.3
1690228800000,0.30168,0.30381,0.29986,0.30227,4000.7
1690243200000,0.30227,0.30655,0.30127,0.30229,13284.3
1690257600000,0.30229,0.30749,0.30127,0.30682,7676.4
1690272000000,0.30682,0.30806,0.30427,0.3046,6452.7
1690286400000,0.3046,0.31032,0.30356,0.30794,13740.5
1690300800000,0.30794,0.30839,0.30405,0.30405,4107.8
1690315200000,0.30414,0.30631,0.30292,0.30456,3123.9
1690329600000,0.30456,0.30551,0.29927,0.3013,4973.7
1690344000000,0.3013,0.30463,0.29743,0.29873,44845.0
1690358400000,0.29873,0.29997,0.29591,0.29625,6125.5
1690372800000,0.29625,0.30024,0.2957,0.29929,7552.3
1690387200000,0.29929,0.30456,0.29646,0.30312,13322.5
1690401600000,0.30316,0.3061,0.30137,0.30209,7096.4
1690416000000,0.30209,0.30467,0.30057,0.30277,5068.9
1690430400000,0.30277,0.30557,0.30268,0.30401,4480.7
1690444800000,0.30401,0.30572,0.30293,0.30372,5579.4
1690459200000,0.30372,0.30428,0.29871,0.2994,5459.5
1690473600000,0.29937,0.29995,0.29616,0.29784,5996.5
1690488000000,0.29784,0.29912,0.29724,0.29813,3860.5
1690502400000,0.29813,0.29994,0.29758,0.29908,3031.2
1690516800000,0.29908,0.29927,0.2957,0.29704,3692.4
1690531200000,0.29704,0.30046,0.29604,0.29971,2792.4
1690545600000,0.29971,0.3039,0.29956,0.30237,6395.0
1690560000000,0.30237,0.30304,0.29901,0.30109,1986.1
1690574400000,0.30109,0.30208,0.30056,0.30168,1975.7
1690588800000,0.30168,0.30402,0.30126,0.30288,3053.3
1690603200000,0.30288,0.30416,0.30276,0.30323,2580.9
1690617600000,0.30323,0.30391,0.30204,0.30373,2200.2
1690632000000,0.30373,0.30535,0.30371,0.3047,2218.8
1690646400000,0.3047,0.30557,0.30403,0.30419,1814.5
1690660800000,0.30419,0.30664,0.30412,0.30664,5993.1
1690675200000,0.30664,0.30913,0.30548,0.30764,8990.3
1690689600000,0.30764,0.3094,0.30646,0.30698,4323.3
1690704000000,0.30698,0.30743,0.30444,0.30653,5484.2
1690718400000,0.30653,0.30675,0.30374,0.30506,4591.2
1690732800000,0.30506,0.30746,0.29676,0.29804,6037.6
1690747200000,0.2978,0.30384,0.29168,0.30291,10427.4
1690761600000,0.30291,0.30477,0.3006,0.30333,5268.7
1690776000000,0.30375,0.30376,0.30117,0.30155,2442.5
1690790400000,0.30155,0.30374,0.30113,0.30211,3083.3
1690804800000,0.30211,0.30286,0.29792,0.29792,4842.4
1690819200000,0.29792,0.29961,0.29366,0.29469,4269.8
1690833600000,0.29469,0.29769,0.29269,0.29747,5206.9
1690848000000,0.29747,0.30052,0.28705,0.29061,18871.5
1690862400000,0.29061,0.29393,0.29057,0.29271,7432.0
1690876800000,0.29271,0.29441,0.29223,0.29413,4118.8
1690891200000,0.29413,0.29509,0.28953,0.29361,10098.5
1690905600000,0.29361,0.29694,0.29324,0.29678,2877.7
1690920000000,0.29678,0.29908,0.29549,0.29903,2655.7
1690934400000,0.29903,0.29914,0.29618,0.2962,3321.6
1690948800000,0.2962,0.29688,0.29361,0.29376,3240.9
1690963200000,0.29376,0.29544,0.29227,0.29523,3260.4
1690977600000,0.29523,0.29544,0.29109,0.29336,5992.5
1690992000000,0.29336,0.29364,0.2877,0.29176,6846.1
1691006400000,0.29176,0.29261,0.29048,0.29077,2209.0
1691020800000,0.29077,0.29207,0.28991,0.29187,2738.7
1691035200000,0.29187,0.29205,0.2886,0.28972,4034.6
1691049600000,0.28972,0.29056,0.28763,0.28999,3242.1
1691064000000,0.28999,0.29143,0.28856,0.29094,4624.4
1691078400000,0.29094,0.29249,0.29059,0.291,3216.7
1691092800000,0.291,0.29248,0.28775,0.28927,3553.6
1691107200000,0.28927,0.2916,0.28861,0.29079,2586.2
1691121600000,0.29079,0.29098,0.28608,0.28651,3455.5
1691136000000,0.28651,0.2875,0.28451,0.28562,4246.9
1691150400000,0.28562,0.2898,0.28488,0.28867,6004.3
1691164800000,0.28863,0.28964,0.28515,0.28686,5363.4
1691179200000,0.28686,0.28879,0.28507,0.28765,7417.0
1691193600000,0.28765,0.28763,0.28267,0.28582,5130.5
1691208000000,0.28572,0.28564,0.28401,0.28455,1973.1
1691222400000,0.28455,0.28735,0.28341,0.28562,6985.6
1691236800000,0.28562,0.28727,0.28343,0.28696,10679.7
1691251200000,0.28696,0.28952,0.28543,0.28876,5928.5
1691265600000,0.28876,0.2895,0.28754,0.28816,3069.0
1691280000000,0.2882,0.29292,0.28685,0.2904,8984.1
1691294400000,0.2904,0.29091,0.28742,0.28903,8789.9
1691308800000,0.28903,0.29091,0.28688,0.2885,6739.5
1691323200000,0.2885,0.28973,0.2853,0.28722,11446.2
1691337600000,0.28722,0.28901,0.28589,0.288,11424.9
1691352000000,0.28791,0.28975,0.28748,0.28754,5640.8
1691366400000,0.28754,0.29214,0.28616,0.29195,4714.2
1691380800000,0.29195,0.29338,0.28887,0.29326,6120.8
1691395200000,0.29326,0.2934,0.29015,0.29043,5682.6
1691409600000,0.29043,0.2914,0.28525,0.28619,15819.5
1691424000000,0.28619,0.28655,0.27936,0.28586,32962.6
1691438400000,0.28586,0.2876,0.2857,0.28745,2299.3
1691452800000,0.28745,0.28871,0.28485,0.28615,3652.1
1691467200000,0.28615,0.28823,0.28545,0.28626,4736.5
1691481600000,0.28626,0.28897,0.28581,0.28897,4487.1
1691496000000,0.28897,0.29022,0.28649,0.28866,7311.7
1691510400000,0.28866,0.29156,0.28799,0.28876,7834.4
1691524800000,0.28905,0.29294,0.28865,0.29137,5468.6
1691539200000,0.29137,0.29209,0.2892,0.28944,4175.6
1691553600000,0.28948,0.29142,0.28882,0.29012,5473.4
1691568000000,0.29012,0.29148,0.28968,0.29014,5489.7
1691582400000,0.29019,0.29074,0.28802,0.28901,8027.2
1691596800000,0.28901,0.28923,0.28708,0.28738,3903.2
1691611200000,0.28738,0.28901,0.28576,0.28804,2524.4
1691625600000,0.28804,0.28984,0.2877,0.28905,2376.6
1691640000000,0.28905,0.28987,0.28772,0.28934,3189.1
1691654400000,0.28934,0.29071,0.28905,0.28985,1794.8
1691668800000,0.28985,0.29289,0.28958,0.29167,5992.0
1691683200000,0.29167,0.29221,0.28956,0.29038,2823.3
1691697600000,0.29038,0.29091,0.28926,0.29015,2423.9
1691712000000,0.29015,0.29084,0.28836,0.28882,2841.8
1691726400000,0.28882,0.29153,0.28885,0.29048,2719.1
1691740800000,0.29048,0.29294,0.29011,0.29118,9507.1
1691755200000,0.29118,0.29171,0.28741,0.2881,8917.9
1691769600000,0.2881,0.28867,0.28516,0.28683,26615.8
1691784000000,0.28683,0.2887,0.28661,0.28836,6957.2
1691798400000,0.28836,0.29171,0.28706,0.28973,10910.0
1691812800000,0.28973,0.29099,0.28959,0.29004,2664.3
1691827200000,0.29004,0.29078,0.28944,0.29059,1333.9
1691841600000,0.29059,0.293,0.28989,0.29123,30682.6
1691856000000,0.29123,0.29155,0.28882,0.28895,2148.7
1691870400000,0.28891,0.29081,0.28882,0.29056,1890.5
1691884800000,0.29056,0.29171,0.28951,0.29064,1475.1
1691899200000,0.29064,0.29094,0.28886,0.29037,7220.3
1691913600000,0.29037,0.29219,0.29015,0.29113,5760.3
1691928000000,0.29113,0.29403,0.29092,0.29236,29184.2
1691942400000,0.29257,0.29709,0.29142,0.29597,25516.4
1691956800000,0.29597,0.29634,0.29066,0.29143,9004.5
1691971200000,0.29143,0.29244,0.28908,0.29151,4216.0
1691985600000,0.29151,0.2935,0.29063,0.29349,6559.1
1692000000000,0.29349,0.29459,0.29312,0.29376,2829.2
1692014400000,0.29376,0.29583,0.29164,0.29176,7956.2
1692028800000,0.29176,0.29249,0.28675,0.28814,36529.1
1692043200000,0.28814,0.29053,0.288,0.29046,3383.0
1692057600000,0.29046,0.29101,0.28921,0.28954,2901.4
1692072000000,0.28954,0.28974,0.28579,0.28788,12129.4
1692086400000,0.28788,0.28882,0.28691,0.28704,3973.7
1692100800000,0.28704,0.2882,0.28473,0.28624,6177.2
1692115200000,0.28624,0.28677,0.26485,0.27511,29991.2
1692129600000,0.27511,0.27751,0.27404,0.27565,8632.8
1692144000000,0.27565,0.27891,0.27431,0.27662,13262.2
1692158400000,0.27662,0.27748,0.2717,0.27175,8881.4
1692172800000,0.27175,0.27175,0.26736,0.26992,7606.6
1692187200000,0.26992,0.26987,0.26495,0.26755,8906.0
1692201600000,0.26755,0.26929,0.26504,0.26733,5391.1
1692216000000,0.26733,0.26749,0.25532,0.26316,19056.0
1692230400000,0.26316,0.26469,0.25681,0.26412,11925.3
1692244800000,0.26412,0.26522,0.26213,0.26276,3404.1
1692259200000,0.26276,0.2637,0.26036,0.26134,5497.0
1692273600000,0.26134,0.26292,0.25371,0.25524,13025.8
1692288000000,0.25524,0.26087,0.25283,0.25967,9607.4
1692302400000,0.25967,0.25999,0.21451,0.23724,60287.2
1692316800000,0.23715,0.24273,0.23629,0.24093,20594.1
1692331200000,0.24093,0.24515,0.23804,0.24443,12025.9
1692345600000,0.24443,0.24532,0.23951,0.24259,6306.5
1692360000000,0.24259,0.24525,0.2396,0.24403,27247.8
1692374400000,0.24403,0.2455,0.23952,0.24205,9689.3
1692388800000,0.24205,0.24327,0.24097,0.24225,3367.7
1692403200000,0.24225,0.24448,0.24072,0.24232,5183.0
1692417600000,0.24232,0.24347,0.24049,0.24171,4139.8
1692432000000,0.24171,0.24341,0.24159,0.24189,4382.6
1692446400000,0.2421,0.24355,0.24114,0.2435,5351.6
1692460800000,0.2435,0.24692,0.24251,0.24267,6642.1
1692475200000,0.24267,0.24509,0.24119,0.24506,5670.5
1692489600000,0.24506,0.24623,0.24377,0.24608,3807.6
1692504000000,0.24608,0.2466,0.24508,0.24565,2218.2
1692518400000,0.24565,0.24702,0.24473,0.24665,5465.5
1692532800000,0.24665,0.2472,0.24251,0.24353,5063.2
1692547200000,0.24353,0.24513,0.24259,0.24461,2916.0
1692561600000,0.24461,0.24622,0.24382,0.24446,6124.8
1692576000000,0.24446,0.2456,0.2425,0.243,2794.0
1692590400000,0.243,0.24346,0.23954,0.23995,5392.3
1692604800000,0.23995,0.24072,0.2361,0.23994,8599.3
1692619200000,0.23994,0.24177,0.23364,0.23596,15703.3
1692633600000,0.23596,0.24125,0.23549,0.24034,3309.2
1692648000000,0.24034,0.24207,0.23965,0.23968,2494.3
1692662400000,0.23968,0.2441,0.23954,0.24121,6180.5
1692676800000,0.24121,0.24319,0.23905,0.24176,3581.7
1692691200000,0.24176,0.24204,0.23852,0.23873,3027.6
1692705600000,0.23874,0.23986,0.23474,0.23478,5572.4
1692720000000,0.23478,0.23601,0.22951,0.2338,10050.6
1692734400000,0.23386,0.24135,0.23043,0.24093,6185.7
1692748800000,0.24093,0.24312,0.24033,0.24052,2673.9
1692763200000,0.24052,0.24441,0.24021,0.24142,9582.6
1692777600000,0.24142,0.24222,0.24015,0.24023,3643.0
1692792000000,0.24023,0.24234,0.23827,0.24218,6398.0
1692806400000,0.24218,0.24754,0.24185,0.24667,6761.6
1692820800000,0.24667,0.24753,0.24289,0.2452,3020.6
1692835200000,0.2452,0.24595,0.24364,0.24575,2053.9
1692849600000,0.24575,0.24591,0.24403,0.24494,977.0
1692864000000,0.24494,0.24604,0.24384,0.24537,4694.5
1692878400000,0.24537,0.24751,0.24102,0.24133,22231.4
1692892800000,0.24133,0.24321,0.24122,0.24223,5120.7
1692907200000,0.24223,0.24208,0.23794,0.24191,9551.6
1692921600000,0.24191,0.24248,0.23719,0.24006,4828.0
1692936000000,0.24006,0.24137,0.23736,0.23997,5049.6
1692950400000,0.23997,0.24083,0.23889,0.23934,2707.4
1692964800000,0.23934,0.24076,0.23681,0.23921,4046.5
1692979200000,0.23921,0.24073,0.23816,0.23885,1744.7
1692993600000,0.23885,0.24063,0.23881,0.24032,2538.1
1693008000000,0.24032,0.2429,0.23952,0.24276,3036.5
1693022400000,0.24276,0.24554,0.24232,0.24547,5736.6
1693036800000,0.24547,0.24555,0.24243,0.24252,2772.1
1693051200000,0.24252,0.24253,0.24129,0.24222,1733.3
1693065600000,0.24222,0.24231,0.24084,0.24213,2419.2
1693080000000,0.24213,0.24261,0.24151,0.2422,1435.0
1693094400000,0.2422,0.24255,0.24027,0.24047,1249.1
1693108800000,0.24047,0.24231,0.24043,0.24218,3880.4
1693123200000,0.24218,0.24237,0.24134,0.24148,1340.2
1693137600000,0.24148,0.24287,0.241,0.24199,3404.7
1693152000000,0.24199,0.24232,0.24034,0.24212,827.3
1693166400000,0.24212,0.24271,0.24084,0.24223,1336.5
1693180800000,0.24223,0.24245,0.23929,0.23945,2959.0
1693195200000,0.23945,0.23991,0.23628,0.23917,3854.4
1693209600000,0.23917,0.24048,0.23755,0.2402,10136.9
1693224000000,0.2402,0.24518,0.2402,0.24427,21064.5
1693238400000,0.24427,0.24441,0.24042,0.24093,4060.5
1693252800000,0.24093,0.24216,0.2402,0.24149,2647.4
1693267200000,0.24149,0.24292,0.23884,0.23934,3600.3
1693281600000,0.23934,0.23949,0.23789,0.23816,2528.3
1693296000000,0.23816,0.23865,0.23533,0.23609,6619.0
1693310400000,0.23609,0.24867,0.23528,0.24719,21903.4
1693324800000,0.24719,0.25416,0.24696,0.25018,17384.1
1693339200000,0.25018,0.25423,0.24909,0.2523,7503.3
1693353600000,0.2523,0.25282,0.24798,0.2495,5314.3
1693368000000,0.2495,0.25003,0.24838,0.24869,2413.3
1693382400000,0.24869,0.25167,0.24801,0.24812,6049.8
1693396800000,0.24812,0.25036,0.24462,0.24586,9571.1
1693411200000,0.24586,0.24685,0.2447,0.24566,3332.4
1693425600000,0.24566,0.24667,0.24441,0.24496,2817.6
1693440000000,0.24496,0.24532,0.24291,0.24383,5242.3
1693454400000,0.24383,0.24612,0.24379,0.24531,1885.6
1693468800000,0.24531,0.24697,0.24351,0.24617,3373.9
1693483200000,0.24617,0.24665,0.23972,0.24142,7103.4
1693497600000,0.24142,0.24186,0.2324,0.23632,16647.2
1693512000000,0.23632,0.23665,0.23224,0.23399,3257.1
1693526400000,0.23399,0.23495,0.23112,0.23365,4887.6
1693540800000,0.23365,0.23378,0.23119,0.23225,4212.6
1693555200000,0.23225,0.23367,0.23137,0.23229,2850.6
1693569600000,0.23229,0.23322,0.22987,0.22997,6282.1
1693584000000,0.22997,0.23069,0.22512,0.22808,7880.6
1693598400000,0.22808,0.23117,0.2274,0.22794,3302.5
1693612800000,0.22794,0.22847,0.22573,0.22757,3767.6
1693627200000,0.22757,0.22846,0.2264,0.22834,3154.1
1693641600000,0.22834,0.22873,0.22729,0.22799,2527.1
1693656000000,0.22799,0.23059,0.22736,0.23043,4238.8
1693670400000,0.23043,0.23177,0.22781,0.2304,4841.0
1693684800000,0.2304,0.23196,0.23009,0.23183,1491.3
1693699200000,0.23183,0.23324,0.23049,0.23305,25871.7
1693713600000,0.23305,0.23385,0.2321,0.23344,2821.9
1693728000000,0.23344,0.23359,0.23074,0.23189,6791.0
1693742400000,0.23189,0.23289,0.22943,0.22974,2325.9
1693756800000,0.22974,0.2335,0.22805,0.23286,3085.9
1693771200000,0.23286,0.23327,0.23049,0.23177,2463.4
1693785600000,0.23177,0.23757,0.23173,0.23566,4020.0
1693800000000,0.23566,0.23631,0.23287,0.23321,2998.1
1693814400000,0.23321,0.23444,0.23208,0.23209,16635.2
1693828800000,0.23209,0.23305,0.22903,0.23154,4408.8
1693843200000,0.23154,0.23359,0.23036,0.2316,18441.4
1693857600000,0.2316,0.2318,0.22767,0.23126,6121.4
1693872000000,0.23126,0.23126,0.22777,0.2293,1799.5
1693886400000,0.2293,0.23059,0.22891,0.22948,2017.7
1693900800000,0.22948,0.23203,0.22948,0.23191,2392.5
1693915200000,0.23191,0.23254,0.22954,0.23175,8383.4
1693929600000,0.23175,0.23382,0.23121,0.23233,3668.7
1693944000000,0.23233,0.23469,0.23185,0.23341,4139.3
1693958400000,0.23341,0.27729,0.2323,0.27151,320205.0
1693972800000,0.27151,0.27472,0.25406,0.26171,191066.3
1693987200000,0.26171,0.27814,0.25739,0.27107,197373.9
1694001600000,0.27107,0.27521,0.25672,0.26256,112738.8
1694016000000,0.26256,0.27075,0.25889,0.2641,69320.4
1694030400000,0.2641,0.27072,0.26391,0.26864,51316.3
1694044800000,0.26864,0.2823,0.26107,0.26923,104678.4
1694059200000,0.26923,0.26956,0.26206,0.26303,25041.2
1694073600000,0.26303,0.26883,0.26065,0.26185,37069.4
1694088000000,0.26185,0.26315,0.25596,0.25755,34744.7
1694102400000,0.25755,0.2618,0.25719,0.25912,18808.9
1694116800000,0.25912,0.26187,0.25807,0.25922,13969.3
1694131200000,0.25922,0.26463,0.25218,0.25259,49827.4
1694145600000,0.25259,0.25692,0.2518,0.25312,26602.3
1694160000000,0.25312,0.25449,0.24708,0.24784,61585.4
1694174400000,0.24784,0.25342,0.24714,0.25137,30585.9
1694188800000,0.25137,0.25205,0.24898,0.25192,13563.9
1694203200000,0.25192,0.25399,0.25052,0.25372,11365.9
1694217600000,0.25372,0.2561,0.25061,0.25078,21307.6
1694232000000,0.25078,0.25137,0.24857,0.25088,13360.1
1694246400000,0.25088,0.25344,0.25003,0.25221,15709.0
1694260800000,0.25221,0.25238,0.24781,0.24973,11150.7
1694275200000,0.24973,0.25096,0.249,0.25082,6201.6
1694289600000,0.25082,0.25142,0.24958,0.24983,3869.7
1694304000000,0.24983,0.2502,0.24425,0.24661,23879.5
1694318400000,0.24661,0.24661,0.23395,0.24032,28444.2
1694332800000,0.24032,0.24101,0.23951,0.23984,4076.1
1694347200000,0.23984,0.24099,0.23532,0.23678,9905.4
1694361600000,0.23678,0.23709,0.23296,0.23486,14461.1
1694376000000,0.23486,0.23862,0.2344,0.23704,5691.7
1694390400000,0.23704,0.24508,0.23329,0.24255,18543.1
1694404800000,0.24255,0.25994,0.2418,0.25437,99737.8
1694419200000,0.25437,0.25679,0.24203,0.24703,104732.9
1694433600000,0.24703,0.25048,0.24164,0.24292,53621.7
1694448000000,0.24292,0.24573,0.23675,0.23941,33298.5
1694462400000,0.23941,0.24199,0.23805,0.24047,14034.5
1694476800000,0.24047,0.24088,0.23337,0.24005,33206.3
1694491200000,0.24005,0.24129,0.23503,0.23524,18582.7
1694505600000,0.23524,0.24466,0.2352,0.23868,58561.8
1694520000000,0.23868,0.24293,0.22827,0.23011,49837.0
1694534400000,0.23011,0.23281,0.22543,0.22784,60373.9
1694548800000,0.22784,0.23079,0.22551,0.226,17279.3
1694563200000,0.226,0.226,0.21683,0.21698,54331.9
1694577600000,0.21698,0.22376,0.21591,0.21978,52831.4
1694592000000,0.21978,0.22601,0.21932,0.22298,25865.7
1694606400000,0.22298,0.22655,0.22158,0.22321,25930.3
1694620800000,0.22321,0.22527,0.22105,0.22251,49781.4
1694635200000,0.22251,0.2243,0.22221,0.22341,8902.3
1694649600000,0.22341,0.22671,0.22175,0.22265,11872.5
1694664000000,0.22265,0.22309,0.2196,0.22147,15359.7
1694678400000,0.22147,0.22181,0.2199,0.22136,11807.8
1694692800000,0.22136,0.22528,0.22065,0.2213,34673.7
1694707200000,0.2213,0.22332,0.22026,0.22322,14879.5
1694721600000,0.22322,0.2245,0.22172,0.22437,7552.8
1694736000000,0.22437,0.22621,0.22258,0.22484,14076.9
1694750400000,0.22484,0.22561,0.22173,0.22265,7789.8
1694764800000,0.22265,0.22441,0.22218,0.22234,6534.4
1694779200000,0.22234,0.22442,0.22223,0.22385,10511.5
1694793600000,0.22385,0.22877,0.22329,0.22792,55355.8
1694808000000,0.22792,0.23233,0.22748,0.23182,16563.3
1694822400000,0.23182,0.23645,0.23049,0.23339,29846.8
1694836800000,0.23339,0.23567,0.23092,0.23194,13206.0
1694851200000,0.23194,0.2331,0.23058,0.23116,12751.8
1694865600000,0.23116,0.23253,0.22867,0.23057,11129.4
1694880000000,0.23057,0.23317,0.23004,0.23121,8004.3
1694894400000,0.23121,0.23328,0.23084,0.23295,4231.5
1694908800000,0.23295,0.23295,0.2251,0.22957,10265.2
1694923200000,0.22957,0.2303,0.22808,0.22824,22912.8
1694937600000,0.22824,0.23108,0.22775,0.22986,4152.9
1694952000000,0.22986,0.23099,0.22885,0.2293,6083.5
1694966400000,0.2293,0.23021,0.22419,0.22439,6948.4
1694980800000,0.22439,0.22446,0.21964,0.22141,10520.4
1694995200000,0.22141,0.22597,0.21886,0.22587,11118.6
1695009600000,0.22587,0.23071,0.2257,0.22796,15284.4
1695024000000,0.22796,0.23174,0.22762,0.23051,9537.6
1695038400000,0.23051,0.23868,0.22959,0.23276,27757.1
1695052800000,0.23276,0.23348,0.22895,0.23209,10137.4
1695067200000,0.23209,0.23409,0.23055,0.23148,22649.3
1695081600000,0.23148,0.23396,0.22958,0.23163,30719.7
1695096000000,0.23163,0.23416,0.23152,0.23177,9767.5
1695110400000,0.23177,0.23731,0.23159,0.23284,25424.6
1695124800000,0.23284,0.23573,0.23113,0.23531,13753.8
1695139200000,0.23531,0.23634,0.23161,0.23292,6949.5
1695153600000,0.23292,0.23421,0.23134,0.23376,3580.6
1695168000000,0.23376,0.23513,0.23208,0.23275,3701.7
1695182400000,0.23275,0.23353,0.23002,0.23108,6533.8
1695196800000,0.23108,0.23244,0.22747,0.22876,14020.1
1695211200000,0.22876,0.22974,0.22718,0.22901,3709.3
1695225600000,0.22901,0.23041,0.22554,0.22734,5485.0
1695240000000,0.22734,0.23021,0.22721,0.2284,2228.8
1695254400000,0.2284,0.22991,0.22759,0.22962,9775.6
1695268800000,0.22962,0.22982,0.22607,0.22805,6339.3
1695283200000,0.22805,0.22943,0.2221,0.22534,36081.4
1695297600000,0.22534,0.22792,0.22363,0.22739,10488.3
1695312000000,0.22739,0.2276,0.22569,0.22694,6685.0
1695326400000,0.22694,0.22819,0.2255,0.22721,2916.2
1695340800000,0.22721,0.2292,0.22511,0.2289,2730.9
1695355200000,0.2289,0.22936,0.22819,0.22928,2779.2
1695369600000,0.22928,0.23029,0.22812,0.22898,4777.4
1695384000000,0.22898,0.22941,0.22777,0.22797,7368.7
1695398400000,0.22797,0.22855,0.22614,0.2273,5683.2
1695412800000,0.2273,0.22919,0.22644,0.22901,4030.2
1695427200000,0.22901,0.23069,0.22824,0.22851,7055.2
1695441600000,0.22851,0.2296,0.22801,0.22836,2891.3
1695456000000,0.22836,0.22945,0.22827,0.22899,3324.5
1695470400000,0.22899,0.22901,0.22653,0.22701,11486.1
1695484800000,0.22701,0.22899,0.2266,0.22884,3199.5
1695499200000,0.22884,0.22909,0.2275,0.22876,3386.8
1695513600000,0.22876,0.22876,0.22609,0.22707,4284.0
1695528000000,0.22707,0.22751,0.2257,0.22616,2620.6
1695542400000,0.22616,0.22702,0.22599,0.22681,1735.8
1695556800000,0.22681,0.2316,0.22651,0.22693,44263.5
1695571200000,0.22693,0.2285,0.22546,0.22599,7563.6
1695585600000,0.22599,0.22748,0.22305,0.22419,7952.4
1695600000000,0.22419,0.22916,0.22388,0.2261,14293.5
1695614400000,0.2261,0.23995,0.22509,0.23157,59514.6
1695628800000,0.23157,0.23536,0.22989,0.23244,28407.4
1695643200000,0.23244,0.23335,0.22922,0.2299,12585.2
1695657600000,0.2299,0.23083,0.22721,0.228,8212.2
1695672000000,0.228,0.22857,0.22631,0.2276,7482.5
1695686400000,0.2276,0.22763,0.22501,0.22638,21220.3
1695700800000,0.22638,0.22683,0.22519,0.22542,7185.9
1695715200000,0.22542,0.23615,0.21556,0.22253,147513.0
1695729600000,0.22253,0.22532,0.21856,0.21991,28464.4
1695744000000,0.21991,0.22222,0.21898,0.22128,14698.9
1695758400000,0.22128,0.2225,0.21939,0.22107,6048.5
1695772800000,0.22107,0.22326,0.22043,0.22252,12159.4
1695787200000,0.22252,0.22353,0.22104,0.22215,10007.8
1695801600000,0.22215,0.2229,0.21986,0.22266,12919.2
1695816000000,0.22266,0.22502,0.21985,0.22139,13506.4
1695830400000,0.22139,0.22268,0.22021,0.2206,6456.1
1695844800000,0.2206,0.22141,0.21928,0.22129,2684.5
1695859200000,0.22129,0.22251,0.2199,0.22006,5120.5
1695873600000,0.22006,0.22072,0.21935,0.22058,5580.5
1695888000000,0.22058,0.22122,0.2195,0.22044,4149.7
1695902400000,0.22044,0.22302,0.22006,0.22294,5547.0
1695916800000,0.22294,0.22707,0.221,0.22243,19143.7
1695931200000,0.22243,0.223,0.22127,0.22236,3363.3
1695945600000,0.22236,0.22309,0.22135,0.22239,3386.6
1695960000000,0.22239,0.22452,0.22173,0.22416,5827.8
1695974400000,0.22416,0.22461,0.22292,0.224,7441.0
1695988800000,0.224,0.22462,0.2207,0.22355,11115.4
1696003200000,0.22355,0.22382,0.22176,0.22286,12908.3
1696017600000,0.22286,0.22442,0.22254,0.22286,6882.6
1696032000000,0.22286,0.22328,0.2215,0.22223,7554.2
1696046400000,0.22223,0.22341,0.2218,0.22269,2594.7
1696060800000,0.22269,0.22459,0.22218,0.22248,10541.4
1696075200000,0.22248,0.22457,0.22248,0.22414,3768.1
1696089600000,0.22414,0.22578,0.224,0.22524,6698.9
1696104000000,0.22524,0.22593,0.22368,0.22447,6251.5
1696118400000,0.22447,0.22515,0.2239,0.22515,2212.2
1696132800000,0.22515,0.22978,0.22477,0.22764,10609.5
1696147200000,0.22764,0.23071,0.22701,0.22987,11727.9
1696161600000,0.22987,0.23031,0.22801,0.22866,5140.3
1696176000000,0.22866,0.22887,0.22654,0.22815,3288.9
1696190400000,0.22815,0.23385,0.22722,0.23237,8723.5
1696204800000,0.23237,0.2334,0.23065,0.23286,5739.4
1696219200000,0.23286,0.23326,0.22946,0.23201,5694.9
1696233600000,0.23201,0.23344,0.23013,0.23013,5826.0
1696248000000,0.23013,0.23076,0.22545,0.2264,6298.5
1696262400000,0.2264,0.22838,0.22041,0.22448,15471.2
1696276800000,0.22448,0.22459,0.22056,0.22322,5562.9
1696291200000,0.22322,0.2245,0.22163,0.22346,7730.8
1696305600000,0.22346,0.22387,0.22185,0.22219,4743.8
1696320000000,0.22219,0.22371,0.22104,0.22203,6957.2
1696334400000,0.22203,0.22272,0.2201,0.22119,12075.3
1696348800000,0.22119,0.223,0.22009,0.22188,6900.7
1696363200000,0.22188,0.22846,0.22067,0.22133,26304.1
1696377600000,0.22133,0.22706,0.21749,0.22328,20574.3
1696392000000,0.22328,0.22838,0.22044,0.22075,15231.4
1696406400000,0.22075,0.22463,0.2205,0.22451,5816.3
1696420800000,0.22451,0.2253,0.22163,0.22306,9306.7
1696435200000,0.22306,0.22803,0.22301,0.22614,18965.3
1696449600000,0.22614,0.22719,0.22531,0.22588,3870.8
1696464000000,0.22588,0.2268,0.22404,0.22499,2933.8
1696478400000,0.22499,0.22599,0.22165,0.22172,6978.1
1696492800000,0.22172,0.22365,0.22156,0.22294,4579.3
1696507200000,0.22294,0.22594,0.22164,0.22319,9734.5
1696521600000,0.22319,0.22597,0.22038,0.22207,17077.8
1696536000000,0.22207,0.22303,0.22111,0.22222,1219.8
1696550400000,0.22222,0.22306,0.22149,0.22301,3367.6
1696564800000,0.22301,0.22341,0.22122,0.2218,6440.4
1696579200000,0.2218,0.22223,0.22102,0.22143,3802.0
1696593600000,0.22143,0.22465,0.22042,0.22449,4741.9
1696608000000,0.22449,0.22541,0.22316,0.22478,3639.3
1696622400000,0.22478,0.22729,0.22448,0.22604,3385.9
1696636800000,0.22604,0.22677,0.22405,0.22415,4480.1
1696651200000,0.22415,0.22511,0.22373,0.22396,3710.8
1696665600000,0.22396,0.22471,0.22351,0.22355,1505.5
1696680000000,0.22355,0.22392,0.22243,0.22281,1874.2
1696694400000,0.22281,0.22286,0.22158,0.22163,1309.1
1696708800000,0.22163,0.22278,0.22158,0.2226,913.2
1696723200000,0.2226,0.22291,0.2209,0.22191,60646.5
1696737600000,0.22191,0.22257,0.2198,0.22071,180153.1
1696752000000,0.22071,0.2243,0.2206,0.2233,80690.3
1696766400000,0.2233,0.23044,0.22141,0.2265,146447.8
1696780800000,0.2265,0.22828,0.22429,0.2247,162217.9
1696795200000,0.2247,0.22747,0.22379,0.22666,207806.7
1696809600000,0.22666,0.235,0.22639,0.23406,278340.7
1696824000000,0.23406,0.24086,0.2304,0.23253,373672.2
1696838400000,0.23253,0.23715,0.22509,0.22592,673127.1
1696852800000,0.22592,0.22929,0.2202,0.22068,488294.7
1696867200000,0.22068,0.22276,0.2166,0.22263,379028.9
1696881600000,0.22263,0.22286,0.2172,0.21882,168644.2
1696896000000,0.21882,0.22415,0.2171,0.21721,489882.5
1696910400000,0.21721,0.22039,0.216,0.2183,505468.9
1696924800000,0.2183,0.22263,0.2143,0.21641,480592.6
1696939200000,0.21641,0.21821,0.21443,0.21561,431252.4
1696953600000,0.21561,0.2173,0.2149,0.2158,267550.2
1696968000000,0.2158,0.21959,0.2137,0.21451,279286.9
1696982400000,0.21451,0.22131,0.2144,0.21511,771100.5
1696996800000,0.21511,0.21716,0.2144,0.2147,590218.6
1697011200000,0.2147,0.21741,0.2147,0.2159,948391.8
1697025600000,0.2159,0.21741,0.21221,0.21411,599010.1
1697040000000,0.21411,0.2208,0.2128,0.2177,745402.1
1697054400000,0.2177,0.21881,0.2151,0.21554,351052.9
1697068800000,0.21554,0.21554,0.2124,0.2134,395446.7
1697083200000,0.2134,0.21354,0.209,0.2113,817829.5
1697097600000,0.2113,0.21211,0.2075,0.2116,1077168.0
1697112000000,0.2116,0.2122,0.21,0.2114,1109046.5
1697126400000,0.2114,0.21151,0.2077,0.2101,1159738.0
1697140800000,0.2101,0.21085,0.2092,0.2107,650519.5
1697155200000,0.2107,0.2122,0.2103,0.21031,814049.8
1697169600000,0.21031,0.21109,0.2089,0.21021,454559.2
1697184000000,0.21021,0.2112,0.2091,0.2105,660482.8
1697198400000,0.2105,0.21166,0.20931,0.20971,587891.8
1697212800000,0.20971,0.21076,0.2094,0.2095,440757.0
1697227200000,0.2095,0.21281,0.2092,0.20941,934406.8
1697241600000,0.20941,0.21133,0.209,0.211,807077.8
1697256000000,0.211,0.2114,0.2105,0.2114,500009.4
1697270400000,0.2114,0.21189,0.2105,0.2111,515451.0
1697284800000,0.2111,0.2117,0.2098,0.2103,777422.2
1697299200000,0.2103,0.21097,0.21001,0.2104,343925.0
1697313600000,0.2104,0.21096,0.2099,0.21061,337544.3
1697328000000,0.21061,0.21326,0.2094,0.21191,410848.7
1697342400000,0.21191,0.21244,0.2111,0.2122,554121.2
1697356800000,0.2122,0.21291,0.2111,0.2119,413245.6
1697371200000,0.2119,0.21257,0.2109,0.21221,384354.9
1697385600000,0.21221,0.21321,0.2109,0.2128,660245.6
1697400000000,0.2128,0.21424,0.21201,0.2126,496031.6
1697414400000,0.2126,0.214,0.2121,0.2137,703111.6
1697428800000,0.2137,0.21767,0.2133,0.2163,703713.1
1697443200000,0.2163,0.21701,0.215,0.2161,409941.5
1697457600000,0.2161,0.22215,0.2138,0.2147,802137.4
1697472000000,0.2147,0.21652,0.2139,0.2153,1493950.6
1697486400000,0.2153,0.21807,0.21491,0.21681,775339.4
1697500800000,0.21681,0.21838,0.2162,0.21701,444034.9
1697515200000,0.21701,0.21917,0.2164,0.21841,332157.7
1697529600000,0.21841,0.21978,0.2178,0.2181,438280.5
1697544000000,0.2181,0.21846,0.21111,0.21471,742756.5
1697558400000,0.21471,0.21908,0.2145,0.21551,491580.3
1697572800000,0.21551,0.21589,0.2142,0.21501,234107.7
1697587200000,0.21501,0.21554,0.2127,0.2138,501451.0
1697601600000,0.2138,0.21689,0.2126,0.2126,365253.9
1697616000000,0.2126,0.21391,0.21201,0.213,363089.9
1697630400000,0.213,0.21461,0.21084,0.21191,367938.1
1697644800000,0.21191,0.21265,0.2087,0.21,803649.2
1697659200000,0.21,0.21091,0.2083,0.20981,504952.2
1697673600000,0.20981,0.21078,0.20562,0.2066,567485.6
1697688000000,0.2066,0.2087,0.2057,0.20611,932371.1
1697702400000,0.20611,0.20763,0.20511,0.20667,579162.8
1697716800000,0.20667,0.20912,0.206,0.2082,663629.4
1697731200000,0.2082,0.20933,0.2071,0.20751,567260.3
1697745600000,0.20751,0.2076,0.2038,0.20591,727407.5
1697760000000,0.20591,0.211,0.2056,0.20971,630084.5
1697774400000,0.20971,0.21031,0.20701,0.20711,769183.2
1697788800000,0.20711,0.21169,0.2071,0.2082,889553.7
1697803200000,0.2082,0.2092,0.207,0.208,852330.9
1697817600000,0.208,0.20928,0.2072,0.20831,677064.7
1697832000000,0.20831,0.20882,0.2076,0.20791,606692.3
1697846400000,0.20791,0.20861,0.2068,0.208,668595.3
1697860800000,0.208,0.21151,0.2078,0.21111,524757.5
1697875200000,0.21111,0.21181,0.21031,0.21141,634457.4
1697889600000,0.21141,0.21415,0.21121,0.2134,918980.9
1697904000000,0.2134,0.21609,0.21321,0.2145,1113035.1
1697918400000,0.2145,0.21552,0.2138,0.2147,883140.4
1697932800000,0.2147,0.21582,0.2133,0.2143,798541.1
1697947200000,0.2143,0.2165,0.2099,0.2142,759534.4
1697961600000,0.2142,0.21481,0.21112,0.2118,1020006.7
1697976000000,0.2118,0.2134,0.2108,0.2114,1057973.6
1697990400000,0.2114,0.21513,0.2113,0.2147,1038805.9
1698004800000,0.2147,0.2207,0.2147,0.2204,520852.7
1698019200000,0.2204,0.22311,0.2195,0.2214,980692.0
1698033600000,0.2214,0.22259,0.2176,0.2188,2796564.1
1698048000000,0.2188,0.22141,0.2177,0.22111,1043087.9
1698062400000,0.22111,0.2231,0.2199,0.22201,1662294.6
1698076800000,0.22201,0.22563,0.2215,0.2255,2933225.1
1698091200000,0.2255,0.2306,0.22349,0.22979,1841755.7
1698105600000,0.22979,0.23611,0.2281,0.2303,2011313.0
1698120000000,0.2303,0.23536,0.2284,0.22979,1630230.6
1698134400000,0.22979,0.2395,0.22979,0.23939,1263478.4
1698148800000,0.23939,0.24292,0.2258,0.23027,1724631.3
1698163200000,0.23027,0.23581,0.22749,0.2353,1541370.3
1698177600000,0.2353,0.23931,0.23109,0.2374,2018810.2
1698192000000,0.2374,0.24123,0.23429,0.23474,804399.9
1698206400000,0.23474,0.23966,0.23299,0.2358,1103540.3
1698220800000,0.2358,0.23895,0.23359,0.2351,1227720.4
1698235200000,0.2351,0.26148,0.23509,0.25339,1860917.3
1698249600000,0.25339,0.25458,0.24538,0.24778,1534437.5
1698264000000,0.24778,0.25339,0.24518,0.25279,1069246.1
1698278400000,0.25279,0.25653,0.24888,0.25653,948235.0
1698292800000,0.25653,0.26472,0.25115,0.26366,25921.6
1698307200000,0.26366,0.28495,0.26025,0.26592,129142.8
1698321600000,0.26592,0.27499,0.24921,0.25446,68784.6
1698336000000,0.25446,0.26216,0.25404,0.25914,19650.2
1698350400000,0.25914,0.26505,0.25852,0.26381,32027.1
1698364800000,0.26381,0.26571,0.25272,0.25542,25274.2
1698379200000,0.25542,0.26158,0.25388,0.26083,14344.4
1698393600000,0.26083,0.26234,0.25575,0.25775,25747.2
1698408000000,0.25775,0.26231,0.25606,0.25993,17241.0
1698422400000,0.25993,0.26094,0.24943,0.25261,19547.7
1698436800000,0.25261,0.25492,0.25244,0.25322,6586.7
1698451200000,0.25322,0.25862,0.25155,0.25857,18317.3
1698465600000,0.25857,0.27677,0.25821,0.27451,31501.1
1698480000000,0.27451,0.27568,0.2674,0.2676,15379.1
1698494400000,0.2676,0.27084,0.26444,0.2692,19325.1
1698508800000,0.2692,0.27486,0.26843,0.27087,18935.1
1698523200000,0.27087,0.2734,0.26976,0.27145,9525.5
1698537600000,0.27145,0.27335,0.26506,0.26631,10604.3
1698552000000,0.26631,0.27543,0.26601,0.274,11396.7
1698566400000,0.274,0.27589,0.27061,0.27112,9206.4
1698580800000,0.27112,0.28202,0.27102,0.27637,25280.3
1698595200000,0.27637,0.27906,0.2745,0.27573,18428.9
1698609600000,0.27573,0.27765,0.27325,0.27467,10237.5
1698624000000,0.27467,0.27906,0.27393,0.27488,16481.5
1698638400000,0.27488,0.29489,0.26429,0.26945,83942.2
1698652800000,0.26945,0.27457,0.26624,0.27053,29790.7
1698667200000,0.27053,0.27133,0.26722,0.26838,28826.2
1698681600000,0.26838,0.27033,0.26288,0.26986,20569.3
1698696000000,0.26986,0.27299,0.26772,0.26823,13341.5
1698710400000,0.26823,0.27312,0.26777,0.26777,10444.4
1698724800000,0.26777,0.26993,0.26062,0.26069,27588.8
1698739200000,0.26069,0.26325,0.25728,0.26014,29016.9
1698753600000,0.26014,0.26284,0.24333,0.24897,51746.8
1698768000000,0.24897,0.25387,0.24788,0.25197,20175.8
1698782400000,0.25197,0.25491,0.25106,0.25244,12064.6
1698796800000,0.25244,0.25444,0.25013,0.2504,8687.9
1698811200000,0.2504,0.25158,0.24572,0.24991,12254.4
1698825600000,0.24991,0.25292,0.2472,0.25223,12425.0
1698840000000,0.25223,0.25798,0.2504,0.25282,30420.3
1698854400000,0.25282,0.26286,0.25236,0.2609,22727.5
1698868800000,0.2609,0.26875,0.2609,0.26682,31868.0
1698883200000,0.26682,0.27438,0.26558,0.27244,25365.9
1698897600000,0.27244,0.27913,0.2678,0.27679,41027.1
1698912000000,0.27679,0.27993,0.27238,0.27957,44094.4
1698926400000,0.27957,0.28091,0.26604,0.26608,51200.6
1698940800000,0.26608,0.27478,0.26586,0.27448,16699.3
1698955200000,0.27448,0.2753,0.27162,0.27512,9707.1
1698969600000,0.27512,0.27513,0.26275,0.27106,18404.7
1698984000000,0.27106,0.2816,0.26936,0.27561,24562.8
1698998400000,0.27561,0.27717,0.26684,0.26994,17659.7
1699012800000,0.26994,0.28203,0.26799,0.28101,38330.8
1699027200000,0.28101,0.28277,0.2746,0.28024,14364.6
1699041600000,0.28024,0.28613,0.27943,0.28213,18748.8
1699056000000,0.28213,0.28332,0.27789,0.27967,9804.9
1699070400000,0.27967,0.28611,0.27737,0.28264,17914.5
1699084800000,0.28264,0.2848,0.28125,0.28247,24917.9
1699099200000,0.28247,0.29104,0.28045,0.28305,24901.4
1699113600000,0.28305,0.28496,0.28226,0.28287,4000.3
1699128000000,0.28287,0.29155,0.28215,0.29066,7307.6
1699142400000,0.29066,0.2945,0.2891,0.29288,12066.0
1699156800000,0.29288,0.29454,0.28845,0.29454,16840.6
1699171200000,0.29454,0.29998,0.2887,0.29933,41526.6
1699185600000,0.29933,0.30401,0.28855,0.29428,40488.5
1699200000000,0.29428,0.29991,0.29353,0.29452,18565.6
1699214400000,0.29452,0.29854,0.28855,0.29612,12301.3
1699228800000,0.29612,0.29984,0.29391,0.29551,16921.4
1699243200000,0.29551,0.2987,0.28965,0.29863,12929.8
1699257600000,0.29863,0.30641,0.29509,0.30441,19682.5
1699272000000,0.30441,0.31275,0.30142,0.30956,65812.8
1699286400000,0.30956,0.31225,0.3045,0.31047,16113.5
1699300800000,0.31047,0.31219,0.3045,0.3099,10236.4
1699315200000,0.3099,0.31383,0.3039,0.31106,12448.6
1699329600000,0.31106,0.32948,0.31014,0.32484,54775.9
1699344000000,0.32484,0.33202,0.31513,0.31635,61699.8
1699358400000,0.31635,0.31956,0.30732,0.31481,24560.8
1699372800000,0.31481,0.32328,0.30792,0.32195,23971.7
1699387200000,0.32195,0.32525,0.31501,0.32262,21180.1
1699401600000,0.32262,0.32633,0.30239,0.30604,146274.7
1699416000000,0.30604,0.30664,0.29753,0.30452,55446.9
1699430400000,0.30452,0.30633,0.29896,0.30149,58371.4
1699444800000,0.30149,0.3033,0.29806,0.30053,49418.9
1699459200000,0.30053,0.30802,0.29979,0.30772,42630.5
1699473600000,0.30772,0.30828,0.30378,0.30627,20625.0
1699488000000,0.30627,0.31238,0.30293,0.30917,41550.4
1699502400000,0.30917,0.31958,0.30664,0.30757,67206.8
1699516800000,0.30757,0.31212,0.30424,0.307,21104.2
1699531200000,0.307,0.31491,0.30215,0.30565,63154.7
1699545600000,0.30565,0.30687,0.25827,0.28211,102413.8
1699560000000,0.28211,0.29221,0.27737,0.29219,25651.5
1699574400000,0.29219,0.2957,0.28726,0.29084,35560.8
1699588800000,0.29084,0.29472,0.28671,0.28801,18822.9
1699603200000,0.28801,0.29498,0.28288,0.29465,28110.0
1699617600000,0.29465,0.29476,0.27933,0.28522,50215.1
1699632000000,0.28522,0.29466,0.28516,0.29459,20761.2
1699646400000,0.29459,0.29846,0.29235,0.29714,25037.3
1699660800000,0.29714,0.29874,0.28934,0.29082,23996.7
1699675200000,0.29082,0.29259,0.28357,0.28946,21987.7
1699689600000,0.28946,0.29529,0.28839,0.29275,18319.1
1699704000000,0.29275,0.30368,0.29121,0.30161,29154.8
1699718400000,0.30161,0.31245,0.30145,0.31189,48203.1
1699732800000,0.31189,0.31225,0.30136,0.30574,21721.6
1699747200000,0.30574,0.30692,0.29281,0.30195,21623.0
1699761600000,0.30195,0.31559,0.29741,0.30409,135689.1
1699776000000,0.30409,0.30627,0.29982,0.3036,113892.0
1699790400000,0.3036,0.3055,0.29723,0.30319,44050.3
1699804800000,0.30319,0.30456,0.29906,0.3022,28730.7
1699819200000,0.3022,0.3102,0.30121,0.30657,28040.2
1699833600000,0.30657,0.31825,0.30169,0.3022,69734.6
1699848000000,0.3022,0.30461,0.29585,0.29869,51598.7
1699862400000,0.29869,0.3048,0.29351,0.29559,36153.7
1699876800000,0.29559,0.29889,0.2875,0.2968,54104.8
1699891200000,0.2968,0.30014,0.29002,0.29446,29078.2
1699905600000,0.29446,0.29472,0.27817,0.27819,58174.5
1699920000000,0.27819,0.27925,0.26907,0.27411,49174.9
1699934400000,0.27411,0.28102,0.27389,0.28045,29315.2
1699948800000,0.28045,0.28223,0.26801,0.27096,34426.4
1699963200000,0.27096,0.27846,0.26946,0.27268,38207.5
1699977600000,0.27268,0.2761,0.25416,0.26309,101089.1
1699992000000,0.26309,0.27137,0.26256,0.2703,18702.2
1700006400000,0.2703,0.27295,0.26916,0.26927,8787.9
1700020800000,0.26927,0.28011,0.26927,0.27185,132438.2
1700035200000,0.27185,0.28103,0.27138,0.28084,41006.0
1700049600000,0.28084,0.28153,0.27691,0.28138,24334.6
1700064000000,0.28138,0.28359,0.27539,0.28243,44725.0
1700078400000,0.28243,0.28545,0.27951,0.28487,23951.4
1700092800000,0.28487,0.291,0.28358,0.29049,18572.9
1700107200000,0.29049,0.29604,0.28858,0.29245,30735.2
1700121600000,0.29245,0.29762,0.28578,0.29573,38798.0
1700136000000,0.29573,0.29577,0.28147,0.28284,52522.2
1700150400000,0.28284,0.28802,0.2733,0.28131,29006.4
1700164800000,0.28131,0.2845,0.27647,0.27976,20875.0
1700179200000,0.27976,0.29149,0.27953,0.28447,85324.0
1700193600000,0.28447,0.28664,0.27954,0.28027,9700.0
1700208000000,0.28027,0.28511,0.27539,0.27576,17551.8
1700222400000,0.27576,0.27915,0.2628,0.26328,27714.8
1700236800000,0.26328,0.27566,0.26284,0.27105,18959.5
1700251200000,0.27105,0.27575,0.26833,0.27396,9523.5
1700265600000,0.27396,0.274,0.26382,0.26399,18492.3
1700280000000,0.26399,0.26642,0.25388,0.26187,14253.7
1700294400000,0.26187,0.26455,0.25992,0.2628,12734.9
1700308800000,0.2628,0.27035,0.26034,0.26975,17604.3
1700323200000,0.26975,0.2712,0.26683,0.27056,11184.6
1700337600000,0.27056,0.27222,0.26862,0.27222,5185.0
1700352000000,0.27222,0.27336,0.26589,0.27312,10754.2
1700366400000,0.27312,0.27333,0.27092,0.27241,8913.8
1700380800000,0.27241,0.27524,0.26821,0.27054,9607.5
1700395200000,0.27054,0.27407,0.26876,0.27337,8855.9
1700409600000,0.27337,0.27911,0.27235,0.27878,11782.3
1700424000000,0.27878,0.28112,0.27465,0.28024,11574.4
1700438400000,0.28024,0.28289,0.2776,0.27974,13188.5
1700452800000,0.27974,0.28057,0.2773,0.28042,9140.7
1700467200000,0.28042,0.28353,0.27921,0.28052,16912.3
1700481600000,0.28052,0.286,0.27566,0.28584,21253.7
1700496000000,0.28584,0.28755,0.27941,0.28106,16884.6
1700510400000,0.28106,0.28313,0.27505,0.28044,11047.1
1700524800000,0.28044,0.286,0.27738,0.28021,12543.3
1700539200000,0.28021,0.28382,0.27735,0.27758,10557.6
1700553600000,0.27758,0.28033,0.27413,0.27423,8615.9
1700568000000,0.27423,0.27622,0.26222,0.26895,28628.2
1700582400000,0.26895,0.27098,0.25348,0.26028,50686.5
1700596800000,0.26028,0.26419,0.24715,0.25017,40859.3
1700611200000,0.25017,0.25807,0.24907,0.25777,13114.5
1700625600000,0.25777,0.26142,0.25695,0.25971,9524.1
1700640000000,0.25971,0.26408,0.25963,0.26117,11235.5
1700654400000,0.26117,0.26432,0.25904,0.26221,10874.9
1700668800000,0.26221,0.26891,0.25913,0.26786,14662.6
1700683200000,0.26786,0.27116,0.26704,0.26812,18094.0
1700697600000,0.26812,0.27068,0.26668,0.26884,11348.5
1700712000000,0.26884,0.27102,0.26814,0.26953,5128.8
1700726400000,0.26953,0.27146,0.26576,0.26676,5948.1
1700740800000,0.26676,0.26865,0.26328,0.26484,6116.1
1700755200000,0.26484,0.26878,0.26463,0.26791,4839.3
1700769600000,0.26791,0.2699,0.26718,0.26757,15450.7
1700784000000,0.26757,0.27093,0.26607,0.26916,7855.6
1700798400000,0.26916,0.27253,0.26772,0.27253,10871.5
1700812800000,0.27253,0.27423,0.27007,0.27013,13591.6
1700827200000,0.27013,0.27737,0.26884,0.27603,21178.2
1700841600000,0.27603,0.27859,0.27228,0.27372,17956.1
1700856000000,0.27372,0.27614,0.27136,0.27338,10857.3
1700870400000,0.27338,0.28417,0.27133,0.28113,22274.2
1700884800000,0.28113,0.28737,0.27761,0.28683,35023.1
1700899200000,0.28683,0.28848,0.27932,0.28223,33141.8
1700913600000,0.28223,0.28987,0.28198,0.2871,34348.5
1700928000000,0.2871,0.28824,0.28417,0.28556,15145.4
1700942400000,0.28556,0.29063,0.28534,0.28974,20138.1
1700956800000,0.28974,0.29301,0.28514,0.29143,27393.7
1700971200000,0.29143,0.30154,0.28995,0.29865,43129.1
1700985600000,0.29865,0.30751,0.29634,0.30324,103028.5
1701000000000,0.30324,0.31015,0.29812,0.29951,98346.3
1701014400000,0.29951,0.30289,0.29268,0.30013,55584.7
1701028800000,0.30013,0.30602,0.29965,0.30454,34084.7
1701043200000,0.30454,0.30959,0.29326,0.29674,41092.8
1701057600000,0.29674,0.29798,0.28723,0.29037,37384.0
1701072000000,0.29037,0.29309,0.28529,0.288,25333.8
1701086400000,0.288,0.29462,0.28518,0.28521,30020.4
1701100800000,0.28521,0.29142,0.28147,0.28413,51308.2
1701115200000,0.28413,0.29282,0.28138,0.29244,14486.0
1701129600000,0.29244,0.29434,0.28749,0.28772,19575.3
1701144000000,0.28772,0.28833,0.27738,0.28126,21399.4
1701158400000,0.28126,0.28987,0.27942,0.28987,32213.8
1701172800000,0.28987,0.29215,0.28775,0.28944,18413.0
1701187200000,0.28944,0.29429,0.28784,0.29307,30550.4
1701201600000,0.29307,0.29592,0.29222,0.29436,14989.4
1701216000000,0.29436,0.29584,0.29009,0.29104,14713.7
1701230400000,0.29104,0.29205,0.28803,0.29113,12088.8
1701244800000,0.29113,0.29304,0.28351,0.28442,27446.1
1701259200000,0.28442,0.28625,0.28066,0.28326,24239.5
1701273600000,0.28326,0.28631,0.28069,0.28589,14217.1
1701288000000,0.28589,0.28601,0.2822,0.28427,10232.3
1701302400000,0.28427,0.28637,0.28131,0.28531,11242.7
1701316800000,0.28531,0.28638,0.28053,0.28053,9967.3
1701331200000,0.28053,0.28219,0.27711,0.28187,22965.0
1701345600000,0.28187,0.28221,0.27623,0.27782,15997.9
1701360000000,0.27782,0.27983,0.27719,0.27823,12392.1
1701374400000,0.27823,0.28013,0.27765,0.27868,11081.1
1701388800000,0.27868,0.2849,0.27601,0.28386,18128.0
1701403200000,0.28386,0.28488,0.28177,0.28316,13458.4
1701417600000,0.28316,0.28697,0.28292,0.2853,19982.3
1701432000000,0.2853,0.28898,0.28445,0.28749,20636.6
1701446400000,0.28749,0.29489,0.28719,0.2936,27373.3
1701460800000,0.2936,0.29508,0.29222,0.29412,9661.2
1701475200000,0.29412,0.29779,0.29226,0.29763,12028.8
1701489600000,0.29763,0.29956,0.29448,0.29541,17265.4
1701504000000,0.29541,0.29875,0.29526,0.29785,12561.7
1701518400000,0.29785,0.30118,0.29396,0.29609,39202.6
1701532800000,0.29609,0.29956,0.29477,0.29724,32086.8
1701547200000,0.29724,0.29953,0.29451,0.2958,21752.8
1701561600000,0.2958,0.30105,0.2952,0.29623,47901.1
1701576000000,0.29623,0.29909,0.29525,0.29899,9182.4
1701590400000,0.29899,0.29914,0.29415,0.29505,14341.9
1701604800000,0.29505,0.2962,0.29021,0.29305,32332.7
1701619200000,0.29305,0.29409,0.28912,0.29068,24687.0
1701633600000,0.29068,0.29494,0.28855,0.29257,23321.1
1701648000000,0.29257,0.30218,0.29221,0.29993,24219.8
1701662400000,0.29993,0.30599,0.29972,0.30525,26423.0
1701676800000,0.30525,0.31439,0.29366,0.30365,109030.5
1701691200000,0.30365,0.30778,0.29544,0.29797,60050.3
1701705600000,0.29797,0.30428,0.29786,0.30404,21690.3
1701720000000,0.30404,0.30929,0.30016,0.3086,28889.6
1701734400000,0.3086,0.31679,0.30508,0.30975,33100.8
1701748800000,0.30975,0.31659,0.30497,0.30924,41155.4
1701763200000,0.30924,0.31616,0.30617,0.30814,24275.9
1701777600000,0.30814,0.31407,0.30508,0.31403,29206.2
1701792000000,0.31403,0.3181,0.31173,0.31551,34787.0
1701806400000,0.31551,0.3326,0.31379,0.32888,92398.2
1701820800000,0.32888,0.33228,0.32425,0.3288,48060.2
1701835200000,0.3288,0.33827,0.32268,0.3272,60021.8
1701849600000,0.3272,0.3288,0.31232,0.31666,48310.0
1701864000000,0.31666,0.32256,0.31501,0.32071,27379.3
1701878400000,0.32071,0.33489,0.31994,0.33108,37007.1
1701892800000,0.33108,0.33268,0.32203,0.32637,29172.6
1701907200000,0.32637,0.33098,0.32327,0.32562,10911.6
1701921600000,0.32562,0.3353,0.32543,0.33135,19209.5
1701936000000,0.33135,0.33167,0.31516,0.3244,39089.6
1701950400000,0.3244,0.34107,0.32385,0.33854,49602.1
1701964800000,0.33854,0.34057,0.3322,0.33484,32882.3
1701979200000,0.33484,0.33946,0.33419,0.3369,14712.5
1701993600000,0.3369,0.33815,0.33397,0.33694,13511.7
1702008000000,0.33694,0.33814,0.33231,0.33245,15203.0
1702022400000,0.33245,0.34116,0.33003,0.33901,22065.0
1702036800000,0.33901,0.34448,0.33697,0.33913,31095.2
1702051200000,0.33913,0.34911,0.33906,0.34811,23158.5
1702065600000,0.34811,0.35202,0.34599,0.3506,25289.0
1702080000000,0.3506,0.35977,0.35058,0.35881,22693.6
1702094400000,0.35881,0.36613,0.35753,0.36574,23697.8
1702108800000,0.36574,0.36858,0.35333,0.36191,43121.0
1702123200000,0.36191,0.3645,0.35365,0.36065,41891.8
1702137600000,0.36065,0.36559,0.3541,0.36243,20465.7
1702152000000,0.36243,0.36257,0.34946,0.35259,17328.4
1702166400000,0.35259,0.36353,0.35259,0.36251,17964.1
1702180800000,0.36251,0.37321,0.36113,0.36797,43806.7
1702195200000,0.36797,0.36917,0.35025,0.35843,59577.9
1702209600000,0.35843,0.35865,0.35048,0.35373,18915.3
1702224000000,0.35373,0.35458,0.34602,0.34869,24810.5
1702238400000,0.34869,0.35536,0.34851,0.3529,16279.4
1702252800000,0.3529,0.35474,0.3042,0.32622,73771.6
1702267200000,0.32622,0.32777,0.31681,0.3206,33575.3
1702281600000,0.3206,0.33441,0.31752,0.33397,59136.1
1702296000000,0.33397,0.33706,0.31871,0.32282,65889.5
1702310400000,0.32282,0.32367,0.30734,0.31314,47128.8
1702324800000,0.31314,0.31866,0.31104,0.31796,17242.0
1702339200000,0.31796,0.32469,0.31775,0.32226,15523.0
1702353600000,0.32226,0.32703,0.31704,0.32693,18172.8
1702368000000,0.32693,0.32857,0.32402,0.32415,23795.6
1702382400000,0.32415,0.3313,0.32026,0.323,30076.1
1702396800000,0.323,0.32722,0.31629,0.32318,23914.2
1702411200000,0.32318,0.33135,0.32008,0.33105,27026.3
1702425600000,0.33105,0.33248,0.3148,0.31949,31784.0
1702440000000,0.31949,0.32846,0.31546,0.32095,81977.6
1702454400000,0.32095,0.32542,0.31247,0.31346,28622.1
1702468800000,0.31346,0.33035,0.31195,0.32837,31419.0
1702483200000,0.32837,0.33504,0.32219,0.33473,30471.5
1702497600000,0.33473,0.33986,0.33358,0.33607,22812.5
1702512000000,0.33607,0.34167,0.33574,0.34128,19318.1
1702526400000,0.34128,0.34251,0.3379,0.34116,13696.2
1702540800000,0.34116,0.3523,0.33986,0.35213,31025.9
1702555200000,0.35213,0.35213,0.33595,0.35022,33384.9
1702569600000,0.35022,0.35244,0.34701,0.34996,18469.4
1702584000000,0.34996,0.35454,0.34797,0.35428,13999.1
1702598400000,0.35428,0.35434,0.34815,0.3506,11852.8
1702612800000,0.3506,0.35107,0.34308,0.34331,11260.0
1702627200000,0.34331,0.3509,0.34126,0.35064,12824.7
1702641600000,0.35064,0.35133,0.33806,0.34131,19988.2
1702656000000,0.34131,0.35368,0.3388,0.3501,42640.9
1702670400000,0.3501,0.35125,0.3348,0.3358,16574.3
1702684800000,0.3358,0.34457,0.33153,0.34318,11738.5
1702699200000,0.34318,0.34338,0.33748,0.34032,11107.4
1702713600000,0.34032,0.34516,0.33917,0.34515,9335.8
1702728000000,0.34515,0.34584,0.34204,0.34486,13047.3
1702742400000,0.34486,0.34733,0.33959,0.34118,21864.5
1702756800000,0.34118,0.34541,0.33996,0.34147,10097.8
1702771200000,0.34147,0.34229,0.33284,0.33412,20781.8
1702785600000,0.33412,0.33706,0.32659,0.32707,15747.4
1702800000000,0.32707,0.33304,0.3266,0.33251,9459.5
1702814400000,0.33251,0.33369,0.32588,0.33035,16425.1
1702828800000,0.33035,0.33539,0.32851,0.33459,13839.0
1702843200000,0.33459,0.33725,0.32572,0.32584,11196.9
1702857600000,0.32584,0.33033,0.31583,0.32046,21898.5
1702872000000,0.32046,0.32363,0.31532,0.31622,13623.6
1702886400000,0.31622,0.31722,0.29979,0.30897,43601.7
1702900800000,0.30897,0.31525,0.30567,0.31199,18652.7
1702915200000,0.31199,0.32341,0.31026,0.31125,44559.1
1702929600000,0.31125,0.32776,0.30856,0.32766,27264.4
1702944000000,0.32766,0.332,0.32417,0.332,15066.9
1702958400000,0.332,0.3353,0.32892,0.33346,16209.8
1702972800000,0.33346,0.33568,0.32886,0.32886,18521.5
1702987200000,0.32886,0.3302,0.32212,0.32556,16237.0
1703001600000,0.32556,0.33152,0.31908,0.32952,36312.9
1703016000000,0.32952,0.33012,0.32037,0.3218,18622.2
1703030400000,0.3218,0.32613,0.31772,0.32393,9195.6
1703044800000,0.32393,0.33654,0.32329,0.33295,23314.8
1703059200000,0.33295,0.34375,0.33197,0.34319,26006.9
1703073600000,0.34319,0.34746,0.34254,0.34587,25825.1
1703088000000,0.34587,0.35034,0.34374,0.3448,25253.8
1703102400000,0.3448,0.34812,0.33846,0.3479,15693.1
1703116800000,0.3479,0.3504,0.34306,0.34971,16870.3
1703131200000,0.34971,0.35013,0.34586,0.3479,7846.5
1703145600000,0.3479,0.35035,0.34308,0.34821,17159.9
1703160000000,0.34821,0.3508,0.34028,0.34558,16174.6
1703174400000,0.34558,0.36115,0.3455,0.36065,39427.3
1703188800000,0.36065,0.36309,0.35544,0.35927,23374.7
1703203200000,0.35927,0.365,0.35785,0.3603,24858.6
1703217600000,0.3603,0.36154,0.35421,0.35809,28861.6
1703232000000,0.35809,0.36223,0.35506,0.36097,24804.6
1703246400000,0.36097,0.36137,0.35123,0.35691,20193.8
1703260800000,0.35691,0.36353,0.35683,0.35764,16712.3
1703275200000,0.35764,0.36845,0.35742,0.36703,19153.5
1703289600000,0.36703,0.36832,0.35491,0.3554,26107.8
1703304000000,0.3554,0.36223,0.35423,0.35763,10503.5
1703318400000,0.35763,0.36064,0.35612,0.35782,6581.2
1703332800000,0.35782,0.35964,0.35491,0.35874,10057.1
1703347200000,0.35874,0.36367,0.35874,0.36316,11287.5
1703361600000,0.36316,0.38414,0.36285,0.37917,48746.8
1703376000000,0.37917,0.38097,0.3762,0.37713,16921.8
1703390400000,0.37713,0.37939,0.36796,0.37858,20638.8
1703404800000,0.37858,0.38084,0.37108,0.37968,16915.7
1703419200000,0.37968,0.38378,0.37493,0.3829,26975.2
1703433600000,0.3829,0.39369,0.38062,0.389,37840.0
1703448000000,0.389,0.39161,0.37047,0.38215,39933.8
1703462400000,0.38215,0.38548,0.37791,0.38056,15736.8
1703476800000,0.38056,0.39687,0.37924,0.39168,34609.2
1703491200000,0.39168,0.40493,0.39096,0.3997,54619.3
1703505600000,0.3997,0.40433,0.39683,0.39745,34942.9
1703520000000,0.39745,0.40053,0.39357,0.39586,20638.8
1703534400000,0.39586,0.39673,0.39104,0.3945,15173.0
1703548800000,0.3945,0.40632,0.3945,0.40388,30599.0
1703563200000,0.40388,0.40576,0.38781,0.40091,30861.9
1703577600000,0.40091,0.41631,0.39767,0.41631,37210.6
1703592000000,0.41631,0.4246,0.40883,0.40896,61566.1
1703606400000,0.40896,0.41392,0.37692,0.40114,64605.6
1703620800000,0.40114,0.41178,0.4008,0.40677,24530.0
1703635200000,0.40677,0.40754,0.37977,0.38379,28058.9
1703649600000,0.38379,0.39468,0.38379,0.38984,17749.7
1703664000000,0.38984,0.40902,0.38847,0.40811,35260.2
1703678400000,0.40811,0.42961,0.40728,0.42191,54821.8
1703692800000,0.42191,0.4224,0.41006,0.41246,23658.3
1703707200000,0.41246,0.41454,0.40537,0.40867,12722.0
1703721600000,0.40867,0.41622,0.40353,0.40492,15420.7
1703736000000,0.40492,0.40799,0.39152,0.39582,29910.6
1703750400000,0.39582,0.40416,0.39257,0.40375,19581.3
1703764800000,0.40375,0.40533,0.38422,0.38951,41050.7
1703779200000,0.38951,0.39504,0.38682,0.3928,12020.2
1703793600000,0.3928,0.3928,0.38305,0.38638,12138.6
1703808000000,0.38638,0.3886,0.3733,0.38465,20628.2
1703822400000,0.38465,0.38879,0.38112,0.38163,14316.8
1703836800000,0.38163,0.39817,0.38152,0.39569,14758.6
1703851200000,0.39569,0.3967,0.37595,0.37919,32846.1
1703865600000,0.37919,0.38143,0.37127,0.37732,19074.9
1703880000000,0.37732,0.37732,0.36389,0.37173,17031.1
1703894400000,0.37173,0.37355,0.36574,0.3668,10312.4
1703908800000,0.3668,0.36977,0.36574,0.36589,5706.6
1703923200000,0.36589,0.366,0.35943,0.3652,16217.9
1703937600000,0.3652,0.374,0.3639,0.37349,14984.7
1703952000000,0.37349,0.37505,0.37046,0.37329,8024.3
1703966400000,0.37329,0.37497,0.3662,0.36676,7447.0
1703980800000,0.36676,0.37093,0.36333,0.36836,8697.3
1703995200000,0.36836,0.37423,0.36793,0.37415,5675.3
1704009600000,0.37415,0.38659,0.37231,0.38213,27758.4
1704024000000,0.38213,0.39013,0.37956,0.38721,32414.1
1704038400000,0.38721,0.39022,0.38326,0.38648,24843.8
1704052800000,0.38648,0.38648,0.36266,0.37898,28554.2
1704067200000,0.37898,0.38451,0.37181,0.37274,34021.9
1704081600000,0.37274,0.37439,0.36546,0.36721,14825.9
1704096000000,0.36721,0.37481,0.36646,0.37346,18292.0
1704110400000,0.37346,0.37954,0.372,0.37929,11670.9
1704124800000,0.37929,0.38616,0.37798,0.38569,12681.2
1704139200000,0.38569,0.38832,0.38372,0.38573,15043.4
1704153600000,0.38573,0.39364,0.38255,0.39231,23142.5
1704168000000,0.39231,0.39356,0.38831,0.39142,15437.8
1704182400000,0.39142,0.39554,0.38628,0.38848,33490.6
1704196800000,0.38848,0.39008,0.37517,0.37729,22921.7
1704211200000,0.37729,0.38002,0.37298,0.37622,15975.5
1704225600000,0.37622,0.37915,0.37028,0.37848,13217.8
1704240000000,0.37848,0.38338,0.37819,0.38114,17281.0
1704254400000,0.38114,0.39714,0.38077,0.38734,33769.6
1704268800000,0.38734,0.39466,0.37642,0.37912,33549.1
1704283200000,0.37912,0.37941,0.27804,0.33765,163274.6
1704297600000,0.33765,0.33842,0.32658,0.33264,43293.8
1704312000000,0.33264,0.33706,0.32877,0.33168,16592.7
1704326400000,0.33168,0.33719,0.32636,0.33668,16402.0
1704340800000,0.33668,0.34475,0.33664,0.33913,18627.0
1704355200000,0.33913,0.34183,0.33464,0.33745,25154.9
1704369600000,0.33745,0.34341,0.33608,0.34082,19184.7
1704384000000,0.34082,0.34186,0.33675,0.33935,19901.7
1704398400000,0.33935,0.34321,0.33577,0.34012,13718.1
1704412800000,0.34012,0.34209,0.31973,0.32435,30615.7
1704427200000,0.32435,0.32885,0.32236,0.32442,20069.6
1704441600000,0.32442,0.3293,0.32217,0.32335,19417.0
1704456000000,0.32335,0.32777,0.31298,0.3145,34127.8
1704470400000,0.3145,0.31732,0.30804,0.31148,15960.1
1704484800000,0.31148,0.3208,0.31129,0.3208,11476.7
1704499200000,0.3208,0.32105,0.3131,0.31337,10849.5
1704513600000,0.31337,0.31505,0.29599,0.30279,25314.2
1704528000000,0.30279,0.30977,0.30028,0.30706,11236.4
1704542400000,0.30706,0.31018,0.30315,0.30927,11952.9
1704556800000,0.30927,0.31166,0.30529,0.30714,11009.2
1704571200000,0.30714,0.30864,0.3021,0.30517,17513.0
1704585600000,0.30517,0.31004,0.30436,0.30812,9606.3
1704600000000,0.30812,0.31688,0.30724,0.31068,12665.0
1704614400000,0.31068,0.31116,0.30181,0.30556,14617.6
1704628800000,0.30556,0.30936,0.29939,0.30073,14776.6
1704643200000,0.30073,0.30693,0.2966,0.3046,16742.9
1704657600000,0.3046,0.30549,0.28621,0.28982,28337.6
1704672000000,0.28982,0.29092,0.2657,0.27233,50665.0
1704686400000,0.27233,0.28174,0.27042,0.27987,22147.0
1704700800000,0.27987,0.28664,0.27736,0.28663,37881.0
1704715200000,0.28663,0.29824,0.28643,0.29715,24957.0
1704729600000,0.29715,0.30917,0.29248,0.30906,28431.2
1704744000000,0.30906,0.31966,0.30566,0.31805,35394.6
1704758400000,0.31805,0.31882,0.30857,0.30956,16209.4
1704772800000,0.30956,0.31648,0.3078,0.31197,18900.2
1704787200000,0.31197,0.31605,0.30152,0.30283,32428.0
1704801600000,0.30283,0.30388,0.29212,0.29471,32435.1
1704816000000,0.29471,0.29576,0.28739,0.28903,21117.4
1704830400000,0.28903,0.29651,0.28395,0.29521,34039.1
1704844800000,0.29521,0.30055,0.29394,0.29887,10945.1
1704859200000,0.29887,0.3014,0.29677,0.29734,6576.6
1704873600000,0.29734,0.30493,0.29344,0.30387,13286.0
1704888000000,0.30387,0.30387,0.28919,0.30108,21836.9
1704902400000,0.30108,0.30335,0.29642,0.30244,16078.0
1704916800000,0.30244,0.32395,0.2948,0.3168,52420.3
1704931200000,0.3168,0.32832,0.31467,0.32799,20011.2
1704945600000,0.32799,0.3294,0.31874,0.32625,18453.3
1704960000000,0.32625,0.33476,0.32512,0.33455,25548.6
1704974400000,0.33455,0.33696,0.32227,0.32628,52203.0
1704988800000,0.32628,0.33401,0.31826,0.3335,25312.3
1705003200000,0.3335,0.33416,0.32636,0.33105,12406.2
1705017600000,0.33105,0.33275,0.32692,0.32953,14240.1
1705032000000,0.32953,0.33428,0.32793,0.32971,11237.5
1705046400000,0.32971,0.33412,0.32349,0.33155,20837.9
1705060800000,0.33155,0.33734,0.32236,0.32359,23347.5
1705075200000,0.32359,0.32647,0.31025,0.31925,52149.2
1705089600000,0.31925,0.32321,0.30256,0.31412,26224.3
1705104000000,0.31412,0.31539,0.3031,0.30914,16807.0
1705118400000,0.30914,0.31562,0.30844,0.31506,9566.1
1705132800000,0.31506,0.32047,0.3142,0.31662,13239.8
1705147200000,0.31662,0.32194,0.31553,0.32114,21308.8
1705161600000,0.32114,0.32249,0.31867,0.32052,11899.0
1705176000000,0.32052,0.32148,0.31805,0.31853,6366.6
1705190400000,0.31853,0.31909,0.31384,0.31389,11676.9
1705204800000,0.31389,0.31686,0.31135,0.31536,6817.5
1705219200000,0.31536,0.31606,0.31244,0.31259,5541.4
1705233600000,0.31259,0.31548,0.31111,0.31443,8894.4
1705248000000,0.31443,0.31519,0.30602,0.30642,10927.4
1705262400000,0.30642,0.31081,0.30122,0.30154,14695.1
1705276800000,0.30154,0.31114,0.30086,0.31003,11668.1
1705291200000,0.31003,0.31204,0.30723,0.30865,7236.0
1705305600000,0.30865,0.30946,0.30673,0.30884,6979.3
1705320000000,0.30884,0.31123,0.30203,0.30309,12495.8
1705334400000,0.30309,0.3115,0.3021,0.30804,9216.1
1705348800000,0.30804,0.30939,0.3009,0.30408,11022.7
1705363200000,0.30408,0.30669,0.30293,0.30669,6367.7
1705377600000,0.30669,0.3084,0.305,0.30758,8162.4
1705392000000,0.30758,0.31181,0.30663,0.30812,17918.3
1705406400000,0.30812,0.31256,0.30242,0.31212,18760.9
1705420800000,0.31212,0.31434,0.30973,0.31262,24472.1
1705435200000,0.31262,0.31509,0.31118,0.31182,9099.9
1705449600000,0.31182,0.31385,0.30948,0.30968,8130.2
1705464000000,0.30968,0.31008,0.30431,0.30457,6431.6
1705478400000,0.30457,0.31088,0.30391,0.30986,11922.5
1705492800000,0.30986,0.31181,0.30587,0.30676,11824.5
1705507200000,0.30676,0.30918,0.30427,0.30642,9108.3
1705521600000,0.30642,0.30817,0.30307,0.30732,7764.0
1705536000000,0.30732,0.30736,0.30124,0.30361,5508.0
1705550400000,0.30361,0.31099,0.30303,0.30926,5874.9
1705564800000,0.30926,0.30954,0.30212,0.30364,9045.2
1705579200000,0.30364,0.30466,0.29782,0.30261,12406.3
1705593600000,0.30261,0.30318,0.28523,0.28709,30406.3
1705608000000,0.28709,0.29234,0.28709,0.29078,11329.1
1705622400000,0.29078,0.29192,0.2818,0.28752,13550.0
1705636800000,0.28752,0.29061,0.28693,0.28855,6158.1
1705651200000,0.28855,0.29306,0.28766,0.29264,8224.2
1705665600000,0.29264,0.29294,0.2836,0.28462,14891.4
1705680000000,0.28462,0.28885,0.2711,0.28836,28140.5
1705694400000,0.28836,0.29151,0.28689,0.29019,16838.3
1705708800000,0.29019,0.29504,0.28729,0.2921,9134.9
1705723200000,0.2921,0.2937,0.29,0.29208,5025.1
1705737600000,0.29208,0.295,0.29075,0.29429,19110.0
1705752000000,0.29429,0.29541,0.2928,0.29356,7544.4
1705766400000,0.29356,0.29414,0.29064,0.29327,9767.7
1705780800000,0.29327,0.30109,0.29291,0.30106,10309.2
1705795200000,0.30106,0.30439,0.2949,0.29782,29797.9
1705809600000,0.29782,0.29791,0.29454,0.29614,6609.5
1705824000000,0.29614,0.29729,0.29486,0.29512,5952.9
1705838400000,0.29512,0.29844,0.29487,0.29724,7506.4
1705852800000,0.29724,0.29878,0.29483,0.29758,5917.6
1705867200000,0.29758,0.29795,0.29053,0.29127,8214.0
1705881600000,0.29127,0.29297,0.28388,0.28684,11394.2
1705896000000,0.28684,0.28915,0.28204,0.28605,9422.3
1705910400000,0.28605,0.28624,0.27731,0.28301,16758.4
1705924800000,0.28301,0.28709,0.27653,0.281,14002.3
1705939200000,0.281,0.282,0.2704,0.27537,23124.4
1705953600000,0.27537,0.28027,0.2722,0.27228,11437.0
1705968000000,0.27228,0.27782,0.26943,0.27623,15178.0
1705982400000,0.27623,0.27742,0.27177,0.27332,7961.5
1705996800000,0.27332,0.2748,0.25736,0.26,31561.2
1706011200000,0.26,0.26804,0.25386,0.26664,23301.7
1706025600000,0.26664,0.26909,0.26188,0.26225,15892.9
1706040000000,0.26225,0.26765,0.2601,0.26755,7630.5
1706054400000,0.26755,0.26969,0.26502,0.26508,7458.1
1706068800000,0.26508,0.27148,0.26467,0.27038,7063.0
1706083200000,0.27038,0.27427,0.26947,0.27183,7431.1
1706097600000,0.27183,0.2731,0.26781,0.2714,9934.3
1706112000000,0.2714,0.27791,0.26786,0.272,46119.8
1706126400000,0.272,0.27375,0.26897,0.27339,7280.6
1706140800000,0.27339,0.27379,0.26997,0.27177,5714.5
1706155200000,0.27177,0.27448,0.26929,0.27438,11414.1
1706169600000,0.27438,0.27448,0.27064,0.27336,9855.3
1706184000000,0.27336,0.27406,0.2679,0.26945,13028.5
1706198400000,0.26945,0.27447,0.2679,0.27252,7418.1
1706212800000,0.27252,0.27375,0.27086,0.27206,9017.4
1706227200000,0.27206,0.27484,0.27023,0.27424,6674.9
1706241600000,0.27424,0.27986,0.27354,0.27534,24204.1
1706256000000,0.27534,0.28362,0.27534,0.28362,12750.1
1706270400000,0.28362,0.28443,0.27952,0.28391,7595.5
1706284800000,0.28391,0.28489,0.28141,0.28364,11606.6
1706299200000,0.28364,0.28619,0.28124,0.28608,5237.4
1706313600000,0.28608,0.291,0.28493,0.29042,8014.4
1706328000000,0.29042,0.29137,0.28473,0.28637,4926.3
1706342400000,0.28637,0.2881,0.28424,0.28726,3542.3
1706356800000,0.28726,0.28864,0.28707,0.28857,7458.2
1706371200000,0.28857,0.29264,0.28831,0.28978,21080.3
1706385600000,0.28978,0.29546,0.28966,0.29303,20143.3
1706400000000,0.29303,0.29601,0.29234,0.29577,3424.7
1706414400000,0.29577,0.29637,0.2916,0.2917,7475.1
1706428800000,0.2917,0.29598,0.28966,0.29065,11817.7
1706443200000,0.29065,0.29156,0.28771,0.29009,7825.2
1706457600000,0.29009,0.29117,0.28339,0.28455,10673.5
1706472000000,0.28455,0.28731,0.28284,0.28635,6288.6
1706486400000,0.28635,0.2903,0.28466,0.28962,4909.4
1706500800000,0.28962,0.29079,0.28741,0.28767,6029.0
1706515200000,0.28767,0.29381,0.28677,0.29208,21145.2
1706529600000,0.29208,0.29439,0.28611,0.29375,14727.8
1706544000000,0.29375,0.29606,0.29214,0.29324,18822.9
1706558400000,0.29324,0.29502,0.29253,0.29444,5274.1
1706572800000,0.29444,0.296,0.29184,0.29207,6400.7
1706587200000,0.29207,0.29428,0.29116,0.29345,6015.1
1706601600000,0.29345,0.29823,0.29288,0.29789,7768.9
1706616000000,0.29789,0.29869,0.29048,0.29346,11698.0
1706630400000,0.29346,0.29479,0.29184,0.29284,8044.8
1706644800000,0.29284,0.29328,0.28519,0.28693,28138.4
1706659200000,0.28693,0.29032,0.28304,0.29004,14186.8
1706673600000,0.29004,0.29183,0.28812,0.28984,5985.5
1706688000000,0.28984,0.29049,0.28169,0.28554,21229.1
1706702400000,0.28554,0.28656,0.27836,0.28469,18532.7
1706716800000,0.28469,0.28877,0.28214,0.28475,19366.0
1706731200000,0.28475,0.28528,0.27662,0.27892,13129.3
1706745600000,0.27892,0.28227,0.27356,0.27664,9645.6
1706760000000,0.27664,0.279,0.27389,0.27774,5781.6
1706774400000,0.27774,0.28051,0.27688,0.27881,5458.4
1706788800000,0.27881,0.2845,0.27881,0.28214,6928.5
1706803200000,0.28214,0.28502,0.27989,0.28394,6872.3
1706817600000,0.28394,0.28545,0.28292,0.28425,5507.4
1706832000000,0.28425,0.28691,0.28364,0.2852,5142.8
1706846400000,0.2852,0.28604,0.28386,0.2857,5149.5
1706860800000,0.2857,0.2857,0.28197,0.28447,6634.8
1706875200000,0.28447,0.28729,0.28109,0.28713,11470.6
1706889600000,0.28713,0.28873,0.28357,0.28723,12494.2
1706904000000,0.28723,0.28757,0.28543,0.28641,5336.3
1706918400000,0.28641,0.28793,0.28441,0.28442,7465.1
1706932800000,0.28442,0.28664,0.28371,0.28529,10951.7
1706947200000,0.28529,0.2862,0.28377,0.28548,2751.8
1706961600000,0.28548,0.28691,0.28454,0.28676,6669.9
1706976000000,0.28676,0.28693,0.28397,0.28517,10009.4
1706990400000,0.28517,0.28519,0.28154,0.28286,8322.0
1707004800000,0.28286,0.28286,0.27957,0.28154,7179.4
1707019200000,0.28154,0.28163,0.27715,0.27877,8592.8
1707033600000,0.27877,0.2809,0.27692,0.27987,11353.1
1707048000000,0.27987,0.28097,0.2788,0.27944,4003.9
1707062400000,0.27944,0.28015,0.27666,0.27799,4039.7
1707076800000,0.27799,0.28018,0.27504,0.27571,6455.3
1707091200000,0.27571,0.27626,0.27134,0.2762,24512.5
1707105600000,0.2762,0.27682,0.27408,0.27628,7187.7
1707120000000,0.27628,0.27787,0.27439,0.27778,4576.6
1707134400000,0.27778,0.28113,0.27511,0.27537,6687.3
1707148800000,0.27537,0.27813,0.27469,0.27691,4170.8
1707163200000,0.27691,0.28021,0.27409,0.27722,9003.6
1707177600000,0.27722,0.27813,0.27615,0.27649,2135.2
1707192000000,0.27649,0.2773,0.2749,0.27709,7163.5
1707206400000,0.27709,0.27773,0.27361,0.27522,6163.0
1707220800000,0.27522,0.27697,0.27401,0.27697,38399.8
1707235200000,0.27697,0.27811,0.27612,0.27752,4273.3
1707249600000,0.27752,0.281,0.27737,0.2796,5710.7
1707264000000,0.2796,0.28407,0.2796,0.28173,15299.3
1707278400000,0.28173,0.28193,0.27832,0.28049,8704.5
1707292800000,0.28049,0.28131,0.27884,0.27947,4968.9
1707307200000,0.27947,0.2819,0.27945,0.28111,5376.5
1707321600000,0.28111,0.28418,0.28061,0.28253,6324.7
1707336000000,0.28253,0.28697,0.28243,0.28562,8825.5
1707350400000,0.28562,0.28868,0.28454,0.28791,6863.2
1707364800000,0.28791,0.28888,0.28539,0.28661,4695.2
1707379200000,0.28661,0.28896,0.28652,0.28741,4302.7
1707393600000,0.28741,0.29124,0.28594,0.28983,13567.1
1707408000000,0.28983,0.29137,0.2844,0.28856,31601.5
1707422400000,0.28856,0.29065,0.28711,0.28754,5411.2
1707436800000,0.28754,0.2917,0.28737,0.29095,7709.5
1707451200000,0.29095,0.29542,0.29036,0.29369,10445.2
1707465600000,0.29369,0.29619,0.29248,0.29557,8049.5
1707480000000,0.29557,0.29746,0.29143,0.29534,17218.5
1707494400000,0.29534,0.29741,0.29297,0.29469,9927.6
1707508800000,0.29469,0.29733,0.29407,0.29583,7976.5
1707523200000,0.29583,0.29957,0.2955,0.2988,6183.2
1707537600000,0.2988,0.29954,0.29652,0.29714,3921.6
1707552000000,0.29714,0.29824,0.29172,0.29386,8751.8
1707566400000,0.29386,0.29798,0.29336,0.29768,8164.4
1707580800000,0.29768,0.2978,0.29594,0.29716,4111.5
1707595200000,0.29716,0.29993,0.29647,0.29796,8344.2
1707609600000,0.29796,0.3,0.29658,0.29976,4375.2
1707624000000,0.29976,0.30467,0.29894,0.30379,20375.5
1707638400000,0.30379,0.30508,0.30158,0.30353,6553.7
1707652800000,0.30353,0.30466,0.30056,0.3007,8044.7
1707667200000,0.3007,0.30199,0.29785,0.29859,9691.4
1707681600000,0.29859,0.299,0.29511,0.29639,8004.6
1707696000000,0.29639,0.30074,0.29371,0.29668,10276.0
1707710400000,0.29668,0.3,0.29509,0.29966,8582.5
1707724800000,0.29966,0.30013,0.29409,0.29565,15370.7
1707739200000,0.29565,0.30517,0.29538,0.30511,10690.4
1707753600000,0.30511,0.31744,0.30431,0.3107,52793.5
1707768000000,0.3107,0.3144,0.31056,0.31292,19347.3
1707782400000,0.31292,0.31536,0.31131,0.31244,10229.6
1707796800000,0.31244,0.31586,0.31084,0.31282,22730.8
1707811200000,0.31282,0.31389,0.31003,0.31081,15789.1
1707825600000,0.31081,0.31155,0.3004,0.30396,44440.7
1707840000000,0.30396,0.30829,0.30311,0.30711,14900.4
1707854400000,0.30711,0.31036,0.3069,0.30989,14461.7
1707868800000,0.30989,0.31251,0.30835,0.31251,8513.0
1707883200000,0.31251,0.31945,0.31069,0.31923,11793.6
1707897600000,0.31923,0.322,0.31511,0.32161,40653.4
1707912000000,0.32161,0.32289,0.31618,0.32099,21770.7
1707926400000,0.32099,0.32518,0.31787,0.32434,21805.6
1707940800000,0.32434,0.33056,0.32237,0.32702,20245.4
1707955200000,0.32702,0.32995,0.32415,0.32823,24268.0
1707969600000,0.32823,0.32835,0.32252,0.32688,15217.9
1707984000000,0.32688,0.32874,0.32442,0.32785,12265.1
1707998400000,0.32785,0.33108,0.3243,0.32616,18472.6
1708012800000,0.32616,0.32893,0.32265,0.32863,17065.0
1708027200000,0.32863,0.32955,0.32342,0.32735,24527.6
1708041600000,0.32735,0.33228,0.32507,0.33185,10740.1
1708056000000,0.33185,0.33521,0.32712,0.32853,19937.8
1708070400000,0.32853,0.33443,0.3257,0.33326,21196.7
1708084800000,0.33326,0.33787,0.32124,0.32508,40615.6
1708099200000,0.32508,0.32878,0.32196,0.32481,19351.9
1708113600000,0.32481,0.33186,0.32418,0.33117,14484.5
1708128000000,0.33117,0.33305,0.32619,0.32873,9053.3
1708142400000,0.32873,0.33201,0.32734,0.33017,8949.0
1708156800000,0.33017,0.33043,0.32227,0.32401,10164.8
1708171200000,0.32401,0.32435,0.31226,0.31739,22648.1
1708185600000,0.31739,0.32147,0.31612,0.31921,8438.6
1708200000000,0.31921,0.32507,0.31921,0.32496,9276.1
1708214400000,0.32496,0.3263,0.32097,0.32381,9164.8
1708228800000,0.32381,0.33035,0.32361,0.3279,12781.6
1708243200000,0.3279,0.33334,0.32562,0.33329,15476.3
1708257600000,0.33329,0.33329,0.32911,0.33314,10444.4
1708272000000,0.33314,0.33321,0.32866,0.33028,26133.4
1708286400000,0.33028,0.33209,0.32712,0.33009,10883.8
1708300800000,0.33009,0.33386,0.32943,0.33284,8589.6
1708315200000,0.33284,0.33876,0.33218,0.33841,28707.0
1708329600000,0.33841,0.34209,0.33306,0.34075,21582.9
1708344000000,0.34075,0.34505,0.33554,0.34401,37502.5
1708358400000,0.34401,0.35548,0.34124,0.35193,56400.7
1708372800000,0.35193,0.36496,0.35062,0.36049,68155.4
1708387200000,0.36049,0.3612,0.34653,0.34773,37649.9
1708401600000,0.34773,0.35925,0.34508,0.35641,37560.2
1708416000000,0.35641,0.35641,0.34398,0.35348,31664.3
1708430400000,0.35348,0.35995,0.33144,0.33779,59370.4
1708444800000,0.33779,0.34201,0.33019,0.34054,35245.3
1708459200000,0.34054,0.34691,0.33949,0.34344,15794.6
1708473600000,0.34344,0.34474,0.33545,0.3382,34631.3
1708488000000,0.3382,0.33923,0.33038,0.33343,19563.8
1708502400000,0.33343,0.33544,0.32078,0.32325,32241.9
1708516800000,0.32325,0.32893,0.31629,0.32198,35785.2
1708531200000,0.32198,0.32373,0.31437,0.32067,19965.4
1708545600000,0.32067,0.32973,0.31871,0.32887,17713.9
1708560000000,0.32887,0.32906,0.31851,0.32341,14384.2
1708574400000,0.32341,0.32909,0.32124,0.32886,16063.9
1708588800000,0.32886,0.33498,0.32816,0.33462,34485.4
1708603200000,0.33462,0.33662,0.327,0.33492,23090.0
1708617600000,0.33492,0.33616,0.33145,0.33336,15039.8
1708632000000,0.33336,0.33745,0.32871,0.32905,16538.1
1708646400000,0.32905,0.33498,0.32717,0.32811,13521.9
1708660800000,0.32811,0.33449,0.32547,0.33014,12257.8
1708675200000,0.33014,0.33268,0.32585,0.33233,12779.9
1708689600000,0.33233,0.33814,0.32847,0.33207,25229.9
1708704000000,0.33207,0.33814,0.3243,0.33671,31283.7
1708718400000,0.33671,0.34085,0.33275,0.3379,24820.9
1708732800000,0.3379,0.34073,0.33223,0.33919,17821.2
1708747200000,0.33919,0.35069,0.33874,0.34926,35723.3
1708761600000,0.34926,0.36367,0.34923,0.35766,46244.7
1708776000000,0.35766,0.35782,0.34804,0.34825,32382.9
1708790400000,0.34825,0.35489,0.34825,0.35258,12313.6
1708804800000,0.35258,0.35393,0.34996,0.35029,11031.7
1708819200000,0.35029,0.35167,0.34604,0.34801,9536.9
1708833600000,0.34801,0.3486,0.34546,0.34776,7830.2
1708848000000,0.34776,0.35169,0.34431,0.35168,10917.2
1708862400000,0.35168,0.35582,0.35029,0.35037,18979.1
1708876800000,0.35037,0.35316,0.34842,0.35311,24050.3
1708891200000,0.35311,0.35895,0.35211,0.35771,20074.3
1708905600000,0.35771,0.36143,0.35326,0.35803,24711.2
1708920000000,0.35803,0.37548,0.35599,0.3682,58794.5
1708934400000,0.3682,0.3721,0.35684,0.36157,40319.7
1708948800000,0.36157,0.36799,0.35617,0.36718,26603.3
1708963200000,0.36718,0.36965,0.36038,0.36777,32153.8
1708977600000,0.36777,0.36955,0.36435,0.36569,19868.9
1708992000000,0.36569,0.37453,0.3625,0.3675,40516.1
1709006400000,0.3675,0.37444,0.36665,0.37256,31238.1
1709020800000,0.37256,0.40399,0.37173,0.40161,131268.1
1709035200000,0.40161,0.40466,0.3887,0.39837,93620.8
1709049600000,0.39837,0.42771,0.3918,0.41651,194668.7
1709064000000,0.41651,0.43084,0.41541,0.42231,110685.5
1709078400000,0.42231,0.42397,0.40797,0.40861,58242.5
1709092800000,0.40861,0.42831,0.40635,0.40979,57400.6
1709107200000,0.40979,0.41564,0.40024,0.40557,72686.5
1709121600000,0.40557,0.43367,0.40539,0.42262,108512.2
1709136000000,0.42262,0.42782,0.37903,0.41363,155260.7
1709150400000,0.41363,0.41489,0.40719,0.40879,45576.6
1709164800000,0.40879,0.42049,0.40511,0.41949,35506.8
1709179200000,0.41949,0.42982,0.41611,0.42981,44671.7
1709193600000,0.42981,0.46622,0.42722,0.45314,143395.8
1709208000000,0.45314,0.45579,0.43732,0.44048,77190.8
1709222400000,0.44048,0.44378,0.42728,0.44153,71282.4
1709236800000,0.44153,0.44344,0.41305,0.42559,49223.5
1709251200000,0.42559,0.44029,0.4242,0.43497,23331.8
1709265600000,0.43497,0.44252,0.42976,0.43163,27078.1
1709280000000,0.43163,0.44379,0.4297,0.43449,38320.5
1709294400000,0.43449,0.47509,0.43387,0.4603,161536.0
1709308800000,0.4603,0.46789,0.45004,0.46736,58637.7
1709323200000,0.46736,0.46752,0.46102,0.46373,32989.6
1709337600000,0.46373,0.4677,0.45383,0.46654,32679.7
1709352000000,0.46654,0.47212,0.45492,0.472,29376.3
1709366400000,0.472,0.48522,0.45975,0.48121,83708.8
1709380800000,0.48121,0.50249,0.47956,0.49156,121949.6
1709395200000,0.49156,0.49993,0.48407,0.49717,50271.5
1709409600000,0.49717,0.52951,0.4924,0.52464,104936.7
1709424000000,0.52464,0.53486,0.51503,0.51949,73018.3
1709438400000,0.51949,0.52965,0.44941,0.48945,109119.9
1709452800000,0.48945,0.52644,0.48506,0.52019,97465.6
1709467200000,0.52019,0.54939,0.51661,0.53748,104767.9
1709481600000,0.53748,0.55419,0.53342,0.53615,64841.4
1709496000000,0.53615,0.53777,0.51545,0.51663,57735.7
1709510400000,0.51663,0.51856,0.50289,0.51369,39023.1
1709524800000,0.51369,0.5326,0.51211,0.52407,41733.1
1709539200000,0.52407,0.57898,0.52349,0.54815,173719.6
1709553600000,0.54815,0.59987,0.54519,0.58298,176858.3
1709568000000,0.58298,0.59537,0.56169,0.57335,142395.6
1709582400000,0.57335,0.58571,0.56625,0.56939,46259.2
1709596800000,0.56939,0.56994,0.54734,0.55801,51200.9
1709611200000,0.55801,0.56512,0.54355,0.54921,68955.6
1709625600000,0.54921,0.57384,0.54555,0.56434,56065.1
1709640000000,0.56434,0.57254,0.54506,0.55833,94840.3
1709654400000,0.55833,0.56309,0.43993,0.4719,213841.0
1709668800000,0.4719,0.5086,0.46724,0.50487,133511.6
1709683200000,0.50487,0.50763,0.47803,0.48587,31657.1
1709697600000,0.48587,0.54076,0.48535,0.54039,52315.7
1709712000000,0.54039,0.54897,0.52821,0.53903,68198.7
1709726400000,0.53903,0.54179,0.50983,0.52808,106371.1
1709740800000,0.52808,0.54405,0.51961,0.53484,67437.7
1709755200000,0.53484,0.54467,0.52853,0.53873,42182.7
1709769600000,0.53873,0.54619,0.524,0.52554,32045.7
1709784000000,0.52554,0.53845,0.51426,0.53526,32483.0
1709798400000,0.53526,0.54548,0.53335,0.54163,35344.2
1709812800000,0.54163,0.56276,0.53104,0.5567,70083.8
1709827200000,0.5567,0.59621,0.5504,0.58776,95747.1
1709841600000,0.58776,0.59435,0.56558,0.56595,48814.2
1709856000000,0.56595,0.57512,0.55764,0.55931,23215.5
1709870400000,0.55931,0.56076,0.55166,0.55411,22945.9
1709884800000,0.55411,0.56349,0.5504,0.55537,37395.3
1709899200000,0.55537,0.55952,0.51554,0.54026,76295.2
1709913600000,0.54026,0.57959,0.52859,0.56415,111392.5
1709928000000,0.56415,0.61729,0.55951,0.58577,138552.8
1709942400000,0.58577,0.60532,0.58211,0.60318,40285.4
1709956800000,0.60318,0.61241,0.59673,0.59751,39932.8
1709971200000,0.59751,0.63131,0.59642,0.62499,95097.2
1709985600000,0.62499,0.62874,0.6077,0.61921,67649.0
1710000000000,0.61921,0.63975,0.60509,0.63052,80315.6
1710014400000,0.63052,0.6456,0.62628,0.62999,44953.2
1710028800000,0.62999,0.64457,0.6202,0.63891,39922.4
1710043200000,0.63891,0.6859,0.62793,0.66589,85802.0
1710057600000,0.66589,0.68146,0.6522,0.67016,83230.3
1710072000000,0.67016,0.67129,0.63292,0.63769,69202.5
1710086400000,0.63769,0.65795,0.63628,0.64191,43898.6
1710100800000,0.64191,0.65869,0.62321,0.64331,59977.8
1710115200000,0.64331,0.64417,0.59316,0.6264,47769.2
1710129600000,0.6264,0.6439,0.61845,0.63913,39968.3
1710144000000,0.63913,0.67503,0.63913,0.65489,57240.0
1710158400000,0.65489,0.67822,0.64832,0.66592,58560.8
1710172800000,0.66592,0.66823,0.65142,0.65759,41210.2
1710187200000,0.65759,0.6664,0.6566,0.66068,21680.4
1710201600000,0.66068,0.66832,0.64616,0.6478,25730.8
1710216000000,0.6478,0.66288,0.63726,0.64211,36945.1
1710230400000,0.64211,0.64972,0.62145,0.63999,34284.3
1710244800000,0.63999,0.66636,0.62992,0.6607,59100.7
1710259200000,0.6607,0.66432,0.60037,0.65502,100374.9
1710273600000,0.65502,0.65502,0.63908,0.6494,23744.5
1710288000000,0.6494,0.66627,0.6465,0.6643,17573.2
1710302400000,0.6643,0.66892,0.65469,0.66645,20881.5
1710316800000,0.66645,0.68178,0.65616,0.65792,43014.2
1710331200000,0.65792,0.66077,0.62769,0.63633,45791.4
1710345600000,0.63633,0.64453,0.63248,0.64077,24728.8
1710360000000,0.64077,0.64083,0.63339,0.63642,17970.0
1710374400000,0.63642,0.64113,0.62953,0.63369,24654.7
1710388800000,0.63369,0.64292,0.62213,0.63345,31626.3
1710403200000,0.63345,0.64679,0.62268,0.62936,37762.6
1710417600000,0.62936,0.63513,0.5927,0.5991,93712.2
1710432000000,0.5991,0.61124,0.57363,0.58949,68112.6
1710446400000,0.58949,0.61177,0.58949,0.60981,27673.5
1710460800000,0.60981,0.61779,0.54895,0.57095,61052.0
1710475200000,0.57095,0.58319,0.55843,0.58082,64268.6
1710489600000,0.58082,0.58217,0.52034,0.55684,94485.2
1710504000000,0.55684,0.5672,0.54885,0.55413,46422.4
1710518400000,0.55413,0.58307,0.54669,0.56355,46548.3
1710532800000,0.56355,0.56971,0.54761,0.56829,27891.9
1710547200000,0.56829,0.57281,0.56522,0.57196,19093.7
1710561600000,0.57196,0.58327,0.5559,0.58308,31622.6
1710576000000,0.58308,0.58349,0.55566,0.56281,45711.8
1710590400000,0.56281,0.56323,0.53655,0.54962,46239.2
1710604800000,0.54962,0.55005,0.50817,0.51938,59648.3
1710619200000,0.51938,0.52861,0.50197,0.51412,43037.9
1710633600000,0.51412,0.5315,0.50845,0.53027,27388.9
1710648000000,0.53027,0.53098,0.49489,0.51147,31086.1
1710662400000,0.51147,0.5352,0.50789,0.52771,28075.5
1710676800000,0.52771,0.54495,0.51771,0.54306,27447.2
1710691200000,0.54306,0.54622,0.53636,0.54608,24193.1
1710705600000,0.54608,0.54815,0.53645,0.5402,14342.4
1710720000000,0.5402,0.5402,0.5193,0.53672,19853.9
1710734400000,0.53672,0.5453,0.53087,0.53638,19157.1
1710748800000,0.53638,0.53667,0.51946,0.52632,25370.5
1710763200000,0.52632,0.52834,0.49249,0.50147,50487.0
1710777600000,0.50147,0.50813,0.48644,0.48957,32245.8
1710792000000,0.48957,0.50513,0.4894,0.50193,17616.0
1710806400000,0.50193,0.50769,0.46987,0.47983,49526.5
1710820800000,0.47983,0.48368,0.44181,0.46686,61021.8
1710835200000,0.46686,0.46697,0.43844,0.46059,51559.5
1710849600000,0.46059,0.47962,0.45465,0.47931,37879.2
1710864000000,0.47931,0.4903,0.47602,0.48532,43628.0
1710878400000,0.48532,0.48622,0.44596,0.45864,31795.8
1710892800000,0.45864,0.47512,0.45259,0.4562,28597.9
1710907200000,0.4562,0.4757,0.43741,0.47332,37901.1
1710921600000,0.47332,0.48365,0.46633,0.48113,50528.8
1710936000000,0.48113,0.48749,0.46165,0.46433,39255.1
1710950400000,0.46433,0.50767,0.44506,0.50652,77436.0
1710964800000,0.50652,0.51967,0.50427,0.51503,36872.1
1710979200000,0.51503,0.51922,0.50466,0.50783,16762.1
1710993600000,0.50783,0.51096,0.49242,0.50169,16681.7
1711008000000,0.50169,0.50953,0.50147,0.50403,21139.6
1711022400000,0.50403,0.50724,0.49657,0.50496,34035.1
1711036800000,0.50496,0.51928,0.49008,0.5035,39623.6
1711051200000,0.5035,0.51198,0.49686,0.5056,21220.4
1711065600000,0.5056,0.5255,0.50142,0.5254,36599.8
1711080000000,0.5254,0.52764,0.51886,0.52272,23863.2
1711094400000,0.52272,0.52746,0.49301,0.49533,31851.0
1711108800000,0.49533,0.50233,0.47419,0.48933,36279.9
1711123200000,0.48933,0.48933,0.47894,0.48432,20273.6
1711137600000,0.48432,0.48479,0.46832,0.48452,16917.5
1711152000000,0.48452,0.49448,0.47975,0.48577,14683.5
1711166400000,0.48577,0.50033,0.48484,0.49915,15988.2
1711180800000,0.49915,0.50514,0.49049,0.49589,18026.5
1711195200000,0.49589,0.50602,0.49466,0.50415,16641.2
1711209600000,0.50415,0.50574,0.49772,0.49822,21359.6
1711224000000,0.49822,0.49958,0.48427,0.48458,11746.7
1711238400000,0.48458,0.49253,0.4808,0.48097,12676.7
1711252800000,0.48097,0.48579,0.4783,0.48499,11394.7
1711267200000,0.48499,0.49263,0.48362,0.4898,10224.4
1711281600000,0.4898,0.49715,0.48859,0.49489,14980.8
1711296000000,0.49489,0.49838,0.48302,0.49696,17541.3
1711310400000,0.49696,0.50483,0.49521,0.50332,17325.2
1711324800000,0.50332,0.50998,0.49919,0.50554,22275.6
1711339200000,0.50554,0.50951,0.49577,0.49663,17061.9
1711353600000,0.49663,0.50953,0.49618,0.50192,20236.5
1711368000000,0.50192,0.52008,0.49865,0.51887,30393.4
1711382400000,0.51887,0.52413,0.51649,0.52238,27141.0
1711396800000,0.52238,0.52306,0.5141,0.51804,17914.7
1711411200000,0.51804,0.53526,0.51701,0.53333,23155.8
1711425600000,0.53333,0.53747,0.53011,0.53081,15619.4
1711440000000,0.53081,0.542,0.52867,0.53425,33733.2
1711454400000,0.53425,0.53961,0.51725,0.52268,46081.3
1711468800000,0.52268,0.52694,0.51056,0.51338,29280.7
1711483200000,0.51338,0.52372,0.51297,0.52247,25047.9
1711497600000,0.52247,0.5312,0.51712,0.52344,18750.1
1711512000000,0.52344,0.52599,0.50821,0.51102,21321.4
1711526400000,0.51102,0.51524,0.50063,0.51284,23180.4
1711540800000,0.51284,0.52014,0.48744,0.49215,49797.7
1711555200000,0.49215,0.49791,0.48534,0.48886,25469.0
1711569600000,0.48886,0.49693,0.48834,0.49405,12310.3
1711584000000,0.49405,0.5047,0.48758,0.49465,28447.2
1711598400000,0.49465,0.51255,0.49393,0.51114,13381.0
1711612800000,0.51114,0.51167,0.50039,0.50359,15732.3
1711627200000,0.50359,0.5056,0.49524,0.50274,22191.8
1711641600000,0.50274,0.50301,0.49737,0.50051,17964.3
1711656000000,0.50051,0.50263,0.49638,0.49951,13157.3
1711670400000,0.49951,0.49953,0.48885,0.49357,14695.5
1711684800000,0.49357,0.50027,0.48518,0.48746,19601.6
1711699200000,0.48746,0.49946,0.48741,0.49752,17789.9
1711713600000,0.49752,0.50407,0.4878,0.49194,24895.6
1711728000000,0.49194,0.49744,0.48967,0.49483,12737.1
1711742400000,0.49483,0.49616,0.48888,0.49478,9436.0
1711756800000,0.49478,0.50033,0.49328,0.49425,6869.8
1711771200000,0.49425,0.50033,0.49165,0.49173,8575.0
1711785600000,0.49173,0.5003,0.49067,0.50025,12997.1
1711800000000,0.50025,0.50324,0.49663,0.50082,11449.3
1711814400000,0.50082,0.50338,0.49529,0.49917,23247.9
1711828800000,0.49917,0.4992,0.48758,0.49166,18129.7
1711843200000,0.49166,0.49637,0.4889,0.4926,7303.2
1711857600000,0.4926,0.50518,0.49125,0.50144,12581.2
1711872000000,0.50144,0.50363,0.49832,0.50135,8314.9
1711886400000,0.50135,0.50338,0.49668,0.49854,11005.0
1711900800000,0.49854,0.50436,0.49831,0.50422,6354.7
1711915200000,0.50422,0.50573,0.50037,0.50444,15325.8
1711929600000,0.50444,0.50576,0.501,0.50111,8610.0
1711944000000,0.50111,0.50229,0.46476,0.48105,48000.6
1711958400000,0.48105,0.48105,0.46806,0.46956,21171.1
1711972800000,0.46956,0.47778,0.45612,0.4582,37688.2
1711987200000,0.4582,0.4676,0.45388,0.46746,24035.4
1712001600000,0.46746,0.47253,0.4652,0.47147,9034.1
1712016000000,0.47147,0.47153,0.44174,0.44838,41852.0
1712030400000,0.44838,0.45317,0.4424,0.44504,20981.6
1712044800000,0.44504,0.44643,0.42393,0.43212,40963.1
1712059200000,0.43212,0.44227,0.42501,0.43046,25479.4
1712073600000,0.43046,0.4397,0.42859,0.4373,22941.7
1712088000000,0.4373,0.43961,0.4318,0.4338,12237.5
1712102400000,0.4338,0.44153,0.41787,0.44056,46041.1
1712116800000,0.44056,0.44759,0.44001,0.44484,71043.0
1712131200000,0.44484,0.45218,0.44209,0.44487,47030.9
1712145600000,0.44487,0.44801,0.43605,0.44146,51033.5
1712160000000,0.44146,0.4451,0.42996,0.43368,45695.1
1712174400000,0.43368,0.4382,0.42376,0.43548,61256.7
1712188800000,0.43548,0.4416,0.42679,0.4285,62431.1
1712203200000,0.4285,0.4399,0.42391,0.4392,73084.0
1712217600000,0.4392,0.444,0.4384,0.4408,69247.2
1712232000000,0.4408,0.45051,0.44062,0.44523,51085.6
1712246400000,0.44523,0.45132,0.44273,0.44302,39429.5
1712260800000,0.44302,0.44373,0.43271,0.44046,20757.9
1712275200000,0.44046,0.44129,0.42693,0.43649,11171.9
1712289600000,0.43649,0.43649,0.42131,0.42494,18895.8
1712304000000,0.42494,0.43095,0.41417,0.4146,16605.5
1712318400000,0.4146,0.43441,0.41139,0.43417,22471.2
1712332800000,0.43417,0.43545,0.4286,0.43057,8419.6
1712347200000,0.43057,0.43437,0.42927,0.4298,4925.2
1712361600000,0.4298,0.43905,0.42823,0.4386,8159.9
1712376000000,0.4386,0.44178,0.43606,0.43824,6571.7
1712390400000,0.43824,0.4431,0.4361,0.43649,7828.3
1712404800000,0.43649,0.43926,0.43339,0.4361,6675.9
1712419200000,0.4361,0.44109,0.43585,0.43785,5934.9
1712433600000,0.43785,0.4469,0.43769,0.4429,6686.3
1712448000000,0.4429,0.44952,0.44178,0.44834,8588.4
1712462400000,0.44834,0.44913,0.4441,0.44647,7580.6
1712476800000,0.44647,0.44941,0.44495,0.44925,11329.0
1712491200000,0.44925,0.45141,0.44619,0.44619,13350.1
1712505600000,0.44619,0.45047,0.44134,0.44251,11580.2
1712520000000,0.44251,0.44805,0.441,0.44696,10015.7
1712534400000,0.44696,0.44811,0.43691,0.43962,10542.8
1712548800000,0.43962,0.45391,0.43786,0.45151,11086.6
1712563200000,0.45151,0.46613,0.45142,0.46613,24077.3
1712577600000,0.46613,0.47301,0.46463,0.47054,22121.2
1712592000000,0.47054,0.4764,0.46954,0.47579,24410.6
1712606400000,0.47579,0.47832,0.47408,0.47588,10761.1
1712620800000,0.47588,0.47872,0.4665,0.46764,12258.7
1712635200000,0.46764,0.47353,0.45905,0.46481,23110.1
1712649600000,0.46481,0.47786,0.45761,0.4772,29968.6
1712664000000,0.4772,0.47888,0.4514,0.46035,31413.8
1712678400000,0.46035,0.46095,0.44948,0.45771,25242.1
1712692800000,0.45771,0.46071,0.45052,0.45277,23609.2
1712707200000,0.45277,0.45881,0.44178,0.45015,17934.7
1712721600000,0.45015,0.45437,0.44715,0.44805,10883.7
1712736000000,0.44805,0.44805,0.43764,0.44121,19073.0
1712750400000,0.44121,0.44189,0.41981,0.4323,44065.6
1712764800000,0.4323,0.44246,0.4296,0.43978,19530.9
1712779200000,0.43978,0.44561,0.4362,0.44421,10145.1
1712793600000,0.44421,0.44938,0.44211,0.44805,8728.9
1712808000000,0.44805,0.4604,0.44507,0.45949,11247.2
1712822400000,0.45949,0.46474,0.44499,0.44594,17573.7
1712836800000,0.44594,0.4522,0.43936,0.44683,19508.8
1712851200000,0.44683,0.44765,0.43952,0.445,14379.0
1712865600000,0.445,0.4472,0.44223,0.4453,6687.4
1712880000000,0.4453,0.45161,0.44426,0.44972,13648.3
1712894400000,0.44972,0.45314,0.44268,0.44918,10710.2
1712908800000,0.44918,0.45371,0.44781,0.45011,16517.3
1712923200000,0.45011,0.45071,0.42419,0.42421,25976.5
1712937600000,0.42421,0.42476,0.32027,0.35353,201335.3
1712952000000,0.35353,0.36569,0.35199,0.36079,55922.7
1712966400000,0.36079,0.36103,0.34305,0.34991,39954.5
1712980800000,0.34991,0.35828,0.34748,0.34889,51298.4
1712995200000,0.34889,0.35837,0.34621,0.35399,37476.4
1713009600000,0.35399,0.3605,0.35094,0.35227,31197.0
1713024000000,0.35227,0.35324,0.29567,0.30583,104393.5
1713038400000,0.30583,0.31317,0.26244,0.30859,187346.1
1713052800000,0.30859,0.30873,0.29411,0.30197,60450.2
1713067200000,0.30197,0.32488,0.30007,0.32457,30822.2
1713081600000,0.32457,0.32813,0.31495,0.31704,27776.8
1713096000000,0.31704,0.32596,0.31149,0.31832,32308.0
1713110400000,0.31832,0.32665,0.30613,0.31992,46292.1
1713124800000,0.31992,0.34139,0.31457,0.33635,33108.8
1713139200000,0.33635,0.33718,0.32518,0.3287,18073.5
1713153600000,0.3287,0.35138,0.32448,0.3472,22910.2
1713168000000,0.3472,0.35191,0.3407,0.3443,22144.3
1713182400000,0.3443,0.34956,0.32622,0.33371,28385.8
1713196800000,0.33371,0.33558,0.30592,0.32046,40142.9
1713211200000,0.32046,0.32195,0.31024,0.31702,12318.4
1713225600000,0.31702,0.32155,0.3101,0.31261,16889.9
1713240000000,0.31261,0.32695,0.30313,0.32464,16999.1
1713254400000,0.32464,0.3254,0.3101,0.32381,16213.3
1713268800000,0.32381,0.32407,0.30574,0.30647,20539.2
1713283200000,0.30647,0.32152,0.30443,0.31387,18020.1
1713297600000,0.31387,0.32442,0.31327,0.32229,13052.1
1713312000000,0.32229,0.3225,0.31529,0.31959,10071.8
1713326400000,0.31959,0.32653,0.31725,0.3198,10877.8
1713340800000,0.3198,0.32144,0.30946,0.30957,15888.0
1713355200000,0.30957,0.31532,0.30208,0.30434,28013.8
1713369600000,0.30434,0.32457,0.30025,0.31982,25211.3
1713384000000,0.31982,0.32389,0.31507,0.31691,12304.0
1713398400000,0.31691,0.32553,0.31025,0.32195,17130.2
1713412800000,0.32195,0.32465,0.31221,0.31333,12163.6
1713427200000,0.31333,0.32581,0.31008,0.32188,11990.2
1713441600000,0.32188,0.32878,0.31389,0.32735,18336.9
1713456000000,0.32735,0.32885,0.31837,0.32639,11496.3
1713470400000,0.32639,0.3287,0.32474,0.32685,4667.1
1713484800000,0.32685,0.32685,0.29895,0.31579,30625.0
1713499200000,0.31579,0.33933,0.31496,0.33116,21202.7
1713513600000,0.33116,0.33864,0.33036,0.33549,14017.6
1713528000000,0.33549,0.3382,0.33048,0.33618,10475.9
1713542400000,0.33618,0.33853,0.33105,0.33745,9330.8
1713556800000,0.33745,0.33767,0.32583,0.33222,16530.3
1713571200000,0.33222,0.33665,0.32847,0.33396,9574.9
1713585600000,0.33396,0.33724,0.33339,0.33421,6122.3
1713600000000,0.33421,0.33454,0.32851,0.33062,10368.5
1713614400000,0.33062,0.34224,0.3305,0.34205,9678.6
1713628800000,0.34205,0.35405,0.34004,0.35351,22159.9
1713643200000,0.35351,0.35467,0.3508,0.35361,6778.3
1713657600000,0.35361,0.35528,0.34732,0.35081,8713.6
1713672000000,0.35081,0.35216,0.34585,0.34807,9129.0
1713686400000,0.34807,0.34975,0.34323,0.34611,8555.1
1713700800000,0.34611,0.34732,0.33866,0.34086,12664.3
1713715200000,0.34086,0.34162,0.33192,0.33658,14371.8
1713729600000,0.33658,0.34476,0.3356,0.34101,11331.9
1713744000000,0.34101,0.35122,0.33918,0.34911,12486.6
1713758400000,0.34911,0.35531,0.34871,0.34961,11200.0
1713772800000,0.34961,0.357,0.34803,0.35205,16427.5
1713787200000,0.35205,0.35327,0.34384,0.34846,13558.5
1713801600000,0.34846,0.35298,0.34552,0.34952,10018.6
1713816000000,0.34952,0.35316,0.34842,0.34932,7836.4
1713830400000,0.34932,0.35439,0.34401,0.34509,11116.3
1713844800000,0.34509,0.3479,0.34069,0.34173,14179.2
1713859200000,0.34173,0.3476,0.34092,0.34359,15466.7
1713873600000,0.34359,0.35179,0.3429,0.34896,9983.3
1713888000000,0.34896,0.35404,0.34663,0.35006,16165.4
1713902400000,0.35006,0.35202,0.34573,0.34766,11296.9
1713916800000,0.34766,0.35454,0.34605,0.35099,12020.0
1713931200000,0.35099,0.35681,0.35067,0.35393,13893.2
1713945600000,0.35393,0.35929,0.35068,0.35754,14627.9
1713960000000,0.35754,0.35957,0.33413,0.33543,32686.5
1713974400000,0.33543,0.34046,0.33068,0.33633,20353.2
1713988800000,0.33633,0.33762,0.3276,0.33146,14589.9
1714003200000,0.33146,0.33618,0.32777,0.3281,9731.1
1714017600000,0.3281,0.3329,0.32306,0.32887,14087.0
1714032000000,0.32887,0.33155,0.32243,0.32835,14631.9
1714046400000,0.32835,0.33725,0.32397,0.33724,12062.3
1714060800000,0.33724,0.3422,0.33619,0.3384,11319.8
1714075200000,0.3384,0.3428,0.33623,0.33786,4789.1
1714089600000,0.33786,0.34035,0.33066,0.33408,16182.4
1714104000000,0.33408,0.33706,0.33115,0.33241,6219.1
1714118400000,0.33241,0.33516,0.32785,0.32958,9411.1
1714132800000,0.32958,0.33616,0.32448,0.33017,17644.8
1714147200000,0.33017,0.33398,0.32872,0.33226,6597.8
1714161600000,0.33226,0.33503,0.3279,0.32956,5735.2
1714176000000,0.32956,0.33117,0.31383,0.32266,19234.1
1714190400000,0.32266,0.32953,0.32257,0.3237,16371.1
1714204800000,0.3237,0.32466,0.31723,0.31847,15447.8
1714219200000,0.31847,0.32268,0.31698,0.31738,11480.9
1714233600000,0.31738,0.3268,0.31559,0.32071,15883.6
1714248000000,0.32071,0.32117,0.31617,0.31708,7385.5
1714262400000,0.31708,0.32415,0.31647,0.3223,10231.1
1714276800000,0.3223,0.32608,0.32087,0.32327,14793.1
1714291200000,0.32327,0.3238,0.31518,0.31639,17834.8
1714305600000,0.31639,0.31992,0.31383,0.31443,31225.7
1714320000000,0.31443,0.31533,0.31077,0.3117,27697.2
1714334400000,0.3117,0.31201,0.30081,0.30245,41455.6
1714348800000,0.30245,0.3093,0.30143,0.30186,17257.3
1714363200000,0.30186,0.30573,0.29415,0.29756,30943.9
1714377600000,0.29756,0.29874,0.29463,0.29588,13330.9
1714392000000,0.29588,0.30034,0.29328,0.29952,17726.3
1714406400000,0.29952,0.29985,0.29622,0.2984,9753.1
1714420800000,0.2984,0.30354,0.29454,0.30154,17332.9
1714435200000,0.30154,0.30476,0.29555,0.30283,11403.3
1714449600000,0.30283,0.30345,0.29751,0.29793,7049.3
1714464000000,0.29793,0.29872,0.28,0.28076,36536.4
1714478400000,0.28076,0.28575,0.27447,0.28119,31022.0
1714492800000,0.28119,0.28125,0.27466,0.27584,16929.2
1714507200000,0.27584,0.28669,0.27584,0.28418,16768.7
1714521600000,0.28418,0.2889,0.2804,0.28856,12742.6
1714536000000,0.28856,0.28995,0.27496,0.2765,17525.0
1714550400000,0.2765,0.28271,0.26963,0.28268,26709.8
1714564800000,0.28268,0.28569,0.27857,0.28097,18005.2
1714579200000,0.28097,0.29718,0.27781,0.28572,34505.5
1714593600000,0.28572,0.29527,0.28498,0.29411,11974.5
1714608000000,0.29411,0.2952,0.28647,0.2913,8460.5
1714622400000,0.2913,0.29238,0.28838,0.29031,5598.1
1714636800000,0.29031,0.29877,0.28973,0.29828,10640.4
1714651200000,0.29828,0.29955,0.29209,0.29809,13896.3
1714665600000,0.29809,0.30413,0.29675,0.30268,18431.8
1714680000000,0.30268,0.30594,0.30006,0.30217,9415.2
1714694400000,0.30217,0.30669,0.30113,0.3042,7102.7
1714708800000,0.3042,0.30494,0.29629,0.29775,16776.7
1714723200000,0.29775,0.30074,0.29462,0.29612,7672.8
1714737600000,0.29612,0.30847,0.29538,0.30782,18286.8
1714752000000,0.30782,0.3106,0.30692,0.30859,8993.3
1714766400000,0.30859,0.31201,0.30802,0.30906,13689.9
1714780800000,0.30906,0.31115,0.30558,0.30712,7386.9
1714795200000,0.30712,0.309,0.30639,0.30646,7626.9
1714809600000,0.30646,0.31082,0.30558,0.30793,7557.5
1714824000000,0.30793,0.31225,0.30727,0.3093,9775.8
1714838400000,0.3093,0.30995,0.30634,0.30925,7063.9
1714852800000,0.30925,0.31054,0.30656,0.3072,7080.9
1714867200000,0.3072,0.30809,0.3004,0.3021,11158.4
1714881600000,0.3021,0.30302,0.29923,0.3024,7599.4
1714896000000,0.3024,0.30503,0.30135,0.30193,7092.3
1714910400000,0.30193,0.31112,0.29857,0.31112,15844.4
1714924800000,0.31112,0.31141,0.30746,0.30872,15138.7
1714939200000,0.30872,0.30913,0.30494,0.30819,9277.3
1714953600000,0.30819,0.31068,0.30497,0.30646,8057.7
1714968000000,0.30646,0.31261,0.30512,0.31169,9384.3
1714982400000,0.31169,0.318,0.30806,0.31144,21016.7
1714996800000,0.31144,0.31204,0.29956,0.30507,28420.0
1715011200000,0.30507,0.30584,0.30137,0.30349,13676.5
1715025600000,0.30349,0.30493,0.29948,0.29998,11361.4
1715040000000,0.29998,0.30302,0.29477,0.29754,9557.6
1715054400000,0.29754,0.30089,0.29644,0.29964,7602.5
1715068800000,0.29964,0.30569,0.29939,0.30014,23346.0
1715083200000,0.30014,0.30677,0.30011,0.30387,12819.1
1715097600000,0.30387,0.30453,0.29808,0.29841,8418.0
1715112000000,0.29841,0.29974,0.28956,0.28959,10464.2
1715126400000,0.28959,0.29034,0.28479,0.28747,17017.0
1715140800000,0.28747,0.28863,0.28198,0.28268,12383.8
1715155200000,0.28268,0.28537,0.28171,0.28275,17170.8
1715169600000,0.28275,0.2886,0.27942,0.28766,26380.7
1715184000000,0.28766,0.29074,0.28502,0.28733,12076.7
1715198400000,0.28733,0.28915,0.28006,0.28213,16083.8
1715212800000,0.28213,0.28401,0.2812,0.28138,6135.7
1715227200000,0.28138,0.28535,0.2799,0.28054,6659.7
1715241600000,0.28054,0.28148,0.27495,0.27957,21548.2
1715256000000,0.27957,0.28904,0.27901,0.28866,16577.7
1715270400000,0.28866,0.29214,0.28521,0.29205,12257.4
1715284800000,0.29205,0.29869,0.29106,0.29598,10915.3
1715299200000,0.29598,0.29866,0.29417,0.29535,9862.9
1715313600000,0.29535,0.30074,0.29506,0.30023,8193.4
1715328000000,0.30023,0.30047,0.29746,0.29954,8742.5
1715342400000,0.29954,0.30023,0.28535,0.28675,23165.5
1715356800000,0.28675,0.28803,0.28114,0.2829,14276.1
1715371200000,0.2829,0.28423,0.28006,0.28343,9108.1
1715385600000,0.28343,0.28811,0.28257,0.28443,4598.4
1715400000000,0.28443,0.28575,0.28321,0.28526,3091.3
1715414400000,0.28526,0.28556,0.28078,0.28286,5336.2
1715428800000,0.28286,0.28921,0.28251,0.28697,9195.4
1715443200000,0.28697,0.28753,0.28341,0.28416,6383.8
1715457600000,0.28416,0.28482,0.28229,0.28297,4062.2
1715472000000,0.28297,0.28387,0.28151,0.2819,2104.9
1715486400000,0.2819,0.28538,0.2811,0.28171,3639.5
1715500800000,0.28171,0.2863,0.28027,0.2849,4367.7
1715515200000,0.2849,0.28657,0.28358,0.28565,7076.9
1715529600000,0.28565,0.28745,0.28242,0.28253,8934.3
1715544000000,0.28253,0.28268,0.27917,0.28037,7156.7
1715558400000,0.28037,0.28218,0.26787,0.26957,26387.4
1715572800000,0.26957,0.27884,0.26772,0.27884,8260.5
1715587200000,0.27884,0.2848,0.27884,0.2837,20143.3
1715601600000,0.2837,0.28655,0.28005,0.2852,18060.0
1715616000000,0.2852,0.28737,0.27906,0.28082,11668.6
1715630400000,0.28082,0.28182,0.27827,0.27947,4280.6
1715644800000,0.27947,0.28067,0.2752,0.27633,11616.5
1715659200000,0.27633,0.27921,0.26972,0.27507,12214.0
1715673600000,0.27507,0.28382,0.27306,0.2835,34814.3
1715688000000,0.2835,0.28476,0.27464,0.28244,48350.6
1715702400000,0.28244,0.28686,0.27761,0.28465,26507.7
1715716800000,0.28465,0.28624,0.27824,0.28357,20492.4
1715731200000,0.28357,0.29543,0.28114,0.28958,47702.4
1715745600000,0.28958,0.29179,0.28295,0.28683,21201.6
1715760000000,0.28683,0.2883,0.27937,0.28303,30537.7
1715774400000,0.28303,0.29739,0.28099,0.29437,29889.4
1715788800000,0.29437,0.3,0.29251,0.29986,16514.0
1715803200000,0.29986,0.30064,0.29801,0.29934,17147.2
1715817600000,0.29934,0.30106,0.29596,0.29933,9384.2
1715832000000,0.29933,0.30274,0.29741,0.30186,12191.0
1715846400000,0.30186,0.30269,0.29867,0.30011,21735.4
1715860800000,0.30011,0.30014,0.288,0.2944,24813.7
1715875200000,0.2944,0.29641,0.29118,0.29485,7136.8
1715889600000,0.29485,0.29948,0.29404,0.29931,5543.7
1715904000000,0.29931,0.30384,0.29741,0.30177,9277.1
1715918400000,0.30177,0.31735,0.30141,0.31585,21524.7
1715932800000,0.31585,0.31798,0.30797,0.31028,29049.0
1715947200000,0.31028,0.32426,0.31028,0.32245,39267.8
1715961600000,0.32245,0.32669,0.31769,0.32014,28212.0
1715976000000,0.32014,0.32068,0.31845,0.31895,5937.6
1715990400000,0.31895,0.32306,0.31859,0.32255,11692.7
1716004800000,0.32255,0.32305,0.31989,0.32165,11119.3
1716019200000,0.32165,0.32436,0.31988,0.32039,8470.7
1716033600000,0.32039,0.32111,0.31452,0.31769,14273.3
1716048000000,0.31769,0.32187,0.31735,0.3214,6870.8
1716062400000,0.3214,0.32279,0.31954,0.32273,7520.4
1716076800000,0.32273,0.33005,0.32166,0.3264,11398.1
1716091200000,0.3264,0.32862,0.32274,0.32494,5916.4
1716105600000,0.32494,0.32509,0.3177,0.32,6325.3
1716120000000,0.32,0.3203,0.31173,0.31321,14675.8
1716134400000,0.31321,0.31334,0.30782,0.30789,9513.1
1716148800000,0.30789,0.31074,0.306,0.30791,4514.7
1716163200000,0.30791,0.31274,0.303,0.31155,8835.3
1716177600000,0.31155,0.32246,0.31109,0.31642,11082.3
1716192000000,0.31642,0.31862,0.31411,0.31617,8098.1
1716206400000,0.31617,0.31746,0.31116,0.31712,8779.9
1716220800000,0.31712,0.3338,0.31712,0.33082,26298.0
1716235200000,0.33082,0.33454,0.32742,0.33367,29236.2
1716249600000,0.33367,0.33986,0.32965,0.33595,26946.3
1716264000000,0.33595,0.33884,0.33262,0.33468,11933.1
1716278400000,0.33468,0.34192,0.33384,0.33971,13880.4
1716292800000,0.33971,0.34214,0.3335,0.33503,21533.3
1716307200000,0.33503,0.36407,0.33325,0.34988,152749.3
1716321600000,0.34988,0.35828,0.34841,0.3566,21918.1
1716336000000,0.3566,0.363,0.3558,0.35734,23642.0
1716350400000,0.35734,0.37041,0.35064,0.36229,41971.4
1716364800000,0.36229,0.37527,0.36097,0.3632,45960.8
1716379200000,0.3632,0.36776,0.35322,0.36771,36873.9
1716393600000,0.36771,0.37167,0.35905,0.36231,25827.0
1716408000000,0.36231,0.36518,0.35622,0.35785,13684.9
1716422400000,0.35785,0.36117,0.35171,0.36005,10108.6
1716436800000,0.36005,0.36727,0.3572,0.36361,21946.3
1716451200000,0.36361,0.36361,0.35467,0.35907,13342.8
1716465600000,0.35907,0.35999,0.33471,0.34168,43888.0
1716480000000,0.34168,0.34409,0.33209,0.33712,17201.8
1716494400000,0.33712,0.35553,0.32376,0.34874,51449.6
1716508800000,0.34874,0.36229,0.34775,0.36146,11209.6
1716523200000,0.36146,0.36467,0.3442,0.34808,22751.6
1716537600000,0.34808,0.34879,0.34103,0.34578,14679.5
1716552000000,0.34578,0.35851,0.3453,0.35232,13987.4
1716566400000,0.35232,0.35641,0.34633,0.35152,8737.4
1716580800000,0.35152,0.35296,0.34738,0.35004,3959.0
1716595200000,0.35004,0.35222,0.3489,0.35173,4342.2
1716609600000,0.35173,0.35396,0.34892,0.35102,8110.0
1716624000000,0.35102,0.35203,0.34816,0.34878,7236.6
1716638400000,0.34878,0.35278,0.34532,0.35182,9758.8
1716652800000,0.35182,0.35641,0.34856,0.35282,8369.4
1716667200000,0.35282,0.35389,0.34896,0.3519,5653.6
1716681600000,0.3519,0.35499,0.34812,0.35257,4155.4
1716696000000,0.35257,0.35444,0.34741,0.35347,4838.9
1716710400000,0.35347,0.35453,0.34602,0.34678,12297.6
1716724800000,0.34678,0.3494,0.34161,0.34524,10339.4
1716739200000,0.34524,0.34777,0.34215,0.3444,6215.7
1716753600000,0.3444,0.34488,0.33889,0.34089,7380.0
1716768000000,0.34089,0.34939,0.34084,0.34841,3939.3
1716782400000,0.34841,0.3493,0.33874,0.34026,7510.7
1716796800000,0.34026,0.34539,0.33987,0.34479,7241.2
1716811200000,0.34479,0.35892,0.3437,0.35691,30558.1
1716825600000,0.35691,0.38732,0.3568,0.37631,103631.3
1716840000000,0.37631,0.38824,0.37443,0.38447,35631.2
1716854400000,0.38447,0.3976,0.37502,0.37623,49128.5
1716868800000,0.37623,0.38175,0.36805,0.38057,30041.3
1716883200000,0.38057,0.38057,0.37204,0.37231,25900.8
1716897600000,0.37231,0.37274,0.3646,0.36928,24687.8
1716912000000,0.36928,0.37141,0.35942,0.36575,19204.5
1716926400000,0.36575,0.36856,0.36388,0.36487,12075.0
1716940800000,0.36487,0.3667,0.36154,0.36428,7516.2
1716955200000,0.36428,0.372,0.36373,0.36452,16436.9
1716969600000,0.36452,0.36857,0.36006,0.36377,12929.2
1716984000000,0.36377,0.36639,0.36027,0.36107,10284.7
1716998400000,0.36107,0.36511,0.35566,0.35791,13049.4
1717012800000,0.35791,0.36143,0.35671,0.3572,7137.1
1717027200000,0.3572,0.36851,0.3572,0.36804,4361.7
1717041600000,0.36804,0.37101,0.35183,0.35409,22079.2
1717056000000,0.35409,0.36317,0.35116,0.35959,13342.7
1717070400000,0.35959,0.36511,0.35872,0.36208,10220.9
1717084800000,0.36208,0.36805,0.35875,0.36051,9276.0
1717099200000,0.36051,0.36051,0.35377,0.35417,4875.6
1717113600000,0.35417,0.35623,0.35004,0.3545,9386.0
1717128000000,0.3545,0.35515,0.34384,0.34739,9344.0
1717142400000,0.34739,0.35127,0.34491,0.3503,7320.7
1717156800000,0.3503,0.35452,0.34415,0.34783,10394.4
1717171200000,0.34783,0.34936,0.30854,0.32191,196274.3
1717185600000,0.32191,0.32223,0.31385,0.31755,65702.6
1717200000000,0.31755,0.31755,0.30952,0.31029,60898.3
1717214400000,0.31029,0.31649,0.30966,0.31479,37542.8
1717228800000,0.31479,0.31652,0.31305,0.31436,26575.5
1717243200000,0.31436,0.31818,0.31319,0.31746,29980.8
1717257600000,0.31746,0.31954,0.31351,0.31422,29628.0
1717272000000,0.31422,0.31818,0.31169,0.31242,28396.9
1717286400000,0.31242,0.31597,0.31135,0.31429,16687.8
1717300800000,0.31429,0.3143,0.30543,0.30628,23125.8
1717315200000,0.30628,0.31044,0.30536,0.30977,25351.1
1717329600000,0.30977,0.31064,0.30717,0.3079,17419.9
1717344000000,0.3079,0.30844,0.29242,0.29806,91464.8
1717358400000,0.29806,0.29996,0.29613,0.29874,20898.6
1717372800000,0.29874,0.30917,0.29612,0.30917,27661.2
1717387200000,0.30917,0.31257,0.30587,0.30826,38756.2
1717401600000,0.30826,0.3113,0.30556,0.30725,34770.3
1717416000000,0.30725,0.3125,0.30353,0.30807,30188.7
1717430400000,0.30807,0.30814,0.3022,0.30376,22252.6
1717444800000,0.30376,0.30415,0.29696,0.29835,18478.8
1717459200000,0.29835,0.30384,0.2975,0.30148,24512.3
1717473600000,0.30148,0.30374,0.29832,0.30011,14947.4
1717488000000,0.30011,0.30163,0.29706,0.29923,31129.4
1717502400000,0.29923,0.30053,0.29747,0.29824,42313.8
1717516800000,0.29824,0.2989,0.29467,0.29621,40073.3
1717531200000,0.29621,0.29621,0.29248,0.29466,17460.7
1717545600000,0.29466,0.30116,0.29466,0.29841,35062.6
1717560000000,0.29841,0.30274,0.29576,0.29968,26136.3
1717574400000,0.29968,0.30487,0.29875,0.30357,47243.9
1717588800000,0.30357,0.30628,0.30002,0.30514,58941.5
1717603200000,0.30514,0.30557,0.30212,0.30304,16604.1
1717617600000,0.30304,0.30462,0.30179,0.30295,14623.8
1717632000000,0.30295,0.30548,0.30156,0.30212,12350.2
1717646400000,0.30212,0.30227,0.29736,0.30002,21312.1
1717660800000,0.30002,0.30157,0.29666,0.3005,37462.8
1717675200000,0.3005,0.3027,0.29782,0.30047,26978.7
1717689600000,0.30047,0.30066,0.29568,0.29568,20380.8
1717704000000,0.29568,0.29954,0.29338,0.29903,12593.8
1717718400000,0.29903,0.3006,0.29568,0.29639,8289.6
1717732800000,0.29639,0.2997,0.29596,0.29724,10257.8
1717747200000,0.29724,0.30052,0.29704,0.29991,18925.3
1717761600000,0.29991,0.30058,0.29354,0.29761,23367.5
1717776000000,0.29761,0.29782,0.23361,0.25984,194329.4
1717790400000,0.25984,0.26673,0.25848,0.26617,27823.3
1717804800000,0.26617,0.27034,0.26459,0.26951,14369.0
1717819200000,0.26951,0.27003,0.26388,0.26535,15538.4
1717833600000,0.26535,0.26551,0.254,0.25552,28432.3
1717848000000,0.25552,0.25805,0.25039,0.25533,38737.1
1717862400000,0.25533,0.25588,0.25064,0.25145,26343.3
1717876800000,0.25145,0.25393,0.24963,0.25208,12023.3
1717891200000,0.25208,0.25723,0.2503,0.25263,8596.5
1717905600000,0.25263,0.25565,0.25123,0.25355,9027.9
1717920000000,0.25355,0.25723,0.25355,0.25532,9937.3
1717934400000,0.25532,0.25846,0.25409,0.25609,9938.1
1717948800000,0.25609,0.26024,0.25524,0.25885,11205.5
1717963200000,0.25885,0.25915,0.25663,0.25804,33149.5
1717977600000,0.25804,0.25804,0.25361,0.25443,7146.8
1717992000000,0.25443,0.25617,0.24622,0.24652,45892.6
1718006400000,0.24652,0.25445,0.24632,0.25238,13032.2
1718020800000,0.25238,0.25739,0.24831,0.25626,17734.6
1718035200000,0.25626,0.25694,0.25288,0.25335,10962.1
1718049600000,0.25335,0.25398,0.24968,0.25006,11508.5
1718064000000,0.25006,0.25277,0.24117,0.24644,29519.1
1718078400000,0.24644,0.24737,0.24026,0.24268,15644.7
1718092800000,0.24268,0.24529,0.24092,0.24114,12347.2
1718107200000,0.24114,0.24225,0.22974,0.2327,35966.6
1718121600000,0.2327,0.2367,0.22917,0.23567,39903.0
1718136000000,0.23567,0.23637,0.23341,0.23463,11143.8
1718150400000,0.23463,0.2372,0.23,0.23673,21408.9
1718164800000,0.23673,0.23804,0.23419,0.23632,12809.8
1718179200000,0.23632,0.23794,0.23419,0.23438,20452.8
1718193600000,0.23438,0.24619,0.23417,0.23921,64616.6
1718208000000,0.23921,0.24322,0.23273,0.23494,42025.8
1718222400000,0.23494,0.24058,0.23312,0.24004,13155.5
1718236800000,0.24004,0.24004,0.22572,0.23045,24510.4
1718251200000,0.23045,0.23222,0.22783,0.2301,9609.2
1718265600000,0.2301,0.23175,0.22848,0.22981,8682.9
1718280000000,0.22981,0.2337,0.22425,0.22481,30955.2
1718294400000,0.22481,0.22826,0.2236,0.22573,15085.1
1718308800000,0.22573,0.22666,0.22367,0.22564,7653.7
1718323200000,0.22564,0.22808,0.224,0.22552,9370.9
1718337600000,0.22552,0.23011,0.22501,0.22786,17820.9
1718352000000,0.22786,0.22909,0.22677,0.22796,12032.9
1718366400000,0.22796,0.22884,0.2198,0.22106,24871.5
1718380800000,0.22106,0.22115,0.20547,0.20925,78323.2
1718395200000,0.20925,0.21729,0.20925,0.21333,15776.6
1718409600000,0.21333,0.21592,0.21212,0.21592,11072.1
1718424000000,0.21592,0.2197,0.21532,0.21807,12877.1
1718438400000,0.21807,0.2205,0.218,0.21953,9307.7
1718452800000,0.21953,0.22017,0.21737,0.21814,21436.0
1718467200000,0.21814,0.22,0.21503,0.21594,19089.4
1718481600000,0.21594,0.21655,0.21363,0.21475,6420.8
1718496000000,0.21475,0.215,0.21167,0.21333,7399.0
1718510400000,0.21333,0.21649,0.21201,0.21479,6222.4
1718524800000,0.21479,0.217,0.21348,0.21547,5556.6
1718539200000,0.21547,0.22152,0.21514,0.22073,15004.9
1718553600000,0.22073,0.22095,0.21713,0.21818,7081.6
1718568000000,0.21818,0.22155,0.2177,0.21976,9302.8
1718582400000,0.21976,0.22088,0.21188,0.21266,14521.6
1718596800000,0.21266,0.2148,0.20848,0.21038,16290.6
1718611200000,0.21038,0.21207,0.20199,0.20693,43703.1
1718625600000,0.20693,0.20866,0.20354,0.20495,25106.5
1718640000000,0.20495,0.21165,0.19618,0.20909,33211.8
1718654400000,0.20909,0.20913,0.20345,0.20413,20032.6
1718668800000,0.20413,0.20529,0.17378,0.18743,104270.8
1718683200000,0.18743,0.18956,0.18641,0.18904,28232.0
1718697600000,0.18904,0.19062,0.18513,0.18745,26759.9
1718712000000,0.18745,0.18817,0.18101,0.1859,54282.2
1718726400000,0.1859,0.18602,0.18123,0.18463,39156.2
1718740800000,0.18463,0.18949,0.18366,0.18797,19257.8
1718755200000,0.18797,0.19456,0.18608,0.19273,18341.1
1718769600000,0.19273,0.1964,0.19248,0.19524,14400.1
1718784000000,0.19524,0.19557,0.18867,0.18995,14829.4
1718798400000,0.18995,0.19295,0.18826,0.18965,11996.4
1718812800000,0.18965,0.19381,0.18843,0.19146,10293.3
1718827200000,0.19146,0.19268,0.18897,0.19058,29475.6
1718841600000,0.19058,0.19576,0.18951,0.1925,11955.0
1718856000000,0.1925,0.19929,0.19054,0.19865,15818.7
1718870400000,0.19865,0.20123,0.19609,0.19848,15450.2
1718884800000,0.19848,0.19909,0.19141,0.19181,17100.5
1718899200000,0.19181,0.19342,0.18965,0.19328,7011.1
1718913600000,0.19328,0.19367,0.19178,0.19182,4286.9
1718928000000,0.19182,0.19672,0.18956,0.19366,10228.1
1718942400000,0.19366,0.19626,0.19154,0.19259,21691.3
1718956800000,0.19259,0.19813,0.18967,0.19507,58812.4
1718971200000,0.19507,0.20048,0.19271,0.19709,54505.3
1718985600000,0.19709,0.19777,0.19083,0.19338,49520.2
1719000000000,0.19338,0.19567,0.19276,0.19316,21870.9
1719014400000,0.19316,0.19389,0.19004,0.19271,18660.1
1719028800000,0.19271,0.19467,0.19154,0.19229,17530.9
1719043200000,0.19229,0.19268,0.1909,0.19216,14253.6
1719057600000,0.19216,0.19386,0.19193,0.19307,11137.9
1719072000000,0.19307,0.19497,0.19213,0.19401,9964.0
1719086400000,0.19401,0.19432,0.19052,0.19146,11226.1
1719100800000,0.19146,0.19626,0.191,0.19524,11576.0
1719115200000,0.19524,0.19576,0.19356,0.19415,4177.3
1719129600000,0.19415,0.1945,0.19078,0.19129,8398.3
1719144000000,0.19129,0.19221,0.18831,0.18865,22240.6
1719158400000,0.18865,0.18865,0.18432,0.1862,20627.6
1719172800000,0.1862,0.18977,0.18302,0.18882,34198.2
1719187200000,0.18882,0.19337,0.18726,0.18894,31597.4
1719201600000,0.18894,0.18927,0.18355,0.1852,29606.2
1719216000000,0.1852,0.18938,0.17884,0.18763,41062.2
1719230400000,0.18763,0.19657,0.18716,0.19348,59165.4
1719244800000,0.19348,0.20107,0.19194,0.19525,77568.5
1719259200000,0.19525,0.201,0.19355,0.20084,24417.0
1719273600000,0.20084,0.20563,0.19903,0.20447,27909.4
1719288000000,0.20447,0.20562,0.20154,0.20184,15495.1
1719302400000,0.20184,0.20501,0.20126,0.20254,16339.4
1719316800000,0.20254,0.20678,0.20164,0.20565,28613.8
1719331200000,0.20565,0.20761,0.20395,0.20603,19665.9
1719345600000,0.20603,0.20699,0.20333,0.20408,8778.7
1719360000000,0.20408,0.20749,0.20302,0.20493,7765.5
1719374400000,0.20493,0.20654,0.20331,0.20578,8253.4
1719388800000,0.20578,0.20602,0.20246,0.20362,13524.8
1719403200000,0.20362,0.20584,0.20132,0.20254,16615.4
1719417600000,0.20254,0.20274,0.19858,0.20185,21772.5
1719432000000,0.20185,0.2031,0.19932,0.19967,9057.9
1719446400000,0.19967,0.19988,0.19688,0.19736,22081.3
1719460800000,0.19736,0.19759,0.19442,0.19557,26664.7
1719475200000,0.19557,0.2004,0.19537,0.19887,22242.0
1719489600000,0.19887,0.20416,0.19879,0.202,36659.9
1719504000000,0.202,0.20229,0.2001,0.20031,32218.5
1719518400000,0.20031,0.2005,0.19581,0.19614,16317.8
1719532800000,0.19614,0.19849,0.19461,0.19475,22149.4
1719547200000,0.19475,0.19527,0.19287,0.19391,22608.3
1719561600000,0.19391,0.19462,0.19291,0.19339,24401.6
1719576000000,0.19339,0.1947,0.19104,0.19304,46071.4
1719590400000,0.19304,0.19402,0.19103,0.19314,13371.4
1719604800000,0.19314,0.19356,0.19026,0.19097,9937.1
1719619200000,0.19097,0.19475,0.19056,0.19295,6157.9
1719633600000,0.19295,0.1934,0.19175,0.19247,5591.8
1719648000000,0.19247,0.19602,0.19201,0.19343,12176.6
1719662400000,0.19343,0.19366,0.1906,0.19137,10568.2
1719676800000,0.19137,0.19139,0.18733,0.18852,9827.8
1719691200000,0.18852,0.18906,0.18612,0.18715,6761.4
1719705600000,0.18715,0.18878,0.18604,0.18756,5820.0
1719720000000,0.18756,0.19078,0.1861,0.18997,8093.1
1719734400000,0.18997,0.19111,0.18832,0.18903,6728.2
1719748800000,0.18903,0.19113,0.18797,0.1906,12373.3
1719763200000,0.1906,0.19193,0.18892,0.19137,10517.2
1719777600000,0.19137,0.19469,0.19006,0.19455,7078.3
1719792000000,0.19455,0.19847,0.19391,0.19708,7966.0
1719806400000,0.19708,0.19719,0.19411,0.19561,4494.0
1719820800000,0.19561,0.19667,0.19412,0.19473,10882.8
1719835200000,0.19473,0.19597,0.19331,0.1948,9675.8
1719849600000,0.1948,0.19843,0.19421,0.19776,8263.5
1719864000000,0.19776,0.19789,0.19384,0.1945,5466.9
1719878400000,0.1945,0.1952,0.19287,0.19445,4893.8
1719892800000,0.19445,0.19606,0.19372,0.19416,3889.4
1719907200000,0.19416,0.19757,0.19352,0.19599,10633.3
1719921600000,0.19599,0.2,0.19436,0.19459,18309.9
1719936000000,0.19459,0.19459,0.19141,0.19313,6683.8
1719950400000,0.19313,0.19365,0.19145,0.19181,4908.0
1719964800000,0.19181,0.19319,0.18778,0.18992,10969.6
1719979200000,0.18992,0.19158,0.18787,0.19098,10780.8
1719993600000,0.19098,0.1924,0.18647,0.18775,14100.5
1720008000000,0.18775,0.18851,0.18539,0.18642,11840.5
1720022400000,0.18642,0.18702,0.18257,0.18343,13607.7
1720036800000,0.18343,0.1859,0.1829,0.18573,9869.5
1720051200000,0.18573,0.18617,0.1745,0.17737,52868.4
1720065600000,0.17737,0.17778,0.17363,0.17447,12855.5
1720080000000,0.17447,0.17502,0.17142,0.17244,18820.0
1720094400000,0.17244,0.17325,0.16605,0.17004,38587.9
1720108800000,0.17004,0.17009,0.1663,0.16644,16457.9
1720123200000,0.16644,0.16868,0.15818,0.15927,24245.6
1720137600000,0.15927,0.15949,0.13519,0.13979,111592.3
1720152000000,0.13979,0.14506,0.13657,0.14496,31503.4
1720166400000,0.14496,0.14939,0.14053,0.14894,48565.7
1720180800000,0.14894,0.16397,0.14803,0.16061,99523.8
1720195200000,0.16061,0.16363,0.15797,0.16245,24535.9
1720209600000,0.16245,0.16565,0.16112,0.16423,18780.9
1720224000000,0.16423,0.16809,0.16027,0.16073,44686.3
1720238400000,0.16073,0.16415,0.15948,0.16314,23810.4
1720252800000,0.16314,0.16401,0.16012,0.16334,17756.0
1720267200000,0.16334,0.16739,0.16237,0.1667,13852.5
1720281600000,0.1667,0.17278,0.16623,0.17116,15474.3
1720296000000,0.17116,0.17259,0.17066,0.17135,6624.0
1720310400000,0.17135,0.17135,0.16776,0.16997,9913.5
1720324800000,0.16997,0.17006,0.16532,0.16689,12635.1
1720339200000,0.16689,0.16929,0.16632,0.16803,6824.8
1720353600000,0.16803,0.16959,0.16123,0.16244,13753.8
1720368000000,0.16244,0.16547,0.1618,0.16324,6846.4
1720382400000,0.16324,0.16366,0.15845,0.15924,9788.1
1720396800000,0.15924,0.16034,0.15117,0.15755,20779.6
1720411200000,0.15755,0.16056,0.15701,0.1592,9298.2
1720425600000,0.1592,0.16886,0.15904,0.16825,19684.9
1720440000000,0.16825,0.16857,0.15928,0.16206,20916.9
1720454400000,0.16206,0.16341,0.15995,0.16275,16269.8
1720468800000,0.16275,0.16398,0.16138,0.16312,9921.2
1720483200000,0.16312,0.16538,0.16132,0.16456,13613.9
1720497600000,0.16456,0.16736,0.16413,0.16584,12262.3
1720512000000,0.16584,0.16845,0.16544,0.16688,10534.8
1720526400000,0.16688,0.16974,0.16502,0.16739,14017.1
1720540800000,0.16739,0.16818,0.16505,0.16584,8512.9
1720555200000,0.16584,0.16726,0.16512,0.16619,15976.9
1720569600000,0.16619,0.16628,0.164,0.16535,9769.2
1720584000000,0.16535,0.17055,0.16535,0.16774,17614.7
1720598400000,0.16774,0.16853,0.16631,0.1669,11667.2
1720612800000,0.1669,0.16942,0.16551,0.16866,15359.5
1720627200000,0.16866,0.16988,0.16623,0.16703,7638.9
1720641600000,0.16703,0.16747,0.16505,0.16584,7296.3
1720656000000,0.16584,0.16787,0.16258,0.16419,11617.9
1720670400000,0.16419,0.16582,0.16351,0.16478,10211.9
1720684800000,0.16478,0.1681,0.16433,0.16753,12081.9
1720699200000,0.16753,0.17244,0.16552,0.16579,28217.1
1720713600000,0.16579,0.16671,0.16379,0.16386,16603.2
1720728000000,0.16386,0.16439,0.16158,0.16261,10156.3
1720742400000,0.16261,0.16435,0.15971,0.16087,13817.6
1720756800000,0.16087,0.16173,0.15985,0.16098,11739.3
1720771200000,0.16098,0.16168,0.15834,0.15955,12653.0
1720785600000,0.15955,0.16423,0.15913,0.16407,19726.5
1720800000000,0.16407,0.16557,0.16311,0.16404,7662.1
1720814400000,0.16404,0.16498,0.163,0.16465,6442.3
1720828800000,0.16465,0.16525,0.1635,0.16358,5855.5
1720843200000,0.16358,0.16663,0.1626,0.16627,9463.0
1720857600000,0.16627,0.16845,0.16621,0.16706,7247.1
1720872000000,0.16706,0.16808,0.16609,0.1677,7526.5
1720886400000,0.1677,0.16876,0.16709,0.16763,12543.3
1720900800000,0.16763,0.16999,0.16586,0.16786,13854.5
1720915200000,0.16786,0.17075,0.16768,0.16965,9804.7
1720929600000,0.16965,0.17188,0.16923,0.17136,10070.5
1720944000000,0.17136,0.17428,0.17102,0.17125,18992.9
1720958400000,0.17125,0.17147,0.16862,0.17129,35259.7
1720972800000,0.17129,0.17251,0.17102,0.17228,7178.6
1720987200000,0.17228,0.17865,0.17212,0.17686,39780.8
1721001600000,0.17686,0.18114,0.17637,0.18078,10397.2
1721016000000,0.18078,0.18113,0.17907,0.18026,14499.2
1721030400000,0.18026,0.18133,0.17791,0.17835,6630.5
1721044800000,0.17835,0.18179,0.17826,0.17864,14184.2
1721059200000,0.17864,0.18189,0.17836,0.18142,18919.5
1721073600000,0.18142,0.18712,0.18125,0.18655,19790.9
1721088000000,0.18655,0.19209,0.18591,0.19195,15965.6
1721102400000,0.19195,0.19226,0.18173,0.18208,25407.0
1721116800000,0.18208,0.18583,0.17946,0.18457,13936.7
1721131200000,0.18457,0.18997,0.18291,0.18935,11922.2
1721145600000,0.18935,0.19165,0.18809,0.19095,16061.5
1721160000000,0.19095,0.19239,0.1891,0.19024,8194.2
1721174400000,0.19024,0.19519,0.19022,0.19284,15775.8
1721188800000,0.19284,0.19729,0.19283,0.19569,13051.0
1721203200000,0.19569,0.19703,0.19295,0.19403,10832.5
1721217600000,0.19403,0.20361,0.19228,0.19767,49732.0
1721232000000,0.19767,0.20252,0.19328,0.20134,22557.4
1721246400000,0.20134,0.20155,0.1979,0.19828,9408.5
1721260800000,0.19828,0.203,0.19828,0.20099,9978.5
1721275200000,0.20099,0.20227,0.19884,0.19944,11165.1
1721289600000,0.19944,0.19969,0.19471,0.19688,12632.1
1721304000000,0.19688,0.19819,0.18931,0.18948,17625.4
1721318400000,0.18948,0.19132,0.18803,0.18963,16763.1
1721332800000,0.18963,0.19318,0.18888,0.19318,6742.5
1721347200000,0.19318,0.19544,0.18867,0.19507,14282.8
1721361600000,0.19507,0.197,0.19258,0.19338,10681.6
1721376000000,0.19338,0.19375,0.19118,0.19219,12556.8
1721390400000,0.19219,0.19834,0.19155,0.1977,17265.9
1721404800000,0.1977,0.20525,0.19762,0.20189,35828.9
1721419200000,0.20189,0.20456,0.20167,0.20337,9912.0
1721433600000,0.20337,0.20371,0.2004,0.20251,14479.1
1721448000000,0.20251,0.20454,0.2024,0.20378,9122.6
1721462400000,0.20378,0.20504,0.20168,0.20392,12215.0
1721476800000,0.20392,0.20553,0.20167,0.20463,15891.6
1721491200000,0.20463,0.2057,0.20361,0.20375,18655.9
1721505600000,0.20375,0.20452,0.20169,0.202,12315.4
1721520000000,0.202,0.20415,0.20128,0.20209,8416.5
1721534400000,0.20209,0.20266,0.19797,0.19897,11222.4
1721548800000,0.19897,0.2008,0.19856,0.1994,12532.2
1721563200000,0.1994,0.2012,0.19639,0.19894,16782.5
1721577600000,0.19894,0.20113,0.19057,0.19825,18726.1
1721592000000,0.19825,0.20497,0.19724,0.20487,16288.6
1721606400000,0.20487,0.20529,0.20226,0.20345,9764.4
1721620800000,0.20345,0.20355,0.19735,0.19826,14087.9
1721635200000,0.19826,0.20061,0.19668,0.20055,9234.1
1721649600000,0.20055,0.20295,0.19757,0.19862,18028.9
1721664000000,0.19862,0.20207,0.19799,0.20207,12660.1
1721678400000,0.20207,0.2021,0.19331,0.19394,29526.2
1721692800000,0.19394,0.19895,0.19373,0.19544,13729.6
1721707200000,0.19544,0.19549,0.18879,0.18935,22781.8
1721721600000,0.18935,0.19461,0.18885,0.19015,22798.2
1721736000000,0.19015,0.19089,0.18662,0.18767,26901.6
1721750400000,0.18767,0.18767,0.18091,0.18364,28631.4
1721764800000,0.18364,0.18449,0.18116,0.18246,12908.2
1721779200000,0.18246,0.18423,0.18087,0.18414,9451.4
1721793600000,0.18414,0.18753,0.18248,0.18715,19982.9
1721808000000,0.18715,0.18999,0.18651,0.18973,17513.6
1721822400000,0.18973,0.19285,0.18781,0.18786,16781.3
1721836800000,0.18786,0.18905,0.18488,0.18556,13396.3
1721851200000,0.18556,0.18732,0.18081,0.18185,18673.1
1721865600000,0.18185,0.18237,0.1722,0.17406,32700.8
1721880000000,0.17406,0.178,0.17314,0.17645,11050.4
1721894400000,0.17645,0.17795,0.17553,0.17655,10925.4
1721908800000,0.17655,0.17977,0.17312,0.17859,15142.1
1721923200000,0.17859,0.18065,0.17289,0.17446,15963.3
1721937600000,0.17446,0.18159,0.17137,0.18083,25593.7
1721952000000,0.18083,0.1846,0.17975,0.18392,6979.9
1721966400000,0.18392,0.18871,0.18351,0.18636,13533.1
1721980800000,0.18636,0.18761,0.18604,0.18748,6454.3
1721995200000,0.18748,0.18913,0.18522,0.18622,16142.2
1722009600000,0.18622,0.18991,0.18588,0.18875,10407.3
1722024000000,0.18875,0.19023,0.18725,0.18927,5341.2
1722038400000,0.18927,0.19074,0.18831,0.18943,5473.9
1722052800000,0.18943,0.19132,0.18939,0.19005,5235.2
1722067200000,0.19005,0.19074,0.18888,0.19005,8904.5
1722081600000,0.19005,0.19216,0.18621,0.18738,17047.3
1722096000000,0.18738,0.18945,0.18623,0.18797,12107.4
1722110400000,0.18797,0.19053,0.18333,0.18821,25276.7
1722124800000,0.18821,0.1891,0.18647,0.18694,5548.7
1722139200000,0.18694,0.18707,0.18313,0.18501,7480.7
1722153600000,0.18501,0.18676,0.18397,0.18579,4995.4
1722168000000,0.18579,0.18634,0.18268,0.18461,10395.7
1722182400000,0.18461,0.18693,0.18441,0.1855,10010.6
1722196800000,0.1855,0.18617,0.18343,0.18462,7136.6
1722211200000,0.18462,0.19245,0.18435,0.18992,16814.1
1722225600000,0.18992,0.19388,0.18921,0.19307,15548.4
1722240000000,0.19307,0.19376,0.19104,0.19137,9987.8
1722254400000,0.19137,0.19481,0.18694,0.18886,24710.4
1722268800000,0.18886,0.18902,0.1852,0.18742,19951.3
1722283200000,0.18742,0.18791,0.18416,0.18457,8902.3
1722297600000,0.18457,0.18688,0.18245,0.18544,9107.0
1722312000000,0.18544,0.18903,0.18452,0.18838,12348.6
1722326400000,0.18838,0.18932,0.18514,0.18637,19311.4
1722340800000,0.18637,0.18872,0.18524,0.18797,23555.4
1722355200000,0.18797,0.18894,0.18061,0.18111,16768.2
1722369600000,0.18111,0.18211,0.17836,0.18106,14597.5
1722384000000,0.18106,0.1835,0.17951,0.18165,10660.6
1722398400000,0.18165,0.18391,0.17841,0.18217,11510.8
1722412800000,0.18217,0.1823,0.17889,0.17953,6500.7
1722427200000,0.17953,0.18267,0.17828,0.17846,13217.8
1722441600000,0.17846,0.17994,0.17462,0.1758,25819.5
1722456000000,0.1758,0.17585,0.17306,0.17425,12092.3
1722470400000,0.17425,0.17559,0.17246,0.17259,8908.3
1722484800000,0.17259,0.17334,0.16752,0.17126,37574.6
1722499200000,0.17126,0.17443,0.17117,0.17426,26210.6
1722513600000,0.17426,0.17628,0.16672,0.1669,28609.3
1722528000000,0.1669,0.167,0.16164,0.16635,27928.4
1722542400000,0.16635,0.17398,0.16475,0.17322,18290.0
1722556800000,0.17322,0.17471,0.16954,0.17177,11276.8
1722571200000,0.17177,0.17226,0.1669,0.16948,10986.2
1722585600000,0.16948,0.17128,0.16807,0.16995,11987.8
1722600000000,0.16995,0.17437,0.16148,0.16659,26458.1
1722614400000,0.16659,0.16759,0.16206,0.16322,14654.1
1722628800000,0.16322,0.1642,0.15909,0.16125,16513.4
1722643200000,0.16125,0.16299,0.15642,0.16295,12898.0
1722657600000,0.16295,0.16504,0.16172,0.16459,5290.1
1722672000000,0.16459,0.16459,0.16241,0.16368,7877.0
1722686400000,0.16368,0.16496,0.15724,0.15753,13610.1
1722700800000,0.15753,0.15898,0.1518,0.15181,52002.9
1722715200000,0.15181,0.1535,0.15127,0.15233,19393.5
1722729600000,0.15233,0.15613,0.15211,0.15478,12002.1
1722744000000,0.15478,0.15553,0.15306,0.15327,12639.4
1722758400000,0.15327,0.15475,0.15171,0.15207,11236.6
1722772800000,0.15207,0.1538,0.14533,0.14541,26677.6
1722787200000,0.14541,0.14824,0.1391,0.14704,53739.7
1722801600000,0.14704,0.14891,0.14453,0.14517,17843.5
1722816000000,0.14517,0.14676,0.12493,0.12954,85131.3
1722830400000,0.12954,0.1324,0.1177,0.13096,92898.3
1722844800000,0.13096,0.13137,0.12082,0.12572,51541.3
1722859200000,0.12572,0.14151,0.1218,0.14122,53603.8
1722873600000,0.14122,0.14497,0.13764,0.13982,40969.0
1722888000000,0.13982,0.14221,0.13567,0.13626,67029.2
1722902400000,0.13626,0.14199,0.13616,0.13985,45316.0
1722916800000,0.13985,0.14288,0.13902,0.14285,26672.5
1722931200000,0.14285,0.14285,0.13665,0.13755,29162.3
1722945600000,0.13755,0.14097,0.13315,0.13784,90454.3
1722960000000,0.13784,0.14087,0.1367,0.13805,87205.5
1722974400000,0.13805,0.13897,0.13448,0.13534,66546.6
1722988800000,0.13534,0.13846,0.13407,0.13725,39357.2
1723003200000,0.13725,0.13896,0.13552,0.137,40220.9
1723017600000,0.137,0.13787,0.13437,0.13442,44634.1
1723032000000,0.13442,0.13569,0.12709,0.12975,75788.6
1723046400000,0.12975,0.12981,0.12507,0.12631,48878.6
1723060800000,0.12631,0.12753,0.12286,0.12567,77145.5
1723075200000,0.12567,0.13389,0.12397,0.13126,30560.4
1723089600000,0.13126,0.13373,0.13126,0.13253,15142.9
1723104000000,0.13253,0.13379,0.13149,0.1321,10140.9
1723118400000,0.1321,0.13624,0.13194,0.13534,30136.9
1723132800000,0.13534,0.13695,0.13513,0.13635,17924.6
1723147200000,0.13635,0.14274,0.1362,0.14207,26403.7
1723161600000,0.14207,0.14247,0.13839,0.13887,24813.4
1723176000000,0.13887,0.13946,0.13647,0.13892,16835.5
1723190400000,0.13892,0.14036,0.13811,0.13968,25167.6
1723204800000,0.13968,0.14063,0.13664,0.1369,26461.0
1723219200000,0.1369,0.13887,0.13631,0.13836,10940.4
1723233600000,0.13836,0.14016,0.13754,0.13966,12361.1
1723248000000,0.13966,0.14165,0.13773,0.13883,14314.0
1723262400000,0.13883,0.14003,0.1377,0.13974,8087.2
1723276800000,0.13974,0.14212,0.13897,0.14202,23067.9
1723291200000,0.14202,0.14207,0.14003,0.14123,11400.6
1723305600000,0.14123,0.14227,0.14081,0.14144,15325.0
1723320000000,0.14144,0.14207,0.14072,0.14111,5428.8
1723334400000,0.14111,0.14187,0.13993,0.14056,11448.1
1723348800000,0.14056,0.14174,0.14013,0.14145,10131.2
1723363200000,0.14145,0.14268,0.13976,0.14043,19823.8
1723377600000,0.14043,0.14065,0.13619,0.13716,27186.3
1723392000000,0.13716,0.13868,0.13404,0.13424,12770.8
1723406400000,0.13424,0.13424,0.13064,0.13214,51105.7
1723420800000,0.13214,0.13426,0.13177,0.13314,10560.7
1723435200000,0.13314,0.13477,0.13075,0.1344,11871.9
1723449600000,0.1344,0.13945,0.13317,0.13919,22680.3
1723464000000,0.13919,0.14067,0.13403,0.13864,30809.6
1723478400000,0.13864,0.1404,0.13635,0.13694,14216.3
1723492800000,0.13694,0.13943,0.13548,0.13853,9202.8
1723507200000,0.13853,0.13948,0.13635,0.13666,12898.9
1723521600000,0.13666,0.13919,0.13602,0.13799,4885.1
1723536000000,0.13799,0.13814,0.13608,0.13643,8073.7
1723550400000,0.13643,0.13925,0.13603,0.1385,12960.4
1723564800000,0.1385,0.14294,0.13846,0.14118,41155.4
1723579200000,0.14118,0.14327,0.14062,0.14137,10224.7
1723593600000,0.14137,0.14227,0.14022,0.14165,5802.8
1723608000000,0.14165,0.14216,0.1401,0.14165,6108.8
1723622400000,0.14165,0.14361,0.14103,0.14259,14689.1
1723636800000,0.14259,0.1442,0.13595,0.13795,31664.6
1723651200000,0.13795,0.13836,0.13605,0.13656,7613.1
1723665600000,0.13656,0.13691,0.13481,0.13615,5506.0
1723680000000,0.13615,0.13736,0.13546,0.13574,5832.7
1723694400000,0.13574,0.13585,0.13428,0.13565,10469.5
1723708800000,0.13565,0.13667,0.13473,0.1365,10339.7
1723723200000,0.1365,0.13802,0.13569,0.13662,23902.5
1723737600000,0.13662,0.13725,0.12883,0.13115,48244.7
1723752000000,0.13115,0.13166,0.12911,0.13085,11652.2
1723766400000,0.13085,0.13238,0.1294,0.13084,6006.3
1723780800000,0.13084,0.13406,0.13063,0.13345,6753.0
1723795200000,0.13345,0.13395,0.13154,0.13165,4636.1
1723809600000,0.13165,0.13275,0.12797,0.12975,28007.7
1723824000000,0.12975,0.13324,0.1289,0.13305,9490.1
1723838400000,0.13305,0.13438,0.13217,0.13234,6961.1
1723852800000,0.13234,0.13236,0.1299,0.13024,5770.9
1723867200000,0.13024,0.13056,0.1293,0.13014,10983.3
1723881600000,0.13014,0.1306,0.1294,0.12996,9641.1
1723896000000,0.12996,0.13155,0.12954,0.13044,9933.7
1723910400000,0.13044,0.13296,0.13035,0.13234,7139.4
1723924800000,0.13234,0.134,0.13218,0.13395,3993.0
1723939200000,0.13395,0.13423,0.13204,0.13235,10648.6
1723953600000,0.13235,0.13446,0.13219,0.13395,4457.4
1723968000000,0.13395,0.1405,0.13394,0.13988,30189.5
1723982400000,0.13988,0.14333,0.13967,0.14195,69296.2
1723996800000,0.14195,0.14214,0.13924,0.14045,8854.5
1724011200000,0.14045,0.14152,0.13804,0.13825,30024.7
1724025600000,0.13825,0.13826,0.13546,0.13765,10206.3
1724040000000,0.13765,0.13946,0.13634,0.13792,9453.8
1724054400000,0.13792,0.14015,0.13599,0.13835,15673.8
1724068800000,0.13835,0.13985,0.13676,0.1383,10987.1
1724083200000,0.1383,0.14102,0.13684,0.1392,10603.7
1724097600000,0.1392,0.13985,0.13764,0.13885,15148.8
1724112000000,0.13885,0.14176,0.13844,0.1417,7227.1
1724126400000,0.1417,0.1452,0.14166,0.1434,48441.5
1724140800000,0.1434,0.1451,0.14259,0.1445,18810.7
1724155200000,0.1445,0.14503,0.13899,0.14,17361.0
1724169600000,0.14,0.14185,0.13936,0.14156,11143.2
1724184000000,0.14156,0.14285,0.14034,0.14146,10208.3
1724198400000,0.14146,0.14214,0.13995,0.14065,15260.7
1724212800000,0.14065,0.14195,0.14015,0.1418,11445.9
1724227200000,0.1418,0.142,0.14008,0.14034,10560.6
1724241600000,0.14034,0.14085,0.13699,0.13916,49139.4
1724256000000,0.13916,0.14592,0.13833,0.14592,57665.8
1724270400000,0.14592,0.14766,0.14524,0.14606,26686.6
1724284800000,0.14606,0.14704,0.14444,0.14614,6695.1
1724299200000,0.14614,0.1486,0.14519,0.14816,19550.8
1724313600000,0.14816,0.15206,0.14746,0.14994,22045.1
1724328000000,0.14994,0.1504,0.14815,0.14954,9774.0
1724342400000,0.14954,0.15005,0.14775,0.14855,16739.6
1724356800000,0.14855,0.14995,0.14835,0.14888,7523.1
1724371200000,0.14888,0.1511,0.14885,0.15045,7290.8
1724385600000,0.15045,0.15356,0.14954,0.15354,13600.3
1724400000000,0.15354,0.154,0.15192,0.15197,11762.5
1724414400000,0.15197,0.15933,0.15197,0.15838,36168.1
1724428800000,0.15838,0.16218,0.15808,0.16126,26686.2
1724443200000,0.16126,0.16247,0.16019,0.16093,22814.4
1724457600000,0.16093,0.16186,0.15834,0.15854,8713.2
1724472000000,0.15854,0.16025,0.15844,0.16006,7798.7
1724486400000,0.16006,0.16585,0.15953,0.16556,16515.0
1724500800000,0.16556,0.16625,0.16354,0.16487,16851.4
1724515200000,0.16487,0.16856,0.1646,0.16735,18937.6
1724529600000,0.16735,0.16736,0.16155,0.16485,17920.5
1724544000000,0.16485,0.16503,0.15938,0.16191,14615.2
1724558400000,0.16191,0.16346,0.15725,0.15835,14734.2
1724572800000,0.15835,0.16174,0.15709,0.1611,10656.8
1724587200000,0.1611,0.16339,0.16035,0.16115,14890.8
1724601600000,0.16115,0.16243,0.16009,0.16055,7741.0
1724616000000,0.16055,0.16366,0.16043,0.16104,7810.1
1724630400000,0.16104,0.16326,0.15883,0.16165,9728.5
1724644800000,0.16165,0.16202,0.15834,0.15895,9500.1
1724659200000,0.15895,0.16167,0.15803,0.16045,17008.8
1724673600000,0.16045,0.16045,0.15522,0.15598,22223.9
1724688000000,0.15598,0.15726,0.15225,0.15415,13142.4
1724702400000,0.15415,0.15526,0.15245,0.15295,9161.1
1724716800000,0.15295,0.15552,0.15284,0.15435,8987.4
1724731200000,0.15435,0.1569,0.15372,0.1545,10533.4
1724745600000,0.1545,0.15496,0.14884,0.15011,10187.8
1724760000000,0.15011,0.15262,0.1489,0.15086,8349.9
1724774400000,0.15086,0.15309,0.14965,0.15185,9243.9
1724788800000,0.15185,0.15185,0.13918,0.14286,64783.9
1724803200000,0.14286,0.14395,0.14069,0.14386,15499.9
1724817600000,0.14386,0.14402,0.1401,0.14014,8616.5
1724832000000,0.14014,0.14875,0.1395,0.14589,44226.8
1724846400000,0.14589,0.14636,0.14086,0.14225,21585.5
1724860800000,0.14225,0.144,0.13729,0.14135,20914.3
1724875200000,0.14135,0.14421,0.13994,0.14115,8349.0
1724889600000,0.14115,0.14237,0.1402,0.14074,7178.7
1724904000000,0.14074,0.144,0.14025,0.14344,10588.6
1724918400000,0.14344,0.14511,0.14196,0.14375,10111.0
1724932800000,0.14375,0.14885,0.14346,0.1481,11694.7
1724947200000,0.1481,0.1489,0.14098,0.14266,20279.3
1724961600000,0.14266,0.1442,0.14183,0.1441,9256.0
1724976000000,0.1441,0.14556,0.14306,0.14375,5912.8
1724990400000,0.14375,0.14555,0.14245,0.14376,5766.9
1725004800000,0.14376,0.14575,0.14353,0.14369,8169.6
1725019200000,0.14369,0.14559,0.13575,0.13634,71773.0
1725033600000,0.13634,0.14316,0.13546,0.14055,16771.7
1725048000000,0.14055,0.1442,0.14055,0.144,3819.8
1725062400000,0.144,0.14504,0.14335,0.14425,25267.0
1725076800000,0.14425,0.14488,0.14332,0.14334,4731.0
1725091200000,0.14334,0.1434,0.14098,0.14194,6628.6
1725105600000,0.14194,0.14194,0.13927,0.14074,28100.4
1725120000000,0.14074,0.14095,0.1378,0.13825,13529.3
1725134400000,0.13825,0.13955,0.13785,0.13854,5671.2
1725148800000,0.13854,0.13956,0.13666,0.13816,7264.9
1725163200000,0.13816,0.1389,0.13664,0.13846,9366.6
1725177600000,0.13846,0.13866,0.13629,0.13765,4926.5
1725192000000,0.13765,0.13784,0.13385,0.13695,32280.3
1725206400000,0.13695,0.13786,0.13405,0.13707,7982.6
1725220800000,0.13707,0.13786,0.13084,0.13205,21437.3
1725235200000,0.13205,0.13461,0.13165,0.13393,5198.0
1725249600000,0.13393,0.13466,0.13232,0.13253,4831.5
1725264000000,0.13253,0.13857,0.1325,0.13725,16082.0
1725278400000,0.13725,0.13796,0.13486,0.13597,16304.6
1725292800000,0.13597,0.13705,0.13525,0.1358,3731.2
1725307200000,0.1358,0.13856,0.13553,0.13804,6715.0
1725321600000,0.13804,0.1417,0.13766,0.14075,28089.3
1725336000000,0.14075,0.14257,0.14044,0.14245,9812.2
1725350400000,0.14245,0.14256,0.13938,0.14141,17188.4
1725364800000,0.14141,0.142,0.13564,0.13605,20329.1
1725379200000,0.13605,0.14195,0.13535,0.13947,66779.6
1725393600000,0.13947,0.14076,0.13339,0.13375,42545.2
1725408000000,0.13375,0.13615,0.12773,0.1346,32951.0
1725422400000,0.1346,0.13654,0.1326,0.13605,15972.7
1725436800000,0.13605,0.13645,0.13174,0.13215,16597.8
1725451200000,0.13215,0.13717,0.13128,0.13705,18550.8
1725465600000,0.13705,0.14032,0.1366,0.13781,21257.8
1725480000000,0.13781,0.14066,0.13737,0.13914,6046.2
1725494400000,0.13914,0.13996,0.1358,0.13625,20003.5
1725508800000,0.13625,0.13795,0.13519,0.13775,9246.3
1725523200000,0.13775,0.13802,0.13589,0.13665,5878.0
1725537600000,0.13665,0.13951,0.13444,0.13525,12919.5
1725552000000,0.13525,0.13626,0.13255,0.13345,8700.6
1725566400000,0.13345,0.13477,0.13274,0.13416,6143.0
1725580800000,0.13416,0.13646,0.13345,0.13556,4192.1
1725595200000,0.13556,0.13583,0.13201,0.13345,7488.6
1725609600000,0.13345,0.13605,0.13269,0.13565,20533.1
1725624000000,0.13565,0.13915,0.13178,0.13456,30034.3
1725638400000,0.13456,0.13515,0.13055,0.13195,23748.1
1725652800000,0.13195,0.13225,0.12725,0.13183,28281.1
1725667200000,0.13183,0.13216,0.12995,0.13153,14105.7
1725681600000,0.13153,0.13335,0.13021,0.13285,11129.3
1725696000000,0.13285,0.13376,0.13187,0.13195,7579.1
1725710400000,0.13195,0.13406,0.13195,0.13345,9560.3
1725724800000,0.13345,0.13425,0.13084,0.13395,11017.9
1725739200000,0.13395,0.13396,0.13156,0.13295,9662.4
1725753600000,0.13295,0.13535,0.13224,0.13517,8594.0
1725768000000,0.13517,0.13726,0.13499,0.13705,8388.9
1725782400000,0.13705,0.13814,0.13624,0.13646,7275.4
1725796800000,0.13646,0.1373,0.13284,0.133,7877.4
1725811200000,0.133,0.13516,0.13224,0.13454,4689.8
1725825600000,0.13454,0.13951,0.1344,0.13786,9112.4
1725840000000,0.13786,0.13926,0.13694,0.13871,7603.7
1725854400000,0.13871,0.14335,0.13871,0.1429,46804.4
1725868800000,0.1429,0.1462,0.14234,0.14274,63362.1
1725883200000,0.14274,0.14445,0.14154,0.14414,15235.9
1725897600000,0.14414,0.14816,0.14414,0.14805,23976.5
1725912000000,0.14805,0.14956,0.14653,0.14805,12686.5
1725926400000,0.14805,0.14865,0.14618,0.14645,5047.0
1725940800000,0.14645,0.14926,0.14614,0.14922,9474.3
1725955200000,0.14922,0.14975,0.14705,0.14774,9885.6
1725969600000,0.14774,0.14795,0.14474,0.14486,24000.9
1725984000000,0.14486,0.14946,0.14486,0.14874,9808.9
1725998400000,0.14874,0.14874,0.14685,0.14754,8662.5
1726012800000,0.14754,0.14765,0.14329,0.14374,7739.1
1726027200000,0.14374,0.14374,0.14046,0.14149,14418.5
1726041600000,0.14149,0.14157,0.1389,0.14016,36532.1
1726056000000,0.14016,0.14265,0.1368,0.14065,50433.6
1726070400000,0.14065,0.14385,0.14034,0.14215,14008.6
1726084800000,0.14215,0.14295,0.14195,0.14224,2825.2
1726099200000,0.14224,0.14496,0.14205,0.14435,8161.1
1726113600000,0.14435,0.14575,0.14429,0.14525,4552.3
1726128000000,0.14525,0.14581,0.14303,0.14316,7827.7
1726142400000,0.14316,0.14515,0.14116,0.14145,11650.6
1726156800000,0.14145,0.14495,0.14135,0.14464,7673.8
1726171200000,0.14464,0.14466,0.14324,0.14465,10584.0
1726185600000,0.14465,0.14476,0.143,0.14305,15388.3
1726200000000,0.14305,0.14486,0.14294,0.14466,6671.6
1726214400000,0.14466,0.1448,0.14255,0.14274,11458.6
1726228800000,0.14274,0.14766,0.14174,0.14741,29204.5
1726243200000,0.14741,0.14836,0.14643,0.14725,13019.7
1726257600000,0.14725,0.15171,0.14704,0.14965,30259.8
1726272000000,0.14965,0.15055,0.14925,0.15015,7463.0
1726286400000,0.15015,0.15046,0.14721,0.14796,9847.8
1726300800000,0.14796,0.14817,0.14615,0.14682,8507.2
1726315200000,0.14682,0.14877,0.14618,0.14848,5297.0
1726329600000,0.14848,0.14858,0.14528,0.1463,7082.5
1726344000000,0.1463,0.14723,0.14608,0.14705,4112.0
1726358400000,0.14705,0.14876,0.14694,0.14744,4304.2
1726372800000,0.14744,0.14796,0.1466,0.14761,2859.6
1726387200000,0.14761,0.14761,0.14555,0.14604,5345.5
1726401600000,0.14604,0.14759,0.14433,0.14519,9058.3
1726416000000,0.14519,0.14541,0.14194,0.14239,8509.0
1726430400000,0.14239,0.14247,0.13588,0.13714,39415.1
1726444800000,0.13714,0.13714,0.13373,0.13576,16995.6
1726459200000,0.13576,0.13821,0.13556,0.13821,8478.7
1726473600000,0.13821,0.13931,0.13604,0.13672,10515.0
1726488000000,0.13672,0.13694,0.13387,0.13468,9614.0
1726502400000,0.13468,0.13565,0.1334,0.13453,8965.4
1726516800000,0.13453,0.13516,0.1329,0.13451,7585.7
1726531200000,0.13451,0.13515,0.13301,0.13485,6049.6
1726545600000,0.13485,0.13725,0.13485,0.13654,5502.9
1726560000000,0.13654,0.13795,0.13625,0.13696,6301.4
1726574400000,0.13696,0.14098,0.13615,0.13991,11266.4
1726588800000,0.13991,0.14062,0.13759,0.13875,9553.2
1726603200000,0.13875,0.14006,0.13836,0.13905,4574.7
1726617600000,0.13905,0.1411,0.13754,0.14035,5888.7
1726632000000,0.14035,0.1407,0.13884,0.13911,3772.0
1726646400000,0.13911,0.13922,0.13504,0.13655,8065.2
1726660800000,0.13655,0.13754,0.13334,0.13419,14376.7
1726675200000,0.13419,0.14128,0.13355,0.13888,23631.8
1726689600000,0.13888,0.14535,0.1376,0.1452,8789.1
1726704000000,0.1452,0.14971,0.1452,0.14901,33614.9
1726718400000,0.14901,0.14986,0.1479,0.14985,9712.1
1726732800000,0.14985,0.14998,0.14766,0.14928,6871.5
1726747200000,0.14928,0.15061,0.14839,0.14951,24893.1
1726761600000,0.14951,0.15146,0.14889,0.14911,12374.4
1726776000000,0.14911,0.1497,0.1475,0.14844,7707.4
1726790400000,0.14844,0.154,0.14709,0.154,35062.6
1726804800000,0.154,0.15656,0.15368,0.1543,20349.9
1726819200000,0.1543,0.1545,0.15059,0.15105,15501.2
1726833600000,0.15105,0.15278,0.14927,0.15049,15055.7
1726848000000,0.15049,0.15116,0.1479,0.15007,14071.1
1726862400000,0.15007,0.15235,0.14995,0.15235,5213.5
1726876800000,0.15235,0.1532,0.14957,0.14968,5816.7
1726891200000,0.14968,0.15089,0.14836,0.15047,6847.1
1726905600000,0.15047,0.15173,0.15029,0.15119,7757.4
1726920000000,0.15119,0.15496,0.15099,0.15346,25211.7
1726934400000,0.15346,0.15459,0.15296,0.15315,6625.1
1726948800000,0.15315,0.15641,0.15255,0.15567,7392.5
1726963200000,0.15567,0.15619,0.15266,0.15392,9153.2
1726977600000,0.15392,0.15451,0.15197,0.15266,5245.7
1726992000000,0.15266,0.1541,0.14935,0.15075,8307.7
1727006400000,0.15075,0.15187,0.14858,0.15021,6859.6
1727020800000,0.15021,0.15136,0.14789,0.14969,26468.2
1727035200000,0.14969,0.1511,0.14544,0.15061,12791.8
1727049600000,0.15061,0.15541,0.14718,0.15414,16271.3
1727064000000,0.15414,0.15602,0.1527,0.1532,14037.8
1727078400000,0.1532,0.15376,0.15156,0.15206,8753.7
1727092800000,0.15206,0.1544,0.15061,0.15369,15920.8
1727107200000,0.15369,0.15442,0.15207,0.15335,9910.3
1727121600000,0.15335,0.15514,0.15267,0.15505,10596.5
1727136000000,0.15505,0.15585,0.1516,0.15331,10944.1
1727150400000,0.15331,0.1557,0.15157,0.15551,6919.7
1727164800000,0.15551,0.15742,0.15449,0.15725,15109.4
1727179200000,0.15725,0.1583,0.1519,0.15347,18021.0
1727193600000,0.15347,0.15965,0.15347,0.15955,17619.5
1727208000000,0.15955,0.16124,0.15834,0.16063,17807.1
1727222400000,0.16063,0.16484,0.15988,0.16262,17724.8
1727236800000,0.16262,0.16295,0.15798,0.1594,8630.8
1727251200000,0.1594,0.16156,0.15935,0.16095,7206.8
1727265600000,0.16095,0.16326,0.15894,0.16075,18346.4
1727280000000,0.16075,0.16216,0.15875,0.15997,15956.4
1727294400000,0.15997,0.16126,0.15697,0.1583,9246.1
1727308800000,0.1583,0.15956,0.15489,0.15919,8220.9
1727323200000,0.15919,0.16417,0.15861,0.16405,13710.2
1727337600000,0.16405,0.16462,0.16188,0.1635,20244.1
1727352000000,0.1635,0.1653,0.16106,0.1642,26287.2
1727366400000,0.1642,0.16604,0.1628,0.1628,12558.6
1727380800000,0.1628,0.16606,0.162,0.1653,19888.7
1727395200000,0.1653,0.16983,0.16516,0.16969,14631.1
1727409600000,0.16969,0.17348,0.16964,0.17162,30988.5
1727424000000,0.17162,0.17515,0.17045,0.17204,31768.4
1727438400000,0.17204,0.17494,0.17127,0.17361,21853.8
1727452800000,0.17361,0.17556,0.17141,0.17378,35947.9
1727467200000,0.17378,0.17564,0.17317,0.17495,7816.1
1727481600000,0.17495,0.17843,0.17445,0.1759,37533.3
1727496000000,0.1759,0.1768,0.17108,0.17195,22151.0
1727510400000,0.17195,0.17207,0.16649,0.17004,27509.9
1727524800000,0.17004,0.17013,0.16765,0.16925,16352.1
1727539200000,0.16925,0.17056,0.16864,0.17015,5141.0
1727553600000,0.17015,0.17084,0.16744,0.16956,6141.4
1727568000000,0.16956,0.17155,0.16754,0.17074,6959.3
1727582400000,0.17074,0.17082,0.16538,0.16575,6588.3
1727596800000,0.16575,0.17082,0.16575,0.17061,12605.0
1727611200000,0.17061,0.1735,0.16776,0.17327,21111.6
1727625600000,0.17327,0.18071,0.17279,0.1804,33075.5
1727640000000,0.1804,0.18176,0.17754,0.17835,21579.6
1727654400000,0.17835,0.18061,0.17339,0.17719,27622.0
1727668800000,0.17719,0.18326,0.17497,0.18178,46833.3
1727683200000,0.18178,0.18178,0.17139,0.17352,45847.4
1727697600000,0.17352,0.17463,0.16829,0.16829,28310.5
1727712000000,0.16829,0.17132,0.16786,0.17011,17415.0
1727726400000,0.17011,0.17236,0.16445,0.16575,21007.5
1727740800000,0.16575,0.17195,0.16473,0.17186,8713.2
1727755200000,0.17186,0.17366,0.16989,0.17254,10043.0
1727769600000,0.17254,0.17454,0.17166,0.17225,7141.5
1727784000000,0.17225,0.17294,0.15354,0.157,60555.3
1727798400000,0.157,0.1573,0.14392,0.14829,72813.4
1727812800000,0.14829,0.14956,0.1454,0.14711,22147.0
1727827200000,0.14711,0.15179,0.14643,0.15125,10698.6
1727841600000,0.15125,0.15557,0.15023,0.1544,23040.9
1727856000000,0.1544,0.15496,0.14849,0.14984,15117.5
1727870400000,0.14984,0.15024,0.14605,0.14905,19610.0
1727884800000,0.14905,0.15112,0.13879,0.1404,61324.2
1727899200000,0.1404,0.14465,0.13955,0.1429,13926.2
1727913600000,0.1429,0.14586,0.14145,0.14576,14047.8
1727928000000,0.14576,0.14615,0.14188,0.14206,5924.2
1727942400000,0.14206,0.14266,0.13673,0.14055,48496.3
1727956800000,0.14055,0.14162,0.13564,0.13874,24561.4
1727971200000,0.13874,0.14145,0.13605,0.14125,31167.8
1727985600000,0.14125,0.14194,0.13924,0.14116,6520.6
1728000000000,0.14116,0.14449,0.14034,0.14275,13733.1
1728014400000,0.14275,0.14586,0.14265,0.14537,4698.2
1728028800000,0.14537,0.14735,0.14497,0.14649,7512.5
1728043200000,0.14649,0.14784,0.1434,0.14784,22095.3
1728057600000,0.14784,0.15082,0.14734,0.15035,11643.4
1728072000000,0.15035,0.15041,0.14791,0.14865,7274.9
1728086400000,0.14865,0.14985,0.14594,0.14605,5689.2
1728100800000,0.14605,0.14926,0.14586,0.14745,13708.3
1728115200000,0.14745,0.15006,0.14718,0.14964,10499.5
1728129600000,0.14964,0.15065,0.14837,0.14945,5721.8
1728144000000,0.14945,0.14956,0.14613,0.14654,6999.7
1728158400000,0.14654,0.14845,0.14584,0.14825,8896.6
1728172800000,0.14825,0.14926,0.14614,0.14624,2864.3
1728187200000,0.14624,0.14678,0.14545,0.1462,4750.5
1728201600000,0.1462,0.14766,0.14574,0.14735,6234.9
1728216000000,0.14735,0.15016,0.14724,0.14985,12774.7
1728230400000,0.14985,0.15076,0.14805,0.14825,6559.8
1728244800000,0.14825,0.14996,0.14694,0.14965,5497.4
1728259200000,0.14965,0.15395,0.14885,0.15285,23769.8
1728273600000,0.15285,0.15384,0.15195,0.15305,5989.9
1728288000000,0.15305,0.15385,0.14754,0.15025,8333.5
1728302400000,0.15025,0.15398,0.14921,0.15185,14222.1
1728316800000,0.15185,0.15412,0.14995,0.15311,8029.7
1728331200000,0.15311,0.15416,0.15025,0.15025,7102.4
1728345600000,0.15025,0.15313,0.14984,0.15215,14409.5
1728360000000,0.15215,0.15335,0.14843,0.14995,9428.2
1728374400000,0.14995,0.15204,0.14954,0.15175,5893.5
1728388800000,0.15175,0.15196,0.14628,0.14805,10313.9
1728403200000,0.14805,0.14955,0.14644,0.14816,6139.0
1728417600000,0.14816,0.14977,0.14754,0.14855,3816.5
1728432000000,0.14855,0.15056,0.14763,0.14826,6640.0
1728446400000,0.14826,0.14989,0.14774,0.14851,4060.6
1728460800000,0.14851,0.14956,0.14784,0.14944,3113.8
1728475200000,0.14944,0.14962,0.14374,0.14715,16138.5
1728489600000,0.14715,0.14735,0.14254,0.14303,15618.7
1728504000000,0.14303,0.14325,0.1402,0.14215,7110.2
1728518400000,0.14215,0.14445,0.14084,0.14388,6352.3
1728532800000,0.14388,0.14556,0.14354,0.14418,2732.8
1728547200000,0.14418,0.14516,0.14134,0.14515,5329.9
1728561600000,0.14515,0.14546,0.14034,0.14195,20277.2
1728576000000,0.14195,0.14257,0.13768,0.14005,23500.8
1728590400000,0.14005,0.14446,0.13994,0.14417,18126.6
1728604800000,0.14417,0.14742,0.14404,0.14646,6485.9
1728619200000,0.14646,0.14725,0.1456,0.14594,4525.2
1728633600000,0.14594,0.14846,0.14589,0.14795,6619.9
1728648000000,0.14795,0.15086,0.14795,0.15075,9582.8
1728662400000,0.15075,0.1519,0.15034,0.15105,10096.3
1728676800000,0.15105,0.15206,0.15083,0.15154,5902.8
1728691200000,0.15154,0.15337,0.1512,0.15155,6355.0
1728705600000,0.15155,0.15366,0.15155,0.15366,3755.8
1728720000000,0.15366,0.1544,0.15234,0.1531,20822.3
1728734400000,0.1531,0.15433,0.15255,0.15304,7019.7
1728748800000,0.15304,0.15383,0.15084,0.15145,7922.7
1728763200000,0.15145,0.15256,0.15134,0.15144,3479.9
1728777600000,0.15144,0.15195,0.15,0.15015,5261.9
1728792000000,0.15015,0.15193,0.14984,0.15146,3432.9
1728806400000,0.15146,0.15347,0.1502,0.15025,13772.4
1728820800000,0.15025,0.15125,0.14655,0.14736,10759.9
1728835200000,0.14736,0.14886,0.1463,0.14783,11935.8
1728849600000,0.14783,0.15187,0.14735,0.15115,6908.9
1728864000000,0.15115,0.15384,0.1487,0.15356,8636.9
1728878400000,0.15356,0.15495,0.15154,0.15464,11105.6
1728892800000,0.15464,0.15501,0.15264,0.15485,17624.6
1728907200000,0.15485,0.15826,0.15391,0.15695,69031.2
1728921600000,0.15695,0.15836,0.15623,0.15785,12924.6
1728936000000,0.15785,0.16032,0.1573,0.15928,8183.5
1728950400000,0.15928,0.16016,0.1573,0.15735,10605.2
1728964800000,0.15735,0.15946,0.15615,0.15855,6352.6
1728979200000,0.15855,0.15968,0.15386,0.15456,12310.3
1728993600000,0.15456,0.16071,0.15055,0.15481,55176.7
1729008000000,0.15481,0.1582,0.15451,0.15564,22077.1
1729022400000,0.15564,0.15676,0.15275,0.15665,4953.6
1729036800000,0.15665,0.15694,0.15365,0.15474,6665.0
1729051200000,0.15474,0.15541,0.15144,0.15188,7372.0
1729065600000,0.15188,0.15495,0.15154,0.15375,15630.8
1729080000000,0.15375,0.1544,0.14974,0.15115,15461.4
1729094400000,0.15115,0.15166,0.14953,0.15075,13706.3
1729108800000,0.15075,0.15316,0.15075,0.15168,5060.0
1729123200000,0.15168,0.15324,0.15085,0.15246,3901.2
1729137600000,0.15246,0.15248,0.14854,0.14914,13083.2
1729152000000,0.14914,0.14946,0.14614,0.14635,12361.5
1729166400000,0.14635,0.14915,0.14553,0.14825,20470.3
1729180800000,0.14825,0.14825,0.14426,0.14576,8756.1
1729195200000,0.14576,0.14816,0.14564,0.14796,6652.0
1729209600000,0.14796,0.15042,0.14695,0.14864,5772.5
1729224000000,0.14864,0.14966,0.1481,0.14853,15023.6
1729238400000,0.14853,0.14915,0.14755,0.1477,10988.8
1729252800000,0.1477,0.14911,0.14585,0.14855,12881.4
1729267200000,0.14855,0.15466,0.14757,0.15224,49181.9
1729281600000,0.15224,0.1542,0.15125,0.15411,6171.3
1729296000000,0.15411,0.15986,0.15411,0.15885,55571.6
1729310400000,0.15885,0.16054,0.15833,0.15864,17858.0
1729324800000,0.15864,0.15985,0.15437,0.15444,29628.4
1729339200000,0.15444,0.15551,0.15254,0.1543,23969.0
1729353600000,0.1543,0.15485,0.15243,0.15365,6018.8
1729368000000,0.15365,0.15693,0.15355,0.15665,5398.0
1729382400000,0.15665,0.15945,0.15478,0.1558,12455.7
1729396800000,0.1558,0.16061,0.15545,0.1587,14136.1
1729411200000,0.1587,0.16176,0.15864,0.16136,16748.8
1729425600000,0.16136,0.16775,0.16081,0.16535,54636.2
1729440000000,0.16535,0.16685,0.16434,0.16486,39855.7
1729454400000,0.16486,0.1686,0.16434,0.16854,21862.5
1729468800000,0.16854,0.17074,0.16733,0.16906,18917.7
1729483200000,0.16906,0.1716,0.16726,0.16735,25228.3
1729497600000,0.16735,0.1686,0.16529,0.1655,20467.5
1729512000000,0.1655,0.16665,0.16068,0.16264,17684.3
1729526400000,0.16264,0.16405,0.16049,0.16359,21974.2
1729540800000,0.16359,0.16465,0.16123,0.16124,7046.0
1729555200000,0.16124,0.16305,0.15924,0.16254,9609.0
1729569600000,0.16254,0.16692,0.16185,0.16345,9155.8
1729584000000,0.16345,0.16346,0.15853,0.1596,11179.2
1729598400000,0.1596,0.16204,0.15798,0.15988,20195.7
1729612800000,0.15988,0.16176,0.15765,0.16082,11971.3
1729627200000,0.16082,0.16425,0.1605,0.16316,9473.5
1729641600000,0.16316,0.16375,0.15884,0.15982,8700.0
1729656000000,0.15982,0.16025,0.15685,0.15709,8999.4
1729670400000,0.15709,0.15785,0.15489,0.1551,10184.0
1729684800000,0.1551,0.15686,0.153,0.15349,22114.0
1729699200000,0.15349,0.15353,0.14869,0.15283,35377.5
1729713600000,0.15283,0.15406,0.1523,0.15385,3986.8
1729728000000,0.15385,0.15854,0.15356,0.15695,8123.0
1729742400000,0.15695,0.15812,0.15434,0.15446,7277.6
1729756800000,0.15446,0.1546,0.1512,0.15392,9703.3
1729771200000,0.15392,0.15641,0.15364,0.15536,10131.0
1729785600000,0.15536,0.16243,0.15514,0.1609,25586.6
1729800000000,0.1609,0.16167,0.15759,0.15904,9783.6
1729814400000,0.15904,0.16045,0.15725,0.15793,5351.7
1729828800000,0.15793,0.15845,0.15308,0.15405,7198.0
1729843200000,0.15405,0.15793,0.15279,0.15783,9036.9
1729857600000,0.15783,0.15995,0.1543,0.15534,11164.5
1729872000000,0.15534,0.15636,0.14978,0.15234,18525.3
1729886400000,0.15234,0.15285,0.1366,0.14252,88712.0
1729900800000,0.14252,0.14586,0.13885,0.14442,32433.0
1729915200000,0.14442,0.1481,0.14313,0.14504,25627.8
1729929600000,0.14504,0.14593,0.14424,0.14495,7505.4
1729944000000,0.14495,0.14524,0.13984,0.14095,11252.3
1729958400000,0.14095,0.14475,0.14035,0.14448,8956.5
1729972800000,0.14448,0.14682,0.14357,0.14415,11424.5
1729987200000,0.14415,0.14444,0.1424,0.14434,14864.6
1730001600000,0.14434,0.14456,0.14199,0.14265,5271.9
1730016000000,0.14265,0.14345,0.14115,0.14204,6623.1
1730030400000,0.14204,0.14603,0.14185,0.14565,10396.8
1730044800000,0.14565,0.14719,0.14435,0.14553,6410.9
1730059200000,0.14553,0.14823,0.14514,0.14638,6869.6
1730073600000,0.14638,0.14676,0.14223,0.1424,4996.0
1730088000000,0.1424,0.14596,0.14139,0.14506,6585.6
1730102400000,0.14506,0.14645,0.14425,0.14565,9324.2
1730116800000,0.14565,0.14636,0.14204,0.14227,18772.0
1730131200000,0.14227,0.1442,0.14005,0.14305,26372.2
1730145600000,0.14305,0.14876,0.14305,0.14736,19229.4
1730160000000,0.14736,0.15156,0.14729,0.15019,14822.5
1730174400000,0.15019,0.1508,0.14734,0.14745,16901.1
1730188800000,0.14745,0.14867,0.14724,0.14744,11776.3
1730203200000,0.14744,0.14876,0.14694,0.14835,11000.0
1730217600000,0.14835,0.15265,0.14835,0.14887,23104.1
1730232000000,0.14887,0.15096,0.14734,0.15096,10237.1
1730246400000,0.15096,0.15146,0.14888,0.15085,15309.9
1730260800000,0.15085,0.1512,0.14875,0.14875,9207.2
1730275200000,0.14875,0.14974,0.14612,0.14624,12981.3
1730289600000,0.14624,0.15125,0.14564,0.14865,20416.1
1730304000000,0.14865,0.14905,0.14734,0.14791,9540.3
1730318400000,0.14791,0.15015,0.14727,0.14825,20859.8
1730332800000,0.14825,0.14895,0.14646,0.14656,8092.9
1730347200000,0.14656,0.14696,0.14455,0.14534,14557.4
1730361600000,0.14534,0.14534,0.1432,0.14405,20421.4
1730376000000,0.14405,0.14465,0.14029,0.14226,26649.9
1730390400000,0.14226,0.14226,0.13774,0.13836,18613.7
1730404800000,0.13836,0.14107,0.13764,0.14045,18858.3
1730419200000,0.14045,0.14066,0.13719,0.13975,7532.2
1730433600000,0.13975,0.14047,0.13621,0.13766,15565.4
1730448000000,0.13766,0.1413,0.13724,0.14103,18581.7
1730462400000,0.14103,0.14396,0.1368,0.13829,28837.3
1730476800000,0.13829,0.14075,0.1379,0.13892,27343.5
1730491200000,0.13892,0.1396,0.13654,0.1386,11280.0
1730505600000,0.1386,0.14066,0.13846,0.13954,4378.2
1730520000000,0.13954,0.14044,0.13915,0.13994,4804.7
1730534400000,0.13994,0.14007,0.13784,0.13807,4976.2
1730548800000,0.13807,0.13825,0.13542,0.13656,17114.8
1730563200000,0.13656,0.13765,0.1346,0.13635,5839.6
1730577600000,0.13635,0.13701,0.13484,0.13586,6012.7
1730592000000,0.13586,0.13645,0.12885,0.13185,28687.4
1730606400000,0.13185,0.13481,0.13185,0.13355,7929.5
1730620800000,0.13355,0.13412,0.13023,0.13041,14595.7
1730635200000,0.13041,0.13135,0.12504,0.12785,26082.8
1730649600000,0.12785,0.12935,0.12585,0.12914,12381.5
1730664000000,0.12914,0.13126,0.12874,0.12995,5577.9
1730678400000,0.12995,0.1323,0.12824,0.13075,8399.1
1730692800000,0.13075,0.13195,0.12899,0.12915,4786.2
1730707200000,0.12915,0.13141,0.12835,0.13066,6299.0
1730721600000,0.13066,0.13155,0.12858,0.12935,8411.4
1730736000000,0.12935,0.1297,0.12724,0.12786,11196.0
1730750400000,0.12786,0.12827,0.12399,0.12625,18672.9
1730764800000,0.12625,0.12847,0.12613,0.12846,10352.2
1730779200000,0.12846,0.13026,0.12844,0.12955,6797.6
1730793600000,0.12955,0.13061,0.12914,0.13015,8398.0
1730808000000,0.13015,0.13441,0.12924,0.13285,39425.2
1730822400000,0.13285,0.13522,0.13098,0.1316,17497.7
1730836800000,0.1316,0.13407,0.13098,0.13326,9747.4
1730851200000,0.13326,0.14224,0.13324,0.14171,26399.2
1730865600000,0.14171,0.14491,0.14056,0.14246,28001.3
1730880000000,0.14246,0.14402,0.13928,0.14376,15644.4
1730894400000,0.14376,0.14485,0.1418,0.14356,10486.2
1730908800000,0.14356,0.14575,0.14334,0.14572,13135.1
1730923200000,0.14572,0.14906,0.14534,0.14806,10295.8
1730937600000,0.14806,0.15211,0.14806,0.15043,15102.7
1730952000000,0.15043,0.15046,0.14524,0.14746,7898.2
1730966400000,0.14746,0.14857,0.14644,0.14644,7388.4
1730980800000,0.14644,0.14996,0.14628,0.14996,13391.6
1730995200000,0.14996,0.1507,0.14854,0.15025,14151.9
1731009600000,0.15025,0.15143,0.14784,0.14942,9988.4
1731024000000,0.14942,0.15137,0.14615,0.14716,11456.1
1731038400000,0.14716,0.14846,0.14674,0.14814,6297.9
1731052800000,0.14814,0.15016,0.14684,0.14987,9362.4
1731067200000,0.14987,0.15354,0.14944,0.15155,27286.7
1731081600000,0.15155,0.15245,0.14688,0.15155,24616.6
1731096000000,0.15155,0.15186,0.14896,0.15176,21136.0
1731110400000,0.15176,0.15215,0.14898,0.14965,8552.3
1731124800000,0.14965,0.15436,0.14964,0.15405,15822.5
1731139200000,0.15405,0.15546,0.15332,0.15545,16339.4
1731153600000,0.15545,0.15555,0.15142,0.15335,17225.7
1731168000000,0.15335,0.15477,0.15009,0.15274,13953.4
1731182400000,0.15274,0.15766,0.15243,0.15745,20318.1
1731196800000,0.15745,0.16016,0.15524,0.15895,19293.4
1731211200000,0.15895,0.16285,0.15869,0.16276,25985.6
1731225600000,0.16276,0.16761,0.16276,0.16715,33724.6
1731240000000,0.16715,0.17005,0.16449,0.16885,31614.1
1731254400000,0.16885,0.17509,0.16604,0.16845,75759.1
1731268800000,0.16845,0.1689,0.15597,0.16503,47774.2
1731283200000,0.16503,0.17351,0.1647,0.17183,21903.8
1731297600000,0.17183,0.17184,0.16123,0.16447,27778.8
1731312000000,0.16447,0.1689,0.16384,0.16875,39795.0
1731326400000,0.16875,0.16976,0.16277,0.16685,39567.3
1731340800000,0.16685,0.17286,0.1667,0.17055,41034.0
1731355200000,0.17055,0.17502,0.16707,0.17445,48645.1
1731369600000,0.17445,0.17477,0.16785,0.17317,45219.0
1731384000000,0.17317,0.17679,0.16844,0.17605,60342.6
1731398400000,0.17605,0.1829,0.1584,0.16435,109479.9
1731412800000,0.16435,0.16649,0.15672,0.16066,57950.2
1731427200000,0.16066,0.16715,0.15733,0.16565,32302.8
1731441600000,0.16565,0.17065,0.1633,0.16782,23067.6
1731456000000,0.16782,0.17025,0.15634,0.15649,51515.6
1731470400000,0.15649,0.15967,0.15047,0.1556,39787.4
1731484800000,0.1556,0.15755,0.15244,0.15594,23619.3
1731499200000,0.15594,0.16365,0.15435,0.16354,75026.7
1731513600000,0.16354,0.16586,0.155,0.15559,59770.7
1731528000000,0.15559,0.15896,0.15164,0.15894,42656.0
1731542400000,0.15894,0.16081,0.15624,0.16026,22079.3
1731556800000,0.16026,0.16575,0.15925,0.16325,18231.6
1731571200000,0.16325,0.16425,0.15538,0.15826,18261.6
1731585600000,0.15826,0.16015,0.15118,0.15317,36141.4
1731600000000,0.15317,0.15825,0.15173,0.15663,21564.8
1731614400000,0.15663,0.15855,0.15112,0.15352,26161.6
1731628800000,0.15352,0.15485,0.15064,0.15345,11540.2
1731643200000,0.15345,0.15345,0.14766,0.15135,23807.2
1731657600000,0.15135,0.15512,0.14977,0.15465,16000.4
1731672000000,0.15465,0.15636,0.15085,0.15166,25391.0
1731686400000,0.15166,0.15756,0.15047,0.15697,30981.8
1731700800000,0.15697,0.16186,0.15697,0.16165,23722.6
1731715200000,0.16165,0.16362,0.16043,0.16354,17502.3
1731729600000,0.16354,0.1661,0.16198,0.16584,23152.7
1731744000000,0.16584,0.17816,0.16486,0.17808,123532.5
1731758400000,0.17808,0.17973,0.17189,0.17375,123246.0
1731772800000,0.17375,0.18213,0.17254,0.17991,82125.2
1731787200000,0.17991,0.18979,0.17874,0.18557,84679.9
1731801600000,0.18557,0.18557,0.17369,0.17775,57634.1
1731816000000,0.17775,0.1821,0.17516,0.18086,27595.2
1731830400000,0.18086,0.18206,0.17598,0.17598,50080.7
1731844800000,0.17598,0.17965,0.17519,0.17602,27467.1
1731859200000,0.17602,0.17887,0.17157,0.1733,31102.6
1731873600000,0.1733,0.17407,0.16956,0.1735,24195.4
1731888000000,0.1735,0.18269,0.17214,0.18226,25942.6
1731902400000,0.18226,0.19782,0.18186,0.19714,111274.4
1731916800000,0.19714,0.22413,0.18953,0.20497,558408.7
1731931200000,0.20497,0.2091,0.19781,0.20767,179406.1
1731945600000,0.20767,0.22318,0.20158,0.20365,231202.8
1731960000000,0.20365,0.21263,0.20158,0.2101,91030.2
1731974400000,0.2101,0.2173,0.20628,0.20675,124924.0
1731988800000,0.20675,0.20844,0.20263,0.20436,51415.0
1732003200000,0.20436,0.20486,0.2,0.20419,47466.2
1732017600000,0.20419,0.20846,0.20215,0.20622,61834.5
1732032000000,0.20622,0.20676,0.20064,0.20081,34672.5
1732046400000,0.20081,0.2017,0.19343,0.19935,29537.5
1732060800000,0.19935,0.19956,0.19115,0.19421,31913.8
1732075200000,0.19421,0.19709,0.19221,0.19314,20127.6
1732089600000,0.19314,0.19804,0.1924,0.19795,40326.3
1732104000000,0.19795,0.2021,0.19349,0.19905,30441.7
1732118400000,0.19905,0.19989,0.18495,0.18756,38924.8
1732132800000,0.18756,0.1933,0.18587,0.19047,15367.6
1732147200000,0.19047,0.19576,0.18378,0.18715,37227.1
1732161600000,0.18715,0.19422,0.18561,0.19204,34605.7
1732176000000,0.19204,0.19376,0.18614,0.1904,25701.9
1732190400000,0.1904,0.20356,0.19009,0.19624,56752.1
1732204800000,0.19624,0.20215,0.19624,0.20173,34956.8
1732219200000,0.20173,0.20237,0.19904,0.20039,30611.4
1732233600000,0.20039,0.20167,0.19503,0.20151,34761.3
1732248000000,0.20151,0.20454,0.19955,0.1997,37245.6
1732262400000,0.1997,0.20346,0.19726,0.20095,39936.7
1732276800000,0.20095,0.20425,0.19189,0.20125,51824.7
1732291200000,0.20125,0.20182,0.19449,0.19686,36664.9
1732305600000,0.19686,0.21016,0.19618,0.20991,55527.3
1732320000000,0.20991,0.21828,0.20706,0.21435,59871.8
1732334400000,0.21435,0.226,0.20998,0.22459,69094.3
1732348800000,0.22459,0.22507,0.21875,0.22305,49969.4
1732363200000,0.22305,0.23915,0.22184,0.2389,87513.3
1732377600000,0.2389,0.24226,0.2235,0.23547,133978.1
1732392000000,0.23547,0.24063,0.22831,0.23972,61124.9
1732406400000,0.23972,0.27493,0.23728,0.2703,163045.4
1732420800000,0.2703,0.3067,0.26675,0.2758,409535.3
1732435200000,0.2758,0.31308,0.27516,0.29087,534637.9
1732449600000,0.29087,0.29412,0.24764,0.24795,489018.3
1732464000000,0.24795,0.26422,0.24653,0.25836,114581.7
1732478400000,0.25836,0.30459,0.25744,0.30292,324160.5
1732492800000,0.30292,0.3046,0.27224,0.28544,289668.7
1732507200000,0.28544,0.29237,0.27229,0.27545,112471.4
1732521600000,0.27545,0.28566,0.27458,0.28451,66570.0
1732536000000,0.28451,0.28812,0.26997,0.28176,112869.0
1732550400000,0.28176,0.28389,0.27293,0.28251,51628.3
1732564800000,0.28251,0.28702,0.26812,0.27475,62665.8
1732579200000,0.27475,0.2842,0.27019,0.28184,63730.6
1732593600000,0.28184,0.28962,0.27565,0.27827,63421.2
1732608000000,0.27827,0.28005,0.25523,0.26434,98724.3
1732622400000,0.26434,0.27328,0.25996,0.26638,47066.8
1732636800000,0.26638,0.28095,0.26494,0.27654,72378.5
1732651200000,0.27654,0.28119,0.26666,0.26878,40633.2
1732665600000,0.26878,0.27142,0.2606,0.26563,30641.8
1732680000000,0.26563,0.27412,0.26459,0.27225,27860.0
1732694400000,0.27225,0.2789,0.26785,0.27325,31577.9
1732708800000,0.27325,0.2819,0.26632,0.28058,43353.7
1732723200000,0.28058,0.28433,0.27567,0.27916,43542.9
1732737600000,0.27916,0.29055,0.27866,0.286,57280.3
1732752000000,0.286,0.28662,0.274,0.2768,33628.6
1732766400000,0.2768,0.28182,0.27546,0.27644,16787.3
1732780800000,0.27644,0.28125,0.27375,0.27885,17457.8
1732795200000,0.27885,0.28875,0.27591,0.27925,46853.5
1732809600000,0.27925,0.30306,0.27925,0.30302,85203.5
1732824000000,0.30302,0.30396,0.29169,0.29496,74543.6
1732838400000,0.29496,0.3016,0.28855,0.28875,47746.4
1732852800000,0.28875,0.28882,0.28002,0.2803,34819.6
1732867200000,0.2803,0.28995,0.2803,0.28906,31638.0
1732881600000,0.28906,0.29856,0.28549,0.29589,45870.0
1732896000000,0.29589,0.29831,0.28895,0.2938,33397.6
1732910400000,0.2938,0.30553,0.29369,0.30295,32570.3
1732924800000,0.30295,0.30306,0.2952,0.29914,22992.3
1732939200000,0.29914,0.31278,0.29681,0.31179,43057.1
1732953600000,0.31179,0.31676,0.30278,0.30647,75479.3
1732968000000,0.30647,0.3193,0.30647,0.3154,55790.3
1732982400000,0.3154,0.35198,0.31437,0.3469,146738.1
1732996800000,0.3469,0.35683,0.32896,0.32938,113927.9
1733011200000,0.32938,0.32976,0.3099,0.31405,64326.7
1733025600000,0.31405,0.31954,0.31119,0.31856,34575.2
1733040000000,0.31856,0.32496,0.31587,0.32254,57069.8
1733054400000,0.32254,0.33494,0.32168,0.32815,57143.7
1733068800000,0.32815,0.32928,0.31872,0.32355,50755.1
1733083200000,0.32355,0.32941,0.31854,0.32575,41192.1
1733097600000,0.32575,0.33074,0.31162,0.31403,61832.9
1733112000000,0.31403,0.328,0.30967,0.32102,51872.6
1733126400000,0.32102,0.32215,0.3009,0.3014,84255.3
1733140800000,0.3014,0.31876,0.30021,0.3172,63364.1
1733155200000,0.3172,0.32021,0.30175,0.31491,69395.1
1733169600000,0.31491,0.336,0.31413,0.3331,57731.4
1733184000000,0.3331,0.34444,0.32988,0.33605,77896.3
1733198400000,0.33605,0.34848,0.33166,0.33386,81703.7
1733212800000,0.33386,0.34721,0.33313,0.3448,74885.2
1733227200000,0.3448,0.34676,0.31257,0.3282,116335.5
1733241600000,0.3282,0.33772,0.3219,0.3359,43109.2
1733256000000,0.3359,0.3537,0.33546,0.35113,67160.3
1733270400000,0.35113,0.35628,0.343,0.35454,76910.9
1733284800000,0.35454,0.35948,0.34958,0.35812,56004.2
1733299200000,0.35812,0.37594,0.35662,0.36939,75503.1
1733313600000,0.36939,0.38775,0.36506,0.37442,128237.8
1733328000000,0.37442,0.38828,0.35338,0.38126,102807.7
1733342400000,0.38126,0.38623,0.3654,0.3757,75220.5
1733356800000,0.3757,0.38281,0.35543,0.3621,87992.0
1733371200000,0.3621,0.3798,0.36087,0.377,52035.5
1733385600000,0.377,0.3841,0.37004,0.3818,50206.4
1733400000000,0.3818,0.38389,0.36528,0.3699,67464.1
1733414400000,0.3699,0.38768,0.36909,0.38035,64638.1
1733428800000,0.38035,0.39462,0.3674,0.37551,111283.0
1733443200000,0.37551,0.38602,0.3725,0.37765,121356.8
1733457600000,0.37765,0.3831,0.37515,0.37608,28644.2
1733472000000,0.37608,0.37861,0.35918,0.36325,54048.0
1733486400000,0.36325,0.37254,0.35377,0.3682,47239.0
1733500800000,0.3682,0.37713,0.3679,0.37429,36151.8
1733515200000,0.37429,0.38478,0.37355,0.37788,52620.2
1733529600000,0.37788,0.3819,0.3716,0.37374,39325.5
1733544000000,0.37374,0.37775,0.36415,0.3669,37865.4
1733558400000,0.3669,0.37086,0.36189,0.3698,24432.4
1733572800000,0.3698,0.37351,0.36599,0.36828,26627.3
1733587200000,0.36828,0.36889,0.36059,0.36292,19497.0
1733601600000,0.36292,0.36784,0.36053,0.36432,20866.9
1733616000000,0.36432,0.36865,0.36044,0.36044,15639.6
1733630400000,0.36044,0.36746,0.3554,0.36668,47482.4
1733644800000,0.36668,0.36675,0.35528,0.35989,34618.3
1733659200000,0.35989,0.365,0.3566,0.36149,20890.2
1733673600000,0.36149,0.36432,0.3567,0.36389,32840.4
1733688000000,0.36389,0.36645,0.36057,0.36481,30999.2
1733702400000,0.36481,0.36481,0.33993,0.34374,61663.8
1733716800000,0.34374,0.35016,0.33317,0.33882,32838.2
1733731200000,0.33882,0.33882,0.32291,0.32441,54921.6
1733745600000,0.32441,0.34022,0.32049,0.32725,60794.8
1733760000000,0.32725,0.33142,0.32367,0.32404,22422.4
1733774400000,0.32404,0.32502,0.24813,0.28678,335517.8
1733788800000,0.28678,0.29356,0.2617,0.27639,95861.1
1733803200000,0.27639,0.29023,0.27008,0.28475,51054.0
1733817600000,0.28475,0.28912,0.27998,0.28584,43859.4
1733832000000,0.28584,0.2883,0.2558,0.25592,118522.5
1733846400000,0.25592,0.26981,0.24682,0.26907,85771.4
1733860800000,0.26907,0.28103,0.26594,0.27575,38231.9
1733875200000,0.27575,0.27749,0.26289,0.27589,37779.3
1733889600000,0.27589,0.27754,0.27195,0.27201,29284.1
1733904000000,0.27201,0.2865,0.27194,0.28295,38098.1
1733918400000,0.28295,0.30826,0.28279,0.3048,65702.2
1733932800000,0.3048,0.30903,0.29885,0.30166,32301.0
1733947200000,0.30166,0.3053,0.29895,0.30162,14647.8
1733961600000,0.30162,0.31746,0.29754,0.3128,24581.4
1733976000000,0.3128,0.3255,0.31249,0.31664,37863.3
1733990400000,0.31664,0.32195,0.30676,0.3094,28304.5
1734004800000,0.3094,0.34694,0.3094,0.33589,203023.9
1734019200000,0.33589,0.35482,0.32239,0.32305,95355.4
1734033600000,0.32305,0.33325,0.32219,0.32655,43693.5
1734048000000,0.32655,0.32983,0.31538,0.32376,33815.0
1734062400000,0.32376,0.32471,0.31077,0.31553,36870.6
1734076800000,0.31553,0.33346,0.31369,0.3265,58831.9
1734091200000,0.3265,0.33231,0.31858,0.3186,42411.5
1734105600000,0.3186,0.32929,0.3183,0.32279,35597.0
1734120000000,0.32279,0.32736,0.31906,0.3247,15990.2
1734134400000,0.3247,0.32741,0.31735,0.31831,33834.6
1734148800000,0.31831,0.32053,0.31519,0.31531,17225.0
1734163200000,0.31531,0.31846,0.31127,0.3123,25625.4
1734177600000,0.3123,0.31294,0.29944,0.30344,59333.5
1734192000000,0.30344,0.30426,0.29302,0.29685,38432.2
1734206400000,0.29685,0.30313,0.2945,0.30155,21162.8
1734220800000,0.30155,0.3034,0.2939,0.29409,18978.0
1734235200000,0.29409,0.30041,0.28739,0.28985,26945.4
1734249600000,0.28985,0.29714,0.28985,0.29335,39144.3
1734264000000,0.29335,0.30925,0.2921,0.30434,43923.6
1734278400000,0.30434,0.30819,0.2992,0.30074,19996.2
1734292800000,0.30074,0.3065,0.28794,0.30439,48040.0
1734307200000,0.30439,0.3117,0.29457,0.29626,26370.1
1734321600000,0.29626,0.299,0.29194,0.29541,11797.9
1734336000000,0.29541,0.29584,0.28267,0.28339,26400.3
1734350400000,0.28339,0.29265,0.28278,0.29125,30320.5
1734364800000,0.29125,0.30352,0.29125,0.29905,34489.6
1734379200000,0.29905,0.30433,0.2915,0.29245,14836.3
1734393600000,0.29245,0.293,0.2847,0.28875,16264.3
1734408000000,0.28875,0.28991,0.28297,0.28654,22914.8
1734422400000,0.28654,0.29334,0.28324,0.29136,27477.6
1734436800000,0.29136,0.29544,0.27764,0.27901,30979.3
1734451200000,0.27901,0.28835,0.27504,0.2831,23720.2
1734465600000,0.2831,0.28472,0.27025,0.27475,17585.4
1734480000000,0.27475,0.27764,0.27102,0.27161,15922.4
1734494400000,0.27161,0.27317,0.26585,0.26914,18169.8
1734508800000,0.26914,0.27226,0.26654,0.27082,18367.3
1734523200000,0.27082,0.27096,0.2612,0.26362,37329.9
1734537600000,0.26362,0.27468,0.26139,0.26144,26796.9
1734552000000,0.26144,0.26391,0.2417,0.24611,85032.0
1734566400000,0.24611,0.24781,0.22789,0.24691,62617.8
1734580800000,0.24691,0.24795,0.24325,0.24475,12918.8
1734595200000,0.24475,0.25089,0.24099,0.24884,26627.7
1734609600000,0.24884,0.24966,0.2341,0.23893,30093.6
1734624000000,0.23893,0.2408,0.21396,0.21874,104465.0
1734638400000,0.21874,0.22665,0.21219,0.22104,44812.6
1734652800000,0.22104,0.23112,0.21681,0.22605,17678.0
1734667200000,0.22605,0.2277,0.21469,0.22039,24606.5
1734681600000,0.22039,0.22039,0.18667,0.18708,112916.3
1734696000000,0.18708,0.2152,0.18665,0.21377,74787.2
1734710400000,0.21377,0.22896,0.2123,0.22665,33021.5
1734724800000,0.22665,0.23147,0.2201,0.22967,24864.1
1734739200000,0.22967,0.23433,0.22795,0.22946,17468.7
1734753600000,0.22946,0.24666,0.22946,0.24432,31267.9
1734768000000,0.24432,0.24542,0.23334,0.23609,35158.3
1734782400000,0.23609,0.23625,0.21831,0.22525,37449.7
1734796800000,0.22525,0.22572,0.21535,0.2194,26809.2
1734811200000,0.2194,0.22225,0.21456,0.21905,17589.1
1734825600000,0.21905,0.22235,0.2148,0.2197,9824.9
1734840000000,0.2197,0.22024,0.21215,0.21725,8841.9
1734854400000,0.21725,0.22475,0.21715,0.22174,24317.4
1734868800000,0.22174,0.22476,0.21378,0.21475,26279.7
1734883200000,0.21475,0.21995,0.21004,0.21055,19688.1
1734897600000,0.21055,0.21818,0.20839,0.21448,23135.0
1734912000000,0.21448,0.22485,0.20889,0.2243,28184.2
1734926400000,0.2243,0.22618,0.21595,0.2186,21196.5
1734940800000,0.2186,0.2237,0.21639,0.22186,30033.3
1734955200000,0.22186,0.22756,0.21663,0.21735,21634.3
1734969600000,0.21735,0.22711,0.21644,0.22435,21613.4
1734984000000,0.22435,0.24316,0.22397,0.23711,37865.0
1734998400000,0.23711,0.23754,0.22785,0.23219,14682.1
1735012800000,0.23219,0.23445,0.22957,0.2323,18917.1
1735027200000,0.2323,0.23793,0.23085,0.23565,14112.3
1735041600000,0.23565,0.25025,0.23254,0.24825,27061.1
1735056000000,0.24825,0.24971,0.24117,0.24119,17260.6
1735070400000,0.24119,0.24775,0.23844,0.24664,15388.6
1735084800000,0.24664,0.24762,0.24179,0.24377,9829.6
1735099200000,0.24377,0.24616,0.24184,0.24215,10305.8
1735113600000,0.24215,0.24811,0.24005,0.24061,22627.9
1735128000000,0.24061,0.24326,0.23824,0.23919,19648.9
1735142400000,0.23919,0.24095,0.23629,0.24004,8994.7
1735156800000,0.24004,0.24117,0.23515,0.23798,9578.2
1735171200000,0.23798,0.24101,0.2307,0.23115,13369.5
1735185600000,0.23115,0.23115,0.22537,0.22611,16999.1
1735200000000,0.22611,0.22694,0.21955,0.22484,35989.1
1735214400000,0.22484,0.22516,0.22056,0.22135,21545.1
1735228800000,0.22135,0.22235,0.21711,0.22,15655.2
1735243200000,0.22,0.2204,0.21574,0.21784,7751.2
1735257600000,0.21784,0.22216,0.21584,0.22146,11479.3
1735272000000,0.22146,0.22649,0.21775,0.2198,11486.6
1735286400000,0.2198,0.23413,0.21966,0.2302,27179.0
1735300800000,0.2302,0.23135,0.21738,0.21882,21645.6
1735315200000,0.21882,0.22502,0.21734,0.22307,16516.6
1735329600000,0.22307,0.22376,0.21844,0.22085,11055.7
1735344000000,0.22085,0.22254,0.21875,0.22215,7153.7
1735358400000,0.22215,0.22307,0.21894,0.21914,6239.1
1735372800000,0.21914,0.22315,0.21877,0.22284,18973.1
1735387200000,0.22284,0.23065,0.21954,0.22705,20279.0
1735401600000,0.22705,0.23242,0.22588,0.22915,14355.5
1735416000000,0.22915,0.23313,0.22795,0.23115,7125.3
1735430400000,0.23115,0.2343,0.22932,0.23385,17315.5
1735444800000,0.23385,0.23505,0.22794,0.23196,12433.8
1735459200000,0.23196,0.23232,0.22794,0.22814,8521.5
1735473600000,0.22814,0.23045,0.22432,0.22485,13678.3
1735488000000,0.22485,0.2253,0.22084,0.22186,11510.8
1735502400000,0.22186,0.222,0.21688,0.21897,11379.3
1735516800000,0.21897,0.22562,0.21754,0.22294,11740.9
1735531200000,0.22294,0.2274,0.2204,0.22274,8278.9
1735545600000,0.22274,0.22493,0.21716,0.22025,14116.5
1735560000000,0.22025,0.22272,0.20967,0.21035,19588.0
1735574400000,0.21035,0.227,0.2079,0.223,26269.0
1735588800000,0.223,0.22655,0.21553,0.21698,13845.6
1735603200000,0.21698,0.21704,0.20917,0.20984,22109.9
1735617600000,0.20984,0.21246,0.20846,0.21085,13812.8
1735632000000,0.21085,0.21827,0.21085,0.21354,16406.8
1735646400000,0.21354,0.22055,0.21308,0.21637,17508.4
1735660800000,0.21637,0.21694,0.20859,0.21105,17341.6
1735675200000,0.21105,0.21176,0.20821,0.20925,10012.2
1735689600000,0.20925,0.21305,0.20884,0.20956,6880.8
1735704000000,0.20956,0.2104,0.20828,0.20969,4538.5
1735718400000,0.20969,0.21015,0.20452,0.20816,10645.7
1735732800000,0.20816,0.21406,0.20787,0.21348,8889.1
1735747200000,0.21348,0.21837,0.21045,0.21676,20053.7
1735761600000,0.21676,0.21936,0.21676,0.21835,9474.9
1735776000000,0.21835,0.22381,0.21775,0.22135,13802.5
1735790400000,0.22135,0.22572,0.22055,0.22404,45349.0
1735804800000,0.22404,0.22816,0.22274,0.22756,16878.8
1735819200000,0.22756,0.23157,0.22454,0.22574,28859.3
1735833600000,0.22574,0.22866,0.224,0.22566,10399.2
1735848000000,0.22566,0.22708,0.22233,0.22594,8647.7
1735862400000,0.22594,0.2283,0.22336,0.22815,13584.2
1735876800000,0.22815,0.22815,0.22243,0.2233,23103.9
1735891200000,0.2233,0.23683,0.22304,0.2352,38892.2
1735905600000,0.2352,0.24206,0.23394,0.24206,24713.9
1735920000000,0.24206,0.24596,0.24184,0.24424,23852.2
1735934400000,0.24424,0.24645,0.24195,0.24514,14147.6
1735948800000,0.24514,0.24802,0.24075,0.24565,17117.2
1735963200000,0.24565,0.24797,0.24274,0.24724,39415.5
1735977600000,0.24724,0.24736,0.2401,0.24145,17259.3
1735992000000,0.24145,0.24996,0.2401,0.24104,24596.8
1736006400000,0.24104,0.24327,0.24004,0.24194,11855.3
1736020800000,0.24194,0.24485,0.24194,0.24285,9317.1
1736035200000,0.24285,0.24355,0.23947,0.24339,13157.5
1736049600000,0.24339,0.24515,0.24155,0.24355,9784.4
1736064000000,0.24355,0.24406,0.2383,0.24024,13747.7
1736078400000,0.24024,0.24195,0.23621,0.24105,16645.9
1736092800000,0.24105,0.24235,0.2378,0.24173,11106.4
1736107200000,0.24173,0.24806,0.2414,0.24505,16905.2
1736121600000,0.24505,0.24935,0.23905,0.24654,17612.1
1736136000000,0.24654,0.24929,0.2427,0.24405,10733.2
1736150400000,0.24405,0.24642,0.24205,0.24595,13510.1
1736164800000,0.24595,0.25325,0.24078,0.25235,24417.1
1736179200000,0.25235,0.25506,0.24634,0.2486,22288.4
1736193600000,0.2486,0.25033,0.2459,0.25004,11131.7
1736208000000,0.25004,0.2512,0.24505,0.24735,9856.6
1736222400000,0.24735,0.24876,0.24454,0.24675,6817.1
1736236800000,0.24675,0.24996,0.24139,0.24366,12669.9
1736251200000,0.24366,0.24546,0.22698,0.23006,54554.4
1736265600000,0.23006,0.23167,0.22175,0.22245,34807.9
1736280000000,0.22245,0.22427,0.21966,0.21987,26219.7
1736294400000,0.21987,0.22326,0.21688,0.21905,12229.4
1736308800000,0.21905,0.21945,0.2089,0.21274,21430.2
1736323200000,0.21274,0.21533,0.20845,0.20995,23770.9
1736337600000,0.20995,0.21304,0.20805,0.2105,23870.0
1736352000000,0.2105,0.21078,0.19666,0.20495,44703.1
1736366400000,0.20495,0.211,0.20359,0.20975,7820.3
1736380800000,0.20975,0.21323,0.208,0.21048,6460.5
1736395200000,0.21048,0.21087,0.20249,0.20294,8410.1
1736409600000,0.20294,0.2098,0.20204,0.20846,11355.8
1736424000000,0.20846,0.20971,0.19839,0.20836,22593.6
1736438400000,0.20836,0.20937,0.19745,0.1979,20827.1
1736452800000,0.1979,0.20126,0.19553,0.20055,13382.4
1736467200000,0.20055,0.20206,0.198,0.20176,12663.7
1736481600000,0.20176,0.20904,0.20031,0.20764,20889.3
1736496000000,0.20764,0.20876,0.20506,0.20725,13538.9
1736510400000,0.20725,0.20835,0.19665,0.20135,36405.3
1736524800000,0.20135,0.20722,0.19804,0.20665,11878.5
1736539200000,0.20665,0.20686,0.20273,0.20342,7168.9
1736553600000,0.20342,0.20505,0.19928,0.19975,6729.1
1736568000000,0.19975,0.20265,0.19874,0.20107,5854.5
1736582400000,0.20107,0.20425,0.19971,0.20356,5178.2
1736596800000,0.20356,0.20426,0.20034,0.20125,6593.0
1736611200000,0.20125,0.20256,0.19925,0.20025,8397.7
1736625600000,0.20025,0.2097,0.19994,0.20434,15061.4
1736640000000,0.20434,0.20535,0.2022,0.20335,3713.2
1736654400000,0.20335,0.20416,0.2004,0.20225,7118.1
1736668800000,0.20225,0.20276,0.19919,0.20184,6419.0
1736683200000,0.20184,0.20377,0.20027,0.2028,8140.4
1736697600000,0.2028,0.20408,0.20049,0.20114,9050.7
1736712000000,0.20114,0.20185,0.19685,0.19924,11665.1
1736726400000,0.19924,0.20585,0.19366,0.1946,17325.7
1736740800000,0.1946,0.19844,0.18969,0.1915,11301.2
1736755200000,0.1915,0.19166,0.17833,0.17833,40469.4
1736769600000,0.17833,0.18767,0.1764,0.18493,38004.9
1736784000000,0.18493,0.18575,0.17786,0.18125,14331.2
1736798400000,0.18125,0.19228,0.17985,0.19063,14392.7
1736812800000,0.19063,0.19283,0.18944,0.19055,5556.5
1736827200000,0.19055,0.19406,0.19055,0.19108,5169.0
1736841600000,0.19108,0.19746,0.19108,0.19466,10016.7
1736856000000,0.19466,0.19875,0.19242,0.19587,20328.7
1736870400000,0.19587,0.19815,0.19389,0.19736,8495.2
1736884800000,0.19736,0.20281,0.19575,0.20001,10957.9
1736899200000,0.20001,0.20085,0.19765,0.19967,6011.1
1736913600000,0.19967,0.20233,0.19755,0.20155,12279.5
1736928000000,0.20155,0.20296,0.19366,0.19496,30984.8
1736942400000,0.19496,0.20966,0.19368,0.20764,64692.4
1736956800000,0.20764,0.21071,0.2052,0.21056,14178.5
1736971200000,0.21056,0.214,0.20929,0.21344,13845.8
1736985600000,0.21344,0.21406,0.20765,0.20935,20953.4
1737000000000,0.20935,0.21056,0.20754,0.21001,17781.4
1737014400000,0.21001,0.21065,0.20523,0.20924,14571.3
1737028800000,0.20924,0.21376,0.20135,0.20662,46538.9
1737043200000,0.20662,0.21083,0.20662,0.21004,23134.1
1737057600000,0.21004,0.21082,0.20224,0.2033,16659.9
1737072000000,0.2033,0.21146,0.20315,0.20976,16385.0
1737086400000,0.20976,0.21456,0.20908,0.21205,25552.7
1737100800000,0.21205,0.21305,0.20835,0.21045,57694.4
1737115200000,0.21045,0.21315,0.20884,0.21235,31911.3
1737129600000,0.21235,0.21452,0.21004,0.21175,16232.4
1737144000000,0.21175,0.2189,0.21161,0.21716,21272.4
1737158400000,0.21716,0.21953,0.20687,0.2075,26467.8
1737172800000,0.2075,0.20856,0.19726,0.19774,41794.1
1737187200000,0.19774,0.19946,0.19435,0.19886,30913.5
1737201600000,0.19886,0.20214,0.1966,0.19745,21284.2
1737216000000,0.19745,0.19815,0.19204,0.19515,20870.8
1737230400000,0.19515,0.19712,0.19194,0.19614,22742.4
1737244800000,0.19614,0.20162,0.19515,0.1968,11751.1
1737259200000,0.1968,0.19705,0.18934,0.18934,38095.7
1737273600000,0.18934,0.18934,0.17659,0.17784,69054.4
1737288000000,0.17784,0.19387,0.17754,0.19085,37278.3
1737302400000,0.19085,0.19305,0.18826,0.19304,15790.2
1737316800000,0.19304,0.19425,0.1685,0.17221,111319.6
1737331200000,0.17221,0.17221,0.16244,0.16784,68939.3
1737345600000,0.16784,0.18621,0.16585,0.18116,79811.5
1737360000000,0.18116,0.18476,0.17817,0.18036,25024.2
1737374400000,0.18036,0.18036,0.17217,0.17344,35409.8
1737388800000,0.17344,0.17656,0.16223,0.17095,85840.0
1737403200000,0.17095,0.17212,0.1657,0.16815,13941.5
1737417600000,0.16815,0.16885,0.16143,0.16368,20253.2
1737432000000,0.16368,0.16564,0.15997,0.16495,18717.5
1737446400000,0.16495,0.17025,0.16325,0.16989,17963.3
1737460800000,0.16989,0.17171,0.16641,0.16857,28839.5
1737475200000,0.16857,0.17615,0.16825,0.17405,24092.8
1737489600000,0.17405,0.17525,0.17105,0.17274,14449.7
1737504000000,0.17274,0.17565,0.1714,0.17445,6865.4
1737518400000,0.17445,0.17546,0.1724,0.17475,6732.0
1737532800000,0.17475,0.17557,0.17244,0.17495,22587.7
1737547200000,0.17495,0.17642,0.17089,0.17205,16176.7
1737561600000,0.17205,0.17369,0.1693,0.17105,13600.4
1737576000000,0.17105,0.17224,0.16697,0.16765,11730.8
1737590400000,0.16765,0.16814,0.16396,0.16415,38908.0
1737604800000,0.16415,0.16686,0.16249,0.16685,11427.8
1737619200000,0.16685,0.16696,0.16318,0.16405,20050.7
1737633600000,0.16405,0.17002,0.16193,0.16783,28431.4
1737648000000,0.16783,0.17155,0.16331,0.16371,21916.6
1737662400000,0.16371,0.16997,0.16287,0.16855,23244.0
1737676800000,0.16855,0.16946,0.16255,0.16465,8156.8
1737691200000,0.16465,0.17034,0.1637,0.16786,9712.1
1737705600000,0.16786,0.17111,0.16718,0.17036,12291.1
1737720000000,0.17036,0.17154,0.16596,0.16764,15758.7
1737734400000,0.16764,0.16962,0.16605,0.16657,14138.9
1737748800000,0.16657,0.16705,0.16175,0.16275,19415.7
1737763200000,0.16275,0.16466,0.15965,0.16444,12183.3
1737777600000,0.16444,0.16444,0.16224,0.16264,6495.2
1737792000000,0.16264,0.16405,0.16126,0.16386,12117.1
1737806400000,0.16386,0.16558,0.16233,0.16515,19649.4
1737820800000,0.16515,0.16602,0.16385,0.16456,8742.5
1737835200000,0.16456,0.16516,0.16314,0.16335,10846.1
1737849600000,0.16335,0.16685,0.16268,0.16625,13003.8
1737864000000,0.16625,0.16767,0.1649,0.1659,11944.3
1737878400000,0.1659,0.16826,0.16395,0.16665,27704.4
1737892800000,0.16665,0.16665,0.16347,0.16544,28375.9
1737907200000,0.16544,0.16694,0.1645,0.16616,10783.7
1737921600000,0.16616,0.16637,0.15724,0.15745,19705.3
1737936000000,0.15745,0.15745,0.15014,0.15184,34421.9
1737950400000,0.15184,0.15184,0.14084,0.14494,79611.2
1737964800000,0.14494,0.14617,0.14163,0.14345,39794.7
1737979200000,0.14345,0.1526,0.14315,0.15094,30664.9
1737993600000,0.15094,0.15145,0.14542,0.14715,13003.5
1738008000000,0.14715,0.15495,0.14715,0.15396,21216.5
1738022400000,0.15396,0.15524,0.15155,0.15454,8855.7
1738036800000,0.15454,0.15608,0.15219,0.15245,8960.8
1738051200000,0.15245,0.15276,0.14864,0.14936,17785.6
1738065600000,0.14936,0.15082,0.14713,0.14866,18683.6
1738080000000,0.14866,0.14875,0.14356,0.14435,18568.2
1738094400000,0.14435,0.1452,0.13826,0.13926,35449.1
1738108800000,0.13926,0.14297,0.1386,0.14286,19586.4
1738123200000,0.14286,0.14524,0.14224,0.14505,16503.8
1738137600000,0.14505,0.14586,0.14225,0.14426,10708.2
1738152000000,0.14426,0.14456,0.13909,0.14065,26780.3
1738166400000,0.14065,0.14732,0.13914,0.14555,28232.7
1738180800000,0.14555,0.15023,0.14396,0.14486,22989.8
1738195200000,0.14486,0.15035,0.14354,0.15026,10819.4
1738209600000,0.15026,0.15186,0.14895,0.14995,11692.9
1738224000000,0.14995,0.15416,0.14894,0.15324,27719.7
1738238400000,0.15324,0.15774,0.15146,0.15624,22435.4
1738252800000,0.15624,0.15866,0.15385,0.15475,34955.1
1738267200000,0.15475,0.15525,0.15145,0.15235,14143.3
1738281600000,0.15235,0.15327,0.14938,0.15015,7643.7
1738296000000,0.15015,0.15355,0.14903,0.1521,16890.9
1738310400000,0.1521,0.15582,0.15025,0.15555,16092.4
1738324800000,0.15555,0.1603,0.15529,0.15985,33230.0
1738339200000,0.15985,0.16067,0.15273,0.15396,23524.7
1738353600000,0.15396,0.15494,0.15133,0.15447,9204.5
1738368000000,0.15447,0.15672,0.15355,0.15506,17256.2
1738382400000,0.15506,0.15666,0.15438,0.15515,6022.6
1738396800000,0.15515,0.15576,0.1502,0.15325,9590.5
1738411200000,0.15325,0.15367,0.1489,0.15055,8668.4
1738425600000,0.15055,0.15214,0.1469,0.14735,36446.9
1738440000000,0.14735,0.14746,0.14153,0.14245,25135.1
1738454400000,0.14245,0.14646,0.1386,0.13885,21078.1
1738468800000,0.13885,0.14258,0.13844,0.14135,26212.8
1738483200000,0.14135,0.14346,0.13694,0.13738,26727.4
1738497600000,0.13738,0.14036,0.13644,0.13855,21843.5
1738512000000,0.13855,0.13855,0.12256,0.12715,100995.4
1738526400000,0.12715,0.12895,0.11451,0.12204,87608.8
1738540800000,0.12204,0.12216,0.08867,0.10119,247143.0
1738555200000,0.10119,0.11402,0.09835,0.11365,60194.3
1738569600000,0.11365,0.11495,0.10827,0.11221,42590.8
1738584000000,0.11221,0.11901,0.10704,0.11759,66132.6
1738598400000,0.11759,0.12376,0.11675,0.1237,36844.7
1738612800000,0.1237,0.12723,0.12069,0.12595,23021.0
1738627200000,0.12595,0.12731,0.11963,0.12055,11971.2
1738641600000,0.12055,0.12226,0.11195,0.11235,25707.7
1738656000000,0.11235,0.1187,0.11171,0.11704,51751.2
1738670400000,0.11704,0.12172,0.11704,0.11826,27531.6
1738684800000,0.11826,0.12295,0.11735,0.11751,25653.9
1738699200000,0.11751,0.11901,0.11399,0.11774,33253.9
1738713600000,0.11774,0.1188,0.1157,0.11783,22135.3
1738728000000,0.11783,0.11984,0.11696,0.11814,21871.3
1738742400000,0.11814,0.11962,0.1171,0.11935,10692.5
1738756800000,0.11935,0.12609,0.11865,0.12306,219364.0
1738771200000,0.12306,0.13253,0.1193,0.1267,195026.0
1738785600000,0.1267,0.1275,0.11744,0.12104,201783.2
1738800000000,0.12104,0.12237,0.11945,0.12135,32915.1
1738814400000,0.12135,0.12351,0.12073,0.1217,33634.0
1738828800000,0.1217,0.12236,0.11854,0.12014,23566.4
1738843200000,0.12014,0.12031,0.11233,0.11275,41191.1
1738857600000,0.11275,0.11588,0.11184,0.11315,28115.3
1738872000000,0.11315,0.11565,0.11215,0.11305,15489.9
1738886400000,0.11305,0.11745,0.11294,0.11654,39245.4
1738900800000,0.11654,0.11726,0.11423,0.11545,17795.5
1738915200000,0.11545,0.11943,0.11494,0.11934,24559.5
1738929600000,0.11934,0.12415,0.11765,0.12105,62786.2
1738944000000,0.12105,0.12107,0.11754,0.11825,28841.2
1738958400000,0.11825,0.11825,0.11215,0.11575,43021.6
1738972800000,0.11575,0.11656,0.1142,0.11505,15307.6
1738987200000,0.11505,0.11955,0.11385,0.11674,106098.4
1739001600000,0.11674,0.11696,0.11048,0.11206,110056.9
1739016000000,0.11206,0.11605,0.11204,0.11414,124566.3
1739030400000,0.11414,0.11896,0.11385,0.11845,27049.4
1739044800000,0.11845,0.12026,0.11787,0.11944,15525.5
1739059200000,0.11944,0.12185,0.11834,0.12155,16397.9
1739073600000,0.12155,0.12166,0.11864,0.12105,16390.6
1739088000000,0.12105,0.12253,0.12065,0.12135,21819.3
1739102400000,0.12135,0.12196,0.11784,0.11955,28429.0
1739116800000,0.11955,0.12032,0.11605,0.11636,15671.8
1739131200000,0.11636,0.11816,0.1117,0.1173,23748.9
1739145600000,0.1173,0.11916,0.11222,0.11585,28547.8
1739160000000,0.11585,0.11845,0.11538,0.11684,21547.9
1739174400000,0.11684,0.11845,0.11644,0.11792,24222.3
1739188800000,0.11792,0.12131,0.11745,0.11895,43140.3
1739203200000,0.11895,0.12235,0.11889,0.12136,51125.6
1739217600000,0.12136,0.12215,0.12036,0.12161,16253.4
1739232000000,0.12161,0.12493,0.12135,0.12484,21808.5
1739246400000,0.12484,0.13193,0.12484,0.13065,48810.3
1739260800000,0.13065,0.13155,0.1275,0.12906,21465.9
1739275200000,0.12906,0.12906,0.12344,0.12564,23985.0
1739289600000,0.12564,0.12676,0.11995,0.12045,27034.1
1739304000000,0.12045,0.12275,0.1199,0.12095,18913.9
1739318400000,0.12095,0.12266,0.11966,0.12105,13415.7
1739332800000,0.12105,0.12145,0.11935,0.12054,13713.0
1739347200000,0.12054,0.12236,0.11984,0.12155,25398.2
1739361600000,0.12155,0.124,0.11725,0.12325,62483.3
1739376000000,0.12325,0.12895,0.12235,0.12846,38409.3
1739390400000,0.12846,0.1323,0.12794,0.13155,26518.4
1739404800000,0.13155,0.1321,0.12926,0.13065,17478.2
1739419200000,0.13065,0.13075,0.1248,0.12496,22531.3
1739433600000,0.12496,0.12597,0.12354,0.12505,19779.4
1739448000000,0.12505,0.12684,0.12297,0.12496,18166.3
1739462400000,0.12496,0.12625,0.12225,0.12454,16180.0
1739476800000,0.12454,0.12615,0.12384,0.12464,19605.0
1739491200000,0.12464,0.1269,0.12374,0.12665,12182.3
1739505600000,0.12665,0.12676,0.12453,0.12545,7634.5
1739520000000,0.12545,0.12805,0.12544,0.12636,20274.8
1739534400000,0.12636,0.12975,0.12576,0.12884,17072.9
1739548800000,0.12884,0.13156,0.12745,0.13035,28114.0
1739563200000,0.13035,0.13085,0.1261,0.12796,20137.5
1739577600000,0.12796,0.12866,0.12652,0.12776,8786.7
1739592000000,0.12776,0.1287,0.12628,0.12674,14358.5
1739606400000,0.12674,0.12806,0.12505,0.12576,10256.5
1739620800000,0.12576,0.12665,0.12325,0.12435,17581.8
1739635200000,0.12435,0.12511,0.12306,0.12424,14822.8
1739649600000,0.12424,0.12511,0.12297,0.12494,8813.5
1739664000000,0.12494,0.12596,0.1228,0.12365,8717.6
1739678400000,0.12365,0.12525,0.12345,0.12366,6924.5
1739692800000,0.12366,0.12717,0.12345,0.12704,25870.3
1739707200000,0.12704,0.12735,0.12258,0.12385,30745.4
1739721600000,0.12385,0.12499,0.12112,0.12256,17087.1
1739736000000,0.12256,0.12294,0.12105,0.12162,7411.8
1739750400000,0.12162,0.12437,0.12162,0.12265,10758.3
1739764800000,0.12265,0.12265,0.11893,0.12085,21466.6
1739779200000,0.12085,0.12345,0.12008,0.12294,16917.0
1739793600000,0.12294,0.12543,0.12135,0.12165,19110.5
1739808000000,0.12165,0.12256,0.11811,0.12026,30981.9
1739822400000,0.12026,0.12265,0.12009,0.12155,9311.3
1739836800000,0.12155,0.12176,0.1199,0.12035,7789.1
1739851200000,0.12035,0.12064,0.11505,0.11625,57703.2
1739865600000,0.11625,0.11794,0.11504,0.11713,14646.8
1739880000000,0.11713,0.1185,0.11249,0.11267,17345.1
1739894400000,0.11267,0.11435,0.11053,0.11364,25157.7
1739908800000,0.11364,0.11586,0.11275,0.11565,7207.5
1739923200000,0.11565,0.11726,0.11494,0.11654,9171.6
1739937600000,0.11654,0.11916,0.11524,0.11834,11506.9
1739952000000,0.11834,0.11976,0.11775,0.11957,12725.7
1739966400000,0.11957,0.11985,0.11683,0.11705,12410.4
1739980800000,0.11705,0.11955,0.11685,0.11946,19676.4
1739995200000,0.11946,0.12105,0.11815,0.12065,21052.4
1740009600000,0.12065,0.12493,0.11995,0.12454,18859.0
1740024000000,0.12454,0.12676,0.12124,0.12186,28616.1
1740038400000,0.12186,0.12423,0.12147,0.12385,13976.2
1740052800000,0.12385,0.12526,0.12236,0.12255,13173.6
1740067200000,0.12255,0.12475,0.12234,0.12404,13175.8
1740081600000,0.12404,0.12523,0.12326,0.12423,21190.0
1740096000000,0.12423,0.12585,0.12363,0.12525,14161.6
1740110400000,0.12525,0.12656,0.12513,0.12605,22253.9
1740124800000,0.12605,0.1285,0.12584,0.12794,20173.7
1740139200000,0.12794,0.13007,0.12301,0.1248,38424.7
1740153600000,0.1248,0.12683,0.1185,0.11886,27705.1
1740168000000,0.11886,0.12005,0.11744,0.11895,13658.2
1740182400000,0.11895,0.11976,0.11795,0.11965,10819.4
1740196800000,0.11965,0.12157,0.11925,0.12096,8849.5
1740211200000,0.12096,0.12227,0.11995,0.12126,15687.1
1740225600000,0.12126,0.12245,0.12095,0.12215,11891.4
1740240000000,0.12215,0.12435,0.12205,0.12365,11096.3
1740254400000,0.12365,0.12485,0.12263,0.12435,8658.3
1740268800000,0.12435,0.12506,0.12355,0.12386,6102.5
1740283200000,0.12386,0.12516,0.12297,0.12506,6496.1
1740297600000,0.12506,0.12515,0.12234,0.12234,19741.9
1740312000000,0.12234,0.12284,0.11919,0.11946,12953.7
1740326400000,0.11946,0.12106,0.11924,0.12004,11756.2
1740340800000,0.12004,0.12158,0.1191,0.12095,14618.5
1740355200000,0.12095,0.12135,0.11625,0.11669,19125.5
1740369600000,0.11669,0.11786,0.11549,0.11694,32588.1
1740384000000,0.11694,0.11694,0.11424,0.11626,17963.8
1740398400000,0.11626,0.11726,0.11198,0.11295,36891.9
1740412800000,0.11295,0.11454,0.1097,0.11058,39090.1
1740427200000,0.11058,0.11256,0.10278,0.10485,108852.0
1740441600000,0.10485,0.10725,0.10156,0.10555,48919.7
1740456000000,0.10555,0.10778,0.10065,0.10425,53479.4
1740470400000,0.10425,0.10893,0.10364,0.10871,44535.2
1740484800000,0.10871,0.10965,0.10502,0.1083,39215.0
1740499200000,0.1083,0.10996,0.10665,0.10984,25727.0
1740513600000,0.10984,0.11254,0.1088,0.11055,114371.2
1740528000000,0.11055,0.11165,0.10904,0.11115,19231.5
1740542400000,0.11115,0.11226,0.11064,0.11165,11566.8
1740556800000,0.11165,0.1151,0.11064,0.11359,18948.7
1740571200000,0.11359,0.11497,0.10926,0.11405,28439.8
1740585600000,0.11405,0.11466,0.10754,0.10935,28320.9
1740600000000,0.10935,0.11451,0.10814,0.11195,34351.7
1740614400000,0.11195,0.11451,0.11105,0.11395,13163.4
1740628800000,0.11395,0.11602,0.11305,0.11556,9111.7
1740643200000,0.11556,0.11676,0.11495,0.11595,13961.3
1740657600000,0.11595,0.11736,0.11356,0.11455,25222.2
1740672000000,0.11455,0.11496,0.11249,0.11275,11193.6
1740686400000,0.11275,0.11424,0.11026,0.11396,27517.0
1740700800000,0.11396,0.11417,0.106,0.10615,55164.8
1740715200000,0.10615,0.10745,0.10472,0.10585,32274.1
1740729600000,0.10585,0.10846,0.10365,0.10727,43339.5
1740744000000,0.10727,0.11396,0.10685,0.11255,48127.8
1740758400000,0.11255,0.11476,0.11194,0.11435,38149.6
1740772800000,0.11435,0.11457,0.11283,0.11374,9404.6
1740787200000,0.11374,0.11426,0.11211,0.11284,20117.0
1740801600000,0.11284,0.11376,0.11075,0.11114,16376.7
1740816000000,0.11114,0.11255,0.10884,0.10936,19585.8
1740830400000,0.10936,0.10975,0.10737,0.10865,14384.1
1740844800000,0.10865,0.10966,0.10794,0.1091,12252.4
1740859200000,0.1091,0.11096,0.10835,0.11056,9672.9
1740873600000,0.11056,0.11086,0.10924,0.11005,6700.5
1740888000000,0.11005,0.1106,0.10894,0.10925,4703.4
1740902400000,0.10925,0.11166,0.10884,0.11116,10962.2
1740916800000,0.11116,0.1148,0.10894,0.11237,31744.9
1740931200000,0.11237,0.1214,0.11237,0.12056,100137.2
1740945600000,0.12056,0.12162,0.11964,0.12105,27140.0
1740960000000,0.12105,0.12212,0.1153,0.11614,24543.1
1740974400000,0.11614,0.11716,0.11155,0.11437,22008.6
1740988800000,0.11437,0.11444,0.11186,0.11322,19133.5
1741003200000,0.11322,0.11425,0.10955,0.11076,41693.6
1741017600000,0.11076,0.11123,0.10232,0.10282,64294.4
1741032000000,0.10282,0.10404,0.10097,0.10265,41662.3
1741046400000,0.10265,0.10315,0.09392,0.09754,57250.6
1741060800000,0.09754,0.09985,0.09706,0.09825,20957.9
1741075200000,0.09825,0.09945,0.09695,0.09785,20226.2
1741089600000,0.09785,0.10085,0.09494,0.09806,67080.6
1741104000000,0.09806,0.10176,0.09313,0.10154,59366.4
1741118400000,0.10154,0.10293,0.09966,0.10124,8754.7
1741132800000,0.10124,0.10215,0.09974,0.09974,21344.3
1741147200000,0.09974,0.10155,0.09964,0.10125,10188.7
1741161600000,0.10125,0.10496,0.10104,0.10326,30894.2
1741176000000,0.10326,0.10448,0.10091,0.10155,15196.7
1741190400000,0.10155,0.10496,0.1,0.10464,16206.6
1741204800000,0.10464,0.10536,0.10414,0.10473,16203.4
1741219200000,0.10473,0.10571,0.10304,0.10556,12069.8
1741233600000,0.10556,0.10705,0.10365,0.10385,17920.4
1741248000000,0.10385,0.10655,0.10385,0.10524,53221.4
1741262400000,0.10524,0.10605,0.10254,0.10504,21231.3
1741276800000,0.10504,0.10565,0.1,0.10035,27808.6
1741291200000,0.10035,0.10256,0.10019,0.10117,15517.2
1741305600000,0.10117,0.10245,0.09635,0.10076,43407.4
1741320000000,0.10076,0.10446,0.10065,0.10446,13085.4
1741334400000,0.10446,0.10565,0.10287,0.10486,11676.3
1741348800000,0.10486,0.107,0.10344,0.10526,38669.4
1741363200000,0.10526,0.10591,0.10218,0.10444,67724.1
1741377600000,0.10444,0.10506,0.10089,0.10165,26767.0
1741392000000,0.10165,0.10167,0.09927,0.10125,39729.7
1741406400000,0.10125,0.102,0.09955,0.09984,8444.4
1741420800000,0.09984,0.10076,0.09884,0.09936,10527.6
1741435200000,0.09936,0.10115,0.09894,0.09994,9586.6
1741449600000,0.09994,0.10165,0.09875,0.10144,12081.4
1741464000000,0.10144,0.10146,0.09913,0.09977,6304.8
1741478400000,0.09977,0.10056,0.09825,0.09896,8601.7
1741492800000,0.09896,0.0995,0.09764,0.09865,7838.7
1741507200000,0.09865,0.09875,0.09504,0.09585,30618.1
1741521600000,0.09585,0.09617,0.09194,0.09255,28531.8
1741536000000,0.09255,0.0932,0.08704,0.08974,63922.9
1741550400000,0.08974,0.09084,0.08787,0.08874,29522.5
1741564800000,0.08874,0.09123,0.08784,0.09055,32431.8
1741579200000,0.09055,0.09232,0.09055,0.09195,19566.8
1741593600000,0.09195,0.09504,0.09027,0.09423,27628.2
1741608000000,0.09423,0.09515,0.08865,0.09015,33983.3
1741622400000,0.09015,0.09046,0.08275,0.08725,58808.9
1741636800000,0.08725,0.08892,0.08495,0.08495,61120.6
1741651200000,0.08495,0.08635,0.07854,0.08535,60116.4
1741665600000,0.08535,0.08816,0.0849,0.08715,20319.5
1741680000000,0.08715,0.08885,0.08686,0.08815,21167.2
1741694400000,0.08815,0.09017,0.08564,0.08894,42355.2
1741708800000,0.08894,0.09195,0.08705,0.09156,29246.2
1741723200000,0.09156,0.09167,0.09014,0.09045,11890.6
1741737600000,0.09045,0.09145,0.08754,0.08764,11842.1
1741752000000,0.08764,0.08982,0.08664,0.08955,14892.2
1741766400000,0.08955,0.09146,0.08896,0.09095,21660.3
1741780800000,0.09095,0.09365,0.088,0.08954,51602.7
1741795200000,0.08954,0.09216,0.08934,0.09114,16235.6
1741809600000,0.09114,0.09226,0.09085,0.09184,14489.7
1741824000000,0.09184,0.09256,0.09075,0.09145,20452.1
1741838400000,0.09145,0.09175,0.08905,0.08966,20730.7
1741852800000,0.08966,0.09175,0.08904,0.09125,14238.5
1741867200000,0.09125,0.0926,0.08874,0.08925,22242.7
1741881600000,0.08925,0.08936,0.08711,0.08785,15827.8
1741896000000,0.08785,0.09021,0.08707,0.08905,12635.8
1741910400000,0.08905,0.09055,0.08884,0.09013,8851.6
1741924800000,0.09013,0.09106,0.08994,0.09065,5792.6
1741939200000,0.09065,0.0915,0.09024,0.09125,17510.8
1741953600000,0.09125,0.09315,0.09055,0.09225,34633.3
1741968000000,0.09225,0.09246,0.09103,0.09174,13657.3
1741982400000,0.09174,0.09217,0.09073,0.09095,8879.2
1741996800000,0.09095,0.09178,0.09068,0.09176,8863.0
1742011200000,0.09176,0.09229,0.09094,0.09115,18916.1
1742025600000,0.09115,0.09124,0.09013,0.09105,14671.3
1742040000000,0.09105,0.09135,0.09044,0.09126,10120.0
1742054400000,0.09126,0.0923,0.09104,0.09195,15731.2
1742068800000,0.09195,0.09322,0.09175,0.09236,211978.6
1742083200000,0.09236,0.09236,0.09053,0.09215,24334.2
1742097600000,0.09215,0.09231,0.09125,0.09166,15867.2
1742112000000,0.09166,0.09185,0.08855,0.08885,126257.2
1742126400000,0.08885,0.08955,0.08725,0.08875,15374.2
1742140800000,0.08875,0.09082,0.0871,0.08747,19138.6
1742155200000,0.08747,0.08826,0.08604,0.08715,8530.7
1742169600000,0.08715,0.09013,0.08683,0.08975,29184.5
1742184000000,0.08975,0.0901,0.08824,0.08965,8913.8
1742198400000,0.08965,0.09186,0.08934,0.09166,12492.5
1742212800000,0.09166,0.09283,0.08995,0.09149,40143.4
1742227200000,0.09149,0.09264,0.09105,0.09225,18921.3
1742241600000,0.09225,0.09317,0.09175,0.09195,11633.5
1742256000000,0.09195,0.09227,0.08949,0.08974,12771.8
1742270400000,0.08974,0.09075,0.08885,0.08976,6538.4
1742284800000,0.08976,0.09106,0.08924,0.08985,8765.3
1742299200000,0.08985,0.09081,0.08803,0.08827,18469.3
1742313600000,0.08827,0.08982,0.08773,0.08981,19441.3
1742328000000,0.08981,0.09247,0.08933,0.09205,9315.9
1742342400000,0.09205,0.09428,0.09205,0.09417,57556.0
1742356800000,0.09417,0.09425,0.09104,0.09105,18438.5
1742371200000,0.09105,0.09405,0.09103,0.09315,25535.0
1742385600000,0.09315,0.09426,0.09225,0.09363,31842.5
1742400000000,0.09363,0.0947,0.09145,0.09394,48068.6
1742414400000,0.09394,0.09543,0.09374,0.09516,43758.6
1742428800000,0.09516,0.09561,0.09323,0.09365,19977.7
1742443200000,0.09365,0.09416,0.09314,0.09346,6613.8
1742457600000,0.09346,0.09436,0.09157,0.09224,12862.0
1742472000000,0.09224,0.09339,0.09143,0.09165,13553.8
1742486400000,0.09165,0.09199,0.09034,0.09065,33599.2
1742500800000,0.09065,0.0913,0.08945,0.09004,16996.9
1742515200000,0.09004,0.09108,0.08975,0.09015,23765.4
1742529600000,0.09015,0.09127,0.08944,0.08984,14810.4
1742544000000,0.08984,0.09026,0.08824,0.08875,21989.0
1742558400000,0.08875,0.08982,0.08798,0.08865,14933.2
1742572800000,0.08865,0.09045,0.08835,0.08995,17729.2
1742587200000,0.08995,0.09046,0.08923,0.08934,16647.2
1742601600000,0.08934,0.09027,0.08924,0.08994,5228.9
1742616000000,0.08994,0.09133,0.08994,0.09114,8995.9
1742630400000,0.09114,0.09234,0.09113,0.09185,15478.5
1742644800000,0.09185,0.09196,0.09013,0.09145,21783.3
1742659200000,0.09145,0.09295,0.09133,0.09235,36369.7
1742673600000,0.09235,0.09255,0.09045,0.09117,9492.9
1742688000000,0.09117,0.09196,0.09064,0.09196,5655.6
1742702400000,0.09196,0.09197,0.09068,0.09125,3539.0
1742716800000,0.09125,0.09311,0.09125,0.09214,28172.8
1742731200000,0.09214,0.09216,0.0905,0.09135,6981.4
1742745600000,0.09135,0.09136,0.08994,0.09085,13078.1
1742760000000,0.09085,0.09166,0.09043,0.0915,7886.2
1742774400000,0.0915,0.09267,0.0903,0.09246,21717.8
1742788800000,0.09246,0.0946,0.09246,0.09416,14936.7
1742803200000,0.09416,0.09716,0.09416,0.09594,65104.8
1742817600000,0.09594,0.09777,0.09585,0.09772,32072.3
1742832000000,0.09772,0.09794,0.09614,0.09689,18067.4
1742846400000,0.09689,0.09816,0.09645,0.09675,17025.0
1742860800000,0.09675,0.09797,0.09566,0.09599,12416.2
1742875200000,0.09599,0.0973,0.09554,0.09646,9158.4
1742889600000,0.09646,0.09775,0.09644,0.09753,3967.1
1742904000000,0.09753,0.09997,0.09624,0.098,50430.0
1742918400000,0.098,0.09996,0.09768,0.09904,13055.2
1742932800000,0.09904,0.10007,0.09884,0.10006,16510.6
1742947200000,0.10006,0.10105,0.0988,0.09953,7999.4
1742961600000,0.09953,0.10174,0.09934,0.10164,27346.9
1742976000000,0.10164,0.10173,0.10034,0.10105,17747.6
1742990400000,0.10105,0.10105,0.09646,0.09794,29403.9
1743004800000,0.09794,0.09848,0.09563,0.0967,23971.6
1743019200000,0.0967,0.09816,0.09646,0.09665,19190.0
1743033600000,0.09665,0.09917,0.09635,0.09885,24226.4
1743048000000,0.09885,0.09896,0.09744,0.09785,8836.9
1743062400000,0.09785,0.09815,0.09503,0.09516,20268.7
1743076800000,0.09516,0.09695,0.09348,0.09614,17450.9
1743091200000,0.09614,0.09665,0.09465,0.09554,16034.6
1743105600000,0.09554,0.09674,0.09519,0.09584,25557.2
1743120000000,0.09584,0.09626,0.09394,0.09436,14383.6
1743134400000,0.09436,0.09476,0.08955,0.08956,46589.7
1743148800000,0.08956,0.09035,0.08909,0.09024,14981.4
1743163200000,0.09024,0.09063,0.08683,0.08737,15896.4
1743177600000,0.08737,0.08766,0.08625,0.08665,26560.2
1743192000000,0.08665,0.08836,0.08624,0.08816,21925.3
1743206400000,0.08816,0.08846,0.08494,0.08624,26465.7
1743220800000,0.08624,0.0866,0.08394,0.08435,17132.5
1743235200000,0.08435,0.08547,0.08274,0.08325,21261.7
1743249600000,0.08325,0.08442,0.08313,0.08336,9307.0
1743264000000,0.08336,0.08366,0.08094,0.08265,22224.7
1743278400000,0.08265,0.08292,0.0814,0.08254,30178.4
1743292800000,0.08254,0.08446,0.08174,0.08355,33000.8
1743307200000,0.08355,0.08496,0.08355,0.08444,13811.5
1743321600000,0.08444,0.08524,0.08384,0.08414,2497.3
1743336000000,0.08414,0.08418,0.08224,0.08304,6189.4
1743350400000,0.08304,0.08446,0.08215,0.08371,14084.3
1743364800000,0.08371,0.08386,0.08169,0.08285,9522.0
1743379200000,0.08285,0.08344,0.08104,0.08175,21993.1
1743393600000,0.08175,0.08266,0.08017,0.08054,18540.1
1743408000000,0.08054,0.08135,0.079,0.08096,19716.1
1743422400000,0.08096,0.0823,0.07985,0.08155,17302.9
1743436800000,0.08155,0.08205,0.08034,0.08104,16293.2
1743451200000,0.08104,0.08136,0.08,0.08065,10330.6
1743465600000,0.08065,0.0817,0.08024,0.08144,15181.2
1743480000000,0.08144,0.08255,0.08124,0.08186,22155.8
1743494400000,0.08186,0.08305,0.08104,0.08135,20665.6
1743508800000,0.08135,0.08324,0.08034,0.08285,22401.8
1743523200000,0.08285,0.08315,0.08064,0.08096,11260.7
1743537600000,0.08096,0.08205,0.08053,0.08146,9855.6
1743552000000,0.08146,0.08146,0.07794,0.07963,26086.9
1743566400000,0.07963,0.07986,0.07744,0.07837,15333.9
1743580800000,0.07837,0.07976,0.07804,0.07866,14437.3
1743595200000,0.07866,0.08067,0.07764,0.08002,30391.7
1743609600000,0.08002,0.08045,0.07773,0.07877,12766.1
1743624000000,0.07877,0.08026,0.07244,0.07374,61714.9
1743638400000,0.07374,0.07595,0.07334,0.07564,17072.4
1743652800000,0.07564,0.07626,0.07395,0.07444,9724.7
1743667200000,0.07444,0.07485,0.07204,0.07295,16247.1
1743681600000,0.07295,0.07336,0.07115,0.07306,23264.2
1743696000000,0.07306,0.07416,0.07274,0.07385,9890.9
1743710400000,0.07385,0.07486,0.07364,0.07445,9057.6
1743724800000,0.07445,0.07496,0.07367,0.07414,22808.7
1743739200000,0.07414,0.07477,0.07333,0.07426,25425.1
1743753600000,0.07426,0.07476,0.07055,0.07175,17602.6
1743768000000,0.07175,0.07376,0.07126,0.07246,44079.9
1743782400000,0.07246,0.07366,0.07195,0.07316,20856.6
1743796800000,0.07316,0.074,0.07304,0.07346,11797.4
1743811200000,0.07346,0.07432,0.0732,0.07324,4669.0
1743825600000,0.07324,0.07427,0.07314,0.07415,6459.5
1743840000000,0.07415,0.07436,0.07344,0.07346,8774.4
1743854400000,0.07346,0.0737,0.07155,0.07186,6021.9
1743868800000,0.07186,0.07206,0.07144,0.07175,3031.9
1743883200000,0.07175,0.07256,0.07163,0.07255,8829.7
1743897600000,0.07255,0.07276,0.07214,0.07255,3165.1
1743912000000,0.07255,0.07277,0.07205,0.07225,2927.0
1743926400000,0.07225,0.07225,0.07153,0.07195,3856.6
1743940800000,0.07195,0.07207,0.06905,0.06974,19366.3
1743955200000,0.06974,0.06977,0.06438,0.06575,36160.0
1743969600000,0.06575,0.0663,0.0631,0.06485,37810.6
1743984000000,0.06485,0.06688,0.06314,0.06395,28356.3
1743998400000,0.06395,0.06469,0.05924,0.06116,49283.3
1744012800000,0.06116,0.06518,0.06045,0.06365,29285.6
1744027200000,0.06365,0.06924,0.06364,0.06615,95162.7
1744041600000,0.06615,0.06731,0.06494,0.06636,27261.6
1744056000000,0.06636,0.06767,0.06635,0.06675,7706.9
1744070400000,0.06675,0.06855,0.06607,0.06725,12237.9
1744084800000,0.06725,0.06795,0.06573,0.06616,8275.3
1744099200000,0.06616,0.06776,0.06555,0.06764,8021.4
1744113600000,0.06764,0.06786,0.06535,0.06595,12715.8
1744128000000,0.06595,0.06595,0.06245,0.06325,42642.0
1744142400000,0.06325,0.06357,0.06235,0.06296,16879.5
1744156800000,0.06296,0.06399,0.06059,0.06334,24495.4
1744171200000,0.06334,0.06539,0.06316,0.06525,13509.1
1744185600000,0.06525,0.06545,0.06325,0.06355,13219.4
1744200000000,0.06355,0.06542,0.06295,0.06457,19570.0
1744214400000,0.06457,0.06895,0.06435,0.06847,67507.7
1744228800000,0.06847,0.06935,0.06833,0.06876,56521.4
1744243200000,0.06876,0.06876,0.0656,0.06625,57243.9
1744257600000,0.06625,0.06696,0.06576,0.06616,20951.1
1744272000000,0.06616,0.06636,0.06514,0.06618,37393.9
1744286400000,0.06618,0.06765,0.06354,0.06385,55263.1
1744300800000,0.06385,0.06498,0.06334,0.06456,38397.1
1744315200000,0.06456,0.06555,0.06424,0.06474,42292.1
1744329600000,0.06474,0.0658,0.06444,0.06555,25225.5
1744344000000,0.06555,0.06576,0.065,0.06537,13238.6
1744358400000,0.06537,0.0664,0.06504,0.06564,13148.3
1744372800000,0.06564,0.06656,0.06544,0.06635,31922.4
1744387200000,0.06635,0.06726,0.06594,0.06646,22287.2
1744401600000,0.06646,0.06707,0.06574,0.06575,27913.7
1744416000000,0.06575,0.06596,0.06523,0.06554,5285.6
1744430400000,0.06554,0.06636,0.06525,0.06615,9522.8
1744444800000,0.06615,0.06726,0.06614,0.06714,12881.0
1744459200000,0.06714,0.069,0.06704,0.06884,22226.4
1744473600000,0.06884,0.06903,0.06764,0.06805,22177.0
1744488000000,0.06805,0.06947,0.06805,0.06894,12972.7
1744502400000,0.06894,0.06916,0.06754,0.06794,11559.3
1744516800000,0.06794,0.06797,0.06683,0.06754,5977.0
1744531200000,0.06754,0.06816,0.06724,0.06745,6866.9
1744545600000,0.06745,0.06756,0.06556,0.06613,13887.9
1744560000000,0.06613,0.06756,0.0634,0.06405,37703.9
1744574400000,0.06405,0.06466,0.06264,0.06364,35355.2
1744588800000,0.06364,0.06615,0.06354,0.06486,21265.7
1744603200000,0.06486,0.0659,0.06375,0.06456,15554.1
1744617600000,0.06456,0.06567,0.06404,0.06554,16723.1
1744632000000,0.06554,0.06567,0.06324,0.06334,26847.6
1744646400000,0.06334,0.06426,0.06295,0.06364,25654.5
1744660800000,0.06364,0.06406,0.06308,0.06326,18265.7
1744675200000,0.06326,0.06367,0.06256,0.06355,22212.3
1744689600000,0.06355,0.06396,0.06224,0.06286,32389.3
1744704000000,0.06286,0.06322,0.06184,0.06204,23193.7
1744718400000,0.06204,0.06303,0.06115,0.06205,28512.4
1744732800000,0.06205,0.06227,0.0608,0.06116,19484.0
1744747200000,0.06116,0.06147,0.06074,0.06114,11198.5
1744761600000,0.06114,0.06187,0.06064,0.06136,7875.2
1744776000000,0.06136,0.06145,0.06014,0.06034,13278.0
1744790400000,0.06034,0.06116,0.0596,0.06054,26192.1
1744804800000,0.06054,0.06176,0.05983,0.06074,18724.0
1744819200000,0.06074,0.0615,0.059,0.06085,50156.5
1744833600000,0.06085,0.06147,0.05974,0.05986,23071.5
1744848000000,0.05986,0.0607,0.05965,0.05994,15953.4
1744862400000,0.05994,0.06136,0.05994,0.06104,19192.5
1744876800000,0.06104,0.06117,0.06013,0.06055,11137.8
1744891200000,0.06055,0.061,0.05934,0.06096,26010.7
1744905600000,0.06096,0.06185,0.06024,0.06065,25732.2
1744920000000,0.06065,0.06146,0.06055,0.06094,10571.1
1744934400000,0.06094,0.06176,0.06024,0.06155,14465.4
1744948800000,0.06155,0.06276,0.06143,0.06266,15982.1
1744963200000,0.06266,0.0632,0.06224,0.06274,35015.3
1744977600000,0.06274,0.06316,0.06214,0.06235,11774.1
1744992000000,0.06235,0.06285,0.06223,0.06226,14935.4
1745006400000,0.06226,0.06288,0.06223,0.06274,12757.6
1745020800000,0.06274,0.0654,0.06264,0.06475,16116.7
1745035200000,0.06475,0.065,0.06408,0.06486,10293.0
1745049600000,0.06486,0.06495,0.0639,0.06424,16196.5
1745064000000,0.06424,0.06611,0.06383,0.06576,22616.5
1745078400000,0.06576,0.06736,0.06514,0.06604,78519.3
1745092800000,0.06604,0.06736,0.06584,0.06664,14610.9
1745107200000,0.06664,0.06735,0.06634,0.06716,11476.2
1745121600000,0.06716,0.06859,0.06654,0.06674,38300.5
1745136000000,0.06674,0.0669,0.06456,0.06536,22487.4
1745150400000,0.06536,0.08493,0.06534,0.08283,285347.9
1745164800000,0.08283,0.10185,0.08142,0.08869,1086201.7
1745179200000,0.08869,0.1022,0.0839,0.08864,549130.7
1745193600000,0.08864,0.09878,0.08535,0.09315,519293.0
1745208000000,0.09315,0.11248,0.08804,0.1026,1043121.5
1745222400000,0.1026,0.11592,0.1017,0.10868,1213519.8
1745236800000,0.10868,0.1181,0.0987,0.09937,891292.5
1745251200000,0.09937,0.1027,0.09175,0.0934,503298.2
1745265600000,0.0934,0.11086,0.0892,0.09189,893315.1
1745280000000,0.09189,0.09406,0.0857,0.08895,339742.9
1745294400000,0.08895,0.09296,0.08595,0.08926,252997.8
1745308800000,0.08926,0.09006,0.08674,0.08699,198869.5
1745323200000,0.08699,0.08835,0.0846,0.08705,194156.9
1745337600000,0.08705,0.08813,0.08604,0.08695,97682.7
1745352000000,0.08695,0.09752,0.08674,0.08885,712613.7
1745366400000,0.08885,0.08943,0.08666,0.08926,105095.1
1745380800000,0.08926,0.08955,0.08755,0.08898,107499.5
1745395200000,0.08898,0.09145,0.08826,0.09034,166353.4
1745409600000,0.09034,0.09316,0.08665,0.08795,155085.3
1745424000000,0.08795,0.08945,0.08606,0.08654,82106.4
1745438400000,0.08654,0.08782,0.08643,0.08755,39451.2
1745452800000,0.08755,0.08822,0.08536,0.0854,53283.5
1745467200000,0.0854,0.09226,0.08495,0.08957,145525.0
1745481600000,0.08957,0.09186,0.08834,0.09042,133672.3
1745496000000,0.09042,0.09261,0.08929,0.09185,92431.4
1745510400000,0.09185,0.09272,0.08934,0.09105,85113.3
1745524800000,0.09105,0.09166,0.08947,0.09165,41309.6
1745539200000,0.09165,0.09283,0.09054,0.09096,41719.9
1745553600000,0.09096,0.0922,0.08927,0.09185,53558.5
1745568000000,0.09185,0.09195,0.08978,0.09145,60314.8
1745582400000,0.09145,0.09189,0.08979,0.09078,66112.0
1745596800000,0.09078,0.09115,0.08854,0.08946,44242.5
1745611200000,0.08946,0.09041,0.08829,0.08996,19778.5
1745625600000,0.08996,0.09485,0.08996,0.09385,57116.1
1745640000000,0.09385,0.09432,0.0923,0.09285,48112.2
1745654400000,0.09285,0.09346,0.08974,0.09015,47776.6
1745668800000,0.09015,0.09086,0.08923,0.09075,28149.0
1745683200000,0.09075,0.09085,0.08926,0.08974,15262.2
1745697600000,0.08974,0.09476,0.08899,0.09035,166603.0
1745712000000,0.09035,0.09104,0.08546,0.08745,54964.7
1745726400000,0.08745,0.08776,0.08434,0.08635,72305.7
1745740800000,0.08635,0.08701,0.08604,0.08625,26021.0
1745755200000,0.08625,0.08636,0.08401,0.08435,63527.7
1745769600000,0.08435,0.08546,0.08349,0.08515,61713.9
1745784000000,0.08515,0.08544,0.08373,0.08436,24676.9
1745798400000,0.08436,0.08491,0.08169,0.08384,46336.3
1745812800000,0.08384,0.08634,0.08354,0.08616,51975.4
1745827200000,0.08616,0.08714,0.08514,0.08666,54592.5
1745841600000,0.08666,0.08669,0.08354,0.08434,41872.1
1745856000000,0.08434,0.08684,0.08386,0.08634,32705.8
1745870400000,0.08634,0.08701,0.0857,0.08675,14584.4
1745884800000,0.08675,0.08806,0.08644,0.08755,19549.4
1745899200000,0.08755,0.08814,0.08669,0.08784,20613.2
1745913600000,0.08784,0.08806,0.08573,0.08626,25687.4
1745928000000,0.08626,0.08683,0.085,0.08645,22898.9
1745942400000,0.08645,0.08737,0.08544,0.08567,14910.7
1745956800000,0.08567,0.08585,0.08086,0.08254,29817.4
1745971200000,0.08254,0.08367,0.08195,0.08355,20065.8
1745985600000,0.08355,0.08486,0.08305,0.08365,26815.9
1746000000000,0.08365,0.08579,0.08354,0.08565,32133.8
1746014400000,0.08565,0.08586,0.08121,0.08356,53822.2
1746028800000,0.08356,0.085,0.08265,0.08436,21167.9
1746043200000,0.08436,0.08572,0.08428,0.08484,17319.3
1746057600000,0.08484,0.08644,0.08433,0.08444,18978.8
1746072000000,0.08444,0.08624,0.08414,0.08615,16112.5
1746086400000,0.08615,0.0877,0.08574,0.08635,42590.4
1746100800000,0.08635,0.08704,0.08519,0.08566,28757.5
1746115200000,0.08566,0.08624,0.08423,0.08496,26692.6
1746129600000,0.08496,0.08566,0.08403,0.08473,14732.1
1746144000000,0.08473,0.08626,0.08444,0.08505,28398.5
1746158400000,0.08505,0.08536,0.08314,0.08334,31345.0
1746172800000,0.08334,0.08407,0.08314,0.08344,25708.7
1746187200000,0.08344,0.08435,0.08295,0.08325,37063.3
1746201600000,0.08325,0.08411,0.08248,0.08285,18640.8
1746216000000,0.08285,0.08406,0.08264,0.08404,12080.3
1746230400000,0.08404,0.08437,0.08253,0.08365,16322.1
1746244800000,0.08365,0.08426,0.08315,0.08324,14782.6
1746259200000,0.08324,0.08366,0.08113,0.08115,26385.6
1746273600000,0.08115,0.08215,0.0806,0.08166,13597.9
1746288000000,0.08166,0.08176,0.07678,0.0783,69005.3
1746302400000,0.0783,0.07845,0.07618,0.07618,39372.4
1746316800000,0.07618,0.07625,0.07356,0.07385,64931.3
1746331200000,0.07385,0.07466,0.07305,0.07376,48891.9
1746345600000,0.07376,0.07497,0.07294,0.07475,29461.6
1746360000000,0.07475,0.07546,0.07374,0.07435,27864.3
1746374400000,0.07435,0.07488,0.07354,0.07415,17400.5
1746388800000,0.07415,0.07556,0.07414,0.07515,18274.6
1746403200000,0.07515,0.07696,0.07454,0.07586,45617.8
1746417600000,0.07586,0.07667,0.07513,0.07523,12436.9
1746432000000,0.07523,0.07576,0.07363,0.07407,37698.5
1746446400000,0.07407,0.07421,0.0723,0.073,118504.4
1746460800000,0.073,0.07434,0.07275,0.07365,49035.9
1746475200000,0.07365,0.07448,0.07225,0.07364,25995.6
1746489600000,0.07364,0.07551,0.07364,0.07526,35688.2
1746504000000,0.07526,0.07576,0.07424,0.07464,28151.6
1746518400000,0.07464,0.07506,0.07143,0.07212,43313.9
1746532800000,0.07212,0.07356,0.07168,0.07203,40447.9
1746547200000,0.07203,0.07392,0.07154,0.07297,33219.2
1746561600000,0.07297,0.07441,0.07008,0.07406,46024.7
1746576000000,0.07406,0.07569,0.07394,0.07454,46010.4
1746590400000,0.07454,0.07537,0.07393,0.07535,19112.3
1746604800000,0.07535,0.07626,0.07438,0.07494,25379.8
1746619200000,0.07494,0.07505,0.07305,0.07325,16516.6
1746633600000,0.07325,0.07326,0.07143,0.07165,36195.1
1746648000000,0.07165,0.07396,0.071,0.07313,25797.8
1746662400000,0.07313,0.07552,0.0727,0.07534,31474.4
1746676800000,0.07534,0.07661,0.07527,0.07635,29350.3
1746691200000,0.07635,0.07785,0.07615,0.07765,37883.4
1746705600000,0.07765,0.08081,0.07664,0.07985,53798.1
1746720000000,0.07985,0.08168,0.07985,0.08094,64957.6
1746734400000,0.08094,0.08401,0.08094,0.08346,47589.6
1746748800000,0.08346,0.08556,0.08325,0.08404,41051.2
1746763200000,0.08404,0.0891,0.08373,0.08806,152922.8
1746777600000,0.08806,0.092,0.08722,0.09005,125127.5
1746792000000,0.09005,0.09216,0.08823,0.09016,66453.1
1746806400000,0.09016,0.09103,0.08886,0.09026,42212.3
1746820800000,0.09026,0.09186,0.09014,0.09175,23063.7
1746835200000,0.09175,0.09465,0.09148,0.09314,59144.0
1746849600000,0.09314,0.0942,0.09144,0.09375,25202.9
1746864000000,0.09375,0.0951,0.0917,0.09195,36839.2
1746878400000,0.09195,0.09577,0.09154,0.09506,128052.3
1746892800000,0.09506,0.09852,0.09435,0.09805,147599.5
1746907200000,0.09805,0.1022,0.09714,0.10045,60906.5
1746921600000,0.10045,0.10183,0.09723,0.09905,93232.2
1746936000000,0.09905,0.09944,0.09381,0.09425,51640.9
1746950400000,0.09425,0.09717,0.09409,0.09675,107467.8
1746964800000,0.09675,0.09765,0.09443,0.09525,40538.6
1746979200000,0.09525,0.09657,0.09364,0.09576,52059.5
1746993600000,0.09576,0.09655,0.09484,0.09555,24449.7
1747008000000,0.09555,0.09713,0.0941,0.09675,49925.2
1747022400000,0.09675,0.09976,0.09475,0.09841,60372.0
1747036800000,0.09841,0.10027,0.09643,0.09744,60605.1
1747051200000,0.09744,0.10024,0.09486,0.09594,60458.6
1747065600000,0.09594,0.09811,0.09063,0.09455,69391.5
1747080000000,0.09455,0.09755,0.09384,0.0967,30405.3
1747094400000,0.0967,0.0967,0.08924,0.08954,46723.4
1747108800000,0.08954,0.09295,0.08942,0.09195,37246.2
1747123200000,0.09195,0.09543,0.09143,0.09475,97792.0
1747137600000,0.09475,0.09695,0.09357,0.09642,34006.9
1747152000000,0.09642,0.10064,0.09615,0.10015,66252.3
1747166400000,0.10015,0.10124,0.0988,0.09954,37301.2
1747180800000,0.09954,0.10246,0.0994,0.10036,50704.3
1747195200000,0.10036,0.10376,0.09943,0.09952,146671.8
1747209600000,0.09952,0.10016,0.09682,0.10003,66964.6
1747224000000,0.10003,0.10005,0.0955,0.09637,299053.3
1747238400000,0.09637,0.09696,0.09472,0.09556,34552.1
1747252800000,0.09556,0.09595,0.09374,0.09434,18981.9
1747267200000,0.09434,0.09605,0.0929,0.09324,36361.0
1747281600000,0.09324,0.09402,0.08824,0.08834,214646.6
1747296000000,0.08834,0.09052,0.08819,0.08985,35990.4
1747310400000,0.08985,0.09076,0.08662,0.09044,46414.1
1747324800000,0.09044,0.09245,0.08855,0.08935,41568.2
1747339200000,0.08935,0.09005,0.08625,0.08857,36364.4
1747353600000,0.08857,0.09111,0.08818,0.09075,30476.3
1747368000000,0.09075,0.09543,0.09015,0.09465,75806.0
1747382400000,0.09465,0.09523,0.0907,0.09265,80621.2
1747396800000,0.09265,0.0931,0.09066,0.09165,56174.9
1747411200000,0.09165,0.09235,0.08985,0.09055,35530.4
1747425600000,0.09055,0.09091,0.0879,0.08875,27141.9
1747440000000,0.08875,0.08905,0.08484,0.08635,36571.6
1747454400000,0.08635,0.08775,0.08504,0.08545,32561.3
1747468800000,0.08545,0.08606,0.08447,0.08524,30556.8
1747483200000,0.08524,0.08636,0.08379,0.08565,26499.3
1747497600000,0.08565,0.08635,0.08435,0.08505,27397.1
1747512000000,0.08505,0.08636,0.08469,0.08606,16460.6
1747526400000,0.08606,0.08676,0.08554,0.08585,22152.2
1747540800000,0.08585,0.08891,0.08584,0.08866,19343.2
1747555200000,0.08866,0.0909,0.08866,0.08904,20171.3
1747569600000,0.08904,0.09403,0.08834,0.09379,30927.3
1747584000000,0.09379,0.09404,0.08654,0.08656,39386.1
1747598400000,0.08656,0.0917,0.08475,0.09155,34441.7
1747612800000,0.09155,0.09215,0.08598,0.08629,23554.2
1747627200000,0.08629,0.08696,0.08384,0.08544,23751.0
1747641600000,0.08544,0.08575,0.08414,0.08496,21637.9
1747656000000,0.08496,0.08797,0.08344,0.08785,27421.2
1747670400000,0.08785,0.09016,0.08676,0.0881,33761.4
1747684800000,0.0881,0.08856,0.08694,0.08796,21937.1
1747699200000,0.08796,0.09022,0.0869,0.08836,19951.0
1747713600000,0.08836,0.08933,0.08704,0.08735,12004.9
1747728000000,0.08735,0.08766,0.08565,0.08655,55516.1
1747742400000,0.08655,0.08705,0.08494,0.08675,57643.8
1747756800000,0.08675,0.08758,0.08454,0.08731,20749.3
1747771200000,0.08731,0.08907,0.08685,0.08845,24288.6
1747785600000,0.08845,0.08927,0.08644,0.08874,19015.1
1747800000000,0.08874,0.09066,0.08781,0.08825,318332.6
1747814400000,0.08825,0.08906,0.08684,0.08855,324960.1
1747828800000,0.08855,0.08976,0.08784,0.08945,534441.8
1747843200000,0.08945,0.09225,0.08603,0.08936,1221095.7
1747857600000,0.08936,0.09137,0.08827,0.08995,544168.2
1747872000000,0.08995,0.09306,0.08973,0.09274,817347.9
1747886400000,0.09274,0.09326,0.09157,0.09294,473422.8
1747900800000,0.09294,0.09446,0.09255,0.09354,802114.9
1747915200000,0.09354,0.09566,0.09263,0.09514,815316.2
1747929600000,0.09514,0.0958,0.09418,0.09465,500203.1
1747944000000,0.09465,0.09566,0.09349,0.09556,523196.4
1747958400000,0.09556,0.09792,0.09468,0.09745,679117.4
1747972800000,0.09745,0.09775,0.09317,0.09365,752402.7
1747987200000,0.09365,0.09626,0.08959,0.09027,1068866.1
1748001600000,0.09027,0.09295,0.08699,0.09065,2041482.4
1748016000000,0.09065,0.09186,0.08937,0.08984,798373.6
1748030400000,0.08984,0.08986,0.08524,0.08555,526684.1
1748044800000,0.08555,0.08664,0.0848,0.08644,684397.9
1748059200000,0.08644,0.08719,0.08563,0.08615,419892.2
1748073600000,0.08615,0.0876,0.08534,0.08715,366853.4
1748088000000,0.08715,0.0876,0.08633,0.08685,404373.9
1748102400000,0.08685,0.08755,0.08575,0.08635,307325.5
1748116800000,0.08635,0.08667,0.08464,0.08526,336866.7
1748131200000,0.08526,0.08556,0.08244,0.08467,653012.4
1748145600000,0.08467,0.08556,0.08343,0.08404,306382.8
1748160000000,0.08404,0.08406,0.08183,0.08245,646708.0
1748174400000,0.08245,0.08366,0.08058,0.08226,694822.8
1748188800000,0.08226,0.08305,0.08125,0.08276,550538.8
1748203200000,0.08276,0.08602,0.08194,0.08584,590481.0
1748217600000,0.08584,0.08764,0.0851,0.08705,664448.5
1748232000000,0.08705,0.08796,0.08663,0.08795,408738.6
1748246400000,0.08795,0.09052,0.08784,0.08914,1501078.2
1748260800000,0.08914,0.09022,0.08724,0.09007,935652.2
1748275200000,0.09007,0.09087,0.08675,0.08706,638360.8
1748289600000,0.08706,0.08856,0.08663,0.08744,449165.0
1748304000000,0.08744,0.08972,0.08465,0.08895,1271902.9
1748318400000,0.08895,0.09036,0.08794,0.08987,836664.0
1748332800000,0.08987,0.0923,0.08987,0.09175,855292.6
1748347200000,0.09175,0.09283,0.08899,0.09085,1089036.6
1748361600000,0.09085,0.09165,0.09003,0.09065,690840.7
1748376000000,0.09065,0.09137,0.08937,0.09004,418615.5
1748390400000,0.09004,0.09447,0.08914,0.09284,1156290.7
1748404800000,0.09284,0.09376,0.09109,0.0911,656916.0
1748419200000,0.0911,0.09191,0.08899,0.09016,655955.8
1748433600000,0.09016,0.0922,0.08604,0.08675,1057736.2
1748448000000,0.08675,0.08861,0.0855,0.08571,454285.8
1748462400000,0.08571,0.08891,0.08537,0.08865,364557.7
1748476800000,0.08865,0.09167,0.08805,0.09016,871256.9
1748491200000,0.09016,0.09035,0.08765,0.0885,957746.9
1748505600000,0.0885,0.08933,0.08761,0.08845,580466.2
1748520000000,0.08845,0.08845,0.0855,0.08596,972014.3
1748534400000,0.08596,0.08654,0.08414,0.08454,1069298.5
1748548800000,0.08454,0.08573,0.08278,0.08304,676376.1
1748563200000,0.08304,0.08357,0.077,0.07896,2692763.9
1748577600000,0.07896,0.07926,0.07644,0.07775,1318705.7
1748592000000,0.07775,0.07896,0.0764,0.07876,996439.1
1748606400000,0.07876,0.07887,0.0769,0.07705,944038.6
1748620800000,0.07705,0.07747,0.07357,0.07575,1820959.6
1748635200000,0.07575,0.07585,0.07068,0.07136,1049669.2
1748649600000,0.07136,0.07152,0.06866,0.07125,1499173.7
1748664000000,0.07125,0.07296,0.07085,0.07264,413118.4
1748678400000,0.07264,0.07266,0.07124,0.07144,614040.1
1748692800000,0.07144,0.07356,0.07123,0.07267,879643.5
1748707200000,0.07267,0.07446,0.07243,0.07335,2452448.3
1748721600000,0.07335,0.07472,0.07324,0.07345,561928.4
1748736000000,0.07345,0.07396,0.07236,0.07336,558822.4
1748750400000,0.07336,0.07446,0.07324,0.07345,134960.2
1748764800000,0.07345,0.07355,0.07156,0.07266,353652.5
1748779200000,0.07266,0.07396,0.07185,0.07385,383672.8
1748793600000,0.07385,0.0746,0.07273,0.07382,148081.1
1748808000000,0.07382,0.07523,0.07363,0.07474,64884.6
1748822400000,0.07474,0.07523,0.07264,0.07382,528099.0
1748836800000,0.07382,0.07446,0.07275,0.07415,493515.7
1748851200000,0.07415,0.07453,0.07214,0.07275,796493.8
1748865600000,0.07275,0.0742,0.07234,0.07375,174990.2
1748880000000,0.07375,0.07445,0.07308,0.07353,92342.6
1748894400000,0.07353,0.07655,0.07353,0.07606,132652.4
1748908800000,0.07606,0.07852,0.07564,0.07575,742932.7
1748923200000,0.07575,0.076,0.07493,0.07555,632900.5
1748937600000,0.07555,0.07621,0.07484,0.07594,105328.9
1748952000000,0.07594,0.07735,0.07574,0.07674,113512.1
1748966400000,0.07674,0.07747,0.07634,0.07735,98248.9
1748980800000,0.07735,0.07737,0.07527,0.07595,80955.0
1748995200000,0.07595,0.07746,0.07573,0.07715,68028.1
1749009600000,0.07715,0.07818,0.07603,0.07635,931030.8
1749024000000,0.07635,0.07705,0.07545,0.07555,102567.4
1749038400000,0.07555,0.07607,0.07384,0.07593,209047.0
1749052800000,0.07593,0.07596,0.07404,0.07405,66016.4
1749067200000,0.07405,0.07436,0.07253,0.07345,79876.2
1749081600000,0.07345,0.07427,0.07285,0.07404,90187.2
1749096000000,0.07404,0.07566,0.07314,0.07484,156646.1
1749110400000,0.07484,0.07616,0.07435,0.07516,133152.4
1749124800000,0.07516,0.07725,0.07416,0.07566,235575.2
1749139200000,0.07566,0.07576,0.0709,0.07195,292717.2
1749153600000,0.07195,0.07214,0.06884,0.07053,897085.2
1749168000000,0.07053,0.07136,0.06965,0.07134,223178.6
1749182400000,0.07134,0.07207,0.07113,0.07175,101863.4
1749196800000,0.07175,0.07318,0.07173,0.07296,66929.7
1749211200000,0.07296,0.07476,0.07283,0.07425,116421.0
1749225600000,0.07425,0.07462,0.0714,0.07175,111893.5
1749240000000,0.07175,0.07296,0.07174,0.07224,51775.3
1749254400000,0.07224,0.07445,0.07184,0.07425,68409.5
1749268800000,0.07425,0.0752,0.0738,0.07504,44552.8
1749283200000,0.07504,0.07516,0.07413,0.07494,82764.6
1749297600000,0.07494,0.0759,0.07494,0.07565,96623.7
1749312000000,0.07565,0.07577,0.07463,0.07535,54230.8
1749326400000,0.07535,0.07617,0.07533,0.07564,78738.2
1749340800000,0.07564,0.07587,0.07524,0.07535,35152.3
1749355200000,0.07535,0.07567,0.07404,0.07425,55007.8
1749369600000,0.07425,0.07545,0.07375,0.07525,66578.3
1749384000000,0.07525,0.07596,0.0748,0.07524,52477.6
1749398400000,0.07524,0.07626,0.07524,0.07586,58097.0
1749412800000,0.07586,0.07656,0.07492,0.07514,71139.6
1749427200000,0.07514,0.07535,0.07405,0.07456,53074.5
1749441600000,0.07456,0.07486,0.07264,0.07384,64860.3
1749456000000,0.07384,0.07586,0.07363,0.07546,73897.4
1749470400000,0.07546,0.07587,0.07424,0.07515,73334.0
1749484800000,0.07515,0.077,0.07514,0.07624,132991.9
1749499200000,0.07624,0.07866,0.07606,0.07834,84506.0
1749513600000,0.07834,0.0796,0.07804,0.07845,107331.7
1749528000000,0.07845,0.07876,0.07748,0.07844,59031.3
1749542400000,0.07844,0.08054,0.07784,0.08053,105650.7
1749556800000,0.08053,0.08146,0.07841,0.07953,136931.9
1749571200000,0.07953,0.08166,0.0793,0.08085,82974.4
1749585600000,0.08085,0.0818,0.08014,0.08175,74155.3
1749600000000,0.08175,0.08175,0.07953,0.08026,81957.6
1749614400000,0.08026,0.08026,0.0792,0.07946,65005.4
1749628800000,0.07946,0.07985,0.07712,0.07802,103203.9
1749643200000,0.07802,0.08067,0.07734,0.08045,159257.4
1749657600000,0.08045,0.08045,0.07754,0.07775,96701.8
1749672000000,0.07775,0.07827,0.07534,0.07604,116186.5
1749686400000,0.07604,0.07627,0.07246,0.07344,283207.3
1749700800000,0.07344,0.07447,0.07293,0.07344,144818.5
1749715200000,0.07344,0.07427,0.07312,0.07336,121346.7
1749729600000,0.07336,0.07486,0.07295,0.07326,107875.7
1749744000000,0.07326,0.07496,0.0722,0.07246,115174.8
1749758400000,0.07246,0.07286,0.07103,0.07144,117898.9
1749772800000,0.07144,0.07146,0.06407,0.06605,1094200.4
1749787200000,0.06605,0.06636,0.06524,0.0661,169736.6
1749801600000,0.0661,0.06707,0.06533,0.06645,96181.6
1749816000000,0.06645,0.0674,0.06533,0.06714,122672.5
1749830400000,0.06714,0.06817,0.06654,0.06725,108418.9
1749844800000,0.06725,0.06866,0.06704,0.06855,89124.5
1749859200000,0.06855,0.06858,0.06754,0.06814,73610.0
1749873600000,0.06814,0.0688,0.06773,0.06825,59690.1
1749888000000,0.06825,0.06826,0.06734,0.06785,60952.6
1749902400000,0.06785,0.06822,0.06653,0.06684,65924.3
1749916800000,0.06684,0.06706,0.06564,0.06644,146418.4
1749931200000,0.06644,0.06786,0.06604,0.06765,62636.6
1749945600000,0.06765,0.06886,0.06753,0.06835,78279.9
1749960000000,0.06835,0.06926,0.06784,0.06846,83381.0
1749974400000,0.06846,0.06866,0.0675,0.06834,67972.9
1749988800000,0.06834,0.06886,0.06764,0.06805,66784.4
1750003200000,0.06805,0.06845,0.06754,0.06785,81411.8
1750017600000,0.06785,0.06867,0.06685,0.06855,77289.7
1750032000000,0.06855,0.06903,0.06753,0.06845,76462.5
1750046400000,0.06845,0.07036,0.06839,0.07026,79026.9
1750060800000,0.07026,0.07186,0.07013,0.07095,181599.0
1750075200000,0.07095,0.07156,0.07014,0.07075,86220.1
1750089600000,0.07075,0.07167,0.07054,0.07126,75323.7
1750104000000,0.07126,0.07176,0.06794,0.0682,125487.3
1750118400000,0.0682,0.06956,0.06665,0.06915,107769.2
1750132800000,0.06915,0.06917,0.06814,0.06824,98487.0
1750147200000,0.06824,0.06826,0.0664,0.06675,101281.0
1750161600000,0.06675,0.06746,0.06554,0.06607,127041.6
1750176000000,0.06607,0.06761,0.0649,0.06724,184649.9
1750190400000,0.06724,0.06734,0.06543,0.06595,79925.7
1750204800000,0.06595,0.06706,0.06584,0.06665,62553.2
1750219200000,0.06665,0.06723,0.06613,0.06645,50375.7
1750233600000,0.06645,0.06676,0.06384,0.06476,111042.6
1750248000000,0.06476,0.06526,0.06295,0.06474,158357.1
1750262400000,0.06474,0.06567,0.06384,0.06425,154460.5
1750276800000,0.06425,0.06646,0.06414,0.06586,71608.0
1750291200000,0.06586,0.0666,0.06533,0.06587,78596.8
1750305600000,0.06587,0.06617,0.06523,0.06525,47530.6
1750320000000,0.06525,0.06551,0.06463,0.06476,83881.8
1750334400000,0.06476,0.06497,0.06374,0.06395,89789.4
1750348800000,0.06395,0.06494,0.06344,0.06454,179873.9
1750363200000,0.06454,0.06576,0.06452,0.06535,67510.4
1750377600000,0.06535,0.06577,0.06504,0.06556,52795.1
1750392000000,0.06556,0.06696,0.06474,0.06695,219984.3
1750406400000,0.06695,0.0672,0.0663,0.06696,117512.4
1750420800000,0.06696,0.06724,0.0642,0.06444,400047.7
1750435200000,0.06444,0.06456,0.06224,0.06414,207923.2
1750449600000,0.06414,0.06485,0.06294,0.06366,63631.9
1750464000000,0.06366,0.06466,0.06344,0.06454,54380.5
1750478400000,0.06454,0.0648,0.06424,0.06455,27864.4
1750492800000,0.06455,0.06467,0.06393,0.06395,40451.3
1750507200000,0.06395,0.06416,0.06254,0.06306,103304.9
1750521600000,0.06306,0.06326,0.06124,0.06124,125380.1
1750536000000,0.06124,0.06186,0.0588,0.06006,277141.4
1750550400000,0.06006,0.06086,0.05894,0.05934,175216.3
1750564800000,0.05934,0.06056,0.05925,0.05994,132956.3
1750579200000,0.05994,0.06016,0.05878,0.05945,116772.1
1750593600000,0.05945,0.05984,0.05647,0.05694,328089.5
1750608000000,0.05694,0.05765,0.05653,0.05685,173288.9
1750622400000,0.05685,0.05867,0.05504,0.05854,172938.1
1750636800000,0.05854,0.05906,0.05813,0.05835,109413.9
1750651200000,0.05835,0.05967,0.05834,0.05925,105836.7
1750665600000,0.05925,0.05956,0.05874,0.05924,81695.7
1750680000000,0.05924,0.06119,0.05905,0.06016,194357.8
1750694400000,0.06016,0.06213,0.0584,0.06204,260879.5
1750708800000,0.06204,0.06575,0.06194,0.06545,243654.7
1750723200000,0.06545,0.06586,0.06513,0.06544,130729.8
1750737600000,0.06544,0.06716,0.06514,0.06605,98025.9
1750752000000,0.06605,0.06647,0.06504,0.06545,134763.5
1750766400000,0.06545,0.06603,0.06484,0.06516,93648.4
1750780800000,0.06516,0.06677,0.06465,0.06521,116013.8
1750795200000,0.06521,0.06586,0.06503,0.06573,45328.5
1750809600000,0.06573,0.06616,0.06523,0.06585,74222.6
1750824000000,0.06585,0.06587,0.06514,0.06566,42229.4
1750838400000,0.06566,0.06578,0.06443,0.06545,74999.8
1750852800000,0.06545,0.06617,0.06385,0.06405,173547.4
1750867200000,0.06405,0.06468,0.06347,0.06454,140942.2
1750881600000,0.06454,0.06495,0.06364,0.06406,73244.9
1750896000000,0.06406,0.06576,0.064,0.06495,101893.7
1750910400000,0.06495,0.06541,0.06413,0.06514,91467.1
1750924800000,0.06514,0.06566,0.06425,0.06475,77144.2
1750939200000,0.06475,0.06475,0.06235,0.06345,190948.2
1750953600000,0.06345,0.06377,0.06264,0.06365,67461.1
1750968000000,0.06365,0.06455,0.06289,0.06295,101694.0
1750982400000,0.06295,0.06416,0.06192,0.06404,89815.8
1750996800000,0.06404,0.06476,0.06293,0.06306,73301.0
1751011200000,0.06306,0.06415,0.06304,0.06316,86070.7
1751025600000,0.06316,0.06376,0.06235,0.06366,90058.2
1751040000000,0.06366,0.06443,0.062,0.06256,146032.2
1751054400000,0.06256,0.06367,0.06249,0.06366,52643.8
1751068800000,0.06366,0.0638,0.06324,0.06334,47396.6
1751083200000,0.06334,0.06346,0.06274,0.06344,27098.0
1751097600000,0.06344,0.06378,0.06303,0.06375,35633.8
1751112000000,0.06375,0.06456,0.0636,0.06445,45478.7
1751126400000,0.06445,0.06526,0.06423,0.06495,46943.3
1751140800000,0.06495,0.06531,0.06463,0.06504,42582.5
1751155200000,0.06504,0.06531,0.06443,0.06444,32435.1
1751169600000,0.06444,0.06638,0.06434,0.06615,218864.3
1751184000000,0.06615,0.0669,0.06584,0.06624,94296.1
1751198400000,0.06624,0.06635,0.06473,0.06475,97965.5
1751212800000,0.06475,0.06586,0.06464,0.06565,52347.9
1751227200000,0.06565,0.069,0.06515,0.06835,163097.9
1751241600000,0.06835,0.06856,0.06656,0.06706,79710.0
1751256000000,0.06706,0.06716,0.06595,0.06704,137784.1
1751270400000,0.06704,0.06707,0.06594,0.06615,89288.3
1751284800000,0.06615,0.06635,0.06454,0.06525,126625.5
1751299200000,0.06525,0.06666,0.06504,0.0666,175200.0
1751313600000,0.0666,0.06676,0.06554,0.06583,84259.4
1751328000000,0.06583,0.06616,0.06434,0.06464,88649.7
1751342400000,0.06464,0.06467,0.06293,0.06426,133367.7
1751356800000,0.06426,0.06465,0.06335,0.06356,63495.5
1751371200000,0.06356,0.06446,0.06314,0.06375,115963.9
1751385600000,0.06375,0.06396,0.06265,0.06285,69791.1
1751400000000,0.06285,0.06396,0.06264,0.06336,95156.0
1751414400000,0.06336,0.06405,0.06244,0.06355,54711.7
1751428800000,0.06355,0.06504,0.06324,0.06485,73945.7
1751443200000,0.06485,0.06576,0.06463,0.06535,73514.8
1751457600000,0.06535,0.06695,0.06514,0.06686,104570.8
1751472000000,0.06686,0.06991,0.06684,0.06975,240966.3
1751486400000,0.06975,0.07006,0.06824,0.06853,86595.7
1751500800000,0.06853,0.06946,0.06853,0.06865,61944.7
1751515200000,0.06865,0.07012,0.06853,0.06965,120095.5
1751529600000,0.06965,0.06996,0.06853,0.06855,131407.3
1751544000000,0.06855,0.06987,0.0672,0.06735,190584.1
1751558400000,0.06735,0.06868,0.06725,0.06865,70460.5
1751572800000,0.06865,0.06926,0.06853,0.06896,48727.0
1751587200000,0.06896,0.06936,0.06778,0.06805,60705.3
1751601600000,0.06805,0.06828,0.06598,0.06625,134403.7
1751616000000,0.06625,0.06676,0.06563,0.06586,105417.6
1751630400000,0.06586,0.06626,0.06479,0.06485,76094.1
1751644800000,0.06485,0.06496,0.06359,0.06375,72983.3
1751659200000,0.06375,0.06486,0.06364,0.06413,43411.9
1751673600000,0.06413,0.06525,0.06413,0.06505,71175.0
1751688000000,0.06505,0.06531,0.06434,0.06504,47100.3
1751702400000,0.06504,0.06526,0.06445,0.06474,58541.8
1751716800000,0.06474,0.06475,0.06404,0.06425,59884.0
1751731200000,0.06425,0.06467,0.06314,0.06385,74984.1
1751745600000,0.06385,0.0647,0.06376,0.06455,52634.5
1751760000000,0.06455,0.06472,0.06403,0.06415,44829.8
1751774400000,0.06415,0.06475,0.06393,0.06454,59714.0
1751788800000,0.06454,0.06466,0.06384,0.06455,53084.2
1751803200000,0.06455,0.06606,0.06443,0.06585,99973.3
1751817600000,0.06585,0.06617,0.06484,0.06525,126901.9
1751832000000,0.06525,0.06696,0.06523,0.06564,91198.8
1751846400000,0.06564,0.06655,0.06536,0.06584,56331.9
1751860800000,0.06584,0.06636,0.06524,0.06625,135047.6
1751875200000,0.06625,0.06652,0.06514,0.06535,51624.0
1751889600000,0.06535,0.06626,0.06494,0.06564,80521.1
1751904000000,0.06564,0.0658,0.06479,0.06523,88695.3
1751918400000,0.06523,0.06526,0.06425,0.06505,79885.1
1751932800000,0.06505,0.06546,0.06384,0.06404,185424.9
1751947200000,0.06404,0.06485,0.06375,0.06455,56433.9
1751961600000,0.06455,0.06557,0.06395,0.06505,96226.1
1751976000000,0.06505,0.06566,0.0647,0.06484,99590.3
1751990400000,0.06484,0.06696,0.06473,0.06625,175370.0
1752004800000,0.06625,0.06666,0.06594,0.06646,47276.4
1752019200000,0.06646,0.06666,0.06564,0.06596,82526.6
1752033600000,0.06596,0.06756,0.06544,0.0675,105869.3
1752048000000,0.0675,0.06846,0.06734,0.06816,131385.1
1752062400000,0.06816,0.06866,0.06724,0.06775,116043.2
1752076800000,0.06775,0.06986,0.0676,0.06965,93244.9
1752091200000,0.06965,0.07046,0.06923,0.07014,132770.7
1752105600000,0.07014,0.07046,0.0696,0.07021,60559.8
1752120000000,0.07021,0.07048,0.06954,0.06997,92285.2
1752134400000,0.06997,0.07066,0.06963,0.07045,115848.2
1752148800000,0.07045,0.07065,0.06963,0.06996,132574.9
1752163200000,0.06996,0.07257,0.06974,0.07195,173008.4
1752177600000,0.07195,0.07552,0.07195,0.07505,295916.7
1752192000000,0.07505,0.07706,0.07397,0.07676,154260.9
1752206400000,0.07676,0.07872,0.0756,0.07595,305761.2
1752220800000,0.07595,0.07826,0.07595,0.07724,176191.0
1752235200000,0.07724,0.0794,0.07649,0.07674,277528.3
1752249600000,0.07674,0.07926,0.07636,0.07895,172941.9
1752264000000,0.07895,0.07907,0.07474,0.07567,157261.0
1752278400000,0.07567,0.07746,0.07424,0.07704,197810.9
1752292800000,0.07704,0.07776,0.07485,0.07726,72394.8
1752307200000,0.07726,0.07751,0.07624,0.07735,90277.2
1752321600000,0.07735,0.07767,0.07317,0.07355,191448.5
1752336000000,0.07355,0.07565,0.07324,0.07525,98169.1
1752350400000,0.07525,0.07587,0.07394,0.07565,94254.9
1752364800000,0.07565,0.07645,0.07509,0.07624,122872.9
1752379200000,0.07624,0.07817,0.07582,0.07795,117666.3
1752393600000,0.07795,0.07811,0.07654,0.07786,130464.0
1752408000000,0.07786,0.08007,0.0774,0.07925,264314.9
1752422400000,0.07925,0.08025,0.07833,0.07936,267874.7
1752436800000,0.07936,0.07956,0.07688,0.07824,188451.4
1752451200000,0.07824,0.08114,0.07754,0.08044,292634.5
1752465600000,0.08044,0.08225,0.07957,0.08155,272413.1
1752480000000,0.08155,0.08165,0.07958,0.07989,165524.7
1752494400000,0.07989,0.08076,0.07728,0.0779,235913.0
1752508800000,0.0779,0.07866,0.07647,0.07723,88829.6
1752523200000,0.07723,0.07846,0.07653,0.07765,115819.1
1752537600000,0.07765,0.07846,0.07466,0.07535,125170.7
1752552000000,0.07535,0.07636,0.07454,0.07556,93806.0
1752566400000,0.07556,0.0761,0.07465,0.07535,89068.7
1752580800000,0.07535,0.07724,0.07448,0.07678,189086.3
1752595200000,0.07678,0.07993,0.07678,0.07734,267103.4
1752609600000,0.07734,0.0805,0.07713,0.0802,100674.5
1752624000000,0.0802,0.08096,0.07865,0.07915,104798.5
1752638400000,0.07915,0.08076,0.07845,0.08038,130624.6
1752652800000,0.08038,0.08083,0.07971,0.07989,67542.8
1752667200000,0.07989,0.08165,0.07915,0.08051,230651.1
1752681600000,0.08051,0.08264,0.08038,0.08173,126733.1
1752696000000,0.08173,0.08356,0.08063,0.08116,97024.5
1752710400000,0.08116,0.08247,0.07894,0.07936,105295.9
1752724800000,0.07936,0.08162,0.07908,0.08116,102939.3
1752739200000,0.08116,0.08247,0.08064,0.08095,164909.9
1752753600000,0.08095,0.08175,0.07957,0.08065,157718.8
1752768000000,0.08065,0.08086,0.07844,0.07913,126896.0
1752782400000,0.07913,0.0815,0.07809,0.08014,223805.9
1752796800000,0.08014,0.0838,0.08006,0.08374,192592.9
1752811200000,0.08374,0.08656,0.08335,0.08434,184455.8
1752825600000,0.08434,0.08536,0.08338,0.08425,138001.2
1752840000000,0.08425,0.08603,0.08184,0.0827,262551.4
1752854400000,0.0827,0.08395,0.08143,0.08235,144980.9
1752868800000,0.08235,0.08257,0.07974,0.08107,298984.6
1752883200000,0.08107,0.0827,0.07916,0.0827,101042.5
1752897600000,0.0827,0.08384,0.082,0.08206,87662.3
1752912000000,0.08206,0.0822,0.08036,0.08065,96251.3
1752926400000,0.08065,0.08105,0.0793,0.08025,88358.5
1752940800000,0.08025,0.08346,0.07983,0.08297,114441.7
1752955200000,0.08297,0.08376,0.08199,0.08375,83111.5
1752969600000,0.08375,0.08457,0.08299,0.08407,101028.4
1752984000000,0.08407,0.08578,0.08395,0.08516,137193.7
1752998400000,0.08516,0.08637,0.08505,0.08605,116991.8
1753012800000,0.08605,0.08967,0.08544,0.08914,203923.1
1753027200000,0.08914,0.09189,0.08855,0.08976,456291.4
1753041600000,0.08976,0.09224,0.08764,0.0907,293416.1
1753056000000,0.0907,0.09344,0.08855,0.09275,251637.3
1753070400000,0.09275,0.09344,0.09124,0.09304,189165.0
1753084800000,0.09304,0.09375,0.09097,0.09245,184680.1
1753099200000,0.09245,0.09404,0.09144,0.09214,235534.7
1753113600000,0.09214,0.09283,0.08924,0.08965,274284.8
1753128000000,0.08965,0.09225,0.08929,0.09178,97015.9
1753142400000,0.09178,0.09213,0.0882,0.08933,180151.9
1753156800000,0.08933,0.08992,0.08714,0.08882,191056.4
1753171200000,0.08882,0.08996,0.08675,0.08985,156051.8
1753185600000,0.08985,0.09092,0.08759,0.08978,173526.5
1753200000000,0.08978,0.09126,0.08849,0.08915,168795.8
1753214400000,0.08915,0.09166,0.08884,0.09165,115017.8
1753228800000,0.09165,0.09166,0.08925,0.09033,75108.3
1753243200000,0.09033,0.09152,0.08878,0.08906,145219.5
1753257600000,0.08906,0.08976,0.087,0.08777,129829.2
1753272000000,0.08777,0.08796,0.08295,0.08472,355583.9
1753286400000,0.08472,0.08476,0.08127,0.08215,373719.1
1753300800000,0.08215,0.08256,0.07887,0.08149,335957.2
1753315200000,0.08149,0.08256,0.08075,0.08115,102591.2
1753329600000,0.08115,0.08154,0.07486,0.07695,379936.4
1753344000000,0.07695,0.07935,0.07644,0.07906,257866.6
1753358400000,0.07906,0.08122,0.07714,0.07975,306736.3
1753372800000,0.07975,0.08056,0.07808,0.07956,289470.6
1753387200000,0.07956,0.08036,0.07773,0.07806,152941.8
1753401600000,0.07806,0.07846,0.07509,0.07595,202481.2
1753416000000,0.07595,0.0776,0.07517,0.07675,128001.9
1753430400000,0.07675,0.07936,0.07654,0.07916,138953.2
1753444800000,0.07916,0.07956,0.07594,0.07715,163749.0
1753459200000,0.07715,0.07855,0.07655,0.07806,90627.9
1753473600000,0.07806,0.0801,0.07793,0.08005,105438.1
1753488000000,0.08005,0.08066,0.07963,0.08005,61982.0
1753502400000,0.08005,0.08036,0.07934,0.08015,161906.4
1753516800000,0.08015,0.08066,0.07984,0.08006,79689.0
1753531200000,0.08006,0.08045,0.07944,0.08005,79213.9
1753545600000,0.08005,0.08086,0.07923,0.08076,65346.6
1753560000000,0.08076,0.08084,0.07903,0.07935,82556.5
1753574400000,0.07935,0.08066,0.07908,0.08005,77383.1
1753588800000,0.08005,0.08086,0.07985,0.08024,114853.4
1753603200000,0.08024,0.08105,0.07916,0.08026,93040.3
1753617600000,0.08026,0.08115,0.07978,0.08054,97532.8
1753632000000,0.08054,0.08184,0.08054,0.08095,224370.8
1753646400000,0.08095,0.08287,0.08064,0.08255,128231.8
1753660800000,0.08255,0.08327,0.08125,0.08274,108762.1
1753675200000,0.08274,0.08403,0.08244,0.08351,214719.1
1753689600000,0.08351,0.08377,0.08179,0.08233,202005.5
1753704000000,0.08233,0.08276,0.07835,0.07895,198108.2
1753718400000,0.07895,0.07936,0.07675,0.07726,231001.7
1753732800000,0.07726,0.07735,0.07544,0.07625,113234.5
1753747200000,0.07625,0.07672,0.07428,0.07596,152220.1
1753761600000,0.07596,0.07885,0.07534,0.07885,131973.2
1753776000000,0.07885,0.07885,0.07601,0.07664,189036.0
1753790400000,0.07664,0.07777,0.07437,0.07486,174723.5
1753804800000,0.07486,0.07522,0.0735,0.07385,161646.8
1753819200000,0.07385,0.07512,0.07285,0.07486,132629.6
1753833600000,0.07486,0.07516,0.07329,0.07444,99642.3
1753848000000,0.07444,0.07484,0.07339,0.07366,292154.0
1753862400000,0.07366,0.07423,0.07115,0.07154,151685.8
1753876800000,0.07154,0.07342,0.07104,0.07287,355335.1
1753891200000,0.07287,0.07395,0.06944,0.07264,598481.6
1753905600000,0.07264,0.07336,0.07155,0.07314,173810.0
1753920000000,0.07314,0.07472,0.07294,0.07444,190701.6
1753934400000,0.07444,0.07536,0.0742,0.07505,414566.0
1753948800000,0.07505,0.07519,0.07393,0.07406,619719.7
1753963200000,0.07406,0.07416,0.07113,0.07185,890370.1
1753977600000,0.07185,0.07343,0.07094,0.07126,699164.2
1753992000000,0.07126,0.07143,0.0684,0.06894,823573.6
1754006400000,0.06894,0.06984,0.06704,0.06933,722181.3
1754020800000,0.06933,0.06933,0.06754,0.06806,626299.3
1754035200000,0.06806,0.0683,0.06664,0.06815,741740.9
1754049600000,0.06815,0.0692,0.06661,0.06885,894810.6
1754064000000,0.06885,0.06917,0.06684,0.06849,659319.6
1754078400000,0.06849,0.06877,0.0653,0.06714,814758.4
1754092800000,0.06714,0.0684,0.06694,0.06835,287561.0
1754107200000,0.06835,0.06886,0.06648,0.06828,335828.1
1754121600000,0.06828,0.0684,0.06663,0.06745,2039590.9
1754136000000,0.06745,0.06766,0.06615,0.06645,693871.6
1754150400000,0.06645,0.06717,0.06479,0.06598,1335573.0
1754164800000,0.06598,0.06714,0.06584,0.06674,598431.5
1754179200000,0.06674,0.06787,0.06564,0.06766,661718.5
1754193600000,0.06766,0.06826,0.06744,0.06806,441708.2
1754208000000,0.06806,0.06926,0.06793,0.06886,539191.3
1754222400000,0.06886,0.06906,0.06825,0.06876,501874.3
1754236800000,0.06876,0.06902,0.06834,0.06866,644911.1
1754251200000,0.06866,0.06946,0.06853,0.06906,409921.4
1754265600000,0.06906,0.07064,0.06894,0.06965,508384.7
1754280000000,0.06965,0.06996,0.06915,0.06975,958771.9
1754294400000,0.06975,0.06997,0.06884,0.06905,709152.3
1754308800000,0.06905,0.07095,0.06893,0.07055,959831.4
1754323200000,0.07055,0.07186,0.07045,0.07084,981114.7
1754337600000,0.07084,0.07207,0.07064,0.07185,628045.7
1754352000000,0.07185,0.07217,0.0705,0.07054,823280.2
1754366400000,0.07054,0.07147,0.06958,0.06977,1231142.7
1754380800000,0.06977,0.07227,0.06944,0.07196,654366.8
1754395200000,0.07196,0.07196,0.06824,0.06855,979060.5
1754409600000,0.06855,0.06921,0.06796,0.06825,634851.7
1754424000000,0.06825,0.06944,0.06747,0.06935,536551.0
1754438400000,0.06935,0.06936,0.06764,0.06779,527483.1
1754452800000,0.06779,0.07026,0.06747,0.06995,557582.7
1754467200000,0.06995,0.07007,0.06899,0.06915,421802.4
1754481600000,0.06915,0.07064,0.06838,0.07054,898471.8
1754496000000,0.07054,0.07097,0.06965,0.07045,474203.9
1754510400000,0.07045,0.07067,0.07003,0.07015,208717.1
1754524800000,0.07015,0.07074,0.06923,0.06925,372701.2
1754539200000,0.06925,0.06995,0.06906,0.06954,281092.4
1754553600000,0.06954,0.07193,0.06913,0.07187,538449.7
1754568000000,0.07187,0.07205,0.07044,0.07095,541916.2
1754582400000,0.07095,0.07107,0.0692,0.07096,628729.5
1754596800000,0.07096,0.0723,0.07073,0.07215,604387.3
1754611200000,0.07215,0.0728,0.07138,0.07204,838626.3
1754625600000,0.07204,0.07247,0.07115,0.07234,264274.8
1754640000000,0.07234,0.07294,0.07204,0.07285,391956.8
1754654400000,0.07285,0.07394,0.07153,0.07205,600416.1
1754668800000,0.07205,0.07394,0.07205,0.07373,620865.3
1754683200000,0.07373,0.07385,0.07318,0.07344,215174.5
1754697600000,0.07344,0.07374,0.07318,0.07356,226673.5
1754712000000,0.07356,0.0754,0.07343,0.07534,616663.3
1754726400000,0.07534,0.07576,0.07484,0.07535,316680.7
1754740800000,0.07535,0.07613,0.07441,0.07525,369449.8
1754755200000,0.07525,0.07597,0.07494,0.07576,290230.0
1754769600000,0.07576,0.07647,0.07515,0.07535,370865.1
1754784000000,0.07535,0.07656,0.07526,0.07645,345228.6
1754798400000,0.07645,0.07697,0.07345,0.07365,416656.8
1754812800000,0.07365,0.07406,0.07266,0.07285,244378.8
1754827200000,0.07285,0.07406,0.07225,0.07365,225957.9
1754841600000,0.07365,0.07474,0.07354,0.07465,199818.4
1754856000000,0.07465,0.07466,0.07303,0.07415,215851.6
1754870400000,0.07415,0.07618,0.07333,0.07564,254765.1
1754884800000,0.07564,0.07618,0.07388,0.07397,291451.0
1754899200000,0.07397,0.07486,0.07125,0.07146,273203.9
1754913600000,0.07146,0.07285,0.07069,0.07244,334648.8
1754928000000,0.07244,0.07366,0.07093,0.07145,179493.2
1754942400000,0.07145,0.07146,0.06935,0.06995,193432.8
1754956800000,0.06995,0.07107,0.06972,0.07016,162335.7
1754971200000,0.07016,0.07057,0.06899,0.07045,102806.9
1754985600000,0.07045,0.07046,0.06854,0.06944,107546.6
1755000000000,0.06944,0.07296,0.06916,0.07295,149665.8
1755014400000,0.07295,0.07444,0.07264,0.07444,152306.0
1755028800000,0.07444,0.07536,0.07432,0.07455,122010.3
1755043200000,0.07455,0.07552,0.07404,0.07545,137667.3
1755057600000,0.07545,0.07575,0.07396,0.07551,77414.3
1755072000000,0.07551,0.07776,0.07551,0.07726,160790.0
1755086400000,0.07726,0.07836,0.07635,0.07784,230229.6
1755100800000,0.07784,0.07851,0.07697,0.07815,169199.2
1755115200000,0.07815,0.07936,0.07734,0.07875,191440.0
1755129600000,0.07875,0.07976,0.07774,0.07924,164425.1
1755144000000,0.07924,0.0796,0.07714,0.07754,120777.5
1755158400000,0.07754,0.07756,0.07563,0.07635,124632.7
1755172800000,0.07635,0.07706,0.07096,0.07245,268498.8
1755187200000,0.07245,0.07245,0.07046,0.07124,92828.3
1755201600000,0.07124,0.07147,0.06964,0.07094,58947.6
1755216000000,0.07094,0.07246,0.0706,0.07216,51552.2
1755230400000,0.07216,0.07266,0.07134,0.07165,60400.4
1755244800000,0.07165,0.07206,0.07044,0.07074,53083.2
1755259200000,0.07074,0.07143,0.06681,0.06735,213293.8
1755273600000,0.06735,0.0681,0.06614,0.06675,274603.0
1755288000000,0.06675,0.0685,0.06654,0.06785,55283.3
1755302400000,0.06785,0.06876,0.06774,0.06806,39068.6
1755316800000,0.06806,0.0687,0.0678,0.06856,47167.7
1755331200000,0.06856,0.0692,0.06793,0.06826,153378.7
1755345600000,0.06826,0.07,0.06778,0.06984,159171.5
1755360000000,0.06984,0.07006,0.06913,0.06974,49872.0
1755374400000,0.06974,0.07065,0.06945,0.07014,49428.3
1755388800000,0.07014,0.0708,0.06963,0.07055,36219.7
1755403200000,0.07055,0.07157,0.07053,0.07125,41062.8
1755417600000,0.07125,0.07286,0.07114,0.07274,63155.5
1755432000000,0.07274,0.07333,0.07184,0.07333,69181.8
1755446400000,0.07333,0.07366,0.07094,0.07125,74304.5
1755460800000,0.07125,0.07226,0.07104,0.07134,57068.7
1755475200000,0.07134,0.07146,0.06764,0.06824,96708.4
1755489600000,0.06824,0.06887,0.06723,0.06797,54588.4
1755504000000,0.06797,0.06857,0.06718,0.06834,37084.4
1755518400000,0.06834,0.06942,0.06783,0.06875,33938.1
1755532800000,0.06875,0.06947,0.06804,0.06886,22010.5
1755547200000,0.06886,0.07006,0.06825,0.06856,29186.8
1755561600000,0.06856,0.06976,0.06689,0.06714,40406.0
1755576000000,0.06714,0.06795,0.06634,0.06726,32212.6
1755590400000,0.06726,0.06925,0.06675,0.06925,41338.4
1755604800000,0.06925,0.06935,0.06664,0.06725,40053.5
1755619200000,0.06725,0.06725,0.06556,0.06642,26308.8
1755633600000,0.06642,0.06707,0.06554,0.06576,17996.2
1755648000000,0.06576,0.06773,0.06554,0.06715,21328.7
1755662400000,0.06715,0.06816,0.06714,0.06746,20019.6
1755676800000,0.06746,0.06855,0.06675,0.06785,22369.9
1755691200000,0.06785,0.06926,0.06604,0.06836,35324.8
1755705600000,0.06836,0.06998,0.06824,0.06995,23523.2
1755720000000,0.06995,0.07045,0.06974,0.07004,15667.4
1755734400000,0.07004,0.07085,0.06958,0.06994,30325.3
1755748800000,0.06994,0.07026,0.06899,0.06966,16369.8
1755763200000,0.06966,0.06977,0.06843,0.06866,25488.1
1755777600000,0.06866,0.06995,0.06784,0.06804,65596.2
1755792000000,0.06804,0.06906,0.06778,0.06814,16840.1
1755806400000,0.06814,0.06927,0.06778,0.06855,15480.2
1755820800000,0.06855,0.06954,0.06794,0.06826,13559.0
1755835200000,0.06826,0.06974,0.06825,0.06945,20397.5
1755849600000,0.06945,0.06977,0.06756,0.06756,21437.8
1755864000000,0.06756,0.0727,0.06615,0.07205,92543.0
1755878400000,0.07205,0.07496,0.07205,0.07465,131790.1
1755892800000,0.07465,0.07585,0.07464,0.07555,24679.1
1755907200000,0.07555,0.07597,0.07294,0.07374,44366.7
1755921600000,0.07374,0.07566,0.07374,0.07428,30344.6
1755936000000,0.07428,0.07526,0.07424,0.07444,36955.8
1755950400000,0.07444,0.07506,0.07403,0.07485,21737.9
1755964800000,0.07485,0.07595,0.07454,0.07584,18928.2
1755979200000,0.07584,0.07596,0.0746,0.07505,20253.1
1755993600000,0.07505,0.07526,0.07356,0.07396,25925.1
1756008000000,0.07396,0.07417,0.07184,0.07195,20886.2
1756022400000,0.07195,0.07246,0.07046,0.07084,15613.7
1756036800000,0.07084,0.07214,0.07074,0.07145,21485.5
1756051200000,0.07145,0.07546,0.07111,0.07255,77170.0
1756065600000,0.07255,0.073,0.07087,0.07184,43481.3
1756080000000,0.07184,0.07312,0.0702,0.07244,23281.2
1756094400000,0.07244,0.07276,0.06883,0.06895,35861.6
1756108800000,0.06895,0.0694,0.06769,0.06876,131934.2
1756123200000,0.06876,0.06953,0.06814,0.06835,39395.9
1756137600000,0.06835,0.06896,0.0666,0.06664,81066.2
1756152000000,0.06664,0.06687,0.06446,0.06544,83602.5
1756166400000,0.06544,0.06635,0.06453,0.06575,46415.1
1756180800000,0.06575,0.06686,0.06566,0.0665,37553.4
1756195200000,0.0665,0.06666,0.06563,0.06606,35722.2
1756209600000,0.06606,0.06766,0.06544,0.06675,72787.0
1756224000000,0.06675,0.06856,0.06674,0.06846,31310.6
1756238400000,0.06846,0.06876,0.06793,0.06815,26971.7
1756252800000,0.06815,0.06847,0.06718,0.06804,35324.3
1756267200000,0.06804,0.06877,0.06718,0.06737,35319.5
1756281600000,0.06737,0.06807,0.06703,0.06796,37694.4
1756296000000,0.06796,0.06856,0.06704,0.06816,44674.5
1756310400000,0.06816,0.06866,0.06719,0.06755,42769.6
1756324800000,0.06755,0.06856,0.06668,0.06734,84555.5
1756339200000,0.06734,0.0686,0.06684,0.06856,35583.3
1756353600000,0.06856,0.06907,0.06814,0.06866,50916.8
1756368000000,0.06866,0.06926,0.06805,0.06864,42126.6
1756382400000,0.06864,0.06986,0.06844,0.06875,66791.7
1756396800000,0.06875,0.06927,0.06763,0.06775,50640.3
1756411200000,0.06775,0.07036,0.06754,0.07035,60901.7
1756425600000,0.07035,0.07065,0.0688,0.06946,87700.4
1756440000000,0.06946,0.06966,0.067,0.06716,87826.2
1756454400000,0.06716,0.06736,0.06571,0.06665,72179.9
1756468800000,0.06665,0.0689,0.06555,0.06594,153503.3
1756483200000,0.06594,0.06626,0.06479,0.06556,64653.1
1756497600000,0.06556,0.06642,0.06505,0.06624,47740.7
1756512000000,0.06624,0.06746,0.06504,0.06715,82245.7
1756526400000,0.06715,0.06866,0.06693,0.06866,63892.3
1756540800000,0.06866,0.06866,0.06783,0.06826,56647.2
1756555200000,0.06826,0.06826,0.06674,0.06794,91405.1
1756569600000,0.06794,0.068,0.06704,0.06754,66283.3
1756584000000,0.06754,0.06807,0.06724,0.06795,56138.0
1756598400000,0.06795,0.07055,0.06794,0.06995,154275.5
1756612800000,0.06995,0.07017,0.06873,0.06884,66989.7
1756627200000,0.06884,0.07,0.06838,0.06885,98279.5
1756641600000,0.06885,0.06916,0.06784,0.06904,111921.3
1756656000000,0.06904,0.06931,0.06853,0.06864,87034.2
1756670400000,0.06864,0.06926,0.0673,0.06734,75161.0
1756684800000,0.06734,0.06735,0.06564,0.06626,131010.4
1756699200000,0.06626,0.06816,0.06537,0.06815,130758.4
1756713600000,0.06815,0.06916,0.06674,0.06685,114884.0
1756728000000,0.06685,0.06745,0.06577,0.06584,74349.2
1756742400000,0.06584,0.06655,0.06537,0.06645,90733.6
1756756800000,0.06645,0.06655,0.06385,0.06554,177644.1
1756771200000,0.06554,0.06725,0.0652,0.06716,136296.8
1756785600000,0.06716,0.06755,0.06654,0.06665,76804.2
1756800000000,0.06665,0.06746,0.06653,0.06686,78062.2
1756814400000,0.06686,0.06786,0.06535,0.06584,221097.5
1756828800000,0.06584,0.06714,0.06584,0.06646,76906.9
1756843200000,0.06646,0.06786,0.06635,0.06785,94374.0
1756857600000,0.06785,0.06826,0.06725,0.06766,103712.4
1756872000000,0.06766,0.06777,0.06665,0.06705,92443.6
1756886400000,0.06705,0.06786,0.06684,0.06735,100748.0
1756900800000,0.06735,0.06857,0.06694,0.0683,155396.7
1756915200000,0.0683,0.06858,0.06774,0.06834,105606.7
1756929600000,0.06834,0.06837,0.06764,0.06784,83955.8
1756944000000,0.06784,0.0683,0.0667,0.06674,73066.3
1756958400000,0.06674,0.06697,0.06573,0.06645,185104.6
1756972800000,0.06645,0.06695,0.0662,0.06644,78607.8
1756987200000,0.06644,0.06687,0.06574,0.06606,258189.4
1757001600000,0.06606,0.06617,0.06493,0.06516,105952.9
1757016000000,0.06516,0.06652,0.06505,0.06553,250832.9
1757030400000,0.06553,0.0665,0.06553,0.06646,186120.1
1757044800000,0.06646,0.06766,0.0662,0.06764,242753.5
1757059200000,0.06764,0.06774,0.06714,0.06735,290860.0
1757073600000,0.06735,0.06826,0.06525,0.06585,823852.8
1757088000000,0.06585,0.06652,0.06544,0.06645,285873.0
1757102400000,0.06645,0.06688,0.06611,0.06666,240770.5
1757116800000,0.06666,0.067,0.0664,0.06675,168473.7
1757131200000,0.06675,0.06676,0.0657,0.06576,208436.3
1757145600000,0.06576,0.06576,0.06513,0.06555,337253.6
1757160000000,0.06555,0.06606,0.06523,0.06534,254303.2
1757174400000,0.06534,0.06607,0.06494,0.06504,238110.7
1757188800000,0.06504,0.06597,0.06504,0.06565,119317.8
1757203200000,0.06565,0.06676,0.06565,0.06633,171871.2
1757217600000,0.06633,0.06687,0.06613,0.06625,173507.5
1757232000000,0.06625,0.06677,0.06604,0.06674,253649.9
1757246400000,0.06674,0.06687,0.06613,0.06626,289536.0
1757260800000,0.06626,0.06636,0.06579,0.06605,279898.0
1757275200000,0.06605,0.06676,0.06574,0.06645,221687.2
1757289600000,0.06645,0.06736,0.06594,0.06705,269938.1
1757304000000,0.06705,0.06717,0.06644,0.06686,279700.5
1757318400000,0.06686,0.068,0.06684,0.06766,445913.7
1757332800000,0.06766,0.06834,0.06704,0.06833,539171.8
1757347200000,0.06833,0.06865,0.06764,0.06775,324153.8
1757361600000,0.06775,0.06866,0.06733,0.06824,262764.9
1757376000000,0.06824,0.06917,0.06744,0.06895,965430.4
1757390400000,0.06895,0.0711,0.06864,0.07055,1253809.2
1757404800000,0.07055,0.07116,0.07034,0.07056,788259.0
1757419200000,0.07056,0.07106,0.06838,0.06855,923828.8
1757433600000,0.06855,0.06936,0.06814,0.06915,577843.3
1757448000000,0.06915,0.06976,0.06874,0.06947,392496.2
1757462400000,0.06947,0.07038,0.06875,0.07026,770401.7
1757476800000,0.07026,0.07056,0.06964,0.07004,968748.1
1757491200000,0.07004,0.07037,0.06973,0.07005,684002.0
1757505600000,0.07005,0.0714,0.06994,0.07094,1070798.1
1757520000000,0.07094,0.07116,0.06935,0.06972,814947.9
1757534400000,0.06972,0.0707,0.06965,0.07054,478236.4
1757548800000,0.07054,0.071,0.07043,0.07095,918006.1
1757563200000,0.07095,0.07251,0.07024,0.07154,1819687.7
1757577600000,0.07154,0.07166,0.07014,0.07015,1266817.6
1757592000000,0.07015,0.07094,0.06914,0.06945,2352487.5
1757606400000,0.06945,0.07026,0.06944,0.07006,727304.1
1757620800000,0.07006,0.0707,0.06984,0.07055,1074469.6
1757635200000,0.07055,0.07141,0.0701,0.07036,1010376.0
1757649600000,0.07036,0.07174,0.07014,0.07096,1368212.3
1757664000000,0.07096,0.07096,0.0697,0.06976,1480514.4
1757678400000,0.06976,0.07064,0.06944,0.07034,1425640.4
1757692800000,0.07034,0.0723,0.0703,0.07224,1807436.4
1757707200000,0.07224,0.07256,0.07154,0.07246,1278232.7
1757721600000,0.07246,0.0731,0.0722,0.07304,1018955.4
1757736000000,0.07304,0.07327,0.07255,0.07294,997830.3
1757750400000,0.07294,0.07416,0.07285,0.07415,1805854.7
1757764800000,0.07415,0.0747,0.07224,0.07306,2600877.7
1757779200000,0.07306,0.07336,0.07179,0.07315,2667609.6
1757793600000,0.07315,0.07384,0.07314,0.07365,1473069.6
1757808000000,0.07365,0.07377,0.0718,0.0718,1460045.4
1757822400000,0.0718,0.0728,0.07133,0.07174,1181976.2
1757836800000,0.07174,0.07217,0.07044,0.07055,2297723.0
1757851200000,0.07055,0.07086,0.06885,0.06945,2370298.5
1757865600000,0.06945,0.07026,0.06924,0.06944,1197575.8
1757880000000,0.06944,0.07046,0.06914,0.06955,1342625.7
1757894400000,0.06955,0.07017,0.06864,0.06995,2058364.9
1757908800000,0.06995,0.07073,0.06838,0.06854,3258896.7
1757923200000,0.06854,0.06857,0.06668,0.06774,5458554.7
1757937600000,0.06774,0.06816,0.0665,0.06706,6663213.0
1757952000000,0.06706,0.06746,0.06626,0.06715,3444114.4
1757966400000,0.06715,0.06797,0.06704,0.06794,1679461.3
1757980800000,0.06794,0.06797,0.06713,0.06715,1472331.8
1757995200000,0.06715,0.06817,0.06656,0.06804,2271057.8
1758009600000,0.06804,0.06885,0.06804,0.06854,3529941.5
1758024000000,0.06854,0.06954,0.06794,0.06953,4176579.8
1758038400000,0.06953,0.06991,0.06885,0.06974,1759706.3
1758052800000,0.06974,0.07005,0.06944,0.06955,1866776.7
1758067200000,0.06955,0.07027,0.0693,0.06937,3000816.4
1758081600000,0.06937,0.0699,0.06864,0.06976,1910797.7
1758096000000,0.06976,0.0698,0.06824,0.06866,1276689.6
1758110400000,0.06866,0.06896,0.06813,0.06826,2011361.8
1758124800000,0.06826,0.07014,0.06776,0.07005,7728449.9
1758139200000,0.07005,0.07177,0.06914,0.07125,3908299.0
1758153600000,0.07125,0.07193,0.07094,0.07177,2266756.2
1758168000000,0.07177,0.07193,0.0704,0.07085,2483206.0
1758182400000,0.07085,0.07158,0.07083,0.07105,1539991.0
1758196800000,0.07105,0.07193,0.07094,0.07174,1633005.7
1758211200000,0.07174,0.07285,0.07174,0.07243,2110996.0
1758225600000,0.07243,0.07277,0.07176,0.07225,1869036.8
1758240000000,0.07225,0.07347,0.07115,0.07126,2628493.0
1758254400000,0.07126,0.07186,0.07077,0.07125,2167189.1
1758268800000,0.07125,0.07166,0.06978,0.07006,2800696.1
1758283200000,0.07006,0.07066,0.06902,0.06954,2744191.7
1758297600000,0.06954,0.06997,0.06854,0.06876,2224460.5
1758312000000,0.06876,0.06936,0.06796,0.06853,1346944.3
1758326400000,0.06853,0.06896,0.06795,0.06885,1041883.0
1758340800000,0.06885,0.06964,0.06855,0.06954,1317905.1
1758355200000,0.06954,0.06954,0.06852,0.06884,1035407.9
1758369600000,0.06884,0.06993,0.06844,0.06924,1237791.8
1758384000000,0.06924,0.06944,0.06855,0.06875,972920.0
1758398400000,0.06875,0.06935,0.06864,0.06886,812160.1
1758412800000,0.06886,0.06922,0.0683,0.06914,988065.2
1758427200000,0.06914,0.06992,0.06864,0.06949,1428899.6
1758441600000,0.06949,0.06957,0.06793,0.06825,2326672.8
1758456000000,0.06825,0.06873,0.06794,0.06806,1355530.8
1758470400000,0.06806,0.06826,0.06718,0.06802,1789451.7
1758484800000,0.06802,0.06803,0.06737,0.06738,990719.9
1758499200000,0.06738,0.06775,0.06404,0.06495,4045454.1
1758513600000,0.06495,0.06522,0.05932,0.06195,6486371.2
1758528000000,0.06195,0.06285,0.06153,0.06215,4976635.9
1758542400000,0.06215,0.06295,0.06194,0.06215,2593920.4
1758556800000,0.06215,0.06233,0.06122,0.06145,2424701.2
1758571200000,0.06145,0.06285,0.06134,0.06275,1038995.4
1758585600000,0.06275,0.06303,0.06095,0.06224,1646745.8
1758600000000,0.06224,0.06321,0.06165,0.0629,1421618.9
1758614400000,0.0629,0.0636,0.06273,0.06303,1406031.3
1758628800000,0.06303,0.06356,0.06256,0.06315,1719449.2
1758643200000,0.06315,0.06375,0.06193,0.06206,1558001.0
1758657600000,0.06206,0.06304,0.06204,0.06235,955107.8
1758672000000,0.06235,0.06332,0.06178,0.06216,1397710.4
1758686400000,0.06216,0.06342,0.06125,0.06336,1805707.7
1758700800000,0.06336,0.06393,0.06313,0.06382,652097.8
1758715200000,0.06382,0.06416,0.06325,0.06335,2183035.7
1758729600000,0.06335,0.0636,0.0629,0.06305,1266665.7
1758744000000,0.06305,0.06323,0.06219,0.06237,1451241.8
1758758400000,0.06237,0.06237,0.06104,0.06155,2191649.8
1758772800000,0.06155,0.06176,0.06046,0.06065,2089961.1
1758787200000,0.06065,0.06145,0.06021,0.06042,2146069.2
1758801600000,0.06042,0.06145,0.05936,0.06075,3296731.8
1758816000000,0.06075,0.06085,0.05764,0.05926,4463771.2
1758830400000,0.05926,0.05946,0.05814,0.05854,1531720.0
1758844800000,0.05854,0.0596,0.05854,0.0596,1351844.8
1758859200000,0.0596,0.05983,0.05886,0.05944,1670502.4
1758873600000,0.05944,0.05983,0.05824,0.05895,1897842.8
1758888000000,0.05895,0.06009,0.05823,0.05985,1911418.0
1758902400000,0.05985,0.06128,0.05984,0.06086,1922591.7
1758916800000,0.06086,0.06113,0.06058,0.06091,715813.4
1758931200000,0.06091,0.06124,0.06069,0.06096,781851.4
1758945600000,0.06096,0.06114,0.06069,0.06069,715014.1
1758960000000,0.06069,0.06114,0.0601,0.06096,723262.5
1758974400000,0.06096,0.06132,0.06046,0.06123,1307823.1
1758988800000,0.06123,0.06127,0.06013,0.06045,1150369.1
1759003200000,0.06045,0.06114,0.06033,0.06058,933592.4
1759017600000,0.06058,0.06065,0.05987,0.06017,1027849.4
1759032000000,0.06017,0.0602,0.05943,0.05965,1139660.9
1759046400000,0.05965,0.05972,0.05904,0.05946,1077517.9
1759060800000,0.05946,0.06021,0.05894,0.05993,1720299.8
1759075200000,0.05993,0.06063,0.05993,0.06062,1124341.9
1759089600000,0.06062,0.06185,0.06062,0.06176,1235764.6
1759104000000,0.06176,0.06176,0.0611,0.06134,765676.0
1759118400000,0.06134,0.06146,0.06069,0.06114,849994.8
1759132800000,0.06114,0.06173,0.06044,0.06084,878491.5
1759147200000,0.06084,0.06217,0.05997,0.06118,2534878.1
1759161600000,0.06118,0.06195,0.06058,0.06183,839705.2
1759176000000,0.06183,0.06241,0.0618,0.06189,1462422.6
1759190400000,0.06189,0.06189,0.06073,0.06125,1448863.0
1759204800000,0.06125,0.06173,0.06095,0.06114,1142842.2
1759219200000,0.06114,0.06162,0.0607,0.06135,1477084.6
1759233600000,0.06135,0.06156,0.05979,0.06025,1910989.4
1759248000000,0.06025,0.06146,0.05993,0.06135,1434124.1
1759262400000,0.06135,0.06227,0.06104,0.06164,1394919.1
1759276800000,0.06164,0.06186,0.06075,0.06076,1226804.9
1759291200000,0.06076,0.06168,0.06067,0.06136,1045721.8
1759305600000,0.06136,0.06406,0.06134,0.06345,2937852.1
1759320000000,0.06345,0.0638,0.06283,0.06355,1386408.9
1759334400000,0.06355,0.0644,0.06303,0.06414,1277906.5
1759348800000,0.06414,0.0646,0.06384,0.06454,1226894.1
1759363200000,0.06454,0.06546,0.06425,0.06505,804543.0
1759377600000,0.06505,0.06607,0.06473,0.06534,1923426.7
1759392000000,0.06534,0.06576,0.06523,0.06546,784754.1
1759406400000,0.06546,0.06576,0.06386,0.06495,1635170.1
1759420800000,0.06495,0.06607,0.06474,0.06584,1312825.5
1759435200000,0.06584,0.06596,0.06513,0.06536,1116436.9
1759449600000,0.06536,0.06546,0.0643,0.06435,2129139.1
1759464000000,0.06435,0.06496,0.06386,0.06415,1140106.3
1759478400000,0.06415,0.0646,0.06375,0.06414,1425676.0
1759492800000,0.06414,0.06555,0.06364,0.06545,5198053.0
1759507200000,0.06545,0.06622,0.06424,0.06545,4228277.9
1759521600000,0.06545,0.06556,0.06446,0.06455,1316207.0
1759536000000,0.06455,0.06486,0.06359,0.06385,2564770.0
1759550400000,0.06385,0.06436,0.06359,0.06374,1063991.6
1759564800000,0.06374,0.06382,0.0624,0.06265,2307389.2
1759579200000,0.06265,0.06336,0.06168,0.06185,1899143.3
1759593600000,0.06185,0.06256,0.06172,0.06235,1051678.8
1759608000000,0.06235,0.06287,0.06235,0.06264,829215.0
1759622400000,0.06264,0.06431,0.06224,0.06366,4332769.5
1759636800000,0.06366,0.06496,0.06344,0.06495,4886840.1
1759651200000,0.06495,0.06526,0.0633,0.06376,3348846.5
1759665600000,0.06376,0.06377,0.06295,0.06346,1071786.3
1759680000000,0.06346,0.06346,0.06168,0.06168,1540745.7
1759694400000,0.06168,0.06226,0.06154,0.06186,1090882.0
1759708800000,0.06186,0.06246,0.0611,0.06214,1788566.8
1759723200000,0.06214,0.06269,0.06154,0.06175,1412338.1
1759737600000,0.06175,0.06216,0.06153,0.06194,1361269.6
1759752000000,0.06194,0.0635,0.06194,0.06326,2048357.1
1759766400000,0.06326,0.06407,0.06284,0.06385,1719260.7
1759780800000,0.06385,0.06422,0.06334,0.06346,1243101.1
1759795200000,0.06346,0.06387,0.06303,0.06314,1048620.0
1759809600000,0.06314,0.06366,0.06184,0.06215,2032462.7
1759824000000,0.06215,0.06297,0.06167,0.06284,1473987.2
1759838400000,0.06284,0.06336,0.06006,0.06034,4107766.9
1759852800000,0.06034,0.06106,0.05974,0.06036,2491391.5
1759867200000,0.06036,0.06106,0.05995,0.06015,1014575.7
1759881600000,0.06015,0.06096,0.05962,0.05995,1788910.0
1759896000000,0.05995,0.06056,0.05969,0.06055,805935.9
1759910400000,0.06055,0.06114,0.06048,0.06055,1564171.4
1759924800000,0.06055,0.06174,0.06035,0.06105,1134595.1
1759939200000,0.06105,0.06286,0.06088,0.06254,1296194.6
1759953600000,0.06254,0.06276,0.06194,0.06215,831087.2
1759968000000,0.06215,0.06217,0.06006,0.06105,1034979.0
1759982400000,0.06105,0.06163,0.06044,0.06055,1087351.8
1759996800000,0.06055,0.06066,0.05945,0.06014,1567554.9
1760011200000,0.06014,0.06084,0.05894,0.05926,1869504.4
1760025600000,0.05926,0.0609,0.05894,0.06046,1777294.9
1760040000000,0.06046,0.06156,0.06024,0.06116,816985.9
1760054400000,0.06116,0.06227,0.06084,0.06169,977359.1
1760068800000,0.06169,0.06227,0.06103,0.06106,1129377.2
1760083200000,0.06106,0.06321,0.061,0.06313,1436577.1
1760097600000,0.06313,0.06347,0.0593,0.05985,4310204.9
1760112000000,0.05985,0.06034,0.05725,0.05785,3951301.1
1760126400000,0.05785,0.05827,0.0132,0.04105,35431250.6
1760140800000,0.04105,0.04226,0.03983,0.04094,9813226.5
1760155200000,0.04094,0.04417,0.04094,0.04376,6765931.1
1760169600000,0.04376,0.0468,0.04345,0.04646,5166838.8
1760184000000,0.04646,0.04646,0.0444,0.04583,3820696.8
1760198400000,0.04583,0.04605,0.04315,0.04346,2469719.3
1760212800000,0.04346,0.04416,0.0419,0.04404,3444438.0
1760227200000,0.04404,0.04445,0.04294,0.04396,1995692.5
1760241600000,0.04396,0.0458,0.04394,0.04566,3054347.2
1760256000000,0.04566,0.046,0.04473,0.04555,1904857.4
1760270400000,0.04555,0.04906,0.04514,0.04886,2776323.9
1760284800000,0.04886,0.05056,0.04885,0.05056,2058671.1
1760299200000,0.05056,0.05103,0.04956,0.05064,2072934.5
1760313600000,0.05064,0.05156,0.05014,0.05085,1856706.2
1760328000000,0.05085,0.05215,0.0503,0.05136,2466467.7
1760342400000,0.05136,0.05261,0.05033,0.05124,4041617.8
1760356800000,0.05124,0.05304,0.05084,0.05225,4286879.2
1760371200000,0.05225,0.05436,0.05222,0.05408,2815380.3
1760385600000,0.05408,0.05467,0.05313,0.05324,2845162.7
1760400000000,0.05324,0.05356,0.05154,0.05176,1515810.6
1760414400000,0.05176,0.05195,0.04757,0.0483,4440268.0
1760428800000,0.0483,0.04945,0.04755,0.04909,1419119.1
1760443200000,0.04909,0.05074,0.04794,0.05073,1601586.0
1760457600000,0.05073,0.05167,0.04984,0.05054,1560319.5
1760472000000,0.05054,0.05107,0.05026,0.0509,1023135.6
1760486400000,0.0509,0.05113,0.0499,0.0502,820492.8
1760500800000,0.0502,0.05111,0.05003,0.05109,839396.3
1760515200000,0.05109,0.05189,0.04982,0.05018,1081442.6
1760529600000,0.05018,0.05026,0.04816,0.04854,2382015.3
1760544000000,0.04854,0.04893,0.04789,0.04836,1886970.1
1760558400000,0.04836,0.04866,0.04746,0.04821,1042455.0
1760572800000,0.04821,0.04887,0.04795,0.04828,782399.8
1760587200000,0.04828,0.0493,0.04823,0.04876,712750.6
1760601600000,0.04876,0.04966,0.04691,0.0491,2343313.4
1760616000000,0.0491,0.04961,0.04608,0.04629,1753789.0
1760630400000,0.04629,0.04734,0.0451,0.04557,2661212.1
1760644800000,0.04557,0.04588,0.04477,0.04548,1491226.1
1760659200000,0.04548,0.04611,0.04541,0.04599,1294743.1
1760673600000,0.04599,0.04606,0.04211,0.04229,2445755.6
1760688000000,0.04229,0.04451,0.04148,0.04392,3495661.7
1760702400000,0.04392,0.04452,0.04316,0.04452,1459852.0
1760716800000,0.04452,0.04517,0.04387,0.04459,987341.1
1760731200000,0.04459,0.04539,0.04443,0.04484,508622.0
1760745600000,0.04484,0.04602,0.04464,0.04537,580687.9
1760760000000,0.04537,0.04615,0.04486,0.04562,841510.3
1760774400000,0.04562,0.04622,0.04537,0.04606,588757.4
1760788800000,0.04606,0.04614,0.04461,0.04494,1041704.0
1760803200000,0.04494,0.04538,0.04437,0.04521,407358.2
1760817600000,0.04521,0.04551,0.04499,0.04516,1289838.6
1760832000000,0.04516,0.04564,0.04447,0.04546,3735918.3
1760846400000,0.04546,0.04547,0.04454,0.04496,3136544.9
1760860800000,0.04496,0.04651,0.04427,0.04591,5524455.9
1760875200000,0.04591,0.04689,0.04558,0.04657,1192445.4
1760889600000,0.04657,0.0471,0.04623,0.04674,1139687.0
1760904000000,0.04674,0.04685,0.04606,0.04623,789222.5
1760918400000,0.04623,0.04732,0.04529,0.04718,569743.7
1760932800000,0.04718,0.04784,0.04667,0.04771,1233301.9
1760947200000,0.04771,0.04775,0.04692,0.04717,863038.5
1760961600000,0.04717,0.04742,0.0465,0.0465,870683.0
1760976000000,0.0465,0.0466,0.04561,0.04641,1006045.2
1760990400000,0.04641,0.04686,0.0461,0.04619,658019.8
1761004800000,0.04619,0.04621,0.04497,0.04506,1025984.8
1761019200000,0.04506,0.04509,0.04402,0.04471,1144400.3
1761033600000,0.04471,0.04514,0.04408,0.04503,1196101.2
1761048000000,0.04503,0.04771,0.04489,0.04718,3061340.7
1761062400000,0.04718,0.0474,0.04598,0.04648,1669265.0
1761076800000,0.04648,0.04654,0.04412,0.04419,2071614.7
1761091200000,0.04419,0.04457,0.04391,0.04431,791102.2
1761105600000,0.04431,0.04476,0.04347,0.04434,1182577.5
1761120000000,0.04434,0.04434,0.04291,0.04373,938305.1
1761134400000,0.04373,0.04481,0.04365,0.0443,1582118.0
1761148800000,0.0443,0.04434,0.04295,0.04335,995635.6
1761163200000,0.04335,0.04344,0.04136,0.04295,2614013.1
1761177600000,0.04295,0.04347,0.04279,0.04334,2106903.7
1761192000000,0.04334,0.04434,0.04323,0.04418,1204957.3
1761206400000,0.04418,0.04438,0.04351,0.04362,613499.9
1761220800000,0.04362,0.04444,0.04324,0.04409,703707.9
1761235200000,0.04409,0.04477,0.04392,0.04416,611916.4
1761249600000,0.04416,0.04417,0.04352,0.04413,841420.1
1761264000000,0.04413,0.04446,0.04382,0.04393,694281.3
1761278400000,0.04393,0.04465,0.04379,0.04436,1000895.2
1761292800000,0.04436,0.04477,0.04327,0.04405,1021600.5
1761307200000,0.04405,0.04487,0.04338,0.04359,1694230.6
1761321600000,0.04359,0.04453,0.04329,0.04434,801040.4
1761336000000,0.04434,0.0449,0.04429,0.04469,708391.1
1761350400000,0.04469,0.04476,0.04418,0.0442,1125666.1
1761364800000,0.0442,0.04456,0.04406,0.04434,747781.3
1761379200000,0.04434,0.04459,0.04403,0.04438,1076353.9
1761393600000,0.04438,0.04472,0.04431,0.04458,1151271.5
1761408000000,0.04458,0.04505,0.0444,0.04489,844960.8
1761422400000,0.04489,0.04506,0.04463,0.04464,530240.5
1761436800000,0.04464,0.04486,0.04409,0.04424,712504.6
1761451200000,0.04424,0.04496,0.04418,0.04495,260391.4
1761465600000,0.04495,0.04567,0.04486,0.04552,706511.3
1761480000000,0.04552,0.04569,0.04498,0.04535,906534.3
1761494400000,0.04535,0.04538,0.0449,0.04502,490641.3
1761508800000,0.04502,0.04578,0.04451,0.04529,2325377.7
1761523200000,0.04529,0.04606,0.04514,0.0457,2814894.5
1761537600000,0.0457,0.04616,0.0453,0.04563,1002239.5
1761552000000,0.04563,0.04576,0.04461,0.04513,1901594.9
1761566400000,0.04513,0.04513,0.04395,0.04446,2840978.1
1761580800000,0.04446,0.04542,0.04446,0.04478,2437748.4
1761595200000,0.04478,0.04478,0.04335,0.04351,1862940.9
1761609600000,0.04351,0.04405,0.04323,0.04347,1330783.3
1761624000000,0.04347,0.04461,0.04312,0.04387,1114718.6
1761638400000,0.04387,0.04427,0.0437,0.04387,1061229.9
1761652800000,0.04387,0.04473,0.04318,0.04409,1751961.1
1761667200000,0.04409,0.04494,0.04316,0.04335,2063736.9
1761681600000,0.04335,0.04335,0.04191,0.04315,2100010.3
1761696000000,0.04315,0.04336,0.04281,0.04309,464876.2
1761710400000,0.04309,0.04373,0.04294,0.04319,2138877.7
1761724800000,0.04319,0.04373,0.04295,0.04361,806651.8
1761739200000,0.04361,0.04403,0.04265,0.04296,810209.7
1761753600000,0.04296,0.04431,0.04195,0.04381,2897398.8
1761768000000,0.04381,0.04455,0.0431,0.04331,946551.1
1761782400000,0.04331,0.04395,0.04303,0.04358,425218.6
1761796800000,0.04358,0.04358,0.04162,0.04334,1910419.7
1761811200000,0.04334,0.04334,0.04237,0.04253,766027.6
1761825600000,0.04253,0.04265,0.04015,0.0405,2345218.6
1761840000000,0.0405,0.04075,0.03936,0.03955,1499801.0
1761854400000,0.03955,0.04087,0.03947,0.04082,640971.1
1761868800000,0.04082,0.04145,0.04063,0.04135,458384.3
1761883200000,0.04135,0.04185,0.04134,0.04144,496541.2
1761897600000,0.04144,0.04197,0.04119,0.04196,692384.0
1761912000000,0.04196,0.04229,0.04143,0.04199,782005.9
1761926400000,0.04199,0.04227,0.04084,0.04215,934060.1
1761940800000,0.04215,0.0423,0.04163,0.04182,580858.2
1761955200000,0.04182,0.04192,0.04142,0.04189,372629.6
1761969600000,0.04189,0.04237,0.04158,0.04232,1727059.5
1761984000000,0.04232,0.04304,0.04212,0.04284,908122.8
1761998400000,0.04284,0.04326,0.04233,0.04312,1657346.0
1762012800000,0.04312,0.04347,0.04308,0.04332,808811.4
1762027200000,0.04332,0.04366,0.04309,0.0435,351402.7
1762041600000,0.0435,0.04359,0.04321,0.04332,444349.7
1762056000000,0.04332,0.0447,0.0432,0.04462,737769.1
1762070400000,0.04462,0.04488,0.04388,0.04482,1844310.7
1762084800000,0.04482,0.04484,0.0431,0.04325,928624.3
1762099200000,0.04325,0.04418,0.04287,0.04353,1786462.7
1762113600000,0.04353,0.04711,0.04346,0.04674,4924842.2
1762128000000,0.04674,0.04725,0.042,0.04213,5331012.3
1762142400000,0.04213,0.04214,0.04025,0.04074,3320625.5
1762156800000,0.04074,0.04121,0.04001,0.04036,1762810.6
1762171200000,0.04036,0.04097,0.03618,0.03771,5721486.6
1762185600000,0.03771,0.03942,0.03748,0.03798,3470078.4
1762200000000,0.03798,0.0386,0.0373,0.03856,1462915.4
1762214400000,0.03856,0.04008,0.03818,0.04005,1063789.2
1762228800000,0.04005,0.04041,0.03789,0.03818,2250932.2
1762243200000,0.03818,0.03953,0.03797,0.03899,1982666.0
1762257600000,0.03899,0.03986,0.03795,0.03897,1545010.5
1762272000000,0.03897,0.0393,0.03623,0.03762,4838078.3
1762286400000,0.03762,0.03855,0.03532,0.03814,5156713.0
1762300800000,0.03814,0.03849,0.03587,0.03812,2836009.3
1762315200000,0.03812,0.03832,0.03781,0.03814,701337.0
1762329600000,0.03814,0.03826,0.03738,0.0382,1353287.5
1762344000000,0.0382,0.03868,0.03788,0.03866,1227792.5
1762358400000,0.03866,0.03935,0.03818,0.03912,1197416.8
1762372800000,0.03912,0.03984,0.0388,0.03939,928618.7
1762387200000,0.03939,0.03945,0.03857,0.03888,1031296.2
1762401600000,0.03888,0.03906,0.03785,0.03804,1458477.6
1762416000000,0.03804,0.03841,0.03774,0.03819,915562.6
1762430400000,0.03819,0.039,0.03739,0.03764,1818709.0
1762444800000,0.03764,0.04001,0.03702,0.03991,2701239.1
1762459200000,0.03991,0.04047,0.03907,0.04016,2668373.2
1762473600000,0.04016,0.04148,0.03998,0.04132,3753035.7
1762488000000,0.04132,0.0425,0.04043,0.04245,3467443.7
1762502400000,0.04245,0.04249,0.03996,0.04046,2052428.2
1762516800000,0.04046,0.04233,0.03929,0.04215,1849021.8
1762531200000,0.04215,0.04744,0.04191,0.04667,6036092.8
1762545600000,0.04667,0.04915,0.04639,0.04706,4411748.1
1762560000000,0.04706,0.04865,0.04631,0.0466,2350915.5
1762574400000,0.0466,0.04792,0.04614,0.04685,3130468.9
1762588800000,0.04685,0.0481,0.04637,0.04684,1699665.7
1762603200000,0.04684,0.0473,0.04588,0.04621,2412440.4
1762617600000,0.04621,0.0465,0.04523,0.04571,1785864.4
1762632000000,0.04571,0.04662,0.04531,0.04616,719602.7
1762646400000,0.04616,0.04619,0.04323,0.04354,1815796.9
1762660800000,0.04354,0.04493,0.04352,0.04477,1008623.0
1762675200000,0.04477,0.04482,0.0434,0.04457,1017060.7
1762689600000,0.04457,0.04576,0.04423,0.04548,2497031.2
1762704000000,0.04548,0.04633,0.04514,0.04633,1282274.4
1762718400000,0.04633,0.04649,0.04556,0.04592,1091736.9
1762732800000,0.04592,0.04687,0.04549,0.04615,1012835.5
1762747200000,0.04615,0.0462,0.04547,0.04593,1602934.7
1762761600000,0.04593,0.04626,0.04512,0.04611,760764.2
1762776000000,0.04611,0.04636,0.04493,0.04551,1025422.6
1762790400000,0.04551,0.04589,0.04495,0.04536,743004.4
1762804800000,0.04536,0.04601,0.04438,0.04513,1412722.8
1762819200000,0.04513,0.04616,0.04438,0.04526,1216592.1
1762833600000,0.04526,0.04552,0.0437,0.04375,1082696.3
1762848000000,0.04375,0.04465,0.04372,0.04412,1047970.8
1762862400000,0.04412,0.04441,0.04332,0.04383,1794039.2
1762876800000,0.04383,0.04424,0.04268,0.04284,1257772.2
1762891200000,0.04284,0.04291,0.04189,0.04208,1063888.7
1762905600000,0.04208,0.04281,0.04161,0.04261,551963.4
1762920000000,0.04261,0.0433,0.04251,0.04282,580254.8
1762934400000,0.04282,0.04442,0.04282,0.04402,500709.6
1762948800000,0.04402,0.04443,0.0421,0.04234,729317.1
1762963200000,0.04234,0.04239,0.04038,0.04092,1773324.6
1762977600000,0.04092,0.04181,0.04079,0.04115,1334562.6
1762992000000,0.04115,0.04193,0.04037,0.04136,2007988.2
1763006400000,0.04136,0.04236,0.04116,0.04174,826374.4
1763020800000,0.04174,0.04187,0.04108,0.04131,1026067.5
1763035200000,0.04131,0.04176,0.04057,0.04084,855350.7
1763049600000,0.04084,0.04092,0.03838,0.03852,2106325.0
1763064000000,0.03852,0.03999,0.03826,0.03949,1011710.1
1763078400000,0.03949,0.03982,0.03896,0.03922,971852.4
1763092800000,0.03922,0.04005,0.03769,0.03964,1739933.3
1763107200000,0.03964,0.03978,0.03873,0.03904,678758.4
1763121600000,0.03904,0.04011,0.03818,0.03969,1867167.8
1763136000000,0.03969,0.03995,0.03871,0.03942,811099.8
1763150400000,0.03942,0.03948,0.03751,0.03811,709237.4
1763164800000,0.03811,0.0392,0.03805,0.0391,666087.5
1763179200000,0.0391,0.03975,0.0389,0.0392,823830.1
1763193600000,0.0392,0.03923,0.03816,0.03833,786433.7
1763208000000,0.03833,0.03906,0.03824,0.03849,568357.0
1763222400000,0.03849,0.03906,0.03823,0.03875,474576.1
1763236800000,0.03875,0.0389,0.03826,0.03844,466245.9
1763251200000,0.03844,0.03886,0.03763,0.03866,923163.6
1763265600000,0.03866,0.03893,0.03828,0.03876,603561.7
1763280000000,0.03876,0.03884,0.03776,0.03787,939608.5
1763294400000,0.03787,0.03815,0.03688,0.03693,1920562.4
1763308800000,0.03693,0.03736,0.03578,0.03665,2698125.0
1763323200000,0.03665,0.03747,0.03619,0.0371,885855.5
1763337600000,0.0371,0.03776,0.0367,0.03761,1250791.5
1763352000000,0.03761,0.03773,0.03711,0.03757,472371.1
1763366400000,0.03757,0.03782,0.03726,0.03766,627581.7
1763380800000,0.03766,0.0382,0.03626,0.03695,1066898.7
1763395200000,0.03695,0.03783,0.03617,0.0364,1696703.2
1763409600000,0.0364,0.03657,0.03579,0.03647,1561084.7
1763424000000,0.03647,0.03729,0.03577,0.03681,1283140.9
1763438400000,0.03681,0.03703,0.03559,0.03608,2174929.0
1763452800000,0.03608,0.03655,0.03592,0.03597,1622615.9
1763467200000,0.03597,0.0367,0.03558,0.03651,1041180.5
1763481600000,0.03651,0.0373,0.03648,0.03697,1236799.3
1763496000000,0.03697,0.03705,0.03637,0.03672,812720.1
1763510400000,0.03672,0.03699,0.03608,0.03612,573239.4
1763524800000,0.03612,0.03621,0.03515,0.03605,770906.5
1763539200000,0.03605,0.03632,0.03596,0.03615,524674.0
1763553600000,0.03615,0.03669,0.03537,0.03537,1278364.4
1763568000000,0.03537,0.03553,0.03391,0.03441,1763424.6
1763582400000,0.03441,0.03609,0.03424,0.03592,1060691.9
1763596800000,0.03592,0.03621,0.03573,0.03596,599360.5
1763611200000,0.03596,0.03634,0.03585,0.03633,715874.7
1763625600000,0.03633,0.03707,0.03616,0.03693,1436114.9
1763640000000,0.03693,0.03782,0.03662,0.03662,2317949.0
1763654400000,0.03662,0.03671,0.03324,0.03434,3460857.6
1763668800000,0.03434,0.03533,0.03393,0.03432,1103667.4
1763683200000,0.03432,0.03531,0.03393,0.03445,1028361.5
1763697600000,0.03445,0.03489,0.03133,0.03279,2985630.2
1763712000000,0.03279,0.03323,0.03185,0.03227,1139000.8
1763726400000,0.03227,0.03324,0.03152,0.03234,2894012.7
1763740800000,0.03234,0.03371,0.03197,0.03307,1026859.0
1763755200000,0.03307,0.03325,0.03191,0.03303,2765309.8
1763769600000,0.03303,0.03323,0.03269,0.03278,489209.6
1763784000000,0.03278,0.0328,0.03206,0.03264,559125.5
1763798400000,0.03264,0.03273,0.03193,0.03258,1025360.4
1763812800000,0.03258,0.03294,0.03201,0.03273,746556.0
1763827200000,0.03273,0.03299,0.03228,0.03249,1603661.1
1763841600000,0.03249,0.0335,0.03232,0.03297,2336827.2
1763856000000,0.03297,0.03349,0.03285,0.03321,670401.8
1763870400000,0.03321,0.03357,0.03283,0.03333,1071607.8
1763884800000,0.03333,0.03336,0.03282,0.03315,1383935.9
1763899200000,0.03315,0.03353,0.03298,0.03333,617970.4
1763913600000,0.03333,0.03349,0.03295,0.03336,344408.2
1763928000000,0.03336,0.03353,0.03297,0.03308,614502.0
1763942400000,0.03308,0.03393,0.03274,0.03364,588944.7
1763956800000,0.03364,0.03391,0.03309,0.03342,628847.2
1763971200000,0.03342,0.03347,0.03227,0.03279,1380720.5
1763985600000,0.03279,0.03348,0.03252,0.03335,1010993.4
1764000000000,0.03335,0.03452,0.0333,0.03409,2432335.9
1764014400000,0.03409,0.03435,0.03394,0.03399,623119.4
1764028800000,0.03399,0.03421,0.03368,0.03392,275222.7
1764043200000,0.03392,0.03406,0.03362,0.03365,696195.9
1764057600000,0.03365,0.0338,0.03337,0.0335,425215.2
1764072000000,0.0335,0.0338,0.03287,0.03336,908363.5
1764086400000,0.03336,0.03405,0.03317,0.03367,558878.1
1764100800000,0.03367,0.03411,0.03335,0.03385,481056.5
1764115200000,0.03385,0.03399,0.03325,0.03328,442496.4
1764129600000,0.03328,0.03357,0.03321,0.03356,335571.3
1764144000000,0.03356,0.0336,0.03302,0.03305,1185653.8
1764158400000,0.03305,0.03341,0.03273,0.03302,2028611.5
1764172800000,0.03302,0.03393,0.03302,0.0337,1452690.4
1764187200000,0.0337,0.03383,0.03342,0.03355,1003573.4
1764201600000,0.03355,0.03383,0.03342,0.03353,493725.5
1764216000000,0.03353,0.03368,0.03336,0.03348,533823.2
1764230400000,0.03348,0.03363,0.03332,0.03353,568898.7
1764244800000,0.03353,0.03395,0.03334,0.03393,1019784.8
1764259200000,0.03393,0.03454,0.03384,0.03435,1392111.0
1764273600000,0.03435,0.03457,0.03382,0.03394,1306772.5
1764288000000,0.03394,0.03397,0.03318,0.03344,516159.3
1764302400000,0.03344,0.03346,0.03301,0.0332,490922.8
1764316800000,0.0332,0.03393,0.03316,0.03351,510571.1
1764331200000,0.03351,0.03383,0.0332,0.03362,516030.7
1764345600000,0.03362,0.03362,0.0326,0.03301,600540.5
1764360000000,0.03301,0.03305,0.03271,0.03285,594030.5
1764374400000,0.03285,0.03321,0.03276,0.033,333023.6
1764388800000,0.033,0.03317,0.03268,0.03275,542518.1
1764403200000,0.03275,0.03284,0.03248,0.03281,688841.4
1764417600000,0.03281,0.03287,0.03232,0.03252,834157.4
1764432000000,0.03252,0.03253,0.03183,0.03215,868612.6
1764446400000,0.03215,0.03225,0.03196,0.03211,500524.2
1764460800000,0.03211,0.03234,0.03181,0.03217,377076.4
1764475200000,0.03217,0.03224,0.03183,0.03205,482975.4
1764489600000,0.03205,0.03224,0.03189,0.0319,702089.2
1764504000000,0.0319,0.0324,0.03179,0.03199,465866.0
1764518400000,0.03199,0.03233,0.03199,0.03208,435513.3
1764532800000,0.03208,0.03225,0.03142,0.03147,837757.7
1764547200000,0.03147,0.03155,0.02923,0.02929,3564700.8
1764561600000,0.02929,0.02971,0.02912,0.02962,1031738.8
1764576000000,0.02962,0.03009,0.02958,0.02973,866649.6
1764590400000,0.02973,0.0298,0.02866,0.0291,1236469.7
1764604800000,0.0291,0.0291,0.02866,0.02894,1042352.2
1764619200000,0.02894,0.02978,0.02894,0.02966,881852.4
1764633600000,0.02966,0.03002,0.02947,0.02977,634355.1
1764648000000,0.02977,0.02996,0.02954,0.02984,666269.8
1764662400000,0.02984,0.02985,0.02927,0.02964,1269357.7
1764676800000,0.02964,0.03187,0.02949,0.03172,1955772.9
1764691200000,0.03172,0.03204,0.03126,0.03175,1003076.1
1764705600000,0.03175,0.03192,0.03141,0.03155,1168556.7
1764720000000,0.03155,0.03205,0.03155,0.03185,1540844.4
1764734400000,0.03185,0.03238,0.03176,0.032,623028.3
1764748800000,0.032,0.0323,0.03186,0.03207,313352.6
1764763200000,0.03207,0.03219,0.03116,0.0318,1186078.7
1764777600000,0.0318,0.03208,0.03158,0.032,521900.7
1764792000000,0.032,0.03281,0.0319,0.03244,813206.3
1764806400000,0.03244,0.03279,0.0323,0.03234,541471.6
1764820800000,0.03234,0.03249,0.03221,0.03241,630813.2
1764835200000,0.03241,0.03256,0.03218,0.03229,329773.0
1764849600000,0.03229,0.03239,0.0317,0.03226,748983.9
1764864000000,0.03226,0.03244,0.03112,0.03175,895122.8
1764878400000,0.03175,0.03185,0.03147,0.03162,278185.3
1764892800000,0.03162,0.03204,0.0316,0.03181,521759.3
1764907200000,0.03181,0.0322,0.03153,0.03218,489476.4
1764921600000,0.03218,0.03232,0.03152,0.03174,972555.9
1764936000000,0.03174,0.03249,0.03128,0.03178,1535479.4
1764950400000,0.03178,0.03178,0.03042,0.03095,1149161.9
1764964800000,0.03095,0.03174,0.03081,0.03137,2268797.2
1764979200000,0.03137,0.0318,0.03131,0.03169,490549.4
1764993600000,0.03169,0.03194,0.03142,0.03174,663329.4
1765008000000,0.03174,0.03192,0.03145,0.0318,402421.7
1765022400000,0.0318,0.03236,0.03179,0.03224,837946.8
1765036800000,0.03224,0.03299,0.03218,0.03244,2003209.8
1765051200000,0.03244,0.03283,0.03226,0.03252,765304.3
1765065600000,0.03252,0.03293,0.03252,0.03263,510670.9
1765080000000,0.03263,0.03268,0.03221,0.03227,525084.7
1765094400000,0.03227,0.03243,0.03197,0.03206,821210.1
1765108800000,0.03206,0.03224,0.03103,0.032,1397327.2
1765123200000,0.032,0.03248,0.03162,0.03243,499729.3
1765137600000,0.03243,0.03254,0.0312,0.03172,1736691.3
1765152000000,0.03172,0.0323,0.03149,0.0322,521074.3
1765166400000,0.0322,0.03279,0.0322,0.03262,514277.3
1765180800000,0.03262,0.03313,0.03262,0.03279,1678219.8
1765195200000,0.03279,0.03298,0.03223,0.03239,1386922.6
1765209600000,0.03239,0.03276,0.03219,0.03244,727098.8
1765224000000,0.03244,0.03298,0.03244,0.03296,722815.8
1765238400000,0.03296,0.03462,0.03268,0.03394,16475384.2
1765252800000,0.03394,0.03583,0.03351,0.03552,8717572.5
1765267200000,0.03552,0.03719,0.03467,0.03659,17333871.1
1765281600000,0.03659,0.03808,0.03639,0.03766,21212308.3
1765296000000,0.03766,0.03807,0.03597,0.03605,9660372.1
1765310400000,0.03605,0.03605,0.03504,0.03553,4013083.3
1765324800000,0.03553,0.03567,0.03474,0.03484,2409029.3
1765339200000,0.03484,0.03492,0.03446,0.03463,1909468.8
1765353600000,0.03463,0.03473,0.0335,0.0336,2509125.0
1765368000000,0.0336,0.03481,0.03354,0.03447,5406893.0
1765382400000,0.03447,0.03489,0.03399,0.03459,2882298.5
1765396800000,0.03459,0.03493,0.03321,0.03322,3149758.0
1765411200000,0.03322,0.03328,0.03139,0.03151,2127159.2
1765425600000,0.03151,0.03236,0.03138,0.03195,2763843.2
1765440000000,0.03195,0.03217,0.03175,0.03177,1311682.7
1765454400000,0.03177,0.03221,0.03148,0.03214,1163248.0
1765468800000,0.03214,0.03221,0.03168,0.03179,908255.5
1765483200000,0.03179,0.03262,0.03169,0.03196,1037656.4
1765497600000,0.03196,0.0322,0.0315,0.03185,954474.5
1765512000000,0.03185,0.03204,0.03159,0.03178,653625.5
1765526400000,0.03178,0.03189,0.03157,0.03181,988536.0
1765540800000,0.03181,0.03194,0.03055,0.03075,2191139.2
1765555200000,0.03075,0.03125,0.03044,0.0312,1357172.2
1765569600000,0.0312,0.03151,0.03112,0.03135,931870.6
1765584000000,0.03135,0.0317,0.0313,0.03161,579277.2
1765598400000,0.03161,0.03171,0.03127,0.03142,558710.9
1765612800000,0.03142,0.03157,0.03124,0.03129,813528.3
1765627200000,0.03129,0.03165,0.03124,0.03157,689385.5
1765641600000,0.03157,0.0316,0.03132,0.03144,259413.8
1765656000000,0.03144,0.03155,0.03125,0.03155,395590.2
1765670400000,0.03155,0.03159,0.03135,0.03145,271665.0
1765684800000,0.03145,0.03148,0.03094,0.03104,759156.6
1765699200000,0.03104,0.03114,0.03053,0.03083,758841.5
1765713600000,0.03083,0.03101,0.03055,0.03071,829967.8
1765728000000,0.03071,0.03095,0.03037,0.03046,651192.6
1765742400000,0.03046,0.03058,0.02973,0.03003,1997726.7
1765756800000,0.03003,0.03046,0.02993,0.03009,661753.8
1765771200000,0.03009,0.03024,0.02982,0.02997,1031280.5
1765785600000,0.02997,0.03003,0.02932,0.02941,2018950.3
1765800000000,0.02941,0.02971,0.02836,0.02852,4052358.4
1765814400000,0.02852,0.02854,0.02769,0.02829,2376147.8
1765828800000,0.02829,0.02894,0.02802,0.02882,937411.6
1765843200000,0.02882,0.02892,0.02851,0.02865,593998.7
1765857600000,0.02865,0.02868,0.0279,0.02807,1292651.2
1765872000000,0.02807,0.02864,0.02806,0.02857,658668.1
1765886400000,0.02857,0.02867,0.02797,0.02861,1329837.7
1765900800000,0.02861,0.02866,0.02802,0.02825,1388051.9
1765915200000,0.02825,0.0283,0.02806,0.02826,500732.7
1765929600000,0.02826,0.02841,0.02785,0.02795,657822.5
1765944000000,0.02795,0.02796,0.02768,0.02774,794092.7
1765958400000,0.02774,0.02814,0.02756,0.02813,899241.7
1765972800000,0.02813,0.02877,0.02766,0.02784,1989155.3
1765987200000,0.02784,0.02792,0.02667,0.02697,2521934.3
1766001600000,0.02697,0.02714,0.02668,0.02681,737926.8
1766016000000,0.02681,0.0269,0.02652,0.02658,864014.2
1766030400000,0.02658,0.02673,0.02612,0.02636,1595794.3
1766044800000,0.02636,0.02678,0.02636,0.02678,565197.4
1766059200000,0.02678,0.02775,0.02673,0.02733,1281939.7
1766073600000,0.02733,0.02739,0.02513,0.02518,3768793.7
1766088000000,0.02518,0.02613,0.02517,0.02579,1279428.0
1766102400000,0.02579,0.02664,0.02546,0.02631,1148070.7
1766116800000,0.02631,0.02714,0.02631,0.0267,728529.4
1766131200000,0.0267,0.02691,0.02668,0.02682,861703.7
1766145600000,0.02682,0.02735,0.02674,0.02705,769192.4
1766160000000,0.02705,0.02788,0.02678,0.02766,1239322.8
1766174400000,0.02766,0.02781,0.0275,0.02769,604867.2
1766188800000,0.02769,0.02784,0.02765,0.02776,354452.7
1766203200000,0.02776,0.02789,0.02756,0.02789,725040.7
1766217600000,0.02789,0.02811,0.02775,0.028,383990.1
1766232000000,0.028,0.02815,0.02779,0.02789,652543.6
1766246400000,0.02789,0.02796,0.02781,0.02783,347082.7
1766260800000,0.02783,0.02847,0.02782,0.02809,1089760.5
1766275200000,0.02809,0.0281,0.02727,0.0276,711489.1
1766289600000,0.0276,0.02788,0.02754,0.02786,429842.6
1766304000000,0.02786,0.02802,0.02744,0.02745,642525.4
1766318400000,0.02745,0.02755,0.02646,0.02676,1419865.1
1766332800000,0.02676,0.02697,0.0266,0.0268,468403.6
1766347200000,0.0268,0.02695,0.0265,0.02667,662382.2
1766361600000,0.02667,0.02713,0.02635,0.02675,1078532.2
1766376000000,0.02675,0.02712,0.02674,0.0271,500568.5
1766390400000,0.0271,0.02745,0.02708,0.02743,695042.8
1766404800000,0.02743,0.02771,0.0272,0.02756,916252.8
1766419200000,0.02756,0.02766,0.02685,0.02692,721987.9
1766433600000,0.02692,0.0273,0.02674,0.02719,751538.6
1766448000000,0.02719,0.02729,0.02678,0.02693,537460.4
1766462400000,0.02693,0.02699,0.02652,0.0266,784705.7
1766476800000,0.0266,0.02675,0.02649,0.02667,375654.2
1766491200000,0.02667,0.02676,0.02616,0.02645,1013018.6
1766505600000,0.02645,0.02749,0.02642,0.02738,1668759.3
1766520000000,0.02738,0.02778,0.02728,0.02773,1627661.3
1766534400000,0.02773,0.02776,0.02687,0.02711,716650.9
1766548800000,0.02711,0.02729,0.0266,0.02665,769460.3
1766563200000,0.02665,0.02688,0.02653,0.02673,559517.2
1766577600000,0.02673,0.02696,0.02631,0.02693,751160.1
1766592000000,0.02693,0.02708,0.02674,0.02697,511047.9
1766606400000,0.02697,0.02743,0.02697,0.02732,302238.1
1766620800000,0.02732,0.02777,0.0273,0.02777,556520.5
1766635200000,0.02777,0.02784,0.02759,0.02784,246895.0
1766649600000,0.02784,0.02796,0.02725,0.02734,1006531.4
1766664000000,0.02734,0.02772,0.02711,0.02752,1145143.6
1766678400000,0.02752,0.02767,0.02739,0.02753,560211.6
1766692800000,0.02753,0.0276,0.02645,0.0265,1795854.5
1766707200000,0.0265,0.0273,0.02632,0.02704,1230282.2
1766721600000,0.02704,0.02737,0.0269,0.02706,716479.8
1766736000000,0.02706,0.02722,0.02702,0.02713,280324.9
1766750400000,0.02713,0.02753,0.02679,0.02706,1051144.8
1766764800000,0.02706,0.0273,0.02675,0.02727,598495.8
1766779200000,0.02727,0.0274,0.02706,0.02718,242094.1
1766793600000,0.02718,0.02774,0.02718,0.02769,342362.2
1766808000000,0.02769,0.02775,0.02751,0.02769,522048.0
1766822400000,0.02769,0.02798,0.0272,0.02795,1419298.6
1766836800000,0.02795,0.02795,0.02744,0.02784,1298071.6
1766851200000,0.02784,0.02808,0.02773,0.02784,633551.2
1766865600000,0.02784,0.02844,0.0277,0.02826,1898455.0
1766880000000,0.02826,0.02847,0.02808,0.02833,983800.0
1766894400000,0.02833,0.02876,0.02825,0.02862,786895.1
1766908800000,0.02862,0.02874,0.02835,0.02844,712228.5
1766923200000,0.02844,0.02851,0.02819,0.02827,429493.9
1766937600000,0.02827,0.02838,0.02774,0.02774,519904.1
1766952000000,0.02774,0.02805,0.02768,0.02802,509408.8
1766966400000,0.02802,0.0287,0.02798,0.02853,681327.2
1766980800000,0.02853,0.0286,0.02809,0.02847,582578.7
1766995200000,0.02847,0.02847,0.02773,0.02791,418720.9
1767009600000,0.02791,0.02791,0.02724,0.02761,985195.6
1767024000000,0.02761,0.02786,0.02746,0.02763,1349920.7
1767038400000,0.02763,0.02784,0.02752,0.02772,408607.0
1767052800000,0.02772,0.0278,0.02711,0.02727,959508.5
1767067200000,0.02727,0.02749,0.02708,0.02741,411575.3
1767081600000,0.02741,0.02778,0.02739,0.02766,650595.4
1767096000000,0.02766,0.02776,0.0274,0.02772,928187.9
1767110400000,0.02772,0.02779,0.02747,0.02773,919060.4
1767124800000,0.02773,0.02773,0.02752,0.02766,214133.2
1767139200000,0.02766,0.02775,0.02747,0.02764,252949.1
1767153600000,0.02764,0.02806,0.02761,0.02806,605109.1
1767168000000,0.02806,0.02844,0.02777,0.028,1641772.1
1767182400000,0.028,0.02803,0.02762,0.02767,849883.4
1767196800000,0.02767,0.02767,0.02668,0.02705,1800277.7
1767211200000,0.02705,0.02782,0.02698,0.0277,1379464.4
1767225600000,0.0277,0.02775,0.0275,0.02758,660192.7
1767240000000,0.02758,0.02834,0.02745,0.02825,673731.2
1767254400000,0.02825,0.02926,0.02821,0.029,2424815.7
1767268800000,0.029,0.03038,0.02876,0.02965,6933636.9
1767283200000,0.02965,0.02983,0.02943,0.02969,1103772.9
1767297600000,0.02969,0.02978,0.02926,0.02944,938428.5
1767312000000,0.02944,0.02945,0.0289,0.02932,831395.4
1767326400000,0.02932,0.02937,0.0289,0.02907,526881.1
1767340800000,0.02907,0.02941,0.02887,0.02904,896562.2
1767355200000,0.02904,0.02957,0.02894,0.02925,1709330.9
1767369600000,0.02925,0.02993,0.02923,0.02992,1753947.2
1767384000000,0.02992,0.03037,0.02992,0.03032,699582.4
1767398400000,0.03032,0.03077,0.03019,0.03076,529884.4
1767412800000,0.03076,0.0308,0.02954,0.02969,1066468.1
1767427200000,0.02969,0.02993,0.02957,0.02982,603638.9
1767441600000,0.02982,0.0302,0.02979,0.0299,879396.1
1767456000000,0.0299,0.03019,0.02982,0.03007,813108.2
1767470400000,0.03007,0.03029,0.02995,0.03029,466500.2
1767484800000,0.03029,0.0308,0.03029,0.03077,482492.6
1767499200000,0.03077,0.03088,0.03028,0.03053,751322.3
1767513600000,0.03053,0.03069,0.0303,0.03067,935675.2
1767528000000,0.03067,0.03093,0.03049,0.03089,1464546.7
1767542400000,0.03089,0.03164,0.03085,0.03106,2502913.7
1767556800000,0.03106,0.03138,0.03103,0.03113,690503.7
1767571200000,0.03113,0.03138,0.03085,0.03119,1182160.4
1767585600000,0.03119,0.03119,0.03037,0.0307,668281.9
1767600000000,0.0307,0.03076,0.03001,0.03035,730422.9
1767614400000,0.03035,0.03153,0.03026,0.03153,1586403.1
1767628800000,0.03153,0.03205,0.0311,0.03203,1571436.3
1767643200000,0.03203,0.0326,0.03202,0.03236,1319942.8
1767657600000,0.03236,0.03272,0.0319,0.03268,737908.3
1767672000000,0.03268,0.0332,0.03213,0.03216,2039007.8
1767686400000,0.03216,0.03272,0.03212,0.03271,669467.3
1767700800000,0.03271,0.03333,0.03235,0.03255,1140521.1
1767715200000,0.03255,0.03265,0.03121,0.03188,2027999.5
1767729600000,0.03188,0.03303,0.03188,0.033,1155486.0
1767744000000,0.033,0.03301,0.03216,0.03242,535076.3
1767758400000,0.03242,0.03266,0.03198,0.03264,449602.3
1767772800000,0.03264,0.03274,0.03198,0.03243,542115.3
1767787200000,0.03243,0.03243,0.03111,0.03136,1258429.5
1767801600000,0.03136,0.03178,0.03115,0.03165,1075950.0
1767816000000,0.03165,0.03165,0.03108,0.03139,913884.3
1767830400000,0.03139,0.03187,0.03127,0.03127,466359.3
1767844800000,0.03127,0.03194,0.03062,0.03127,697923.6
1767859200000,0.03127,0.03136,0.03042,0.03076,753370.2
1767873600000,0.03076,0.03097,0.03001,0.03097,1190276.4
1767888000000,0.03097,0.03105,0.03064,0.0307,471098.4
1767902400000,0.0307,0.03115,0.03045,0.03092,412570.0
1767916800000,0.03092,0.03116,0.0306,0.03106,735377.4
1767931200000,0.03106,0.03119,0.03072,0.03074,475616.5
1767945600000,0.03074,0.03078,0.03006,0.03011,1852976.0
1767960000000,0.03011,0.03095,0.02993,0.03061,1741881.9
1767974400000,0.03061,0.03106,0.03009,0.03018,755840.8
1767988800000,0.03018,0.03071,0.03016,0.03057,794438.8
1768003200000,0.03057,0.03059,0.02995,0.03015,436628.0
1768017600000,0.03015,0.03038,0.0299,0.03035,346460.4
1768032000000,0.03035,0.03059,0.03034,0.03058,305752.5
1768046400000,0.03058,0.03072,0.03048,0.03068,335935.7
1768060800000,0.03068,0.03163,0.03056,0.03162,707279.3
1768075200000,0.03162,0.03169,0.03059,0.03075,1244258.5
1768089600000,0.03075,0.03088,0.03058,0.03082,439640.8
1768104000000,0.03082,0.03082,0.03033,0.0305,287456.4
1768118400000,0.0305,0.03059,0.03036,0.03043,519638.3
1768132800000,0.03043,0.03068,0.02996,0.03009,661986.7
1768147200000,0.03009,0.03052,0.03008,0.03015,540384.6
1768161600000,0.03015,0.03015,0.02913,0.02957,1408684.0
1768176000000,0.02957,0.03032,0.029,0.02978,1021911.9
1768190400000,0.02978,0.03014,0.02942,0.02944,588847.7
1768204800000,0.02944,0.0296,0.0291,0.02954,391955.0
1768219200000,0.02954,0.02993,0.02898,0.02981,1163128.2
1768233600000,0.02981,0.02996,0.02931,0.0296,982971.9
1768248000000,0.0296,0.02974,0.02897,0.02919,944761.5
1768262400000,0.02919,0.02971,0.02917,0.02967,783731.0
1768276800000,0.02967,0.03013,0.02967,0.02984,342825.1
1768291200000,0.02984,0.03031,0.02977,0.03025,305517.3
1768305600000,0.03025,0.03133,0.03021,0.03126,3588804.9
1768320000000,0.03126,0.0319,0.03109,0.03153,1998366.6
1768334400000,0.03153,0.03246,0.03126,0.03195,1773647.2
1768348800000,0.03195,0.03249,0.03195,0.03219,917696.6
1768363200000,0.03219,0.03222,0.03173,0.03177,1461438.0
1768377600000,0.03177,0.03229,0.03177,0.03204,1460982.7
1768392000000,0.03204,0.03243,0.03165,0.03229,1496838.5
1768406400000,0.03229,0.0325,0.03113,0.03176,5468390.5
1768420800000,0.03176,0.03203,0.0312,0.03144,1494916.6
1768435200000,0.03144,0.03182,0.03074,0.03078,1083824.9
1768449600000,0.03078,0.03144,0.03072,0.03131,760855.9
1768464000000,0.03131,0.03141,0.03106,0.03113,587075.4
1768478400000,0.03113,0.03144,0.03009,0.03055,951196.7
1768492800000,0.03055,0.03077,0.02962,0.0298,869057.5
1768507200000,0.0298,0.02994,0.02947,0.02978,582413.0
1768521600000,0.02978,0.03013,0.02951,0.0299,987514.4
1768536000000,0.0299,0.03052,0.02955,0.03024,702309.6
1768550400000,0.03024,0.03064,0.03017,0.03036,1223073.4
1768564800000,0.03036,0.03038,0.02931,0.02951,611169.5
1768579200000,0.02951,0.03018,0.02939,0.03016,894274.9
1768593600000,0.03016,0.03285,0.02996,0.03244,4120002.8
1768608000000,0.03244,0.03355,0.03206,0.03251,7214148.8
1768622400000,0.03251,0.03319,0.03215,0.03307,2713354.3
1768636800000,0.03307,0.03394,0.03277,0.03284,5516549.9
1768651200000,0.03284,0.03665,0.0328,0.03621,20989998.6
1768665600000,0.03621,0.03731,0.03484,0.0352,12404889.5
1768680000000,0.0352,0.03589,0.03395,0.03428,5053103.2
1768694400000,0.03428,0.03484,0.03331,0.0334,5240792.4
1768708800000,0.0334,0.0336,0.03283,0.03323,1514452.0
1768723200000,0.03323,0.03358,0.03276,0.033,1654317.1
1768737600000,0.033,0.0332,0.03268,0.03317,1710276.8
1768752000000,0.03317,0.03419,0.03311,0.0339,1847978.4
1768766400000,0.0339,0.03414,0.03184,0.03186,1364121.6
1768780800000,0.03186,0.03186,0.02902,0.03102,3574040.6
1768795200000,0.03102,0.03102,0.03039,0.0307,1258066.6
1768809600000,0.0307,0.03151,0.03059,0.03091,1740055.4
1768824000000,0.03091,0.03091,0.03023,0.03043,1882918.2
1768838400000,0.03043,0.0313,0.03027,0.03109,1533925.9
1768852800000,0.03109,0.03112,0.03032,0.03062,853835.2
1768867200000,0.03062,0.03215,0.03032,0.03167,3038614.1
1768881600000,0.03167,0.03208,0.03054,0.03056,3548517.1
1768896000000,0.03056,0.0321,0.03033,0.03083,5009829.7
1768910400000,0.03083,0.03331,0.03043,0.03063,9780399.1
1768924800000,0.03063,0.03082,0.02973,0.03004,2303756.7
1768939200000,0.03004,0.03023,0.02937,0.02959,1445417.1
1768953600000,0.02959,0.03125,0.02957,0.03085,2360977.8
1768968000000,0.03085,0.03097,0.03024,0.03029,799765.9
1768982400000,0.03029,0.03065,0.02993,0.02998,1995959.2
1768996800000,0.02998,0.03023,0.02947,0.02994,1691523.1
1769011200000,0.02994,0.03032,0.02886,0.03032,1707367.7
1769025600000,0.03032,0.03079,0.03002,0.03015,1033868.8
1769040000000,0.03015,0.03178,0.03015,0.0315,2870607.1
1769054400000,0.0315,0.03212,0.03121,0.03157,3562438.2
1769068800000,0.03157,0.03177,0.03059,0.0307,1735670.0
1769083200000,0.0307,0.03098,0.02993,0.03023,1970793.8
1769097600000,0.03023,0.03116,0.03023,0.03096,1736581.7
1769112000000,0.03096,0.0313,0.03059,0.03104,1312547.0
1769126400000,0.03104,0.03198,0.03085,0.03165,1499255.7
1769140800000,0.03165,0.03275,0.0316,0.03168,1806773.7
1769155200000,0.03168,0.03183,0.03106,0.03138,948444.3
1769169600000,0.03138,0.03183,0.03078,0.03119,2097109.9
1769184000000,0.03119,0.03178,0.03063,0.03076,1017377.9
1769198400000,0.03076,0.03077,0.03036,0.03065,567123.8
1769212800000,0.03065,0.03077,0.03032,0.0305,444394.7
1769227200000,0.0305,0.0306,0.0304,0.03043,320033.0
1769241600000,0.03043,0.03069,0.03043,0.03064,373643.8
1769256000000,0.03064,0.03074,0.02989,0.02996,684272.5
1769270400000,0.02996,0.02998,0.0297,0.02976,776473.2
1769284800000,0.02976,0.03021,0.02976,0.02991,351765.7
1769299200000,0.02991,0.02993,0.02941,0.02944,624444.1
1769313600000,0.02944,0.0297,0.02936,0.02954,244527.6
1769328000000,0.02954,0.02967,0.02924,0.02928,555642.1
1769342400000,0.02928,0.02937,0.02893,0.02908,1333020.5
1769356800000,0.02908,0.02908,0.02716,0.02732,7897618.9
1769371200000,0.02732,0.02759,0.02724,0.02736,1249704.9
1769385600000,0.02736,0.02779,0.0271,0.02739,987795.0
1769400000000,0.02739,0.02792,0.02739,0.02772,744203.8
1769414400000,0.02772,0.02783,0.02728,0.02733,726474.3
1769428800000,0.02733,0.02788,0.02713,0.02746,1042595.7
1769443200000,0.02746,0.02789,0.02711,0.02778,1458565.8
1769457600000,0.02778,0.02827,0.02775,0.02791,780902.5
1769472000000,0.02791,0.02811,0.02768,0.0277,745250.9
1769486400000,0.0277,0.02776,0.02743,0.02752,402482.3
1769500800000,0.02752,0.02759,0.02736,0.0275,834360.5
1769515200000,0.0275,0.02751,0.02711,0.02743,927686.3
1769529600000,0.02743,0.02785,0.02709,0.02781,676983.6
1769544000000,0.02781,0.028,0.02769,0.02783,377522.6
1769558400000,0.02783,0.02787,0.02728,0.02732,482386.2
1769572800000,0.02732,0.02762,0.02715,0.02748,390031.7
1769587200000,0.02748,0.02769,0.02729,0.02767,568577.6
1769601600000,0.02767,0.02767,0.02691,0.02702,841357.9
1769616000000,0.02702,0.02726,0.02687,0.02714,808186.4
1769630400000,0.02714,0.02736,0.02689,0.02708,618577.6
1769644800000,0.02708,0.02723,0.02623,0.02643,973121.4
1769659200000,0.02643,0.02714,0.02634,0.02682,1193402.7
1769673600000,0.02682,0.02693,0.02648,0.02665,892125.9
1769688000000,0.02665,0.0322,0.02637,0.02871,52928644.9
1769702400000,0.02871,0.02875,0.02668,0.0271,15943263.2
1769716800000,0.0271,0.02737,0.0268,0.02706,4033833.0
1769731200000,0.02706,0.02722,0.02551,0.02656,9484012.6
1769745600000,0.02656,0.02694,0.02598,0.02649,5884095.5
1769760000000,0.02649,0.02684,0.02612,0.02673,1904657.0
1769774400000,0.02673,0.0284,0.02661,0.02792,4131310.2
1769788800000,0.02792,0.02806,0.02682,0.0275,3638029.1
1769803200000,0.0275,0.02782,0.02691,0.027,1758949.3
1769817600000,0.027,0.02713,0.02671,0.02698,935322.4
1769832000000,0.02698,0.02725,0.02653,0.02671,933377.2
1769846400000,0.02671,0.02673,0.02609,0.02613,1312962.2
1769860800000,0.02613,0.02613,0.02445,0.02503,2644679.3
1769875200000,0.02503,0.02526,0.0226,0.02354,5347087.6
1769889600000,0.02354,0.02473,0.02341,0.02457,1067736.8
1769904000000,0.02457,0.02475,0.02441,0.02467,768287.1
1769918400000,0.02467,0.02492,0.02448,0.02466,864308.5
1769932800000,0.02466,0.02493,0.02431,0.02448,978415.3
1769947200000,0.02448,0.02487,0.02397,0.02429,1831775.0
1769961600000,0.02429,0.02447,0.02378,0.02394,1409386.2
1769976000000,0.02394,0.02421,0.02333,0.02376,1402873.6
1769990400000,0.02376,0.0244,0.023,0.02384,1431169.4
1770004800000,0.02384,0.02425,0.02303,0.02375,1663113.9
1770019200000,0.02375,0.02415,0.02369,0.02404,2964456.5
1770033600000,0.02404,0.02436,0.02365,0.02419,2925656.6
1770048000000,0.02419,0.02431,0.02389,0.02405,1113323.7
1770062400000,0.02405,0.02417,0.02391,0.02408,530542.2
1770076800000,0.02408,0.02413,0.02345,0.02394,981411.9
1770091200000,0.02394,0.02409,0.02376,0.0239,455945.7
1770105600000,0.0239,0.02405,0.02347,0.02373,1006398.2
1770120000000,0.02373,0.02451,0.02362,0.02432,3317407.0
1770134400000,0.02432,0.02436,0.02272,0.02401,3630968.3
1770148800000,0.02401,0.02529,0.02385,0.02425,2270025.3
1770163200000,0.02425,0.02502,0.02418,0.02489,1267888.3
1770177600000,0.02489,0.02492,0.02451,0.02454,689063.6
1770192000000,0.02454,0.02459,0.02399,0.02418,1964527.9
1770206400000,0.02418,0.02424,0.02318,0.02334,1251130.1
1770220800000,0.02334,0.02414,0.02301,0.0241,1616109.0
1770235200000,0.0241,0.02412,0.02313,0.02351,1095533.4
1770249600000,0.02351,0.02364,0.02307,0.02311,625054.6
1770264000000,0.02311,0.0234,0.02291,0.02309,782229.6
1770278400000,0.02309,0.02332,0.02244,0.02263,1826889.4
1770292800000,0.02263,0.02322,0.02141,0.02205,3229272.6
1770307200000,0.02205,0.02255,0.02088,0.02101,3966236.9
1770321600000,0.02101,0.02116,0.01992,0.02024,5813873.3
1770336000000,0.02024,0.02094,0.0184,0.02055,4402926.8
1770350400000,0.02055,0.02159,0.02039,0.02098,1521620.6
1770364800000,0.02098,0.0216,0.02076,0.02156,1063804.7
1770379200000,0.02156,0.02273,0.02143,0.02258,1774815.6
1770393600000,0.02258,0.02342,0.02248,0.02287,2017335.9
1770408000000,0.02287,0.02321,0.02258,0.02286,1014856.4
1770422400000,0.02286,0.0231,0.02255,0.02302,983006.3
1770436800000,0.02302,0.02321,0.02214,0.02229,629598.8
1770451200000,0.02229,0.02244,0.0221,0.02236,497437.1
1770465600000,0.02236,0.02301,0.02232,0.02273,884426.2
1770480000000,0.02273,0.02335,0.02262,0.02326,2246658.0
1770494400000,0.02326,0.02361,0.02308,0.02354,1235808.4
1770508800000,0.02354,0.02354,0.02307,0.02312,647774.8
1770523200000,0.02312,0.02322,0.02301,0.02315,558953.8
1770537600000,0.02315,0.02326,0.02268,0.02314,690116.1
1770552000000,0.02314,0.02333,0.02298,0.02302,676571.5
1770566400000,0.02302,0.02305,0.02244,0.02292,466830.6
1770580800000,0.02292,0.02315,0.0225,0.02269,633370.8
1770595200000,0.02269,0.02341,0.02263,0.02337,1097955.8
1770609600000,0.02337,0.02367,0.02319,0.02338,1404989.1
1770624000000,0.02338,0.0235,0.02252,0.02273,1864316.5
1770638400000,0.02273,0.02325,0.02266,0.02321,1003704.8
1770652800000,0.02321,0.02353,0.02301,0.02318,1809588.0
1770667200000,0.02318,0.0232,0.02262,0.02283,507374.5
1770681600000,0.02283,0.02289,0.0223,0.02246,603699.2
1770696000000,0.02246,0.02267,0.02204,0.02213,584459.3
1770710400000,0.02213,0.02268,0.02212,0.02234,2295869.5
1770724800000,0.02234,0.02245,0.02192,0.02212,1115398.3
1770739200000,0.02212,0.02226,0.0218,0.02192,584613.5
1770753600000,0.02192,0.02224,0.02181,0.0222,586621.7
1770768000000,0.0222,0.02255,0.02208,0.02244,372349.2
1770782400000,0.02244,0.02253,0.02168,0.02173,1326771.3
1770796800000,0.02173,0.02189,0.02159,0.02177,1078830.4
1770811200000,0.02177,0.02232,0.02125,0.02158,1271930.9
1770825600000,0.02158,0.02233,0.02151,0.02206,1450857.6
1770840000000,0.02206,0.02363,0.02189,0.02298,2662141.0
1770854400000,0.02298,0.02312,0.02273,0.02281,1271639.8
1770868800000,0.02281,0.02285,0.02117,0.02175,10591360.7
1770883200000,0.02175,0.0221,0.02162,0.0219,2004312.2
1770897600000,0.0219,0.02192,0.02155,0.02158,1916415.5
1770912000000,0.02158,0.02197,0.02141,0.0218,1361471.0
1770926400000,0.0218,0.02186,0.02142,0.02183,824703.0
1770940800000,0.02183,0.02189,0.0215,0.02157,476097.2
1770955200000,0.02157,0.02157,0.0202,0.0209,9239677.3
1770969600000,0.0209,0.02136,0.02089,0.02131,1470351.1
1770984000000,0.02131,0.02177,0.02116,0.02161,1450489.6
1770998400000,0.02161,0.02202,0.02159,0.02188,1419767.8
1771012800000,0.02188,0.02228,0.02185,0.0221,968145.2
1771027200000,0.0221,0.02214,0.02181,0.02183,509019.2
1771041600000,0.02183,0.0221,0.02179,0.02192,868046.8
1771056000000,0.02192,0.02215,0.02192,0.02212,756672.4
1771070400000,0.02212,0.02244,0.02203,0.02231,1801316.0
1771084800000,0.02231,0.02283,0.02211,0.02274,2421329.5
1771099200000,0.02274,0.02282,0.02252,0.02269,1175414.4
1771113600000,0.02269,0.02276,0.02222,0.02251,1394850.8
1771128000000,0.02251,0.02278,0.02245,0.02274,1285003.6
1771142400000,0.02274,0.02287,0.02206,0.02219,2136898.4
1771156800000,0.02219,0.0222,0.02137,0.02151,2863604.3
1771171200000,0.02151,0.02152,0.02107,0.02145,1672617.0
1771185600000,0.02145,0.02172,0.02133,0.02163,1588334.6
1771200000000,0.02163,0.02183,0.02162,0.02171,298734.8
1771214400000,0.02171,0.02186,0.02076,0.02107,8046932.4
1771228800000,0.02107,0.02119,0.02082,0.0211,2230805.6
1771243200000,0.0211,0.02158,0.02086,0.02095,1869388.7
1771257600000,0.02095,0.02135,0.02094,0.02132,1329661.0
1771272000000,0.02132,0.0219,0.02129,0.02161,1004955.3
1771286400000,0.02161,0.02169,0.02131,0.02134,241397.7
1771300800000,0.02134,0.02144,0.02113,0.02125,1183726.0
1771315200000,0.02125,0.02149,0.02111,0.0214,901031.9
1771329600000,0.0214,0.02161,0.02103,0.02129,1309070.3
1771344000000,0.02129,0.02174,0.02126,0.02148,1068784.8
1771358400000,0.02148,0.02162,0.0213,0.02145,666999.6
1771372800000,0.02145,0.02173,0.02101,0.02107,4833220.2
1771387200000,0.02107,0.02118,0.0207,0.02101,3945602.6
1771401600000,0.02101,0.02117,0.02082,0.02096,977626.2
1771416000000,0.02096,0.02121,0.02065,0.02105,1799364.3
1771430400000,0.02105,0.02105,0.02025,0.02037,2295273.5
1771444800000,0.02037,0.02052,0.02031,0.0204,1184148.0
1771459200000,0.0204,0.0206,0.02032,0.02053,509829.3
1771473600000,0.02053,0.02053,0.02031,0.02034,253670.4
1771488000000,0.02034,0.02035,0.01996,0.02011,1260275.7
1771502400000,0.02011,0.02017,0.01971,0.0199,1141480.3
1771516800000,0.0199,0.02019,0.01968,0.01993,2318778.8
1771531200000,0.01993,0.01995,0.01979,0.01983,884334.2
1771545600000,0.01983,0.01995,0.01975,0.01981,1239881.5
1771560000000,0.01981,0.01993,0.01968,0.01986,489953.3
1771574400000,0.01986,0.02021,0.01973,0.01984,2621694.8
1771588800000,0.01984,0.02015,0.0193,0.02014,2795424.9
1771603200000,0.02014,0.02049,0.02002,0.02021,972998.7
1771617600000,0.02021,0.02035,0.02017,0.02027,490936.0
1771632000000,0.02027,0.02073,0.02026,0.02066,963275.5
1771646400000,0.02066,0.02117,0.02057,0.02085,3424727.6
1771660800000,0.02085,0.02092,0.02058,0.02059,1547836.4
1771675200000,0.02059,0.02085,0.02051,0.02063,1123676.7
1771689600000,0.02063,0.02063,0.02038,0.02045,572795.8
1771704000000,0.02045,0.0205,0.02009,0.02014,562961.5
1771718400000,0.02014,0.02023,0.01969,0.01979,616254.1
1771732800000,0.01979,0.01997,0.01973,0.0199,551416.1
1771747200000,0.0199,0.02008,0.01983,0.01992,529073.3
1771761600000,0.01992,0.01992,0.01956,0.01959,807534.2
1771776000000,0.01959,0.01969,0.01949,0.01963,544511.5
1771790400000,0.01963,0.01964,0.01941,0.01957,865857.8
1771804800000,0.01957,0.01961,0.01866,0.01891,1675995.7
1771819200000,0.01891,0.01935,0.01885,0.01913,569130.0
1771833600000,0.01913,0.01951,0.01904,0.01941,817723.1
1771848000000,0.01941,0.01964,0.01892,0.01893,855444.4
1771862400000,0.01893,0.01896,0.01843,0.01848,964865.4
1771876800000,0.01848,0.01879,0.01847,0.01869,531662.2
1771891200000,0.01869,0.01883,0.01839,0.01849,766478.0
1771905600000,0.01849,0.01863,0.01815,0.01853,1429317.6
1771920000000,0.01853,0.01861,0.01836,0.01846,629817.8
1771934400000,0.01846,0.01887,0.01835,0.01873,608765.3
1771948800000,0.01873,0.01941,0.01869,0.01927,1767761.2
1771963200000,0.01927,0.0199,0.01906,0.01923,6535864.1
1771977600000,0.01923,0.02019,0.0192,0.01981,2037930.2
1771992000000,0.01981,0.02057,0.01972,0.02055,4772513.2
1772006400000,0.02055,0.02061,0.01989,0.02008,4203170.1
1772020800000,0.02008,0.02058,0.01994,0.02045,2522686.5
1772035200000,0.02045,0.02077,0.02044,0.02075,2701775.1
1772049600000,0.02075,0.02081,0.01998,0.02021,1869579.1
1772064000000,0.02021,0.02032,0.01998,0.02006,898060.1
1772078400000,0.02006,0.0202,0.0199,0.02003,1909389.1
1772092800000,0.02003,0.0202,0.01988,0.01991,556530.9
1772107200000,0.01991,0.01998,0.01958,0.01985,1539495.1
1772121600000,0.01985,0.02005,0.01927,0.01991,1491534.7
1772136000000,0.01991,0.02,0.01984,0.01992,607709.5
1772150400000,0.01992,0.0201,0.0198,0.02007,456636.8
1772164800000,0.02007,0.02037,0.02007,0.0203,749300.8
1772179200000,0.0203,0.02035,0.01984,0.01996,810907.3
1772193600000,0.01996,0.02003,0.0197,0.01981,1162089.7
1772208000000,0.01981,0.01994,0.0196,0.01975,1343076.6
1772222400000,0.01975,0.01994,0.01962,0.01992,2230280.4
1772236800000,0.01992,0.01993,0.0197,0.0197,706249.3
1772251200000,0.0197,0.0197,0.01845,0.01876,1854502.5
1772265600000,0.01876,0.01878,0.01841,0.01853,1064953.8
1772280000000,0.01853,0.019,0.01847,0.01878,624372.3
1772294400000,0.01878,0.01937,0.01862,0.01926,514500.8
1772308800000,0.01926,0.01978,0.01926,0.01978,853595.8
1772323200000,0.01978,0.02029,0.01953,0.01994,871318.9
1772337600000,0.01994,0.02006,0.01982,0.01993,559451.1
1772352000000,0.01993,0.01994,0.01951,0.01962,861986.6
1772366400000,0.01962,0.01982,0.01937,0.0194,629546.8
1772380800000,0.0194,0.01954,0.01897,0.01897,753944.4
1772395200000,0.01897,0.01926,0.01869,0.01903,699557.9
1772409600000,0.01903,0.01939,0.01903,0.01927,356590.7
1772424000000,0.01927,0.01928,0.01875,0.01894,412865.2
1772438400000,0.01894,0.01899,0.01874,0.0188,755489.7
1772452800000,0.0188,0.01944,0.01854,0.01941,1033916.6
1772467200000,0.01941,0.01955,0.01914,0.0192,1516468.0
1772481600000,0.0192,0.01973,0.01907,0.01969,2375589.5
1772496000000,0.01969,0.01988,0.01901,0.01948,2176120.8
1772510400000,0.01948,0.01957,0.01912,0.01932,1046160.3
1772524800000,0.01932,0.01935,0.01887,0.01915,1236872.4
1772539200000,0.01915,0.01931,0.01886,0.01915,768670.9
1772553600000,0.01915,0.01949,0.01899,0.01906,1262471.8
1772568000000,0.01906,0.01918,0.01891,0.019,418563.9
1772582400000,0.019,0.01909,0.01855,0.01877,1814800.7
1772596800000,0.01877,0.01895,0.01849,0.01889,2166534.2
1772611200000,0.01889,0.01939,0.01878,0.01912,1193001.0
1772625600000,0.01912,0.01964,0.01902,0.01964,738932.1
1772640000000,0.01964,0.01988,0.01944,0.01969,858925.1
1772654400000,0.01969,0.01973,0.01916,0.01935,1011934.4
1772668800000,0.01935,0.01938,0.01913,0.01931,809790.3
1772683200000,0.01931,0.01934,0.01901,0.01907,308637.5
1772697600000,0.01907,0.01931,0.019,0.01915,454805.9
1772712000000,0.01915,0.0194,0.01907,0.01914,997995.2
1772726400000,0.01914,0.01917,0.01873,0.01897,1397372.4
1772740800000,0.01897,0.01922,0.01888,0.01891,394091.6
1772755200000,0.01891,0.01916,0.0189,0.01902,389631.8
1772769600000,0.01902,0.01908,0.01883,0.01899,635150.6
1772784000000,0.01899,0.019,0.01877,0.01881,748313.7
1772798400000,0.01881,0.01889,0.01809,0.01845,2483132.3
1772812800000,0.01845,0.01852,0.01825,0.01841,767797.1
1772827200000,0.01841,0.01843,0.01831,0.01838,310830.5
1772841600000,0.01838,0.01843,0.01826,0.01827,358786.1
1772856000000,0.01827,0.01836,0.01795,0.01801,861815.1
1772870400000,0.01801,0.0182,0.01797,0.01807,1027947.9
1772884800000,0.01807,0.01807,0.01767,0.01775,894315.2
1772899200000,0.01775,0.01794,0.01766,0.01772,1167424.6
1772913600000,0.01772,0.01786,0.01756,0.01768,745454.2
1772928000000,0.01768,0.01771,0.01745,0.0175,1215542.9
1772942400000,0.0175,0.01753,0.01737,0.01747,636209.3
1772956800000,0.01747,0.01763,0.01737,0.01751,939545.0
1772971200000,0.01751,0.01769,0.01735,0.01754,1155226.5
1772985600000,0.01754,0.01775,0.01742,0.01771,1147722.3
1773000000000,0.01771,0.01807,0.01748,0.01779,1355438.0
1773014400000,0.01779,0.01819,0.01779,0.01795,1442793.8
1773028800000,0.01795,0.01868,0.01795,0.0184,2860073.3
1773043200000,0.0184,0.01843,0.01791,0.01809,822853.3
1773057600000,0.01809,0.01828,0.018,0.01809,897164.2
1773072000000,0.01809,0.01827,0.018,0.01803,596985.2
1773086400000,0.01803,0.01804,0.01785,0.0179,308330.6
1773100800000,0.0179,0.01815,0.01788,0.01797,420259.7
1773115200000,0.01797,0.0181,0.01777,0.018,924796.4
1773129600000,0.018,0.01811,0.01797,0.01801,735651.7
1773144000000,0.01801,0.01818,0.01781,0.01814,1821388.9
1773158400000,0.01814,0.0185,0.01807,0.01811,1507453.7
1773172800000,0.01811,0.01817,0.01795,0.01799,729008.5
1773187200000,0.01799,0.0182,0.01781,0.01781,1265844.1
1773201600000,0.01781,0.01816,0.01769,0.01813,857293.1
1773216000000,0.01813,0.0191,0.01804,0.01891,4748723.2
1773230400000,0.01891,0.01921,0.01842,0.01851,5302651.1
1773244800000,0.01851,0.01885,0.01846,0.01869,2369787.0
1773259200000,0.01869,0.01871,0.01849,0.01856,867839.3
1773273600000,0.01856,0.01856,0.01831,0.01833,1185150.0
1773288000000,0.01833,0.01838,0.01813,0.01833,1117720.6
1773302400000,0.01833,0.0184,0.01827,0.01829,515115.4
1773316800000,0.01829,0.01856,0.01822,0.01848,1472764.6
1773331200000,0.01848,0.0187,0.01832,0.01839,1344074.8
1773345600000,0.01839,0.01847,0.01822,0.0184,411869.1
1773360000000,0.0184,0.01865,0.01837,0.01861,785468.0
1773374400000,0.01861,0.01886,0.01854,0.01881,1550229.2
1773388800000,0.01881,0.01886,0.01843,0.01844,1353065.3
1773403200000,0.01844,0.01898,0.01844,0.01867,2632310.6
1773417600000,0.01867,0.01875,0.01841,0.0185,1701041.8
1773432000000,0.0185,0.01863,0.01831,0.01839,830898.8
1773446400000,0.01839,0.01841,0.01822,0.01839,557501.8
1773460800000,0.01839,0.01849,0.01818,0.01831,921515.0
1773475200000,0.01831,0.01845,0.01823,0.01824,652726.0
1773489600000,0.01824,0.01833,0.01814,0.0183,1106096.6
1773504000000,0.0183,0.01846,0.01822,0.01832,1522767.5
1773518400000,0.01832,0.01865,0.01829,0.01837,1600235.8
1773532800000,0.01837,0.01862,0.01833,0.01838,743341.0
1773547200000,0.01838,0.01841,0.0183,0.01831,892672.3
1773561600000,0.01831,0.01843,0.01827,0.01834,973631.5
1773576000000,0.01834,0.0185,0.01824,0.01835,765449.3
1773590400000,0.01835,0.01859,0.01828,0.01847,811895.0
1773604800000,0.01847,0.01864,0.01842,0.01855,589943.0
1773619200000,0.01855,0.01885,0.01847,0.01876,1027244.8
1773633600000,0.01876,0.01894,0.01875,0.01878,1384978.3
1773648000000,0.01878,0.01904,0.01878,0.01893,1173488.8
1773662400000,0.01893,0.01898,0.01869,0.01881,1529212.0
1773676800000,0.01881,0.01917,0.01881,0.01905,1700460.1
1773691200000,0.01905,0.01933,0.01898,0.01928,1297173.0
1773705600000,0.01928,0.01938,0.01899,0.01911,1096421.5
1773720000000,0.01911,0.01915,0.01887,0.01905,703005.6
1773734400000,0.01905,0.01956,0.01902,0.01947,1088814.2
1773748800000,0.01947,0.02354,0.01947,0.02165,49357800.3
1773763200000,0.02165,0.02168,0.0201,0.02011,16116253.6
1773777600000,0.02011,0.02146,0.01999,0.02059,11695714.8
1773792000000,0.02059,0.02138,0.02024,0.02119,10317448.2
1773806400000,0.02119,0.02984,0.02079,0.02753,98948698.6
1773820800000,0.02753,0.03135,0.02587,0.0268,96410989.3
1773835200000,0.0268,0.02715,0.02264,0.0227,48893621.4
1773849600000,0.0227,0.02485,0.02262,0.02337,35303788.9
1773864000000,0.02337,0.02709,0.02233,0.02457,46540289.2
1773878400000,0.02457,0.0271,0.02357,0.02528,32873802.0
1773892800000,0.02528,0.02937,0.02413,0.02615,37913410.1
1773907200000,0.02615,0.02688,0.02292,0.02333,26131002.8
1773921600000,0.02333,0.02425,0.02277,0.02402,11682568.5
1773936000000,0.02402,0.0258,0.02326,0.02369,20587262.1
1773950400000,0.02369,0.02708,0.02362,0.02534,30866636.0
1773964800000,0.02534,0.02649,0.02459,0.02567,13735208.4
1773979200000,0.02567,0.02614,0.02431,0.02467,9749138.1
1773993600000,0.02467,0.02622,0.02435,0.02489,10248914.5
1774008000000,0.02489,0.02678,0.02488,0.02568,12648429.6
1774022400000,0.02568,0.02583,0.02454,0.02465,6733578.3
1774036800000,0.02465,0.02518,0.02402,0.02413,7978147.9
1774051200000,0.02413,0.02455,0.02352,0.02448,6637864.7
1774065600000,0.02448,0.02548,0.02404,0.02406,6467321.6
1774080000000,0.02406,0.02482,0.0238,0.02392,8950672.0
1774094400000,0.02392,0.02433,0.02367,0.02406,4638938.0
1774108800000,0.02406,0.02419,0.02345,0.02346,3461843.5
1774123200000,0.02346,0.02366,0.02275,0.02293,5200759.2
1774137600000,0.02293,0.02304,0.02234,0.02236,3935078.9
1774152000000,0.02236,0.02321,0.02235,0.02279,3190936.4
1774166400000,0.02279,0.02286,0.02196,0.02208,4480539.8
1774180800000,0.02208,0.02244,0.02202,0.02204,3129932.7
1774195200000,0.02204,0.02211,0.0213,0.0214,3834649.9
1774209600000,0.0214,0.0215,0.02081,0.02084,2610259.5
1774224000000,0.02084,0.02183,0.0208,0.02129,2456398.2
1774238400000,0.02129,0.02137,0.02086,0.0209,2090908.3
1774252800000,0.0209,0.02176,0.02085,0.02171,4351172.5
1774267200000,0.02171,0.02253,0.0215,0.02175,5289002.5
1774281600000,0.02175,0.02239,0.0217,0.02205,3140985.5
1774296000000,0.02205,0.02229,0.02161,0.02164,2051200.7
1774310400000,0.02164,0.02205,0.02111,0.02116,6023026.7
1774324800000,0.02116,0.02124,0.02067,0.02095,2925518.0
1774339200000,0.02095,0.02126,0.02068,0.02074,4475089.2
1774353600000,0.02074,0.02104,0.02047,0.0208,3632024.1
1774368000000,0.0208,0.02116,0.02055,0.0209,2389765.8
1774382400000,0.0209,0.02122,0.02083,0.02092,1854725.6
1774396800000,0.02092,0.02196,0.02086,0.02127,5642975.2
1774411200000,0.02127,0.02131,0.02091,0.02096,2166471.6
1774425600000,0.02096,0.02143,0.02085,0.02107,2918062.4
1774440000000,0.02107,0.0212,0.02083,0.02099,1816859.4
1774454400000,0.02099,0.02128,0.02077,0.02089,2030943.3
1774468800000,0.02089,0.02137,0.0208,0.02091,2374474.1
1774483200000,0.02091,0.02105,0.02058,0.02071,1078388.2
1774497600000,0.02071,0.02078,0.02038,0.02043,1462121.0
1774512000000,0.02043,0.02069,0.02021,0.02066,4120566.3
1774526400000,0.02066,0.02322,0.02057,0.02206,26184219.0
1774540800000,0.02206,0.02462,0.02191,0.02313,31025652.6
1774555200000,0.02313,0.02387,0.02201,0.02214,10395044.0
1774569600000,0.02214,0.02272,0.02205,0.02217,4124252.2
1774584000000,0.02217,0.02222,0.02146,0.02149,4707868.9
1774598400000,0.02149,0.02153,0.02074,0.02077,3235644.1
1774612800000,0.02077,0.02096,0.02052,0.02082,3061927.2
1774627200000,0.02082,0.02114,0.02071,0.02072,3241539.8
1774641600000,0.02072,0.02075,0.02019,0.02033,1662403.2
1774656000000,0.02033,0.02084,0.0195,0.01956,5962543.8
1774670400000,0.01956,0.0203,0.01956,0.01982,4225615.8
1774684800000,0.01982,0.02016,0.01967,0.01987,4946344.0
1774699200000,0.01987,0.0202,0.01979,0.01981,2686070.0
1774713600000,0.01981,0.0199,0.01962,0.01983,2008545.5
1774728000000,0.01983,0.02071,0.0197,0.01987,6714011.0
1774742400000,0.01987,0.02068,0.01963,0.02051,2161257.8
1774756800000,0.02051,0.02072,0.01989,0.01991,1996186.7
1774771200000,0.01991,0.02362,0.01982,0.02192,32064800.8
1774785600000,0.02192,0.02228,0.02008,0.02047,16403320.7
1774800000000,0.02047,0.02312,0.02033,0.02118,30320213.9
1774814400000,0.02118,0.02123,0.02036,0.02069,6959308.0
1774828800000,0.02069,0.02173,0.02062,0.02106,4218511.2
1774843200000,0.02106,0.02154,0.02075,0.02107,6688036.2
1774857600000,0.02107,0.02152,0.02092,0.02102,4922667.4
1774872000000,0.02102,0.02152,0.02073,0.02074,5102814.8
1774886400000,0.02074,0.02099,0.02038,0.02074,5816111.7
1774900800000,0.02074,0.0209,0.0205,0.02058,2144518.8
1774915200000,0.02058,0.02071,0.02042,0.02049,1429709.4
1774929600000,0.02049,0.02067,0.02033,0.02048,2240053.3
1774944000000,0.02048,0.02057,0.01994,0.02002,3223687.8
1774958400000,0.02002,0.02043,0.02002,0.02013,3137414.9
1774972800000,0.02013,0.02087,0.02009,0.02021,4858948.2
1774987200000,0.02021,0.02033,0.02007,0.0202,1985160.0
1775001600000,0.0202,0.02026,0.02007,0.02021,955324.4
1775016000000,0.02021,0.0208,0.02017,0.02069,4699583.5
1775030400000,0.02069,0.021,0.02057,0.02093,3840324.7
1775044800000,0.02093,0.02117,0.02046,0.02085,4929056.6
1775059200000,0.02085,0.02107,0.02071,0.02092,3559298.5
1775073600000,0.02092,0.02101,0.02073,0.02092,2278744.4
1775088000000,0.02092,0.02139,0.02032,0.02041,5896190.8
1775102400000,0.02041,0.02175,0.02032,0.02161,7463798.7
1775116800000,0.02161,0.02193,0.02092,0.02099,7281907.6
1775131200000,0.02099,0.02121,0.02042,0.02076,11242567.5
1775145600000,0.02076,0.02077,0.02032,0.02038,3207517.3
1775160000000,0.02038,0.0207,0.01984,0.02038,6181260.9
1775174400000,0.02038,0.02094,0.02008,0.02055,4382297.7
1775188800000,0.02055,0.02075,0.02034,0.02035,1914662.8
1775203200000,0.02035,0.02079,0.0203,0.02042,4092204.6
1775217600000,0.02042,0.02059,0.02001,0.02038,4545502.1
1775232000000,0.02038,0.02044,0.01996,0.02008,2569252.5
1775246400000,0.02008,0.02012,0.01983,0.0199,706521.7
1775260800000,0.0199,0.02024,0.0197,0.01982,3451774.8
1775275200000,0.01982,0.02029,0.01978,0.02009,12339123.7
1775289600000,0.02009,0.02054,0.02001,0.02026,5735909.4
1775304000000,0.02026,0.02026,0.01975,0.02006,2995961.4
1775318400000,0.02006,0.02013,0.01991,0.01995,1246783.6
1775332800000,0.01995,0.02013,0.01988,0.01997,1604997.7
1775347200000,0.01997,0.02032,0.01989,0.02004,3789404.8
1775361600000,0.02004,0.02021,0.0197,0.01973,5145041.7
1775376000000,0.01973,0.02015,0.01969,0.01991,3897787.8
1775390400000,0.01991,0.02,0.01941,0.01961,5804501.9
1775404800000,0.01961,0.01964,0.01945,0.01952,2179935.8
1775419200000,0.01952,0.01987,0.01937,0.01986,1401647.2
1775433600000,0.01986,0.01995,0.01972,0.01978,593549.0
1775448000000,0.01978,0.0202,0.01966,0.01984,3592705.1
1775462400000,0.01984,0.02002,0.01971,0.01979,2929792.5
1775476800000,0.01979,0.01983,0.01952,0.01967,1464982.8
1775491200000,0.01967,0.01972,0.01951,0.01969,1172487.8
1775505600000,0.01969,0.02013,0.01964,0.01969,9312113.3
1775520000000,0.01969,0.01987,0.01945,0.01959,1007654.7
1775534400000,0.01959,0.01959,0.01929,0.01938,972548.9
1775548800000,0.01938,0.01959,0.01913,0.01922,3003975.0
1775563200000,0.01922,0.01931,0.01897,0.01912,1856728.3
1775577600000,0.01912,0.01928,0.01906,0.01926,959917.5
1775592000000,0.01926,0.02008,0.01925,0.01998,1982754.2
1775606400000,0.01998,0.02021,0.01986,0.02013,1408796.3
1775620800000,0.02013,0.02072,0.02011,0.02062,4987989.8
1775635200000,0.02062,0.02071,0.02035,0.02048,1709825.1
1775649600000,0.02048,0.02898,0.02038,0.02881,51877383.7
1775664000000,0.02881,0.03369,0.0266,0.0282,104048449.5
1775678400000,0.0282,0.03065,0.02717,0.02794,41684088.9
1775692800000,0.02794,0.04293,0.02553,0.03569,114852384.6
1775707200000,0.03569,0.03652,0.03001,0.03064,96585497.0
1775721600000,0.03064,0.03254,0.02846,0.03005,81283459.6
1775736000000,0.03005,0.03762,0.02925,0.03059,164799228.0
1775750400000,0.03059,0.03163,0.02991,0.0308,36100378.0
1775764800000,0.0308,0.03182,0.02921,0.02958,26119788.7
1775779200000,0.02958,0.03179,0.02953,0.03021,21707156.1
1775793600000,0.03021,0.03158,0.02867,0.02889,19058928.0
1775808000000,0.02889,0.02985,0.02863,0.02925,15180557.4
1775822400000,0.02925,0.02977,0.02815,0.02917,16559661.4
1775836800000,0.02917,0.02965,0.02875,0.02877,9381195.6
1775851200000,0.02877,0.02928,0.02825,0.02832,8618776.0
1775865600000,0.02832,0.02893,0.02727,0.02741,16909216.7
1775880000000,0.02741,0.02892,0.02741,0.0281,9979459.4
1775894400000,0.0281,0.02977,0.02771,0.0285,16859386.9
1775908800000,0.0285,0.03043,0.02849,0.03024,13410643.2
1775923200000,0.03024,0.03353,0.02986,0.03043,40801038.8
1775937600000,0.03043,0.03448,0.03014,0.03136,30910443.6
1775952000000,0.03136,0.03353,0.03094,0.03306,21689598.1
1775966400000,0.03306,0.03339,0.03072,0.03137,26487828.5
1775980800000,0.03137,0.03928,0.03118,0.03864,55955909.2
1775995200000,0.03864,0.0536,0.03848,0.0385,159025405.1
1776009600000,0.0385,0.04052,0.03757,0.03872,52085551.1
1776024000000,0.03872,0.04132,0.0377,0.03813,38827609.3
1776038400000,0.03813,0.03813,0.03573,0.03601,21706534.9
1776052800000,0.03601,0.03776,0.03484,0.035,21271547.8
1776067200000,0.035,0.04796,0.0348,0.04026,94124779.4
1776081600000,0.04026,0.05533,0.03939,0.04424,115201826.1
1776096000000,0.04424,0.04726,0.0413,0.04598,72316692.6
1776110400000,0.04598,0.04686,0.04328,0.04422,33798754.4
1776124800000,0.04422,0.04687,0.0437,0.04449,25029223.2
1776139200000,0.04449,0.04966,0.04282,0.04704,45469900.4
1776153600000,0.04704,0.05211,0.04631,0.04788,59366354.6
1776168000000,0.04788,0.07374,0.04645,0.06364,101957176.1
1776182400000,0.06364,0.06626,0.05194,0.0554,98844085.9
1776196800000,0.0554,0.06327,0.05512,0.05984,45429514.4
1776211200000,0.05984,0.06711,0.05834,0.06405,35359347.5
1776225600000,0.06405,0.0727,0.06191,0.06625,63155534.0
1776240000000,0.06625,0.06951,0.06373,0.06709,37434909.8
1776254400000,0.06709,0.08939,0.06699,0.08939,107941020.0
1776268800000,0.08939,0.10052,0.0833,0.09185,123590315.2
1776283200000,0.09185,0.09872,0.08626,0.0898,43618491.6
1776297600000,0.0898,0.09835,0.07705,0.07774,53168444.1
1776312000000,0.07774,0.0847,0.07346,0.0765,41655635.5
1776326400000,0.0765,0.08574,0.07428,0.08223,39497722.2
1776340800000,0.08223,0.10441,0.07925,0.08093,140275948.1
1776355200000,0.08093,0.08098,0.07352,0.07503,42746488.7
1776369600000,0.07503,0.0791,0.07365,0.07562,22003027.6
1776384000000,0.07562,0.08347,0.07409,0.0819,23938904.1
1776398400000,0.0819,0.08541,0.07397,0.07484,27779629.3
1776412800000,0.07484,0.07663,0.06505,0.06708,36863494.1
1776427200000,0.06708,0.07321,0.06654,0.06718,24060528.6
1776441600000,0.06718,0.06773,0.06107,0.0614,17226112.8
1776456000000,0.0614,0.0639,0.06064,0.06137,10185967.3
1776470400000,0.06137,0.06279,0.05725,0.06192,16556292.8
1776484800000,0.06192,0.06281,0.05614,0.05699,14671135.4
1776499200000,0.05699,0.0594,0.05515,0.05552,18631790.3
1776513600000,0.05552,0.05666,0.0538,0.05399,13686758.0
1776528000000,0.05399,0.05709,0.05282,0.05446,17459329.3
1776542400000,0.05446,0.06169,0.05432,0.05805,16450268.8
1776556800000,0.05805,0.06269,0.05557,0.05737,16266038.7
1776571200000,0.05737,0.07125,0.05723,0.0641,66208413.4
1776585600000,0.0641,0.07336,0.0632,0.0679,51064264.9
1776600000000,0.0679,0.06956,0.06416,0.06645,29820217.3
1776614400000,0.06645,0.06645,0.05906,0.0617,23926219.8
1776628800000,0.0617,0.06188,0.05805,0.0588,12589028.8
1776643200000,0.0588,0.06423,0.05818,0.06029,14102928.3
1776657600000,0.06029,0.06164,0.05744,0.05862,14795234.2
1776672000000,0.05862,0.06119,0.05817,0.05986,9387459.1
1776686400000,0.05986,0.06216,0.05967,0.0604,9012497.9
1776700800000,0.0604,0.06499,0.06001,0.06307,15285996.0
1776715200000,0.06307,0.06327,0.06096,0.06142,5470665.0
1776729600000,0.06142,0.06347,0.06134,0.06198,6865464.1
1776744000000,0.06198,0.06262,0.05998,0.06005,7787678.7
1776758400000,0.06005,0.06085,0.05981,0.06019,5300693.7
1776772800000,0.06019,0.06075,0.05889,0.05904,7713589.7
1776787200000,0.05904,0.06035,0.05802,0.05881,5857400.6
1776801600000,0.05881,0.06171,0.0588,0.06026,6414905.0
1776816000000,0.06026,0.06303,0.05934,0.06197,7029447.8
1776830400000,0.06197,0.06264,0.05954,0.05998,5117809.9
1776844800000,0.05998,0.06005,0.05819,0.05886,4683444.9
1776859200000,0.05886,0.05897,0.057,0.05726,6451212.5
1776873600000,0.05726,0.0592,0.05715,0.05786,5476667.6
1776888000000,0.05786,0.05897,0.05727,0.05751,3339944.0
1776902400000,0.05751,0.05899,0.05706,0.05798,3161933.5
1776916800000,0.05798,0.05998,0.05762,0.05858,5411720.0
1776931200000,0.05858,0.05913,0.05678,0.05763,6389596.3
1776945600000,0.05763,0.06165,0.05723,0.05953,14470007.7
1776960000000,0.05953,0.06349,0.05934,0.06114,15315084.5
1776974400000,0.06114,0.06307,0.06058,0.06081,6305367.3
1776988800000,0.06081,0.06587,0.06042,0.06331,13851610.8
1777003200000,0.06331,0.06989,0.06322,0.06868,21596268.7
1777017600000,0.06868,0.07732,0.06858,0.07729,31914947.5
1777032000000,0.07729,0.0877,0.06366,0.06388,89599576.8
1777046400000,0.06388,0.06646,0.0631,0.06568,17125046.4
1777060800000,0.06568,0.06574,0.06225,0.06236,10190624.4
1777075200000,0.06236,0.06289,0.06066,0.06107,8528141.9
1777089600000,0.06107,0.06175,0.06054,0.06064,5309391.9
1777104000000,0.06064,0.06115,0.05903,0.05918,5944470.5
1777118400000,0.05918,0.06318,0.05907,0.06148,14393981.7
1777132800000,0.06148,0.06333,0.06083,0.06289,5852643.6
1777147200000,0.06289,0.06612,0.06289,0.06364,11475444.8
1777161600000,0.06364,0.0664,0.06302,0.06537,8476538.0
1777176000000,0.06537,0.06611,0.06134,0.06185,8874062.4
1777190400000,0.06185,0.06209,0.06029,0.06034,4436199.3
1777204800000,0.06034,0.06159,0.05993,0.06027,8858934.7
1777219200000,0.06027,0.0614,0.05979,0.0609,2439519.6
1777233600000,0.0609,0.06137,0.06013,0.06014,2280434.8
1777248000000,0.06014,0.06134,0.06006,0.06036,3117357.3
1777262400000,0.06036,0.06137,0.05913,0.05952,4308007.6
1777276800000,0.05952,0.06304,0.0595,0.06277,9091974.5
1777291200000,0.06277,0.06304,0.05963,0.0597,4769217.0
1777305600000,0.0597,0.06115,0.05951,0.06025,2695345.5
1777320000000,0.06025,0.06061,0.05973,0.05993,955693.3
1777334400000,0.05993,0.06031,0.05841,0.05922,4938587.8
1777348800000,0.05922,0.05946,0.05745,0.05769,3476365.9
1777363200000,0.05769,0.05953,0.05744,0.05896,3638658.1
1777377600000,0.05896,0.05903,0.05758,0.05781,2765025.2
1777392000000,0.05781,0.05876,0.05731,0.05822,2662308.6
1777406400000,0.05822,0.05899,0.05818,0.05841,1870913.0
1777420800000,0.05841,0.05883,0.05794,0.05827,1143927.3
1777435200000,0.05827,0.05939,0.05796,0.05849,2050633.2
1777449600000,0.05849,0.05955,0.05763,0.05769,4214499.3
1777464000000,0.05769,0.05803,0.05627,0.05679,4429328.8
1777478400000,0.05679,0.05844,0.05638,0.05691,3734294.7
1777492800000,0.05691,0.05718,0.0559,0.05629,1843598.0
1777507200000,0.05629,0.05645,0.05487,0.05506,3550701.9
1777521600000,0.05506,0.05707,0.05491,0.05697,2820755.3
1777536000000,0.05697,0.05713,0.0544,0.05468,3452044.1
1777550400000,0.05468,0.05515,0.05414,0.0547,2961051.2
1777564800000,0.0547,0.05545,0.05435,0.05538,2214425.4
1777579200000,0.05538,0.05676,0.0552,0.05658,1354306.4
1777593600000,0.05658,0.05807,0.05616,0.05676,3111447.3
1777608000000,0.05676,0.05686,0.05469,0.05469,2426509.9
1777622400000,0.05469,0.05589,0.0546,0.05506,2582737.1
1777636800000,0.05506,0.05645,0.05494,0.05598,2861959.0
1777651200000,0.05598,0.05635,0.05528,0.05567,1286298.9
1777665600000,0.05567,0.05576,0.05437,0.05469,1881006.6
1777680000000,0.05469,0.05525,0.05445,0.05476,1352775.8
1777694400000,0.05476,0.05659,0.05461,0.05541,2280298.3
1777708800000,0.05541,0.0563,0.05525,0.05552,2939158.5
1777723200000,0.05552,0.05559,0.0538,0.05451,4068551.2
1777737600000,0.05451,0.05509,0.05435,0.05477,1662022.9
1777752000000,0.05477,0.05531,0.05451,0.05466,1638954.1
1777766400000,0.05466,0.05469,0.05182,0.052,4772225.0
1777780800000,0.052,0.05312,0.05185,0.05238,3601700.5
1777795200000,0.05238,0.05278,0.05178,0.05188,1865748.0
1777809600000,0.05188,0.05235,0.05121,0.05178,2823571.0
1777824000000,0.05178,0.05412,0.05173,0.05321,3704907.0
1777838400000,0.05321,0.0539,0.05298,0.05358,1205875.4
1777852800000,0.05358,0.05433,0.05336,0.05356,1525155.4
1777867200000,0.05356,0.05375,0.05201,0.05207,2340907.4
1777881600000,0.05207,0.05253,0.05155,0.05174,2828882.8
1777896000000,0.05174,0.05256,0.05173,0.05233,1908415.7
1777910400000,0.05233,0.0524,0.05139,0.05153,1972587.3
1777924800000,0.05153,0.05171,0.05087,0.05164,1642749.6
1777939200000,0.05164,0.05258,0.05113,0.05124,2610875.2
1777953600000,0.05124,0.05182,0.05044,0.05099,3147356.3
1777968000000,0.05099,0.05126,0.05017,0.05026,3704572.1
1777982400000,0.05026,0.05029,0.04941,0.0495,5059122.1
1777996800000,0.0495,0.05037,0.04935,0.05011,2088710.1
1778011200000,0.05011,0.05033,0.0487,0.04904,3260082.7
1778025600000,0.04904,0.05011,0.04898,0.04998,3524292.7
1778040000000,0.04998,0.05038,0.04937,0.04984,2934333.4
1778054400000,0.04984,0.05044,0.04962,0.05001,2540516.7
1778068800000,0.05001,0.0528,0.04927,0.05067,6518341.2
1778083200000,0.05067,0.05198,0.04968,0.05198,2993439.2
1778097600000,0.05198,0.05433,0.05079,0.0509,7740655.3
1778112000000,0.0509,0.05349,0.05001,0.05043,7480269.7
1778126400000,0.05043,0.05052,0.04914,0.05021,4754461.8
1778140800000,0.05021,0.052,0.05012,0.05143,4148355.1
1778155200000,0.05143,0.05156,0.04991,0.0501,4765550.3
1778169600000,0.0501,0.05089,0.04973,0.04973,3154127.7
1778184000000,0.04973,0.05009,0.04932,0.04988,1934023.9
1778198400000,0.04988,0.05108,0.04977,0.05079,1879983.8
1778212800000,0.05079,0.05134,0.0499,0.04994,2932298.1
1778227200000,0.04994,0.05028,0.04978,0.04987,2296596.2
1778241600000,0.04987,0.0503,0.04958,0.05019,2241745.2
1778256000000,0.05019,0.05077,0.05016,0.05023,3492771.3
1778270400000,0.05023,0.05091,0.05012,0.05032,1989981.2
1778284800000,0.05032,0.05112,0.05025,0.05081,1782749.0
1778299200000,0.05081,0.05142,0.05057,0.05095,1875139.7
1778313600000,0.05095,0.05192,0.05066,0.05096,3557486.2
1778328000000,0.05096,0.05096,0.04983,0.05012,3570452.2
1778342400000,0.05012,0.0506,0.04989,0.05032,1402875.1
1778356800000,0.05032,0.05059,0.05001,0.05023,973205.6
1778371200000,0.05023,0.05031,0.04936,0.04969,1295731.7
1778385600000,0.04969,0.05004,0.04923,0.04942,973477.7
1778400000000,0.04942,0.05004,0.04935,0.04953,1532022.2
1778414400000,0.04953,0.04998,0.04939,0.04991,846329.9
1778428800000,0.04991,0.05045,0.0499,0.05017,2015876.2
1778443200000,0.05017,0.05027,0.04768,0.04873,4454369.3
1778457600000,0.04873,0.04895,0.04732,0.04766,1770989.1
1778472000000,0.04766,0.04819,0.04724,0.04742,2555235.9
1778486400000,0.04742,0.04861,0.04742,0.04807,1358248.3
1778500800000,0.04807,0.04839,0.04746,0.04784,1484105.1
1778515200000,0.04784,0.04803,0.04704,0.04722,1157396.0
1778529600000,0.04722,0.04748,0.04695,0.04704,1243681.3
1778544000000,0.04704,0.05016,0.04689,0.04858,5681536.2
1778558400000,0.04858,0.05238,0.04818,0.04924,12471079.5
1778572800000,0.04924,0.05033,0.04906,0.04942,3384726.6
1778587200000,0.04942,0.05028,0.04756,0.04792,4644941.1
1778601600000,0.04792,0.04834,0.04748,0.04792,1674643.6
1778616000000,0.04792,0.04905,0.04771,0.04814,2585345.3
1778630400000,0.04814,0.0496,0.04793,0.04868,2085516.1
1778644800000,0.04868,0.04872,0.04729,0.04758,2297642.1
1778659200000,0.04758,0.04828,0.04737,0.04749,2400199.2
1778673600000,0.04749,0.04788,0.04595,0.04658,4235735.8
1778688000000,0.04658,0.04735,0.0463,0.0466,1296926.7
1778702400000,0.0466,0.0471,0.04623,0.04657,587027.5
1778716800000,0.04657,0.04695,0.04558,0.0457,1924329.9
1778731200000,0.0457,0.04696,0.04564,0.04677,1172050.5
1778745600000,0.04677,0.04729,0.04636,0.0471,1502799.4
1778760000000,0.0471,0.04895,0.04682,0.04788,2996237.0
1778774400000,0.04788,0.04825,0.04696,0.0471,1504802.5
1778788800000,0.0471,0.04726,0.04654,0.04679,997434.4
1778803200000,0.04679,0.04712,0.04652,0.04666,919861.4
1778817600000,0.04666,0.04666,0.04572,0.04616,1529665.2
1778832000000,0.04616,0.0462,0.04576,0.04584,1208734.3
1778846400000,0.04584,0.04584,0.04326,0.04417,3517290.2
1778860800000,0.04417,0.0449,0.04402,0.04405,580193.1
1778875200000,0.04405,0.04407,0.04379,0.04397,588504.6
1778889600000,0.04397,0.04431,0.04372,0.04392,712981.8
1778904000000,0.04392,0.04392,0.04239,0.04283,1538873.0
1778918400000,0.04283,0.04323,0.04203,0.04271,1555545.6
1778932800000,0.04271,0.04298,0.04228,0.04265,1064118.8
1778947200000,0.04265,0.04322,0.04259,0.04277,992346.5
1778961600000,0.04277,0.04326,0.04253,0.04256,629433.8
1778976000000,0.04256,0.04274,0.04191,0.04246,754600.5
1778990400000,0.04246,0.04262,0.04207,0.04241,932794.0
1779004800000,0.04241,0.04256,0.04202,0.04213,892261.8
1779019200000,0.04213,0.04222,0.0416,0.04205,1094650.9
1779033600000,0.04205,0.04248,0.04185,0.04225,916565.6
1779048000000,0.04225,0.04241,0.04022,0.04123,1688153.1
1779062400000,0.04123,0.04234,0.04086,0.04201,1574028.8
1779076800000,0.04201,0.04306,0.04154,0.04169,5226462.3
1779091200000,0.04169,0.04231,0.0411,0.04145,2615343.3
1779105600000,0.04145,0.04148,0.04054,0.0413,2716359.4
1779120000000,0.0413,0.04167,0.04083,0.04157,1153997.1
1779134400000,0.04157,0.04321,0.04157,0.04302,2277111.4
1779148800000,0.04302,0.04523,0.04261,0.04313,9166917.0
1779163200000,0.04313,0.04396,0.04285,0.04306,2473318.4
1779177600000,0.04306,0.04487,0.04261,0.04397,5722186.4
1779192000000,0.04397,0.05148,0.0439,0.04735,51412164.8
1779206400000,0.04735,0.0507,0.04623,0.04903,26078881.4
1779220800000,0.04903,0.0491,0.0462,0.04628,8448595.2
1779235200000,0.04628,0.04671,0.04518,0.04585,8813975.0
1779249600000,0.04585,0.04632,0.04468,0.0447,7996027.3
1779264000000,0.0447,0.0455,0.04449,0.0447,5072777.4
1779278400000,0.0447,0.04582,0.0446,0.04477,4394220.6
1779292800000,0.04477,0.04576,0.04476,0.04492,3717645.4
1779307200000,0.04492,0.04526,0.0443,0.04461,2290833.0
1779321600000,0.04461,0.04505,0.04418,0.04491,2380544.8
1779336000000,0.04491,0.04543,0.04381,0.04393,2863301.8
1779350400000,0.04393,0.04413,0.04338,0.04365,2884496.8
1779364800000,0.04365,0.04453,0.04351,0.04423,4537799.6
1779379200000,0.04423,0.0448,0.04375,0.04387,1625844.0
1779393600000,0.04387,0.0442,0.04378,0.04395,711529.3
1779408000000,0.04395,0.04439,0.04334,0.04412,1838362.5
1779422400000,0.04412,0.04439,0.04342,0.04353,2039322.5
1779436800000,0.04353,0.04372,0.04328,0.04338,1940144.5
1779451200000,0.04338,0.0438,0.04334,0.04375,1481637.9
1779465600000,0.04375,0.04396,0.04224,0.04248,2026259.5
1779480000000,0.04248,0.04287,0.04196,0.04229,1352148.1
1779494400000,0.04229,0.04266,0.04178,0.04247,713695.9
1779508800000,0.04247,0.04271,0.04095,0.04123,905674.9
1779523200000,0.04123,0.0415,0.04087,0.04141,1000153.2
1779537600000,0.04141,0.04187,0.04121,0.04181,1050858.4
1779552000000,0.04181,0.04225,0.04153,0.04206,880054.4
1779566400000,0.04206,0.04271,0.04192,0.04219,881497.9
1779580800000,0.04219,0.04228,0.04142,0.04155,392635.0
1779595200000,0.04155,0.04169,0.04121,0.04153,596216.2
1779609600000,0.04153,0.04165,0.04118,0.04123,721051.8
1779624000000,0.04123,0.04143,0.04077,0.04109,1125047.4
1779638400000,0.04109,0.04132,0.04081,0.0409,1103460.4
1779652800000,0.0409,0.04101,0.03988,0.04012,1054383.6
1779667200000,0.04012,0.04046,0.03999,0.04014,512736.8
1779681600000,0.04014,0.04095,0.04011,0.04063,580380.5
1779696000000,0.04063,0.04098,0.04052,0.04089,1180596.8
1779710400000,0.04089,0.04236,0.04086,0.04184,1972620.4
1779724800000,0.04184,0.04188,0.04104,0.04111,1380524.1
1779739200000,0.04111,0.04114,0.04052,0.04076,1295377.5
1779753600000,0.04076,0.04084,0.04011,0.04018,1229211.0
1779768000000,0.04018,0.04028,0.03969,0.0397,1129810.3
1779782400000,0.0397,0.04026,0.03886,0.0401,5624327.2
1779796800000,0.0401,0.04039,0.03949,0.03958,2546002.9
1779811200000,0.03958,0.03977,0.03901,0.03944,1484029.9
1779825600000,0.03944,0.03955,0.03904,0.03915,600293.3
1779840000000,0.03915,0.03948,0.03862,0.03868,810223.1
1779854400000,0.03868,0.03923,0.03837,0.03916,1153103.9
1779868800000,0.03916,0.03971,0.03886,0.03904,1206557.5
1779883200000,0.03904,0.03989,0.03901,0.03977,1584490.4
1779897600000,0.03977,0.0399,0.03897,0.03926,770147.9
1779912000000,0.03926,0.03926,0.03802,0.03839,777023.9
1779926400000,0.03839,0.03865,0.03743,0.03757,951328.3
1779940800000,0.03757,0.03783,0.03716,0.0377,1051262.5
1779955200000,0.0377,0.03801,0.03761,0.03774,513930.3
1779969600000,0.03774,0.03854,0.03747,0.03819,2908986.0
1779984000000,0.03819,0.0387,0.03788,0.03847,1942642.6
1779998400000,0.03847,0.03878,0.03823,0.03841,697383.9
1780012800000,0.03841,0.03881,0.0382,0.03836,609963.7
1780027200000,0.03836,0.03894,0.03822,0.03879,1222110.7
1780041600000,0.03879,0.03881,0.03822,0.03838,773414.6
1780056000000,0.03838,0.03936,0.03802,0.03918,1188436.1
1780070400000,0.03918,0.03965,0.03892,0.03904,1624069.4
1780084800000,0.03904,0.0397,0.039,0.03956,551896.0
1780099200000,0.03956,0.04058,0.03938,0.04011,1788044.1
1780113600000,0.04011,0.04013,0.03941,0.03979,812896.0
1780128000000,0.03979,0.0398,0.0392,0.03931,1309329.8
1780142400000,0.03931,0.03944,0.03913,0.03934,820895.1
1780156800000,0.03934,0.03938,0.039,0.03913,437196.7
1780171200000,0.03913,0.03923,0.0386,0.03875,795160.7
1780185600000,0.03875,0.03927,0.03865,0.03907,835539.7
1780200000000,0.03907,0.03921,0.03872,0.03887,220331.5
1780214400000,0.03887,0.03998,0.03887,0.03961,1131846.2
1780228800000,0.03961,0.03993,0.03895,0.03901,1543311.3
1780243200000,0.03901,0.04105,0.03893,0.03985,10310664.0
1780257600000,0.03985,0.03997,0.03906,0.03908,2737420.3
1780272000000,0.03908,0.03947,0.03877,0.03915,1818780.8
1780286400000,0.03915,0.03926,0.0379,0.03806,1725250.2
1780300800000,0.03806,0.03818,0.03762,0.03785,1800607.5
1780315200000,0.03785,0.03789,0.03724,0.03736,1525745.2
1780329600000,0.03736,0.03876,0.03726,0.03826,1199065.0
1780344000000,0.03826,0.03835,0.03767,0.03789,949074.9
1780358400000,0.03789,0.03789,0.03707,0.03779,843595.2
1780372800000,0.03779,0.03785,0.03725,0.03739,634052.0
1780387200000,0.03739,0.0375,0.03679,0.037,1431957.3
1780401600000,0.037,0.03734,0.03564,0.0359,2649931.6
1780416000000,0.0359,0.03723,0.03561,0.03595,3478815.9
1780430400000,0.03595,0.03622,0.03473,0.03536,1528452.6
1780444800000,0.03536,0.03594,0.03521,0.03529,886057.7
1780459200000,0.03529,0.03655,0.03529,0.03631,583151.7
1780473600000,0.03631,0.03633,0.03585,0.03597,521950.7
1780488000000,0.03597,0.03627,0.03584,0.03587,554627.4
1780502400000,0.03587,0.03609,0.03536,0.03561,668424.8
1780516800000,0.03561,0.03615,0.03521,0.03551,756864.2
1780531200000,0.03551,0.0357,0.03218,0.03423,3706385.5
1780545600000,0.03423,0.03431,0.03292,0.03292,1330536.2
1780560000000,0.03292,0.03315,0.03163,0.03207,3676530.6
1780574400000,0.03207,0.03328,0.03196,0.03294,1246753.4
1780588800000,0.03294,0.03295,0.03225,0.03272,1334715.6
1780603200000,0.03272,0.03299,0.03178,0.03215,827429.7
1780617600000,0.03215,0.03241,0.03141,0.03153,747471.3
1780632000000,0.03153,0.03225,0.02992,0.03087,2796055.9
1780646400000,0.03087,0.03158,0.03051,0.03119,1359697.7
1780660800000,0.03119,0.03126,0.0301,0.03041,1819753.6
1780675200000,0.03041,0.03092,0.02897,0.02986,3755037.1
1780689600000,0.02986,0.03069,0.02949,0.0299,2054361.1
1780704000000,0.0299,0.03028,0.02942,0.02948,902431.8
1780718400000,0.02948,0.02968,0.02817,0.02962,1749288.5
1780732800000,0.02962,0.03028,0.02944,0.0302,1564308.0
1780747200000,0.0302,0.03088,0.02995,0.03006,1495440.6
1780761600000,0.03006,0.03016,0.02938,0.02971,1182384.9
1780776000000,0.02971,0.02984,0.02955,0.02981,595054.8
1780790400000,0.02981,0.03059,0.02962,0.03035,821504.4
1780804800000,0.03035,0.03102,0.0302,0.03063,564284.1
1780819200000,0.03063,0.03115,0.03052,0.03076,1289251.5
1780833600000,0.03076,0.03081,0.03016,0.03055,2511669.5
1780848000000,0.03055,0.031,0.02984,0.03002,1457782.2
1780862400000,0.03002,0.03125,0.0299,0.03082,1031848.3
1780876800000,0.03082,0.03132,0.03049,0.03067,589443.8
1780891200000,0.03067,0.03068,0.02973,0.03023,3877334.6
1780905600000,0.03023,0.03089,0.0298,0.03077,2175224.3
1780920000000,0.03077,0.03094,0.03039,0.03064,1176258.9
1780934400000,0.03064,0.031,0.03053,0.03054,837669.4
1780948800000,0.03054,0.03077,0.03007,0.03015,1225622.9
1780963200000,0.03015,0.03018,0.02954,0.03003,997697.1
1780977600000,0.03003,0.03072,0.02988,0.03063,1285876.9
1780992000000,0.03063,0.03067,0.0299,0.03008,1450313.0
1781006400000,0.03008,0.03039,0.02944,0.02964,1070000.7
1781020800000,0.02964,0.03,0.02909,0.0299,1359645.3
1781035200000,0.0299,0.03003,0.0293,0.02935,511896.8
1781049600000,0.02935,0.0296,0.02891,0.02908,505953.7
1781064000000,0.02908,0.02912,0.02876,0.02889,657756.2
1781078400000,0.02889,0.02892,0.0282,0.02837,1218231.2
1781092800000,0.02837,0.02928,0.02827,0.029,1044805.0
1781107200000,0.029,0.02908,0.02814,0.02819,1233109.8
1781121600000,0.02819,0.02828,0.02773,0.02822,1223207.1
1781136000000,0.02822,0.029,0.0282,0.02898,933741.7
1781150400000,0.02898,0.02906,0.02868,0.02885,375984.5
1781164800000,0.02885,0.02894,0.0286,0.0287,906635.2
1781179200000,0.0287,0.0288,0.02825,0.0287,1175129.0
1781193600000,0.0287,0.02947,0.02836,0.02929,1115644.1
1781208000000,0.02929,0.02944,0.02904,0.02919,1154320.9
1781222400000,0.02919,0.02949,0.02886,0.02911,1157537.6
1781236800000,0.02911,0.02965,0.02858,0.02885,1775306.0
1781251200000,0.02885,0.03101,0.02884,0.03098,4414988.8
1781265600000,0.03098,0.03812,0.03074,0.03328,71130294.8
1781280000000,0.03328,0.03638,0.03302,0.03325,29410093.0
1781294400000,0.03325,0.03357,0.03151,0.0317,10916293.9
1781308800000,0.0317,0.03374,0.03156,0.03368,10536676.2
1781323200000,0.03368,0.03449,0.03219,0.03274,16087984.9
1781337600000,0.03274,0.03318,0.03177,0.03213,8410096.4
1781352000000,0.03213,0.03253,0.03164,0.03231,5212257.2
1781366400000,0.03231,0.03239,0.03116,0.03157,5689405.8
1781380800000,0.03157,0.03174,0.03113,0.03135,2592722.3
1781395200000,0.03135,0.03151,0.03088,0.03122,1985994.1
1781409600000,0.03122,0.03193,0.03094,0.03151,2202013.6
1781424000000,0.03151,0.0316,0.03106,0.03115,1418965.7
1781438400000,0.03115,0.0312,0.03008,0.0303,2888984.7
1781452800000,0.0303,0.0304,0.02969,0.02971,2042592.8
1781467200000,0.02971,0.03098,0.02964,0.03098,2584036.1
1781481600000,0.03098,0.03132,0.03088,0.03116,1685051.7
1781496000000,0.03116,0.03118,0.03075,0.03098,1131831.4
1781510400000,0.03098,0.03164,0.0309,0.03164,2306674.2
1781524800000,0.03164,0.0325,0.03151,0.03209,3342026.2
1781539200000,0.03209,0.03213,0.03139,0.03143,1030226.9
1781553600000,0.03143,0.03194,0.03134,0.03156,2014640.3
1781568000000,0.03156,0.03205,0.03115,0.03203,969420.3
1781582400000,0.03203,0.03357,0.03163,0.03248,9102049.3
1781596800000,0.03248,0.0337,0.03239,0.03362,4430601.2
1781611200000,0.03362,0.03393,0.03224,0.03354,5912545.3
1781625600000,0.03354,0.03455,0.0331,0.03333,4224077.0
1781640000000,0.03333,0.03374,0.03298,0.03309,2406127.3
1781654400000,0.03309,0.03363,0.03293,0.033,2100120.1
1781668800000,0.033,0.03306,0.03248,0.03249,1554715.1
1781683200000,0.03249,0.03286,0.03228,0.03259,1584856.4
1781697600000,0.03259,0.03483,0.03259,0.03382,4338277.7
1781712000000,0.03382,0.03484,0.03338,0.0336,4412198.1
1781726400000,0.0336,0.03455,0.03354,0.03411,1555053.9
1781740800000,0.03411,0.0358,0.03408,0.03536,4967426.8
1781755200000,0.03536,0.03829,0.03436,0.03801,12503240.1
1781769600000,0.03801,0.0386,0.03585,0.03605,14534106.2
1781784000000,0.03605,0.03617,0.03362,0.0339,6269872.2
1781798400000,0.0339,0.03499,0.03386,0.03461,2539833.7
1781812800000,0.03461,0.03627,0.0346,0.03567,4967342.6
1781827200000,0.03567,0.03742,0.03559,0.03681,2895274.2
1781841600000,0.03681,0.03894,0.03585,0.03873,4891924.8
1781856000000,0.03873,0.03875,0.03668,0.0371,7908324.4
1781870400000,0.0371,0.03947,0.0366,0.03825,8476942.8
1781884800000,0.03825,0.03832,0.03707,0.03717,3455656.7
1781899200000,0.03717,0.03722,0.03547,0.03558,2850931.1
1781913600000,0.03558,0.03589,0.03421,0.03421,2801818.0
1781928000000,0.03421,0.0346,0.03376,0.03419,2548344.5
1781942400000,0.03419,0.03525,0.03401,0.03439,3409428.2
1781956800000,0.03439,0.03686,0.03439,0.03686,4330879.8
1781971200000,0.03686,0.03766,0.03555,0.03638,4206453.9
1781985600000,0.03638,0.03645,0.03584,0.03602,1106925.7
1782000000000,0.03602,0.03619,0.03482,0.03491,2027851.9
1782014400000,0.03491,0.03575,0.03488,0.03507,1763046.9
1782028800000,0.03507,0.03516,0.03419,0.03435,1817096.9
1782043200000,0.03435,0.03462,0.03405,0.03433,1245238.3
1782057600000,0.03433,0.03443,0.03348,0.03376,3106046.6
1782072000000,0.03376,0.03376,0.03288,0.03296,966325.1
1782086400000,0.03296,0.03346,0.03283,0.03298,1371946.2
1782100800000,0.03298,0.03329,0.03276,0.03299,1008378.1
1782115200000,0.03299,0.03321,0.03264,0.03316,1317464.2
1782129600000,0.03316,0.03342,0.03293,0.03334,3397621.7
1782144000000,0.03334,0.03455,0.03326,0.03398,3526031.2
1782158400000,0.03398,0.03404,0.03268,0.03281,1365299.9
1782172800000,0.03281,0.03391,0.03269,0.03346,2029258.3
1782187200000,0.03346,0.03346,0.03175,0.03189,1677882.4
1782201600000,0.03189,0.03193,0.0307,0.03123,3063774.0
1782216000000,0.03123,0.03148,0.03077,0.03091,2126285.9
1782230400000,0.03091,0.0313,0.03076,0.03122,650538.9
1782244800000,0.03122,0.03137,0.03101,0.03111,634081.1
1782259200000,0.03111,0.03126,0.03086,0.03089,664182.3
1782273600000,0.03089,0.0312,0.0307,0.0308,557157.4
1782288000000,0.0308,0.03203,0.03067,0.03135,4812173.2
1782302400000,0.03135,0.03188,0.03073,0.03107,3965122.5
1782316800000,0.03107,0.03151,0.02958,0.03007,5741746.4
1782331200000,0.03007,0.03065,0.03003,0.03012,1072673.0
1782345600000,0.03012,0.0305,0.03009,0.03012,939213.7
1782360000000,0.03012,0.03105,0.0301,0.03077,1500348.2
1782374400000,0.03077,0.0308,0.03016,0.0302,1350311.3
1782388800000,0.0302,0.03036,0.02805,0.02889,4196418.1
1782403200000,0.02889,0.02951,0.02877,0.02919,1165876.8
1782417600000,0.02919,0.03025,0.02919,0.02982,1200369.6
1782432000000,0.02982,0.03037,0.02907,0.03021,1464060.3
1782446400000,0.03021,0.03104,0.03008,0.03064,1309465.1
1782460800000,0.03064,0.0308,0.03023,0.03025,899056.3
1782475200000,0.03025,0.0305,0.0298,0.03011,1545217.8
1782489600000,0.03011,0.03046,0.03002,0.03017,1208534.6
1782504000000,0.03017,0.03058,0.0293,0.02997,1617211.4
1782518400000,0.02997,0.03,0.02963,0.0297,507227.7
1782532800000,0.0297,0.02987,0.02955,0.02957,672069.3
1782547200000,0.02957,0.02968,0.02931,0.02945,920133.0
1782561600000,0.02945,0.02981,0.02933,0.02968,1329170.0
1782576000000,0.02968,0.02989,0.02934,0.02944,992024.7
1782590400000,0.02944,0.02979,0.0292,0.02948,764875.7
1782604800000,0.02948,0.03041,0.02939,0.03038,800048.3
1782619200000,0.03038,0.0308,0.02987,0.03004,1054743.4
1782633600000,0.03004,0.03004,0.02939,0.02957,1061346.9
1782648000000,0.02957,0.02962,0.02916,0.02924,696504.7
1782662400000,0.02924,0.02941,0.02862,0.02882,1280535.4
1782676800000,0.02882,0.02907,0.02853,0.02882,798983.9
1782691200000,0.02882,0.02924,0.02857,0.02913,754921.6
1782705600000,0.02913,0.02913,0.02873,0.02883,763911.8
1782720000000,0.02883,0.02893,0.02865,0.02873,792323.2
1782734400000,0.02873,0.02897,0.02795,0.02861,2065068.5
1782748800000,0.02861,0.02993,0.02858,0.02922,1604417.5
1782763200000,0.02922,0.02949,0.02912,0.02922,824078.1
1782777600000,0.02922,0.02938,0.02861,0.02862,945366.4
1782792000000,0.02862,0.02865,0.02827,0.02828,661772.6
1782806400000,0.02828,0.02836,0.02786,0.02798,1082802.2
1782820800000,0.02798,0.02826,0.02759,0.0279,997747.6
1782835200000,0.0279,0.02819,0.02774,0.02806,1591993.4
1782849600000,0.02806,0.02824,0.02793,0.02797,661698.4
1782864000000,0.02797,0.02818,0.02735,0.02809,992926.2
1782878400000,0.02809,0.02837,0.02796,0.02805,1108770.5
1782892800000,0.02805,0.02887,0.02793,0.02801,1683142.6
1782907200000,0.02801,0.0283,0.02747,0.02813,1438993.1
1782921600000,0.02813,0.02841,0.02772,0.0278,1486558.4
1782936000000,0.0278,0.02882,0.02769,0.02806,1589256.9
1782950400000,0.02806,0.02883,0.02799,0.02881,671826.3
1782964800000,0.02881,0.02927,0.02855,0.02916,1733029.2
1782979200000,0.02916,0.0295,0.02878,0.0289,4955394.3
1782993600000,0.0289,0.02926,0.02878,0.02886,1865323.0
1783008000000,0.02886,0.02906,0.02867,0.02868,739493.4
1783022400000,0.02868,0.02879,0.02853,0.02873,604723.2
1783036800000,0.02873,0.0292,0.02869,0.02882,416853.1
1783051200000,0.02882,0.02956,0.02868,0.02954,678960.9
1783065600000,0.02954,0.03032,0.02929,0.03032,1899950.3
1783080000000,0.03032,0.03103,0.03017,0.03078,3196910.7
1783094400000,0.03078,0.03099,0.03021,0.03062,2526180.3
1783108800000,0.03062,0.03068,0.03016,0.03025,1012484.6
1783123200000,0.03025,0.03038,0.02968,0.02972,487377.8
1783137600000,0.02972,0.03044,0.02958,0.03006,553045.4
1783152000000,0.03006,0.03129,0.03001,0.03106,4262169.8
1783166400000,0.03106,0.0311,0.03036,0.03082,2055385.2
1783180800000,0.03082,0.0311,0.03054,0.03067,1378212.6
1783195200000,0.03067,0.03068,0.03018,0.03032,1400897.5
1783209600000,0.03032,0.03037,0.0296,0.02972,886514.9
1783224000000,0.02972,0.0298,0.02947,0.02973,875207.1
1783238400000,0.02973,0.02999,0.0293,0.02954,776348.0
1783252800000,0.02954,0.03062,0.02945,0.03028,2539719.4
1783267200000,0.03028,0.03034,0.02986,0.02997,716375.3
1783281600000,0.02997,0.03017,0.02921,0.02942,1687607.1
1783296000000,0.02942,0.02953,0.02894,0.02898,1166807.1
1783310400000,0.02898,0.0296,0.02876,0.02921,2931566.1
1783324800000,0.02921,0.02934,0.02883,0.02886,1311873.5
1783339200000,0.02886,0.02915,0.02815,0.02914,2848985.2
1783353600000,0.02914,0.02963,0.02904,0.02945,2305096.3
1783368000000,0.02945,0.0304,0.02922,0.02982,2190631.7
1783382400000,0.02982,0.03033,0.02974,0.02994,951637.0
1783396800000,0.02994,0.03059,0.0292,0.03016,2196322.7
1783411200000,0.03016,0.03176,0.02985,0.03175,4950325.5
1783425600000,0.03175,0.03175,0.02962,0.02977,5504538.0
1783440000000,0.02977,0.02986,0.02878,0.02901,1676334.0
1783454400000,0.02901,0.02916,0.02883,0.02885,1613347.3
1783468800000,0.02885,0.02935,0.02857,0.02895,1077659.0
1783483200000,0.02895,0.02944,0.02885,0.02913,1340793.2
1783497600000,0.02913,0.02937,0.02741,0.02783,4315863.7
1783512000000,0.02783,0.02806,0.02712,0.02718,1800211.3
1783526400000,0.02718,0.02815,0.02658,0.02805,3216591.8
1783540800000,0.02805,0.02935,0.02801,0.02932,3112069.3
1783555200000,0.02932,0.02984,0.02903,0.0296,2697141.1
1783569600000,0.0296,0.02973,0.02877,0.02885,5836936.0
1783584000000,0.02885,0.02905,0.02836,0.02855,1634977.2
1783598400000,0.02855,0.02888,0.02821,0.02857,1288906.6
1783612800000,0.02857,0.02882,0.02823,0.02855,1124592.9
1783627200000,0.02855,0.02908,0.02843,0.02889,1228641.7
1783641600000,0.02889,0.02927,0.02852,0.02875,790101.7
1783656000000,0.02875,0.02883,0.0284,0.02842,1042839.0
1783670400000,0.02842,0.02886,0.02838,0.02848,1262408.7
1783684800000,0.02848,0.02856,0.02813,0.02838,744637.6
1783699200000,0.02838,0.02863,0.02835,0.0284,475899.5
1783713600000,0.0284,0.02915,0.02837,0.02885,1229289.8
1783728000000,0.02885,0.02961,0.02869,0.02923,998266.2
1783742400000,0.02923,0.02924,0.02855,0.02865,993666.1
1783756800000,0.02865,0.0287,0.0284,0.02861,692266.6
1783771200000,0.02861,0.02869,0.02844,0.02857,464250.1
1783785600000,0.02857,0.02871,0.02847,0.02864,607239.9
1783800000000,0.02864,0.02883,0.02799,0.028,763590.6
1783814400000,0.028,0.0286,0.02783,0.02851,532561.6
1783828800000,0.02851,0.02899,0.02831,0.02855,785087.1
1783843200000,0.02855,0.02867,0.02829,0.02844,467342.5
1783857600000,0.02844,0.02854,0.02825,0.0284,407709.3
1783872000000,0.0284,0.02906,0.02837,0.02853,716896.2
1783886400000,0.02853,0.02896,0.02816,0.02834,1114818.9
1783900800000,0.02834,0.02877,0.0274,0.02766,1549185.7
1783915200000,0.02766,0.02844,0.02763,0.02834,958605.3
1783929600000,0.02834,0.02837,0.02788,0.02791,725010.4
1783944000000,0.02791,0.02792,0.02751,0.02755,1191009.2
1783958400000,0.02755,0.02773,0.02743,0.02748,758562.3
1783972800000,0.02748,0.02758,0.02701,0.02733,499278.8
1783987200000,0.02733,0.02733,0.02682,0.02701,892465.3
1784001600000,0.02701,0.02731,0.02686,0.02697,2141711.1
1784016000000,0.02697,0.02718,0.02688,0.02712,1259261.7
1784030400000,0.02712,0.02826,0.02712,0.02801,1557460.8
1784044800000,0.02801,0.02822,0.02775,0.0281,1675825.1
1784059200000,0.0281,0.02884,0.02802,0.0285,1249368.3
1784073600000,0.0285,0.02956,0.02845,0.02929,2622202.4
1784088000000,0.02929,0.02956,0.02866,0.02888,3958509.8
1784102400000,0.02888,0.02939,0.02841,0.0285,3852959.4
1784116800000,0.0285,0.02883,0.0284,0.02867,1130548.7
1784131200000,0.02867,0.02893,0.02831,0.02835,2257603.6
1784145600000,0.02835,0.02865,0.02813,0.02857,718299.0
1784160000000,0.02857,0.02878,0.02815,0.02822,1510597.0
1784174400000,0.02822,0.02836,0.02811,0.02813,1039696.8
1784188800000,0.02813,0.02912,0.02782,0.02888,2811700.4
1784203200000,0.02888,0.02905,0.02857,0.02879,1615885.2
1784217600000,0.02879,0.0289,0.02832,0.02844,743031.6
1784232000000,0.02844,0.02863,0.02802,0.02808,988201.5
1784246400000,0.02808,0.02851,0.02783,0.02818,1289047.8
1784260800000,0.02818,0.02827,0.02758,0.02764,1017876.2
1784275200000,0.02764,0.02845,0.0276,0.02822,1145550.6
1784289600000,0.02822,0.02867,0.02789,0.02861,1286117.5
1784304000000,0.02861,0.02877,0.02817,0.02829,594629.5
1784318400000,0.02829,0.02859,0.02828,0.02857,652904.3
1784332800000,0.02857,0.0286,0.02804,0.02806,310565.7
1784347200000,0.02806,0.02806,0.02768,0.02769,716249.5
1784361600000,0.02769,0.02785,0.02752,0.02771,616449.4
1784376000000,0.02771,0.02807,0.02751,0.02764,1500486.6
1784390400000,0.02764,0.02792,0.02758,0.02778,352276.2
1784404800000,0.02778,0.02836,0.02774,0.02831,358585.0
1784419200000,0.02831,0.02844,0.02797,0.028,366233.0
1784433600000,0.028,0.02813,0.02791,0.02793,223703.2
1784448000000,0.02793,0.02849,0.02768,0.02839,1553929.1
1784462400000,0.02839,0.02843,0.02804,0.02811,646724.4
1784476800000,0.02811,0.02811,0.02776,0.02784,608746.1
1784491200000,0.02784,0.02788,0.02767,0.02783,301153.5
1784505600000,0.02783,0.02824,0.02778,0.02794,262022.2
1784520000000,0.02794,0.02804,0.02758,0.02804,427086.4
1784534400000,0.02804,0.02827,0.0278,0.02795,1069293.2
1784548800000,0.02795,0.02818,0.02766,0.0281,691783.8
1784563200000,0.0281,0.02837,0.02798,0.02823,662542.1
1784577600000,0.02823,0.02874,0.02821,0.02873,642651.9
1784592000000,0.02873,0.02903,0.02844,0.02862,2452548.4
1784606400000,0.02862,0.0288,0.02839,0.0287,1062246.6
1784620800000,0.0287,0.02871,0.02825,0.02834,824808.8
1784635200000,0.02834,0.02863,0.02829,0.02863,547386.3
1784649600000,0.02863,0.02865,0.02831,0.02839,404998.0
1784664000000,0.02839,0.02845,0.02833,0.02836,167722.0
1784678400000,0.02836,0.02872,0.02828,0.02832,1364593.2
1784692800000,0.02832,0.02838,0.02808,0.0282,650544.4
1784707200000,0.0282,0.02859,0.02817,0.02842,635886.1
1784721600000,0.02842,0.0286,0.02823,0.02853,220358.9
1784736000000,0.02853,0.02873,0.02814,0.02817,532634.5
1784750400000,0.02817,0.02831,0.02793,0.02804,541677.5
1784764800000,0.02804,0.02811,0.02779,0.02794,660550.6
1784779200000,0.02794,0.02818,0.02751,0.02758,1730681.4
1784793600000,0.02758,0.02783,0.02757,0.0277,668101.3
1784808000000,0.0277,0.02777,0.02741,0.02756,659263.7
1784822400000,0.02756,0.02761,0.02714,0.02725,488745.1
1784836800000,0.02725,0.02745,0.02683,0.02696,1047201.4
1784851200000,0.02696,0.02732,0.02664,0.02723,796312.8
1784865600000,0.02723,0.02753,0.02719,0.0274,506370.1
1784880000000,0.0274,0.02759,0.0272,0.02728,660173.0
1784894400000,0.02728,0.02729,0.02675,0.02702,526165.6
1784908800000,0.02702,0.02705,0.02673,0.02693,1130833.1
1784923200000,0.02693,0.02701,0.0267,0.02687,1211366.9
1784937600000,0.02687,0.02695,0.0268,0.02684,228170.7
1784952000000,0.02684,0.0271,0.0267,0.02672,1292021.9
1784966400000,0.02672,0.02684,0.02662,0.02664,432486.6
1784980800000,0.02664,0.02698,0.02663,0.02695,358606.7
1784995200000,0.02695,0.02717,0.02688,0.02696,1071599.8
1785009600000,0.02696,0.02707,0.02688,0.02691,450477.2
1785024000000,0.02691,0.02713,0.02689,0.02704,237930.4
1785038400000,0.02704,0.02749,0.02698,0.02741,278810.9
1785052800000,0.02741,0.02764,0.02716,0.02718,859741.3
1785067200000,0.02718,0.0275,0.02713,0.02724,922237.0
1785081600000,0.02724,0.02725,0.02694,0.02697,370397.2
1785096000000,0.02697,0.02722,0.02691,0.02711,212256.3
1785110400000,0.02711,0.02735,0.02706,0.02707,1443817.8
1785124800000,0.02707,0.02722,0.02701,0.02704,440235.6
1785139200000,0.02704,0.02704,0.02688,0.027,335854.1
1785153600000,0.027,0.02705,0.02565,0.02573,2395728.1
1785168000000,0.02573,0.02607,0.02562,0.02595,992752.9
1785182400000,0.02595,0.026,0.02501,0.02529,1018031.9
1785196800000,0.02529,0.02561,0.02519,0.02548,515765.0
1785211200000,0.02548,0.02561,0.02526,0.02533,376347.2
1785225600000,0.02533,0.02571,0.02531,0.02557,609928.2
1785240000000,0.02557,0.02587,0.02509,0.02568,1346027.7
1785254400000,0.02568,0.02569,0.02536,0.02555,326152.7
1785268800000,0.02555,0.0257,0.02539,0.02555,303935.5
1785283200000,0.02555,0.02566,0.02499,0.02499,1445178.1
1785297600000,0.02499,0.02504,0.02456,0.02469,1925991.7
1785312000000,0.02469,0.0248,0.02448,0.02476,553048.6
1785326400000,0.02476,0.02485,0.0243,0.02441,734022.6
1785340800000,0.02441,0.02504,0.02435,0.02446,1161821.5
1785355200000,0.02446,0.02465,0.0242,0.02451,704497.3
1785369600000,0.02451,0.02496,0.02446,0.02483,1557354.1
1785384000000,0.02483,0.02505,0.02471,0.02495,189457.3
1785398400000,0.02495,0.02535,0.02491,0.02501,461974.5
1785412800000,0.02501,0.02518,0.02489,0.02492,789613.4
1785427200000,0.02492,0.02498,0.02481,0.02495,142422.5
1785441600000,0.02495,0.02509,0.02486,0.02491,315211.5
1785456000000,0.02491,0.0253,0.02491,0.025,1111416.2
1785470400000,0.025,0.02503,0.02467,0.02499,1110161.8
1785484800000,0.02499,0.02502,0.02458,0.02486,699396.0
1785499200000,0.02486,0.0252,0.0248,0.02509,1061643.0
1785513600000,0.02509,0.02529,0.02486,0.02496,528570.4
1785528000000,0.02496,0.02512,0.02492,0.02509,324520.9
1785542400000,0.02509,0.02542,0.02509,0.02519,1494940.1
1785556800000,0.02519,0.02523,0.02505,0.02505,160979.7
1785571200000,0.02505,0.02514,0.02496,0.02503,279265.7
1785585600000,0.02503,0.0251,0.02482,0.02487,3648387.6
1785600000000,0.02487,0.025,0.02445,0.02467,635586.7
1785614400000,0.02467,0.0247,0.02455,0.02461,143456.9
1785628800000,0.02461,0.02487,0.02456,0.02464,264146.3
1785643200000,0.02464,0.02473,0.02457,0.02463,155865.1
1785657600000,0.02463,0.02487,0.02463,0.02469,545766.3
1785672000000,0.02469,0.02503,0.02465,0.02488,710933.3
1785686400000,0.02488,0.02494,0.02479,0.0249,123611.8
1785700800000,0.0249,0.0249,0.0247,0.02472,216575.0
1785715200000,0.02472,0.02472,0.02427,0.02441,527286.8
1785729600000,0.02441,0.02468,0.02435,0.02451,541360.6
1785744000000,0.02451,0.02509,0.0243,0.02509,1332625.2
1785758400000,0.02509,0.02624,0.02502,0.02546,8643670.3
1785772800000,0.02546,0.02554,0.02524,0.02538,1041445.8
1785787200000,0.02538,0.02538,0.02504,0.02512,1104507.2
1785801600000,0.02512,0.02523,0.02494,0.02501,676228.4
1785816000000,0.02501,0.02517,0.0248,0.02483,1972757.7
1785830400000,0.02483,0.02484,0.0245,0.02462,988041.6
1785844800000,0.02462,0.02469,0.0244,0.02459,3083612.2
1785859200000,0.02459,0.02465,0.02439,0.02441,1306354.4
1785873600000,0.02441,0.02467,0.02436,0.02449,846319.6
1785888000000,0.02449,0.02465,0.02432,0.02453,1651770.6
1785902400000,0.02453,0.02467,0.02446,0.02452,458664.1
1785916800000,0.02452,0.02467,0.02447,0.0245,249124.2
1785931200000,0.0245,0.02543,0.02445,0.02495,2585183.1
1785945600000,0.02495,0.02519,0.02486,0.02494,1162186.0
1785960000000,0.02494,0.02519,0.02492,0.02509,360751.6
1785974400000,0.02509,0.0253,0.02491,0.0251,349916.6
1785988800000,0.0251,0.0258,0.02506,0.02548,2200474.8
1786003200000,0.02548,0.02638,0.02546,0.02578,5745360.7
1786017600000,0.02578,0.0263,0.02535,0.02541,3687125.9
1786032000000,0.02541,0.02553,0.02519,0.02544,1030046.5
1786046400000,0.02544,0.02561,0.02534,0.0256,720551.6
1786060800000,0.0256,0.02576,0.02541,0.02554,937067.1
1786075200000,0.02554,0.02573,0.02539,0.02543,829781.4
1786089600000,0.02543,0.02562,0.02538,0.02542,669805.4
1786104000000,0.02542,0.02542,0.02512,0.02524,771560.5
1786118400000,0.02524,0.02531,0.02512,0.02519,204071.8
1786132800000,0.02519,0.02538,0.0251,0.02529,260948.6
1786147200000,0.02529,0.02543,0.02528,0.0254,195843.1
1786161600000,0.0254,0.02541,0.02524,0.0253,204060.6
1786176000000,0.0253,0.02541,0.02526,0.02528,305321.0
1786190400000,0.02528,0.02543,0.02523,0.02543,436141.4
1786204800000,0.02543,0.02562,0.02542,0.02544,444412.5
1786219200000,0.02544,0.02557,0.02542,0.02547,188126.8
1786233600000,0.02547,0.02573,0.02545,0.02563,272287.1
1786248000000,0.02563,0.02579,0.02557,0.0256,1355744.9
1786262400000,0.0256,0.02563,0.02539,0.02542,1049769.3
1786276800000,0.02542,0.02544,0.02531,0.02539,245060.8
1786291200000,0.02539,0.02543,0.02535,0.0254,129483.1
1786305600000,0.0254,0.0256,0.02503,0.02509,478766.4
1786320000000,0.02509,0.02562,0.02506,0.02534,315617.6
1786334400000,0.02534,0.02581,0.02534,0.02538,706691.6
1786348800000,0.02538,0.0256,0.02534,0.02555,461393.7
1786363200000,0.02555,0.02558,0.02514,0.02522,726630.3
1786377600000,0.02522,0.02522,0.02496,0.02499,856079.0
1786392000000,0.02499,0.02514,0.02467,0.02477,914247.4
1786406400000,0.02477,0.0249,0.02467,0.02489,298804.2
1786420800000,0.02489,0.02489,0.02463,0.02474,279870.2
1786435200000,0.02474,0.02492,0.02468,0.02469,521943.9
1786449600000,0.02469,0.02482,0.02436,0.02452,469945.8
1786464000000,0.02452,0.0247,0.02442,0.0247,171661.5
1786478400000,0.0247,0.02487,0.02458,0.02485,315064.2
1786492800000,0.02485,0.02521,0.02481,0.02492,764249.6
1786507200000,0.02492,0.02499,0.02467,0.02476,394814.1
1786521600000,0.02476,0.02497,0.02459,0.02489,518384.4
1786536000000,0.02489,0.02544,0.02485,0.02502,2087508.4
1786550400000,0.02502,0.02556,0.02483,0.02509,2662587.8
1786564800000,0.02509,0.02516,0.02392,0.02405,1723172.5
1786579200000,0.02405,0.02432,0.02393,0.02425,1119647.4
1786593600000,0.02425,0.02465,0.0242,0.0245,1618500.5
1786608000000,0.0245,0.02469,0.02413,0.02418,1533983.5
1786622400000,0.02418,0.02429,0.02382,0.02384,1957455.2
1786636800000,0.02384,0.02396,0.02362,0.0238,781639.8
1786651200000,0.0238,0.02416,0.02378,0.02415,426378.5
1786665600000,0.02415,0.02423,0.02395,0.02395,634678.9
1786680000000,0.02395,0.02399,0.02362,0.02364,268705.9
1786694400000,0.02364,0.02374,0.02348,0.02366,689704.3
1786708800000,0.02366,0.02393,0.02347,0.0239,1703665.6
1786723200000,0.0239,0.02467,0.0239,0.02415,3010577.9
1786737600000,0.02415,0.02467,0.02415,0.02453,1698744.2
1786752000000,0.02453,0.02476,0.02405,0.02413,2119460.3
1786766400000,0.02413,0.02435,0.02406,0.02417,800081.2
1786780800000,0.02417,0.0244,0.02412,0.02436,652104.3
1786795200000,0.02436,0.02441,0.02419,0.02435,1174766.6
1786809600000,0.02435,0.02439,0.02405,0.02412,545944.2
1786824000000,0.02412,0.02421,0.02398,0.02406,336780.8
1786838400000,0.02406,0.02418,0.02395,0.02398,144325.9
1786852800000,0.02398,0.02429,0.02392,0.02415,272564.9
1786867200000,0.02415,0.02415,0.02381,0.02385,814409.6
1786881600000,0.02385,0.02407,0.02376,0.02396,901636.7
1786896000000,0.02396,0.02401,0.02387,0.02388,239740.9
1786910400000,0.02388,0.0239,0.02339,0.02361,565321.8
1786924800000,0.02361,0.02396,0.02359,0.02386,448947.8
1786939200000,0.02386,0.024,0.02384,0.02388,285350.2
1786953600000,0.02388,0.0239,0.02364,0.02379,299501.9
1786968000000,0.02379,0.02383,0.02361,0.02379,241623.9
1786982400000,0.02379,0.02381,0.02366,0.02368,196477.7
1786996800000,0.02368,0.02382,0.02359,0.02361,1166935.3
1787011200000,0.02361,0.02363,0.02324,0.02335,462231.9
1787025600000,0.02335,0.02369,0.02331,0.02368,672646.0
1787040000000,0.02368,0.02377,0.02335,0.02336,676677.7
1787054400000,0.02336,0.02391,0.02315,0.02343,2374891.4
1787068800000,0.02343,0.02365,0.0234,0.02343,627166.9
1787083200000,0.02343,0.02353,0.02332,0.02346,534230.1
1787097600000,0.02346,0.02347,0.02332,0.02344,442526.6
1787112000000,0.02344,0.02345,0.0233,0.02338,157139.9
1787126400000,0.02338,0.02362,0.02338,0.02352,647996.6
1787140800000,0.02352,0.02452,0.02346,0.02411,2028260.8
1787155200000,0.02411,0.0247,0.02409,0.02466,2310535.6
1787169600000,0.02466,0.02563,0.02462,0.02503,2849979.8
1787184000000,0.02503,0.0254,0.02502,0.02537,249747.6
