time,open,high,low,close,volume
1708588800000,0.03409,0.03446,0.03402,0.03445,428231.67
1708603200000,0.03445,0.03484,0.03382,0.03438,3809357.53
1708617600000,0.03438,0.03466,0.034,0.03453,2559954.28
1708632000000,0.03453,0.03505,0.03445,0.03463,2342122.59
1708646400000,0.03463,0.03553,0.03463,0.03529,2466498.84
1708660800000,0.03529,0.04029,0.03485,0.03903,27441441.97
1708675200000,0.03903,0.03989,0.03725,0.03866,19343540.76
1708689600000,0.03866,0.04069,0.03756,0.0386,17143980.24
1708704000000,0.0386,0.04213,0.03799,0.04023,21881163.81
1708718400000,0.04023,0.04253,0.04007,0.04049,21435372.66
1708732800000,0.04049,0.04107,0.03917,0.04004,6662893.31
1708747200000,0.04004,0.04275,0.03965,0.04077,8333456.22
1708761600000,0.04077,0.04111,0.04005,0.0404,5938913.02
1708776000000,0.0404,0.04088,0.03958,0.0398,4465212.4
1708790400000,0.0398,0.04051,0.03974,0.04018,3428096.29
1708804800000,0.04018,0.04107,0.04004,0.04091,2520773.89
1708819200000,0.04091,0.04097,0.03862,0.03978,5324977.66
1708833600000,0.03978,0.03999,0.0392,0.03936,2020802.66
1708848000000,0.03936,0.03941,0.03893,0.03919,1436894.03
1708862400000,0.03919,0.03979,0.03893,0.03945,2398273.58
1708876800000,0.03945,0.04544,0.03928,0.04499,17058443.61
1708891200000,0.04499,0.04803,0.04445,0.04671,18730159.26
1708905600000,0.04671,0.04793,0.04559,0.04699,9718361.93
1708920000000,0.04699,0.04751,0.04494,0.04594,8822137.22
1708934400000,0.04594,0.04736,0.04527,0.04647,9132701.69
1708948800000,0.04647,0.05624,0.0463,0.0524,33603208.1
1708963200000,0.0524,0.05312,0.04921,0.05015,14683422.9
1708977600000,0.05015,0.05243,0.05003,0.05199,9460593.36
1708992000000,0.05199,0.0521,0.05089,0.05106,6917088.12
1709006400000,0.05106,0.05112,0.05025,0.05083,4428287.33
1709020800000,0.05083,0.05262,0.05059,0.05197,3912047.48
1709035200000,0.05197,0.05244,0.04918,0.0495,6093071.29
1709049600000,0.0495,0.05049,0.04654,0.04697,11888825.38
1709064000000,0.04697,0.04853,0.04696,0.04741,6438764.51
1709078400000,0.04741,0.04902,0.04721,0.04824,4794833.35
1709092800000,0.04824,0.04986,0.04796,0.0495,5794656.71
1709107200000,0.0495,0.05088,0.04911,0.04965,7457075.27
1709121600000,0.04965,0.05115,0.04856,0.05005,10587581.71
1709136000000,0.05005,0.05025,0.04568,0.04798,12443745.76
1709150400000,0.04798,0.04963,0.04756,0.04812,5509452.83
1709164800000,0.04812,0.04922,0.04656,0.04696,4900025.65
1709179200000,0.04696,0.04914,0.04684,0.04791,5124467.03
1709193600000,0.04791,0.04939,0.04742,0.04847,8075956.5
1709208000000,0.04847,0.04915,0.04732,0.04782,5727727.44
1709222400000,0.04782,0.04827,0.0463,0.04742,9438813.72
1709236800000,0.04742,0.04745,0.04522,0.04598,5857083.29
1709251200000,0.04598,0.0469,0.04594,0.04683,1938071.47
1709265600000,0.04683,0.04721,0.04644,0.04659,2039880.08
1709280000000,0.04659,0.04756,0.04658,0.04705,4853723.64
1709294400000,0.04705,0.0473,0.046,0.04604,5872968.31
1709308800000,0.04604,0.04702,0.04533,0.04625,8207468.59
1709323200000,0.04625,0.04693,0.04552,0.04634,5276501.14
1709337600000,0.04634,0.04709,0.04559,0.04592,3923682.78
1709352000000,0.04592,0.0466,0.04562,0.04578,5429623.81
1709366400000,0.04578,0.04614,0.04507,0.04507,7981369.29
1709380800000,0.04507,0.04651,0.04498,0.04547,7547439.29
1709395200000,0.04547,0.04756,0.04537,0.04663,4249126.25
1709409600000,0.04663,0.04678,0.04532,0.04603,4854250.64
1709424000000,0.04603,0.04664,0.0455,0.04651,2610610.06
1709438400000,0.04651,0.04696,0.04464,0.04525,4308001.41
1709452800000,0.04525,0.04602,0.04488,0.04527,5053970.16
1709467200000,0.04527,0.04551,0.04378,0.04473,9056034.27
1709481600000,0.04473,0.04498,0.0444,0.04487,4067965.28
1709496000000,0.04487,0.04519,0.04416,0.04425,3026838.67
1709510400000,0.04425,0.04507,0.0439,0.04438,2638336.2
1709524800000,0.04438,0.04448,0.04274,0.0438,6627352.86
1709539200000,0.0438,0.04422,0.0427,0.04367,9068137.45
1709553600000,0.04367,0.04368,0.04236,0.04316,7603153.57
1709568000000,0.04316,0.04328,0.0404,0.0423,12052262.37
1709582400000,0.0423,0.04233,0.04085,0.04146,2362515.0
1709596800000,0.04146,0.04162,0.03983,0.04041,3950972.42
1709611200000,0.04041,0.04291,0.04035,0.04167,7285394.8
1709625600000,0.04167,0.04507,0.04165,0.04337,8795405.02
1709640000000,0.04337,0.04377,0.04147,0.04147,5694066.99
1709654400000,0.04147,0.04156,0.03371,0.0361,13618148.31
1709668800000,0.0361,0.03944,0.03608,0.03904,16743409.98
1709683200000,0.03904,0.04052,0.03804,0.03835,5137868.68
1709697600000,0.03835,0.04052,0.03823,0.04041,4401277.68
1709712000000,0.04041,0.04067,0.03907,0.03973,3536838.53
1709726400000,0.03973,0.03989,0.0385,0.03939,4384311.88
1709740800000,0.03939,0.04028,0.03912,0.03999,3180617.02
1709755200000,0.03999,0.04134,0.03996,0.04075,4518905.37
1709769600000,0.04075,0.04219,0.04066,0.04126,5228231.23
1709784000000,0.04126,0.04179,0.04036,0.04129,3416943.7
1709798400000,0.04129,0.04136,0.04012,0.0407,2378915.15
1709812800000,0.0407,0.0411,0.04007,0.04096,2482754.98
1709827200000,0.04096,0.04124,0.04045,0.04088,2845075.66
1709841600000,0.04088,0.04217,0.04087,0.04193,3806603.16
1709856000000,0.04193,0.04209,0.0399,0.04018,3709909.3
1709870400000,0.04018,0.0413,0.04001,0.04119,3246266.55
1709884800000,0.04119,0.0414,0.04078,0.0411,2230598.81
1709899200000,0.0411,0.04237,0.04014,0.04051,8345944.36
1709913600000,0.04051,0.04157,0.03997,0.04106,4524449.79
1709928000000,0.04106,0.04185,0.04046,0.04126,2749236.52
1709942400000,0.04126,0.04148,0.0409,0.04144,1704132.54
1709956800000,0.04144,0.04144,0.04094,0.04129,1717390.11
1709971200000,0.04129,0.04215,0.04105,0.04162,3849364.08
1709985600000,0.04162,0.04172,0.04117,0.04123,2770139.2
1710000000000,0.04123,0.04134,0.0408,0.04082,2277424.11
1710014400000,0.04082,0.041,0.04061,0.041,1723480.73
1710028800000,0.041,0.04227,0.041,0.04224,4102306.58
1710043200000,0.04224,0.04387,0.04217,0.04324,8199994.57
1710057600000,0.04324,0.04335,0.04185,0.04209,3681439.4
1710072000000,0.04209,0.04325,0.04117,0.04121,5884989.86
1710086400000,0.04121,0.04188,0.04114,0.04129,2302895.35
1710100800000,0.04129,0.04137,0.0402,0.04094,2106016.68
1710115200000,0.04094,0.04215,0.03967,0.04101,5404544.99
1710129600000,0.04101,0.04204,0.04091,0.04182,2563912.21
1710144000000,0.04182,0.04234,0.0413,0.04131,4352605.9
1710158400000,0.04131,0.04146,0.04042,0.04048,5396308.73
1710172800000,0.04048,0.04253,0.04011,0.04047,10864158.6
1710187200000,0.04047,0.04107,0.04041,0.04098,2454460.23
1710201600000,0.04098,0.04119,0.04054,0.04055,1989040.65
1710216000000,0.04055,0.04101,0.03963,0.03992,4938672.62
1710230400000,0.03992,0.04028,0.03878,0.03974,7039890.2
1710244800000,0.03974,0.04028,0.03928,0.03952,4639470.39
1710259200000,0.03952,0.03964,0.03769,0.03923,8790010.53
1710273600000,0.03923,0.03931,0.03879,0.03889,3345119.64
1710288000000,0.03889,0.03938,0.03886,0.03919,4180822.95
1710302400000,0.03919,0.03921,0.03835,0.03914,3619441.96
1710316800000,0.03914,0.03997,0.03905,0.0392,5076046.38
1710331200000,0.0392,0.04028,0.03886,0.03914,4887709.11
1710345600000,0.03914,0.03992,0.03913,0.03986,2196798.61
1710360000000,0.03986,0.04017,0.03958,0.03961,2479297.68
1710374400000,0.03961,0.04155,0.03961,0.04051,5382115.77
1710388800000,0.04051,0.04057,0.03959,0.04016,6301604.55
1710403200000,0.04016,0.04027,0.03946,0.03966,3067619.22
1710417600000,0.03966,0.03979,0.03835,0.03874,4686386.32
1710432000000,0.03874,0.03914,0.03699,0.0375,4918767.54
1710446400000,0.0375,0.03887,0.03746,0.03843,3913601.35
1710460800000,0.03843,0.03897,0.03596,0.03656,8027134.26
1710475200000,0.03656,0.03705,0.03575,0.0367,4127527.46
1710489600000,0.0367,0.03673,0.03482,0.03558,6745927.01
1710504000000,0.03558,0.03667,0.03539,0.03622,5456450.56
1710518400000,0.03622,0.03687,0.03575,0.03587,3992482.17
1710532800000,0.03587,0.03678,0.0352,0.0366,4136393.44
1710547200000,0.0366,0.03689,0.03597,0.0362,5047286.57
1710561600000,0.0362,0.03659,0.03538,0.03648,3748788.8
1710576000000,0.03648,0.03665,0.03547,0.03569,3475800.52
1710590400000,0.03569,0.03599,0.03405,0.03452,7010016.32
1710604800000,0.03452,0.03454,0.03286,0.03296,7011121.86
1710619200000,0.03296,0.0333,0.03182,0.03242,5156803.91
1710633600000,0.03242,0.03378,0.03203,0.03369,4301790.0
1710648000000,0.03369,0.03376,0.03161,0.03239,3555662.25
1710662400000,0.03239,0.03395,0.03213,0.0335,4359000.61
1710676800000,0.0335,0.03404,0.03258,0.03391,4958541.7
1710691200000,0.03391,0.03423,0.03375,0.03419,3757087.13
1710705600000,0.03419,0.03908,0.03399,0.03598,13089358.38
1710720000000,0.03598,0.03599,0.03424,0.03516,7149386.42
1710734400000,0.03516,0.03572,0.03471,0.03499,3409901.51
1710748800000,0.03499,0.03499,0.03379,0.03451,3574442.32
1710763200000,0.03451,0.03451,0.03261,0.03344,4912858.0
1710777600000,0.03344,0.03353,0.03198,0.03244,6309858.99
1710792000000,0.03244,0.03302,0.03216,0.03238,5147189.6
1710806400000,0.03238,0.0324,0.03027,0.0309,6423339.92
1710820800000,0.0309,0.0311,0.02843,0.02977,11985786.84
1710835200000,0.02977,0.03117,0.02809,0.03087,12805330.44
1710849600000,0.03087,0.03277,0.03083,0.03204,9805026.14
1710864000000,0.03204,0.03456,0.03176,0.03302,10139118.52
1710878400000,0.03302,0.03364,0.03039,0.03088,12644824.42
1710892800000,0.03088,0.03141,0.03006,0.03022,5753011.42
1710907200000,0.03022,0.03158,0.02922,0.03133,5513699.63
1710921600000,0.03133,0.03241,0.03117,0.03225,4598630.36
1710936000000,0.03225,0.03298,0.03168,0.03173,3354695.68
1710950400000,0.03173,0.0329,0.0308,0.03266,5888057.45
1710964800000,0.03266,0.03442,0.03266,0.03384,4354216.96
1710979200000,0.03384,0.03462,0.03345,0.03375,3379988.89
1710993600000,0.03375,0.03389,0.03278,0.03367,2465801.36
1711008000000,0.03367,0.03419,0.03363,0.03397,2308631.81
1711022400000,0.03397,0.03413,0.03293,0.03318,4754320.72
1711036800000,0.03318,0.03375,0.03258,0.03318,3412456.34
1711051200000,0.03318,0.03364,0.03286,0.03356,2702657.53
1711065600000,0.03356,0.03391,0.03273,0.03385,2979636.72
1711080000000,0.03385,0.03392,0.03349,0.03363,2176001.85
1711094400000,0.03363,0.03394,0.03238,0.03245,3353830.38
1711108800000,0.03245,0.03271,0.03122,0.032,4996958.32
1711123200000,0.032,0.03216,0.03165,0.03194,2509278.01
1711137600000,0.03194,0.03199,0.03135,0.03199,1822659.79
1711152000000,0.03199,0.03255,0.03179,0.03221,1998921.83
1711166400000,0.03221,0.03316,0.03218,0.03295,1513839.69
1711180800000,0.03295,0.03392,0.03241,0.03336,9225993.15
1711195200000,0.03336,0.03418,0.03327,0.03384,6470811.63
1711209600000,0.03384,0.03396,0.03318,0.03341,4393131.47
1711224000000,0.03341,0.03365,0.03312,0.03313,3168943.11
1711238400000,0.03313,0.03389,0.03303,0.03305,2442689.74
1711252800000,0.03305,0.03332,0.03271,0.03306,2468487.54
1711267200000,0.03306,0.03357,0.03296,0.03312,1687113.14
1711281600000,0.03312,0.03477,0.03306,0.03449,12328727.63
1711296000000,0.03449,0.03475,0.03423,0.03431,2173430.31
1711310400000,0.03431,0.03669,0.03426,0.03612,5807574.65
1711324800000,0.03612,0.03794,0.03569,0.03588,9264593.6
1711339200000,0.03588,0.03625,0.03543,0.03546,2377169.68
1711353600000,0.03546,0.03732,0.03545,0.03578,6722824.83
1711368000000,0.03578,0.03762,0.03571,0.03751,6541656.58
1711382400000,0.03751,0.03829,0.03724,0.03776,5914637.96
1711396800000,0.03776,0.03808,0.03696,0.03775,3739106.22
1711411200000,0.03775,0.03837,0.03726,0.03745,4172447.12
1711425600000,0.03745,0.03818,0.03726,0.03731,4239451.55
1711440000000,0.03731,0.0376,0.03709,0.03733,2556150.12
1711454400000,0.03733,0.0376,0.03643,0.03715,7224599.13
1711468800000,0.03715,0.03738,0.03605,0.03605,4111835.03
1711483200000,0.03605,0.03685,0.03603,0.0367,1629169.97
1711497600000,0.0367,0.03759,0.03645,0.03682,2083368.27
1711512000000,0.03682,0.03703,0.03568,0.0357,1988217.68
1711526400000,0.0357,0.03585,0.03509,0.03565,4390996.76
1711540800000,0.03565,0.03583,0.03381,0.03417,9851830.85
1711555200000,0.03417,0.03442,0.03391,0.03406,3701713.71
1711569600000,0.03406,0.03432,0.03388,0.03413,2827690.09
1711584000000,0.03413,0.03442,0.03372,0.03399,3547768.43
1711598400000,0.03399,0.03491,0.03393,0.03486,2760314.62
1711612800000,0.03486,0.03501,0.03451,0.03456,4169063.97
1711627200000,0.03456,0.03526,0.03449,0.03514,4052012.75
1711641600000,0.03514,0.0358,0.03502,0.03557,3261843.54
1711656000000,0.03557,0.03585,0.03537,0.03569,2395153.32
1711670400000,0.03569,0.0358,0.03504,0.03521,2153164.99
1711684800000,0.03521,0.03524,0.03399,0.0342,4175625.4
1711699200000,0.0342,0.03501,0.03409,0.03487,2285856.6
1711713600000,0.03487,0.03559,0.03385,0.03402,6237141.91
1711728000000,0.03402,0.03428,0.03356,0.03377,3249384.28
1711742400000,0.03377,0.03423,0.03362,0.03409,2196714.73
1711756800000,0.03409,0.03476,0.03393,0.03421,2177881.05
1711771200000,0.03421,0.03466,0.03411,0.03412,941030.79
1711785600000,0.03412,0.03484,0.03405,0.03471,1612125.98
1711800000000,0.03471,0.035,0.0345,0.03456,1736651.33
1711814400000,0.03456,0.03845,0.03456,0.03842,17571624.28
1711828800000,0.03842,0.03899,0.03531,0.03822,31974366.71
1711843200000,0.03822,0.03822,0.03647,0.03681,9676260.07
1711857600000,0.03681,0.03772,0.03669,0.03741,4834343.91
1711872000000,0.03741,0.04176,0.03726,0.04091,15558092.63
1711886400000,0.04091,0.04526,0.04037,0.041,43300690.5
1711900800000,0.041,0.043,0.03974,0.0398,23826573.43
1711915200000,0.0398,0.04089,0.0398,0.04072,11011429.34
1711929600000,0.04072,0.04099,0.04009,0.04017,5403369.96
1711944000000,0.04017,0.04032,0.03869,0.0391,8165938.71
1711958400000,0.0391,0.03968,0.03799,0.03819,5571408.63
1711972800000,0.03819,0.03886,0.03718,0.03747,6715700.89
1711987200000,0.03747,0.03763,0.03663,0.03737,5317625.81
1712001600000,0.03737,0.0374,0.03636,0.0369,5201563.09
1712016000000,0.0369,0.03695,0.03486,0.0355,6263574.93
1712030400000,0.0355,0.03572,0.03485,0.03528,3153223.15
1712044800000,0.03528,0.03542,0.03386,0.03417,5669738.07
1712059200000,0.03417,0.03542,0.03382,0.0348,5606614.39
1712073600000,0.0348,0.03855,0.03471,0.03815,18659064.49
1712088000000,0.03815,0.04333,0.03801,0.04085,36735039.8
1712102400000,0.04085,0.04206,0.0388,0.0395,15629003.12
1712116800000,0.0395,0.03994,0.0383,0.03942,8277660.27
1712131200000,0.03942,0.04593,0.03915,0.04428,48349061.81
1712145600000,0.04428,0.04638,0.04137,0.04419,21438162.9
1712160000000,0.04419,0.04424,0.04058,0.04173,13446362.23
1712174400000,0.04173,0.04229,0.0393,0.04092,11960454.51
1712188800000,0.04092,0.0413,0.03939,0.03946,5206869.28
1712203200000,0.03946,0.04212,0.03892,0.04109,2294777.74
1712217600000,0.04109,0.04119,0.03931,0.03977,2049693.86
1712232000000,0.03977,0.03997,0.03893,0.039,2069831.63
1712246400000,0.039,0.04017,0.03813,0.03822,1772594.25
1712260800000,0.03822,0.03895,0.03776,0.0388,1442123.36
1712275200000,0.0388,0.04007,0.03827,0.03995,1275699.08
1712289600000,0.03995,0.04091,0.03765,0.03884,3221922.41
1712304000000,0.03884,0.03924,0.03802,0.03826,2296976.98
1712318400000,0.03826,0.03938,0.03789,0.03862,2367951.28
1712332800000,0.03862,0.03913,0.03795,0.03853,1895583.1
1712347200000,0.03853,0.03941,0.03825,0.03903,1532566.13
1712361600000,0.03903,0.04045,0.03796,0.04036,2076674.37
1712376000000,0.04036,0.04337,0.03982,0.04214,3196296.5
1712390400000,0.04214,0.04515,0.04198,0.045,5138202.53
1712404800000,0.045,0.04728,0.04175,0.04331,9599279.32
1712419200000,0.04331,0.04381,0.04206,0.04206,2711102.58
1712433600000,0.04206,0.0424,0.04122,0.04136,1181992.54
1712448000000,0.04136,0.04165,0.04053,0.04137,1826999.8
1712462400000,0.04137,0.04153,0.0409,0.04124,1220910.81
1712476800000,0.04124,0.0416,0.04094,0.04145,1114394.77
1712491200000,0.04145,0.04476,0.04135,0.04276,4427738.38
1712505600000,0.04276,0.04283,0.04132,0.04136,1753726.94
1712520000000,0.04136,0.04172,0.04101,0.04105,712400.77
1712534400000,0.04105,0.04127,0.04044,0.04091,848518.13
1712548800000,0.04091,0.04195,0.04075,0.04121,911250.75
1712563200000,0.04121,0.04218,0.04116,0.04201,1705992.71
1712577600000,0.04201,0.04205,0.04113,0.04139,1116138.7
1712592000000,0.04139,0.04153,0.04051,0.04119,1499709.16
1712606400000,0.04119,0.04147,0.04095,0.04098,560557.62
1712620800000,0.04098,0.04131,0.04052,0.04058,1029362.37
1712635200000,0.04058,0.04121,0.04048,0.04059,847181.29
1712649600000,0.04059,0.04086,0.03986,0.0404,789074.3
1712664000000,0.0404,0.0405,0.03875,0.03921,1171840.79
1712678400000,0.03921,0.03991,0.03903,0.03986,719699.4
1712692800000,0.03986,0.04024,0.03947,0.03969,567311.55
1712707200000,0.03969,0.04027,0.03912,0.03988,1114166.19
1712721600000,0.03988,0.04024,0.03919,0.03926,1160079.28
1712736000000,0.03926,0.03967,0.03907,0.03964,773858.3
1712750400000,0.03964,0.03964,0.03761,0.0383,2568538.97
1712764800000,0.0383,0.03931,0.03827,0.039,951836.64
1712779200000,0.039,0.03935,0.03867,0.03892,981384.51
1712793600000,0.03892,0.03913,0.03825,0.03843,712698.65
1712808000000,0.03843,0.03873,0.03801,0.03846,741778.06
1712822400000,0.03846,0.039,0.03761,0.03769,1068098.37
1712836800000,0.03769,0.03848,0.03746,0.0378,1157210.49
1712851200000,0.0378,0.03808,0.0375,0.03775,625580.52
1712865600000,0.03775,0.03786,0.03733,0.0375,656532.43
1712880000000,0.0375,0.03772,0.03555,0.03769,2480945.26
1712894400000,0.03769,0.03776,0.03682,0.03694,606846.24
1712908800000,0.03694,0.03697,0.03641,0.03675,597905.93
1712923200000,0.03675,0.03676,0.03523,0.03541,1165938.32
1712937600000,0.03541,0.03546,0.02828,0.03268,7801303.79
1712952000000,0.03268,0.03501,0.03268,0.03421,3023831.74
1712966400000,0.03421,0.03462,0.03241,0.0329,2045634.74
1712980800000,0.0329,0.03301,0.0326,0.03267,864224.03
1712995200000,0.03267,0.03325,0.03225,0.03295,947244.43
1713009600000,0.03295,0.0337,0.03275,0.03353,883517.29
1713024000000,0.03353,0.03366,0.03014,0.03081,3766508.33
1713038400000,0.03081,0.03262,0.02781,0.03209,6488601.06
1713052800000,0.03209,0.03367,0.03161,0.03234,3934213.74
1713067200000,0.03234,0.03562,0.03183,0.03539,2272778.27
1713081600000,0.03539,0.03573,0.03335,0.0336,1977366.79
1713096000000,0.0336,0.03397,0.03215,0.03247,1565571.49
1713110400000,0.03247,0.03304,0.0314,0.03225,1938875.22
1713124800000,0.03225,0.03426,0.03225,0.03361,1271950.64
1713139200000,0.03361,0.03394,0.03304,0.03351,682323.05
1713153600000,0.03351,0.03533,0.03344,0.03484,1217423.42
1713168000000,0.03484,0.03502,0.03406,0.03429,1019672.17
1713182400000,0.03429,0.03448,0.03218,0.03305,1965652.34
1713196800000,0.03305,0.03319,0.03114,0.03209,2127037.35
1713211200000,0.03209,0.0331,0.03166,0.03233,1317882.45
1713225600000,0.03233,0.03276,0.03175,0.03225,1086634.63
1713240000000,0.03225,0.03307,0.03124,0.03264,1087417.86
1713254400000,0.03264,0.03278,0.03153,0.03211,1072430.71
1713268800000,0.03211,0.03214,0.03049,0.03065,1443502.21
1713283200000,0.03065,0.03198,0.03026,0.03161,1068205.34
1713297600000,0.03161,0.03206,0.03151,0.03154,607435.8
1713312000000,0.03154,0.03182,0.03133,0.03178,429746.16
1713326400000,0.03178,0.03234,0.03164,0.03204,562998.66
1713340800000,0.03204,0.03235,0.03119,0.03121,436299.45
1713355200000,0.03121,0.03171,0.03054,0.03105,1414293.56
1713369600000,0.03105,0.0331,0.0307,0.03254,1827228.69
1713384000000,0.03254,0.03273,0.03165,0.03187,476738.24
1713398400000,0.03187,0.03252,0.03132,0.03246,644010.29
1713412800000,0.03246,0.03261,0.03111,0.03127,520740.74
1713427200000,0.03127,0.03241,0.03103,0.03205,662736.73
1713441600000,0.03205,0.03283,0.03171,0.03253,1036247.17
1713456000000,0.03253,0.03282,0.03171,0.03243,964654.02
1713470400000,0.03243,0.03256,0.03196,0.032,670240.51
1713484800000,0.032,0.03219,0.03069,0.03157,1632139.05
1713499200000,0.03157,0.03191,0.03102,0.03161,1077641.12
1713513600000,0.03161,0.03243,0.03158,0.03221,867353.49
1713528000000,0.03221,0.03263,0.03204,0.03212,705093.86
1713542400000,0.03212,0.03218,0.03163,0.0321,468868.83
1713556800000,0.0321,0.03242,0.03144,0.03225,1395651.63
1713571200000,0.03225,0.03279,0.03198,0.03274,709771.87
1713585600000,0.03274,0.03416,0.0327,0.03385,489330.73
1713600000000,0.03385,0.03438,0.03265,0.0328,1105817.65
1713614400000,0.0328,0.03293,0.03237,0.03293,734988.6
1713628800000,0.03293,0.03335,0.03269,0.03311,829608.27
1713643200000,0.03311,0.03477,0.03308,0.03406,1919233.23
1713657600000,0.03406,0.03462,0.03373,0.03429,790333.94
1713672000000,0.03429,0.03437,0.03391,0.03409,397043.43
1713686400000,0.03409,0.03423,0.03333,0.03364,715228.76
1713700800000,0.03364,0.03422,0.03344,0.03396,555490.11
1713715200000,0.03396,0.03396,0.03319,0.03337,620283.38
1713729600000,0.03337,0.0337,0.03324,0.03364,215701.21
1713744000000,0.03364,0.03407,0.03324,0.034,446925.4
1713758400000,0.034,0.03408,0.03357,0.03378,835165.98
1713772800000,0.03378,0.03379,0.03337,0.03345,536248.68
1713787200000,0.03345,0.03354,0.03286,0.03308,1130754.78
1713801600000,0.03308,0.03317,0.03253,0.03302,741168.82
1713816000000,0.03302,0.03308,0.03271,0.03284,484238.42
1713830400000,0.03284,0.03322,0.03276,0.03283,708053.27
1713844800000,0.03283,0.03292,0.03173,0.03192,605626.14
1713859200000,0.03192,0.03227,0.0319,0.03225,449971.12
1713873600000,0.03225,0.0329,0.03207,0.03256,544750.14
1713888000000,0.03256,0.03289,0.03212,0.03246,968675.76
1713902400000,0.03246,0.03246,0.03195,0.03203,183993.51
1713916800000,0.03203,0.03235,0.03186,0.03204,420988.8
1713931200000,0.03204,0.03255,0.03201,0.03223,462306.24
1713945600000,0.03223,0.0325,0.03203,0.03241,364337.26
1713960000000,0.03241,0.03246,0.03108,0.0311,1059017.12
1713974400000,0.0311,0.0315,0.031,0.0312,490895.0
1713988800000,0.0312,0.03131,0.03055,0.03089,1420852.93
1714003200000,0.03089,0.03089,0.03026,0.03041,606287.09
1714017600000,0.03041,0.03077,0.03028,0.03062,409584.23
1714032000000,0.03062,0.03068,0.03001,0.03045,402512.84
1714046400000,0.03045,0.03084,0.03021,0.03053,793276.92
1714060800000,0.03053,0.0308,0.03044,0.0308,364861.33
1714075200000,0.0308,0.03127,0.03076,0.03091,356799.58
1714089600000,0.03091,0.03115,0.03047,0.03085,642005.07
1714104000000,0.03085,0.0309,0.03041,0.03044,464949.18
1714118400000,0.03044,0.03083,0.03038,0.03063,255650.31
1714132800000,0.03063,0.0311,0.03026,0.03096,694283.01
1714147200000,0.03096,0.03243,0.03081,0.03168,1358284.52
1714161600000,0.03168,0.03173,0.03108,0.03125,491374.76
1714176000000,0.03125,0.03126,0.03004,0.03026,679443.88
1714190400000,0.03026,0.03052,0.03004,0.03005,237257.03
1714204800000,0.03005,0.03019,0.02973,0.0299,210669.87
1714219200000,0.0299,0.03051,0.02987,0.03028,316529.06
1714233600000,0.03028,0.03083,0.03013,0.03047,498958.16
1714248000000,0.03047,0.03104,0.03043,0.03088,280717.37
1714262400000,0.03088,0.0316,0.03088,0.03142,288916.36
1714276800000,0.03142,0.0315,0.03122,0.03145,182597.63
1714291200000,0.03145,0.03148,0.03097,0.031,280137.43
1714305600000,0.031,0.03104,0.03069,0.03072,428286.16
1714320000000,0.03072,0.03105,0.03072,0.0308,543170.94
1714334400000,0.0308,0.03081,0.02991,0.03009,359256.05
1714348800000,0.03009,0.03041,0.02961,0.02962,716370.92
1714363200000,0.02962,0.03015,0.02954,0.02994,518022.45
1714377600000,0.02994,0.02995,0.02933,0.02958,950111.5
1714392000000,0.02958,0.03031,0.02936,0.03018,663846.44
1714406400000,0.03018,0.03022,0.0297,0.03006,424690.71
1714420800000,0.03006,0.03022,0.02973,0.02994,328240.28
1714435200000,0.02994,0.03049,0.02953,0.03023,384772.59
1714449600000,0.03023,0.03035,0.02918,0.02925,318843.65
1714464000000,0.02925,0.02943,0.02783,0.02825,1248031.09
1714478400000,0.02825,0.02828,0.02723,0.02744,1698025.34
1714492800000,0.02744,0.02806,0.02703,0.02728,1115762.37
1714507200000,0.02728,0.02869,0.02728,0.02867,685828.59
1714521600000,0.02867,0.02918,0.02826,0.02879,808720.03
1714536000000,0.02879,0.02916,0.02744,0.02745,814641.13
1714550400000,0.02745,0.03053,0.02724,0.02956,4062658.16
1714564800000,0.02956,0.02957,0.02796,0.02829,1769954.32
1714579200000,0.02829,0.02998,0.02796,0.02928,1962639.85
1714593600000,0.02928,0.03009,0.02914,0.02973,666153.29
1714608000000,0.02973,0.02995,0.02885,0.02905,685591.03
1714622400000,0.02905,0.02968,0.02867,0.02915,534313.85
1714636800000,0.02915,0.02988,0.02892,0.02977,636101.18
1714651200000,0.02977,0.03064,0.02962,0.03052,843706.43
1714665600000,0.03052,0.03184,0.03045,0.03096,1134006.52
1714680000000,0.03096,0.03104,0.03024,0.03056,725639.66
1714694400000,0.03056,0.03105,0.03034,0.03088,500389.56
1714708800000,0.03088,0.03104,0.03027,0.03039,464399.78
1714723200000,0.03039,0.03063,0.03,0.03016,954440.37
1714737600000,0.03016,0.03147,0.03007,0.03117,1729746.54
1714752000000,0.03117,0.0316,0.03117,0.03136,615376.68
1714766400000,0.03136,0.03165,0.03121,0.03121,310553.28
1714780800000,0.03121,0.03139,0.03025,0.03074,1593858.4
1714795200000,0.03074,0.03105,0.0307,0.03095,284502.59
1714809600000,0.03095,0.03181,0.03095,0.03162,587204.13
1714824000000,0.03162,0.0317,0.03136,0.03152,295174.69
1714838400000,0.03152,0.03161,0.03134,0.03143,392321.96
1714852800000,0.03143,0.03149,0.0308,0.03082,310493.52
1714867200000,0.03082,0.03094,0.03014,0.03051,387119.96
1714881600000,0.03051,0.03067,0.03038,0.03062,148962.26
1714896000000,0.03062,0.03095,0.03053,0.03063,508918.88
1714910400000,0.03063,0.03112,0.03045,0.03102,443585.5
1714924800000,0.03102,0.03105,0.03069,0.03075,344175.43
1714939200000,0.03075,0.03086,0.03064,0.03074,116356.65
1714953600000,0.03074,0.03119,0.03069,0.03077,304920.3
1714968000000,0.03077,0.03123,0.03071,0.0312,412080.89
1714982400000,0.0312,0.03138,0.03037,0.03053,1033493.05
1714996800000,0.03053,0.03057,0.0298,0.03021,724172.88
1715011200000,0.03021,0.03021,0.02983,0.03006,302090.39
1715025600000,0.03006,0.03019,0.02973,0.02975,193450.2
1715040000000,0.02975,0.02999,0.02926,0.02962,327876.51
1715054400000,0.02962,0.02993,0.02955,0.0299,300808.09
1715068800000,0.0299,0.0302,0.02949,0.02957,324084.87
1715083200000,0.02957,0.02993,0.02919,0.02979,776785.46
1715097600000,0.02979,0.02998,0.02953,0.02979,251468.82
1715112000000,0.02979,0.02981,0.02858,0.0287,529109.56
1715126400000,0.0287,0.02892,0.02832,0.02872,760752.54
1715140800000,0.02872,0.02889,0.02845,0.02854,333528.08
1715155200000,0.02854,0.02904,0.02835,0.02877,678211.33
1715169600000,0.02877,0.02886,0.02834,0.02879,590358.36
1715184000000,0.02879,0.02883,0.0282,0.02843,485139.01
1715198400000,0.02843,0.02853,0.02769,0.02811,833802.43
1715212800000,0.02811,0.02857,0.0281,0.02855,189228.26
1715227200000,0.02855,0.02883,0.02802,0.02804,351855.42
1715241600000,0.02804,0.02842,0.02777,0.02828,416928.55
1715256000000,0.02828,0.03101,0.02811,0.02968,4361908.22
1715270400000,0.02968,0.02989,0.02899,0.02906,690690.99
1715284800000,0.02906,0.02991,0.02894,0.02959,996932.52
1715299200000,0.02959,0.02971,0.02922,0.02944,594559.87
1715313600000,0.02944,0.02963,0.02929,0.02952,343266.51
1715328000000,0.02952,0.03022,0.02919,0.03008,1446686.77
1715342400000,0.03008,0.03029,0.02819,0.02851,1726643.17
1715356800000,0.02851,0.02873,0.02824,0.02835,672417.55
1715371200000,0.02835,0.02842,0.02807,0.02824,388357.28
1715385600000,0.02824,0.02851,0.02787,0.02834,666953.83
1715400000000,0.02834,0.02869,0.02831,0.02851,262388.81
1715414400000,0.02851,0.02867,0.02828,0.02839,367389.39
1715428800000,0.02839,0.02869,0.02809,0.02817,1072984.68
1715443200000,0.02817,0.02828,0.02793,0.02799,245578.21
1715457600000,0.02799,0.02823,0.02787,0.02812,271946.33
1715472000000,0.02812,0.02814,0.02761,0.02798,561579.28
1715486400000,0.02798,0.02799,0.0278,0.02785,247736.97
1715500800000,0.02785,0.02824,0.02767,0.02792,436355.61
1715515200000,0.02792,0.028,0.02778,0.02795,366599.32
1715529600000,0.02795,0.02825,0.02768,0.02773,342946.4
1715544000000,0.02773,0.02801,0.0276,0.02786,392130.2
1715558400000,0.02786,0.02801,0.02696,0.02712,980322.03
1715572800000,0.02712,0.02779,0.02702,0.02772,595308.33
1715587200000,0.02772,0.02817,0.02772,0.02796,466279.49
1715601600000,0.02796,0.02798,0.02768,0.02782,501971.06
1715616000000,0.02782,0.028,0.02698,0.02734,839688.56
1715630400000,0.02734,0.02739,0.02706,0.02712,241611.47
1715644800000,0.02712,0.02732,0.02701,0.02705,664266.73
1715659200000,0.02705,0.0274,0.02674,0.02702,513018.0
1715673600000,0.02702,0.02702,0.02662,0.02665,380999.1
1715688000000,0.02665,0.02679,0.02602,0.02622,1235581.42
1715702400000,0.02622,0.02628,0.02595,0.02615,608597.65
1715716800000,0.02615,0.02619,0.02568,0.02579,391553.96
1715731200000,0.02579,0.02662,0.02579,0.02651,1120132.8
1715745600000,0.02651,0.0267,0.02638,0.02667,339376.73
1715760000000,0.02667,0.0272,0.02639,0.02692,568345.13
1715774400000,0.02692,0.02773,0.0267,0.02768,1976852.73
1715788800000,0.02768,0.02795,0.02721,0.02746,1254170.7
1715803200000,0.02746,0.02791,0.02738,0.02761,995082.67
1715817600000,0.02761,0.02799,0.02745,0.02794,722916.47
1715832000000,0.02794,0.02799,0.02775,0.02797,198898.57
1715846400000,0.02797,0.02829,0.02777,0.02816,616865.05
1715860800000,0.02816,0.02828,0.02768,0.02811,773034.36
1715875200000,0.02811,0.02934,0.02805,0.02855,1913547.07
1715889600000,0.02855,0.02858,0.0276,0.02805,1264167.3
1715904000000,0.02805,0.02806,0.02735,0.02737,551489.65
1715918400000,0.02737,0.02774,0.02689,0.02761,929578.98
1715932800000,0.02761,0.02769,0.02709,0.02745,1031372.12
1715947200000,0.02745,0.02843,0.02741,0.02841,1004890.23
1715961600000,0.02841,0.02897,0.02764,0.02829,1332709.28
1715976000000,0.02829,0.02839,0.02816,0.0282,337742.69
1715990400000,0.0282,0.02839,0.02813,0.02835,485843.49
1716004800000,0.02835,0.02839,0.02827,0.02832,216664.77
1716019200000,0.02832,0.02873,0.0283,0.02855,424711.33
1716033600000,0.02855,0.02866,0.02756,0.02775,595352.24
1716048000000,0.02775,0.02779,0.02761,0.02772,261263.16
1716062400000,0.02772,0.02799,0.02765,0.02798,206788.25
1716076800000,0.02798,0.02826,0.02773,0.02824,317795.84
1716091200000,0.02824,0.02825,0.02792,0.02795,213628.19
1716105600000,0.02795,0.02851,0.02774,0.02807,862382.01
1716120000000,0.02807,0.02811,0.02756,0.02778,743249.66
1716134400000,0.02778,0.02778,0.02731,0.02737,357976.16
1716148800000,0.02737,0.02745,0.02691,0.02698,402714.6
1716163200000,0.02698,0.02709,0.02648,0.02706,408324.82
1716177600000,0.02706,0.02769,0.02703,0.0275,594713.72
1716192000000,0.0275,0.02756,0.02708,0.0271,343867.37
1716206400000,0.0271,0.02736,0.02688,0.02736,346240.83
1716220800000,0.02736,0.02823,0.02736,0.02814,665105.85
1716235200000,0.02814,0.02858,0.02803,0.02836,1114222.3
1716249600000,0.02836,0.02878,0.02808,0.02838,520698.6
1716264000000,0.02838,0.02852,0.02817,0.02847,275361.88
1716278400000,0.02847,0.02908,0.02835,0.02891,709260.71
1716292800000,0.02891,0.02909,0.02825,0.02826,561935.99
1716307200000,0.02826,0.02873,0.02807,0.02832,893602.01
1716321600000,0.02832,0.02857,0.02811,0.02854,305239.82
1716336000000,0.02854,0.02897,0.02839,0.0285,715516.68
1716350400000,0.0285,0.02945,0.02814,0.0288,794376.91
1716364800000,0.0288,0.0294,0.02873,0.02908,738295.32
1716379200000,0.02908,0.02913,0.02813,0.02882,1448632.12
1716393600000,0.02882,0.0291,0.02806,0.02819,624984.17
1716408000000,0.02819,0.02852,0.02792,0.02827,686046.03
1716422400000,0.02827,0.02878,0.02824,0.02861,411555.11
1716436800000,0.02861,0.02861,0.02824,0.02836,243480.04
1716451200000,0.02836,0.02836,0.02789,0.02826,873769.57
1716465600000,0.02826,0.02844,0.02691,0.02761,1840101.35
1716480000000,0.02761,0.02761,0.0269,0.02708,622521.99
1716494400000,0.02708,0.02765,0.02615,0.02742,1365658.01
1716508800000,0.02742,0.02765,0.02731,0.02759,323366.06
1716523200000,0.02759,0.02777,0.0267,0.02712,817822.22
1716537600000,0.02712,0.0274,0.02683,0.02738,382235.1
1716552000000,0.02738,0.02784,0.02711,0.02726,750427.91
1716566400000,0.02726,0.02735,0.02701,0.02735,506910.99
1716580800000,0.02735,0.02783,0.02717,0.0278,336529.0
1716595200000,0.0278,0.02819,0.02768,0.02819,555067.19
1716609600000,0.02819,0.0288,0.02813,0.02815,559371.32
1716624000000,0.02815,0.02821,0.02777,0.02783,358433.56
1716638400000,0.02783,0.02791,0.02759,0.02773,426291.35
1716652800000,0.02773,0.02781,0.02726,0.02745,693868.31
1716667200000,0.02745,0.0277,0.02735,0.02764,260867.8
1716681600000,0.02764,0.02799,0.02756,0.02791,419457.93
1716696000000,0.02791,0.02798,0.02769,0.0277,306941.73
1716710400000,0.0277,0.02777,0.02739,0.0275,374566.82
1716724800000,0.0275,0.02752,0.02711,0.02724,702942.65
1716739200000,0.02724,0.02728,0.02702,0.02726,571206.2
1716753600000,0.02726,0.02735,0.02705,0.02723,238527.29
1716768000000,0.02723,0.02774,0.02721,0.02752,267706.51
1716782400000,0.02752,0.02758,0.02712,0.02726,223908.29
1716796800000,0.02726,0.02851,0.02717,0.02793,1386774.89
1716811200000,0.02793,0.02827,0.02744,0.02784,2154101.49
1716825600000,0.02784,0.02843,0.02781,0.02803,1172376.52
1716840000000,0.02803,0.02811,0.02779,0.02783,388752.52
1716854400000,0.02783,0.02794,0.0273,0.02747,667725.77
1716868800000,0.02747,0.02756,0.02709,0.02724,667994.41
1716883200000,0.02724,0.02759,0.02721,0.02744,341973.51
1716897600000,0.02744,0.02745,0.0271,0.02744,568050.07
1716912000000,0.02744,0.02793,0.02716,0.02781,840221.25
1716926400000,0.02781,0.02782,0.02749,0.02767,255514.08
1716940800000,0.02767,0.02767,0.02735,0.02738,452480.77
1716955200000,0.02738,0.02814,0.02736,0.02785,1350700.84
1716969600000,0.02785,0.02947,0.02769,0.02857,2922285.75
1716984000000,0.02857,0.02869,0.02747,0.0275,1757015.59
1716998400000,0.0275,0.02783,0.02736,0.02747,725468.41
1717012800000,0.02747,0.0277,0.02742,0.0276,389773.76
1717027200000,0.0276,0.02833,0.02758,0.02833,752928.66
1717041600000,0.02833,0.02846,0.02702,0.02725,935834.67
1717056000000,0.02725,0.02745,0.02701,0.02728,935143.14
1717070400000,0.02728,0.02782,0.0272,0.0278,596578.99
1717084800000,0.0278,0.02836,0.02768,0.02786,1044200.92
1717099200000,0.02786,0.02786,0.02755,0.0276,324885.83
1717113600000,0.0276,0.0276,0.02728,0.02743,373951.13
1717128000000,0.02743,0.02761,0.02723,0.02743,476448.67
1717142400000,0.02743,0.02781,0.02743,0.02773,616412.66
1717156800000,0.02773,0.02802,0.02705,0.02712,1107122.52
1717171200000,0.02712,0.02742,0.02694,0.02734,579329.69
1717185600000,0.02734,0.02742,0.02718,0.02728,270029.15
1717200000000,0.02728,0.02731,0.02714,0.02722,608573.5
1717214400000,0.02722,0.02739,0.02708,0.0271,403814.97
1717228800000,0.0271,0.0272,0.02702,0.0271,282163.41
1717243200000,0.0271,0.02734,0.02704,0.0271,700342.92
1717257600000,0.0271,0.02713,0.02702,0.02709,284595.91
1717272000000,0.02709,0.0272,0.02696,0.02704,338083.39
1717286400000,0.02704,0.02716,0.02682,0.02715,527794.5
1717300800000,0.02715,0.0273,0.02714,0.02724,344072.5
1717315200000,0.02724,0.02748,0.02708,0.02745,555239.41
1717329600000,0.02745,0.02747,0.02709,0.02722,609377.46
1717344000000,0.02722,0.02767,0.02693,0.02767,502780.4
1717358400000,0.02767,0.02959,0.02767,0.02925,5781578.19
1717372800000,0.02925,0.02971,0.02843,0.02964,2101773.3
1717387200000,0.02964,0.02968,0.02801,0.02803,1979960.78
1717401600000,0.02803,0.02841,0.02777,0.0284,1128462.3
1717416000000,0.0284,0.02884,0.02789,0.02873,1315438.34
1717430400000,0.02873,0.0291,0.02849,0.02882,1177558.87
1717444800000,0.02882,0.02882,0.02836,0.02863,600367.86
1717459200000,0.02863,0.02933,0.02849,0.02913,1365279.58
1717473600000,0.02913,0.02924,0.02828,0.02846,867326.24
1717488000000,0.02846,0.02861,0.02804,0.02848,1212534.84
1717502400000,0.02848,0.02929,0.02831,0.02887,1756048.05
1717516800000,0.02887,0.02889,0.02822,0.02827,685744.2
1717531200000,0.02827,0.02842,0.02807,0.02841,638853.27
1717545600000,0.02841,0.0293,0.02828,0.02852,837520.07
1717560000000,0.02852,0.0287,0.02823,0.02835,522828.6
1717574400000,0.02835,0.0287,0.02832,0.02845,513364.72
1717588800000,0.02845,0.02888,0.02823,0.02859,1035581.59
1717603200000,0.02859,0.02882,0.02833,0.02863,638613.35
1717617600000,0.02863,0.02904,0.02849,0.02869,1134064.39
1717632000000,0.02869,0.02881,0.02835,0.02851,776816.53
1717646400000,0.02851,0.02917,0.0285,0.0288,1210134.34
1717660800000,0.0288,0.03115,0.02856,0.03037,4653866.99
1717675200000,0.03037,0.03246,0.03022,0.03103,6516724.74
1717689600000,0.03103,0.03117,0.03039,0.03044,2374859.93
1717704000000,0.03044,0.0306,0.03,0.03006,1234099.79
1717718400000,0.03006,0.03031,0.0296,0.03003,2202835.27
1717732800000,0.03003,0.03019,0.02968,0.02986,1013492.83
1717747200000,0.02986,0.03116,0.02975,0.03048,1780318.54
1717761600000,0.03048,0.03059,0.02975,0.03001,2223980.37
1717776000000,0.03001,0.03006,0.02479,0.02763,6071187.48
1717790400000,0.02763,0.02816,0.02742,0.02806,1164029.19
1717804800000,0.02806,0.0286,0.02775,0.0285,764830.68
1717819200000,0.0285,0.02926,0.02841,0.02872,2217783.7
1717833600000,0.02872,0.02881,0.02762,0.02764,1490836.31
1717848000000,0.02764,0.02793,0.0272,0.02751,1464044.78
1717862400000,0.02751,0.02756,0.02701,0.02716,632245.0
1717876800000,0.02716,0.02766,0.02689,0.02762,724910.26
1717891200000,0.02762,0.02766,0.02691,0.02705,482400.36
1717905600000,0.02705,0.02729,0.02689,0.02716,333105.11
1717920000000,0.02716,0.02796,0.02708,0.02781,685626.34
1717934400000,0.02781,0.02782,0.0269,0.02697,1174452.86
1717948800000,0.02697,0.0274,0.02685,0.02736,646815.91
1717963200000,0.02736,0.0274,0.02703,0.02714,585256.02
1717977600000,0.02714,0.02735,0.02692,0.02709,374312.12
1717992000000,0.02709,0.02726,0.02695,0.02706,591093.95
1718006400000,0.02706,0.02723,0.02693,0.02716,570294.2
1718020800000,0.02716,0.02997,0.02693,0.02936,3424423.22
1718035200000,0.02936,0.02973,0.0277,0.02773,3403745.52
1718049600000,0.02773,0.02798,0.02727,0.02775,1123326.34
1718064000000,0.02775,0.02788,0.02692,0.02764,1633428.35
1718078400000,0.02764,0.02808,0.02742,0.02768,973184.3
1718092800000,0.02768,0.02778,0.02705,0.02714,598862.88
1718107200000,0.02714,0.02891,0.02703,0.02712,3980501.14
1718121600000,0.02712,0.0273,0.02682,0.02708,843784.43
1718136000000,0.02708,0.02764,0.02699,0.02746,1074053.16
1718150400000,0.02746,0.02757,0.02645,0.02739,1921045.38
1718164800000,0.02739,0.02764,0.02697,0.0273,1119807.02
1718179200000,0.0273,0.02772,0.02709,0.02759,843681.27
1718193600000,0.02759,0.02859,0.02759,0.02835,1495741.82
1718208000000,0.02835,0.0285,0.02781,0.02794,1507313.11
1718222400000,0.02794,0.02849,0.02792,0.02826,569306.2
1718236800000,0.02826,0.02857,0.02802,0.02815,800064.47
1718251200000,0.02815,0.02845,0.0275,0.02772,610596.7
1718265600000,0.02772,0.02806,0.02771,0.02783,444340.94
1718280000000,0.02783,0.0282,0.02708,0.02718,960320.8
1718294400000,0.02718,0.02761,0.02707,0.02737,460133.98
1718308800000,0.02737,0.02745,0.02718,0.02741,298717.51
1718323200000,0.02741,0.02761,0.02728,0.0273,558122.88
1718337600000,0.0273,0.02746,0.02724,0.02728,175317.26
1718352000000,0.02728,0.02745,0.02712,0.02731,678568.34
1718366400000,0.02731,0.02754,0.02703,0.02706,1174989.38
1718380800000,0.02706,0.02718,0.02609,0.02615,2670527.58
1718395200000,0.02615,0.02661,0.02614,0.02646,438683.92
1718409600000,0.02646,0.02672,0.02642,0.02671,239775.03
1718424000000,0.02671,0.02693,0.02668,0.0267,373355.57
1718438400000,0.0267,0.02678,0.02645,0.02652,813564.32
1718452800000,0.02652,0.02672,0.02649,0.02664,464845.81
1718467200000,0.02664,0.02709,0.02658,0.02682,712382.89
1718481600000,0.02682,0.0271,0.02662,0.02707,391080.16
1718496000000,0.02707,0.0271,0.02677,0.02684,581102.6
1718510400000,0.02684,0.02704,0.02671,0.02692,343397.53
1718524800000,0.02692,0.02715,0.02683,0.02707,255710.67
1718539200000,0.02707,0.02726,0.02698,0.02724,273315.44
1718553600000,0.02724,0.02726,0.02713,0.02719,211749.55
1718568000000,0.02719,0.02735,0.02705,0.0272,328400.53
1718582400000,0.0272,0.02757,0.02693,0.02727,633068.96
1718596800000,0.02727,0.0273,0.02667,0.0268,642680.83
1718611200000,0.0268,0.02682,0.0261,0.02642,604340.25
1718625600000,0.02642,0.02643,0.02537,0.02562,1004390.98
1718640000000,0.02562,0.02705,0.02491,0.02654,1471633.05
1718654400000,0.02654,0.02654,0.02586,0.02592,753359.23
1718668800000,0.02592,0.02601,0.02398,0.02466,4854022.51
1718683200000,0.02466,0.02482,0.02408,0.02413,1056558.15
1718697600000,0.02413,0.0244,0.02319,0.0235,1013955.7
1718712000000,0.0235,0.02404,0.0225,0.02389,2890304.55
1718726400000,0.02389,0.02415,0.02334,0.02391,1061539.43
1718740800000,0.02391,0.0246,0.02381,0.02429,1150305.07
1718755200000,0.02429,0.0262,0.02423,0.02566,1633412.22
1718769600000,0.02566,0.0259,0.02522,0.02527,801433.55
1718784000000,0.02527,0.02695,0.02507,0.02683,2568368.95
1718798400000,0.02683,0.02735,0.0267,0.02723,1950768.52
1718812800000,0.02723,0.02729,0.02604,0.0265,1715038.03
1718827200000,0.0265,0.02686,0.02624,0.02646,865890.08
1718841600000,0.02646,0.02646,0.02568,0.02586,1075046.41
1718856000000,0.02586,0.02637,0.02579,0.02629,785719.92
1718870400000,0.02629,0.02758,0.02603,0.02665,1773196.92
1718884800000,0.02665,0.02667,0.02503,0.02503,2021018.57
1718899200000,0.02503,0.02512,0.02472,0.02504,1443915.12
1718913600000,0.02504,0.02527,0.02474,0.02481,1177141.77
1718928000000,0.02481,0.02503,0.02447,0.02472,369996.59
1718942400000,0.02472,0.02484,0.02431,0.02441,1053004.8
1718956800000,0.02441,0.02537,0.02409,0.02477,1567981.1
1718971200000,0.02477,0.02649,0.0247,0.02493,3055583.92
1718985600000,0.02493,0.02499,0.02429,0.02463,757535.02
1719000000000,0.02463,0.02479,0.02444,0.02452,493205.45
1719014400000,0.02452,0.02472,0.0243,0.02438,471792.0
1719028800000,0.02438,0.02441,0.02346,0.02357,2928006.02
1719043200000,0.02357,0.02388,0.02349,0.02375,528769.7
1719057600000,0.02375,0.02416,0.02361,0.02404,1028885.77
1719072000000,0.02404,0.02421,0.02372,0.02377,395740.47
1719086400000,0.02377,0.02377,0.0235,0.0235,327407.36
1719100800000,0.0235,0.02404,0.0235,0.02402,471006.89
1719115200000,0.02402,0.02425,0.0239,0.02403,493794.56
1719129600000,0.02403,0.02466,0.024,0.02427,1247546.49
1719144000000,0.02427,0.02437,0.02373,0.02389,1217054.73
1719158400000,0.02389,0.02401,0.02358,0.02379,1413391.46
1719172800000,0.02379,0.02387,0.02323,0.02328,976650.81
1719187200000,0.02328,0.02337,0.02294,0.02326,1010261.22
1719201600000,0.02326,0.02332,0.02261,0.0228,785156.47
1719216000000,0.0228,0.02303,0.02172,0.0223,1942884.0
1719230400000,0.0223,0.02283,0.02213,0.02231,1588851.36
1719244800000,0.02231,0.02285,0.02229,0.02264,801680.33
1719259200000,0.02264,0.02291,0.02218,0.02286,664090.02
1719273600000,0.02286,0.0234,0.0228,0.02332,693643.14
1719288000000,0.02332,0.02414,0.02332,0.02379,1030220.46
1719302400000,0.02379,0.02388,0.02355,0.02368,867886.03
1719316800000,0.02368,0.02407,0.02354,0.02391,616469.27
1719331200000,0.02391,0.02421,0.02383,0.02398,705731.28
1719345600000,0.02398,0.02403,0.02365,0.02374,440276.26
1719360000000,0.02374,0.02396,0.02361,0.02391,602749.4
1719374400000,0.02391,0.02396,0.02328,0.02394,1707273.8
1719388800000,0.02394,0.02426,0.02368,0.0239,1767302.17
1719403200000,0.0239,0.02478,0.02381,0.02393,1231445.37
1719417600000,0.02393,0.0243,0.02357,0.0243,641403.98
1719432000000,0.0243,0.02462,0.02418,0.02427,658149.79
1719446400000,0.02427,0.02462,0.02419,0.02439,1479294.5
1719460800000,0.02439,0.02488,0.02401,0.02463,2494231.71
1719475200000,0.02463,0.02472,0.0243,0.02435,508760.65
1719489600000,0.02435,0.02506,0.02431,0.02484,874981.86
1719504000000,0.02484,0.02508,0.02466,0.02477,556441.46
1719518400000,0.02477,0.02479,0.0246,0.02468,444942.1
1719532800000,0.02468,0.02484,0.02447,0.02456,466774.1
1719547200000,0.02456,0.02482,0.02427,0.02435,975103.48
1719561600000,0.02435,0.02508,0.02425,0.02482,784889.88
1719576000000,0.02482,0.02512,0.02474,0.025,681945.08
1719590400000,0.025,0.02506,0.02418,0.02423,647664.43
1719604800000,0.02423,0.02431,0.024,0.02404,529338.65
1719619200000,0.02404,0.02426,0.024,0.02421,544379.89
1719633600000,0.02421,0.02442,0.02401,0.02412,236061.32
1719648000000,0.02412,0.02415,0.02365,0.02393,910951.86
1719662400000,0.02393,0.02454,0.02327,0.02404,2823544.5
1719676800000,0.02404,0.02471,0.02402,0.02421,684637.69
1719691200000,0.02421,0.02423,0.02351,0.02359,716714.26
1719705600000,0.02359,0.02377,0.0233,0.02355,473275.29
1719720000000,0.02355,0.02456,0.02348,0.02448,555664.66
1719734400000,0.02448,0.02468,0.02427,0.02443,390302.28
1719748800000,0.02443,0.02468,0.02418,0.02418,705198.38
1719763200000,0.02418,0.02445,0.02403,0.0242,659158.82
1719777600000,0.0242,0.02448,0.02391,0.02444,596111.73
1719792000000,0.02444,0.02462,0.02432,0.02438,581642.07
1719806400000,0.02438,0.02484,0.02424,0.02455,1246475.12
1719820800000,0.02455,0.02458,0.02383,0.02391,1858068.27
1719835200000,0.02391,0.02403,0.02359,0.02379,655911.07
1719849600000,0.02379,0.02445,0.02364,0.02445,707854.43
1719864000000,0.02445,0.02446,0.02383,0.02392,997345.54
1719878400000,0.02392,0.02399,0.02355,0.02359,853939.68
1719892800000,0.02359,0.02384,0.02342,0.02344,1130939.53
1719907200000,0.02344,0.02368,0.02332,0.02359,1275718.8
1719921600000,0.02359,0.0241,0.02329,0.02348,2199782.69
1719936000000,0.02348,0.02365,0.02315,0.02356,941217.83
1719950400000,0.02356,0.02372,0.02332,0.02353,725654.81
1719964800000,0.02353,0.0236,0.023,0.0233,1202597.67
1719979200000,0.0233,0.02344,0.0231,0.02332,485045.16
1719993600000,0.02332,0.02343,0.02296,0.02309,610112.73
1720008000000,0.02309,0.02312,0.02244,0.02259,1399827.61
1720022400000,0.02259,0.0228,0.02243,0.02254,560224.91
1720036800000,0.02254,0.02319,0.02246,0.02306,926117.76
1720051200000,0.02306,0.02306,0.02199,0.02268,1417006.96
1720065600000,0.02268,0.02278,0.02215,0.02225,471079.34
1720080000000,0.02225,0.02236,0.02134,0.02193,1932222.26
1720094400000,0.02193,0.02193,0.02095,0.02184,1038167.15
1720108800000,0.02184,0.02187,0.02151,0.02152,455602.97
1720123200000,0.02152,0.02202,0.02079,0.0208,911376.86
1720137600000,0.0208,0.0209,0.01859,0.01876,6354774.7
1720152000000,0.01876,0.02034,0.01841,0.02,5887954.79
1720166400000,0.02,0.02118,0.01944,0.0211,4357723.44
1720180800000,0.0211,0.02181,0.02068,0.02083,6935159.3
1720195200000,0.02083,0.02103,0.02044,0.02077,1801622.73
1720209600000,0.02077,0.02099,0.0206,0.02085,1031150.67
1720224000000,0.02085,0.02144,0.02027,0.02048,1310244.19
1720238400000,0.02048,0.02112,0.02041,0.02095,1620426.53
1720252800000,0.02095,0.02162,0.02067,0.02131,3221741.44
1720267200000,0.02131,0.02177,0.02096,0.02153,2936419.51
1720281600000,0.02153,0.02203,0.02145,0.02193,2070623.53
1720296000000,0.02193,0.02204,0.02167,0.02182,818938.14
1720310400000,0.02182,0.02189,0.02135,0.02165,268173.26
1720324800000,0.02165,0.02167,0.021,0.02116,1819197.58
1720339200000,0.02116,0.0213,0.02074,0.02081,1003032.2
1720353600000,0.02081,0.02096,0.02036,0.02058,963483.23
1720368000000,0.02058,0.02108,0.02052,0.02068,370464.45
1720382400000,0.02068,0.02084,0.02005,0.02013,965286.57
1720396800000,0.02013,0.02035,0.01951,0.02007,893555.31
1720411200000,0.02007,0.02054,0.02003,0.02033,1529297.93
1720425600000,0.02033,0.02136,0.02033,0.02072,1403522.66
1720440000000,0.02072,0.0209,0.02005,0.02025,1073451.58
1720454400000,0.02025,0.02041,0.02002,0.02023,513028.92
1720468800000,0.02023,0.02026,0.01978,0.01986,699809.58
1720483200000,0.01986,0.0204,0.01976,0.02039,416322.99
1720497600000,0.02039,0.02062,0.0202,0.02061,1157369.31
1720512000000,0.02061,0.02078,0.02006,0.02018,1283069.11
1720526400000,0.02018,0.02041,0.01988,0.01997,1234504.58
1720540800000,0.01997,0.02019,0.01987,0.02007,636482.14
1720555200000,0.02007,0.02007,0.01926,0.0199,2977157.2
1720569600000,0.0199,0.01993,0.01944,0.01967,605273.2
1720584000000,0.01967,0.0206,0.01967,0.01995,1651322.63
1720598400000,0.01995,0.02021,0.01962,0.01978,1482685.17
1720612800000,0.01978,0.01986,0.01932,0.01956,1848148.01
1720627200000,0.01956,0.01976,0.01901,0.01909,1889875.57
1720641600000,0.01909,0.01923,0.01881,0.01881,1310219.96
1720656000000,0.01881,0.01906,0.01821,0.01843,2602472.19
1720670400000,0.01843,0.01904,0.01828,0.01902,1376737.32
1720684800000,0.01902,0.01991,0.01898,0.01917,2230924.29
1720699200000,0.01917,0.0203,0.01915,0.01975,2594111.67
1720713600000,0.01975,0.01996,0.01884,0.01897,2408481.23
1720728000000,0.01897,0.01906,0.01871,0.01888,1036438.3
1720742400000,0.01888,0.019,0.01851,0.01853,1141993.62
1720756800000,0.01853,0.01891,0.01847,0.01862,928867.27
1720771200000,0.01862,0.01903,0.01851,0.01851,1305800.14
1720785600000,0.01851,0.01927,0.01845,0.01923,1366780.9
1720800000000,0.01923,0.01941,0.01891,0.01909,1530745.47
1720814400000,0.01909,0.01939,0.0189,0.01928,691885.5
1720828800000,0.01928,0.01958,0.01925,0.01947,777677.46
1720843200000,0.01947,0.02001,0.01919,0.01973,1565184.39
1720857600000,0.01973,0.01981,0.01934,0.01934,850605.55
1720872000000,0.01934,0.01999,0.01934,0.01976,967282.55
1720886400000,0.01976,0.02021,0.01971,0.02003,1309177.45
1720900800000,0.02003,0.02015,0.01968,0.01984,572867.02
1720915200000,0.01984,0.01999,0.01977,0.01998,651240.18
1720929600000,0.01998,0.02012,0.01983,0.01989,390947.23
1720944000000,0.01989,0.02015,0.01988,0.02003,454972.34
1720958400000,0.02003,0.02008,0.0197,0.01998,732857.56
1720972800000,0.01998,0.02001,0.01978,0.01992,458910.29
1720987200000,0.01992,0.02042,0.01991,0.02041,1333359.04
1721001600000,0.02041,0.02089,0.0203,0.0207,1770744.41
1721016000000,0.0207,0.02088,0.02055,0.02081,515989.18
1721030400000,0.02081,0.02084,0.02039,0.02056,645142.94
1721044800000,0.02056,0.02068,0.02038,0.02044,575978.73
1721059200000,0.02044,0.02079,0.02039,0.02062,1075917.13
1721073600000,0.02062,0.02097,0.02057,0.0209,970067.83
1721088000000,0.0209,0.02139,0.02087,0.02132,860641.64
1721102400000,0.02132,0.02139,0.02041,0.02046,1405856.84
1721116800000,0.02046,0.02062,0.02017,0.02032,1004360.48
1721131200000,0.02032,0.02105,0.02019,0.02095,1251141.2
1721145600000,0.02095,0.02138,0.02081,0.02112,1522846.43
1721160000000,0.02112,0.02123,0.02074,0.02076,634863.67
1721174400000,0.02076,0.02147,0.02076,0.0214,870963.41
1721188800000,0.0214,0.02192,0.02124,0.02152,1482005.31
1721203200000,0.02152,0.02155,0.02116,0.02127,435127.91
1721217600000,0.02127,0.0216,0.02122,0.02129,668204.02
1721232000000,0.02129,0.02137,0.02098,0.0213,651563.45
1721246400000,0.0213,0.0213,0.02081,0.02086,1058413.34
1721260800000,0.02086,0.02112,0.02083,0.02111,324306.24
1721275200000,0.02111,0.02112,0.02077,0.02083,316370.65
1721289600000,0.02083,0.02102,0.02048,0.02057,901447.2
1721304000000,0.02057,0.02083,0.02001,0.02001,608011.97
1721318400000,0.02001,0.02014,0.01968,0.01992,751411.19
1721332800000,0.01992,0.02004,0.01981,0.02002,300994.71
1721347200000,0.02002,0.02031,0.01956,0.0203,858624.04
1721361600000,0.0203,0.02038,0.01983,0.01984,802673.72
1721376000000,0.01984,0.02003,0.01957,0.02003,607162.67
1721390400000,0.02003,0.02035,0.02002,0.02024,556628.14
1721404800000,0.02024,0.02081,0.02024,0.02081,476332.8
1721419200000,0.02081,0.02081,0.02004,0.02043,1087877.89
1721433600000,0.02043,0.02043,0.02012,0.02022,353499.44
1721448000000,0.02022,0.0206,0.02022,0.02038,727695.75
1721462400000,0.02038,0.02045,0.02018,0.02021,430866.93
1721476800000,0.02021,0.02054,0.02008,0.02043,498177.24
1721491200000,0.02043,0.02044,0.0202,0.02023,748014.73
1721505600000,0.02023,0.0203,0.02009,0.02013,957800.59
1721520000000,0.02013,0.0206,0.02008,0.02031,518549.15
1721534400000,0.02031,0.02035,0.02002,0.02029,667704.31
1721548800000,0.02029,0.02042,0.02005,0.02006,379183.06
1721563200000,0.02006,0.02033,0.01993,0.02013,782106.22
1721577600000,0.02013,0.02028,0.01957,0.0199,1638441.25
1721592000000,0.0199,0.0204,0.01985,0.02031,810190.0
1721606400000,0.02031,0.02053,0.02025,0.02027,348738.48
1721620800000,0.02027,0.02027,0.01993,0.01994,331091.62
1721635200000,0.01994,0.02045,0.01989,0.02043,339692.29
1721649600000,0.02043,0.02043,0.01979,0.01984,995172.43
1721664000000,0.01984,0.02024,0.01973,0.02008,1026483.85
1721678400000,0.02008,0.02015,0.01966,0.01998,884766.71
1721692800000,0.01998,0.02019,0.01985,0.01994,650270.22
1721707200000,0.01994,0.02,0.01933,0.01936,714858.34
1721721600000,0.01936,0.02028,0.01922,0.02024,1337781.35
1721736000000,0.02024,0.02026,0.01946,0.01988,1314356.56
1721750400000,0.01988,0.01988,0.01906,0.01949,1845969.02
1721764800000,0.01949,0.01955,0.01924,0.01938,560308.25
1721779200000,0.01938,0.01956,0.01924,0.01951,630327.14
1721793600000,0.01951,0.0196,0.01929,0.01957,264338.77
1721808000000,0.01957,0.0199,0.01957,0.01969,541790.31
1721822400000,0.01969,0.01985,0.01945,0.01951,762582.36
1721836800000,0.01951,0.01989,0.01913,0.01923,1295170.06
1721851200000,0.01923,0.01936,0.01883,0.01914,955322.67
1721865600000,0.01914,0.01914,0.01775,0.0181,2581333.92
1721880000000,0.0181,0.01852,0.01798,0.01825,1147458.02
1721894400000,0.01825,0.01859,0.01807,0.01836,2975943.49
1721908800000,0.01836,0.01898,0.01807,0.01896,2379206.34
1721923200000,0.01896,0.01898,0.01838,0.01859,1952943.54
1721937600000,0.01859,0.01886,0.01837,0.0188,1086439.67
1721952000000,0.0188,0.01914,0.01876,0.01893,989558.22
1721966400000,0.01893,0.01918,0.01889,0.01897,586174.76
1721980800000,0.01897,0.01918,0.01893,0.01909,306322.4
1721995200000,0.01909,0.01945,0.01894,0.01914,1193932.56
1722009600000,0.01914,0.0194,0.01897,0.01929,791570.79
1722024000000,0.01929,0.01935,0.01898,0.0193,662518.46
1722038400000,0.0193,0.0194,0.01919,0.01926,394251.32
1722052800000,0.01926,0.01936,0.0191,0.01916,488640.78
1722067200000,0.01916,0.01921,0.01897,0.01903,899481.26
1722081600000,0.01903,0.01931,0.01888,0.01892,480806.69
1722096000000,0.01892,0.01931,0.01874,0.01917,1022718.2
1722110400000,0.01917,0.01927,0.0189,0.01896,693661.3
1722124800000,0.01896,0.01903,0.01883,0.01885,713201.5
1722139200000,0.01885,0.019,0.01882,0.01884,787757.39
1722153600000,0.01884,0.01912,0.01884,0.01906,161873.06
1722168000000,0.01906,0.01912,0.01883,0.01884,149453.03
1722182400000,0.01884,0.01885,0.01875,0.01882,265109.23
1722196800000,0.01882,0.01882,0.01857,0.01869,575968.65
1722211200000,0.01869,0.01922,0.01866,0.01899,757893.84
1722225600000,0.01899,0.01917,0.01887,0.01899,579817.7
1722240000000,0.01899,0.01904,0.01883,0.01887,450034.51
1722254400000,0.01887,0.01891,0.01861,0.01862,1115001.96
1722268800000,0.01862,0.01865,0.0184,0.01865,485435.25
1722283200000,0.01865,0.01865,0.0181,0.01825,998909.57
1722297600000,0.01825,0.01851,0.01814,0.0185,861344.6
1722312000000,0.0185,0.01859,0.0184,0.0185,268242.0
1722326400000,0.0185,0.01856,0.01826,0.01828,476809.59
1722340800000,0.01828,0.01834,0.01795,0.01806,839254.03
1722355200000,0.01806,0.01819,0.0179,0.01808,761725.29
1722369600000,0.01808,0.01808,0.01786,0.01803,368055.36
1722384000000,0.01803,0.01814,0.01783,0.0179,478160.37
1722398400000,0.0179,0.01793,0.01748,0.01755,787530.74
1722412800000,0.01755,0.01774,0.01745,0.01759,1327633.39
1722427200000,0.01759,0.01806,0.01759,0.01767,882945.7
1722441600000,0.01767,0.01787,0.01737,0.0174,547487.44
1722456000000,0.0174,0.01743,0.01713,0.01731,645567.89
1722470400000,0.01731,0.01751,0.01705,0.01712,814299.2
1722484800000,0.01712,0.01716,0.01681,0.01701,483883.14
1722499200000,0.01701,0.01728,0.01673,0.01728,303623.19
1722513600000,0.01728,0.01756,0.01705,0.01708,909805.28
1722528000000,0.01708,0.01708,0.0165,0.01689,1251214.06
1722542400000,0.01689,0.01724,0.01685,0.01717,625073.67
1722556800000,0.01717,0.01725,0.01662,0.01675,910054.17
1722571200000,0.01675,0.01682,0.01658,0.01681,1178793.25
1722585600000,0.01681,0.01756,0.01678,0.01745,1854025.83
1722600000000,0.01745,0.01814,0.01671,0.01717,2337809.15
1722614400000,0.01717,0.01752,0.01694,0.01726,1953780.18
1722628800000,0.01726,0.01729,0.01649,0.01684,1978358.64
1722643200000,0.01684,0.01689,0.01637,0.01663,1185681.8
1722657600000,0.01663,0.01692,0.01658,0.01681,797021.76
1722672000000,0.01681,0.01692,0.01671,0.01676,279049.95
1722686400000,0.01676,0.01699,0.01668,0.0167,800673.92
1722700800000,0.0167,0.01728,0.01615,0.01619,2527734.08
1722715200000,0.01619,0.01669,0.01616,0.01663,948450.68
1722729600000,0.01663,0.01694,0.01657,0.01676,1049682.89
1722744000000,0.01676,0.01689,0.01657,0.0166,741396.87
1722758400000,0.0166,0.01677,0.01656,0.01658,414571.0
1722772800000,0.01658,0.01663,0.01569,0.01577,1007884.06
1722787200000,0.01577,0.01615,0.01519,0.01599,2988166.65
1722801600000,0.01599,0.01607,0.01554,0.01561,957905.12
1722816000000,0.01561,0.01565,0.01397,0.01433,4583359.99
1722830400000,0.01433,0.01473,0.01341,0.01454,4203036.71
1722844800000,0.01454,0.01486,0.01373,0.01423,5375003.76
1722859200000,0.01423,0.01489,0.0135,0.01483,6807593.44
1722873600000,0.01483,0.01541,0.01447,0.01486,2915311.22
1722888000000,0.01486,0.01548,0.01477,0.01505,2460376.25
1722902400000,0.01505,0.01601,0.01504,0.01567,1291910.33
1722916800000,0.01567,0.01629,0.01549,0.01629,1035679.99
1722931200000,0.01629,0.01638,0.01566,0.01588,1066295.97
1722945600000,0.01588,0.017,0.01556,0.01678,2057734.55
1722960000000,0.01678,0.01792,0.01674,0.01713,2496292.92
1722974400000,0.01713,0.01806,0.01664,0.01666,3009887.83
1722988800000,0.01666,0.01753,0.01661,0.01721,1597073.35
1723003200000,0.01721,0.01726,0.01681,0.01694,496541.52
1723017600000,0.01694,0.01711,0.01679,0.0169,980244.1
1723032000000,0.0169,0.01696,0.01612,0.01662,1105068.94
1723046400000,0.01662,0.01667,0.01582,0.01597,1067021.4
1723060800000,0.01597,0.01605,0.01517,0.0157,3068061.48
1723075200000,0.0157,0.01637,0.01549,0.01629,1644361.64
1723089600000,0.01629,0.01642,0.01609,0.01617,612284.94
1723104000000,0.01617,0.01643,0.01607,0.01622,627884.31
1723118400000,0.01622,0.01653,0.01601,0.01641,1311296.23
1723132800000,0.01641,0.01654,0.01616,0.01618,1298813.69
1723147200000,0.01618,0.01658,0.01601,0.01655,1752669.36
1723161600000,0.01655,0.01658,0.01641,0.01648,642348.18
1723176000000,0.01648,0.0166,0.01616,0.0164,1168136.77
1723190400000,0.0164,0.01652,0.01616,0.01632,607870.63
1723204800000,0.01632,0.01632,0.01596,0.01598,791000.58
1723219200000,0.01598,0.01617,0.0159,0.01609,315825.53
1723233600000,0.01609,0.01614,0.01591,0.01603,380617.9
1723248000000,0.01603,0.01628,0.01599,0.01612,641434.57
1723262400000,0.01612,0.01623,0.01605,0.01619,249093.54
1723276800000,0.01619,0.01622,0.01586,0.01613,521980.4
1723291200000,0.01613,0.01614,0.01596,0.01609,520422.77
1723305600000,0.01609,0.01622,0.01595,0.01607,596827.25
1723320000000,0.01607,0.01609,0.01586,0.01591,316682.82
1723334400000,0.01591,0.01622,0.01588,0.01607,363016.46
1723348800000,0.01607,0.01634,0.01578,0.01604,1008600.47
1723363200000,0.01604,0.01624,0.0159,0.01593,659447.97
1723377600000,0.01593,0.01598,0.01542,0.01544,1069232.56
1723392000000,0.01544,0.01554,0.01514,0.01516,545880.21
1723406400000,0.01516,0.01517,0.01495,0.01507,730279.5
1723420800000,0.01507,0.01531,0.01507,0.01519,336219.66
1723435200000,0.01519,0.01522,0.01491,0.01514,389563.73
1723449600000,0.01514,0.01549,0.01496,0.01541,403734.67
1723464000000,0.01541,0.01553,0.01495,0.01531,1304452.67
1723478400000,0.01531,0.01536,0.01506,0.01521,752795.57
1723492800000,0.01521,0.01535,0.01501,0.01529,259970.35
1723507200000,0.01529,0.01539,0.01501,0.01504,758158.44
1723521600000,0.01504,0.01517,0.01498,0.01508,301533.31
1723536000000,0.01508,0.0151,0.01483,0.01497,639371.86
1723550400000,0.01497,0.01514,0.01487,0.01501,578377.66
1723564800000,0.01501,0.01524,0.015,0.01521,818372.73
1723579200000,0.01521,0.01521,0.01501,0.01517,523547.71
1723593600000,0.01517,0.01521,0.01503,0.01518,315951.29
1723608000000,0.01518,0.01521,0.01509,0.0151,161683.74
1723622400000,0.0151,0.0152,0.015,0.01507,861131.89
1723636800000,0.01507,0.01699,0.01493,0.01614,4250819.48
1723651200000,0.01614,0.01616,0.01578,0.01582,2372846.15
1723665600000,0.01582,0.01592,0.01524,0.01553,1647909.52
1723680000000,0.01553,0.0159,0.01545,0.01573,1885737.6
1723694400000,0.01573,0.01597,0.01544,0.01553,1191664.04
1723708800000,0.01553,0.01584,0.01542,0.01582,1476162.75
1723723200000,0.01582,0.01645,0.01576,0.01614,3096845.97
1723737600000,0.01614,0.01625,0.01516,0.0153,2620367.77
1723752000000,0.0153,0.01542,0.0151,0.01528,865242.7
1723766400000,0.01528,0.01535,0.01504,0.01511,841290.27
1723780800000,0.01511,0.01538,0.01508,0.01536,359506.09
1723795200000,0.01536,0.01539,0.01514,0.01517,580235.85
1723809600000,0.01517,0.01523,0.01486,0.01498,1369278.3
1723824000000,0.01498,0.01528,0.01495,0.01521,746609.75
1723838400000,0.01521,0.01531,0.01511,0.01517,615439.94
1723852800000,0.01517,0.01524,0.01505,0.01514,337375.33
1723867200000,0.01514,0.01523,0.01507,0.01522,370304.16
1723881600000,0.01522,0.01527,0.01513,0.01521,537437.26
1723896000000,0.01521,0.0155,0.01517,0.01539,572561.0
1723910400000,0.01539,0.01551,0.01532,0.01536,450582.1
1723924800000,0.01536,0.01545,0.01526,0.01545,260150.04
1723939200000,0.01545,0.01551,0.01532,0.01534,384241.45
1723953600000,0.01534,0.01545,0.01528,0.01536,277514.36
1723968000000,0.01536,0.0156,0.01535,0.01559,234609.68
1723982400000,0.01559,0.01572,0.0155,0.01568,617701.84
1723996800000,0.01568,0.01569,0.01535,0.01557,313952.23
1724011200000,0.01557,0.01562,0.01535,0.01536,515654.62
1724025600000,0.01536,0.01542,0.01528,0.01541,364684.97
1724040000000,0.01541,0.01542,0.01526,0.01529,260491.34
1724054400000,0.01529,0.01547,0.01505,0.01522,1081919.42
1724068800000,0.01522,0.01532,0.01501,0.01515,632317.45
1724083200000,0.01515,0.01521,0.01497,0.0151,603618.84
1724097600000,0.0151,0.01535,0.01505,0.0153,911407.66
1724112000000,0.0153,0.01545,0.01519,0.01541,740547.79
1724126400000,0.01541,0.0155,0.01538,0.01548,429002.19
1724140800000,0.01548,0.01556,0.01547,0.0155,366990.11
1724155200000,0.0155,0.01556,0.01518,0.01523,1636738.34
1724169600000,0.01523,0.01533,0.01514,0.01518,706556.35
1724184000000,0.01518,0.01531,0.01512,0.01521,568622.7
1724198400000,0.01521,0.01535,0.01509,0.01522,634843.7
1724212800000,0.01522,0.01537,0.01522,0.01532,253064.88
1724227200000,0.01532,0.01534,0.01517,0.01521,359951.8
1724241600000,0.01521,0.01524,0.01502,0.0151,842757.87
1724256000000,0.0151,0.01542,0.01506,0.01539,388277.07
1724270400000,0.01539,0.01548,0.01534,0.0154,564036.33
1724284800000,0.0154,0.01546,0.01528,0.01537,266730.05
1724299200000,0.01537,0.01542,0.01532,0.01539,345695.0
1724313600000,0.01539,0.01564,0.01535,0.01563,652918.57
1724328000000,0.01563,0.01564,0.01536,0.01537,424392.71
1724342400000,0.01537,0.0166,0.01537,0.0166,2083324.04
1724356800000,0.0166,0.01709,0.01613,0.01622,4781840.26
1724371200000,0.01622,0.01637,0.01607,0.01612,701475.84
1724385600000,0.01612,0.01622,0.01603,0.01606,941081.02
1724400000000,0.01606,0.01614,0.01573,0.01576,879726.06
1724414400000,0.01576,0.01611,0.01571,0.01606,1786534.71
1724428800000,0.01606,0.0165,0.01595,0.01644,1756855.24
1724443200000,0.01644,0.01702,0.01644,0.01673,2120882.84
1724457600000,0.01673,0.01711,0.01664,0.01684,1280787.13
1724472000000,0.01684,0.0169,0.01672,0.01687,976249.55
1724486400000,0.01687,0.01704,0.01672,0.01681,1069477.89
1724500800000,0.01681,0.01695,0.01665,0.01674,708165.61
1724515200000,0.01674,0.01699,0.01674,0.01687,896962.22
1724529600000,0.01687,0.01693,0.01631,0.01646,1005565.72
1724544000000,0.01646,0.01649,0.01616,0.0163,842020.12
1724558400000,0.0163,0.01637,0.01606,0.0161,526563.3
1724572800000,0.0161,0.01622,0.01601,0.0162,438580.46
1724587200000,0.0162,0.01624,0.01601,0.01615,455413.86
1724601600000,0.01615,0.01623,0.01606,0.01607,268664.15
1724616000000,0.01607,0.01632,0.01605,0.01612,622501.57
1724630400000,0.01612,0.01643,0.01587,0.01607,733749.36
1724644800000,0.01607,0.01609,0.01589,0.01589,365240.03
1724659200000,0.01589,0.016,0.01574,0.01577,676604.67
1724673600000,0.01577,0.01583,0.01549,0.01568,1067562.46
1724688000000,0.01568,0.01589,0.01541,0.01549,1483128.5
1724702400000,0.01549,0.01564,0.01544,0.01554,491066.38
1724716800000,0.01554,0.0158,0.01553,0.01559,626739.36
1724731200000,0.01559,0.01571,0.0155,0.01563,758656.16
1724745600000,0.01563,0.01563,0.01516,0.01531,703237.44
1724760000000,0.01531,0.01543,0.01516,0.01542,524252.71
1724774400000,0.01542,0.01555,0.01537,0.01542,472925.27
1724788800000,0.01542,0.01549,0.01455,0.01533,2008098.79
1724803200000,0.01533,0.01543,0.01498,0.01508,1454624.93
1724817600000,0.01508,0.01536,0.01497,0.01501,1403148.02
1724832000000,0.01501,0.01549,0.01496,0.01537,769162.11
1724846400000,0.01537,0.01543,0.015,0.01503,729497.55
1724860800000,0.01503,0.01532,0.01483,0.01521,793125.75
1724875200000,0.01521,0.01537,0.01518,0.01532,536116.8
1724889600000,0.01532,0.01608,0.01529,0.01557,2299619.77
1724904000000,0.01557,0.01567,0.01543,0.01552,874611.1
1724918400000,0.01552,0.01587,0.01544,0.01586,1545789.82
1724932800000,0.01586,0.01717,0.01585,0.01671,3332172.75
1724947200000,0.01671,0.01677,0.01612,0.01651,2113587.08
1724961600000,0.01651,0.01655,0.01597,0.01609,821998.09
1724976000000,0.01609,0.01621,0.01587,0.01604,462647.31
1724990400000,0.01604,0.01622,0.01604,0.01613,560352.25
1725004800000,0.01613,0.01687,0.01612,0.01687,1637025.34
1725019200000,0.01687,0.01688,0.01602,0.01603,1568880.04
1725033600000,0.01603,0.01617,0.01588,0.01589,1040863.68
1725048000000,0.01589,0.01632,0.01583,0.01604,1022848.7
1725062400000,0.01604,0.0161,0.01592,0.01593,316738.02
1725076800000,0.01593,0.01603,0.01593,0.01595,384566.36
1725091200000,0.01595,0.016,0.01587,0.016,207339.66
1725105600000,0.016,0.01613,0.01597,0.01597,278402.94
1725120000000,0.01597,0.01613,0.01593,0.01611,253401.81
1725134400000,0.01611,0.01619,0.01591,0.01597,528961.0
1725148800000,0.01597,0.01618,0.01593,0.01602,354789.24
1725163200000,0.01602,0.01621,0.01578,0.0159,1083407.39
1725177600000,0.0159,0.01595,0.01576,0.01589,294190.95
1725192000000,0.01589,0.01598,0.01564,0.01572,539944.47
1725206400000,0.01572,0.01576,0.01545,0.0156,517446.49
1725220800000,0.0156,0.01573,0.01499,0.01513,989736.2
1725235200000,0.01513,0.01531,0.01504,0.01515,488257.03
1725249600000,0.01515,0.01525,0.01505,0.01505,338037.89
1725264000000,0.01505,0.01552,0.01504,0.01539,569436.24
1725278400000,0.01539,0.01547,0.0152,0.01523,732163.9
1725292800000,0.01523,0.0154,0.01517,0.0153,376928.01
1725307200000,0.0153,0.01585,0.0153,0.01576,830277.55
1725321600000,0.01576,0.01593,0.01562,0.01562,334018.62
1725336000000,0.01562,0.01571,0.01557,0.01567,162108.9
1725350400000,0.01567,0.01568,0.01547,0.01561,277364.72
1725364800000,0.01561,0.01567,0.01518,0.01519,550070.49
1725379200000,0.01519,0.01531,0.01514,0.0152,202918.75
1725393600000,0.0152,0.01531,0.01514,0.01515,426177.56
1725408000000,0.01515,0.01522,0.01475,0.0152,1857683.02
1725422400000,0.0152,0.01523,0.01433,0.01454,6025978.13
1725436800000,0.01454,0.01479,0.01443,0.01455,2295418.98
1725451200000,0.01455,0.01489,0.01439,0.01487,1014136.25
1725465600000,0.01487,0.01502,0.01471,0.01486,859007.22
1725480000000,0.01486,0.015,0.01486,0.01496,576000.13
1725494400000,0.01496,0.01497,0.01467,0.01475,1299839.28
1725508800000,0.01475,0.01506,0.0147,0.01499,761554.96
1725523200000,0.01499,0.01499,0.0147,0.01473,597483.65
1725537600000,0.01473,0.01485,0.01456,0.01456,847679.23
1725552000000,0.01456,0.01473,0.01447,0.01449,561692.48
1725566400000,0.01449,0.01453,0.0144,0.01446,373561.97
1725580800000,0.01446,0.01472,0.01445,0.01468,972451.57
1725595200000,0.01468,0.01472,0.01437,0.01444,1373035.12
1725609600000,0.01444,0.01459,0.01443,0.01448,730490.56
1725624000000,0.01448,0.01469,0.01432,0.01438,1026017.96
1725638400000,0.01438,0.01445,0.01403,0.01418,1222453.1
1725652800000,0.01418,0.01438,0.01381,0.01435,1801397.72
1725667200000,0.01435,0.01441,0.01427,0.01428,1040850.04
1725681600000,0.01428,0.01455,0.01428,0.01451,259771.91
1725696000000,0.01451,0.01464,0.01451,0.01454,316054.39
1725710400000,0.01454,0.01459,0.01435,0.01441,667370.94
1725724800000,0.01441,0.01453,0.01437,0.01451,611230.73
1725739200000,0.01451,0.01451,0.01435,0.01438,172800.88
1725753600000,0.01438,0.01457,0.01437,0.0145,261615.28
1725768000000,0.0145,0.01456,0.01447,0.01455,788763.18
1725782400000,0.01455,0.0146,0.0145,0.01453,234957.45
1725796800000,0.01453,0.01464,0.01431,0.01432,712568.77
1725811200000,0.01432,0.01442,0.01431,0.01434,531290.63
1725825600000,0.01434,0.01455,0.01431,0.01441,623787.72
1725840000000,0.01441,0.01455,0.01431,0.01434,721759.72
1725854400000,0.01434,0.01437,0.01423,0.01436,872047.45
1725868800000,0.01436,0.01467,0.01436,0.01454,1648312.18
1725883200000,0.01454,0.01473,0.01437,0.01465,686255.69
1725897600000,0.01465,0.01482,0.01463,0.01481,683914.28
1725912000000,0.01481,0.01502,0.01476,0.01497,731185.08
1725926400000,0.01497,0.01498,0.01458,0.01467,487372.0
1725940800000,0.01467,0.01476,0.01457,0.01476,212214.3
1725955200000,0.01476,0.01489,0.01468,0.01485,769091.06
1725969600000,0.01485,0.01503,0.01461,0.01492,919978.94
1725984000000,0.01492,0.01503,0.01476,0.01488,645260.31
1725998400000,0.01488,0.01488,0.01471,0.01483,1240634.06
1726012800000,0.01483,0.01484,0.01442,0.01451,1188006.44
1726027200000,0.01451,0.01465,0.0143,0.01463,332321.71
1726041600000,0.01463,0.01466,0.01452,0.01457,202752.53
1726056000000,0.01457,0.01457,0.01422,0.01439,507819.15
1726070400000,0.01439,0.01464,0.01439,0.01461,287139.03
1726084800000,0.01461,0.01461,0.01445,0.01448,114476.92
1726099200000,0.01448,0.01457,0.01435,0.01456,557811.38
1726113600000,0.01456,0.01463,0.01449,0.01459,234112.89
1726128000000,0.01459,0.01469,0.01443,0.01451,302192.25
1726142400000,0.01451,0.01472,0.01447,0.01453,427110.94
1726156800000,0.01453,0.01478,0.01452,0.01467,526715.5
1726171200000,0.01467,0.01479,0.01464,0.01475,246953.34
1726185600000,0.01475,0.01485,0.01471,0.01472,230428.42
1726200000000,0.01472,0.01481,0.01462,0.01474,426131.29
1726214400000,0.01474,0.01483,0.01467,0.01467,346984.49
1726228800000,0.01467,0.01488,0.01461,0.01487,484796.56
1726243200000,0.01487,0.01511,0.01474,0.01495,1153036.83
1726257600000,0.01495,0.01513,0.01492,0.01508,534603.07
1726272000000,0.01508,0.01537,0.01508,0.01522,743622.11
1726286400000,0.01522,0.01523,0.01496,0.01501,486304.41
1726300800000,0.01501,0.01525,0.01497,0.01519,485251.72
1726315200000,0.01519,0.01552,0.01519,0.01536,1542282.85
1726329600000,0.01536,0.01542,0.01526,0.01527,657660.6
1726344000000,0.01527,0.01527,0.01508,0.01522,350697.79
1726358400000,0.01522,0.01563,0.0152,0.01548,1109638.84
1726372800000,0.01548,0.01553,0.01521,0.01522,716847.84
1726387200000,0.01522,0.0153,0.01515,0.01529,295580.77
1726401600000,0.01529,0.01532,0.01515,0.01518,223386.54
1726416000000,0.01518,0.01519,0.01501,0.01516,428858.07
1726430400000,0.01516,0.01516,0.01487,0.01494,349007.61
1726444800000,0.01494,0.01494,0.01455,0.01459,513269.65
1726459200000,0.01459,0.01477,0.01457,0.01474,302685.98
1726473600000,0.01474,0.01482,0.01461,0.01465,244838.99
1726488000000,0.01465,0.01465,0.01445,0.0145,457887.58
1726502400000,0.0145,0.01463,0.01442,0.01458,346378.79
1726516800000,0.01458,0.01458,0.01435,0.0145,494041.88
1726531200000,0.0145,0.01458,0.01436,0.01455,394049.42
1726545600000,0.01455,0.01474,0.01451,0.01473,390114.58
1726560000000,0.01473,0.01474,0.01461,0.01462,323575.07
1726574400000,0.01462,0.01476,0.01451,0.01473,710877.99
1726588800000,0.01473,0.01482,0.01456,0.01456,940158.28
1726603200000,0.01456,0.01464,0.0145,0.01463,332088.56
1726617600000,0.01463,0.01489,0.01461,0.01488,720476.28
1726632000000,0.01488,0.01491,0.01459,0.01468,783410.4
1726646400000,0.01468,0.01469,0.01415,0.01421,3058501.73
1726660800000,0.01421,0.01433,0.014,0.01408,1446638.87
1726675200000,0.01408,0.01438,0.01402,0.01417,1340858.11
1726689600000,0.01417,0.01449,0.01411,0.01449,404100.57
1726704000000,0.01449,0.01482,0.01446,0.01477,902166.22
1726718400000,0.01477,0.01494,0.01473,0.01488,885079.82
1726732800000,0.01488,0.01503,0.01479,0.01496,647121.4
1726747200000,0.01496,0.01529,0.01493,0.0152,1192590.94
1726761600000,0.0152,0.01527,0.01502,0.01503,736295.38
1726776000000,0.01503,0.01506,0.01466,0.0149,325231.97
1726790400000,0.0149,0.01516,0.01487,0.01507,744514.67
1726804800000,0.01507,0.01532,0.01507,0.01528,844473.23
1726819200000,0.01528,0.01531,0.01505,0.01507,490470.45
1726833600000,0.01507,0.01518,0.01481,0.01492,651306.46
1726848000000,0.01492,0.01509,0.01477,0.01484,731540.72
1726862400000,0.01484,0.01505,0.01471,0.01496,1765637.69
1726876800000,0.01496,0.01513,0.01493,0.01501,282279.94
1726891200000,0.01501,0.0151,0.01497,0.015,478959.99
1726905600000,0.015,0.01509,0.01499,0.01501,318300.67
1726920000000,0.01501,0.01523,0.015,0.01509,589196.95
1726934400000,0.01509,0.01529,0.01509,0.01524,550697.11
1726948800000,0.01524,0.01524,0.01493,0.01517,2036338.19
1726963200000,0.01517,0.01519,0.015,0.01515,491769.44
1726977600000,0.01515,0.01518,0.01487,0.01512,519708.85
1726992000000,0.01512,0.01513,0.01484,0.015,569478.41
1727006400000,0.015,0.01526,0.01488,0.0149,774731.36
1727020800000,0.0149,0.01495,0.01468,0.01479,654997.38
1727035200000,0.01479,0.01495,0.01467,0.01493,614229.86
1727049600000,0.01493,0.01506,0.01472,0.01499,296820.31
1727064000000,0.01499,0.01507,0.01493,0.01494,473060.94
1727078400000,0.01494,0.01495,0.01484,0.01485,1655680.09
1727092800000,0.01485,0.01498,0.01468,0.01486,1383022.76
1727107200000,0.01486,0.01521,0.01474,0.01489,1533805.09
1727121600000,0.01489,0.0152,0.01487,0.01512,668205.49
1727136000000,0.01512,0.01523,0.01483,0.01484,1065135.26
1727150400000,0.01484,0.01501,0.0148,0.015,602357.28
1727164800000,0.015,0.01509,0.0149,0.01492,891747.8
1727179200000,0.01492,0.01503,0.01481,0.01496,1517998.12
1727193600000,0.01496,0.01565,0.01495,0.01551,2863544.36
1727208000000,0.01551,0.01552,0.01518,0.0153,884370.63
1727222400000,0.0153,0.01545,0.01522,0.01535,760372.65
1727236800000,0.01535,0.0154,0.01505,0.01509,784300.03
1727251200000,0.01509,0.01516,0.015,0.01514,577286.47
1727265600000,0.01514,0.01532,0.01485,0.01502,1613265.6
1727280000000,0.01502,0.0151,0.01489,0.01507,893503.06
1727294400000,0.01507,0.01511,0.01487,0.01491,628663.94
1727308800000,0.01491,0.01497,0.01473,0.01495,915188.62
1727323200000,0.01495,0.01512,0.01492,0.0151,315496.44
1727337600000,0.0151,0.01525,0.01499,0.01519,865281.42
1727352000000,0.01519,0.01547,0.01513,0.01524,2531572.52
1727366400000,0.01524,0.01536,0.01514,0.01521,852015.1
1727380800000,0.01521,0.0159,0.01518,0.01582,1934843.02
1727395200000,0.01582,0.01588,0.01558,0.01574,1839301.54
1727409600000,0.01574,0.01575,0.01554,0.01563,1290286.41
1727424000000,0.01563,0.0159,0.0155,0.0157,1280095.27
1727438400000,0.0157,0.01597,0.01559,0.01576,1281067.61
1727452800000,0.01576,0.016,0.01573,0.01582,1161446.78
1727467200000,0.01582,0.01589,0.0158,0.01582,360164.76
1727481600000,0.01582,0.01615,0.01582,0.01602,756511.39
1727496000000,0.01602,0.01609,0.01573,0.01573,801542.7
1727510400000,0.01573,0.01574,0.01536,0.01561,1012533.7
1727524800000,0.01561,0.0158,0.01536,0.01578,1198852.68
1727539200000,0.01578,0.01722,0.01574,0.01639,5180732.87
1727553600000,0.01639,0.01682,0.01619,0.01653,1745516.7
1727568000000,0.01653,0.017,0.0162,0.01694,1454380.82
1727582400000,0.01694,0.01717,0.01624,0.01626,1944614.73
1727596800000,0.01626,0.01657,0.01614,0.01656,1032447.23
1727611200000,0.01656,0.01661,0.01618,0.01643,1461124.16
1727625600000,0.01643,0.01648,0.01625,0.01645,749879.48
1727640000000,0.01645,0.01647,0.01605,0.01611,1030177.45
1727654400000,0.01611,0.01624,0.01593,0.01612,1387204.9
1727668800000,0.01612,0.01612,0.0158,0.0159,1214395.96
1727683200000,0.0159,0.01591,0.01546,0.01571,1401206.57
1727697600000,0.01571,0.01578,0.01552,0.01552,730708.52
1727712000000,0.01552,0.01568,0.01545,0.01556,656429.43
1727726400000,0.01556,0.01562,0.01525,0.01527,557553.45
1727740800000,0.01527,0.01557,0.01509,0.01555,532687.47
1727755200000,0.01555,0.01566,0.01551,0.01562,548681.58
1727769600000,0.01562,0.01575,0.01561,0.01561,371844.43
1727784000000,0.01561,0.01568,0.01504,0.01524,1737448.01
1727798400000,0.01524,0.0153,0.01448,0.01457,3442014.47
1727812800000,0.01457,0.01472,0.01426,0.01438,1847696.6
1727827200000,0.01438,0.01481,0.01423,0.01476,664719.79
1727841600000,0.01476,0.01513,0.01463,0.01499,699869.76
1727856000000,0.01499,0.01528,0.01492,0.0152,1698513.33
1727870400000,0.0152,0.01522,0.01488,0.01515,1163857.48
1727884800000,0.01515,0.01717,0.01514,0.01587,5881606.65
1727899200000,0.01587,0.01729,0.01534,0.01727,4334832.15
1727913600000,0.01727,0.01799,0.01663,0.01693,4671598.8
1727928000000,0.01693,0.01767,0.01647,0.01675,4182216.87
1727942400000,0.01675,0.01691,0.01581,0.01583,3607293.65
1727956800000,0.01583,0.01597,0.01554,0.0158,3864084.34
1727971200000,0.0158,0.01581,0.01529,0.01533,1875078.49
1727985600000,0.01533,0.01567,0.01512,0.01563,1078350.41
1728000000000,0.01563,0.01636,0.01553,0.01612,1564428.44
1728014400000,0.01612,0.01612,0.01553,0.01565,944226.67
1728028800000,0.01565,0.01578,0.01533,0.0156,1200948.58
1728043200000,0.0156,0.01579,0.0154,0.01571,1005152.96
1728057600000,0.01571,0.01627,0.01567,0.01568,1069643.14
1728072000000,0.01568,0.01595,0.01557,0.01576,556291.29
1728086400000,0.01576,0.01605,0.01556,0.01557,1807960.31
1728100800000,0.01557,0.01589,0.01557,0.01575,545048.96
1728115200000,0.01575,0.0158,0.0156,0.01574,388847.42
1728129600000,0.01574,0.01581,0.01557,0.01567,519442.39
1728144000000,0.01567,0.01578,0.01515,0.0153,722909.28
1728158400000,0.0153,0.01546,0.01521,0.01524,488552.47
1728172800000,0.01524,0.01554,0.01516,0.01535,530835.86
1728187200000,0.01535,0.01537,0.01522,0.01528,228027.1
1728201600000,0.01528,0.0155,0.01527,0.01542,309825.46
1728216000000,0.01542,0.01572,0.01542,0.0157,571832.17
1728230400000,0.0157,0.01573,0.01543,0.01546,575150.74
1728244800000,0.01546,0.01567,0.01541,0.01546,480836.96
1728259200000,0.01546,0.01568,0.01544,0.01567,1350945.35
1728273600000,0.01567,0.0158,0.01563,0.01573,388391.06
1728288000000,0.01573,0.01588,0.01559,0.01567,695357.71
1728302400000,0.01567,0.01568,0.01528,0.01547,1669075.59
1728316800000,0.01547,0.01556,0.01532,0.01539,1266570.32
1728331200000,0.01539,0.01542,0.01496,0.01504,1274267.18
1728345600000,0.01504,0.01521,0.015,0.01516,814573.86
1728360000000,0.01516,0.0152,0.0148,0.01484,564123.0
1728374400000,0.01484,0.01502,0.01472,0.015,857716.51
1728388800000,0.015,0.01509,0.01488,0.01488,445783.08
1728403200000,0.01488,0.01505,0.01481,0.01486,712094.72
1728417600000,0.01486,0.01493,0.01477,0.01478,282556.09
1728432000000,0.01478,0.01492,0.01461,0.01463,669870.58
1728446400000,0.01463,0.01481,0.01449,0.01455,1032313.13
1728460800000,0.01455,0.01468,0.0145,0.01464,450805.57
1728475200000,0.01464,0.01474,0.01453,0.01466,572401.69
1728489600000,0.01466,0.01467,0.01443,0.01452,653320.49
1728504000000,0.01452,0.01457,0.01438,0.01446,495119.02
1728518400000,0.01446,0.0145,0.0143,0.0144,743920.34
1728532800000,0.0144,0.01458,0.0144,0.01445,300552.72
1728547200000,0.01445,0.01448,0.01435,0.01447,235233.46
1728561600000,0.01447,0.01449,0.01428,0.01434,696531.67
1728576000000,0.01434,0.01444,0.01389,0.0141,1021492.98
1728590400000,0.0141,0.01444,0.01408,0.01432,679269.55
1728604800000,0.01432,0.01434,0.01406,0.01425,850138.07
1728619200000,0.01425,0.01446,0.01418,0.01432,586369.81
1728633600000,0.01432,0.01449,0.0143,0.01434,360202.93
1728648000000,0.01434,0.0147,0.01434,0.01464,623952.57
1728662400000,0.01464,0.01475,0.01449,0.01457,780548.74
1728676800000,0.01457,0.01475,0.01453,0.01468,653458.58
1728691200000,0.01468,0.01483,0.01467,0.01472,386053.77
1728705600000,0.01472,0.01477,0.01466,0.01474,350611.13
1728720000000,0.01474,0.01479,0.01469,0.01472,288159.04
1728734400000,0.01472,0.01491,0.0147,0.01485,683830.11
1728748800000,0.01485,0.01491,0.01477,0.01482,408368.09
1728763200000,0.01482,0.01485,0.0147,0.01473,464395.73
1728777600000,0.01473,0.01481,0.01445,0.01449,723961.18
1728792000000,0.01449,0.0147,0.01449,0.01468,561427.28
1728806400000,0.01468,0.0147,0.01448,0.01448,422326.06
1728820800000,0.01448,0.01454,0.01434,0.01443,559291.18
1728835200000,0.01443,0.01458,0.01428,0.01434,924446.17
1728849600000,0.01434,0.01449,0.0143,0.01448,817425.88
1728864000000,0.01448,0.01472,0.01441,0.01468,840905.75
1728878400000,0.01468,0.01481,0.01467,0.01481,904430.29
1728892800000,0.01481,0.01497,0.0148,0.01487,510247.68
1728907200000,0.01487,0.01506,0.01483,0.01502,1343697.28
1728921600000,0.01502,0.01588,0.01494,0.01547,3790179.16
1728936000000,0.01547,0.0157,0.01523,0.01543,1472318.29
1728950400000,0.01543,0.01578,0.01534,0.01534,1194401.46
1728964800000,0.01534,0.01535,0.01509,0.01532,601122.1
1728979200000,0.01532,0.01548,0.01493,0.01496,1036108.13
1728993600000,0.01496,0.01532,0.01489,0.01513,1312011.6
1729008000000,0.01513,0.01533,0.01503,0.01511,735941.01
1729022400000,0.01511,0.01514,0.01485,0.01493,678746.21
1729036800000,0.01493,0.0152,0.01488,0.01493,942092.11
1729051200000,0.01493,0.01496,0.01481,0.01484,676634.84
1729065600000,0.01484,0.01496,0.01483,0.01496,972916.31
1729080000000,0.01496,0.01499,0.01483,0.01484,593112.89
1729094400000,0.01484,0.01492,0.01475,0.01476,331690.64
1729108800000,0.01476,0.01488,0.01474,0.01475,680899.32
1729123200000,0.01475,0.01479,0.01451,0.01454,1085381.16
1729137600000,0.01454,0.01466,0.01439,0.01452,536622.39
1729152000000,0.01452,0.01502,0.01423,0.01444,2786074.31
1729166400000,0.01444,0.01463,0.01436,0.01457,1705756.59
1729180800000,0.01457,0.01476,0.01444,0.01451,595038.41
1729195200000,0.01451,0.01455,0.0144,0.01455,295302.32
1729209600000,0.01455,0.01456,0.01439,0.01451,276302.22
1729224000000,0.01451,0.0147,0.01451,0.01457,295096.93
1729238400000,0.01457,0.01468,0.01456,0.01462,331916.1
1729252800000,0.01462,0.01469,0.01456,0.01462,748864.54
1729267200000,0.01462,0.0148,0.01459,0.01473,402686.17
1729281600000,0.01473,0.01484,0.01467,0.01483,240045.13
1729296000000,0.01483,0.01501,0.01474,0.0149,363387.27
1729310400000,0.0149,0.015,0.01477,0.01477,424727.28
1729324800000,0.01477,0.01483,0.01472,0.01473,170168.57
1729339200000,0.01473,0.01481,0.01465,0.01468,189674.61
1729353600000,0.01468,0.01469,0.0146,0.0146,276981.13
1729368000000,0.0146,0.01471,0.01459,0.01466,206373.34
1729382400000,0.01466,0.01473,0.01463,0.01466,181158.69
1729396800000,0.01466,0.01488,0.01464,0.01485,642501.85
1729411200000,0.01485,0.01492,0.01477,0.01488,525323.39
1729425600000,0.01488,0.01501,0.0148,0.01498,633572.31
1729440000000,0.01498,0.01524,0.01487,0.01507,857579.41
1729454400000,0.01507,0.01529,0.01498,0.01526,814003.33
1729468800000,0.01526,0.01541,0.01495,0.01497,928484.91
1729483200000,0.01497,0.01511,0.01491,0.01495,512930.1
1729497600000,0.01495,0.01505,0.01486,0.01486,533720.69
1729512000000,0.01486,0.01487,0.01456,0.01472,786149.96
1729526400000,0.01472,0.01589,0.01464,0.01494,4264650.72
1729540800000,0.01494,0.01518,0.01486,0.01489,714606.67
1729555200000,0.01489,0.01501,0.01487,0.01498,443931.79
1729569600000,0.01498,0.01515,0.01489,0.01495,459174.13
1729584000000,0.01495,0.01499,0.01472,0.01487,486432.89
1729598400000,0.01487,0.01587,0.01484,0.01487,2871225.38
1729612800000,0.01487,0.01501,0.01483,0.01483,574695.15
1729627200000,0.01483,0.01485,0.01441,0.01468,952161.12
1729641600000,0.01468,0.01484,0.0146,0.01476,288590.49
1729656000000,0.01476,0.01476,0.01458,0.01462,315964.99
1729670400000,0.01462,0.01463,0.01435,0.01438,619455.91
1729684800000,0.01438,0.01455,0.01434,0.0145,471096.33
1729699200000,0.0145,0.0146,0.01423,0.01431,875907.9
1729713600000,0.01431,0.01432,0.01396,0.01416,1388501.88
1729728000000,0.01416,0.01436,0.01405,0.01421,778800.93
1729742400000,0.01421,0.01427,0.01402,0.01411,1255057.06
1729756800000,0.01411,0.01417,0.01399,0.01407,724423.65
1729771200000,0.01407,0.01423,0.01402,0.01413,562475.42
1729785600000,0.01413,0.01454,0.0141,0.01437,1121894.3
1729800000000,0.01437,0.01441,0.0142,0.01439,418557.97
1729814400000,0.01439,0.01448,0.01434,0.01444,523652.72
1729828800000,0.01444,0.01446,0.01409,0.01417,559501.0
1729843200000,0.01417,0.01436,0.01415,0.0143,374956.77
1729857600000,0.0143,0.01448,0.01417,0.01421,643477.89
1729872000000,0.01421,0.01424,0.01395,0.014,487723.43
1729886400000,0.014,0.01406,0.013,0.01379,1000794.46
1729900800000,0.01379,0.01379,0.01346,0.01368,874302.88
1729915200000,0.01368,0.01383,0.01363,0.0137,484202.87
1729929600000,0.0137,0.01375,0.0136,0.01375,530555.28
1729944000000,0.01375,0.01385,0.01345,0.01346,420770.05
1729958400000,0.01346,0.01362,0.01344,0.0136,249512.44
1729972800000,0.0136,0.01372,0.01359,0.01363,334004.11
1729987200000,0.01363,0.01383,0.01359,0.01374,493560.92
1730001600000,0.01374,0.01375,0.01363,0.01364,231291.64
1730016000000,0.01364,0.01438,0.01359,0.01387,1185214.2
1730030400000,0.01387,0.01428,0.01385,0.0141,985053.5
1730044800000,0.0141,0.0142,0.01391,0.014,685702.64
1730059200000,0.014,0.01416,0.01397,0.01408,345221.61
1730073600000,0.01408,0.01423,0.01384,0.01387,306436.6
1730088000000,0.01387,0.0139,0.0137,0.01382,343990.28
1730102400000,0.01382,0.01388,0.01373,0.01378,164461.77
1730116800000,0.01378,0.01395,0.01348,0.01349,662179.72
1730131200000,0.01349,0.01365,0.0134,0.01359,601420.73
1730145600000,0.01359,0.01407,0.01357,0.01395,697111.94
1730160000000,0.01395,0.01402,0.01382,0.01394,415927.06
1730174400000,0.01394,0.01396,0.01375,0.01384,469133.88
1730188800000,0.01384,0.01401,0.01383,0.01398,798490.85
1730203200000,0.01398,0.01403,0.01391,0.01399,452825.7
1730217600000,0.01399,0.01415,0.0139,0.01391,1319649.56
1730232000000,0.01391,0.01429,0.01383,0.01401,1640668.97
1730246400000,0.01401,0.01415,0.01382,0.01406,1135119.73
1730260800000,0.01406,0.01407,0.01397,0.01404,267888.25
1730275200000,0.01404,0.01407,0.01382,0.01382,293109.32
1730289600000,0.01382,0.01397,0.01373,0.01378,930029.62
1730304000000,0.01378,0.01384,0.01373,0.01373,295230.72
1730318400000,0.01373,0.01384,0.01366,0.0138,716062.79
1730332800000,0.0138,0.01384,0.01366,0.01381,405045.99
1730347200000,0.01381,0.01382,0.01365,0.01369,431723.78
1730361600000,0.01369,0.0137,0.0133,0.01336,1025186.4
1730376000000,0.01336,0.01345,0.01308,0.01328,1054823.07
1730390400000,0.01328,0.01352,0.01317,0.01338,655138.86
1730404800000,0.01338,0.01349,0.01327,0.01329,391980.84
1730419200000,0.01329,0.0133,0.01311,0.01327,444442.68
1730433600000,0.01327,0.01331,0.01306,0.0131,639734.2
1730448000000,0.0131,0.01316,0.0131,0.01314,168725.13
1730462400000,0.01314,0.01361,0.01308,0.01312,1400904.26
1730476800000,0.01312,0.01324,0.01306,0.01309,346056.78
1730491200000,0.01309,0.01313,0.01301,0.01308,333406.32
1730505600000,0.01308,0.01333,0.01308,0.01317,213576.73
1730520000000,0.01317,0.01327,0.01313,0.0132,155508.69
1730534400000,0.0132,0.01384,0.01317,0.01354,1773742.16
1730548800000,0.01354,0.01357,0.01305,0.01317,1213269.57
1730563200000,0.01317,0.01333,0.01306,0.01309,461639.06
1730577600000,0.01309,0.01328,0.01305,0.01324,994212.47
1730592000000,0.01324,0.01335,0.0128,0.01292,783048.94
1730606400000,0.01292,0.01296,0.01281,0.01288,439588.08
1730620800000,0.01288,0.01296,0.01279,0.01281,474981.59
1730635200000,0.01281,0.01286,0.01225,0.01234,1831023.46
1730649600000,0.01234,0.01239,0.01218,0.01232,1245640.82
1730664000000,0.01232,0.01262,0.0123,0.01256,623395.1
1730678400000,0.01256,0.01262,0.01236,0.01237,939182.21
1730692800000,0.01237,0.01239,0.01214,0.01221,571419.33
1730707200000,0.01221,0.01234,0.01216,0.01228,292006.74
1730721600000,0.01228,0.01236,0.01222,0.01226,467438.76
1730736000000,0.01226,0.0123,0.01212,0.01219,466827.72
1730750400000,0.01219,0.01232,0.01198,0.01219,1478163.78
1730764800000,0.01219,0.01233,0.01215,0.0122,368871.31
1730779200000,0.0122,0.01241,0.01219,0.01238,324627.38
1730793600000,0.01238,0.01244,0.01228,0.0123,646165.09
1730808000000,0.0123,0.01255,0.01228,0.01251,447683.38
1730822400000,0.01251,0.0126,0.01234,0.01236,1146012.48
1730836800000,0.01236,0.0125,0.01233,0.01244,555004.25
1730851200000,0.01244,0.0132,0.01238,0.0132,1504635.35
1730865600000,0.0132,0.01333,0.01303,0.01318,1879995.81
1730880000000,0.01318,0.01346,0.01306,0.01346,1088597.46
1730894400000,0.01346,0.01352,0.01296,0.01304,1169863.28
1730908800000,0.01304,0.01315,0.013,0.01312,1284091.91
1730923200000,0.01312,0.01324,0.01285,0.01309,2244898.29
1730937600000,0.01309,0.01337,0.01305,0.0133,695064.33
1730952000000,0.0133,0.01331,0.01298,0.01303,733005.95
1730966400000,0.01303,0.01314,0.01301,0.01306,801950.62
1730980800000,0.01306,0.0132,0.01299,0.01318,1010903.2
1730995200000,0.01318,0.0132,0.01302,0.01316,2273839.1
1731009600000,0.01316,0.01319,0.0131,0.01316,728447.26
1731024000000,0.01316,0.0132,0.01303,0.01318,755406.2
1731038400000,0.01318,0.01319,0.01298,0.01307,609018.37
1731052800000,0.01307,0.01316,0.01298,0.01312,642479.82
1731067200000,0.01312,0.01414,0.01312,0.01376,4792383.88
1731081600000,0.01376,0.01408,0.01356,0.01362,3418022.04
1731096000000,0.01362,0.01362,0.01341,0.01348,846021.3
1731110400000,0.01348,0.01358,0.0134,0.01354,812620.48
1731124800000,0.01354,0.01359,0.01349,0.01352,593380.81
1731139200000,0.01352,0.01374,0.01352,0.01373,680685.88
1731153600000,0.01373,0.01382,0.01343,0.01372,1150230.2
1731168000000,0.01372,0.01393,0.01361,0.01376,990622.39
1731182400000,0.01376,0.01404,0.01369,0.01396,1070839.18
1731196800000,0.01396,0.01414,0.01388,0.01406,1261351.93
1731211200000,0.01406,0.01428,0.01402,0.01422,922119.36
1731225600000,0.01422,0.01444,0.01417,0.0144,1741939.31
1731240000000,0.0144,0.01458,0.01428,0.01449,1481155.98
1731254400000,0.01449,0.01499,0.01434,0.01445,2032757.87
1731268800000,0.01445,0.01456,0.01361,0.01432,1894808.07
1731283200000,0.01432,0.01456,0.01426,0.01452,877741.87
1731297600000,0.01452,0.01453,0.01387,0.01404,1066068.96
1731312000000,0.01404,0.01425,0.014,0.01419,1352822.34
1731326400000,0.01419,0.01434,0.014,0.01427,1284719.27
1731340800000,0.01427,0.01445,0.01411,0.01423,2462706.24
1731355200000,0.01423,0.01477,0.01423,0.0147,2012926.61
1731369600000,0.0147,0.01474,0.01445,0.01458,1474813.74
1731384000000,0.01458,0.01479,0.01437,0.01474,1839178.52
1731398400000,0.01474,0.01544,0.01407,0.0144,4080774.6
1731412800000,0.0144,0.01485,0.01405,0.01469,2777805.12
1731427200000,0.01469,0.0154,0.0144,0.01476,2158335.5
1731441600000,0.01476,0.01531,0.01475,0.0152,1703978.71
1731456000000,0.0152,0.01586,0.01479,0.0148,2470250.08
1731470400000,0.0148,0.01496,0.01427,0.01442,1211110.95
1731484800000,0.01442,0.0147,0.01428,0.01462,1286263.61
1731499200000,0.01462,0.01525,0.01457,0.01525,2172966.04
1731513600000,0.01525,0.01534,0.01449,0.01453,2040894.69
1731528000000,0.01453,0.01477,0.01431,0.01451,1864594.13
1731542400000,0.01451,0.01474,0.01424,0.01442,1448178.47
1731556800000,0.01442,0.01464,0.01436,0.01456,1184069.45
1731571200000,0.01456,0.01473,0.01435,0.01445,1085173.75
1731585600000,0.01445,0.0145,0.01409,0.01413,1642038.71
1731600000000,0.01413,0.01435,0.01402,0.01415,1174993.96
1731614400000,0.01415,0.01448,0.0141,0.01423,958605.05
1731628800000,0.01423,0.01497,0.01406,0.01488,1463630.49
1731643200000,0.01488,0.01636,0.01434,0.01625,2701206.43
1731657600000,0.01625,0.0163,0.0148,0.01525,3674540.27
1731672000000,0.01525,0.01576,0.01512,0.01543,2302615.58
1731686400000,0.01543,0.02234,0.01542,0.02017,14991656.83
1731700800000,0.02017,0.02017,0.01794,0.01821,9492648.51
1731715200000,0.01821,0.0198,0.01791,0.01942,4664284.81
1731729600000,0.01942,0.02319,0.01884,0.02106,10053814.85
1731744000000,0.02106,0.02106,0.01948,0.01966,6517212.47
1731758400000,0.01966,0.02383,0.01937,0.02294,10821673.61
1731772800000,0.02294,0.02696,0.02229,0.02232,11745430.64
1731787200000,0.02232,0.02274,0.0217,0.0222,3582199.12
1731801600000,0.0222,0.02435,0.02119,0.02147,5033468.61
1731816000000,0.02147,0.02169,0.02057,0.02167,2989637.87
1731830400000,0.02167,0.02189,0.02026,0.0203,2421413.28
1731844800000,0.0203,0.02125,0.01962,0.02002,2934790.7
1731859200000,0.02002,0.02134,0.01991,0.01997,5292546.53
1731873600000,0.01997,0.02022,0.01937,0.01994,1686656.88
1731888000000,0.01994,0.02092,0.01952,0.02043,1966557.64
1731902400000,0.02043,0.02136,0.02021,0.02129,2447869.31
1731916800000,0.02129,0.02138,0.02025,0.02051,2024221.13
1731931200000,0.02051,0.02293,0.02025,0.02077,4538612.93
1731945600000,0.02077,0.02105,0.01957,0.01979,3290067.54
1731960000000,0.01979,0.02071,0.01976,0.02041,1928655.06
1731974400000,0.02041,0.02063,0.02024,0.02057,1005262.66
1731988800000,0.02057,0.02102,0.02007,0.02021,1245967.64
1732003200000,0.02021,0.02118,0.02006,0.02033,2038446.72
1732017600000,0.02033,0.0206,0.01987,0.02027,2225350.39
1732032000000,0.02027,0.02073,0.02023,0.0206,1212784.52
1732046400000,0.0206,0.0206,0.01995,0.02012,1084046.72
1732060800000,0.02012,0.0202,0.01954,0.01973,2240432.3
1732075200000,0.01973,0.0198,0.01946,0.01976,921654.93
1732089600000,0.01976,0.02048,0.0196,0.01974,1603196.06
1732104000000,0.01974,0.02108,0.01969,0.02015,2034435.09
1732118400000,0.02015,0.02028,0.01938,0.01943,1916299.44
1732132800000,0.01943,0.02028,0.01934,0.01983,1520370.61
1732147200000,0.01983,0.02054,0.01969,0.02022,1416009.56
1732161600000,0.02022,0.02044,0.01986,0.01987,1175853.41
1732176000000,0.01987,0.01999,0.01964,0.01977,1085669.61
1732190400000,0.01977,0.02023,0.01955,0.01962,1854494.36
1732204800000,0.01962,0.02108,0.01952,0.02032,3451282.71
1732219200000,0.02032,0.02065,0.01986,0.02024,1645725.52
1732233600000,0.02024,0.02295,0.02024,0.02173,6279843.06
1732248000000,0.02173,0.02294,0.02143,0.02291,2969477.71
1732262400000,0.02291,0.02302,0.02155,0.02167,2960608.75
1732276800000,0.02167,0.02299,0.02165,0.02297,5343947.53
1732291200000,0.02297,0.02323,0.02167,0.02192,2495619.55
1732305600000,0.02192,0.02243,0.02189,0.02231,1439838.46
1732320000000,0.02231,0.0242,0.02214,0.02392,5252022.45
1732334400000,0.02392,0.02392,0.02299,0.02307,1921497.08
1732348800000,0.02307,0.02308,0.02258,0.02282,1823590.75
1732363200000,0.02282,0.02436,0.02278,0.02436,2331468.16
1732377600000,0.02436,0.02497,0.0228,0.02329,2435008.02
1732392000000,0.02329,0.02332,0.02246,0.02279,1643605.63
1732406400000,0.02279,0.02452,0.02274,0.02417,1344682.9
1732420800000,0.02417,0.02508,0.02388,0.0244,2326204.29
1732435200000,0.0244,0.02463,0.0231,0.02315,1851594.03
1732449600000,0.02315,0.02328,0.02131,0.02133,2562106.56
1732464000000,0.02133,0.02255,0.0213,0.02227,1639903.05
1732478400000,0.02227,0.02441,0.02223,0.02372,1987307.99
1732492800000,0.02372,0.02387,0.02284,0.02321,1443512.48
1732507200000,0.02321,0.02369,0.02318,0.02361,1147439.77
1732521600000,0.02361,0.02438,0.02331,0.02371,2284870.68
1732536000000,0.02371,0.02392,0.02237,0.02352,1749819.2
1732550400000,0.02352,0.02369,0.02228,0.02323,1626063.91
1732564800000,0.02323,0.02387,0.02208,0.02251,2384248.83
1732579200000,0.02251,0.02295,0.02223,0.0229,1132743.43
1732593600000,0.0229,0.02377,0.02267,0.0228,1421106.58
1732608000000,0.0228,0.0228,0.02101,0.02138,1838499.43
1732622400000,0.02138,0.0223,0.02123,0.02194,1317956.41
1732636800000,0.02194,0.02261,0.02162,0.02197,1539602.7
1732651200000,0.02197,0.02232,0.02167,0.02223,1137236.14
1732665600000,0.02223,0.02223,0.02134,0.0219,1625744.18
1732680000000,0.0219,0.02239,0.02182,0.02234,752856.48
1732694400000,0.02234,0.02234,0.02195,0.022,1072928.2
1732708800000,0.022,0.02338,0.02173,0.02329,1956217.24
1732723200000,0.02329,0.02344,0.02276,0.02309,1310227.64
1732737600000,0.02309,0.0234,0.02294,0.02335,1053439.98
1732752000000,0.02335,0.02373,0.02306,0.02337,817163.21
1732766400000,0.02337,0.02356,0.02294,0.02296,949029.8
1732780800000,0.02296,0.02322,0.02259,0.023,1013872.61
1732795200000,0.023,0.02376,0.02297,0.02304,1577224.99
1732809600000,0.02304,0.0235,0.02288,0.02317,920635.51
1732824000000,0.02317,0.02346,0.02299,0.02324,845800.3
1732838400000,0.02324,0.02356,0.02302,0.0234,735387.98
1732852800000,0.0234,0.02356,0.02308,0.02311,849354.74
1732867200000,0.02311,0.02427,0.02309,0.02404,1946444.54
1732881600000,0.02404,0.02509,0.02374,0.0248,3003013.27
1732896000000,0.0248,0.02493,0.02428,0.02459,1203065.87
1732910400000,0.02459,0.03012,0.02455,0.02807,7659492.94
1732924800000,0.02807,0.02899,0.02695,0.02732,4309643.92
1732939200000,0.02732,0.03178,0.02724,0.02926,7530400.34
1732953600000,0.02926,0.02936,0.02792,0.02879,3244623.24
1732968000000,0.02879,0.02902,0.02724,0.02778,3648954.66
1732982400000,0.02778,0.02827,0.02764,0.02783,1748444.76
1732996800000,0.02783,0.02844,0.02766,0.02807,1994092.53
1733011200000,0.02807,0.02839,0.02678,0.02715,1709710.82
1733025600000,0.02715,0.02769,0.02657,0.02731,1539535.55
1733040000000,0.02731,0.02813,0.02725,0.02793,1648216.65
1733054400000,0.02793,0.02853,0.02776,0.02844,1830168.88
1733068800000,0.02844,0.0292,0.02802,0.02918,1642942.02
1733083200000,0.02918,0.03145,0.02865,0.03086,4952562.29
1733097600000,0.03086,0.03265,0.03033,0.0308,5019164.87
1733112000000,0.0308,0.03109,0.03026,0.03105,2096082.1
1733126400000,0.03105,0.03115,0.02824,0.02955,3363908.68
1733140800000,0.02955,0.03605,0.02914,0.03501,6420365.9
1733155200000,0.03501,0.03535,0.03261,0.03402,4830483.85
1733169600000,0.03402,0.03406,0.03256,0.03394,2365883.87
1733184000000,0.03394,0.03811,0.03377,0.03808,4148006.63
1733198400000,0.03808,0.03825,0.03495,0.03508,4322073.45
1733212800000,0.03508,0.03583,0.03406,0.0347,3630585.8
1733227200000,0.0347,0.03592,0.03211,0.03261,5853443.68
1733241600000,0.03261,0.03378,0.03192,0.03259,4030035.53
1733256000000,0.03259,0.03577,0.03254,0.03514,3834916.45
1733270400000,0.03514,0.03555,0.03319,0.03413,2632857.88
1733284800000,0.03413,0.03561,0.03411,0.0354,1899038.79
1733299200000,0.0354,0.03608,0.03444,0.03447,2053947.0
1733313600000,0.03447,0.03475,0.03347,0.03352,2243448.8
1733328000000,0.03352,0.0341,0.03249,0.03401,2547951.89
1733342400000,0.03401,0.03406,0.03161,0.03184,1804949.92
1733356800000,0.03184,0.03275,0.03108,0.03236,2769074.01
1733371200000,0.03236,0.03341,0.03228,0.03263,2123664.01
1733385600000,0.03263,0.03313,0.03194,0.03313,2764583.78
1733400000000,0.03313,0.03347,0.03217,0.03255,2312740.35
1733414400000,0.03255,0.03417,0.0325,0.03304,1762602.57
1733428800000,0.03304,0.03351,0.03181,0.03233,1688498.65
1733443200000,0.03233,0.03263,0.03093,0.03161,2366643.1
1733457600000,0.03161,0.03207,0.03152,0.03164,1174905.21
1733472000000,0.03164,0.03179,0.03075,0.03086,1228503.79
1733486400000,0.03086,0.03202,0.03024,0.03172,2096017.99
1733500800000,0.03172,0.03269,0.03157,0.03244,1513577.65
1733515200000,0.03244,0.03306,0.03179,0.03304,1554282.75
1733529600000,0.03304,0.03432,0.03225,0.03228,1662723.47
1733544000000,0.03228,0.03245,0.03151,0.03168,642526.8
1733558400000,0.03168,0.03175,0.03134,0.03148,858891.73
1733572800000,0.03148,0.03258,0.03137,0.03246,1191124.64
1733587200000,0.03246,0.0326,0.03168,0.03208,1563867.66
1733601600000,0.03208,0.03255,0.0317,0.03205,1390682.85
1733616000000,0.03205,0.03234,0.03191,0.03203,1152484.01
1733630400000,0.03203,0.03221,0.03191,0.03196,981051.53
1733644800000,0.03196,0.03196,0.03104,0.03149,1289172.93
1733659200000,0.03149,0.03207,0.03123,0.03151,1130250.36
1733673600000,0.03151,0.03204,0.03132,0.03177,1185280.81
1733688000000,0.03177,0.0321,0.03154,0.03184,703044.57
1733702400000,0.03184,0.03187,0.03097,0.03103,1009978.93
1733716800000,0.03103,0.03176,0.03085,0.03136,984295.37
1733731200000,0.03136,0.03136,0.02882,0.0289,1952039.17
1733745600000,0.0289,0.03001,0.02873,0.02915,1472297.7
1733760000000,0.02915,0.02979,0.0285,0.0288,1546856.33
1733774400000,0.0288,0.02901,0.02568,0.02852,4372766.59
1733788800000,0.02852,0.0294,0.0265,0.02698,2757036.0
1733803200000,0.02698,0.02805,0.02647,0.02795,2258411.87
1733817600000,0.02795,0.0306,0.02739,0.03053,3332565.4
1733832000000,0.03053,0.03072,0.02679,0.02692,2488597.94
1733846400000,0.02692,0.02742,0.02574,0.02723,3694638.83
1733860800000,0.02723,0.02975,0.02687,0.02866,3118218.42
1733875200000,0.02866,0.02983,0.02732,0.02838,2872970.83
1733889600000,0.02838,0.02893,0.02789,0.02827,1363153.48
1733904000000,0.02827,0.02943,0.02825,0.02894,993543.6
1733918400000,0.02894,0.03047,0.02883,0.03001,1453253.37
1733932800000,0.03001,0.0311,0.02962,0.02994,2602318.55
1733947200000,0.02994,0.03065,0.02962,0.0298,1642421.93
1733961600000,0.0298,0.03025,0.02914,0.03007,1671440.07
1733976000000,0.03007,0.03046,0.0299,0.02998,1804283.34
1733990400000,0.02998,0.03109,0.02954,0.02973,4537100.03
1734004800000,0.02973,0.03036,0.02939,0.03026,1536686.8
1734019200000,0.03026,0.03057,0.02853,0.0289,1555748.37
1734033600000,0.0289,0.02989,0.02886,0.02942,1354957.13
1734048000000,0.02942,0.0313,0.02938,0.03048,3589661.55
1734062400000,0.03048,0.03048,0.02951,0.02977,1171923.66
1734076800000,0.02977,0.03074,0.02956,0.03006,1391884.12
1734091200000,0.03006,0.03058,0.02961,0.02977,1163984.49
1734105600000,0.02977,0.03126,0.02959,0.03008,1496762.44
1734120000000,0.03008,0.03071,0.02992,0.03064,1171431.62
1734134400000,0.03064,0.03165,0.03063,0.03131,1058382.74
1734148800000,0.03131,0.03249,0.03122,0.03195,1476221.49
1734163200000,0.03195,0.03236,0.03123,0.03128,1355194.97
1734177600000,0.03128,0.03137,0.02992,0.03025,1178794.35
1734192000000,0.03025,0.03025,0.0293,0.03007,729220.86
1734206400000,0.03007,0.03018,0.02922,0.02969,909009.67
1734220800000,0.02969,0.03078,0.0294,0.03,1022761.28
1734235200000,0.03,0.03047,0.02973,0.02975,758366.06
1734249600000,0.02975,0.03048,0.02966,0.03047,630312.97
1734264000000,0.03047,0.03077,0.02985,0.03072,748713.98
1734278400000,0.03072,0.03074,0.03005,0.0303,848510.39
1734292800000,0.0303,0.03057,0.02919,0.03026,1910804.95
1734307200000,0.03026,0.03089,0.02997,0.03006,1360360.21
1734321600000,0.03006,0.03032,0.02978,0.02985,635534.35
1734336000000,0.02985,0.03045,0.0297,0.02992,1364395.8
1734350400000,0.02992,0.03063,0.0299,0.03009,1229456.85
1734364800000,0.03009,0.03088,0.03002,0.03017,1307318.51
1734379200000,0.03017,0.03024,0.02969,0.02994,612627.01
1734393600000,0.02994,0.03056,0.02972,0.03042,1025311.19
1734408000000,0.03042,0.03077,0.02997,0.03026,889147.06
1734422400000,0.03026,0.03245,0.03026,0.03153,1877613.91
1734436800000,0.03153,0.03212,0.02987,0.0304,2117548.93
1734451200000,0.0304,0.03205,0.03018,0.0313,1661664.42
1734465600000,0.0313,0.03137,0.03005,0.03055,856318.82
1734480000000,0.03055,0.03101,0.03016,0.03017,976566.15
1734494400000,0.03017,0.03026,0.02939,0.02941,679914.83
1734508800000,0.02941,0.03013,0.02923,0.03,811572.15
1734523200000,0.03,0.03019,0.02906,0.0298,2137022.88
1734537600000,0.0298,0.03026,0.02946,0.02951,726022.85
1734552000000,0.02951,0.02964,0.02778,0.02801,2288002.63
1734566400000,0.02801,0.02805,0.02644,0.02769,1959563.78
1734580800000,0.02769,0.02846,0.02759,0.02786,968353.19
1734595200000,0.02786,0.02841,0.02735,0.02807,745571.77
1734609600000,0.02807,0.02834,0.02714,0.02752,1108403.12
1734624000000,0.02752,0.02766,0.02584,0.02605,1930227.33
1734638400000,0.02605,0.02766,0.0257,0.02681,1890946.07
1734652800000,0.02681,0.02909,0.02672,0.0284,2726084.8
1734667200000,0.0284,0.02845,0.02748,0.02767,789032.75
1734681600000,0.02767,0.02773,0.02498,0.02503,2552595.72
1734696000000,0.02503,0.02784,0.02498,0.02772,2162072.06
1734710400000,0.02772,0.02811,0.02718,0.0277,1699428.49
1734724800000,0.0277,0.02834,0.02701,0.02823,1411919.96
1734739200000,0.02823,0.02865,0.02766,0.02788,986854.49
1734753600000,0.02788,0.02901,0.02785,0.02869,1327310.32
1734768000000,0.02869,0.0287,0.02798,0.0282,600114.35
1734782400000,0.0282,0.02821,0.02682,0.02763,1388376.64
1734796800000,0.02763,0.02768,0.02696,0.02719,967347.44
1734811200000,0.02719,0.02772,0.02685,0.02714,638620.82
1734825600000,0.02714,0.02744,0.02655,0.02696,808287.42
1734840000000,0.02696,0.02701,0.02636,0.02689,578418.28
1734854400000,0.02689,0.02716,0.02681,0.02695,548700.37
1734868800000,0.02695,0.02726,0.0264,0.02649,510059.42
1734883200000,0.02649,0.02667,0.02598,0.02605,909979.95
1734897600000,0.02605,0.02662,0.02578,0.02639,632479.42
1734912000000,0.02639,0.02659,0.02581,0.02653,742509.47
1734926400000,0.02653,0.02666,0.02594,0.02631,475891.34
1734940800000,0.02631,0.02644,0.02603,0.02614,407545.64
1734955200000,0.02614,0.02648,0.02581,0.02582,550850.55
1734969600000,0.02582,0.0265,0.02554,0.0261,1212197.66
1734984000000,0.0261,0.02715,0.026,0.02695,1177049.8
1734998400000,0.02695,0.02709,0.02635,0.02662,536152.69
1735012800000,0.02662,0.02696,0.02658,0.02686,437224.55
1735027200000,0.02686,0.0276,0.02661,0.02745,1591319.18
1735041600000,0.02745,0.02855,0.02729,0.02847,1294053.48
1735056000000,0.02847,0.02873,0.02768,0.02769,790542.35
1735070400000,0.02769,0.02856,0.02729,0.02818,1228826.07
1735084800000,0.02818,0.02818,0.0279,0.028,407091.33
1735099200000,0.028,0.02828,0.02783,0.02783,648934.81
1735113600000,0.02783,0.02825,0.02756,0.02758,449870.33
1735128000000,0.02758,0.02781,0.0274,0.02745,460108.88
1735142400000,0.02745,0.0277,0.02721,0.02764,388758.21
1735156800000,0.02764,0.02781,0.02729,0.0274,320350.77
1735171200000,0.0274,0.02749,0.02717,0.02735,519529.82
1735185600000,0.02735,0.02735,0.0265,0.02662,875621.34
1735200000000,0.02662,0.02669,0.02607,0.02627,423404.41
1735214400000,0.02627,0.02628,0.02593,0.02604,642371.93
1735228800000,0.02604,0.02651,0.02595,0.02622,595568.6
1735243200000,0.02622,0.02652,0.02602,0.02652,336141.71
1735257600000,0.02652,0.02664,0.02634,0.0265,428680.01
1735272000000,0.0265,0.02681,0.02641,0.02663,448848.37
1735286400000,0.02663,0.02755,0.02663,0.02744,531632.63
1735300800000,0.02744,0.02762,0.02654,0.02666,828694.49
1735315200000,0.02666,0.02693,0.02649,0.02674,623443.18
1735329600000,0.02674,0.02686,0.02639,0.02652,567229.87
1735344000000,0.02652,0.0266,0.02642,0.02648,359213.14
1735358400000,0.02648,0.02648,0.02623,0.02626,223843.54
1735372800000,0.02626,0.02639,0.02614,0.02626,460423.82
1735387200000,0.02626,0.02666,0.02615,0.02649,614965.76
1735401600000,0.02649,0.02755,0.02615,0.02719,2445119.9
1735416000000,0.02719,0.02733,0.02671,0.02674,460633.02
1735430400000,0.02674,0.02698,0.02632,0.02645,743539.6
1735444800000,0.02645,0.02649,0.02631,0.0264,299134.07
1735459200000,0.0264,0.02647,0.0263,0.02636,435297.1
1735473600000,0.02636,0.0264,0.02612,0.02617,266571.14
1735488000000,0.02617,0.02617,0.02528,0.0256,1308456.35
1735502400000,0.0256,0.02566,0.02521,0.02533,644989.88
1735516800000,0.02533,0.02561,0.02519,0.02524,797054.01
1735531200000,0.02524,0.02549,0.02519,0.02525,508354.19
1735545600000,0.02525,0.02531,0.02479,0.02524,569804.76
1735560000000,0.02524,0.026,0.0248,0.0248,2222825.94
1735574400000,0.0248,0.02552,0.02456,0.02543,656278.44
1735588800000,0.02543,0.02569,0.02496,0.02561,866387.51
1735603200000,0.02561,0.02586,0.02498,0.02498,793554.03
1735617600000,0.02498,0.02526,0.02488,0.02514,554428.15
1735632000000,0.02514,0.02564,0.02512,0.0256,851972.59
1735646400000,0.0256,0.02607,0.02558,0.02585,1137177.0
1735660800000,0.02585,0.0259,0.02539,0.02561,383781.85
1735675200000,0.02561,0.0265,0.02536,0.02609,1471213.61
1735689600000,0.02609,0.02649,0.02609,0.02621,660478.39
1735704000000,0.02621,0.02682,0.02602,0.02659,667031.59
1735718400000,0.02659,0.02769,0.02628,0.02702,1986153.37
1735732800000,0.02702,0.02758,0.02659,0.02701,979268.5
1735747200000,0.02701,0.02759,0.02633,0.02729,1164747.35
1735761600000,0.02729,0.02786,0.02709,0.02748,925599.58
1735776000000,0.02748,0.02825,0.02737,0.0278,1590224.84
1735790400000,0.0278,0.02794,0.02739,0.02753,519595.7
1735804800000,0.02753,0.02813,0.02729,0.02804,833688.58
1735819200000,0.02804,0.02871,0.02763,0.02845,1660850.01
1735833600000,0.02845,0.02856,0.02778,0.02812,966573.66
1735848000000,0.02812,0.02813,0.02757,0.02783,421971.05
1735862400000,0.02783,0.02808,0.02751,0.02773,1429605.58
1735876800000,0.02773,0.02779,0.02706,0.02711,688148.17
1735891200000,0.02711,0.02793,0.02709,0.02787,625430.01
1735905600000,0.02787,0.02828,0.02781,0.02821,681639.01
1735920000000,0.02821,0.02849,0.02792,0.02818,869009.68
1735934400000,0.02818,0.02875,0.02811,0.02861,938830.89
1735948800000,0.02861,0.02912,0.0283,0.02869,943946.48
1735963200000,0.02869,0.02873,0.02822,0.02845,535202.7
1735977600000,0.02845,0.02847,0.02798,0.02805,296018.05
1735992000000,0.02805,0.02855,0.02777,0.0278,905924.0
1736006400000,0.0278,0.02827,0.02778,0.02821,506144.35
1736020800000,0.02821,0.02825,0.02774,0.02782,591746.95
1736035200000,0.02782,0.02783,0.02751,0.02765,452939.85
1736049600000,0.02765,0.02777,0.02753,0.02756,309176.71
1736064000000,0.02756,0.02758,0.0272,0.02729,346322.42
1736078400000,0.02729,0.0273,0.02673,0.02702,918081.79
1736092800000,0.02702,0.02708,0.02659,0.02697,826017.0
1736107200000,0.02697,0.02743,0.02675,0.02697,1363844.75
1736121600000,0.02697,0.02709,0.02651,0.02704,1025488.95
1736136000000,0.02704,0.02738,0.02702,0.02719,496303.59
1736150400000,0.02719,0.02741,0.02684,0.02739,589631.18
1736164800000,0.02739,0.02755,0.02697,0.02752,1048270.46
1736179200000,0.02752,0.0277,0.02709,0.02723,659438.31
1736193600000,0.02723,0.02725,0.0267,0.02682,613931.95
1736208000000,0.02682,0.02707,0.02657,0.02681,456407.77
1736222400000,0.02681,0.02705,0.02661,0.02688,367343.17
1736236800000,0.02688,0.02705,0.02654,0.02676,516426.95
1736251200000,0.02676,0.02733,0.02551,0.02567,2242932.71
1736265600000,0.02567,0.02578,0.02507,0.02515,884494.56
1736280000000,0.02515,0.02551,0.02497,0.025,933596.88
1736294400000,0.025,0.02529,0.02481,0.02486,688485.91
1736308800000,0.02486,0.02498,0.02436,0.02466,1305342.32
1736323200000,0.02466,0.02502,0.02445,0.02477,793889.56
1736337600000,0.02477,0.02522,0.02449,0.02476,1634585.69
1736352000000,0.02476,0.02484,0.02372,0.02412,1546971.52
1736366400000,0.02412,0.02446,0.0239,0.0242,798847.03
1736380800000,0.0242,0.02427,0.02371,0.0239,885389.29
1736395200000,0.0239,0.02406,0.02341,0.02345,318982.75
1736409600000,0.02345,0.02373,0.02324,0.02356,921974.24
1736424000000,0.02356,0.02373,0.02281,0.02363,858272.51
1736438400000,0.02363,0.02384,0.023,0.02303,1008791.39
1736452800000,0.02303,0.02307,0.0226,0.02283,948458.12
1736467200000,0.02283,0.0231,0.02273,0.02284,501588.67
1736481600000,0.02284,0.02344,0.02274,0.02338,419570.78
1736496000000,0.02338,0.02403,0.02333,0.02401,417782.46
1736510400000,0.02401,0.02407,0.02299,0.02351,1210554.56
1736524800000,0.02351,0.02379,0.02311,0.02368,663798.56
1736539200000,0.02368,0.02377,0.02324,0.02341,597181.42
1736553600000,0.02341,0.02354,0.02328,0.02345,280734.96
1736568000000,0.02345,0.02356,0.02328,0.02334,221628.38
1736582400000,0.02334,0.0235,0.02294,0.0234,972457.79
1736596800000,0.0234,0.0234,0.023,0.02305,440706.57
1736611200000,0.02305,0.02447,0.02301,0.0244,1620505.74
1736625600000,0.0244,0.02556,0.02428,0.02484,2367772.41
1736640000000,0.02484,0.02498,0.02412,0.02488,978911.19
1736654400000,0.02488,0.02508,0.0244,0.02441,398779.58
1736668800000,0.02441,0.02507,0.02428,0.02477,607936.83
1736683200000,0.02477,0.02551,0.02473,0.0249,962028.49
1736697600000,0.0249,0.02494,0.02433,0.0245,787476.27
1736712000000,0.0245,0.02476,0.02404,0.02417,568543.87
1736726400000,0.02417,0.02441,0.02367,0.02373,791999.85
1736740800000,0.02373,0.02411,0.02334,0.02336,1057008.89
1736755200000,0.02336,0.02341,0.02219,0.02219,1246608.11
1736769600000,0.02219,0.02361,0.02213,0.02344,1466360.02
1736784000000,0.02344,0.02365,0.02288,0.02304,868644.46
1736798400000,0.02304,0.02364,0.02292,0.0234,865663.03
1736812800000,0.0234,0.02363,0.02322,0.02339,519545.08
1736827200000,0.02339,0.02386,0.02339,0.02358,485874.25
1736841600000,0.02358,0.02405,0.02354,0.02401,450301.67
1736856000000,0.02401,0.02406,0.02356,0.02378,567470.13
1736870400000,0.02378,0.02449,0.0236,0.02423,1158617.1
1736884800000,0.02423,0.02458,0.02412,0.0245,633300.39
1736899200000,0.0245,0.02529,0.02443,0.02497,1101499.48
1736913600000,0.02497,0.02534,0.02464,0.02484,774538.14
1736928000000,0.02484,0.02491,0.0243,0.02442,348607.37
1736942400000,0.02442,0.0255,0.02421,0.02547,998316.18
1736956800000,0.02547,0.02593,0.02505,0.02535,969191.01
1736971200000,0.02535,0.02697,0.02501,0.02683,1898472.01
1736985600000,0.02683,0.02692,0.02575,0.0258,1097584.01
1737000000000,0.0258,0.02629,0.02567,0.02599,377321.04
1737014400000,0.02599,0.02637,0.02541,0.02632,1071883.71
1737028800000,0.02632,0.02672,0.02558,0.02599,1885333.19
1737043200000,0.02599,0.02724,0.02585,0.0272,1858017.32
1737057600000,0.0272,0.02907,0.02717,0.02769,3601926.63
1737072000000,0.02769,0.02891,0.02749,0.02829,1385372.21
1737086400000,0.02829,0.02873,0.02799,0.02808,1005247.89
1737100800000,0.02808,0.02887,0.02741,0.02813,1867675.53
1737115200000,0.02813,0.03196,0.02778,0.03084,4616748.13
1737129600000,0.03084,0.03226,0.0296,0.02984,5690318.17
1737144000000,0.02984,0.03018,0.02939,0.02991,1172340.94
1737158400000,0.02991,0.03032,0.02935,0.02938,1274885.89
1737172800000,0.02938,0.02962,0.02791,0.02791,1348311.34
1737187200000,0.02791,0.02798,0.02687,0.02766,847247.86
1737201600000,0.02766,0.02983,0.02757,0.02838,2453548.02
1737216000000,0.02838,0.03024,0.02806,0.02943,2284148.06
1737230400000,0.02943,0.03277,0.02942,0.03016,4233388.86
1737244800000,0.03016,0.03147,0.03005,0.0312,1661193.79
1737259200000,0.0312,0.0312,0.02948,0.02951,1013059.76
1737273600000,0.02951,0.02977,0.02692,0.02726,2806889.84
1737288000000,0.02726,0.02841,0.02726,0.02834,1298195.14
1737302400000,0.02834,0.02855,0.02769,0.02822,684546.58
1737316800000,0.02822,0.02886,0.02602,0.02632,2012444.12
1737331200000,0.02632,0.02673,0.02555,0.02672,1358592.45
1737345600000,0.02672,0.02818,0.02627,0.02755,2076413.84
1737360000000,0.02755,0.02866,0.02754,0.02794,974203.81
1737374400000,0.02794,0.02801,0.0265,0.02656,1104510.26
1737388800000,0.02656,0.02771,0.02626,0.02702,1955608.94
1737403200000,0.02702,0.02726,0.02624,0.02726,700939.32
1737417600000,0.02726,0.02936,0.02704,0.02814,1873761.27
1737432000000,0.02814,0.02861,0.02726,0.02861,1054040.07
1737446400000,0.02861,0.03045,0.02798,0.02807,2670576.21
1737460800000,0.02807,0.02855,0.02778,0.02846,1374222.33
1737475200000,0.02846,0.03072,0.0284,0.02935,3363920.97
1737489600000,0.02935,0.03057,0.0291,0.02958,1473739.83
1737504000000,0.02958,0.03004,0.02853,0.02862,1609933.98
1737518400000,0.02862,0.02873,0.02809,0.02817,713140.29
1737532800000,0.02817,0.02903,0.02817,0.0282,734973.8
1737547200000,0.0282,0.02893,0.02817,0.02861,840676.68
1737561600000,0.02861,0.02911,0.02794,0.02869,819841.52
1737576000000,0.02869,0.02895,0.02791,0.02795,611893.22
1737590400000,0.02795,0.02805,0.02759,0.02768,422476.24
1737604800000,0.02768,0.02769,0.02715,0.0273,918636.82
1737619200000,0.0273,0.02742,0.02706,0.02709,522514.21
1737633600000,0.02709,0.02717,0.02679,0.02708,935370.76
1737648000000,0.02708,0.02751,0.02651,0.02657,1005002.72
1737662400000,0.02657,0.02714,0.02614,0.02657,1416356.66
1737676800000,0.02657,0.02661,0.02616,0.02631,776332.09
1737691200000,0.02631,0.02723,0.02627,0.02696,797265.88
1737705600000,0.02696,0.02737,0.02695,0.02727,516186.57
1737720000000,0.02727,0.02773,0.02701,0.02721,1085776.91
1737734400000,0.02721,0.02744,0.02664,0.02674,1027359.59
1737748800000,0.02674,0.02684,0.02614,0.02655,546478.77
1737763200000,0.02655,0.02686,0.02627,0.02662,1205392.42
1737777600000,0.02662,0.02662,0.02625,0.02646,384338.43
1737792000000,0.02646,0.02678,0.02637,0.02677,640294.58
1737806400000,0.02677,0.02684,0.02631,0.02642,699145.02
1737820800000,0.02642,0.02654,0.02616,0.02623,431711.14
1737835200000,0.02623,0.02647,0.02608,0.02623,352538.07
1737849600000,0.02623,0.02646,0.02608,0.02621,423460.01
1737864000000,0.02621,0.02646,0.02609,0.02625,800132.92
1737878400000,0.02625,0.02627,0.02589,0.02601,415946.09
1737892800000,0.02601,0.02607,0.02565,0.02583,874832.18
1737907200000,0.02583,0.02602,0.02558,0.02566,502138.41
1737921600000,0.02566,0.02597,0.02496,0.02499,687467.19
1737936000000,0.02499,0.02508,0.02393,0.02422,1077307.63
1737950400000,0.02422,0.02422,0.02313,0.02364,1579880.39
1737964800000,0.02364,0.02372,0.02314,0.0234,1199914.12
1737979200000,0.0234,0.0243,0.02328,0.02408,1213828.07
1737993600000,0.02408,0.02447,0.02384,0.02387,804722.77
1738008000000,0.02387,0.02466,0.02364,0.02465,905674.94
1738022400000,0.02465,0.02485,0.02419,0.02435,844905.35
1738036800000,0.02435,0.02502,0.02433,0.02491,754715.02
1738051200000,0.02491,0.02556,0.02444,0.02466,1182013.27
1738065600000,0.02466,0.02512,0.02439,0.02502,1118805.88
1738080000000,0.02502,0.02563,0.0247,0.02477,1003861.39
1738094400000,0.02477,0.02478,0.02345,0.02384,603871.3
1738108800000,0.02384,0.02452,0.02372,0.02382,1092645.59
1738123200000,0.02382,0.02422,0.02377,0.02412,310231.84
1738137600000,0.02412,0.02419,0.02375,0.02378,561265.54
1738152000000,0.02378,0.0238,0.02264,0.02322,1521046.3
1738166400000,0.02322,0.02398,0.02306,0.02397,1247398.81
1738180800000,0.02397,0.02434,0.02369,0.02378,664753.46
1738195200000,0.02378,0.02447,0.0237,0.02442,448051.98
1738209600000,0.02442,0.02695,0.02422,0.02612,2596621.18
1738224000000,0.02612,0.02621,0.02552,0.02594,1676632.56
1738238400000,0.02594,0.0261,0.02533,0.02581,1496447.9
1738252800000,0.02581,0.02896,0.02545,0.02714,4803135.75
1738267200000,0.02714,0.0277,0.0268,0.02702,1392384.59
1738281600000,0.02702,0.02722,0.02647,0.02665,1047790.83
1738296000000,0.02665,0.02766,0.02646,0.02646,1657397.2
1738310400000,0.02646,0.0265,0.02603,0.02622,750195.76
1738324800000,0.02622,0.02674,0.02589,0.02674,1171608.46
1738339200000,0.02674,0.02677,0.02546,0.02557,1163864.77
1738353600000,0.02557,0.0256,0.02514,0.02527,495994.9
1738368000000,0.02527,0.02545,0.02517,0.02527,398691.35
1738382400000,0.02527,0.02531,0.02464,0.02487,941264.75
1738396800000,0.02487,0.02492,0.02434,0.0244,748618.55
1738411200000,0.0244,0.0247,0.02417,0.02443,626319.44
1738425600000,0.02443,0.02459,0.02386,0.02386,951925.02
1738440000000,0.02386,0.02393,0.02351,0.02369,742116.78
1738454400000,0.02369,0.02425,0.0234,0.02341,668189.76
1738468800000,0.02341,0.02385,0.02339,0.02381,540476.07
1738483200000,0.02381,0.02422,0.02298,0.02304,755485.29
1738497600000,0.02304,0.02352,0.02283,0.02326,699728.73
1738512000000,0.02326,0.02327,0.02128,0.0221,2168119.99
1738526400000,0.0221,0.02253,0.01976,0.02115,2323937.77
1738540800000,0.02115,0.02115,0.01693,0.01947,5472974.11
1738555200000,0.01947,0.02077,0.01846,0.02069,1529733.29
1738569600000,0.02069,0.0213,0.02007,0.02062,1673737.19
1738584000000,0.02062,0.02164,0.01971,0.02162,2763093.11
1738598400000,0.02162,0.02241,0.02151,0.0224,1614300.55
1738612800000,0.0224,0.02297,0.02195,0.02242,1066368.58
1738627200000,0.02242,0.02269,0.02167,0.02202,579025.32
1738641600000,0.02202,0.02218,0.02098,0.02104,935452.99
1738656000000,0.02104,0.02168,0.02093,0.02144,942937.34
1738670400000,0.02144,0.02237,0.02131,0.02168,1604844.81
1738684800000,0.02168,0.02332,0.02142,0.02142,3139640.23
1738699200000,0.02142,0.02149,0.02031,0.02105,1035535.98
1738713600000,0.02105,0.02124,0.02068,0.02076,736312.91
1738728000000,0.02076,0.02104,0.0204,0.02068,620391.14
1738742400000,0.02068,0.02117,0.0205,0.02095,957395.71
1738756800000,0.02095,0.02109,0.0205,0.02071,571585.36
1738771200000,0.02071,0.02072,0.0198,0.02005,1387866.38
1738785600000,0.02005,0.02025,0.01964,0.02002,861799.47
1738800000000,0.02002,0.02027,0.01988,0.02001,523728.54
1738814400000,0.02001,0.02041,0.01995,0.02033,456771.65
1738828800000,0.02033,0.02035,0.01994,0.0201,323935.75
1738843200000,0.0201,0.02019,0.01911,0.0192,1104599.38
1738857600000,0.0192,0.02022,0.01917,0.01919,1274331.09
1738872000000,0.01919,0.01974,0.01901,0.01934,871413.7
1738886400000,0.01934,0.02054,0.01916,0.02021,1136641.85
1738900800000,0.02021,0.0207,0.01988,0.02042,743581.37
1738915200000,0.02042,0.0217,0.02035,0.02157,1908416.92
1738929600000,0.02157,0.02325,0.02156,0.02287,3045740.82
1738944000000,0.02287,0.02397,0.02279,0.02296,2503043.92
1738958400000,0.02296,0.02323,0.02191,0.022,1464356.38
1738972800000,0.022,0.02261,0.02175,0.02197,654032.09
1738987200000,0.02197,0.02208,0.02156,0.0219,672148.77
1739001600000,0.0219,0.02193,0.02106,0.0213,744503.38
1739016000000,0.0213,0.02167,0.02106,0.0211,490723.1
1739030400000,0.0211,0.02217,0.02102,0.02178,1463406.61
1739044800000,0.02178,0.02183,0.02134,0.02143,417238.19
1739059200000,0.02143,0.02195,0.02134,0.02193,536741.28
1739073600000,0.02193,0.02232,0.0218,0.02198,982671.54
1739088000000,0.02198,0.022,0.02159,0.02175,625538.08
1739102400000,0.02175,0.02182,0.02125,0.02129,562256.05
1739116800000,0.02129,0.02143,0.02081,0.02087,655231.4
1739131200000,0.02087,0.02115,0.02043,0.02113,955700.07
1739145600000,0.02113,0.02146,0.02076,0.02107,646448.09
1739160000000,0.02107,0.02123,0.02081,0.0209,255389.18
1739174400000,0.0209,0.02154,0.02082,0.02127,750036.49
1739188800000,0.02127,0.02139,0.02094,0.02119,771338.83
1739203200000,0.02119,0.02136,0.02081,0.02084,891674.25
1739217600000,0.02084,0.02145,0.0208,0.02128,772306.64
1739232000000,0.02128,0.02182,0.02128,0.02145,561366.06
1739246400000,0.02145,0.02209,0.02143,0.02182,789446.31
1739260800000,0.02182,0.02192,0.02154,0.02166,283107.69
1739275200000,0.02166,0.02167,0.02123,0.02123,645256.27
1739289600000,0.02123,0.02147,0.02047,0.02048,1008256.05
1739304000000,0.02048,0.02077,0.02035,0.02041,501597.36
1739318400000,0.02041,0.02054,0.02028,0.02038,238707.19
1739332800000,0.02038,0.02049,0.02023,0.02046,225930.27
1739347200000,0.02046,0.02074,0.02039,0.02068,263883.07
1739361600000,0.02068,0.02081,0.01988,0.0199,984660.22
1739376000000,0.0199,0.02059,0.01988,0.02055,532091.09
1739390400000,0.02055,0.02126,0.02049,0.02107,1483896.2
1739404800000,0.02107,0.02142,0.02096,0.0211,440382.17
1739419200000,0.0211,0.0216,0.02103,0.02104,636396.86
1739433600000,0.02104,0.02142,0.02095,0.02096,292589.95
1739448000000,0.02096,0.02121,0.02068,0.02069,454868.63
1739462400000,0.02069,0.02154,0.02013,0.02103,1310978.68
1739476800000,0.02103,0.02171,0.02094,0.02151,1184037.04
1739491200000,0.02151,0.02158,0.02092,0.02147,724310.58
1739505600000,0.02147,0.02149,0.02091,0.02112,530241.68
1739520000000,0.02112,0.02197,0.02102,0.02128,1547551.79
1739534400000,0.02128,0.02152,0.02115,0.02141,438430.32
1739548800000,0.02141,0.02175,0.02116,0.02157,585038.24
1739563200000,0.02157,0.02178,0.0214,0.02146,628071.3
1739577600000,0.02146,0.02199,0.02129,0.0219,545925.9
1739592000000,0.0219,0.02203,0.02181,0.02189,319999.01
1739606400000,0.02189,0.02204,0.02163,0.022,430783.07
1739620800000,0.022,0.02308,0.02195,0.02215,1518584.31
1739635200000,0.02215,0.02216,0.02138,0.0214,1007638.57
1739649600000,0.0214,0.02152,0.02131,0.02152,318354.88
1739664000000,0.02152,0.02163,0.02137,0.02161,193295.32
1739678400000,0.02161,0.02175,0.02128,0.02129,138712.41
1739692800000,0.02129,0.02168,0.02128,0.0215,377674.47
1739707200000,0.0215,0.02165,0.02117,0.02151,520167.95
1739721600000,0.02151,0.02165,0.02118,0.02139,337562.17
1739736000000,0.02139,0.0217,0.02126,0.02165,312271.55
1739750400000,0.02165,0.02173,0.0213,0.02164,256547.85
1739764800000,0.02164,0.02168,0.0211,0.02111,552972.83
1739779200000,0.02111,0.02147,0.02099,0.02131,359030.05
1739793600000,0.02131,0.02158,0.02107,0.02111,525665.28
1739808000000,0.02111,0.02122,0.02084,0.02086,709769.32
1739822400000,0.02086,0.02096,0.02059,0.02062,859059.69
1739836800000,0.02062,0.02075,0.02049,0.02051,380259.37
1739851200000,0.02051,0.02069,0.02016,0.0204,674364.34
1739865600000,0.0204,0.02043,0.02009,0.02013,529388.74
1739880000000,0.02013,0.02039,0.02003,0.02004,590563.46
1739894400000,0.02004,0.02014,0.01963,0.02007,1163299.48
1739908800000,0.02007,0.02011,0.01985,0.01998,655362.86
1739923200000,0.01998,0.02031,0.01986,0.02011,1173801.17
1739937600000,0.02011,0.02029,0.01991,0.02022,382835.35
1739952000000,0.02022,0.02049,0.02014,0.02045,346425.5
1739966400000,0.02045,0.02052,0.02013,0.02046,835529.53
1739980800000,0.02046,0.02051,0.02025,0.02039,219073.17
1739995200000,0.02039,0.02047,0.02014,0.02045,531017.15
1740009600000,0.02045,0.0205,0.02021,0.02048,343177.07
1740024000000,0.02048,0.0205,0.02014,0.02015,521891.8
1740038400000,0.02015,0.02028,0.02004,0.02022,413198.75
1740052800000,0.02022,0.02038,0.01999,0.02,447050.89
1740067200000,0.02,0.02029,0.01991,0.02015,620860.58
1740081600000,0.02015,0.02034,0.01989,0.01993,887573.48
1740096000000,0.01993,0.02008,0.01981,0.01993,796207.68
1740110400000,0.01993,0.02011,0.01993,0.02002,301354.46
1740124800000,0.02002,0.02034,0.02,0.0202,577052.94
1740139200000,0.0202,0.0205,0.02,0.02006,1127851.54
1740153600000,0.02006,0.02067,0.01979,0.01979,1699903.12
1740168000000,0.01979,0.02054,0.01962,0.01994,2674109.39
1740182400000,0.01994,0.02021,0.01955,0.02013,1019324.08
1740196800000,0.02013,0.02014,0.01949,0.01971,1200731.33
1740211200000,0.01971,0.0199,0.01964,0.01983,258272.84
1740225600000,0.01983,0.02065,0.01977,0.01992,1133233.25
1740240000000,0.01992,0.02009,0.01978,0.01999,547451.08
1740254400000,0.01999,0.02029,0.01986,0.02006,672563.11
1740268800000,0.02006,0.02007,0.01987,0.01997,228191.74
1740283200000,0.01997,0.02011,0.01992,0.02009,441302.47
1740297600000,0.02009,0.0202,0.01986,0.01986,156664.39
1740312000000,0.01986,0.01993,0.01953,0.01963,878009.6
1740326400000,0.01963,0.01994,0.01958,0.01981,652055.13
1740340800000,0.01981,0.01997,0.01956,0.01967,502861.36
1740355200000,0.01967,0.01988,0.01947,0.01954,513557.5
1740369600000,0.01954,0.01958,0.01915,0.01944,960476.12
1740384000000,0.01944,0.01945,0.01898,0.0191,861038.51
1740398400000,0.0191,0.0192,0.01857,0.01871,1233443.57
1740412800000,0.01871,0.01899,0.01824,0.01831,1443953.02
1740427200000,0.01831,0.01843,0.01733,0.01746,1891629.7
1740441600000,0.01746,0.01796,0.01714,0.01785,1177946.34
1740456000000,0.01785,0.01786,0.0166,0.01696,1360967.61
1740470400000,0.01696,0.0171,0.01613,0.01653,1697446.7
1740484800000,0.01653,0.01716,0.01628,0.01696,2208842.31
1740499200000,0.01696,0.01717,0.01661,0.01715,1562326.58
1740513600000,0.01715,0.01767,0.01711,0.01741,1334020.95
1740528000000,0.01741,0.01751,0.01716,0.01733,706539.33
1740542400000,0.01733,0.01772,0.01733,0.01769,475451.86
1740556800000,0.01769,0.01799,0.01756,0.01761,572102.67
1740571200000,0.01761,0.01767,0.01682,0.01719,1402606.38
1740585600000,0.01719,0.01739,0.01635,0.01664,1072323.37
1740600000000,0.01664,0.01707,0.01639,0.01699,969797.56
1740614400000,0.01699,0.01708,0.0167,0.01705,434938.46
1740628800000,0.01705,0.01733,0.01696,0.01731,368649.82
1740643200000,0.01731,0.01734,0.01705,0.01718,494197.62
1740657600000,0.01718,0.01727,0.01669,0.01726,936855.6
1740672000000,0.01726,0.01731,0.01677,0.01714,507422.53
1740686400000,0.01714,0.01714,0.01662,0.01705,806227.25
1740700800000,0.01705,0.01706,0.016,0.01602,950843.4
1740715200000,0.01602,0.01607,0.01539,0.01566,1033405.13
1740729600000,0.01566,0.01631,0.01541,0.01588,1087064.52
1740744000000,0.01588,0.01715,0.01577,0.01706,1667121.01
1740758400000,0.01706,0.01708,0.01663,0.01697,539199.58
1740772800000,0.01697,0.01698,0.01645,0.01657,526069.96
1740787200000,0.01657,0.01662,0.01619,0.01662,800369.79
1740801600000,0.01662,0.01683,0.01618,0.01632,831613.72
1740816000000,0.01632,0.01646,0.01606,0.01612,667335.77
1740830400000,0.01612,0.01651,0.01605,0.01614,689698.64
1740844800000,0.01614,0.01699,0.01612,0.01681,748569.13
1740859200000,0.01681,0.01723,0.01654,0.0172,1214364.92
1740873600000,0.0172,0.0172,0.01656,0.01678,852301.49
1740888000000,0.01678,0.01687,0.01664,0.01671,221319.05
1740902400000,0.01671,0.01744,0.01661,0.0168,965225.57
1740916800000,0.0168,0.01771,0.01654,0.0175,1713237.45
1740931200000,0.0175,0.01891,0.01743,0.01853,3334918.08
1740945600000,0.01853,0.01903,0.01852,0.01882,1157335.62
1740960000000,0.01882,0.0189,0.01818,0.01833,815891.65
1740974400000,0.01833,0.01843,0.0178,0.0179,747892.34
1740988800000,0.0179,0.01801,0.01751,0.0177,671789.9
1741003200000,0.0177,0.01829,0.0175,0.01813,1052265.2
1741017600000,0.01813,0.01944,0.01789,0.01811,3313414.64
1741032000000,0.01811,0.01823,0.0174,0.01746,1098799.94
1741046400000,0.01746,0.01766,0.01616,0.01642,1667065.75
1741060800000,0.01642,0.01682,0.01619,0.0162,865421.03
1741075200000,0.0162,0.01661,0.01617,0.01619,819268.8
1741089600000,0.01619,0.01639,0.01569,0.0157,1730285.27
1741104000000,0.0157,0.01701,0.01552,0.01698,1273694.41
1741118400000,0.01698,0.01718,0.01668,0.01697,1213055.44
1741132800000,0.01697,0.01697,0.01643,0.01646,660148.86
1741147200000,0.01646,0.01702,0.01642,0.01672,412552.19
1741161600000,0.01672,0.01744,0.01672,0.01706,631160.48
1741176000000,0.01706,0.01748,0.01685,0.01706,712892.57
1741190400000,0.01706,0.01732,0.01669,0.01712,725722.9
1741204800000,0.01712,0.01753,0.017,0.01733,800629.54
1741219200000,0.01733,0.01761,0.01716,0.01759,623423.17
1741233600000,0.01759,0.01784,0.01735,0.01738,763856.08
1741248000000,0.01738,0.01772,0.0173,0.01748,612354.04
1741262400000,0.01748,0.01756,0.01686,0.01688,1080973.72
1741276800000,0.01688,0.0169,0.0163,0.01652,873885.63
1741291200000,0.01652,0.0168,0.01636,0.01672,473259.13
1741305600000,0.01672,0.01681,0.01625,0.01638,874086.63
1741320000000,0.01638,0.01684,0.01621,0.01667,564056.31
1741334400000,0.01667,0.01706,0.01664,0.01701,448191.69
1741348800000,0.01701,0.01718,0.01674,0.01678,477596.6
1741363200000,0.01678,0.01693,0.01654,0.01659,463297.12
1741377600000,0.01659,0.01687,0.01636,0.01676,617890.98
1741392000000,0.01676,0.017,0.01648,0.01675,529081.26
1741406400000,0.01675,0.01693,0.01649,0.01658,411359.46
1741420800000,0.01658,0.0166,0.01629,0.01636,304971.13
1741435200000,0.01636,0.01658,0.01629,0.01632,689920.65
1741449600000,0.01632,0.01666,0.01624,0.01661,544590.9
1741464000000,0.01661,0.01772,0.01657,0.01677,2208834.17
1741478400000,0.01677,0.01685,0.01648,0.01649,307132.6
1741492800000,0.01649,0.01663,0.0163,0.01634,418109.77
1741507200000,0.01634,0.01638,0.01592,0.01593,465376.79
1741521600000,0.01593,0.01616,0.01569,0.0157,690750.24
1741536000000,0.0157,0.01579,0.01526,0.01548,1136069.51
1741550400000,0.01548,0.01568,0.0153,0.01548,590510.31
1741564800000,0.01548,0.01582,0.01493,0.01494,1430419.25
1741579200000,0.01494,0.01535,0.01488,0.01534,743691.14
1741593600000,0.01534,0.01557,0.01514,0.01542,669208.89
1741608000000,0.01542,0.01577,0.01483,0.01503,1559376.53
1741622400000,0.01503,0.01506,0.01381,0.01428,2066087.32
1741636800000,0.01428,0.01438,0.01408,0.01413,702496.68
1741651200000,0.01413,0.01435,0.01371,0.01428,975545.67
1741665600000,0.01428,0.01465,0.0142,0.01465,577191.15
1741680000000,0.01465,0.01546,0.01464,0.01522,1246935.46
1741694400000,0.01522,0.01532,0.01469,0.01516,1106089.92
1741708800000,0.01516,0.01601,0.01463,0.01564,1797140.73
1741723200000,0.01564,0.01576,0.0154,0.01547,685636.25
1741737600000,0.01547,0.01556,0.0149,0.01491,851987.59
1741752000000,0.01491,0.0156,0.01478,0.01543,1122407.5
1741766400000,0.01543,0.01546,0.01503,0.01535,415254.64
1741780800000,0.01535,0.01551,0.01451,0.01479,1410091.49
1741795200000,0.01479,0.01503,0.01463,0.01475,647009.82
1741809600000,0.01475,0.01514,0.01474,0.01509,678433.84
1741824000000,0.01509,0.01515,0.01471,0.01476,872027.64
1741838400000,0.01476,0.01478,0.01458,0.01462,268522.45
1741852800000,0.01462,0.01522,0.01455,0.01485,1249337.55
1741867200000,0.01485,0.01487,0.01456,0.0146,904187.09
1741881600000,0.0146,0.01462,0.01383,0.01407,1326584.98
1741896000000,0.01407,0.0144,0.01399,0.01419,469514.06
1741910400000,0.01419,0.01448,0.01416,0.01437,370639.35
1741924800000,0.01437,0.01464,0.01431,0.01439,256685.86
1741939200000,0.01439,0.01478,0.01434,0.01477,559753.71
1741953600000,0.01477,0.01489,0.01445,0.01474,756600.43
1741968000000,0.01474,0.01638,0.01464,0.0153,2357736.1
1741982400000,0.0153,0.01543,0.01498,0.01499,566128.99
1741996800000,0.01499,0.01527,0.01498,0.01526,465519.75
1742011200000,0.01526,0.01555,0.01525,0.01528,590596.47
1742025600000,0.01528,0.01622,0.01524,0.01616,1235069.92
1742040000000,0.01616,0.01626,0.01553,0.01588,2350037.88
1742054400000,0.01588,0.01604,0.01549,0.0155,851848.07
1742068800000,0.0155,0.01591,0.01547,0.0158,448621.6
1742083200000,0.0158,0.0158,0.01506,0.01523,773308.37
1742097600000,0.01523,0.01531,0.01511,0.0153,438530.4
1742112000000,0.0153,0.01532,0.01492,0.01498,543514.14
1742126400000,0.01498,0.0151,0.01492,0.01502,279135.92
1742140800000,0.01502,0.01527,0.01497,0.01515,592381.04
1742155200000,0.01515,0.01521,0.01492,0.01499,192302.31
1742169600000,0.01499,0.01527,0.01499,0.01514,216919.28
1742184000000,0.01514,0.01532,0.01501,0.01509,493122.59
1742198400000,0.01509,0.01531,0.01501,0.0151,669636.87
1742212800000,0.0151,0.01529,0.01498,0.01502,587275.09
1742227200000,0.01502,0.01518,0.01486,0.0151,620086.5
1742241600000,0.0151,0.01538,0.01505,0.01509,473185.3
1742256000000,0.01509,0.0152,0.01488,0.01489,826655.57
1742270400000,0.01489,0.01493,0.0145,0.01464,545140.79
1742284800000,0.01464,0.01531,0.01462,0.01483,3224489.68
1742299200000,0.01483,0.01509,0.01464,0.01495,1197070.89
1742313600000,0.01495,0.01497,0.01465,0.0149,629568.35
1742328000000,0.0149,0.01493,0.0147,0.01487,615713.59
1742342400000,0.01487,0.01502,0.0148,0.01502,288620.71
1742356800000,0.01502,0.01505,0.0148,0.0148,233475.72
1742371200000,0.0148,0.01514,0.0148,0.01511,674254.49
1742385600000,0.01511,0.01546,0.01488,0.01541,1897992.71
1742400000000,0.01541,0.01545,0.015,0.01518,1370455.81
1742414400000,0.01518,0.01535,0.01505,0.01532,647175.92
1742428800000,0.01532,0.01537,0.01504,0.01511,444801.72
1742443200000,0.01511,0.01517,0.01497,0.01504,396121.7
1742457600000,0.01504,0.01532,0.01488,0.01488,627382.36
1742472000000,0.01488,0.01498,0.01476,0.01479,832013.26
1742486400000,0.01479,0.01485,0.01458,0.01477,1063342.99
1742500800000,0.01477,0.015,0.01457,0.01468,735821.96
1742515200000,0.01468,0.01482,0.0146,0.01461,400970.82
1742529600000,0.01461,0.01474,0.01456,0.01466,452972.33
1742544000000,0.01466,0.01478,0.01452,0.01467,605227.05
1742558400000,0.01467,0.01524,0.0145,0.01499,1563135.2
1742572800000,0.01499,0.01499,0.01459,0.01472,1422507.39
1742587200000,0.01472,0.01481,0.01451,0.01481,1059286.62
1742601600000,0.01481,0.01544,0.01466,0.01504,2425863.07
1742616000000,0.01504,0.01547,0.01484,0.01538,942203.92
1742630400000,0.01538,0.01538,0.01493,0.01494,445168.63
1742644800000,0.01494,0.01495,0.01473,0.01481,505062.96
1742659200000,0.01481,0.01504,0.01468,0.01474,687541.09
1742673600000,0.01474,0.01479,0.01454,0.01462,613547.77
1742688000000,0.01462,0.01471,0.0145,0.01462,354869.26
1742702400000,0.01462,0.01472,0.0145,0.01465,568737.88
1742716800000,0.01465,0.01476,0.01456,0.01461,700156.6
1742731200000,0.01461,0.01465,0.0145,0.01451,426131.4
1742745600000,0.01451,0.01459,0.01442,0.01445,371836.07
1742760000000,0.01445,0.01474,0.01441,0.01471,756911.76
1742774400000,0.01471,0.01494,0.01457,0.01465,954334.4
1742788800000,0.01465,0.01491,0.01465,0.01477,702292.06
1742803200000,0.01477,0.01496,0.01459,0.01465,1045451.4
1742817600000,0.01465,0.01486,0.01442,0.01469,1849456.54
1742832000000,0.01469,0.01501,0.01464,0.0148,863243.79
1742846400000,0.0148,0.01492,0.01456,0.01468,705111.18
1742860800000,0.01468,0.01482,0.01442,0.01445,1189102.88
1742875200000,0.01445,0.01481,0.01443,0.01461,609378.44
1742889600000,0.01461,0.01488,0.0146,0.01478,639068.84
1742904000000,0.01478,0.01486,0.01468,0.01469,936468.69
1742918400000,0.01469,0.01472,0.01449,0.01459,714393.29
1742932800000,0.01459,0.01463,0.01441,0.0146,601623.46
1742947200000,0.0146,0.01478,0.01449,0.01453,709968.48
1742961600000,0.01453,0.01508,0.01451,0.01497,1079148.76
1742976000000,0.01497,0.01515,0.01494,0.01502,632320.92
1742990400000,0.01502,0.01507,0.01472,0.01483,1258226.59
1743004800000,0.01483,0.01486,0.01456,0.01457,813441.6
1743019200000,0.01457,0.01468,0.01451,0.01464,540717.06
1743033600000,0.01464,0.0148,0.01456,0.01473,766132.73
1743048000000,0.01473,0.01476,0.01466,0.01469,243950.02
1743062400000,0.01469,0.0147,0.0145,0.01451,726128.16
1743076800000,0.01451,0.01465,0.01444,0.01457,617313.11
1743091200000,0.01457,0.01462,0.01397,0.01429,1366179.65
1743105600000,0.01429,0.01437,0.01405,0.01409,775858.51
1743120000000,0.01409,0.01418,0.01401,0.01407,691215.33
1743134400000,0.01407,0.0141,0.01367,0.01378,1158980.2
1743148800000,0.01378,0.0139,0.0137,0.01381,639990.57
1743163200000,0.01381,0.01385,0.01362,0.01369,694920.21
1743177600000,0.01369,0.01375,0.01343,0.01354,727735.28
1743192000000,0.01354,0.01377,0.01354,0.01371,318596.7
1743206400000,0.01371,0.01389,0.01303,0.01328,1614671.07
1743220800000,0.01328,0.01334,0.0131,0.01315,535428.08
1743235200000,0.01315,0.01332,0.01278,0.01289,1067425.87
1743249600000,0.01289,0.01346,0.01287,0.01336,997355.29
1743264000000,0.01336,0.01428,0.01322,0.01392,1526049.36
1743278400000,0.01392,0.01393,0.013,0.01315,1740083.79
1743292800000,0.01315,0.0134,0.01306,0.01335,372447.74
1743307200000,0.01335,0.01349,0.01325,0.01338,576728.66
1743321600000,0.01338,0.01352,0.01332,0.01335,381843.26
1743336000000,0.01335,0.01338,0.01319,0.01323,441516.64
1743350400000,0.01323,0.01475,0.01302,0.01351,1383104.35
1743364800000,0.01351,0.01403,0.01351,0.01386,1308983.08
1743379200000,0.01386,0.01388,0.01334,0.01347,1000244.53
1743393600000,0.01347,0.0137,0.01329,0.01335,927344.06
1743408000000,0.01335,0.01371,0.013,0.01353,1761692.09
1743422400000,0.01353,0.01428,0.01349,0.01407,2198921.05
1743436800000,0.01407,0.01419,0.01374,0.01376,795656.69
1743451200000,0.01376,0.0138,0.01361,0.01373,693524.23
1743465600000,0.01373,0.014,0.01367,0.01394,399772.95
1743480000000,0.01394,0.01409,0.01388,0.01391,361314.2
1743494400000,0.01391,0.01411,0.01368,0.01369,723413.51
1743508800000,0.01369,0.01401,0.01365,0.01393,951622.47
1743523200000,0.01393,0.01396,0.01343,0.01363,1169277.23
1743537600000,0.01363,0.01381,0.01356,0.01367,373056.67
1743552000000,0.01367,0.01368,0.01326,0.01348,642152.08
1743566400000,0.01348,0.01353,0.01301,0.01309,777831.86
1743580800000,0.01309,0.01352,0.01304,0.01329,729973.35
1743595200000,0.01329,0.01374,0.01315,0.01346,1239028.54
1743609600000,0.01346,0.01359,0.01312,0.01328,1473314.82
1743624000000,0.01328,0.01354,0.01279,0.01297,1856247.42
1743638400000,0.01297,0.01343,0.01294,0.01314,1038376.84
1743652800000,0.01314,0.01336,0.01289,0.01299,596614.57
1743667200000,0.01299,0.01339,0.01286,0.01307,2441103.32
1743681600000,0.01307,0.01342,0.01283,0.01328,2783451.03
1743696000000,0.01328,0.01347,0.01296,0.01308,1693875.69
1743710400000,0.01308,0.01334,0.01296,0.01303,1079462.64
1743724800000,0.01303,0.01319,0.01297,0.01315,593218.96
1743739200000,0.01315,0.01322,0.01282,0.0131,1572592.53
1743753600000,0.0131,0.01338,0.01294,0.01319,1105374.83
1743768000000,0.01319,0.0134,0.01315,0.01325,1085438.57
1743782400000,0.01325,0.01355,0.01315,0.01329,1567704.23
1743796800000,0.01329,0.01356,0.01316,0.01337,990196.77
1743811200000,0.01337,0.0135,0.01335,0.01343,259256.43
1743825600000,0.01343,0.01357,0.01338,0.01345,862013.69
1743840000000,0.01345,0.01365,0.01342,0.01342,1261126.57
1743854400000,0.01342,0.01348,0.01296,0.01299,1531860.53
1743868800000,0.01299,0.01321,0.01296,0.01301,505259.42
1743883200000,0.01301,0.0132,0.01293,0.01319,520317.46
1743897600000,0.01319,0.01321,0.01306,0.01312,770835.61
1743912000000,0.01312,0.0132,0.01308,0.01312,528270.31
1743926400000,0.01312,0.01327,0.01308,0.01315,649561.57
1743940800000,0.01315,0.01318,0.01293,0.01301,640586.4
1743955200000,0.01301,0.01301,0.01224,0.01246,1748521.65
1743969600000,0.01246,0.01249,0.01195,0.01213,1777311.45
1743984000000,0.01213,0.01213,0.01145,0.01145,2954385.77
1743998400000,0.01145,0.0116,0.01088,0.01119,2265570.81
1744012800000,0.01119,0.01179,0.01111,0.01149,1677719.0
1744027200000,0.01149,0.01209,0.0114,0.01186,1990962.36
1744041600000,0.01186,0.01199,0.01162,0.01182,1170279.96
1744056000000,0.01182,0.012,0.01177,0.01179,802869.68
1744070400000,0.01179,0.01193,0.01175,0.01177,709459.62
1744084800000,0.01177,0.01193,0.01172,0.01176,769319.06
1744099200000,0.01176,0.01196,0.01166,0.01196,540475.23
1744113600000,0.01196,0.01202,0.01162,0.01179,743395.73
1744128000000,0.01179,0.01179,0.01135,0.01154,1961811.18
1744142400000,0.01154,0.01154,0.01101,0.01118,1120788.16
1744156800000,0.01118,0.01132,0.01115,0.01121,662190.82
1744171200000,0.01121,0.01156,0.01121,0.01152,721928.73
1744185600000,0.01152,0.01155,0.01124,0.01128,600433.45
1744200000000,0.01128,0.01152,0.01123,0.01145,758336.69
1744214400000,0.01145,0.01856,0.01132,0.01622,5850622.08
1744228800000,0.01622,0.01732,0.01459,0.0147,10252835.59
1744243200000,0.0147,0.01572,0.01452,0.0153,3998793.18
1744257600000,0.0153,0.01535,0.01439,0.01469,2919727.3
1744272000000,0.01469,0.01476,0.0142,0.01424,1424781.61
1744286400000,0.01424,0.01501,0.01394,0.01419,3752973.6
1744300800000,0.01419,0.01573,0.01359,0.01435,6144444.88
1744315200000,0.01435,0.01452,0.0139,0.014,1663518.43
1744329600000,0.014,0.01422,0.01382,0.01412,886547.19
1744344000000,0.01412,0.01422,0.01387,0.01403,1190646.04
1744358400000,0.01403,0.01432,0.01392,0.01421,1922544.65
1744372800000,0.01421,0.0155,0.0142,0.01491,5551081.28
1744387200000,0.01491,0.01556,0.01472,0.01512,3219149.83
1744401600000,0.01512,0.01516,0.01466,0.01503,1251943.99
1744416000000,0.01503,0.01574,0.01491,0.01522,2462777.2
1744430400000,0.01522,0.01535,0.01498,0.01513,877903.82
1744444800000,0.01513,0.01528,0.01499,0.01506,622124.28
1744459200000,0.01506,0.01598,0.01498,0.01557,2151201.35
1744473600000,0.01557,0.01559,0.01516,0.01528,757579.24
1744488000000,0.01528,0.01645,0.01524,0.01566,1640313.12
1744502400000,0.01566,0.01573,0.01542,0.01551,316883.83
1744516800000,0.01551,0.01551,0.01519,0.01536,615230.58
1744531200000,0.01536,0.01602,0.01525,0.01549,1094152.47
1744545600000,0.01549,0.01598,0.01545,0.01559,1361997.54
1744560000000,0.01559,0.0191,0.01558,0.01883,7234803.89
1744574400000,0.01883,0.01883,0.01634,0.01644,4814588.35
1744588800000,0.01644,0.01773,0.01643,0.01725,2336058.35
1744603200000,0.01725,0.01836,0.01722,0.01769,3167153.4
1744617600000,0.01769,0.01772,0.01691,0.01703,1771823.84
1744632000000,0.01703,0.01746,0.01638,0.0164,1901117.33
1744646400000,0.0164,0.01721,0.01638,0.01649,2897332.0
1744660800000,0.01649,0.01678,0.01637,0.01657,855657.46
1744675200000,0.01657,0.01675,0.0164,0.01657,545097.31
1744689600000,0.01657,0.01663,0.01612,0.01634,1020440.23
1744704000000,0.01634,0.01639,0.01599,0.01611,897529.82
1744718400000,0.01611,0.01629,0.01561,0.01575,1173258.15
1744732800000,0.01575,0.01588,0.01549,0.0157,1010760.66
1744747200000,0.0157,0.01571,0.01529,0.01539,733559.66
1744761600000,0.01539,0.01539,0.01506,0.0152,1018678.41
1744776000000,0.0152,0.01574,0.0151,0.01519,1353817.78
1744790400000,0.01519,0.01527,0.01481,0.01481,943593.37
1744804800000,0.01481,0.01494,0.01458,0.01474,1813875.59
1744819200000,0.01474,0.01479,0.01414,0.0146,2000232.96
1744833600000,0.0146,0.01491,0.01435,0.01454,1575638.86
1744848000000,0.01454,0.01487,0.01453,0.01478,245475.62
1744862400000,0.01478,0.01551,0.01477,0.01509,740443.77
1744876800000,0.01509,0.01521,0.01499,0.01502,233947.71
1744891200000,0.01502,0.01507,0.01453,0.01489,985837.67
1744905600000,0.01489,0.01513,0.01474,0.01476,549132.67
1744920000000,0.01476,0.01518,0.01463,0.01514,472236.37
1744934400000,0.01514,0.01517,0.015,0.01512,144968.52
1744948800000,0.01512,0.01521,0.01495,0.01505,248088.35
1744963200000,0.01505,0.01508,0.01492,0.01505,197292.89
1744977600000,0.01505,0.01732,0.01502,0.01671,4734105.53
1744992000000,0.01671,0.0169,0.01598,0.01614,2143027.79
1745006400000,0.01614,0.01614,0.01569,0.01578,620670.36
1745020800000,0.01578,0.01613,0.0156,0.01599,624653.63
1745035200000,0.01599,0.01616,0.01585,0.0161,451979.46
1745049600000,0.0161,0.01694,0.0159,0.01647,1727637.31
1745064000000,0.01647,0.01668,0.0162,0.0162,1622828.89
1745078400000,0.0162,0.01636,0.01597,0.01598,1069444.29
1745092800000,0.01598,0.01688,0.01596,0.01647,1232965.47
1745107200000,0.01647,0.01718,0.01646,0.01671,1099658.98
1745121600000,0.01671,0.01677,0.01631,0.01642,432706.07
1745136000000,0.01642,0.01657,0.01603,0.01606,509981.47
1745150400000,0.01606,0.01633,0.01604,0.0161,536554.1
1745164800000,0.0161,0.01635,0.01604,0.01605,668218.15
1745179200000,0.01605,0.01631,0.01601,0.01623,486120.88
1745193600000,0.01623,0.01677,0.01622,0.01656,641986.2
1745208000000,0.01656,0.01664,0.01625,0.01653,527537.44
1745222400000,0.01653,0.01669,0.0163,0.01639,452034.46
1745236800000,0.01639,0.01652,0.01622,0.01628,391894.29
1745251200000,0.01628,0.01629,0.01588,0.01604,608032.88
1745265600000,0.01604,0.0171,0.01599,0.01625,1395218.57
1745280000000,0.01625,0.01653,0.01609,0.01612,297095.74
1745294400000,0.01612,0.01622,0.01602,0.01619,397429.49
1745308800000,0.01619,0.01629,0.01598,0.01627,604854.85
1745323200000,0.01627,0.01671,0.01618,0.01659,1113542.44
1745337600000,0.01659,0.01663,0.01626,0.01638,585417.39
1745352000000,0.01638,0.01661,0.0163,0.01654,604061.33
1745366400000,0.01654,0.01674,0.01649,0.01673,294893.43
1745380800000,0.01673,0.0169,0.01661,0.01678,452835.1
1745395200000,0.01678,0.017,0.01659,0.01666,853248.39
1745409600000,0.01666,0.01686,0.01628,0.01657,788766.31
1745424000000,0.01657,0.01711,0.01643,0.01685,908146.1
1745438400000,0.01685,0.01694,0.01652,0.01658,559372.24
1745452800000,0.01658,0.01677,0.01628,0.01632,584617.15
1745467200000,0.01632,0.01657,0.0162,0.01631,520243.7
1745481600000,0.01631,0.01656,0.0162,0.01643,381627.83
1745496000000,0.01643,0.01681,0.01636,0.01665,1134141.83
1745510400000,0.01665,0.01675,0.01639,0.01653,465238.41
1745524800000,0.01653,0.01666,0.01645,0.01654,344879.49
1745539200000,0.01654,0.01663,0.01622,0.01643,458031.13
1745553600000,0.01643,0.01664,0.01635,0.01661,341097.69
1745568000000,0.01661,0.01666,0.01606,0.01644,1157894.39
1745582400000,0.01644,0.01683,0.01632,0.01662,906880.2
1745596800000,0.01662,0.01789,0.0164,0.01692,1471129.75
1745611200000,0.01692,0.017,0.0164,0.01647,680595.87
1745625600000,0.01647,0.01664,0.0164,0.01641,358512.55
1745640000000,0.01641,0.01699,0.01639,0.01685,853267.33
1745654400000,0.01685,0.01685,0.01639,0.01647,691761.04
1745668800000,0.01647,0.0167,0.01633,0.01648,721616.34
1745683200000,0.01648,0.0166,0.01639,0.01655,281103.09
1745697600000,0.01655,0.01679,0.01646,0.01675,419938.87
1745712000000,0.01675,0.01682,0.0164,0.01648,206497.09
1745726400000,0.01648,0.01663,0.01639,0.01653,356546.65
1745740800000,0.01653,0.01687,0.01626,0.01643,887012.51
1745755200000,0.01643,0.01664,0.01629,0.01632,476443.25
1745769600000,0.01632,0.0165,0.01612,0.01649,405811.6
1745784000000,0.01649,0.01688,0.01639,0.01665,779660.13
1745798400000,0.01665,0.0167,0.01646,0.01665,354777.16
1745812800000,0.01665,0.01687,0.01665,0.01681,918802.56
1745827200000,0.01681,0.01731,0.01672,0.01717,1444019.03
1745841600000,0.01717,0.01995,0.01695,0.01973,6876724.34
1745856000000,0.01973,0.01994,0.01811,0.01853,5605140.73
1745870400000,0.01853,0.01881,0.01811,0.01817,1493132.03
1745884800000,0.01817,0.01862,0.01802,0.01815,1559225.07
1745899200000,0.01815,0.01852,0.01782,0.01821,1331819.22
1745913600000,0.01821,0.01821,0.01778,0.01805,924024.72
1745928000000,0.01805,0.01948,0.01801,0.01838,5029454.13
1745942400000,0.01838,0.01849,0.01802,0.01807,1263615.02
1745956800000,0.01807,0.01817,0.01786,0.01816,616807.87
1745971200000,0.01816,0.01833,0.0179,0.01822,719410.15
1745985600000,0.01822,0.01846,0.01808,0.0182,902552.24
1746000000000,0.0182,0.01839,0.01807,0.01836,547806.01
1746014400000,0.01836,0.01838,0.01744,0.01761,1299576.83
1746028800000,0.01761,0.01777,0.01724,0.01752,1593609.81
1746043200000,0.01752,0.01864,0.01749,0.01822,1710941.22
1746057600000,0.01822,0.01842,0.0181,0.01815,351593.8
1746072000000,0.01815,0.01823,0.01785,0.01793,569052.89
1746086400000,0.01793,0.01814,0.01765,0.01805,1146047.35
1746100800000,0.01805,0.01814,0.01784,0.01792,603087.88
1746115200000,0.01792,0.01823,0.01792,0.01795,815370.67
1746129600000,0.01795,0.01813,0.01789,0.01794,333777.83
1746144000000,0.01794,0.018,0.01768,0.01772,365635.8
1746158400000,0.01772,0.0178,0.0172,0.01738,952349.93
1746172800000,0.01738,0.01777,0.01738,0.01763,563103.51
1746187200000,0.01763,0.01772,0.01732,0.01741,954480.54
1746201600000,0.01741,0.01766,0.01736,0.01755,611162.85
1746216000000,0.01755,0.01809,0.01749,0.01789,874737.42
1746230400000,0.01789,0.01826,0.01776,0.01808,899681.49
1746244800000,0.01808,0.01854,0.0179,0.01839,738212.92
1746259200000,0.01839,0.01869,0.01806,0.01823,1386397.59
1746273600000,0.01823,0.01924,0.01786,0.01867,2468303.43
1746288000000,0.01867,0.01872,0.01821,0.01825,1492573.26
1746302400000,0.01825,0.01909,0.01823,0.01901,1217964.68
1746316800000,0.01901,0.01987,0.01877,0.0189,1739211.62
1746331200000,0.0189,0.01914,0.01851,0.01881,1387235.95
1746345600000,0.01881,0.01935,0.0184,0.01918,1334052.65
1746360000000,0.01918,0.02208,0.01907,0.02068,6554031.87
1746374400000,0.02068,0.02102,0.0197,0.02012,3133187.95
1746388800000,0.02012,0.02032,0.0196,0.01973,1409195.69
1746403200000,0.01973,0.02083,0.01961,0.02015,1853979.37
1746417600000,0.02015,0.02021,0.01971,0.01981,897908.24
1746432000000,0.01981,0.01996,0.01949,0.0196,1042414.82
1746446400000,0.0196,0.01961,0.01866,0.01908,1752898.23
1746460800000,0.01908,0.01921,0.01885,0.01889,660748.81
1746475200000,0.01889,0.01912,0.01884,0.01889,741181.56
1746489600000,0.01889,0.01902,0.01856,0.01862,711281.64
1746504000000,0.01862,0.01867,0.01822,0.01822,640722.55
1746518400000,0.01822,0.01823,0.01798,0.01801,798144.83
1746532800000,0.01801,0.01984,0.01786,0.01835,1846320.22
1746547200000,0.01835,0.01878,0.01823,0.01853,1128864.32
1746561600000,0.01853,0.01909,0.01845,0.01883,1744855.22
1746576000000,0.01883,0.01896,0.01857,0.01878,768168.77
1746590400000,0.01878,0.01902,0.01875,0.01888,536196.78
1746604800000,0.01888,0.0195,0.01886,0.01931,1209044.47
1746619200000,0.01931,0.01969,0.01895,0.0193,1650912.51
1746633600000,0.0193,0.01938,0.01874,0.01897,1101333.99
1746648000000,0.01897,0.01934,0.01894,0.0192,685645.23
1746662400000,0.0192,0.01986,0.01907,0.01975,2040646.6
1746676800000,0.01975,0.01996,0.0194,0.0196,1388963.64
1746691200000,0.0196,0.01968,0.01932,0.01941,1389417.57
1746705600000,0.01941,0.01987,0.01937,0.01957,2471293.06
1746720000000,0.01957,0.01984,0.01929,0.01932,1475303.49
1746734400000,0.01932,0.02026,0.01928,0.02001,1954858.62
1746748800000,0.02001,0.02003,0.01958,0.0196,1625511.33
1746763200000,0.0196,0.02017,0.01958,0.02006,1199582.1
1746777600000,0.02006,0.02061,0.01967,0.01971,2525225.07
1746792000000,0.01971,0.02026,0.01968,0.02022,2154938.87
1746806400000,0.02022,0.02022,0.01974,0.02008,1278833.79
1746820800000,0.02008,0.02066,0.02005,0.02006,1485792.5
1746835200000,0.02006,0.02039,0.02006,0.02032,576552.99
1746849600000,0.02032,0.02085,0.02009,0.0205,1687085.25
1746864000000,0.0205,0.0206,0.02013,0.02018,1386584.46
1746878400000,0.02018,0.02057,0.02011,0.02016,1257081.31
1746892800000,0.02016,0.02028,0.02002,0.02008,1256596.35
1746907200000,0.02008,0.02051,0.02001,0.02047,1305328.52
1746921600000,0.02047,0.02073,0.02036,0.02047,2023715.24
1746936000000,0.02047,0.02048,0.02008,0.0201,815568.78
1746950400000,0.0201,0.02021,0.01999,0.02009,832535.1
1746964800000,0.02009,0.02009,0.01961,0.01964,1376268.5
1746979200000,0.01964,0.01976,0.01941,0.01969,1073918.43
1746993600000,0.01969,0.01982,0.01952,0.01962,616421.9
1747008000000,0.01962,0.0198,0.01946,0.01977,1253693.77
1747022400000,0.01977,0.02001,0.01958,0.01987,1653703.96
1747036800000,0.01987,0.01997,0.01957,0.01958,1119726.45
1747051200000,0.01958,0.02042,0.01956,0.01993,2808441.38
1747065600000,0.01993,0.0202,0.01949,0.01961,1630141.85
1747080000000,0.01961,0.01997,0.01961,0.0198,703417.76
1747094400000,0.0198,0.01988,0.01932,0.01935,978167.52
1747108800000,0.01935,0.01974,0.01933,0.01961,1098605.03
1747123200000,0.01961,0.01995,0.01951,0.01993,787731.77
1747137600000,0.01993,0.02002,0.01967,0.01982,791832.44
1747152000000,0.01982,0.02021,0.01976,0.02013,989171.23
1747166400000,0.02013,0.0205,0.02004,0.02017,1256043.29
1747180800000,0.02017,0.02024,0.01999,0.02013,504910.06
1747195200000,0.02013,0.02034,0.02007,0.02011,514461.75
1747209600000,0.02011,0.02013,0.01971,0.02,660876.65
1747224000000,0.02,0.0201,0.01969,0.01979,577949.03
1747238400000,0.01979,0.01999,0.01966,0.0198,837583.57
1747252800000,0.0198,0.02036,0.0198,0.01997,770301.53
1747267200000,0.01997,0.02009,0.01983,0.01992,532012.0
1747281600000,0.01992,0.01995,0.01948,0.01958,510531.86
1747296000000,0.01958,0.01971,0.01946,0.01953,388819.11
1747310400000,0.01953,0.01958,0.0192,0.01949,918883.6
1747324800000,0.01949,0.01969,0.01919,0.01932,869204.06
1747339200000,0.01932,0.01943,0.01909,0.0193,601668.23
1747353600000,0.0193,0.0199,0.01925,0.01984,1361505.9
1747368000000,0.01984,0.01997,0.01969,0.01975,1197076.68
1747382400000,0.01975,0.01998,0.01961,0.01993,626961.84
1747396800000,0.01993,0.02008,0.01988,0.02004,530351.53
1747411200000,0.02004,0.02039,0.01988,0.02014,949398.79
1747425600000,0.02014,0.02015,0.0195,0.01976,731251.44
1747440000000,0.01976,0.02003,0.01951,0.0197,993817.26
1747454400000,0.0197,0.01983,0.0192,0.01932,667993.53
1747468800000,0.01932,0.01936,0.01908,0.0191,579219.6
1747483200000,0.0191,0.01925,0.01901,0.01907,390088.99
1747497600000,0.01907,0.01907,0.01888,0.01902,479832.2
1747512000000,0.01902,0.0191,0.01894,0.01902,459153.86
1747526400000,0.01902,0.01908,0.01896,0.01902,261283.91
1747540800000,0.01902,0.01923,0.019,0.01922,377011.12
1747555200000,0.01922,0.01933,0.01919,0.01924,322937.44
1747569600000,0.01924,0.0196,0.01921,0.01956,1082133.3
1747584000000,0.01956,0.02015,0.01917,0.01917,1556273.09
1747598400000,0.01917,0.01952,0.01897,0.01951,1052339.38
1747612800000,0.01951,0.01959,0.01902,0.01905,609325.43
1747627200000,0.01905,0.01918,0.01852,0.01885,929150.05
1747641600000,0.01885,0.01899,0.01868,0.01874,377525.59
1747656000000,0.01874,0.01905,0.01857,0.019,574926.75
1747670400000,0.019,0.01918,0.01894,0.01917,493742.21
1747684800000,0.01917,0.01934,0.0191,0.01917,691194.63
1747699200000,0.01917,0.01929,0.01898,0.019,743780.18
1747713600000,0.019,0.01925,0.01885,0.01887,424774.17
1747728000000,0.01887,0.01898,0.01868,0.01877,325141.1
1747742400000,0.01877,0.01892,0.01871,0.01882,616912.99
1747756800000,0.01882,0.01905,0.01874,0.01901,609279.06
1747771200000,0.01901,0.01901,0.01883,0.01894,272281.12
1747785600000,0.01894,0.019,0.01879,0.01896,317749.67
1747800000000,0.01896,0.01911,0.01884,0.01889,430629.85
1747814400000,0.01889,0.01901,0.01872,0.01892,565747.15
1747828800000,0.01892,0.01917,0.01881,0.01908,772724.04
1747843200000,0.01908,0.01926,0.0187,0.01911,1471001.79
1747857600000,0.01911,0.01923,0.01908,0.01915,409047.03
1747872000000,0.01915,0.01933,0.01905,0.01909,722970.9
1747886400000,0.01909,0.01946,0.01909,0.0193,609608.65
1747900800000,0.0193,0.01947,0.01927,0.01937,837857.43
1747915200000,0.01937,0.01947,0.01922,0.01934,655158.19
1747929600000,0.01934,0.01958,0.0192,0.01938,1325119.27
1747944000000,0.01938,0.01956,0.01938,0.01956,312267.83
1747958400000,0.01956,0.01971,0.01949,0.01962,575833.16
1747972800000,0.01962,0.01965,0.01911,0.01915,855542.27
1747987200000,0.01915,0.01936,0.01885,0.01895,611041.16
1748001600000,0.01895,0.01911,0.01874,0.01894,1263543.23
1748016000000,0.01894,0.01902,0.01882,0.01883,405708.38
1748030400000,0.01883,0.01884,0.01846,0.0185,1164413.72
1748044800000,0.0185,0.01875,0.01847,0.01875,287619.53
1748059200000,0.01875,0.01875,0.01849,0.01851,333616.36
1748073600000,0.01851,0.01895,0.01851,0.01887,558723.81
1748088000000,0.01887,0.01897,0.01873,0.01894,434145.26
1748102400000,0.01894,0.01895,0.01867,0.01871,482748.56
1748116800000,0.01871,0.01876,0.01853,0.01857,651605.28
1748131200000,0.01857,0.01866,0.01842,0.01862,602849.27
1748145600000,0.01862,0.01865,0.01848,0.01854,125157.53
1748160000000,0.01854,0.0186,0.0184,0.01851,346456.37
1748174400000,0.01851,0.01855,0.01832,0.01839,635963.92
1748188800000,0.01839,0.01871,0.01834,0.0187,480188.21
1748203200000,0.0187,0.01888,0.01854,0.01888,1062718.33
1748217600000,0.01888,0.01889,0.01853,0.01854,365390.63
1748232000000,0.01854,0.01882,0.01852,0.01881,360104.39
1748246400000,0.01881,0.01885,0.01872,0.01878,274858.33
1748260800000,0.01878,0.0188,0.01831,0.01839,1072186.54
1748275200000,0.01839,0.01858,0.01802,0.01842,1446451.36
1748289600000,0.01842,0.01864,0.01841,0.01863,318961.18
1748304000000,0.01863,0.01864,0.01839,0.01852,352399.96
1748318400000,0.01852,0.01867,0.01846,0.0186,573552.34
1748332800000,0.0186,0.01862,0.01849,0.01858,384523.84
1748347200000,0.01858,0.01873,0.0185,0.01862,742127.45
1748361600000,0.01862,0.01871,0.01853,0.01861,503157.84
1748376000000,0.01861,0.01876,0.0186,0.0187,598558.28
1748390400000,0.0187,0.01903,0.01856,0.01885,504829.34
1748404800000,0.01885,0.01894,0.01866,0.01871,375280.33
1748419200000,0.01871,0.01889,0.01863,0.0187,555546.53
1748433600000,0.0187,0.01881,0.01835,0.0184,638562.47
1748448000000,0.0184,0.01847,0.01827,0.01832,453110.35
1748462400000,0.01832,0.01852,0.0183,0.01851,385661.2
1748476800000,0.01851,0.01871,0.01848,0.01851,515592.68
1748491200000,0.01851,0.01853,0.01838,0.01845,251104.04
1748505600000,0.01845,0.01847,0.01838,0.01841,121168.92
1748520000000,0.01841,0.01841,0.01805,0.01805,841221.96
1748534400000,0.01805,0.01814,0.01789,0.0179,272151.27
1748548800000,0.0179,0.01809,0.0179,0.01792,341266.98
1748563200000,0.01792,0.01801,0.01752,0.01768,914241.02
1748577600000,0.01768,0.0178,0.01752,0.0176,513715.81
1748592000000,0.0176,0.01762,0.01751,0.01758,475884.46
1748606400000,0.01758,0.0176,0.01746,0.0175,573794.88
1748620800000,0.0175,0.01767,0.01719,0.01763,1199329.84
1748635200000,0.01763,0.01872,0.0176,0.01776,3641202.32
1748649600000,0.01776,0.01776,0.01723,0.01727,1291164.97
1748664000000,0.01727,0.01738,0.01679,0.01691,1223557.8
1748678400000,0.01691,0.01695,0.01626,0.01639,2263095.68
1748692800000,0.01639,0.01689,0.01639,0.01686,1786683.84
1748707200000,0.01686,0.01775,0.01684,0.01722,1954786.49
1748721600000,0.01722,0.0175,0.01716,0.01745,911090.72
1748736000000,0.01745,0.01755,0.01729,0.01745,818630.2
1748750400000,0.01745,0.01759,0.01728,0.01728,125627.32
1748764800000,0.01728,0.0187,0.01724,0.018,673777.11
1748779200000,0.018,0.01854,0.01779,0.01825,448103.4
1748793600000,0.01825,0.01873,0.0181,0.01843,330059.99
1748808000000,0.01843,0.01916,0.01835,0.01916,431558.92
1748822400000,0.01916,0.02012,0.01892,0.01929,846753.21
1748836800000,0.01929,0.01945,0.01901,0.01913,200928.4
1748851200000,0.01913,0.0193,0.01885,0.01889,220948.31
1748865600000,0.01889,0.01932,0.01889,0.01905,164360.93
1748880000000,0.01905,0.01923,0.01872,0.01873,176583.19
1748894400000,0.01873,0.01883,0.01857,0.01859,183561.29
1748908800000,0.01859,0.01864,0.01843,0.01844,160446.32
1748923200000,0.01844,0.01864,0.01841,0.0185,75793.27
1748937600000,0.0185,0.0185,0.01834,0.01844,96020.72
1748952000000,0.01844,0.01862,0.01831,0.01846,177377.5
1748966400000,0.01846,0.01854,0.01816,0.01853,199597.99
1748980800000,0.01853,0.01854,0.01811,0.01817,106937.06
1748995200000,0.01817,0.0184,0.01814,0.01834,222410.41
1749009600000,0.01834,0.01839,0.01799,0.01812,140003.97
1749024000000,0.01812,0.01825,0.018,0.01803,61649.46
1749038400000,0.01803,0.01817,0.01791,0.01795,152504.55
1749052800000,0.01795,0.01799,0.01781,0.01783,86326.38
1749067200000,0.01783,0.01794,0.01774,0.01774,102886.57
1749081600000,0.01774,0.01785,0.01765,0.01778,120326.88
1749096000000,0.01778,0.01788,0.01766,0.01769,69685.2
1749110400000,0.01769,0.01772,0.01759,0.0177,57957.07
1749124800000,0.0177,0.0179,0.01756,0.01759,170108.44
1749139200000,0.01759,0.01856,0.01741,0.01802,441545.4
1749153600000,0.01802,0.01804,0.01721,0.01745,362051.4
1749168000000,0.01745,0.01794,0.01742,0.01792,106624.53
1749182400000,0.01792,0.01796,0.01735,0.0174,204080.94
1749196800000,0.0174,0.01758,0.0174,0.01748,70091.54
1749211200000,0.01748,0.01834,0.01734,0.01779,330113.63
1749225600000,0.01779,0.01823,0.01762,0.01801,287849.62
1749240000000,0.01801,0.01811,0.01776,0.01789,130623.38
1749254400000,0.01789,0.018,0.01779,0.01798,56316.71
1749268800000,0.01798,0.01811,0.01796,0.01799,23588.39
1749283200000,0.01799,0.01816,0.01796,0.01811,33058.49
1749297600000,0.01811,0.01822,0.01796,0.01805,79648.88
1749312000000,0.01805,0.01806,0.01786,0.01797,29480.85
1749326400000,0.01797,0.01798,0.01775,0.01781,24481.7
1749340800000,0.01781,0.01781,0.01765,0.01773,33672.36
1749355200000,0.01773,0.01785,0.01771,0.01784,39907.68
1749369600000,0.01784,0.01791,0.01775,0.01788,32953.56
1749384000000,0.01788,0.01814,0.01775,0.01811,92362.25
1749398400000,0.01811,0.01876,0.01807,0.01843,328560.06
1749412800000,0.01843,0.01852,0.01824,0.01837,110509.16
1749427200000,0.01837,0.0184,0.01788,0.0181,104706.16
1749441600000,0.0181,0.01813,0.01796,0.01802,69961.53
1749456000000,0.01802,0.01821,0.01797,0.01817,65263.52
1749470400000,0.01817,0.01822,0.01804,0.01816,103910.92
1749484800000,0.01816,0.01838,0.01809,0.01828,109595.91
1749499200000,0.01828,0.01878,0.01827,0.0187,177439.92
1749513600000,0.0187,0.01883,0.01844,0.0185,132127.71
1749528000000,0.0185,0.01852,0.01831,0.01837,53946.25
1749542400000,0.01837,0.0186,0.01832,0.01857,104295.24
1749556800000,0.01857,0.01862,0.01828,0.01835,98044.36
1749571200000,0.01835,0.01856,0.01834,0.01847,78915.71
1749585600000,0.01847,0.01896,0.01838,0.0187,216968.54
1749600000000,0.0187,0.01874,0.01845,0.01854,54774.01
1749614400000,0.01854,0.01854,0.01841,0.01849,27031.55
1749628800000,0.01849,0.01887,0.01837,0.01853,211658.34
1749643200000,0.01853,0.0195,0.01851,0.01913,545781.1
1749657600000,0.01913,0.01925,0.01889,0.01892,176744.28
1749672000000,0.01892,0.01902,0.01873,0.019,281395.56
1749686400000,0.019,0.01901,0.01863,0.0189,136462.69
1749700800000,0.0189,0.01893,0.01862,0.01867,102907.02
1749715200000,0.01867,0.01881,0.01856,0.01856,96600.87
1749729600000,0.01856,0.01881,0.01848,0.01849,179241.44
1749744000000,0.01849,0.01858,0.01837,0.01845,156141.4
1749758400000,0.01845,0.01847,0.01798,0.01824,267275.96
1749772800000,0.01824,0.01825,0.01762,0.01793,299219.86
1749787200000,0.01793,0.01855,0.01742,0.01845,338065.53
1749801600000,0.01845,0.01865,0.01793,0.01802,229886.03
1749816000000,0.01802,0.01819,0.01794,0.01811,95012.15
1749830400000,0.01811,0.01834,0.0179,0.01793,163943.64
1749844800000,0.01793,0.01832,0.01793,0.01831,101557.14
1749859200000,0.01831,0.01848,0.01818,0.01841,111968.87
1749873600000,0.01841,0.01884,0.0184,0.01849,193599.17
1749888000000,0.01849,0.01887,0.01819,0.01886,150428.36
1749902400000,0.01886,0.01887,0.01817,0.01829,157573.38
1749916800000,0.01829,0.01837,0.01819,0.01828,39446.03
1749931200000,0.01828,0.01836,0.01821,0.01822,49157.83
1749945600000,0.01822,0.01829,0.01818,0.0182,44125.5
1749960000000,0.0182,0.0183,0.01795,0.01812,142176.19
1749974400000,0.01812,0.01814,0.01799,0.01804,118181.96
1749988800000,0.01804,0.01831,0.018,0.0182,84304.17
1750003200000,0.0182,0.01823,0.01804,0.01807,33654.89
1750017600000,0.01807,0.01813,0.01795,0.01806,77974.89
1750032000000,0.01806,0.01811,0.01794,0.01807,71174.21
1750046400000,0.01807,0.01824,0.01801,0.01809,87085.07
1750060800000,0.01809,0.01819,0.01802,0.01816,151810.6
1750075200000,0.01816,0.01835,0.01813,0.01826,140289.61
1750089600000,0.01826,0.01845,0.01825,0.0184,87894.18
1750104000000,0.0184,0.01861,0.01803,0.01803,168328.9
1750118400000,0.01803,0.01804,0.01784,0.0179,164061.4
1750132800000,0.0179,0.01792,0.0177,0.01774,101252.07
1750147200000,0.01774,0.01779,0.01757,0.01769,71760.72
1750161600000,0.01769,0.01774,0.01753,0.01757,70739.1
1750176000000,0.01757,0.01766,0.01735,0.0176,131751.52
1750190400000,0.0176,0.01787,0.01752,0.01786,99005.91
1750204800000,0.01786,0.01803,0.01784,0.018,74128.04
1750219200000,0.018,0.01804,0.01778,0.0178,48649.27
1750233600000,0.0178,0.01823,0.01758,0.01762,167991.2
1750248000000,0.01762,0.01764,0.01731,0.01758,146618.25
1750262400000,0.01758,0.0176,0.01735,0.01748,84173.31
1750276800000,0.01748,0.01759,0.01712,0.0175,172316.01
1750291200000,0.0175,0.01752,0.01735,0.0175,70449.8
1750305600000,0.0175,0.01755,0.01739,0.0174,48054.1
1750320000000,0.0174,0.01789,0.01738,0.01768,186600.02
1750334400000,0.01768,0.0177,0.01748,0.01752,36816.68
1750348800000,0.01752,0.0177,0.01747,0.01768,94237.04
1750363200000,0.01768,0.01783,0.01764,0.01778,93903.06
1750377600000,0.01778,0.01791,0.01766,0.01781,119012.76
1750392000000,0.01781,0.01781,0.01752,0.01764,92062.63
1750406400000,0.01764,0.0178,0.01752,0.01759,207251.72
1750420800000,0.01759,0.01763,0.01717,0.01718,153587.69
1750435200000,0.01718,0.01758,0.01662,0.01755,380929.85
1750449600000,0.01755,0.01757,0.01701,0.01723,125661.61
1750464000000,0.01723,0.01736,0.01722,0.01728,74627.25
1750478400000,0.01728,0.01735,0.01726,0.01728,42876.43
1750492800000,0.01728,0.01736,0.01722,0.01724,39272.38
1750507200000,0.01724,0.01726,0.01698,0.01703,145741.81
1750521600000,0.01703,0.01716,0.01677,0.01677,164801.73
1750536000000,0.01677,0.0169,0.01646,0.01672,192228.84
1750550400000,0.01672,0.01687,0.01659,0.01669,144607.56
1750564800000,0.01669,0.01688,0.01662,0.01672,149380.12
1750579200000,0.01672,0.01676,0.01624,0.01629,188679.57
1750593600000,0.01629,0.0163,0.01517,0.01521,402840.18
1750608000000,0.01521,0.01572,0.01507,0.01569,379409.19
1750622400000,0.01569,0.01601,0.01529,0.01594,258333.46
1750636800000,0.01594,0.01615,0.01585,0.01606,181147.29
1750651200000,0.01606,0.01621,0.01601,0.01614,55584.76
1750665600000,0.01614,0.01631,0.01606,0.01615,101249.88
1750680000000,0.01615,0.01634,0.01611,0.01622,108773.57
1750694400000,0.01622,0.01662,0.01599,0.01653,167291.04
1750708800000,0.01653,0.01723,0.01651,0.01714,258015.18
1750723200000,0.01714,0.01726,0.01699,0.01701,116251.62
1750737600000,0.01701,0.01739,0.01691,0.0171,130754.16
1750752000000,0.0171,0.01718,0.01689,0.01702,177134.55
1750766400000,0.01702,0.01752,0.01692,0.01722,255390.76
1750780800000,0.01722,0.01746,0.01701,0.01723,230912.96
1750795200000,0.01723,0.01741,0.01722,0.01723,76506.76
1750809600000,0.01723,0.01756,0.01721,0.01746,68511.13
1750824000000,0.01746,0.01748,0.01729,0.01731,75646.34
1750838400000,0.01731,0.01734,0.01685,0.01713,293761.79
1750852800000,0.01713,0.01803,0.01687,0.01724,504302.96
1750867200000,0.01724,0.01751,0.01714,0.01745,87903.56
1750881600000,0.01745,0.01755,0.01732,0.01746,79202.3
1750896000000,0.01746,0.01795,0.01729,0.01757,152428.4
1750910400000,0.01757,0.01805,0.01728,0.01751,236381.23
1750924800000,0.01751,0.01766,0.01707,0.01708,159835.3
1750939200000,0.01708,0.01715,0.01682,0.017,228402.82
1750953600000,0.017,0.01701,0.01679,0.01687,134665.86
1750968000000,0.01687,0.01708,0.01678,0.01697,94957.9
1750982400000,0.01697,0.01816,0.01687,0.01785,626885.47
1750996800000,0.01785,0.01786,0.01735,0.01738,94422.94
1751011200000,0.01738,0.01778,0.01734,0.01742,223400.42
1751025600000,0.01742,0.01749,0.01703,0.01715,97683.32
1751040000000,0.01715,0.01752,0.01708,0.0173,139543.72
1751054400000,0.0173,0.0173,0.0171,0.01717,71160.95
1751068800000,0.01717,0.01717,0.01695,0.01711,92695.55
1751083200000,0.01711,0.01713,0.01688,0.01692,83449.72
1751097600000,0.01692,0.01733,0.01688,0.01725,74907.89
1751112000000,0.01725,0.01783,0.01723,0.01741,217696.01
1751126400000,0.01741,0.0177,0.01733,0.01761,82314.12
1751140800000,0.01761,0.01776,0.0175,0.0175,69730.73
1751155200000,0.0175,0.01756,0.01741,0.0175,30004.81
1751169600000,0.0175,0.0175,0.01717,0.0173,64658.36
1751184000000,0.0173,0.01752,0.0173,0.01749,46014.97
1751198400000,0.01749,0.0175,0.01714,0.01722,54976.58
1751212800000,0.01722,0.01735,0.01719,0.01732,26919.53
1751227200000,0.01732,0.01758,0.01722,0.01741,68954.82
1751241600000,0.01741,0.01768,0.01726,0.01766,64732.37
1751256000000,0.01766,0.01766,0.01746,0.01747,18353.64
1751270400000,0.01747,0.01752,0.01726,0.01737,40233.52
1751284800000,0.01737,0.01738,0.0171,0.01722,162519.49
1751299200000,0.01722,0.01744,0.01717,0.01743,58637.67
1751313600000,0.01743,0.01746,0.01723,0.01733,47298.01
1751328000000,0.01733,0.01742,0.01728,0.01737,30990.55
1751342400000,0.01737,0.01737,0.01722,0.01729,35223.34
1751356800000,0.01729,0.01731,0.01707,0.01713,68869.01
1751371200000,0.01713,0.01776,0.01711,0.01727,224361.13
1751385600000,0.01727,0.0173,0.01703,0.01704,68453.44
1751400000000,0.01704,0.01717,0.01675,0.01678,98245.57
1751414400000,0.01678,0.01696,0.0167,0.0169,68952.05
1751428800000,0.0169,0.01699,0.01675,0.01686,67045.64
1751443200000,0.01686,0.01699,0.01684,0.01689,43872.71
1751457600000,0.01689,0.01701,0.01685,0.01696,88858.22
1751472000000,0.01696,0.01728,0.01696,0.01726,187696.99
1751486400000,0.01726,0.01744,0.01721,0.01725,89125.02
1751500800000,0.01725,0.01729,0.01703,0.01707,67359.4
1751515200000,0.01707,0.01725,0.01707,0.01723,66872.68
1751529600000,0.01723,0.01726,0.01716,0.01724,70152.73
1751544000000,0.01724,0.01727,0.01691,0.01695,121301.64
1751558400000,0.01695,0.01704,0.01688,0.0169,51704.1
1751572800000,0.0169,0.01693,0.01684,0.01688,34525.88
1751587200000,0.01688,0.01691,0.01684,0.01687,21350.83
1751601600000,0.01687,0.01701,0.01679,0.01681,39095.1
1751616000000,0.01681,0.01685,0.01668,0.01676,50303.88
1751630400000,0.01676,0.01686,0.01656,0.01666,175598.77
1751644800000,0.01666,0.0167,0.01651,0.01665,57900.93
1751659200000,0.01665,0.01666,0.01651,0.01661,59115.06
1751673600000,0.01661,0.01669,0.01657,0.01667,32080.67
1751688000000,0.01667,0.0167,0.01656,0.01669,52172.7
1751702400000,0.01669,0.01672,0.01653,0.01668,43843.41
1751716800000,0.01668,0.01681,0.01657,0.01672,79550.41
1751731200000,0.01672,0.01675,0.01659,0.01667,54241.69
1751745600000,0.01667,0.01669,0.01656,0.01658,33338.53
1751760000000,0.01658,0.01669,0.01657,0.01659,42038.26
1751774400000,0.01659,0.01686,0.01658,0.01668,45009.67
1751788800000,0.01668,0.01674,0.01653,0.01659,48564.08
1751803200000,0.01659,0.01686,0.01658,0.01664,75870.98
1751817600000,0.01664,0.01666,0.01651,0.01656,76766.15
1751832000000,0.01656,0.01666,0.01653,0.01654,62312.71
1751846400000,0.01654,0.01671,0.01651,0.01662,83232.49
1751860800000,0.01662,0.01662,0.01651,0.01658,56961.56
1751875200000,0.01658,0.01664,0.01644,0.01651,65305.18
1751889600000,0.01651,0.0166,0.01641,0.01645,136115.19
1751904000000,0.01645,0.01652,0.0163,0.01632,61218.7
1751918400000,0.01632,0.01633,0.01627,0.01629,60525.99
1751932800000,0.01629,0.01631,0.0161,0.01612,29317.14
1751947200000,0.01612,0.01618,0.01583,0.0159,150099.61
1751961600000,0.0159,0.01604,0.01585,0.01594,69305.61
1751976000000,0.01594,0.01616,0.01594,0.01599,79030.34
1751990400000,0.01599,0.01615,0.01555,0.01589,219665.7
1752004800000,0.01589,0.0162,0.01585,0.01617,75735.7
1752019200000,0.01617,0.01624,0.016,0.01603,34591.3
1752033600000,0.01603,0.01629,0.01603,0.01605,114106.27
1752048000000,0.01605,0.01615,0.01596,0.01609,48250.61
1752062400000,0.01609,0.01651,0.01579,0.01595,254241.18
1752076800000,0.01595,0.0162,0.01594,0.01617,76847.98
1752091200000,0.01617,0.01625,0.01602,0.01621,76348.1
1752105600000,0.01621,0.01644,0.01619,0.01633,89520.94
1752120000000,0.01633,0.01636,0.01621,0.01624,69145.2
1752134400000,0.01624,0.01643,0.01621,0.01627,63296.52
1752148800000,0.01627,0.01631,0.01616,0.01618,48721.66
1752163200000,0.01618,0.01657,0.01618,0.01648,149537.74
1752177600000,0.01648,0.017,0.01647,0.0169,225748.58
1752192000000,0.0169,0.01701,0.01658,0.01681,424271.0
1752206400000,0.01681,0.01702,0.01675,0.01683,320904.15
1752220800000,0.01683,0.0171,0.01682,0.01704,159370.68
1752235200000,0.01704,0.01788,0.01704,0.01744,590199.72
1752249600000,0.01744,0.01758,0.01698,0.01715,270693.27
1752264000000,0.01715,0.01727,0.01669,0.01682,260558.39
1752278400000,0.01682,0.01718,0.01676,0.01716,218614.6
1752292800000,0.01716,0.01719,0.01686,0.01707,171538.72
1752307200000,0.01707,0.01711,0.01682,0.01698,146088.06
1752321600000,0.01698,0.01704,0.0166,0.01677,293898.56
1752336000000,0.01677,0.01689,0.01674,0.01686,191410.26
1752350400000,0.01686,0.01689,0.01662,0.01671,83310.96
1752364800000,0.01671,0.01697,0.01661,0.01687,146427.91
1752379200000,0.01687,0.01694,0.01666,0.01673,146782.64
1752393600000,0.01673,0.01703,0.01672,0.01697,125255.87
1752408000000,0.01697,0.01723,0.01694,0.01722,292922.83
1752422400000,0.01722,0.01739,0.01709,0.01733,231697.27
1752436800000,0.01733,0.01741,0.01672,0.01696,248794.18
1752451200000,0.01696,0.01753,0.01685,0.01749,267162.57
1752465600000,0.01749,0.01778,0.01748,0.01762,276381.31
1752480000000,0.01762,0.01764,0.01735,0.01749,121773.98
1752494400000,0.01749,0.01763,0.01703,0.01708,248323.13
1752508800000,0.01708,0.01783,0.01705,0.01755,260541.44
1752523200000,0.01755,0.01764,0.01734,0.01744,181994.06
1752537600000,0.01744,0.01745,0.01702,0.01706,190605.81
1752552000000,0.01706,0.01716,0.01701,0.01701,93339.4
1752566400000,0.01701,0.01709,0.01691,0.01704,91751.64
1752580800000,0.01704,0.01743,0.01698,0.01727,213955.32
1752595200000,0.01727,0.01748,0.01717,0.01723,128757.69
1752609600000,0.01723,0.01751,0.01708,0.01748,171470.01
1752624000000,0.01748,0.01751,0.01717,0.01726,189791.87
1752638400000,0.01726,0.01754,0.01719,0.01749,118737.65
1752652800000,0.01749,0.01759,0.01739,0.01744,143770.31
1752667200000,0.01744,0.01759,0.01737,0.01758,136229.74
1752681600000,0.01758,0.01791,0.01737,0.01782,274451.92
1752696000000,0.01782,0.01837,0.01782,0.0181,258123.38
1752710400000,0.0181,0.01848,0.01784,0.01787,243661.28
1752724800000,0.01787,0.01852,0.01783,0.01833,195303.03
1752739200000,0.01833,0.01844,0.01823,0.0183,126966.57
1752753600000,0.0183,0.02081,0.01816,0.01993,1175300.35
1752768000000,0.01993,0.02187,0.01924,0.02146,2399903.79
1752782400000,0.02146,0.02146,0.02045,0.02114,1099081.64
1752796800000,0.02114,0.02198,0.02091,0.0214,869214.92
1752811200000,0.0214,0.02171,0.02068,0.02078,550032.08
1752825600000,0.02078,0.02086,0.02023,0.02027,380729.28
1752840000000,0.02027,0.02049,0.01983,0.0199,423189.05
1752854400000,0.0199,0.02016,0.01982,0.01994,200236.32
1752868800000,0.01994,0.02005,0.01975,0.01994,154475.76
1752883200000,0.01994,0.02026,0.01977,0.02024,157749.78
1752897600000,0.02024,0.0206,0.02019,0.02056,176282.54
1752912000000,0.02056,0.02104,0.02005,0.02006,396277.11
1752926400000,0.02006,0.02014,0.01985,0.02011,141507.33
1752940800000,0.02011,0.02025,0.01988,0.01994,125053.94
1752955200000,0.01994,0.02029,0.01983,0.02025,101903.43
1752969600000,0.02025,0.02032,0.0201,0.0202,112785.15
1752984000000,0.0202,0.02038,0.02011,0.02026,102106.72
1752998400000,0.02026,0.02056,0.02026,0.02055,160091.01
1753012800000,0.02055,0.02078,0.02046,0.02062,266670.49
1753027200000,0.02062,0.02103,0.02062,0.02096,249475.01
1753041600000,0.02096,0.02096,0.02031,0.02053,162346.45
1753056000000,0.02053,0.02055,0.02021,0.02049,160741.48
1753070400000,0.02049,0.02062,0.02024,0.02049,136071.33
1753084800000,0.02049,0.02077,0.02031,0.02064,184022.61
1753099200000,0.02064,0.02096,0.02034,0.02082,279910.05
1753113600000,0.02082,0.02086,0.02025,0.02025,119633.37
1753128000000,0.02025,0.02084,0.02024,0.02071,235001.17
1753142400000,0.02071,0.02175,0.02065,0.02091,408945.81
1753156800000,0.02091,0.02144,0.0208,0.02131,254960.93
1753171200000,0.02131,0.02143,0.02086,0.02112,288144.05
1753185600000,0.02112,0.02377,0.02109,0.0234,1789544.42
1753200000000,0.0234,0.02398,0.02239,0.02275,876011.32
1753214400000,0.02275,0.02399,0.02273,0.02379,473922.82
1753228800000,0.02379,0.02562,0.02379,0.02428,1281178.51
1753243200000,0.02428,0.02732,0.02383,0.02601,1616806.2
1753257600000,0.02601,0.02782,0.02522,0.02636,1672698.35
1753272000000,0.02636,0.02674,0.02337,0.02374,1582454.71
1753286400000,0.02374,0.02395,0.02223,0.0237,831734.55
1753300800000,0.0237,0.02385,0.02224,0.02287,497645.41
1753315200000,0.02287,0.02325,0.02259,0.02276,358541.7
1753329600000,0.02276,0.02279,0.02149,0.02215,508838.62
1753344000000,0.02215,0.0234,0.02208,0.0232,402428.66
1753358400000,0.0232,0.02387,0.02283,0.02343,736129.27
1753372800000,0.02343,0.02512,0.02294,0.02421,672886.51
1753387200000,0.02421,0.02422,0.02286,0.02301,326728.11
1753401600000,0.02301,0.02304,0.02203,0.0221,115857.62
1753416000000,0.0221,0.02275,0.02201,0.02258,361919.09
1753430400000,0.02258,0.02263,0.02245,0.02246,115280.18
1753444800000,0.02246,0.02264,0.02204,0.02221,415762.48
1753459200000,0.02221,0.02236,0.02205,0.02215,121383.56
1753473600000,0.02215,0.02249,0.02214,0.02245,176311.78
1753488000000,0.02245,0.02347,0.02229,0.02347,331466.77
1753502400000,0.02347,0.02449,0.02329,0.02418,549654.1
1753516800000,0.02418,0.02429,0.02327,0.02379,354436.72
1753531200000,0.02379,0.02468,0.02367,0.0243,597051.87
1753545600000,0.0243,0.02443,0.02371,0.02401,315188.89
1753560000000,0.02401,0.02586,0.02397,0.0251,767395.33
1753574400000,0.0251,0.02557,0.02482,0.02556,419301.74
1753588800000,0.02556,0.02556,0.02448,0.02451,189092.0
1753603200000,0.02451,0.02458,0.02421,0.02426,208480.3
1753617600000,0.02426,0.02499,0.02421,0.02481,266603.37
1753632000000,0.02481,0.02535,0.02473,0.02485,282059.51
1753646400000,0.02485,0.02517,0.02477,0.0249,153133.13
1753660800000,0.0249,0.0251,0.02482,0.02496,103020.73
1753675200000,0.02496,0.02532,0.0248,0.02523,236888.97
1753689600000,0.02523,0.02531,0.02466,0.02477,168774.86
1753704000000,0.02477,0.02486,0.02417,0.02422,178214.98
1753718400000,0.02422,0.02437,0.02407,0.02408,138203.98
1753732800000,0.02408,0.02445,0.02402,0.02434,105390.07
1753747200000,0.02434,0.02499,0.02415,0.02499,139587.06
1753761600000,0.02499,0.02567,0.02482,0.02546,243450.36
1753776000000,0.02546,0.02608,0.02491,0.02558,468936.32
1753790400000,0.02558,0.02575,0.02434,0.02435,229498.44
1753804800000,0.02435,0.02475,0.02418,0.02444,197118.92
1753819200000,0.02444,0.02491,0.02437,0.02483,168102.71
1753833600000,0.02483,0.02501,0.02454,0.025,272167.49
1753848000000,0.025,0.02529,0.02469,0.02496,204036.73
1753862400000,0.02496,0.02496,0.0241,0.02417,196468.48
1753876800000,0.02417,0.02448,0.02402,0.02438,294285.7
1753891200000,0.02438,0.02447,0.02372,0.0241,437182.76
1753905600000,0.0241,0.02442,0.0241,0.0244,250029.46
1753920000000,0.0244,0.02463,0.02437,0.02463,248657.35
1753934400000,0.02463,0.02494,0.02451,0.02458,459102.18
1753948800000,0.02458,0.0248,0.02421,0.02439,575419.25
1753963200000,0.02439,0.02444,0.02399,0.02402,844801.34
1753977600000,0.02402,0.02407,0.02372,0.02373,573924.09
1753992000000,0.02373,0.02394,0.02296,0.02299,1379232.59
1754006400000,0.02299,0.02331,0.02271,0.02311,509861.02
1754020800000,0.02311,0.02311,0.02287,0.023,372524.02
1754035200000,0.023,0.02318,0.02283,0.02317,556997.38
1754049600000,0.02317,0.02349,0.02292,0.02298,748396.22
1754064000000,0.02298,0.02312,0.02266,0.02283,637925.04
1754078400000,0.02283,0.02285,0.02215,0.02216,542565.89
1754092800000,0.02216,0.02269,0.0221,0.02243,587366.54
1754107200000,0.02243,0.02257,0.022,0.02218,596140.66
1754121600000,0.02218,0.02231,0.02203,0.02223,602968.03
1754136000000,0.02223,0.02223,0.0216,0.02176,1559935.16
1754150400000,0.02176,0.02223,0.02165,0.02175,1033025.07
1754164800000,0.02175,0.02232,0.02175,0.0223,881330.47
1754179200000,0.0223,0.02232,0.02215,0.0223,412482.31
1754193600000,0.0223,0.02309,0.02226,0.02301,1069638.29
1754208000000,0.02301,0.02329,0.02279,0.02294,1054033.45
1754222400000,0.02294,0.02304,0.02278,0.02287,855892.74
1754236800000,0.02287,0.0232,0.02279,0.02312,896114.93
1754251200000,0.02312,0.02325,0.02306,0.02316,680193.52
1754265600000,0.02316,0.02339,0.02307,0.02319,639508.13
1754280000000,0.02334,0.02334,0.02297,0.02302,438566.53
1754294400000,0.02302,0.02366,0.02293,0.02333,1956939.63
1754308800000,0.02333,0.02406,0.02333,0.02391,1327040.09
1754323200000,0.02391,0.02437,0.02376,0.02415,1461529.09
1754337600000,0.02415,0.02415,0.02365,0.02383,585074.42
1754352000000,0.02383,0.02384,0.02337,0.02338,993738.22
1754366400000,0.02338,0.02387,0.02327,0.02344,953195.78
1754380800000,0.02344,0.02362,0.02319,0.0236,426738.43
1754395200000,0.0236,0.02363,0.02301,0.02303,664791.79
1754409600000,0.02303,0.02305,0.02277,0.02282,456657.39
1754424000000,0.02282,0.02302,0.02268,0.02301,400538.43
1754438400000,0.02301,0.02301,0.02242,0.02242,364301.09
1754452800000,0.02242,0.02289,0.02239,0.02258,463434.99
1754467200000,0.02258,0.02286,0.02236,0.02255,761813.31
1754481600000,0.02255,0.02263,0.02234,0.02261,625736.72
1754496000000,0.02261,0.02369,0.02249,0.02355,1302882.07
1754510400000,0.02355,0.0236,0.02312,0.02331,418564.15
1754524800000,0.02331,0.02331,0.02278,0.02288,580735.49
1754539200000,0.02288,0.02295,0.0227,0.02273,452339.83
1754553600000,0.02273,0.02346,0.02267,0.02333,682719.81
1754568000000,0.02333,0.0234,0.0227,0.02279,543627.08
1754582400000,0.02279,0.0234,0.02274,0.02335,315025.8
1754596800000,0.02335,0.02409,0.02331,0.02395,688428.7
1754611200000,0.02395,0.02411,0.02378,0.02406,470506.37
1754625600000,0.02406,0.02428,0.02393,0.02418,380764.43
1754640000000,0.02418,0.02434,0.02329,0.02339,753494.64
1754654400000,0.02339,0.02365,0.02316,0.02334,321184.07
1754668800000,0.02334,0.02355,0.02295,0.02352,337634.11
1754683200000,0.02352,0.0238,0.02324,0.02329,195847.06
1754697600000,0.02329,0.02331,0.02283,0.02299,390190.13
1754712000000,0.02299,0.02352,0.02275,0.0235,435217.54
1754726400000,0.0235,0.02385,0.02321,0.02322,311326.46
1754740800000,0.02322,0.02352,0.02297,0.02305,221265.02
1754755200000,0.02305,0.02315,0.02292,0.023,189849.86
1754769600000,0.023,0.0232,0.02283,0.02283,254863.47
1754784000000,0.02283,0.02314,0.02274,0.02314,240685.01
1754798400000,0.02314,0.02319,0.02277,0.02282,117811.39
1754812800000,0.02282,0.02282,0.02252,0.02261,255531.07
1754827200000,0.02261,0.02273,0.0225,0.02267,134014.33
1754841600000,0.02267,0.02286,0.02265,0.02283,101501.18
1754856000000,0.02283,0.0229,0.02276,0.02281,73676.64
1754870400000,0.02281,0.02282,0.02258,0.02265,139181.46
1754884800000,0.02265,0.02284,0.02254,0.02258,121030.84
1754899200000,0.02258,0.0228,0.02236,0.02237,397576.17
1754913600000,0.02237,0.02267,0.02235,0.02262,142221.36
1754928000000,0.02262,0.02272,0.02239,0.02254,139644.21
1754942400000,0.02254,0.02254,0.02225,0.02225,183945.78
1754956800000,0.02225,0.02236,0.02208,0.02209,160342.94
1754971200000,0.02209,0.02211,0.02183,0.02199,98276.12
1754985600000,0.02199,0.02219,0.02181,0.02192,151771.44
1755000000000,0.02192,0.02262,0.02189,0.02262,96200.45
1755014400000,0.02262,0.02319,0.02262,0.02283,142414.75
1755028800000,0.02283,0.02313,0.02271,0.02297,114868.92
1755043200000,0.02297,0.02302,0.02271,0.02296,114245.76
1755057600000,0.02296,0.02325,0.02294,0.02311,99572.43
1755072000000,0.02311,0.02341,0.02289,0.02294,150022.92
1755086400000,0.02294,0.02329,0.02294,0.0232,76898.53
1755100800000,0.0232,0.02344,0.02318,0.02341,79877.28
1755115200000,0.02341,0.02378,0.02336,0.02362,143971.63
1755129600000,0.02362,0.02382,0.02329,0.02377,188656.41
1755144000000,0.02377,0.02387,0.02359,0.02368,43648.61
1755158400000,0.02417,0.02435,0.02333,0.02343,173237.01
1755172800000,0.02343,0.02352,0.02244,0.02248,143272.51
1755187200000,0.02248,0.02298,0.02229,0.02291,80848.44
1755201600000,0.02291,0.02297,0.02255,0.02282,49216.52
1755216000000,0.02282,0.02333,0.02267,0.02329,115295.19
1755230400000,0.02329,0.02352,0.02315,0.02329,62382.56
1755244800000,0.02329,0.02333,0.02286,0.02294,29858.7
1755259200000,0.02294,0.02322,0.02275,0.02297,129814.12
1755273600000,0.02297,0.02565,0.02281,0.02441,656003.51
1755288000000,0.02441,0.02489,0.02421,0.02428,181548.65
1755302400000,0.02428,0.02428,0.02393,0.02417,143067.38
1755316800000,0.02417,0.02543,0.02375,0.025,294401.27
1755331200000,0.025,0.02516,0.02391,0.024,243342.55
1755345600000,0.024,0.02521,0.02392,0.02462,201660.36
1755360000000,0.02462,0.02501,0.02435,0.02475,156001.32
1755374400000,0.02475,0.02495,0.02432,0.02441,85195.16
1755388800000,0.02441,0.02482,0.0242,0.02469,149657.95
1755403200000,0.02469,0.02481,0.02463,0.02476,55064.84
1755417600000,0.02476,0.0249,0.02438,0.02456,78697.58
1755432000000,0.02456,0.02484,0.02436,0.02474,66890.0
1755446400000,0.02474,0.02586,0.02463,0.02522,165175.46
1755460800000,0.02522,0.02573,0.02492,0.02509,177088.95
1755475200000,0.02509,0.02515,0.02412,0.02421,129491.53
1755489600000,0.02421,0.02429,0.02388,0.02423,79811.77
1755504000000,0.02423,0.02429,0.02356,0.02366,89261.94
1755518400000,0.02366,0.02417,0.02363,0.02404,83562.79
1755532800000,0.02404,0.02495,0.0239,0.02422,147148.97
1755547200000,0.02422,0.02467,0.02414,0.0243,94943.65
1755561600000,0.0243,0.02432,0.02388,0.02388,40232.68
1755576000000,0.02388,0.02448,0.02379,0.02396,85417.35
1755590400000,0.02396,0.0241,0.02359,0.02376,42474.56
1755604800000,0.02376,0.02398,0.02352,0.0236,44953.29
1755619200000,0.0236,0.02364,0.02304,0.0231,45762.83
1755633600000,0.0231,0.0232,0.02295,0.02307,26555.57
1755648000000,0.02307,0.02316,0.02294,0.02309,47078.29
1755662400000,0.02309,0.02336,0.02308,0.02312,28015.03
1755676800000,0.02312,0.02345,0.02302,0.02344,35946.71
1755691200000,0.02344,0.02348,0.023,0.02326,55354.96
1755705600000,0.02326,0.02342,0.02313,0.02325,28163.06
1755720000000,0.02325,0.0235,0.02323,0.02345,32343.31
1755734400000,0.02345,0.02345,0.02322,0.02325,49947.92
1755748800000,0.02325,0.02337,0.02318,0.02326,18475.49
1755763200000,0.02326,0.02328,0.02314,0.0232,15397.65
1755777600000,0.0232,0.02323,0.02304,0.02305,26011.92
1755792000000,0.02305,0.02318,0.02299,0.02301,24412.27
1755806400000,0.02301,0.02311,0.02282,0.02283,22109.43
1755820800000,0.02283,0.02298,0.02278,0.02287,24282.14
1755835200000,0.02287,0.02303,0.02276,0.02287,23583.8
1755849600000,0.02287,0.02287,0.02256,0.02258,25483.2
1755864000000,0.02258,0.02381,0.02243,0.0237,113563.74
1755878400000,0.0237,0.02419,0.02353,0.02418,119356.16
1755892800000,0.02418,0.02419,0.02383,0.02392,31887.75
1755907200000,0.02392,0.02397,0.02333,0.02358,39178.18
1755921600000,0.02358,0.02367,0.02344,0.02346,18700.06
1755936000000,0.02346,0.02368,0.02334,0.02357,31482.77
1755950400000,0.02357,0.02367,0.02321,0.02345,25663.94
1755964800000,0.02345,0.02352,0.02333,0.0234,62095.1
1755979200000,0.0234,0.0235,0.02333,0.02349,43100.84
1755993600000,0.02349,0.02358,0.02339,0.02358,18197.99
1756008000000,0.02358,0.02374,0.02336,0.02339,86786.66
1756022400000,0.02339,0.02345,0.02327,0.02328,12888.48
1756036800000,0.02328,0.02367,0.02326,0.02346,21347.21
1756051200000,0.02346,0.02395,0.0234,0.02353,87068.13
1756065600000,0.02353,0.02371,0.02336,0.02348,79007.38
1756080000000,0.02348,0.02364,0.0231,0.02347,38626.27
1756094400000,0.02347,0.02347,0.02284,0.02295,36588.98
1756108800000,0.02295,0.02304,0.02286,0.02292,22744.48
1756123200000,0.02292,0.023,0.02283,0.02284,38661.96
1756137600000,0.02284,0.02287,0.02253,0.02254,30131.83
1756152000000,0.02254,0.02257,0.02212,0.02237,119756.16
1756166400000,0.02237,0.02244,0.02212,0.0224,18031.07
1756180800000,0.02239,0.0225,0.02225,0.02237,21623.05
1756195200000,0.02237,0.02239,0.0222,0.02222,12775.62
1756209600000,0.02222,0.02242,0.02218,0.02223,30637.21
1756224000000,0.02223,0.02248,0.02222,0.02246,22473.65
1756238400000,0.02246,0.02249,0.02221,0.02222,35835.43
1756252800000,0.02222,0.0225,0.02218,0.02236,29120.74
1756267200000,0.02236,0.02242,0.02215,0.02216,24089.9
1756281600000,0.02216,0.02217,0.02208,0.02213,17947.1
1756296000000,0.02213,0.02238,0.02208,0.02235,35230.95
1756310400000,0.02235,0.02236,0.02211,0.02212,23149.8
1756324800000,0.02212,0.02218,0.02102,0.02114,239346.77
1756339200000,0.02114,0.02154,0.02114,0.02154,54566.07
1756353600000,0.02154,0.02191,0.02153,0.02188,63512.83
1756368000000,0.02188,0.02205,0.02188,0.022,48430.37
1756382400000,0.022,0.02235,0.02195,0.02227,96986.22
1756396800000,0.02227,0.02235,0.0219,0.02191,39814.86
1756411200000,0.02191,0.02209,0.0218,0.02188,75034.53
1756425600000,0.02188,0.02199,0.02159,0.02193,78363.66
1756440000000,0.02193,0.02196,0.02139,0.02141,42329.51
1756454400000,0.02141,0.02145,0.02119,0.0213,45461.08
1756468800000,0.0213,0.02147,0.0211,0.02117,74283.95
1756483200000,0.02117,0.0213,0.02099,0.02104,63736.99
1756497600000,0.02104,0.02112,0.02085,0.02099,53817.12
1756512000000,0.02099,0.0212,0.02085,0.02119,114033.61
1756526400000,0.02119,0.02134,0.02118,0.02131,55124.29
1756540800000,0.02131,0.02131,0.02106,0.02126,36729.32
1756555200000,0.02126,0.02132,0.02103,0.02109,131861.85
1756569600000,0.02109,0.02129,0.02105,0.02128,55715.35
1756584000000,0.02128,0.02131,0.0212,0.02127,32092.71
1756598400000,0.02127,0.02152,0.02125,0.02152,62980.76
1756612800000,0.02152,0.02155,0.02117,0.0213,49377.71
1756627200000,0.0213,0.02141,0.02121,0.02137,48794.45
1756641600000,0.02137,0.02235,0.02122,0.02188,385520.01
1756656000000,0.02188,0.02239,0.0217,0.02178,243946.41
1756670400000,0.02178,0.0218,0.0215,0.02153,104459.58
1756684800000,0.02153,0.02173,0.02134,0.02137,71658.49
1756699200000,0.02137,0.02138,0.02103,0.02135,148293.71
1756713600000,0.02135,0.02146,0.02114,0.02118,35465.21
1756728000000,0.02118,0.02136,0.02108,0.02111,67551.61
1756742400000,0.02111,0.02115,0.02068,0.02115,152745.94
1756756800000,0.02115,0.02127,0.02081,0.02114,71228.76
1756771200000,0.02114,0.0212,0.02088,0.02101,71996.97
1756785600000,0.02101,0.02124,0.02087,0.02096,109508.35
1756800000000,0.02096,0.02108,0.02096,0.02103,23140.47
1756814400000,0.02103,0.02104,0.02076,0.02079,325956.95
1756828800000,0.02079,0.02098,0.02061,0.02063,92692.2
1756843200000,0.02063,0.02077,0.02062,0.02065,169343.66
1756857600000,0.02065,0.02065,0.02041,0.02059,51625.76
1756872000000,0.02059,0.02061,0.02048,0.02052,54363.31
1756886400000,0.02052,0.02084,0.02052,0.0208,32645.17
1756900800000,0.0208,0.02086,0.02061,0.02061,101041.28
1756915200000,0.02061,0.02065,0.02042,0.02044,48507.74
1756929600000,0.02044,0.0205,0.0204,0.02045,105718.47
1756944000000,0.02045,0.02063,0.02041,0.02042,58767.87
1756958400000,0.02042,0.02047,0.02031,0.02043,57926.16
1756972800000,0.02043,0.02058,0.02033,0.02057,59681.46
1756987200000,0.02057,0.02067,0.02018,0.02035,168560.05
1757001600000,0.02035,0.02039,0.01999,0.02,93007.19
1757016000000,0.02,0.0202,0.01997,0.02002,50958.57
1757030400000,0.02002,0.02021,0.02001,0.02019,37842.29
1757044800000,0.02019,0.0203,0.02015,0.02028,45000.35
1757059200000,0.02028,0.02039,0.02016,0.02039,94593.22
1757073600000,0.02039,0.02068,0.02009,0.02023,399957.08
1757088000000,0.02023,0.02046,0.02013,0.02046,101252.19
1757102400000,0.02046,0.02101,0.02041,0.02084,306258.81
1757116800000,0.02084,0.02086,0.02052,0.02069,168502.12
1757131200000,0.02069,0.02076,0.0206,0.02074,64275.72
1757145600000,0.02074,0.02098,0.0206,0.0206,211146.05
1757160000000,0.0206,0.02117,0.0206,0.02095,373774.74
1757174400000,0.02095,0.02151,0.02084,0.02112,372543.2
1757188800000,0.02112,0.02211,0.02107,0.02133,740951.26
1757203200000,0.02133,0.02155,0.02126,0.02142,224224.75
1757217600000,0.02142,0.02162,0.02131,0.02152,231753.91
1757232000000,0.02152,0.02162,0.02131,0.02143,233542.92
1757246400000,0.02143,0.02149,0.02133,0.0214,222361.35
1757260800000,0.0214,0.02178,0.02133,0.02142,318969.48
1757275200000,0.02142,0.02145,0.02127,0.02131,90018.31
1757289600000,0.02131,0.02181,0.02127,0.02144,306798.52
1757304000000,0.02144,0.02168,0.02133,0.02158,243731.18
1757318400000,0.02158,0.0222,0.02157,0.02209,516426.51
1757332800000,0.02209,0.02239,0.02197,0.02224,536386.09
1757347200000,0.02224,0.02247,0.02199,0.022,304165.69
1757361600000,0.022,0.02227,0.02192,0.02205,393018.98
1757376000000,0.02205,0.02227,0.02197,0.0221,183600.4
1757390400000,0.0221,0.02254,0.02204,0.02242,470197.36
1757404800000,0.02242,0.0226,0.02224,0.02231,540663.83
1757419200000,0.02231,0.02263,0.02212,0.02218,770110.4
1757433600000,0.02218,0.02218,0.02199,0.02213,398652.72
1757448000000,0.02213,0.02222,0.02198,0.02212,418306.89
1757462400000,0.02212,0.02226,0.02203,0.02223,309586.05
1757476800000,0.02223,0.02226,0.02209,0.02211,380221.83
1757491200000,0.02211,0.02236,0.022,0.02218,607084.73
1757505600000,0.02218,0.02247,0.02213,0.02238,745473.59
1757520000000,0.02238,0.02242,0.02222,0.02223,364141.34
1757534400000,0.02223,0.02252,0.02221,0.02251,647880.59
1757548800000,0.02251,0.02257,0.02236,0.02248,677273.82
1757563200000,0.02248,0.02249,0.02225,0.02231,350349.75
1757577600000,0.02231,0.02245,0.02227,0.02236,270133.93
1757592000000,0.02236,0.02251,0.02207,0.02241,1390980.54
1757606400000,0.02241,0.02252,0.02222,0.02231,881735.04
1757620800000,0.02231,0.02268,0.02218,0.02266,1105276.71
1757635200000,0.02266,0.02276,0.02252,0.02267,1060135.57
1757649600000,0.02267,0.02294,0.02263,0.02281,1025201.02
1757664000000,0.02281,0.02287,0.02264,0.02271,1290224.13
1757678400000,0.02271,0.02282,0.02242,0.02243,1515423.94
1757692800000,0.02243,0.02268,0.02241,0.02266,983419.37
1757707200000,0.02266,0.02282,0.02257,0.02278,1077701.16
1757721600000,0.02278,0.02298,0.02278,0.02291,816846.56
1757736000000,0.02291,0.02291,0.0226,0.02281,1433078.65
1757750400000,0.02281,0.02324,0.02277,0.02321,1519805.16
1757764800000,0.02321,0.02352,0.02315,0.02318,2406247.66
1757779200000,0.02318,0.02329,0.02291,0.023,1122596.45
1757793600000,0.023,0.02318,0.02292,0.02306,1037635.14
1757808000000,0.02306,0.02313,0.02277,0.0228,644995.7
1757822400000,0.0228,0.02338,0.02277,0.02308,1464057.92
1757836800000,0.02308,0.02321,0.02276,0.02277,1225919.06
1757851200000,0.02277,0.02293,0.02268,0.02275,1627458.18
1757865600000,0.02275,0.0246,0.02267,0.02417,12920366.06
1757880000000,0.02417,0.02522,0.02371,0.02382,10812374.03
1757894400000,0.02382,0.02477,0.02352,0.02467,6314168.82
1757908800000,0.02467,0.02495,0.02395,0.02418,9282650.66
1757923200000,0.02418,0.0242,0.02332,0.02336,6236980.64
1757937600000,0.02336,0.0237,0.02295,0.02303,5508371.19
1757952000000,0.02303,0.02307,0.02272,0.02279,4805502.69
1757966400000,0.02279,0.0238,0.02274,0.02363,4646507.37
1757980800000,0.02363,0.02369,0.02312,0.02319,3012246.31
1757995200000,0.02319,0.02324,0.02289,0.02292,3093100.57
1758009600000,0.02292,0.02312,0.02288,0.02289,2711946.35
1758024000000,0.02289,0.02328,0.02278,0.02295,3777163.58
1758038400000,0.02295,0.0234,0.02284,0.02339,2056321.14
1758052800000,0.02339,0.02339,0.02307,0.02314,988201.65
1758067200000,0.02314,0.0233,0.02299,0.02305,1635204.95
1758081600000,0.02305,0.02347,0.02292,0.02341,1634908.15
1758096000000,0.02341,0.02444,0.02318,0.0234,10431946.83
1758110400000,0.0234,0.02446,0.02315,0.02388,8338865.74
1758124800000,0.02388,0.02473,0.02332,0.02371,12011733.68
1758139200000,0.02371,0.024,0.02344,0.02396,4464639.06
1758153600000,0.02396,0.02412,0.02382,0.024,2385089.68
1758168000000,0.024,0.02404,0.02371,0.02385,2395308.62
1758182400000,0.02385,0.02417,0.02379,0.02417,1558551.98
1758196800000,0.02417,0.02419,0.02388,0.02405,1629098.29
1758211200000,0.02405,0.02414,0.02368,0.02379,2809486.37
1758225600000,0.02379,0.0239,0.02367,0.02367,698545.31
1758240000000,0.02367,0.02386,0.02353,0.02353,659865.0
1758254400000,0.02353,0.02376,0.02351,0.02352,753969.28
1758268800000,0.02352,0.02375,0.02344,0.02344,1053348.35
1758283200000,0.02344,0.02344,0.0231,0.0232,2861021.9
1758297600000,0.0232,0.02328,0.02307,0.02309,653473.29
1758312000000,0.02309,0.02329,0.02305,0.02314,613343.84
1758326400000,0.02314,0.02318,0.02304,0.02307,284051.35
1758340800000,0.02307,0.02318,0.02307,0.02313,211768.81
1758355200000,0.02313,0.02336,0.02304,0.02332,575278.38
1758369600000,0.02332,0.0234,0.02307,0.02327,739646.03
1758384000000,0.02327,0.02426,0.02327,0.0238,7040788.01
1758398400000,0.0238,0.02504,0.02378,0.02499,4646666.46
1758412800000,0.02499,0.02504,0.02462,0.02462,2995592.85
1758427200000,0.02462,0.0249,0.02439,0.02486,2591239.44
1758441600000,0.02486,0.02486,0.02417,0.02418,1546992.94
1758456000000,0.02418,0.02458,0.02415,0.02435,1662793.45
1758470400000,0.02435,0.02481,0.02417,0.02458,2194674.37
1758484800000,0.02458,0.02504,0.02448,0.02499,2550536.99
1758499200000,0.02499,0.02505,0.02431,0.02437,2306858.86
1758513600000,0.02437,0.02446,0.02349,0.02351,3053007.9
1758528000000,0.02351,0.02359,0.02329,0.02336,1357026.63
1758542400000,0.02336,0.02381,0.02336,0.02352,2017920.36
1758556800000,0.02352,0.02416,0.02324,0.02359,6031844.34
1758571200000,0.02359,0.02386,0.02354,0.02354,3010940.47
1758585600000,0.02354,0.02361,0.02334,0.02354,1692101.71
1758600000000,0.02354,0.02379,0.0234,0.0237,1200159.21
1758614400000,0.0237,0.02394,0.02364,0.0238,1225238.71
1758628800000,0.0238,0.02398,0.02368,0.02376,1062062.83
1758643200000,0.02376,0.02378,0.02349,0.02349,1292204.27
1758657600000,0.02349,0.02503,0.02349,0.02488,5471856.8
1758672000000,0.02488,0.02518,0.0244,0.02445,3983790.59
1758686400000,0.02445,0.02487,0.02434,0.02459,2222528.28
1758700800000,0.02459,0.02498,0.02452,0.02494,1826253.27
1758715200000,0.02494,0.02762,0.02494,0.02703,14443535.14
1758729600000,0.02703,0.02858,0.02626,0.02686,16155753.41
1758744000000,0.02686,0.02743,0.02667,0.02722,8212805.5
1758758400000,0.02722,0.02817,0.02693,0.0271,5994315.13
1758772800000,0.0271,0.0272,0.02586,0.02586,4457436.31
1758787200000,0.02586,0.02603,0.02465,0.02479,5606755.35
1758801600000,0.02479,0.02497,0.02441,0.02453,5570067.05
1758816000000,0.02453,0.02463,0.02389,0.02389,3013483.35
1758830400000,0.02389,0.02392,0.02345,0.02369,1160962.6
1758844800000,0.02369,0.02378,0.02338,0.02359,2526680.94
1758859200000,0.02359,0.02412,0.02354,0.02404,2017996.01
1758873600000,0.02404,0.02443,0.0237,0.02393,2611307.03
1758888000000,0.02393,0.02515,0.02374,0.02439,5875882.95
1758902400000,0.02439,0.02588,0.02439,0.02534,4831746.36
1758916800000,0.02534,0.02626,0.0252,0.02576,4733536.31
1758931200000,0.02576,0.02576,0.02539,0.02559,1622495.77
1758945600000,0.02559,0.02625,0.02556,0.02556,2533748.18
1758960000000,0.02556,0.02564,0.02525,0.02526,1578402.62
1758974400000,0.02526,0.02563,0.02519,0.02534,1422080.5
1758988800000,0.02534,0.02564,0.02526,0.02551,1028302.03
1759003200000,0.02551,0.02563,0.02534,0.0254,571686.66
1759017600000,0.0254,0.0254,0.02478,0.02484,1375926.89
1759032000000,0.02484,0.02499,0.02475,0.02481,830377.29
1759046400000,0.02481,0.02485,0.02466,0.0247,637324.43
1759060800000,0.0247,0.0252,0.02454,0.02496,1614821.31
1759075200000,0.02496,0.02565,0.02496,0.02565,1660230.06
1759089600000,0.02565,0.02647,0.02557,0.02634,2563107.31
1759104000000,0.02634,0.02642,0.02586,0.02588,1821601.77
1759118400000,0.02588,0.02596,0.0256,0.02566,1101247.54
1759132800000,0.02566,0.02573,0.02536,0.02552,1102570.29
1759147200000,0.02552,0.02587,0.02522,0.02584,2297045.05
1759161600000,0.02584,0.02666,0.02582,0.02608,3972679.6
1759176000000,0.02608,0.02653,0.02585,0.02646,1524649.46
1759190400000,0.02646,0.02647,0.0259,0.026,982655.53
1759204800000,0.026,0.02627,0.02595,0.02609,1050928.55
1759219200000,0.02609,0.0261,0.02528,0.0253,1547845.6
1759233600000,0.0253,0.02569,0.02508,0.02554,2736908.22
1759248000000,0.02554,0.02578,0.02507,0.02536,1883540.07
1759262400000,0.02536,0.02563,0.02525,0.02547,1425560.12
1759276800000,0.02547,0.02556,0.02521,0.0253,1014920.04
1759291200000,0.0253,0.0255,0.02526,0.0255,687767.25
1759305600000,0.0255,0.02587,0.0255,0.02586,2346697.92
1759320000000,0.02586,0.02598,0.0256,0.02594,1893227.86
1759334400000,0.02594,0.02605,0.02568,0.02602,2088593.21
1759348800000,0.02602,0.0266,0.02595,0.02646,2776132.75
1759363200000,0.02646,0.02654,0.02616,0.02621,1847967.11
1759377600000,0.02621,0.02635,0.02606,0.02611,596421.17
1759392000000,0.02611,0.02627,0.02571,0.02585,2053861.02
1759406400000,0.02585,0.02607,0.02555,0.02572,2244732.67
1759420800000,0.02572,0.02612,0.02562,0.02598,2473881.9
1759435200000,0.02598,0.0261,0.02579,0.02589,1507297.85
1759449600000,0.02589,0.02594,0.02541,0.02543,1400066.07
1759464000000,0.02543,0.02545,0.02505,0.02513,1819794.05
1759478400000,0.02513,0.02521,0.02501,0.02505,1301727.64
1759492800000,0.02505,0.02514,0.02474,0.02498,2413864.71
1759507200000,0.02498,0.02535,0.0248,0.02494,2624089.47
1759521600000,0.02494,0.0251,0.02482,0.025,1575962.73
1759536000000,0.025,0.02509,0.02485,0.02486,1362557.08
1759550400000,0.02486,0.02499,0.02458,0.0246,1680898.26
1759564800000,0.0246,0.02477,0.02454,0.02473,982333.81
1759579200000,0.02473,0.02473,0.02414,0.02416,2291520.6
1759593600000,0.02416,0.02427,0.02397,0.02427,1318388.09
1759608000000,0.02427,0.02444,0.02419,0.02421,945121.81
1759622400000,0.02421,0.02448,0.02412,0.0243,689945.17
1759636800000,0.0243,0.02467,0.02428,0.02457,1814744.33
1759651200000,0.02457,0.02473,0.02435,0.02435,1019172.0
1759665600000,0.02435,0.02452,0.02411,0.02425,739966.9
1759680000000,0.02425,0.02449,0.02406,0.02414,1207790.98
1759694400000,0.02414,0.02431,0.02408,0.02418,740110.32
1759708800000,0.02418,0.02437,0.02407,0.02424,1076364.04
1759723200000,0.02424,0.0244,0.02412,0.02422,747930.52
1759737600000,0.02422,0.02444,0.02411,0.02427,667309.28
1759752000000,0.02427,0.02463,0.02426,0.02462,1760048.15
1759766400000,0.02462,0.02466,0.02405,0.02424,1973733.14
1759780800000,0.02424,0.02463,0.02408,0.02421,1546354.77
1759795200000,0.02421,0.02452,0.02403,0.02443,1752089.55
1759809600000,0.02443,0.02451,0.0241,0.02422,777264.72
1759824000000,0.02422,0.02425,0.02407,0.02411,452994.35
1759838400000,0.02411,0.02455,0.02333,0.02351,3106339.52
1759852800000,0.02351,0.02374,0.02336,0.02344,1442309.75
1759867200000,0.02344,0.02365,0.02344,0.02352,670080.66
1759881600000,0.02352,0.02356,0.02326,0.02339,942892.22
1759896000000,0.02339,0.02349,0.02296,0.02308,1309020.14
1759910400000,0.02308,0.02316,0.02298,0.02307,1134848.43
1759924800000,0.02307,0.02319,0.02296,0.02296,839684.68
1759939200000,0.02296,0.02374,0.02294,0.02338,1177416.7
1759953600000,0.02338,0.02354,0.02316,0.0232,705314.63
1759968000000,0.0232,0.02321,0.0227,0.0228,1284945.07
1759982400000,0.0228,0.0228,0.02247,0.02252,851489.84
1759996800000,0.02252,0.02252,0.02204,0.02211,1168766.4
1760011200000,0.02211,0.02245,0.02203,0.02208,1051310.24
1760025600000,0.02208,0.02247,0.02203,0.02238,1228123.67
1760040000000,0.02238,0.0224,0.02191,0.02223,1023163.72
1760054400000,0.02223,0.02243,0.02214,0.02226,677373.45
1760068800000,0.02226,0.02274,0.02209,0.02245,1087600.79
1760083200000,0.02245,0.0228,0.02228,0.02254,1470024.31
1760097600000,0.02254,0.02286,0.02206,0.02207,2350490.98
1760112000000,0.02207,0.02217,0.02115,0.02141,3301322.4
1760126400000,0.02141,0.02151,0.01527,0.01915,10606882.47
1760140800000,0.01915,0.01976,0.01884,0.01909,3056340.98
1760155200000,0.01909,0.01964,0.01889,0.01896,2258898.91
1760169600000,0.01896,0.01948,0.01883,0.01934,1443935.92
1760184000000,0.01934,0.01997,0.01918,0.01992,1708465.56
1760198400000,0.01992,0.01993,0.01927,0.01931,1327635.6
1760212800000,0.01931,0.01974,0.01865,0.01937,2292704.67
1760227200000,0.01937,0.01953,0.01903,0.01935,1200721.23
1760241600000,0.01935,0.01958,0.01933,0.01945,709490.23
1760256000000,0.01945,0.01976,0.01916,0.01949,1265467.98
1760270400000,0.01949,0.01993,0.01899,0.01993,2291260.7
1760284800000,0.01993,0.02002,0.01976,0.02,1226162.52
1760299200000,0.02,0.02046,0.01987,0.01998,1072638.72
1760313600000,0.01998,0.02018,0.01986,0.01991,345936.89
1760328000000,0.01991,0.02046,0.01989,0.02036,840319.16
1760342400000,0.02036,0.02071,0.02014,0.02018,596209.21
1760356800000,0.02018,0.02044,0.01991,0.02012,1464710.1
1760371200000,0.02012,0.02044,0.02009,0.02021,815806.02
1760385600000,0.02021,0.02072,0.02021,0.02062,1597545.15
1760400000000,0.02062,0.02082,0.01966,0.01976,1923571.1
1760414400000,0.01976,0.01981,0.0189,0.01895,1353513.95
1760428800000,0.01895,0.01918,0.01866,0.01914,1892151.61
1760443200000,0.01914,0.01921,0.01859,0.01916,1481958.9
1760457600000,0.01916,0.01921,0.01888,0.01892,2602973.78
1760472000000,0.01892,0.01932,0.01882,0.01931,1659285.16
1760486400000,0.01931,0.01942,0.01911,0.01938,1120782.02
1760500800000,0.01938,0.01961,0.01926,0.01944,1594491.7
1760515200000,0.01944,0.01976,0.01931,0.01931,1150865.45
1760529600000,0.01931,0.01935,0.01883,0.01892,1582345.87
1760544000000,0.01892,0.01999,0.01885,0.01894,3064341.6
1760558400000,0.01894,0.019,0.01854,0.01881,1615344.41
1760572800000,0.01881,0.01907,0.0187,0.01893,732213.69
1760587200000,0.01893,0.01899,0.01872,0.01873,825140.99
1760601600000,0.01873,0.01901,0.01843,0.01893,1390149.94
1760616000000,0.01893,0.01903,0.01837,0.01841,1859712.53
1760630400000,0.01841,0.01871,0.01745,0.01769,4104640.13
1760644800000,0.01769,0.01779,0.01685,0.01745,4775861.2
1760659200000,0.01745,0.01767,0.01732,0.01743,1828460.17
1760673600000,0.01743,0.0176,0.01661,0.01667,2533562.9
1760688000000,0.01667,0.017,0.01642,0.01677,3610373.97
1760702400000,0.01677,0.01683,0.0164,0.01659,4139423.16
1760716800000,0.01659,0.01685,0.01636,0.01651,3633263.17
1760731200000,0.01651,0.01687,0.01648,0.01673,1571906.75
1760745600000,0.01673,0.01697,0.01669,0.01686,1976442.58
1760760000000,0.01686,0.01722,0.01677,0.01704,2333565.41
1760774400000,0.01704,0.0172,0.01693,0.01708,1387145.47
1760788800000,0.01708,0.01788,0.01703,0.01767,4583568.92
1760803200000,0.01767,0.0181,0.01742,0.01746,3186492.02
1760817600000,0.01746,0.01829,0.01734,0.01824,2868180.31
1760832000000,0.01824,0.01824,0.01767,0.01783,1080067.77
1760846400000,0.01783,0.01788,0.01753,0.01771,828981.74
1760860800000,0.01771,0.01785,0.01734,0.0175,2707943.78
1760875200000,0.0175,0.01771,0.0171,0.01745,2808118.01
1760889600000,0.01745,0.01775,0.01741,0.01765,1403942.14
1760904000000,0.01765,0.01774,0.01732,0.01741,835376.1
1760918400000,0.01741,0.01745,0.01698,0.01741,1931483.42
1760932800000,0.01741,0.01766,0.01741,0.0176,1236380.84
1760947200000,0.0176,0.01773,0.01752,0.0176,955634.6
1760961600000,0.0176,0.01773,0.01743,0.01748,1126496.58
1760976000000,0.01748,0.01786,0.0173,0.01786,1887073.72
1760990400000,0.01786,0.01789,0.01753,0.01754,604770.93
1761004800000,0.01754,0.01761,0.0172,0.01728,889996.0
1761019200000,0.01728,0.01743,0.01714,0.0173,1567008.1
1761033600000,0.0173,0.0174,0.0172,0.01739,1100689.8
1761048000000,0.01739,0.01845,0.0172,0.01833,2372483.65
1761062400000,0.01833,0.01849,0.0179,0.01801,2100695.18
1761076800000,0.01801,0.01801,0.01762,0.01769,2340912.45
1761091200000,0.01769,0.01772,0.01725,0.01741,1016742.97
1761105600000,0.01741,0.01746,0.01724,0.01737,762763.88
1761120000000,0.01737,0.01745,0.01717,0.01726,920145.24
1761134400000,0.01726,0.01739,0.01695,0.0172,2612690.98
1761148800000,0.0172,0.0174,0.01708,0.01736,1142893.13
1761163200000,0.01736,0.01738,0.01681,0.01721,1241900.54
1761177600000,0.01721,0.01736,0.01708,0.01716,763465.37
1761192000000,0.01716,0.01739,0.01712,0.01737,605611.54
1761206400000,0.01737,0.01741,0.01714,0.01718,679054.84
1761220800000,0.01718,0.01718,0.01683,0.017,2460379.57
1761235200000,0.017,0.01715,0.01695,0.01703,867526.81
1761249600000,0.01703,0.01717,0.0169,0.01712,540592.44
1761264000000,0.01712,0.01712,0.01662,0.01676,3313850.67
1761278400000,0.01676,0.01714,0.01673,0.01707,979411.62
1761292800000,0.01707,0.01722,0.01696,0.01709,1002321.52
1761307200000,0.01709,0.01789,0.017,0.01721,3231178.02
1761321600000,0.01721,0.0173,0.01696,0.01724,1048294.22
1761336000000,0.01724,0.0175,0.01702,0.0174,1629638.45
1761350400000,0.0174,0.01774,0.01728,0.01739,1529245.82
1761364800000,0.01739,0.0175,0.01705,0.01717,1103510.73
1761379200000,0.01717,0.01726,0.01705,0.01722,1059332.57
1761393600000,0.01722,0.01738,0.01719,0.01734,1149465.51
1761408000000,0.01734,0.01735,0.01665,0.01703,2534575.44
1761422400000,0.01703,0.01716,0.01686,0.01707,1099042.83
1761436800000,0.01707,0.01711,0.01683,0.01685,1193022.74
1761451200000,0.01685,0.01711,0.01684,0.01702,782187.96
1761465600000,0.01702,0.01718,0.01699,0.01713,1391952.84
1761480000000,0.01713,0.01768,0.01713,0.01757,2038107.86
1761494400000,0.01757,0.01757,0.01731,0.01736,1136226.52
1761508800000,0.01736,0.01768,0.01714,0.01756,1331567.73
1761523200000,0.01756,0.01773,0.0175,0.01765,1165874.89
1761537600000,0.01765,0.01777,0.0175,0.01755,947729.79
1761552000000,0.01755,0.01759,0.01725,0.01738,921897.59
1761566400000,0.01738,0.01791,0.01729,0.01746,3112703.25
1761580800000,0.01746,0.01768,0.01732,0.01732,1028880.4
1761595200000,0.01732,0.01765,0.01706,0.01706,1285134.16
1761609600000,0.01706,0.01721,0.01681,0.01703,2484140.48
1761624000000,0.01703,0.01717,0.01698,0.01715,558757.1
1761638400000,0.01715,0.01718,0.01693,0.01694,800945.4
1761652800000,0.01694,0.01718,0.01688,0.017,927213.15
1761667200000,0.017,0.0172,0.01671,0.01687,1793370.75
1761681600000,0.01687,0.01687,0.01632,0.01663,1988123.34
1761696000000,0.01663,0.01676,0.01658,0.0167,388147.13
1761710400000,0.0167,0.01675,0.01658,0.01668,427711.55
1761724800000,0.01668,0.01678,0.01665,0.01666,214182.87
1761739200000,0.01666,0.01681,0.01662,0.01675,789243.94
1761753600000,0.01675,0.01712,0.01658,0.01683,2001152.16
1761768000000,0.01683,0.01708,0.01668,0.01682,1335819.91
1761782400000,0.01682,0.01704,0.01665,0.01684,1660344.69
1761796800000,0.01684,0.01684,0.01643,0.01671,1025481.29
1761811200000,0.01671,0.01689,0.01655,0.0168,934966.56
1761825600000,0.0168,0.0168,0.01576,0.0161,2593978.43
1761840000000,0.0161,0.01622,0.01567,0.01567,1549652.71
1761854400000,0.01567,0.01597,0.0156,0.01596,1239840.89
1761868800000,0.01596,0.0161,0.01591,0.01604,921074.74
1761883200000,0.01604,0.01618,0.01602,0.01613,1039804.15
1761897600000,0.01613,0.01654,0.01606,0.01638,1598412.32
1761912000000,0.01638,0.01642,0.01615,0.01639,1075328.57
1761926400000,0.01639,0.01644,0.01602,0.01624,1018964.81
1761940800000,0.01624,0.01624,0.01599,0.01614,985740.17
1761955200000,0.01614,0.01627,0.01593,0.01618,1912071.67
1761969600000,0.01618,0.01619,0.01602,0.0161,1183606.53
1761984000000,0.0161,0.01623,0.01601,0.01619,1560134.91
1761998400000,0.01619,0.01627,0.01602,0.0162,1070588.78
1762012800000,0.0162,0.01624,0.01578,0.01597,3986371.98
1762027200000,0.01597,0.0161,0.01565,0.016,2761539.37
1762041600000,0.016,0.0166,0.01592,0.0161,3619399.38
1762056000000,0.0161,0.01623,0.01608,0.01617,1812516.67
1762070400000,0.01617,0.01623,0.01585,0.01608,1807876.26
1762084800000,0.01608,0.01615,0.01545,0.01561,1944746.46
1762099200000,0.01561,0.01626,0.01558,0.01616,1184427.84
1762113600000,0.01616,0.01624,0.01586,0.01601,2411396.55
1762128000000,0.01601,0.0161,0.01521,0.01525,2397862.78
1762142400000,0.01525,0.01526,0.01498,0.01509,2158967.58
1762156800000,0.01509,0.01516,0.01498,0.01507,1255728.97
1762171200000,0.01507,0.01514,0.0144,0.01448,1994091.02
1762185600000,0.01448,0.01499,0.01443,0.01496,2092539.7
1762200000000,0.01496,0.01496,0.0135,0.01352,5288330.81
1762214400000,0.01352,0.01403,0.01352,0.01401,2989796.32
1762228800000,0.01401,0.01406,0.01333,0.01355,4218099.69
1762243200000,0.01355,0.01393,0.0135,0.01388,1498206.63
1762257600000,0.01388,0.01396,0.01346,0.01379,3122535.44
1762272000000,0.01379,0.01386,0.01332,0.01362,3867332.93
1762286400000,0.01362,0.01372,0.01317,0.01359,4421753.52
1762300800000,0.01359,0.01373,0.01298,0.01358,5695256.1
1762315200000,0.01358,0.01391,0.01355,0.01389,1771073.01
1762329600000,0.01389,0.01395,0.01363,0.01395,1494346.8
1762344000000,0.01395,0.01533,0.01389,0.01481,6186095.93
1762358400000,0.01481,0.01527,0.01473,0.01494,2212952.2
1762372800000,0.01494,0.01526,0.01491,0.01497,1144127.29
1762387200000,0.01497,0.01529,0.01487,0.01511,1014207.23
1762401600000,0.01511,0.01524,0.01488,0.01489,872215.71
1762416000000,0.01489,0.01505,0.01482,0.01483,1279149.88
1762430400000,0.01483,0.0149,0.01466,0.01479,1884572.77
1762444800000,0.01479,0.01484,0.01458,0.01467,1232640.35
1762459200000,0.01467,0.01487,0.01457,0.01487,1474527.04
1762473600000,0.01487,0.0149,0.01464,0.01477,799055.01
1762488000000,0.01477,0.01499,0.01472,0.01498,517535.34
1762502400000,0.01498,0.01507,0.01465,0.01485,1429940.54
1762516800000,0.01485,0.01513,0.01457,0.01512,1680069.87
1762531200000,0.01512,0.01606,0.01509,0.01597,2885553.53
1762545600000,0.01597,0.0161,0.01548,0.01551,1331759.77
1762560000000,0.01551,0.01594,0.01551,0.01574,809122.72
1762574400000,0.01574,0.01583,0.0155,0.01581,751767.98
1762588800000,0.01581,0.01592,0.01558,0.01578,975410.41
1762603200000,0.01578,0.01583,0.01543,0.01547,808337.59
1762617600000,0.01547,0.0156,0.01531,0.01538,898284.96
1762632000000,0.01538,0.01561,0.01532,0.01551,455911.55
1762646400000,0.01551,0.01553,0.01516,0.01525,863694.6
1762660800000,0.01525,0.01538,0.01516,0.01533,1011931.68
1762675200000,0.01533,0.01567,0.01518,0.01558,1412875.64
1762689600000,0.01558,0.01581,0.01542,0.01559,1951761.3
1762704000000,0.01559,0.01609,0.01557,0.01605,1383178.53
1762718400000,0.01605,0.01624,0.01584,0.01599,1181771.21
1762732800000,0.01599,0.01618,0.01585,0.01602,1419243.15
1762747200000,0.01602,0.0162,0.01585,0.0162,978231.89
1762761600000,0.0162,0.0166,0.0162,0.01642,1656317.16
1762776000000,0.01642,0.01667,0.01616,0.01623,1846640.34
1762790400000,0.01623,0.0167,0.01612,0.01638,1610398.29
1762804800000,0.01638,0.01645,0.01614,0.01622,855497.48
1762819200000,0.01622,0.01653,0.01617,0.01631,1254905.64
1762833600000,0.01631,0.01634,0.01585,0.01586,1940799.3
1762848000000,0.01586,0.01589,0.01559,0.01571,2182950.04
1762862400000,0.01571,0.01581,0.01551,0.0156,1434354.7
1762876800000,0.0156,0.01575,0.01547,0.01556,1382035.99
1762891200000,0.01556,0.0156,0.01531,0.01545,615967.65
1762905600000,0.01545,0.01563,0.01545,0.01561,315915.28
1762920000000,0.01561,0.01564,0.0155,0.01555,244135.56
1762934400000,0.01555,0.01586,0.01554,0.01583,1424294.18
1762948800000,0.01583,0.01596,0.01554,0.01554,805759.35
1762963200000,0.01554,0.01554,0.01515,0.0152,973391.32
1762977600000,0.0152,0.01541,0.01518,0.01538,499189.83
1762992000000,0.01538,0.01558,0.01525,0.01552,711669.25
1763006400000,0.01552,0.01553,0.01538,0.0154,526187.57
1763020800000,0.0154,0.0155,0.0153,0.01532,517833.55
1763035200000,0.01532,0.0154,0.01506,0.01507,1810243.25
1763049600000,0.01507,0.01507,0.01411,0.01426,3110463.03
1763064000000,0.01426,0.01463,0.01413,0.01455,1953563.07
1763078400000,0.01455,0.01455,0.01429,0.01433,1025285.24
1763092800000,0.01433,0.01437,0.01398,0.0142,1620490.04
1763107200000,0.0142,0.01421,0.01403,0.01411,593056.17
1763121600000,0.01411,0.01429,0.01386,0.01427,2140551.37
1763136000000,0.01427,0.01437,0.0141,0.01437,2441421.32
1763150400000,0.01437,0.01441,0.01386,0.01395,1827644.86
1763164800000,0.01395,0.01422,0.01393,0.01419,404174.32
1763179200000,0.01419,0.0142,0.01406,0.01414,326860.12
1763193600000,0.01414,0.01423,0.01392,0.01418,1369012.3
1763208000000,0.01418,0.01426,0.01393,0.01397,1126976.86
1763222400000,0.01397,0.01419,0.01394,0.01412,887262.17
1763236800000,0.01412,0.0143,0.01401,0.01426,887728.69
1763251200000,0.01426,0.01429,0.01412,0.01427,581740.23
1763265600000,0.01427,0.01463,0.01425,0.01463,1340490.79
1763280000000,0.01463,0.01477,0.01438,0.01441,1393060.8
1763294400000,0.01441,0.01457,0.01422,0.01422,1868011.48
1763308800000,0.01422,0.01428,0.01393,0.01409,1459358.36
1763323200000,0.01409,0.01427,0.01394,0.01416,1339605.69
1763337600000,0.01416,0.01449,0.01392,0.01445,1282340.3
1763352000000,0.01445,0.01446,0.01408,0.01416,683287.67
1763366400000,0.01416,0.01427,0.01412,0.0142,390303.73
1763380800000,0.0142,0.01427,0.01399,0.01401,1888041.6
1763395200000,0.01401,0.01401,0.01365,0.01367,2319723.69
1763409600000,0.01367,0.01401,0.01357,0.01379,1946278.47
1763424000000,0.01379,0.01382,0.01351,0.01363,1418186.55
1763438400000,0.01363,0.01378,0.01348,0.0135,1083788.04
1763452800000,0.0135,0.01367,0.0135,0.01363,782713.97
1763467200000,0.01363,0.01382,0.01354,0.01379,805624.47
1763481600000,0.01379,0.01404,0.01379,0.014,906133.22
1763496000000,0.014,0.01404,0.01369,0.01372,637893.58
1763510400000,0.01372,0.01378,0.01354,0.01357,682096.4
1763524800000,0.01357,0.0136,0.01331,0.01348,950509.07
1763539200000,0.01348,0.01357,0.01343,0.01347,366845.0
1763553600000,0.01347,0.01355,0.01323,0.01324,779561.63
1763568000000,0.01324,0.01328,0.01302,0.01308,1436866.99
1763582400000,0.01308,0.01358,0.01301,0.0134,1597787.45
1763596800000,0.0134,0.01355,0.01338,0.01346,490368.16
1763611200000,0.01346,0.01353,0.01324,0.01332,1229930.8
1763625600000,0.01332,0.01336,0.01329,0.01331,274010.67
1763640000000,0.01331,0.01357,0.01319,0.01335,1364437.81
1763654400000,0.01335,0.01336,0.01277,0.01315,2811349.61
1763668800000,0.01315,0.01318,0.01297,0.01297,1106796.46
1763683200000,0.01297,0.01313,0.0129,0.01291,1086200.06
1763697600000,0.01291,0.01291,0.01218,0.01238,2274701.98
1763712000000,0.01238,0.0125,0.01204,0.01214,2654218.5
1763726400000,0.01214,0.01272,0.01197,0.01252,3522631.26
1763740800000,0.01252,0.01301,0.01245,0.01276,3822081.35
1763755200000,0.01276,0.01295,0.01243,0.01259,2946939.36
1763769600000,0.01259,0.0126,0.01234,0.0125,1512415.17
1763784000000,0.0125,0.01259,0.01233,0.01247,1406864.48
1763798400000,0.01247,0.01247,0.01221,0.01231,1055647.13
1763812800000,0.01231,0.01243,0.01217,0.0122,1233019.13
1763827200000,0.0122,0.01239,0.01216,0.01231,608321.33
1763841600000,0.01231,0.01243,0.01225,0.01233,517342.17
1763856000000,0.01233,0.01272,0.01233,0.01263,1314055.42
1763870400000,0.01263,0.01291,0.01262,0.01274,1253698.57
1763884800000,0.01274,0.01308,0.01271,0.01306,1030556.84
1763899200000,0.01306,0.01355,0.01306,0.01351,3356155.81
1763913600000,0.01351,0.01382,0.0132,0.01335,2186579.67
1763928000000,0.01335,0.01351,0.01307,0.01307,1019133.38
1763942400000,0.01307,0.01331,0.01301,0.01313,1425725.67
1763956800000,0.01313,0.01322,0.01298,0.01305,501828.3
1763971200000,0.01305,0.01307,0.01293,0.013,833640.31
1763985600000,0.013,0.01333,0.01291,0.01333,1314804.01
1764000000000,0.01333,0.01363,0.01329,0.01358,1187234.28
1764014400000,0.01358,0.0138,0.01357,0.01364,1095072.86
1764028800000,0.01364,0.01391,0.01362,0.01377,815041.23
1764043200000,0.01377,0.01391,0.01365,0.01365,514830.91
1764057600000,0.01365,0.01378,0.01357,0.01358,506085.17
1764072000000,0.01358,0.0137,0.0134,0.01347,1727535.66
1764086400000,0.01347,0.0136,0.01336,0.01343,1291709.99
1764100800000,0.01343,0.01367,0.0134,0.01365,1336433.8
1764115200000,0.01365,0.01377,0.01363,0.01367,384506.86
1764129600000,0.01367,0.0137,0.0136,0.01361,283954.9
1764144000000,0.01361,0.01361,0.01346,0.01346,220494.76
1764158400000,0.01346,0.01348,0.01335,0.01339,575196.34
1764172800000,0.01339,0.01392,0.01337,0.01376,2152949.19
1764187200000,0.01376,0.01479,0.01367,0.01428,2903521.62
1764201600000,0.01428,0.01579,0.01425,0.01496,6457995.76
1764216000000,0.01496,0.01541,0.01491,0.01539,1630865.32
1764230400000,0.01539,0.01541,0.01488,0.01493,868898.14
1764244800000,0.01493,0.01523,0.01484,0.01521,1477215.28
1764259200000,0.01521,0.01574,0.01515,0.01521,2045299.87
1764273600000,0.01521,0.01522,0.01495,0.01497,1120698.34
1764288000000,0.01497,0.01499,0.01477,0.0148,934821.24
1764302400000,0.0148,0.01502,0.0148,0.01494,763561.88
1764316800000,0.01494,0.01521,0.01493,0.01518,1138726.97
1764331200000,0.01518,0.01554,0.01511,0.01534,1866984.55
1764345600000,0.01534,0.01538,0.0149,0.01503,1778294.74
1764360000000,0.01503,0.0151,0.0149,0.01494,495947.65
1764374400000,0.01494,0.01538,0.01485,0.01529,947035.56
1764388800000,0.01529,0.01543,0.01519,0.01521,504017.64
1764403200000,0.01521,0.01521,0.01501,0.01503,685909.57
1764417600000,0.01503,0.01509,0.01484,0.01509,400429.2
1764432000000,0.01509,0.01523,0.01493,0.01497,619437.7
1764446400000,0.01497,0.01515,0.01491,0.01504,890236.27
1764460800000,0.01504,0.01521,0.0149,0.01501,478409.88
1764475200000,0.01501,0.01516,0.01492,0.01511,693174.71
1764489600000,0.01511,0.01519,0.01499,0.01501,363623.24
1764504000000,0.01501,0.01519,0.01495,0.01519,993284.89
1764518400000,0.01519,0.01522,0.01493,0.01493,436554.01
1764532800000,0.01493,0.01505,0.01465,0.01467,844522.96
1764547200000,0.01467,0.01467,0.01394,0.01394,2261211.03
1764561600000,0.01394,0.014,0.01378,0.01385,1471195.15
1764576000000,0.01385,0.01393,0.01378,0.01382,994519.67
1764590400000,0.01382,0.01382,0.01343,0.01347,2637973.07
1764604800000,0.01347,0.01347,0.01327,0.01329,2192313.33
1764619200000,0.01329,0.01351,0.01329,0.01342,1116625.59
1764633600000,0.01342,0.01349,0.01319,0.01326,1301723.92
1764648000000,0.01326,0.01331,0.01322,0.01327,912369.96
1764662400000,0.01327,0.01374,0.01318,0.01352,1275889.59
1764676800000,0.01352,0.01413,0.01339,0.01406,2273091.96
1764691200000,0.01406,0.01412,0.01372,0.01409,1502456.87
1764705600000,0.01409,0.01409,0.01384,0.01384,682214.22
1764720000000,0.01384,0.01407,0.01377,0.014,453496.82
1764734400000,0.014,0.01414,0.014,0.01409,644571.15
1764748800000,0.01409,0.01415,0.01404,0.01414,429687.37
1764763200000,0.01414,0.01437,0.01384,0.0139,1707317.36
1764777600000,0.0139,0.01392,0.01358,0.01382,2026929.76
1764792000000,0.01382,0.01408,0.01375,0.01399,535551.15
1764806400000,0.01399,0.01426,0.01379,0.01386,1461310.99
1764820800000,0.01386,0.01386,0.01361,0.01364,858197.96
1764835200000,0.01364,0.01371,0.01355,0.01362,770623.0
1764849600000,0.01362,0.01378,0.01357,0.01376,597380.58
1764864000000,0.01376,0.0138,0.01328,0.01343,1065112.54
1764878400000,0.01343,0.0135,0.01327,0.01328,760562.39
1764892800000,0.01328,0.01353,0.01327,0.01342,769708.13
1764907200000,0.01342,0.01371,0.01336,0.01365,815851.51
1764921600000,0.01365,0.01365,0.01299,0.01302,883044.08
1764936000000,0.01302,0.01322,0.01289,0.01309,2246995.02
1764950400000,0.01309,0.01318,0.01283,0.0131,1981236.9
1764964800000,0.0131,0.01319,0.01298,0.01304,553399.64
1764979200000,0.01304,0.01312,0.013,0.01305,633878.06
1764993600000,0.01305,0.01308,0.01298,0.013,522583.94
1765008000000,0.013,0.01314,0.01295,0.01301,1114035.14
1765022400000,0.01301,0.01322,0.01293,0.01306,665752.65
1765036800000,0.01306,0.01314,0.01299,0.01309,411286.23
1765051200000,0.01309,0.01312,0.01301,0.01306,279365.73
1765065600000,0.01306,0.01315,0.01306,0.0131,134240.94
1765080000000,0.0131,0.01326,0.01301,0.01302,295053.17
1765094400000,0.01302,0.01305,0.01292,0.01294,506566.75
1765108800000,0.01294,0.01328,0.01279,0.01304,1733451.31
1765123200000,0.01304,0.0132,0.01298,0.01314,752804.55
1765137600000,0.01314,0.01315,0.01285,0.01295,798922.89
1765152000000,0.01295,0.01312,0.0129,0.01302,490645.67
1765166400000,0.01302,0.01319,0.01301,0.01315,459297.47
1765180800000,0.01315,0.01329,0.01313,0.01317,312771.51
1765195200000,0.01317,0.0132,0.01297,0.01302,1163205.47
1765209600000,0.01302,0.01333,0.01298,0.01307,887361.06
1765224000000,0.01307,0.01319,0.01297,0.01302,778163.14
1765238400000,0.01302,0.01304,0.01293,0.013,508698.26
1765252800000,0.013,0.01306,0.01292,0.013,346346.35
1765267200000,0.013,0.01303,0.01292,0.01296,411423.14
1765281600000,0.01296,0.01312,0.0129,0.0131,1465414.89
1765296000000,0.0131,0.01341,0.0131,0.01322,2219572.48
1765310400000,0.01322,0.01324,0.01289,0.01298,1877311.49
1765324800000,0.01298,0.01303,0.01293,0.01299,329403.64
1765339200000,0.01299,0.01305,0.01295,0.01299,388793.1
1765353600000,0.01299,0.01303,0.01288,0.01291,778362.7
1765368000000,0.01291,0.01301,0.01289,0.01294,627545.39
1765382400000,0.01294,0.01299,0.01284,0.01297,558000.56
1765396800000,0.01297,0.0131,0.01268,0.01276,1696587.08
1765411200000,0.01276,0.01279,0.0124,0.01243,499084.5
1765425600000,0.01243,0.01255,0.01241,0.01253,386564.24
1765440000000,0.01253,0.01262,0.01248,0.01258,266393.03
1765454400000,0.01258,0.01271,0.01226,0.01257,1414093.23
1765468800000,0.01257,0.01272,0.01235,0.01265,1072363.14
1765483200000,0.01265,0.01272,0.01255,0.0126,622574.3
1765497600000,0.0126,0.01264,0.01253,0.01262,313433.18
1765512000000,0.01262,0.01274,0.0126,0.01268,429255.35
1765526400000,0.01268,0.01268,0.01259,0.01262,132391.49
1765540800000,0.01262,0.01269,0.01231,0.01232,810834.97
1765555200000,0.01232,0.0125,0.01222,0.01236,1264442.38
1765569600000,0.01236,0.01239,0.01232,0.01236,460535.4
1765584000000,0.01236,0.0124,0.01234,0.01237,212382.95
1765598400000,0.01237,0.0125,0.01237,0.01249,493691.58
1765612800000,0.01249,0.01266,0.01238,0.01262,2654330.2
1765627200000,0.01262,0.01262,0.01238,0.01251,803483.69
1765641600000,0.01251,0.01259,0.01243,0.01247,632426.02
1765656000000,0.01247,0.01252,0.0124,0.01247,778869.66
1765670400000,0.01247,0.01247,0.01235,0.01239,535047.44
1765684800000,0.01239,0.01243,0.01236,0.01243,255293.89
1765699200000,0.01243,0.01243,0.01225,0.0123,256191.87
1765713600000,0.0123,0.0123,0.01219,0.01222,606539.91
1765728000000,0.01222,0.01229,0.01214,0.01215,939467.34
1765742400000,0.01215,0.0123,0.01204,0.01211,885570.43
1765756800000,0.01211,0.01226,0.01199,0.01216,870253.34
1765771200000,0.01216,0.01221,0.0121,0.01212,267952.53
1765785600000,0.01212,0.01215,0.01207,0.01209,178886.42
1765800000000,0.01209,0.01213,0.01172,0.01179,1457147.88
1765814400000,0.01179,0.0118,0.01137,0.01152,1591709.56
1765828800000,0.01152,0.0117,0.01137,0.01167,2775265.26
1765843200000,0.01167,0.01169,0.01135,0.01145,985713.33
1765857600000,0.01145,0.01161,0.01139,0.01148,941127.64
1765872000000,0.01148,0.01152,0.01137,0.01146,578818.28
1765886400000,0.01146,0.01167,0.01146,0.01166,860988.06
1765900800000,0.01166,0.01168,0.01141,0.01161,2085379.17
1765915200000,0.01161,0.01169,0.01148,0.01169,1015345.22
1765929600000,0.01169,0.01208,0.01153,0.01196,2803664.82
1765944000000,0.01196,0.01196,0.01159,0.0116,1721907.51
1765958400000,0.0116,0.01166,0.01138,0.01159,1212837.79
1765972800000,0.01159,0.012,0.01152,0.01154,2027533.61
1765987200000,0.01154,0.01162,0.01125,0.01132,1208226.78
1766001600000,0.01132,0.01155,0.0113,0.01148,1633806.69
1766016000000,0.01148,0.01151,0.01128,0.01134,968562.28
1766030400000,0.01134,0.0114,0.01123,0.01135,1160015.26
1766044800000,0.01135,0.0115,0.01133,0.01148,705046.03
1766059200000,0.01148,0.01157,0.01137,0.01144,1419102.46
1766073600000,0.01144,0.01157,0.01094,0.01095,2940829.89
1766088000000,0.01095,0.01125,0.01095,0.01102,2013966.72
1766102400000,0.01102,0.01114,0.01083,0.01106,1582585.31
1766116800000,0.01106,0.01126,0.01104,0.01117,666426.44
1766131200000,0.01117,0.01137,0.01114,0.01136,918131.49
1766145600000,0.01136,0.01142,0.01121,0.0113,1063516.72
1766160000000,0.0113,0.0115,0.01124,0.01147,1150907.0
1766174400000,0.01147,0.01155,0.01132,0.01152,957364.25
1766188800000,0.01152,0.01162,0.01147,0.01153,995344.44
1766203200000,0.01153,0.01163,0.01147,0.01163,791238.54
1766217600000,0.01163,0.01175,0.01159,0.01168,493370.95
1766232000000,0.01168,0.01169,0.01153,0.01157,438648.64
1766246400000,0.01157,0.0116,0.01146,0.01154,416125.79
1766260800000,0.01154,0.01163,0.01153,0.01157,242344.26
1766275200000,0.01157,0.01166,0.01144,0.0115,994531.84
1766289600000,0.0115,0.01154,0.01144,0.01148,305450.52
1766304000000,0.01148,0.01171,0.01146,0.01163,478421.25
1766318400000,0.01163,0.01175,0.01136,0.01141,704132.13
1766332800000,0.01141,0.01147,0.01137,0.01142,515733.75
1766347200000,0.01142,0.01146,0.01134,0.01143,748955.23
1766361600000,0.01143,0.01191,0.01143,0.01149,1635374.66
1766376000000,0.01149,0.0116,0.01145,0.01147,618176.63
1766390400000,0.01147,0.01157,0.01147,0.01156,397381.9
1766404800000,0.01156,0.01217,0.01152,0.01193,4481576.13
1766419200000,0.01193,0.01194,0.01156,0.01157,1036576.6
1766433600000,0.01157,0.01175,0.01144,0.01173,809463.92
1766448000000,0.01173,0.01181,0.01155,0.01172,914614.41
1766462400000,0.01172,0.01172,0.01144,0.01149,430744.61
1766476800000,0.01149,0.0115,0.01139,0.01149,1002912.25
1766491200000,0.01149,0.0115,0.01136,0.01139,899839.07
1766505600000,0.01139,0.01146,0.01127,0.01134,1583359.91
1766520000000,0.01134,0.01149,0.01127,0.0113,739621.02
1766534400000,0.0113,0.0114,0.01119,0.01124,845314.05
1766548800000,0.01124,0.01126,0.0112,0.01123,282778.15
1766563200000,0.01123,0.01123,0.01117,0.01121,408017.27
1766577600000,0.01121,0.01133,0.01121,0.01129,837281.92
1766592000000,0.01129,0.01137,0.01129,0.01132,454840.72
1766606400000,0.01132,0.01146,0.01131,0.01134,453210.37
1766620800000,0.01134,0.01138,0.01127,0.01133,648676.68
1766635200000,0.01133,0.01133,0.01123,0.01124,306787.53
1766649600000,0.01124,0.01128,0.0112,0.01124,493727.29
1766664000000,0.01124,0.01151,0.01118,0.01134,1293093.95
1766678400000,0.01134,0.0115,0.0113,0.0115,692995.65
1766692800000,0.0115,0.0115,0.01118,0.01118,657764.05
1766707200000,0.01118,0.01144,0.01113,0.01139,1056598.08
1766721600000,0.01139,0.01144,0.0113,0.01133,418145.18
1766736000000,0.01133,0.01139,0.0113,0.01131,404840.97
1766750400000,0.01131,0.01141,0.0111,0.01113,893661.86
1766764800000,0.01113,0.01124,0.0111,0.01121,591772.74
1766779200000,0.01121,0.01139,0.01119,0.0112,1184573.09
1766793600000,0.0112,0.01127,0.01118,0.01126,263638.83
1766808000000,0.01126,0.01127,0.01121,0.01124,387616.75
1766822400000,0.01124,0.01132,0.01122,0.01128,441828.23
1766836800000,0.01128,0.01135,0.0112,0.01122,686778.07
1766851200000,0.01122,0.01132,0.0112,0.01131,784034.61
1766865600000,0.01131,0.01142,0.01127,0.01134,661787.76
1766880000000,0.01134,0.0114,0.01127,0.01131,402156.71
1766894400000,0.01131,0.01139,0.01126,0.01135,340212.15
1766908800000,0.01135,0.01137,0.01126,0.01129,389875.05
1766923200000,0.01129,0.01131,0.01123,0.01125,435693.35
1766937600000,0.01125,0.01131,0.01117,0.01121,1463370.78
1766952000000,0.01121,0.01128,0.01117,0.01128,449060.51
1766966400000,0.01128,0.01141,0.01125,0.01139,754031.99
1766980800000,0.01139,0.0114,0.01128,0.01129,1424593.79
1766995200000,0.01129,0.01133,0.01121,0.01125,530824.89
1767009600000,0.01125,0.01126,0.01114,0.01116,2548817.63
1767024000000,0.01116,0.01122,0.01112,0.01114,1953646.95
1767038400000,0.01114,0.01118,0.01111,0.01117,711577.97
1767052800000,0.01117,0.01118,0.01111,0.01113,329616.57
1767067200000,0.01113,0.01115,0.01109,0.01112,944564.78
1767081600000,0.01112,0.01117,0.01108,0.01111,2112425.31
1767096000000,0.01111,0.01113,0.01104,0.0111,2519706.72
1767110400000,0.0111,0.01112,0.01088,0.0109,1802969.81
1767124800000,0.0109,0.01105,0.01075,0.01081,1684951.02
1767139200000,0.01081,0.01089,0.01072,0.01077,933202.13
1767153600000,0.01077,0.01079,0.01052,0.01064,2478265.71
1767168000000,0.01064,0.01071,0.0105,0.01064,1184694.2
1767182400000,0.01064,0.01065,0.01008,0.01058,7124403.74
1767196800000,0.01058,0.01063,0.01024,0.01032,3773118.2
1767211200000,0.01032,0.0104,0.01016,0.01022,2503445.62
1767225600000,0.01022,0.01048,0.01018,0.01038,2238883.14
1767240000000,0.01038,0.01039,0.0102,0.01033,1493249.33
1767254400000,0.01033,0.01064,0.01026,0.01058,1897991.27
1767268800000,0.01058,0.01058,0.01042,0.0105,645576.69
1767283200000,0.0105,0.01143,0.01046,0.01073,3430682.9
1767297600000,0.01073,0.01091,0.01071,0.0109,3630184.68
1767312000000,0.0109,0.01099,0.01062,0.01077,1607931.88
1767326400000,0.01077,0.01078,0.01053,0.01059,1215348.62
1767340800000,0.01059,0.01074,0.01054,0.01059,1677130.04
1767355200000,0.01059,0.01082,0.01055,0.01068,1525997.31
1767369600000,0.01068,0.01091,0.01067,0.01087,1145209.34
1767384000000,0.01087,0.01101,0.01077,0.01091,1054135.02
1767398400000,0.01091,0.01146,0.01089,0.01119,2266509.51
1767412800000,0.01119,0.01124,0.01087,0.01088,1107326.55
1767427200000,0.01088,0.01099,0.01083,0.01092,1995848.47
1767441600000,0.01092,0.01098,0.01089,0.01093,397345.74
1767456000000,0.01093,0.01119,0.01091,0.01106,1045600.59
1767470400000,0.01106,0.01122,0.01094,0.01116,842686.96
1767484800000,0.01116,0.01128,0.01113,0.01122,755990.68
1767499200000,0.01122,0.01141,0.01119,0.01126,790363.6
1767513600000,0.01126,0.01144,0.01123,0.01141,372227.1
1767528000000,0.01141,0.0117,0.01141,0.01169,1059010.67
1767542400000,0.01169,0.01178,0.01152,0.01167,2113818.95
1767556800000,0.01167,0.01181,0.01159,0.01176,996568.43
1767571200000,0.01176,0.0121,0.01176,0.01195,2308036.89
1767585600000,0.01195,0.01195,0.01167,0.01186,604855.53
1767600000000,0.01186,0.01204,0.01166,0.01204,2517644.05
1767614400000,0.01204,0.01233,0.01173,0.01214,2714712.45
1767628800000,0.01214,0.01236,0.01195,0.01229,2134523.35
1767643200000,0.01229,0.01258,0.01223,0.01251,3020467.69
1767657600000,0.01251,0.01283,0.01245,0.01278,1486370.11
1767672000000,0.01278,0.01308,0.01258,0.01262,1661108.9
1767686400000,0.01262,0.01285,0.01254,0.01281,1367476.57
1767700800000,0.01281,0.01321,0.0128,0.01288,3319149.8
1767715200000,0.01288,0.01297,0.01217,0.0124,2364913.96
1767729600000,0.0124,0.01271,0.0124,0.01263,1458707.95
1767744000000,0.01263,0.01263,0.01238,0.01245,1623099.17
1767758400000,0.01245,0.01256,0.01234,0.01256,559377.87
1767772800000,0.01256,0.01268,0.0123,0.01232,1756369.63
1767787200000,0.01232,0.01242,0.01188,0.01191,3863804.81
1767801600000,0.01191,0.01202,0.01177,0.01191,1533037.91
1767816000000,0.01191,0.01205,0.01179,0.01185,2518430.46
1767830400000,0.01185,0.01229,0.01167,0.01179,3117353.83
1767844800000,0.01179,0.012,0.01159,0.01166,1214991.69
1767859200000,0.01166,0.0117,0.01144,0.0115,501510.31
1767873600000,0.0115,0.01156,0.01124,0.01156,1636739.51
1767888000000,0.01156,0.01177,0.01141,0.01142,1948818.75
1767902400000,0.01142,0.01155,0.01136,0.01139,707394.85
1767916800000,0.01139,0.01148,0.01133,0.01139,1091134.09
1767931200000,0.01139,0.01145,0.01138,0.01141,264756.44
1767945600000,0.01141,0.01143,0.01121,0.01127,557831.35
1767960000000,0.01127,0.01152,0.01125,0.01135,872508.28
1767974400000,0.01135,0.01166,0.0113,0.01134,964060.5
1767988800000,0.01134,0.01139,0.0113,0.01133,500719.93
1768003200000,0.01133,0.01133,0.0112,0.01123,417893.98
1768017600000,0.01123,0.01126,0.01119,0.01123,428953.51
1768032000000,0.01123,0.01126,0.0112,0.01124,701843.35
1768046400000,0.01124,0.01129,0.01118,0.0112,717889.27
1768060800000,0.0112,0.01123,0.01116,0.01119,581308.1
1768075200000,0.01119,0.01134,0.01117,0.0112,713544.1
1768089600000,0.0112,0.01146,0.01116,0.0113,575128.96
1768104000000,0.0113,0.01132,0.01123,0.01127,212037.6
1768118400000,0.01127,0.0114,0.01117,0.01122,606611.59
1768132800000,0.01122,0.01129,0.01116,0.01121,573433.24
1768147200000,0.01121,0.01129,0.01112,0.01121,1119482.41
1768161600000,0.01121,0.01121,0.011,0.01111,534645.13
1768176000000,0.01111,0.01135,0.01101,0.01118,631314.66
1768190400000,0.01118,0.01124,0.01107,0.01107,366089.46
1768204800000,0.01107,0.01109,0.01094,0.01094,652618.34
1768219200000,0.01094,0.01111,0.01094,0.0111,763063.06
1768233600000,0.0111,0.01124,0.01101,0.01107,639275.0
1768248000000,0.01107,0.01175,0.01092,0.01132,3951250.0
1768262400000,0.01132,0.01224,0.01117,0.01123,5109167.23
1768276800000,0.01123,0.01135,0.01119,0.01124,527766.62
1768291200000,0.01124,0.01134,0.0112,0.01121,427761.73
1768305600000,0.01121,0.01143,0.0112,0.01133,1155029.73
1768320000000,0.01133,0.01169,0.01132,0.01162,1221127.9
1768334400000,0.01162,0.0117,0.01144,0.0116,1607313.83
1768348800000,0.0116,0.01171,0.01154,0.01169,666773.77
1768363200000,0.01169,0.01173,0.01165,0.01166,452748.7
1768377600000,0.01166,0.01169,0.01148,0.0115,621126.89
1768392000000,0.0115,0.01164,0.01141,0.01158,1692621.96
1768406400000,0.01158,0.01174,0.01147,0.01169,2033860.4
1768420800000,0.01169,0.01173,0.01145,0.01149,808409.35
1768435200000,0.01149,0.01149,0.01121,0.0113,1788658.76
1768449600000,0.0113,0.01134,0.01127,0.0113,728577.24
1768464000000,0.0113,0.01138,0.01127,0.01132,849885.32
1768478400000,0.01132,0.01141,0.01123,0.01131,878486.23
1768492800000,0.01131,0.01134,0.01113,0.01116,1510162.79
1768507200000,0.01116,0.01119,0.01104,0.01115,2145166.62
1768521600000,0.01115,0.01118,0.01108,0.01109,2333231.87
1768536000000,0.01109,0.01112,0.01107,0.01109,775564.09
1768550400000,0.01109,0.01112,0.01104,0.01108,905252.19
1768564800000,0.01108,0.01111,0.01085,0.01095,1326047.38
1768579200000,0.01095,0.01113,0.01087,0.01107,1524434.86
1768593600000,0.01107,0.01114,0.01099,0.01103,873374.9
1768608000000,0.01103,0.01104,0.01098,0.011,454322.16
1768622400000,0.011,0.01107,0.01097,0.01099,364479.05
1768636800000,0.01099,0.01105,0.01073,0.01104,2750269.97
1768651200000,0.01104,0.01114,0.01094,0.01103,1273803.43
1768665600000,0.01103,0.01113,0.01096,0.01102,859952.18
1768680000000,0.01102,0.01113,0.01089,0.01105,1078769.82
1768694400000,0.01105,0.01112,0.01085,0.0109,1166096.62
1768708800000,0.0109,0.01107,0.01087,0.01093,549073.2
1768723200000,0.01093,0.01098,0.01088,0.01093,240107.88
1768737600000,0.01093,0.01095,0.01087,0.01088,795393.28
1768752000000,0.01088,0.01101,0.01064,0.01074,2347424.78
1768766400000,0.01074,0.01083,0.01048,0.01048,1033933.29
1768780800000,0.01048,0.01048,0.01001,0.01017,4060204.8
1768795200000,0.01017,0.01034,0.01014,0.01027,1443216.13
1768809600000,0.01027,0.01042,0.01014,0.01041,1300331.42
1768824000000,0.01041,0.01133,0.01033,0.01043,7470075.17
1768838400000,0.01043,0.01052,0.01039,0.01044,1332459.75
1768852800000,0.01044,0.01065,0.0104,0.01054,1429382.94
1768867200000,0.01054,0.01054,0.01031,0.01033,785292.38
1768881600000,0.01033,0.01041,0.01019,0.01026,944860.16
1768896000000,0.01026,0.01026,0.01008,0.0101,487412.26
1768910400000,0.0101,0.01015,0.00998,0.01004,1606687.12
1768924800000,0.01004,0.01006,0.00984,0.01002,1451201.94
1768939200000,0.01002,0.01019,0.00985,0.01001,1930455.08
1768953600000,0.01001,0.01012,0.00993,0.01012,958957.99
1768968000000,0.01012,0.01015,0.00996,0.00999,461863.91
1768982400000,0.00999,0.01002,0.00988,0.0099,1094911.63
1768996800000,0.0099,0.01015,0.00986,0.01015,1623938.51
1769011200000,0.01015,0.01043,0.00986,0.01039,1512793.51
1769025600000,0.01039,0.01047,0.01025,0.01034,923639.12
1769040000000,0.01034,0.01047,0.01033,0.0104,880705.59
1769054400000,0.0104,0.01044,0.01036,0.01038,589596.24
1769068800000,0.01038,0.01071,0.01019,0.01026,1870879.66
1769083200000,0.01026,0.01026,0.01002,0.01014,1908743.02
1769097600000,0.01014,0.01053,0.0101,0.01042,4243355.87
1769112000000,0.01042,0.01055,0.01031,0.01048,2023033.09
1769126400000,0.01048,0.0105,0.01037,0.01041,646136.42
1769140800000,0.01041,0.01044,0.01032,0.01041,493528.27
1769155200000,0.01041,0.01049,0.01032,0.01043,317928.46
1769169600000,0.01043,0.01049,0.01022,0.01039,739520.57
1769184000000,0.01039,0.01056,0.01034,0.01046,727818.71
1769198400000,0.01046,0.01047,0.01029,0.01038,441599.19
1769212800000,0.01038,0.01056,0.01035,0.01047,290608.04
1769227200000,0.01047,0.0105,0.01035,0.01035,316436.34
1769241600000,0.01035,0.01052,0.01032,0.01042,552027.13
1769256000000,0.01042,0.01051,0.01031,0.01033,370988.93
1769270400000,0.01033,0.01052,0.01031,0.0104,562170.19
1769284800000,0.0104,0.01065,0.01038,0.0106,1428824.26
1769299200000,0.0106,0.01062,0.01054,0.01056,2081425.31
1769313600000,0.01056,0.01061,0.01041,0.01056,1211404.16
1769328000000,0.01056,0.01065,0.0105,0.01061,1327431.88
1769342400000,0.01061,0.01061,0.01051,0.0106,458342.63
1769356800000,0.0106,0.0106,0.00994,0.01006,4182380.42
1769371200000,0.01006,0.01024,0.01001,0.01018,2100570.91
1769385600000,0.01018,0.01038,0.01015,0.01033,718216.63
1769400000000,0.01033,0.01038,0.01031,0.01034,219808.38
1769414400000,0.01034,0.01039,0.01021,0.01031,2339629.21
1769428800000,0.01031,0.01052,0.01031,0.01052,845122.56
1769443200000,0.01052,0.01057,0.01045,0.01053,776866.42
1769457600000,0.01053,0.01057,0.01049,0.01049,1271499.62
1769472000000,0.01049,0.01057,0.01049,0.01056,537113.03
1769486400000,0.01056,0.01062,0.01055,0.0106,1383479.61
1769500800000,0.0106,0.01062,0.01047,0.01049,1700463.94
1769515200000,0.01049,0.01053,0.01034,0.0104,470848.82
1769529600000,0.0104,0.01062,0.0103,0.01053,1062218.14
1769544000000,0.01053,0.0107,0.01051,0.01063,914122.44
1769558400000,0.01063,0.01067,0.01059,0.01062,1501244.1
1769572800000,0.01062,0.0107,0.0106,0.01063,712990.84
1769587200000,0.01063,0.01078,0.01062,0.01077,844628.4
1769601600000,0.01077,0.01089,0.01066,0.0107,3217304.41
1769616000000,0.0107,0.01082,0.01065,0.01077,1372520.54
1769630400000,0.01077,0.0108,0.01061,0.01063,897771.24
1769644800000,0.01063,0.01064,0.01043,0.01043,482531.63
1769659200000,0.01043,0.01047,0.01039,0.01043,1196840.64
1769673600000,0.01043,0.01045,0.01039,0.01041,383439.89
1769688000000,0.01041,0.01058,0.01012,0.01019,2553811.26
1769702400000,0.01019,0.01045,0.01014,0.01026,2535248.58
1769716800000,0.01026,0.01028,0.01021,0.01026,454110.77
1769731200000,0.01026,0.01028,0.00995,0.01002,2144977.82
1769745600000,0.01002,0.01019,0.00995,0.01008,1488750.69
1769760000000,0.01008,0.01024,0.01002,0.01015,2128616.99
1769774400000,0.01015,0.01032,0.01011,0.01021,1089451.43
1769788800000,0.01021,0.01027,0.00995,0.01015,2091207.93
1769803200000,0.01015,0.01017,0.01002,0.01012,1233349.27
1769817600000,0.01012,0.01016,0.01005,0.01012,322501.18
1769832000000,0.01012,0.01015,0.00995,0.01001,642582.29
1769846400000,0.01001,0.01002,0.00984,0.00991,1854860.67
1769860800000,0.00991,0.00991,0.00943,0.00957,3796511.76
1769875200000,0.00957,0.00966,0.00903,0.00932,4632966.92
1769889600000,0.00932,0.00974,0.00924,0.0097,3986685.64
1769904000000,0.0097,0.00988,0.00963,0.00986,2460820.34
1769918400000,0.00986,0.01012,0.00983,0.01005,4043142.19
1769932800000,0.01005,0.01012,0.00985,0.00986,1414061.88
1769947200000,0.00986,0.01,0.00965,0.00977,3294120.59
1769961600000,0.00977,0.01021,0.00971,0.00999,4735962.02
1769976000000,0.00999,0.01012,0.00981,0.01006,2176438.34
1769990400000,0.01006,0.01012,0.00961,0.00985,3326879.55
1770004800000,0.00985,0.00987,0.00961,0.00982,2973793.16
1770019200000,0.00982,0.01016,0.00981,0.01003,2426134.53
1770033600000,0.01003,0.0101,0.00996,0.01006,1832324.14
1770048000000,0.01006,0.01009,0.00997,0.00998,1306438.28
1770062400000,0.00998,0.01006,0.00981,0.00997,3060962.9
1770076800000,0.00997,0.01006,0.00989,0.00995,1369251.56
1770091200000,0.00995,0.01005,0.0099,0.01004,627373.72
1770105600000,0.01004,0.01005,0.00993,0.00998,815810.05
1770120000000,0.00998,0.01009,0.00993,0.01005,3032716.9
1770134400000,0.01005,0.01005,0.00966,0.01001,3413979.13
1770148800000,0.01001,0.01017,0.0099,0.01001,1586883.97
1770163200000,0.01001,0.01004,0.00983,0.00992,1708194.8
1770177600000,0.00992,0.00993,0.00984,0.00991,1154964.99
1770192000000,0.00991,0.00999,0.00983,0.00993,1198980.84
1770206400000,0.00993,0.00995,0.00969,0.00973,1848328.21
1770220800000,0.00973,0.0099,0.00957,0.00989,2775320.75
1770235200000,0.00989,0.00989,0.00963,0.00975,1802860.07
1770249600000,0.00975,0.00975,0.00944,0.00945,2837612.56
1770264000000,0.00945,0.00958,0.00928,0.00933,2913910.72
1770278400000,0.00933,0.00944,0.00902,0.00908,2932261.42
1770292800000,0.00908,0.00934,0.0088,0.00896,5484782.35
1770307200000,0.00896,0.00911,0.00874,0.00877,6055941.89
1770321600000,0.00877,0.00913,0.00853,0.00898,5738836.87
1770336000000,0.00898,0.00945,0.00849,0.00935,5841173.76
1770350400000,0.00935,0.00945,0.00924,0.00925,1157687.46
1770364800000,0.00925,0.00976,0.00913,0.00954,1698293.93
1770379200000,0.00954,0.01073,0.00948,0.01012,5889657.17
1770393600000,0.01012,0.01036,0.00981,0.00986,2051762.88
1770408000000,0.00986,0.01,0.00969,0.00988,2415642.69
1770422400000,0.00988,0.00997,0.00968,0.00997,885156.15
1770436800000,0.00997,0.01004,0.00955,0.00967,1219991.32
1770451200000,0.00967,0.00978,0.00951,0.00955,425124.48
1770465600000,0.00955,0.00977,0.00938,0.00944,1624176.08
1770480000000,0.00944,0.00967,0.00942,0.00963,1262681.64
1770494400000,0.00963,0.00971,0.00953,0.00955,757277.35
1770508800000,0.00955,0.00969,0.0095,0.00952,1116147.43
1770523200000,0.00952,0.00958,0.00948,0.00952,309345.48
1770537600000,0.00952,0.00971,0.00951,0.00968,653885.94
1770552000000,0.00968,0.00985,0.00961,0.00972,878340.8
1770566400000,0.00972,0.00977,0.00949,0.00972,1116930.49
1770580800000,0.00972,0.00973,0.00954,0.00961,901571.14
1770595200000,0.00961,0.00976,0.00954,0.00976,452897.25
1770609600000,0.00976,0.00977,0.00957,0.00961,1211701.77
1770624000000,0.00961,0.00964,0.00937,0.00943,800552.58
1770638400000,0.00943,0.00977,0.0094,0.00972,798911.78
1770652800000,0.00972,0.00981,0.0096,0.00967,803572.32
1770667200000,0.00967,0.00972,0.00958,0.0096,523352.08
1770681600000,0.0096,0.00992,0.0096,0.00972,933764.4
1770696000000,0.00972,0.00989,0.00955,0.00955,2020625.65
1770710400000,0.00955,0.0097,0.00948,0.0096,1228397.37
1770724800000,0.0096,0.00977,0.00957,0.00964,2012536.16
1770739200000,0.00964,0.00973,0.00957,0.00962,551914.89
1770753600000,0.00962,0.00965,0.00948,0.00955,466308.45
1770768000000,0.00955,0.00973,0.00954,0.00958,601483.36
1770782400000,0.00958,0.0096,0.00919,0.0093,1525731.61
1770796800000,0.0093,0.00934,0.00918,0.00932,818706.93
1770811200000,0.00932,0.00952,0.0092,0.00926,771962.58
1770825600000,0.00926,0.00952,0.00922,0.00952,1449232.71
1770840000000,0.00952,0.00964,0.0094,0.00945,769071.07
1770854400000,0.00945,0.00957,0.00944,0.00952,606690.93
1770868800000,0.00952,0.00958,0.00941,0.0095,254151.14
1770883200000,0.0095,0.00966,0.00946,0.00957,481817.76
1770897600000,0.00957,0.00977,0.00952,0.00961,1469866.07
1770912000000,0.00961,0.00961,0.00933,0.00942,1196717.59
1770926400000,0.00942,0.00945,0.00931,0.00942,740612.78
1770940800000,0.00942,0.00942,0.00932,0.00938,805847.99
1770955200000,0.00938,0.00941,0.00929,0.00936,1173804.14
1770969600000,0.00936,0.00942,0.00936,0.00938,478399.28
1770984000000,0.00938,0.00961,0.00934,0.00955,1860162.25
1770998400000,0.00955,0.00964,0.00953,0.00954,743933.03
1771012800000,0.00954,0.00958,0.0095,0.00951,628427.75
1771027200000,0.00951,0.00964,0.00946,0.00961,660084.56
1771041600000,0.00961,0.00963,0.00953,0.00963,272202.02
1771056000000,0.00963,0.00979,0.00962,0.00978,378059.24
1771070400000,0.00978,0.0098,0.00967,0.00971,332900.35
1771084800000,0.00971,0.00993,0.00969,0.00988,518406.68
1771099200000,0.00988,0.00997,0.00985,0.00992,391228.15
1771113600000,0.00992,0.01004,0.00986,0.01003,694848.37
1771128000000,0.01003,0.01026,0.01002,0.01025,693249.14
1771142400000,0.01025,0.01043,0.01017,0.01019,1620082.66
1771156800000,0.01019,0.01019,0.00984,0.00999,576435.69
1771171200000,0.00999,0.0101,0.00971,0.00974,1994150.09
1771185600000,0.00974,0.00983,0.00968,0.00981,841003.86
1771200000000,0.00981,0.00981,0.0097,0.00974,441441.09
1771214400000,0.00974,0.00979,0.00967,0.00973,276321.47
1771228800000,0.00973,0.00987,0.00966,0.00978,1160295.35
1771243200000,0.00978,0.0099,0.00967,0.00971,3686502.5
1771257600000,0.00971,0.00981,0.00969,0.00976,848071.88
1771272000000,0.00976,0.00989,0.00974,0.00984,358273.69
1771286400000,0.00984,0.00984,0.0097,0.00974,1634203.59
1771300800000,0.00974,0.00975,0.00968,0.00972,864739.32
1771315200000,0.00972,0.00972,0.00958,0.00959,813228.68
1771329600000,0.00959,0.00961,0.00949,0.00955,1357536.6
1771344000000,0.00955,0.00977,0.00955,0.0097,778969.06
1771358400000,0.0097,0.00979,0.0097,0.00975,504494.67
1771372800000,0.00975,0.00976,0.00968,0.00975,151057.99
1771387200000,0.00975,0.00977,0.00967,0.00977,315656.38
1771401600000,0.00977,0.00977,0.0096,0.0096,492595.46
1771416000000,0.0096,0.0097,0.00957,0.00966,488620.29
1771430400000,0.00966,0.00968,0.00942,0.00945,933850.29
1771444800000,0.00945,0.00945,0.00937,0.00942,554501.66
1771459200000,0.00942,0.00942,0.00933,0.00934,262849.82
1771473600000,0.00934,0.00939,0.00931,0.00937,267992.13
1771488000000,0.00937,0.00938,0.00928,0.00929,410085.92
1771502400000,0.00929,0.00932,0.00912,0.00922,790826.9
1771516800000,0.00922,0.00932,0.00915,0.0093,1057692.6
1771531200000,0.0093,0.00938,0.00924,0.00927,689667.13
1771545600000,0.00927,0.00938,0.00924,0.00937,941341.2
1771560000000,0.00937,0.0094,0.0093,0.00933,285312.27
1771574400000,0.00933,0.00938,0.00929,0.0093,294460.08
1771588800000,0.0093,0.00942,0.0092,0.00942,981608.15
1771603200000,0.00942,0.00963,0.00935,0.00955,1955613.1
1771617600000,0.00955,0.00958,0.00932,0.00942,1448291.6
1771632000000,0.00942,0.00942,0.00936,0.00937,1039612.19
1771646400000,0.00937,0.00941,0.00935,0.00938,837666.83
1771660800000,0.00938,0.00948,0.00937,0.00946,864256.44
1771675200000,0.00946,0.00959,0.00946,0.00951,953849.04
1771689600000,0.00951,0.00963,0.00946,0.00957,1081254.45
1771704000000,0.00957,0.00963,0.00947,0.00952,1583016.98
1771718400000,0.00952,0.0096,0.00945,0.00948,684857.05
1771732800000,0.00948,0.0095,0.00944,0.00945,153619.63
1771747200000,0.00945,0.00946,0.0094,0.00943,143139.01
1771761600000,0.00943,0.00943,0.00926,0.0093,418779.09
1771776000000,0.0093,0.00932,0.00923,0.00931,402250.81
1771790400000,0.00931,0.00932,0.00924,0.00927,430866.96
1771804800000,0.00927,0.00927,0.00902,0.00908,2003811.43
1771819200000,0.00908,0.00922,0.00904,0.00918,661244.27
1771833600000,0.00918,0.00929,0.00916,0.00927,1648183.04
1771848000000,0.00927,0.00935,0.00922,0.00922,1053974.14
1771862400000,0.00922,0.00924,0.00903,0.00907,749037.14
1771876800000,0.00907,0.00916,0.00902,0.00909,726057.01
1771891200000,0.00909,0.00912,0.00896,0.00899,802156.61
1771905600000,0.00899,0.009,0.00889,0.00896,609261.05
1771920000000,0.00896,0.009,0.00892,0.00895,89174.59
1771934400000,0.00895,0.0091,0.00886,0.0091,819561.35
1771948800000,0.0091,0.00922,0.00905,0.00919,1104924.96
1771963200000,0.00919,0.0092,0.00909,0.00914,564137.46
1771977600000,0.00914,0.00937,0.00912,0.00933,2797662.39
1771992000000,0.00933,0.00935,0.00932,0.00934,1380464.44
1772006400000,0.00934,0.00937,0.00933,0.00936,223499.83
1772020800000,0.00936,0.00992,0.00934,0.00973,3718635.65
1772035200000,0.00973,0.00987,0.0097,0.0098,1927137.16
1772049600000,0.0098,0.00992,0.00965,0.00971,1409481.79
1772064000000,0.00971,0.0098,0.00966,0.00969,922540.47
1772078400000,0.00969,0.00981,0.00968,0.00973,343566.85
1772092800000,0.00973,0.00984,0.00972,0.00977,224930.76
1772107200000,0.00977,0.00982,0.00957,0.00963,874986.86
1772121600000,0.00963,0.00963,0.00943,0.0096,1731990.48
1772136000000,0.0096,0.00971,0.00948,0.00957,1387647.96
1772150400000,0.00957,0.00966,0.00947,0.00962,1001563.89
1772164800000,0.00962,0.00971,0.00957,0.0096,577267.84
1772179200000,0.0096,0.00966,0.00944,0.00945,583556.41
1772193600000,0.00945,0.00953,0.00933,0.00934,1615155.37
1772208000000,0.00934,0.0094,0.00921,0.00933,1481045.67
1772222400000,0.00933,0.00939,0.0092,0.00929,559218.93
1772236800000,0.00929,0.00937,0.00924,0.00934,514714.65
1772251200000,0.00934,0.00938,0.00888,0.00906,1274610.42
1772265600000,0.00906,0.00906,0.00874,0.00892,2593116.86
1772280000000,0.00892,0.00916,0.00892,0.00912,1463542.67
1772294400000,0.00912,0.00928,0.00911,0.00927,593225.67
1772308800000,0.00927,0.00947,0.00925,0.00941,1064087.63
1772323200000,0.00941,0.00971,0.00937,0.00964,2999437.7
1772337600000,0.00964,0.00967,0.00951,0.00954,1080509.66
1772352000000,0.00954,0.00954,0.00937,0.00938,481577.2
1772366400000,0.00938,0.00952,0.00936,0.0094,773113.62
1772380800000,0.0094,0.00942,0.00925,0.00927,1782016.71
1772395200000,0.00927,0.00933,0.0092,0.00931,416457.07
1772409600000,0.00931,0.00946,0.00928,0.00935,684781.7
1772424000000,0.00935,0.00936,0.00918,0.00923,1694147.2
1772438400000,0.00923,0.00929,0.00914,0.00923,1357164.19
1772452800000,0.00923,0.00953,0.00915,0.00947,2455175.98
1772467200000,0.00947,0.00952,0.00935,0.00938,2262733.63
1772481600000,0.00938,0.00945,0.00918,0.00926,2047646.91
1772496000000,0.00926,0.00935,0.00922,0.0093,660002.35
1772510400000,0.0093,0.00932,0.00924,0.00925,195268.22
1772524800000,0.00925,0.00925,0.00905,0.00907,665927.13
1772539200000,0.00907,0.00924,0.00905,0.00923,1264329.01
1772553600000,0.00923,0.00934,0.00916,0.00922,1114816.0
1772568000000,0.00922,0.0093,0.00912,0.00925,978630.16
1772582400000,0.00925,0.00929,0.00913,0.00915,606410.99
1772596800000,0.00915,0.00922,0.00909,0.00921,226699.83
1772611200000,0.00921,0.00942,0.0092,0.00929,1189895.89
1772625600000,0.00929,0.00951,0.00922,0.00951,868815.39
1772640000000,0.00951,0.00956,0.00937,0.00955,1288108.07
1772654400000,0.00955,0.00956,0.00933,0.00938,1430372.81
1772668800000,0.00938,0.00941,0.00929,0.00933,855200.05
1772683200000,0.00933,0.00939,0.00915,0.00922,1054866.45
1772697600000,0.00922,0.0094,0.00914,0.00934,1442572.97
1772712000000,0.00934,0.00935,0.00925,0.00929,707204.08
1772726400000,0.00929,0.0093,0.00919,0.00921,982540.28
1772740800000,0.00921,0.00927,0.00919,0.00921,407622.4
1772755200000,0.00921,0.00927,0.00919,0.00924,588331.85
1772769600000,0.00924,0.00925,0.00915,0.00922,724485.78
1772784000000,0.00922,0.00922,0.00913,0.00914,585466.1
1772798400000,0.00914,0.00914,0.00886,0.00886,1473677.82
1772812800000,0.00886,0.00889,0.00877,0.00884,1917362.74
1772827200000,0.00884,0.00893,0.00883,0.00887,298496.96
1772841600000,0.00887,0.00894,0.00887,0.0089,344554.93
1772856000000,0.0089,0.00892,0.00885,0.00889,183610.56
1772870400000,0.00889,0.00896,0.00888,0.00896,89116.55
1772884800000,0.00896,0.00897,0.0089,0.00893,335749.71
1772899200000,0.00893,0.009,0.00881,0.00884,458997.8
1772913600000,0.00884,0.009,0.00884,0.00894,539857.41
1772928000000,0.00894,0.00896,0.00889,0.00892,382775.63
1772942400000,0.00892,0.00895,0.00888,0.00893,140187.17
1772956800000,0.00893,0.00896,0.00887,0.00888,248983.26
1772971200000,0.00888,0.00894,0.0088,0.00893,827265.25
1772985600000,0.00893,0.00905,0.0089,0.00902,1778748.59
1773000000000,0.00902,0.00906,0.00885,0.00889,1382917.33
1773014400000,0.00889,0.00901,0.00883,0.00892,806642.68
1773028800000,0.00892,0.00899,0.00887,0.00893,308536.15
1773043200000,0.00893,0.00898,0.00883,0.00887,812042.24
1773057600000,0.00887,0.00899,0.00887,0.00895,2784220.85
1773072000000,0.00895,0.00903,0.00891,0.00899,1266073.46
1773086400000,0.00899,0.00902,0.00896,0.00897,1182066.71
1773100800000,0.00897,0.00909,0.00896,0.00901,1235177.46
1773115200000,0.00901,0.00909,0.009,0.00906,920381.91
1773129600000,0.00906,0.00921,0.00906,0.00911,1108037.0
1773144000000,0.00911,0.00928,0.00903,0.00922,1040105.21
1773158400000,0.00922,0.00928,0.009,0.00901,742202.68
1773172800000,0.00901,0.00904,0.00894,0.00903,223741.33
1773187200000,0.00903,0.00903,0.0088,0.0089,1275744.99
1773201600000,0.0089,0.00895,0.00886,0.00891,1360969.51
1773216000000,0.00891,0.00892,0.00887,0.00888,720537.02
1773230400000,0.00888,0.00907,0.00888,0.00896,1142885.73
1773244800000,0.00896,0.00906,0.00894,0.00898,1145787.64
1773259200000,0.00898,0.009,0.00891,0.00894,560310.64
1773273600000,0.00894,0.00896,0.00889,0.0089,224786.55
1773288000000,0.0089,0.00893,0.00887,0.00892,204340.29
1773302400000,0.00892,0.009,0.00891,0.00895,458589.5
1773316800000,0.00895,0.00896,0.00885,0.00889,1440332.91
1773331200000,0.00889,0.00892,0.00883,0.00888,1285884.68
1773345600000,0.00888,0.0089,0.00883,0.00888,973696.94
1773360000000,0.00888,0.00901,0.00887,0.00896,3107795.18
1773374400000,0.00896,0.00903,0.0089,0.00897,2929495.71
1773388800000,0.00897,0.00909,0.00896,0.00907,1367574.87
1773403200000,0.00907,0.00916,0.00895,0.00896,1779915.98
1773417600000,0.00896,0.00901,0.00885,0.00887,988810.32
1773432000000,0.00887,0.00889,0.00877,0.00879,530262.94
1773446400000,0.00879,0.00885,0.00873,0.00885,854165.8
1773460800000,0.00885,0.00885,0.0087,0.00873,2398381.03
1773475200000,0.00873,0.00875,0.0087,0.00875,866913.83
1773489600000,0.00875,0.00879,0.00874,0.00877,1022813.58
1773504000000,0.00877,0.00878,0.00866,0.00868,988963.43
1773518400000,0.00868,0.00871,0.00865,0.00867,981155.42
1773532800000,0.00867,0.00878,0.00864,0.00872,1253265.08
1773547200000,0.00872,0.00875,0.00867,0.0087,563741.44
1773561600000,0.0087,0.00873,0.00869,0.00872,549206.45
1773576000000,0.00872,0.00873,0.00866,0.00868,712043.18
1773590400000,0.00868,0.0087,0.00864,0.00867,623508.61
1773604800000,0.00867,0.00883,0.00866,0.00878,1588885.9
1773619200000,0.00878,0.0088,0.00862,0.00873,841985.31
1773633600000,0.00873,0.00881,0.00873,0.0088,624417.83
1773648000000,0.0088,0.00882,0.00876,0.00878,1116535.29
1773662400000,0.00878,0.00887,0.0087,0.00879,1038413.82
1773676800000,0.00879,0.0089,0.00879,0.00884,1739640.78
1773691200000,0.00884,0.00893,0.00883,0.00892,1855388.25
1773705600000,0.00892,0.00911,0.00887,0.00888,2315611.8
1773720000000,0.00888,0.00895,0.00876,0.00884,2050420.29
1773734400000,0.00884,0.00886,0.00869,0.00879,931231.98
1773748800000,0.00879,0.0088,0.00869,0.00872,1079338.48
1773763200000,0.00872,0.00881,0.00872,0.0088,614648.66
1773777600000,0.0088,0.0088,0.00868,0.0087,1470245.57
1773792000000,0.0087,0.00879,0.00866,0.00873,1707747.94
1773806400000,0.00873,0.00876,0.00867,0.00868,1737428.26
1773820800000,0.00868,0.00871,0.00854,0.00856,4250987.94
1773835200000,0.00856,0.00857,0.00828,0.00835,2150300.7
1773849600000,0.00835,0.00849,0.00831,0.00838,1645164.09
1773864000000,0.00838,0.00857,0.00834,0.00841,1621994.07
1773878400000,0.00841,0.00848,0.00838,0.00845,478750.91
1773892800000,0.00845,0.00849,0.00835,0.00844,1531647.58
1773907200000,0.00844,0.00845,0.00836,0.00841,554107.76
1773921600000,0.00841,0.00842,0.00827,0.00832,1078688.55
1773936000000,0.00832,0.00835,0.00826,0.00832,1699919.38
1773950400000,0.00832,0.00836,0.00829,0.00834,542638.86
1773964800000,0.00834,0.0084,0.00832,0.00839,208474.35
1773979200000,0.00839,0.00841,0.00834,0.00838,149075.88
1773993600000,0.00838,0.00841,0.00834,0.00837,252673.44
1774008000000,0.00837,0.0084,0.00834,0.00837,651134.59
1774022400000,0.00837,0.00838,0.00831,0.00833,315883.45
1774036800000,0.00833,0.00836,0.00829,0.00831,403132.3
1774051200000,0.00831,0.00835,0.00831,0.00834,185923.1
1774065600000,0.00834,0.00834,0.00831,0.00832,59212.53
1774080000000,0.00832,0.00834,0.00831,0.00833,74848.07
1774094400000,0.00833,0.00833,0.00827,0.00829,186653.86
1774108800000,0.00829,0.00832,0.00827,0.00831,107256.2
1774123200000,0.00831,0.00832,0.00816,0.00817,313778.69
1774137600000,0.00817,0.00824,0.00814,0.00822,418583.79
1774152000000,0.00822,0.00827,0.00818,0.00818,449528.91
1774166400000,0.00818,0.00818,0.00802,0.00803,1050685.78
1774180800000,0.00803,0.00814,0.00802,0.00811,718365.57
1774195200000,0.00811,0.00812,0.00801,0.00807,1053310.34
1774209600000,0.00807,0.0081,0.00799,0.00799,732557.98
1774224000000,0.00799,0.00805,0.00798,0.00801,595476.31
1774238400000,0.00801,0.00806,0.00795,0.00799,501026.68
1774252800000,0.00799,0.00821,0.00792,0.00809,976032.92
1774267200000,0.00809,0.00831,0.00806,0.00818,1733370.1
1774281600000,0.00818,0.00823,0.00814,0.00814,871853.43
1774296000000,0.00814,0.00822,0.00814,0.00816,547385.34
1774310400000,0.00816,0.00818,0.00809,0.00816,222433.95
1774324800000,0.00816,0.00822,0.0081,0.00819,543815.3
1774339200000,0.00819,0.0082,0.00815,0.00817,278300.24
1774353600000,0.00817,0.00818,0.00804,0.00804,741620.21
1774368000000,0.00804,0.00806,0.00799,0.00802,440438.86
1774382400000,0.00802,0.00812,0.008,0.00811,896954.9
1774396800000,0.00811,0.00812,0.00801,0.00804,444724.75
1774411200000,0.00804,0.0081,0.00803,0.00803,316641.18
1774425600000,0.00803,0.00811,0.00803,0.00809,330124.18
1774440000000,0.00809,0.00812,0.00801,0.00803,680381.93
1774454400000,0.00803,0.00808,0.00799,0.008,398827.67
1774468800000,0.008,0.00806,0.008,0.00804,312683.33
1774483200000,0.00804,0.00806,0.00799,0.008,263624.33
1774497600000,0.008,0.008,0.00785,0.00788,338642.21
1774512000000,0.00788,0.00792,0.00782,0.00783,487480.58
1774526400000,0.00783,0.00792,0.00778,0.00781,1958175.26
1774540800000,0.00781,0.00797,0.00776,0.0079,5297303.89
1774555200000,0.0079,0.00804,0.00784,0.00793,1861533.7
1774569600000,0.00793,0.00797,0.00786,0.00787,545732.14
1774584000000,0.00787,0.00792,0.00782,0.00786,524245.28
1774598400000,0.00786,0.00787,0.00769,0.00774,729818.57
1774612800000,0.00774,0.00777,0.00769,0.00773,504533.46
1774627200000,0.00773,0.00773,0.00765,0.00768,451306.21
1774641600000,0.00768,0.0077,0.00765,0.00767,170791.93
1774656000000,0.00767,0.00772,0.00761,0.00771,467712.66
1774670400000,0.00771,0.0078,0.00769,0.00779,160909.03
1774684800000,0.00779,0.0078,0.00771,0.00773,360734.18
1774699200000,0.00773,0.00789,0.00771,0.00783,625510.39
1774713600000,0.00783,0.00786,0.00782,0.00785,267707.7
1774728000000,0.00785,0.00788,0.00779,0.0078,236542.54
1774742400000,0.0078,0.00782,0.00777,0.00781,168329.69
1774756800000,0.00781,0.00783,0.00776,0.00776,267652.42
1774771200000,0.00776,0.00777,0.00771,0.00774,183332.36
1774785600000,0.00774,0.00777,0.00769,0.00774,346571.69
1774800000000,0.00774,0.00775,0.00769,0.00769,187373.97
1774814400000,0.00769,0.00771,0.00754,0.00767,926195.43
1774828800000,0.00767,0.0078,0.00765,0.0078,1042246.48
1774843200000,0.0078,0.00783,0.00777,0.0078,1146960.23
1774857600000,0.0078,0.00786,0.00775,0.00783,1296947.77
1774872000000,0.00783,0.0079,0.00782,0.00786,939646.58
1774886400000,0.00786,0.0079,0.00776,0.00779,3047177.14
1774900800000,0.00779,0.00785,0.00777,0.00785,920373.48
1774915200000,0.00785,0.00793,0.00785,0.00788,522614.79
1774929600000,0.00788,0.0079,0.00782,0.00782,182965.22
1774944000000,0.00782,0.00784,0.00772,0.00779,364577.74
1774958400000,0.00779,0.00782,0.00773,0.00774,607152.19
1774972800000,0.00774,0.00792,0.00774,0.00787,1585348.72
1774987200000,0.00787,0.00789,0.00782,0.00785,153621.03
1775001600000,0.00785,0.0079,0.0078,0.00788,402284.94
1775016000000,0.00788,0.00798,0.00785,0.00793,452534.23
1775030400000,0.00793,0.00795,0.00786,0.00789,1106094.01
1775044800000,0.00789,0.00792,0.00782,0.00786,3835425.84
1775059200000,0.00786,0.0079,0.00776,0.00776,2247349.89
1775073600000,0.00776,0.00776,0.00762,0.00762,1469575.02
1775088000000,0.00762,0.00766,0.00745,0.00746,1723581.76
1775102400000,0.00746,0.00751,0.00743,0.00749,434948.43
1775116800000,0.00749,0.0075,0.00739,0.00741,377807.23
1775131200000,0.00741,0.00779,0.00736,0.00756,7020814.28
1775145600000,0.00756,0.00766,0.00753,0.00765,1051229.7
1775160000000,0.00765,0.00773,0.00763,0.0077,659049.96
1775174400000,0.0077,0.00771,0.00762,0.00763,322117.09
1775188800000,0.00763,0.00764,0.00758,0.0076,374203.2
1775203200000,0.0076,0.00763,0.00758,0.00761,140708.7
1775217600000,0.00761,0.00766,0.00757,0.00759,404328.45
1775232000000,0.00759,0.00762,0.00758,0.00759,89801.95
1775246400000,0.00759,0.0076,0.00756,0.00757,334225.11
1775260800000,0.00757,0.00758,0.00754,0.00755,168329.28
1775275200000,0.00755,0.00757,0.00754,0.00755,218292.16
1775289600000,0.00755,0.00756,0.00753,0.00755,17369.52
1775304000000,0.00755,0.00757,0.00753,0.00754,130320.47
1775318400000,0.00754,0.0076,0.00753,0.00758,240010.24
1775332800000,0.00758,0.0076,0.00753,0.00754,245571.76
1775347200000,0.00754,0.00757,0.0075,0.00752,439187.13
1775361600000,0.00752,0.00754,0.00747,0.00748,162652.5
1775376000000,0.00748,0.00748,0.00744,0.00744,99168.83
1775390400000,0.00744,0.00747,0.0074,0.00743,200019.0
1775404800000,0.00743,0.00746,0.00742,0.00744,334785.53
1775419200000,0.00744,0.00751,0.00739,0.00749,787384.13
1775433600000,0.00749,0.00756,0.00747,0.00751,257387.9
1775448000000,0.00751,0.00753,0.00747,0.00749,150164.09
1775462400000,0.00749,0.00756,0.00747,0.00752,297639.51
1775476800000,0.00752,0.00754,0.00749,0.00752,272734.58
1775491200000,0.00752,0.00754,0.00745,0.00748,323719.04
1775505600000,0.00748,0.00748,0.00738,0.00744,460427.41
1775520000000,0.00744,0.00745,0.00733,0.00737,486963.35
1775534400000,0.00737,0.00739,0.00732,0.00734,314589.8
1775548800000,0.00734,0.00741,0.00734,0.00734,496639.61
1775563200000,0.00734,0.00735,0.00728,0.0073,443156.42
1775577600000,0.0073,0.00733,0.00726,0.00732,419762.42
1775592000000,0.00732,0.00765,0.00727,0.0076,1779980.25
1775606400000,0.0076,0.00761,0.00745,0.00746,1075964.24
1775620800000,0.00746,0.00751,0.00745,0.0075,530144.94
1775635200000,0.0075,0.00753,0.00746,0.00748,279599.85
1775649600000,0.00748,0.00758,0.00743,0.00743,1487888.01
1775664000000,0.00743,0.00766,0.00743,0.00755,3888678.77
1775678400000,0.00755,0.00758,0.00743,0.00745,412445.62
1775692800000,0.00745,0.00747,0.00737,0.00739,1246857.36
1775707200000,0.00739,0.00742,0.00736,0.00738,344267.68
1775721600000,0.00738,0.00745,0.00737,0.00738,333700.3
1775736000000,0.00738,0.00746,0.00734,0.00745,809955.38
1775750400000,0.00745,0.0076,0.00743,0.0076,2959571.87
1775764800000,0.0076,0.00766,0.00751,0.00754,856896.7
1775779200000,0.00754,0.00761,0.00754,0.00757,375575.25
1775793600000,0.00757,0.00765,0.00756,0.00757,912032.58
1775808000000,0.00757,0.00767,0.00754,0.00763,1373864.97
1775822400000,0.00763,0.00767,0.00752,0.00757,3083076.14
1775836800000,0.00757,0.00783,0.00756,0.00762,3899644.93
1775851200000,0.00762,0.00767,0.00758,0.00763,1557063.06
1775865600000,0.00763,0.00771,0.00758,0.00765,672660.94
1775880000000,0.00765,0.00771,0.00763,0.00766,809888.83
1775894400000,0.00766,0.00773,0.00765,0.00773,816136.31
1775908800000,0.00773,0.00776,0.00767,0.00774,357110.54
1775923200000,0.00774,0.00796,0.00773,0.00777,2448927.77
1775937600000,0.00777,0.00797,0.00776,0.0079,2375642.47
1775952000000,0.0079,0.00795,0.00773,0.00777,1241276.69
1775966400000,0.00777,0.00789,0.00776,0.00778,964790.42
1775980800000,0.00778,0.00783,0.00775,0.00777,290488.07
1775995200000,0.00777,0.00777,0.00767,0.0077,376441.59
1776009600000,0.0077,0.00778,0.00769,0.00773,474485.69
1776024000000,0.00773,0.00778,0.00769,0.0077,337528.64
1776038400000,0.0077,0.0078,0.0077,0.0078,200602.16
1776052800000,0.0078,0.00782,0.0077,0.00771,480370.23
1776067200000,0.00771,0.00773,0.00769,0.00769,301030.58
1776081600000,0.00769,0.00795,0.00769,0.00789,1431675.33
1776096000000,0.00789,0.00793,0.00782,0.00793,1390034.68
1776110400000,0.00793,0.00809,0.00787,0.00805,609913.88
1776124800000,0.00805,0.00806,0.00797,0.00801,280547.8
1776139200000,0.00801,0.00808,0.00797,0.00801,422307.87
1776153600000,0.00801,0.00806,0.00799,0.00805,386309.98
1776168000000,0.00805,0.00824,0.00804,0.00805,1575146.54
1776182400000,0.00805,0.00807,0.00801,0.00802,751708.98
1776196800000,0.00802,0.00804,0.00799,0.00802,284359.7
1776211200000,0.00802,0.00807,0.00798,0.00802,876236.64
1776225600000,0.00802,0.00805,0.00792,0.00793,652797.2
1776240000000,0.00793,0.00803,0.00792,0.008,398083.32
1776254400000,0.008,0.00806,0.00796,0.00804,764325.05
1776268800000,0.00804,0.00814,0.00802,0.0081,1146071.51
1776283200000,0.0081,0.00813,0.00806,0.00811,195858.43
1776297600000,0.00811,0.00815,0.00809,0.00815,166998.72
1776312000000,0.00815,0.00823,0.00814,0.00818,345144.15
1776326400000,0.00818,0.00823,0.00816,0.00818,192429.53
1776340800000,0.00818,0.00825,0.0081,0.00819,732341.17
1776355200000,0.00819,0.00824,0.00807,0.00823,569865.5
1776369600000,0.00823,0.00839,0.00819,0.00827,2262951.74
1776384000000,0.00827,0.00827,0.00812,0.00814,170090.15
1776398400000,0.00814,0.00822,0.00807,0.00814,825381.25
1776412800000,0.00814,0.00821,0.00813,0.00816,472836.74
1776427200000,0.00816,0.00849,0.00814,0.0084,1773198.48
1776441600000,0.0084,0.00858,0.00836,0.00846,1071051.39
1776456000000,0.00846,0.00851,0.0084,0.00846,1051286.18
1776470400000,0.00846,0.00847,0.00839,0.00841,194632.43
1776484800000,0.00841,0.00845,0.00839,0.00839,366352.76
1776499200000,0.00839,0.0084,0.0082,0.00821,444904.1
1776513600000,0.00821,0.00825,0.00816,0.00819,769004.56
1776528000000,0.00819,0.0082,0.00809,0.00811,754369.05
1776542400000,0.00811,0.00818,0.00809,0.00816,113793.92
1776556800000,0.00816,0.00817,0.00811,0.00814,188021.45
1776571200000,0.00814,0.00816,0.00807,0.00811,427821.95
1776585600000,0.00811,0.00818,0.00802,0.00817,808841.37
1776600000000,0.00817,0.00821,0.00813,0.00816,271306.23
1776614400000,0.00816,0.00816,0.00805,0.00807,255868.23
1776628800000,0.00807,0.00807,0.00792,0.00792,658301.5
1776643200000,0.00792,0.00807,0.00792,0.00805,1094240.82
1776657600000,0.00805,0.00809,0.00796,0.00802,795134.51
1776672000000,0.00802,0.00805,0.00796,0.00804,1043432.74
1776686400000,0.00804,0.00814,0.00798,0.00811,1437154.99
1776700800000,0.00811,0.00814,0.00807,0.00814,130051.32
1776715200000,0.00814,0.00816,0.00811,0.00811,229491.95
1776729600000,0.00811,0.00813,0.00807,0.0081,160077.16
1776744000000,0.0081,0.00812,0.00809,0.00811,213852.97
1776758400000,0.00811,0.00816,0.00809,0.00815,290346.34
1776772800000,0.00815,0.00815,0.00806,0.00809,235419.24
1776787200000,0.00809,0.00811,0.00799,0.00802,657813.84
1776801600000,0.00802,0.00806,0.00792,0.00805,1027296.05
1776816000000,0.00805,0.00812,0.00797,0.0081,686119.81
1776830400000,0.0081,0.00814,0.00807,0.0081,247154.31
1776844800000,0.0081,0.00812,0.00806,0.00809,130615.46
1776859200000,0.00809,0.00813,0.00807,0.00811,245239.71
1776873600000,0.00811,0.00812,0.00802,0.00804,255008.31
1776888000000,0.00804,0.00807,0.00797,0.00799,418200.86
1776902400000,0.00799,0.00799,0.00789,0.00791,307913.81
1776916800000,0.00791,0.00794,0.00789,0.00792,213765.36
1776931200000,0.00792,0.00794,0.00788,0.00792,328022.85
1776945600000,0.00792,0.00805,0.0079,0.00801,346709.07
1776960000000,0.00801,0.00802,0.00789,0.00793,794944.05
1776974400000,0.00793,0.00795,0.00787,0.00793,726492.42
1776988800000,0.00793,0.00795,0.0079,0.00794,230946.45
1777003200000,0.00794,0.00794,0.00787,0.00791,148724.68
1777017600000,0.00791,0.00796,0.0079,0.00795,246021.23
1777032000000,0.00795,0.00795,0.0079,0.00794,183814.79
1777046400000,0.00794,0.00796,0.00782,0.00792,697132.34
1777060800000,0.00792,0.00795,0.00789,0.00792,316455.81
1777075200000,0.00792,0.00793,0.00788,0.00789,152626.02
1777089600000,0.00789,0.00793,0.00784,0.00792,402861.9
1777104000000,0.00792,0.00796,0.0079,0.0079,76214.37
1777118400000,0.0079,0.00792,0.00783,0.00784,500021.0
1777132800000,0.00784,0.00786,0.00779,0.00781,282828.69
1777147200000,0.00781,0.00827,0.0078,0.00789,6289993.45
1777161600000,0.00789,0.00795,0.00784,0.00785,752440.97
1777176000000,0.00785,0.00788,0.00774,0.00786,655264.5
1777190400000,0.00786,0.00788,0.00784,0.00786,204818.25
1777204800000,0.00786,0.00789,0.00784,0.00789,194925.98
1777219200000,0.00789,0.00799,0.00785,0.00794,475616.42
1777233600000,0.00794,0.00801,0.00787,0.00791,963570.12
1777248000000,0.00791,0.00799,0.00789,0.00791,1657019.13
1777262400000,0.00791,0.00791,0.0078,0.00781,407794.3
1777276800000,0.00781,0.00784,0.00779,0.0078,269242.09
1777291200000,0.0078,0.00787,0.00768,0.00768,640921.12
1777305600000,0.00768,0.00775,0.00765,0.00772,705529.04
1777320000000,0.00772,0.00777,0.0077,0.00775,285495.34
1777334400000,0.00775,0.00776,0.00769,0.00772,289410.64
1777348800000,0.00772,0.00772,0.00763,0.00768,245715.28
1777363200000,0.00768,0.0077,0.0076,0.00762,229409.92
1777377600000,0.00762,0.00764,0.0075,0.00751,634624.5
1777392000000,0.00751,0.00761,0.0075,0.0076,672131.09
1777406400000,0.0076,0.00762,0.00758,0.0076,60383.16
1777420800000,0.0076,0.00765,0.00759,0.00764,127670.02
1777435200000,0.00764,0.00767,0.00761,0.00761,197462.13
1777449600000,0.00761,0.00769,0.0076,0.00763,623926.32
1777464000000,0.00763,0.00764,0.00747,0.0075,579648.56
1777478400000,0.0075,0.00755,0.00744,0.00749,300008.64
1777492800000,0.00749,0.00755,0.00745,0.00752,407488.25
1777507200000,0.00752,0.00762,0.0075,0.00752,535799.77
1777521600000,0.00752,0.00755,0.00748,0.00751,1000982.61
1777536000000,0.00751,0.00752,0.00748,0.00748,157752.58
1777550400000,0.00748,0.00752,0.00747,0.00752,150412.12
1777564800000,0.00752,0.00752,0.00747,0.00749,381585.15
1777579200000,0.00749,0.00751,0.00743,0.00747,1200072.03
1777593600000,0.00747,0.00755,0.00746,0.00751,1503002.56
1777608000000,0.00751,0.00751,0.00745,0.00749,259828.46
1777622400000,0.00749,0.00752,0.00747,0.00751,263591.58
1777636800000,0.00751,0.00758,0.00751,0.00752,632600.28
1777651200000,0.00752,0.00753,0.00747,0.00752,179072.22
1777665600000,0.00752,0.00756,0.00747,0.00751,770019.44
1777680000000,0.00751,0.00757,0.0075,0.00753,936693.98
1777694400000,0.00753,0.00758,0.00743,0.00746,724262.09
1777708800000,0.00746,0.00752,0.00746,0.00747,457803.3
1777723200000,0.00747,0.00754,0.00745,0.00753,216165.32
1777737600000,0.00753,0.00757,0.00751,0.00753,454934.38
1777752000000,0.00753,0.00758,0.00753,0.00756,129063.11
1777766400000,0.00756,0.00757,0.00749,0.00751,180779.95
1777780800000,0.00751,0.00756,0.00749,0.0075,176836.15
1777795200000,0.0075,0.00752,0.00748,0.0075,310194.85
1777809600000,0.0075,0.00752,0.00748,0.00749,400313.38
1777824000000,0.00749,0.00755,0.00747,0.00754,476936.86
1777838400000,0.00754,0.00761,0.00751,0.00752,940038.19
1777852800000,0.00752,0.00761,0.0075,0.0076,454409.92
1777867200000,0.0076,0.00762,0.00758,0.00759,333466.28
1777881600000,0.00759,0.00763,0.0075,0.00753,1270591.32
1777896000000,0.00753,0.00761,0.00751,0.00756,335886.08
1777910400000,0.00756,0.00762,0.00753,0.00757,596003.51
1777924800000,0.00757,0.00757,0.00752,0.00753,247177.79
1777939200000,0.00753,0.00761,0.00751,0.00761,169906.93
1777953600000,0.00761,0.00763,0.00755,0.00757,794205.67
1777968000000,0.00757,0.0076,0.00754,0.00758,252474.53
1777982400000,0.00758,0.00765,0.00757,0.00762,831863.76
1777996800000,0.00762,0.00763,0.00759,0.00763,235183.14
1778011200000,0.00763,0.00765,0.0076,0.00763,328649.09
1778025600000,0.00763,0.00766,0.00761,0.00764,389101.29
1778040000000,0.00764,0.00802,0.00762,0.00776,2794916.13
1778054400000,0.00776,0.00791,0.0077,0.00786,2529541.55
1778068800000,0.00786,0.00786,0.00772,0.00778,453918.21
1778083200000,0.00778,0.00785,0.00772,0.00782,1550048.72
1778097600000,0.00782,0.00786,0.00772,0.00781,393202.54
1778112000000,0.00781,0.00783,0.00778,0.0078,541882.67
1778126400000,0.0078,0.00791,0.0078,0.00786,966779.39
1778140800000,0.00786,0.00791,0.00779,0.00784,288215.2
1778155200000,0.00784,0.00787,0.00772,0.00774,1737251.16
1778169600000,0.00774,0.00781,0.00771,0.00779,621977.58
1778184000000,0.00779,0.00787,0.00775,0.00783,482569.93
1778198400000,0.00783,0.00784,0.00778,0.00781,155982.7
1778212800000,0.00781,0.00783,0.00778,0.00782,89070.78
1778227200000,0.00782,0.00788,0.00778,0.0078,816929.23
1778241600000,0.0078,0.00794,0.0078,0.00792,1397260.41
1778256000000,0.00792,0.00802,0.0079,0.00799,1711459.28
1778270400000,0.00799,0.00803,0.00791,0.00801,556475.35
1778284800000,0.00801,0.0081,0.00799,0.00808,645178.52
1778299200000,0.00808,0.0081,0.00801,0.00802,258599.66
1778313600000,0.00802,0.00805,0.00799,0.00805,188107.71
1778328000000,0.00805,0.0081,0.00799,0.00807,292048.15
1778342400000,0.00807,0.0082,0.00806,0.0082,1546781.28
1778356800000,0.0082,0.0082,0.00813,0.00817,187001.82
1778371200000,0.00817,0.00844,0.00816,0.00832,899921.99
1778385600000,0.00832,0.00845,0.00831,0.00844,600478.91
1778400000000,0.00844,0.00847,0.00832,0.00834,811692.54
1778414400000,0.00834,0.00849,0.00832,0.00848,443401.65
1778428800000,0.00848,0.00914,0.00843,0.00877,4909562.28
1778443200000,0.00877,0.0088,0.00857,0.00869,1281069.81
1778457600000,0.00869,0.00871,0.00857,0.00859,457463.76
1778472000000,0.00859,0.00866,0.00855,0.00858,348417.18
1778486400000,0.00858,0.00862,0.00854,0.00861,218601.7
1778500800000,0.00861,0.0088,0.0086,0.00878,480435.39
1778515200000,0.00878,0.00887,0.00873,0.00876,1032028.7
1778529600000,0.00876,0.00877,0.00867,0.00873,1411004.65
1778544000000,0.00873,0.00894,0.00871,0.00884,1058377.63
1778558400000,0.00884,0.00897,0.00873,0.00882,799772.11
1778572800000,0.00882,0.00886,0.0087,0.00873,288132.7
1778587200000,0.00873,0.00878,0.00858,0.00861,870389.4
1778601600000,0.00861,0.00872,0.00857,0.0087,959623.49
1778616000000,0.0087,0.00871,0.00864,0.00868,570104.08
1778630400000,0.00868,0.00881,0.00865,0.00878,1572937.64
1778644800000,0.00878,0.00884,0.00876,0.00884,287080.75
1778659200000,0.00884,0.00887,0.00879,0.00879,306581.32
1778673600000,0.00879,0.00882,0.00858,0.00858,307019.38
1778688000000,0.00858,0.0087,0.00858,0.00862,535937.97
1778702400000,0.00862,0.00866,0.00858,0.00864,250354.71
1778716800000,0.00864,0.0087,0.00857,0.00859,243428.67
1778731200000,0.00859,0.00869,0.00857,0.00867,356089.34
1778745600000,0.00867,0.00868,0.00862,0.00863,349186.36
1778760000000,0.00863,0.00893,0.00863,0.0089,1263977.87
1778774400000,0.0089,0.00939,0.0089,0.0092,4087552.14
1778788800000,0.0092,0.00943,0.00912,0.00937,1941710.23
1778803200000,0.00937,0.00973,0.00937,0.00967,3271137.73
1778817600000,0.00967,0.00973,0.00942,0.0096,1325791.55
1778832000000,0.0096,0.01006,0.00945,0.00971,5125008.14
1778846400000,0.00971,0.00971,0.00932,0.00939,4569754.07
1778860800000,0.00939,0.00952,0.00934,0.00936,2078498.74
1778875200000,0.00936,0.00941,0.00933,0.00934,893654.24
1778889600000,0.00934,0.0094,0.00931,0.00936,794527.44
1778904000000,0.00936,0.00938,0.00919,0.00922,598874.02
1778918400000,0.00922,0.00937,0.0092,0.00926,776221.92
1778932800000,0.00926,0.00928,0.0091,0.00917,1496176.68
1778947200000,0.00917,0.00926,0.00913,0.00917,2714462.88
1778961600000,0.00917,0.00924,0.00917,0.00921,472247.74
1778976000000,0.00921,0.00924,0.0091,0.00917,641564.76
1778990400000,0.00917,0.00924,0.00916,0.0092,150068.01
1779004800000,0.0092,0.00929,0.00917,0.00922,371176.06
1779019200000,0.00922,0.00924,0.00918,0.00919,906972.99
1779033600000,0.00919,0.00921,0.00912,0.0092,582476.9
1779048000000,0.0092,0.00922,0.00898,0.00906,900855.21
1779062400000,0.00906,0.0091,0.00894,0.00896,670268.94
1779076800000,0.00896,0.00897,0.00882,0.00884,524111.45
1779091200000,0.00884,0.00885,0.00872,0.00882,920449.17
1779105600000,0.00882,0.00886,0.00856,0.00857,1446143.92
1779120000000,0.00857,0.00859,0.00836,0.00847,552833.28
1779134400000,0.00847,0.00848,0.00838,0.00845,346665.14
1779148800000,0.00845,0.00846,0.00831,0.00836,1101459.05
1779163200000,0.00836,0.00839,0.00834,0.00836,470348.32
1779177600000,0.00836,0.00839,0.00828,0.0083,426777.55
1779192000000,0.0083,0.0084,0.00821,0.00827,737939.66
1779206400000,0.00827,0.00832,0.00821,0.00821,388785.56
1779220800000,0.00821,0.00829,0.00821,0.00827,504421.59
1779235200000,0.00827,0.00829,0.00822,0.00824,923060.7
1779249600000,0.00824,0.00837,0.00824,0.00831,687536.04
1779264000000,0.00831,0.00834,0.00831,0.00832,243705.33
1779278400000,0.00832,0.00837,0.00826,0.00834,424024.29
1779292800000,0.00834,0.0084,0.00834,0.0084,622962.37
1779307200000,0.0084,0.00848,0.00836,0.00843,2043281.62
1779321600000,0.00843,0.00852,0.00842,0.00848,412818.58
1779336000000,0.00848,0.0085,0.00844,0.00848,213306.42
1779350400000,0.00848,0.00854,0.00843,0.00845,403501.92
1779364800000,0.00845,0.00853,0.00838,0.0084,731010.79
1779379200000,0.0084,0.00847,0.00836,0.00844,522294.92
1779393600000,0.00844,0.00845,0.00841,0.00844,156063.04
1779408000000,0.00844,0.0085,0.00838,0.00842,990057.49
1779422400000,0.00842,0.00845,0.00838,0.00839,108271.65
1779436800000,0.00839,0.00842,0.00838,0.00842,127626.68
1779451200000,0.00842,0.00849,0.00837,0.00837,701203.87
1779465600000,0.00837,0.00842,0.00827,0.0083,336118.09
1779480000000,0.0083,0.00832,0.00826,0.00827,160262.85
1779494400000,0.00827,0.0083,0.00823,0.00829,578158.77
1779508800000,0.00829,0.00831,0.00818,0.00818,259901.79
1779523200000,0.00818,0.00824,0.00817,0.00823,457847.76
1779537600000,0.00823,0.00832,0.00822,0.00829,458607.4
1779552000000,0.00829,0.00832,0.00827,0.00832,238376.09
1779566400000,0.00832,0.00845,0.00831,0.00842,833094.52
1779580800000,0.00842,0.00849,0.0084,0.00844,192055.13
1779595200000,0.00844,0.00844,0.00834,0.00838,648208.84
1779609600000,0.00838,0.00843,0.00836,0.00842,393966.69
1779624000000,0.00842,0.00842,0.00831,0.00833,1213301.85
1779638400000,0.00833,0.00834,0.0083,0.00831,61990.43
1779652800000,0.00831,0.00832,0.00823,0.00831,729122.59
1779667200000,0.00831,0.00833,0.00829,0.00829,204253.58
1779681600000,0.00829,0.00837,0.00829,0.00834,381611.95
1779696000000,0.00834,0.00838,0.00832,0.00836,380308.72
1779710400000,0.00836,0.00836,0.00831,0.00834,570543.63
1779724800000,0.00834,0.00835,0.00831,0.00833,149012.76
1779739200000,0.00833,0.00835,0.00829,0.00829,171387.57
1779753600000,0.00829,0.0083,0.00821,0.00822,244295.65
1779768000000,0.00822,0.00827,0.00822,0.00822,222512.72
1779782400000,0.00822,0.00831,0.0082,0.00828,938522.56
1779796800000,0.00828,0.00832,0.00817,0.00818,418992.88
1779811200000,0.00818,0.0082,0.00816,0.00818,277124.82
1779825600000,0.00818,0.00819,0.00816,0.00817,228528.52
1779840000000,0.00817,0.00819,0.00815,0.00817,448322.76
1779854400000,0.00817,0.00818,0.00815,0.00816,400845.85
1779868800000,0.00816,0.00819,0.00816,0.00817,436213.59
1779883200000,0.00817,0.00819,0.00806,0.00813,707800.38
1779897600000,0.00813,0.00815,0.00807,0.00808,573107.29
1779912000000,0.00808,0.00818,0.008,0.00801,1034650.35
1779926400000,0.00801,0.00801,0.00781,0.00781,754342.9
1779940800000,0.00781,0.00785,0.00777,0.00785,948558.93
1779955200000,0.00785,0.00785,0.0078,0.00781,913609.28
1779969600000,0.00781,0.00785,0.00773,0.00776,1499924.77
1779984000000,0.00776,0.00796,0.00774,0.00785,2124256.84
1779998400000,0.00785,0.00787,0.00777,0.00781,484659.53
1780012800000,0.00781,0.00783,0.00773,0.00778,1037045.17
1780027200000,0.00778,0.00785,0.00775,0.00777,1033059.5
1780041600000,0.00777,0.00785,0.00777,0.00778,462739.11
1780056000000,0.00778,0.00788,0.00769,0.00783,1614422.28
1780070400000,0.00783,0.00788,0.00771,0.00773,1003914.49
1780084800000,0.00773,0.00782,0.00771,0.00775,982013.8
1780099200000,0.00775,0.0078,0.00774,0.00776,815705.51
1780113600000,0.00776,0.00776,0.0077,0.00772,234219.85
1780128000000,0.00772,0.00773,0.00769,0.00772,338780.31
1780142400000,0.00772,0.00778,0.00771,0.00774,1456194.37
1780156800000,0.00774,0.00779,0.00774,0.00778,268995.94
1780171200000,0.00778,0.00779,0.00771,0.00774,413664.6
1780185600000,0.00774,0.00778,0.00772,0.00777,619184.38
1780200000000,0.00777,0.0078,0.0077,0.00772,622430.58
1780214400000,0.00772,0.00774,0.00767,0.0077,272860.41
1780228800000,0.0077,0.00773,0.00767,0.00769,449854.67
1780243200000,0.00769,0.00771,0.00766,0.00769,443078.74
1780257600000,0.00769,0.00776,0.00768,0.00772,349331.98
1780272000000,0.00772,0.00774,0.00763,0.0077,537011.0
1780286400000,0.0077,0.00771,0.00757,0.00758,825002.88
1780300800000,0.00758,0.00758,0.00749,0.0075,456422.54
1780315200000,0.0075,0.00757,0.00747,0.00748,605429.76
1780329600000,0.00748,0.00758,0.00745,0.00753,1968123.54
1780344000000,0.00753,0.00757,0.00748,0.00755,246111.26
1780358400000,0.00755,0.00755,0.00742,0.00748,558086.15
1780372800000,0.00748,0.0075,0.00744,0.00744,1074786.86
1780387200000,0.00744,0.00749,0.00741,0.00743,1597630.33
1780401600000,0.00743,0.00745,0.00723,0.00724,2335735.16
1780416000000,0.00724,0.00733,0.00719,0.00726,833283.99
1780430400000,0.00726,0.00727,0.00706,0.00717,701627.25
1780444800000,0.00717,0.00722,0.0071,0.00714,3679439.99
1780459200000,0.00714,0.00732,0.00713,0.00727,753889.85
1780473600000,0.00727,0.00729,0.00724,0.00726,334676.16
1780488000000,0.00726,0.00733,0.00721,0.00728,1271475.02
1780502400000,0.00728,0.00734,0.00719,0.0072,1294931.53
1780516800000,0.0072,0.00724,0.00711,0.00719,310872.39
1780531200000,0.00719,0.00724,0.00692,0.00724,976918.71
1780545600000,0.00724,0.00727,0.00702,0.00703,742869.92
1780560000000,0.00703,0.00713,0.0069,0.0071,2866343.71
1780574400000,0.0071,0.00729,0.00707,0.00723,2566528.53
1780588800000,0.00723,0.00723,0.00708,0.00714,1040071.5
1780603200000,0.00714,0.00717,0.00702,0.00713,1694590.12
1780617600000,0.00713,0.00714,0.00691,0.00694,724514.34
1780632000000,0.00694,0.007,0.00673,0.00687,1630539.23
1780646400000,0.00687,0.00691,0.00679,0.00687,856823.72
1780660800000,0.00687,0.00696,0.00669,0.00672,4775889.59
1780675200000,0.00672,0.0068,0.0066,0.00672,2728519.82
1780689600000,0.00672,0.00681,0.00665,0.0067,876440.63
1780704000000,0.0067,0.00675,0.00664,0.00666,506974.71
1780718400000,0.00666,0.00669,0.00647,0.00666,2264556.81
1780732800000,0.00666,0.00672,0.00656,0.00662,547341.66
1780747200000,0.00662,0.00674,0.00662,0.00671,981668.17
1780761600000,0.00671,0.00673,0.00663,0.00667,512795.87
1780776000000,0.00667,0.00675,0.00665,0.00674,1370084.99
1780790400000,0.00674,0.0069,0.00673,0.00689,470131.75
1780804800000,0.00689,0.00696,0.00687,0.00696,717654.9
1780819200000,0.00696,0.00711,0.00695,0.00701,590729.08
1780833600000,0.00701,0.00702,0.00693,0.00696,244751.07
1780848000000,0.00696,0.00706,0.00696,0.00702,757671.78
1780862400000,0.00702,0.0072,0.00701,0.00718,634460.24
1780876800000,0.00718,0.00719,0.0071,0.00711,180637.08
1780891200000,0.00711,0.00721,0.00703,0.00707,1688686.27
1780905600000,0.00707,0.00711,0.00701,0.00709,585620.74
1780920000000,0.00709,0.00725,0.00705,0.00721,522832.52
1780934400000,0.00721,0.00725,0.00718,0.00723,207528.67
1780948800000,0.00723,0.00738,0.00721,0.0073,1138357.34
1780963200000,0.0073,0.0073,0.00707,0.0071,893086.52
1780977600000,0.0071,0.00721,0.00707,0.0072,547694.61
1780992000000,0.0072,0.0072,0.0071,0.00713,404157.54
1781006400000,0.00713,0.00717,0.00695,0.00696,734413.05
1781020800000,0.00696,0.00713,0.00692,0.0071,1142605.19
1781035200000,0.0071,0.00712,0.00694,0.007,597701.03
1781049600000,0.007,0.00702,0.00695,0.00699,274701.9
1781064000000,0.00699,0.007,0.0069,0.00693,252851.31
1781078400000,0.00693,0.00694,0.00684,0.00687,545511.84
1781092800000,0.00687,0.00703,0.00686,0.007,549018.28
1781107200000,0.007,0.007,0.00683,0.00686,530173.57
1781121600000,0.00686,0.00691,0.00679,0.00685,911111.18
1781136000000,0.00685,0.00702,0.00685,0.007,504303.05
1781150400000,0.007,0.00702,0.00696,0.00697,95313.23
1781164800000,0.00697,0.00702,0.00695,0.00701,178975.24
1781179200000,0.00701,0.00701,0.00691,0.00697,282879.31
1781193600000,0.00697,0.00756,0.00694,0.00749,6705461.74
1781208000000,0.00749,0.00756,0.00734,0.00753,2789012.11
1781222400000,0.00753,0.0076,0.00751,0.00755,346359.2
1781236800000,0.00755,0.0076,0.0074,0.00744,1014226.92
1781251200000,0.00744,0.00755,0.00744,0.00751,413753.29
1781265600000,0.00751,0.00779,0.00749,0.00766,4305608.11
1781280000000,0.00766,0.00775,0.00759,0.00769,3013360.16
1781294400000,0.00769,0.00823,0.00769,0.00793,7884963.76
1781308800000,0.00793,0.00802,0.00787,0.00787,4526216.56
1781323200000,0.00787,0.00794,0.00787,0.00794,242132.63
1781337600000,0.00794,0.00794,0.0078,0.00786,766384.97
1781352000000,0.00786,0.00804,0.00785,0.00802,964646.73
1781366400000,0.00802,0.00802,0.00784,0.00787,904199.79
1781380800000,0.00787,0.00795,0.00784,0.00788,171983.22
1781395200000,0.00788,0.00799,0.00787,0.00795,459147.52
1781409600000,0.00795,0.00813,0.00786,0.00802,1642350.28
1781424000000,0.00802,0.00803,0.0079,0.0079,403769.34
1781438400000,0.0079,0.00799,0.00779,0.00787,1410750.14
1781452800000,0.00787,0.00787,0.00778,0.00779,287606.56
1781467200000,0.00779,0.00806,0.00777,0.00805,643984.29
1781481600000,0.00805,0.00808,0.00795,0.00801,775997.8
1781496000000,0.00801,0.00806,0.00796,0.00799,448578.01
1781510400000,0.00799,0.00816,0.00796,0.00816,664139.61
1781524800000,0.00816,0.00823,0.00809,0.00815,2228457.01
1781539200000,0.00815,0.00823,0.0081,0.00815,1783483.29
1781553600000,0.00815,0.00816,0.00796,0.00798,685155.33
1781568000000,0.00798,0.00804,0.00785,0.00791,488450.84
1781582400000,0.00791,0.00816,0.0079,0.00796,951013.73
1781596800000,0.00796,0.00803,0.00789,0.00797,990737.21
1781611200000,0.00797,0.00804,0.00777,0.00781,1013667.54
1781625600000,0.00781,0.00782,0.00768,0.00777,1682145.98
1781640000000,0.00777,0.0078,0.00773,0.00775,220210.68
1781654400000,0.00775,0.0078,0.00772,0.00777,160402.21
1781668800000,0.00777,0.00778,0.00768,0.00771,177786.67
1781683200000,0.00771,0.00773,0.00763,0.00763,767423.63
1781697600000,0.00763,0.00773,0.00761,0.00765,1084887.8
1781712000000,0.00765,0.00777,0.00753,0.00754,2308458.17
1781726400000,0.00754,0.00759,0.00752,0.00755,336522.78
1781740800000,0.00755,0.0076,0.00751,0.00752,299020.68
1781755200000,0.00752,0.00752,0.00744,0.0075,197632.63
1781769600000,0.0075,0.00754,0.0074,0.00742,643202.48
1781784000000,0.00742,0.00747,0.00727,0.00728,1099041.5
1781798400000,0.00728,0.00739,0.00728,0.00736,800415.69
1781812800000,0.00736,0.0074,0.00735,0.00738,224639.72
1781827200000,0.00738,0.0074,0.00732,0.00735,294751.13
1781841600000,0.00735,0.00737,0.0073,0.00736,271362.11
1781856000000,0.00736,0.00739,0.00733,0.00737,133227.94
1781870400000,0.00737,0.00744,0.00735,0.00742,610749.93
1781884800000,0.00742,0.00742,0.00732,0.00737,497513.16
1781899200000,0.00737,0.00739,0.00732,0.00739,219851.31
1781913600000,0.00739,0.0074,0.00733,0.00735,68691.52
1781928000000,0.00735,0.00744,0.00734,0.00738,482710.66
1781942400000,0.00738,0.0074,0.00735,0.00738,127002.79
1781956800000,0.00738,0.00742,0.00733,0.00741,219726.34
1781971200000,0.00741,0.00741,0.00735,0.00737,173166.86
1781985600000,0.00737,0.00744,0.00736,0.00743,88270.82
1782000000000,0.00743,0.00747,0.00737,0.00739,1065679.83
1782014400000,0.00739,0.00742,0.00738,0.00742,511359.94
1782028800000,0.00742,0.00743,0.00737,0.00739,150700.79
1782043200000,0.00739,0.00746,0.00738,0.00745,164784.2
1782057600000,0.00745,0.00747,0.00742,0.00745,240350.68
1782072000000,0.00745,0.00746,0.00738,0.0074,131427.45
1782086400000,0.0074,0.00749,0.0074,0.00742,548810.72
1782100800000,0.00742,0.00744,0.0074,0.00743,88072.68
1782115200000,0.00743,0.00744,0.00739,0.00744,65419.49
1782129600000,0.00744,0.00747,0.00728,0.00732,815369.9
1782144000000,0.00732,0.00737,0.00731,0.00733,267043.24
1782158400000,0.00733,0.00747,0.00732,0.00735,439613.64
1782172800000,0.00735,0.00737,0.00726,0.00733,484557.56
1782187200000,0.00733,0.00733,0.00694,0.00711,2850647.38
1782201600000,0.00711,0.00711,0.007,0.00709,3435406.44
1782216000000,0.00709,0.0071,0.00701,0.00703,799932.54
1782230400000,0.00703,0.00706,0.00699,0.00702,959508.34
1782244800000,0.00702,0.00708,0.00702,0.00707,144810.95
1782259200000,0.00707,0.00707,0.00701,0.00702,435293.83
1782273600000,0.00702,0.00707,0.00699,0.00701,697723.28
1782288000000,0.00701,0.00704,0.00694,0.00699,364595.35
1782302400000,0.00699,0.00699,0.00679,0.00679,3376631.0
1782316800000,0.00679,0.00698,0.00671,0.00686,2038713.95
1782331200000,0.00686,0.00698,0.00685,0.00697,724660.67
1782345600000,0.00697,0.00699,0.00691,0.00693,266949.77
1782360000000,0.00693,0.00704,0.00693,0.00702,476951.87
1782374400000,0.00702,0.00704,0.00695,0.00699,761187.41
1782388800000,0.00699,0.00708,0.00673,0.00681,1368452.73
1782403200000,0.00681,0.0069,0.00679,0.00683,424922.05
1782417600000,0.00683,0.00686,0.00677,0.00681,319946.33
1782432000000,0.00681,0.00687,0.00664,0.00675,1321975.33
1782446400000,0.00675,0.00682,0.00672,0.0068,181745.89
1782460800000,0.0068,0.0068,0.00667,0.0067,352645.23
1782475200000,0.0067,0.00681,0.00667,0.00678,890459.75
1782489600000,0.00678,0.00692,0.00677,0.00686,1128570.93
1782504000000,0.00686,0.00687,0.00679,0.0068,267580.31
1782518400000,0.0068,0.00686,0.0068,0.00682,154613.15
1782532800000,0.00682,0.00685,0.00678,0.00682,139124.76
1782547200000,0.00682,0.00682,0.00677,0.00679,142546.65
1782561600000,0.00679,0.00683,0.00673,0.00681,268080.72
1782576000000,0.00681,0.00681,0.00662,0.00671,624815.37
1782590400000,0.00671,0.00673,0.00665,0.00668,332396.96
1782604800000,0.00668,0.00669,0.00665,0.00666,99865.21
1782619200000,0.00666,0.00669,0.00665,0.00667,112560.02
1782633600000,0.00667,0.00672,0.00667,0.00669,168895.12
1782648000000,0.00669,0.00673,0.00666,0.00668,388419.24
1782662400000,0.00668,0.00668,0.00657,0.0066,877292.13
1782676800000,0.0066,0.00662,0.00655,0.00661,286137.37
1782691200000,0.00661,0.00662,0.00653,0.00661,524505.85
1782705600000,0.00661,0.00662,0.00655,0.00659,226124.66
1782720000000,0.00659,0.00662,0.00656,0.00659,143700.54
1782734400000,0.00659,0.00663,0.00653,0.00654,463811.44
1782748800000,0.00654,0.00663,0.00651,0.0066,1053559.87
1782763200000,0.0066,0.00667,0.00655,0.00659,776637.67
1782777600000,0.00659,0.00659,0.00652,0.00653,181375.97
1782792000000,0.00653,0.00656,0.00651,0.00652,101994.46
1782806400000,0.00652,0.00653,0.00641,0.00643,526162.09
1782820800000,0.00643,0.00643,0.00635,0.00637,768306.36
1782835200000,0.00637,0.00668,0.00637,0.00648,1524984.46
1782849600000,0.00648,0.00649,0.00641,0.00641,319311.46
1782864000000,0.00641,0.00645,0.00633,0.00644,454137.41
1782878400000,0.00644,0.00645,0.00636,0.00636,160762.56
1782892800000,0.00636,0.0064,0.00634,0.00637,155329.05
1782907200000,0.00637,0.00651,0.00633,0.00648,1019370.63
1782921600000,0.00648,0.00648,0.00638,0.00641,631545.28
1782936000000,0.00641,0.00651,0.0064,0.00643,617862.2
1782950400000,0.00643,0.00645,0.00633,0.00643,1051337.06
1782964800000,0.00643,0.00645,0.00639,0.00642,216506.82
1782979200000,0.00642,0.00664,0.00642,0.0066,1132247.3
1782993600000,0.0066,0.00676,0.0066,0.0067,1841026.75
1783008000000,0.0067,0.00675,0.00669,0.0067,822898.67
1783022400000,0.0067,0.00671,0.00661,0.00669,530326.38
1783036800000,0.00669,0.00669,0.00664,0.00665,168387.47
1783051200000,0.00665,0.00671,0.00663,0.00668,369920.51
1783065600000,0.00668,0.00696,0.00668,0.0069,1716414.11
1783080000000,0.0069,0.00694,0.00684,0.00692,360098.7
1783094400000,0.00692,0.00709,0.0069,0.00699,1300138.21
1783108800000,0.00699,0.00701,0.00695,0.00701,314382.02
1783123200000,0.00701,0.00704,0.00699,0.00701,233018.59
1783137600000,0.00701,0.00708,0.00696,0.00698,336241.21
1783152000000,0.00698,0.00702,0.00692,0.00699,308504.05
1783166400000,0.00699,0.00718,0.00699,0.00708,1785080.51
1783180800000,0.00708,0.00716,0.00708,0.0071,1014372.25
1783195200000,0.0071,0.00711,0.00703,0.00706,235180.86
1783209600000,0.00706,0.00706,0.00697,0.00697,310106.23
1783224000000,0.00697,0.00701,0.00694,0.00699,131363.95
1783238400000,0.00699,0.00701,0.00692,0.00693,97083.1
1783252800000,0.00693,0.00706,0.00692,0.00702,1552785.53
1783267200000,0.00702,0.00705,0.00686,0.00686,3411474.96
1783281600000,0.00686,0.00706,0.00681,0.00704,1924264.12
1783296000000,0.00704,0.00709,0.00694,0.00696,461907.92
1783310400000,0.00696,0.00699,0.00692,0.00694,246323.32
1783324800000,0.00694,0.00695,0.00689,0.0069,193947.51
1783339200000,0.0069,0.0069,0.00677,0.00688,774120.98
1783353600000,0.00688,0.00692,0.00685,0.00688,384603.61
1783368000000,0.00688,0.00694,0.00683,0.00689,953219.64
1783382400000,0.00689,0.0069,0.00679,0.00679,626818.61
1783396800000,0.00679,0.00681,0.00675,0.00679,151839.3
1783411200000,0.00679,0.00681,0.00675,0.00681,61133.29
1783425600000,0.00681,0.00684,0.00674,0.00679,249287.17
1783440000000,0.00679,0.00692,0.00675,0.0068,1703310.28
1783454400000,0.0068,0.0068,0.00674,0.00674,247702.97
1783468800000,0.00674,0.00676,0.00662,0.00662,534443.57
1783483200000,0.00662,0.00667,0.0066,0.00663,333958.87
1783497600000,0.00663,0.00664,0.0065,0.00655,409894.64
1783512000000,0.00655,0.00659,0.00648,0.00652,1214195.56
1783526400000,0.00652,0.00663,0.00652,0.00657,381659.22
1783540800000,0.00657,0.00658,0.00652,0.00657,258874.49
1783555200000,0.00657,0.0066,0.00651,0.00655,334567.89
1783569600000,0.00655,0.00662,0.00654,0.0066,234339.9
1783584000000,0.0066,0.00663,0.00658,0.0066,351008.75
1783598400000,0.0066,0.00664,0.00659,0.0066,782222.98
1783612800000,0.0066,0.00665,0.00659,0.00664,355054.71
1783627200000,0.00664,0.00665,0.0066,0.0066,155275.59
1783641600000,0.0066,0.00669,0.00659,0.00666,580732.0
1783656000000,0.00666,0.0067,0.00665,0.00668,516534.76
1783670400000,0.00668,0.00671,0.00667,0.0067,249523.46
1783684800000,0.0067,0.0067,0.00662,0.00667,609954.84
1783699200000,0.00667,0.00669,0.00665,0.00666,299212.04
1783713600000,0.00666,0.00669,0.00663,0.00667,314174.76
1783728000000,0.00667,0.00667,0.00661,0.00665,453075.33
1783742400000,0.00665,0.00665,0.00662,0.00663,132317.91
1783756800000,0.00663,0.00665,0.00661,0.00665,124935.1
1783771200000,0.00665,0.00669,0.00663,0.00665,214050.83
1783785600000,0.00665,0.00668,0.00664,0.00668,165809.83
1783800000000,0.00668,0.00682,0.00664,0.00665,2160052.89
1783814400000,0.00665,0.00665,0.00659,0.00659,403428.01
1783828800000,0.00659,0.00661,0.00653,0.00654,589793.53
1783843200000,0.00654,0.00656,0.00652,0.00655,443249.65
1783857600000,0.00655,0.00657,0.00653,0.00655,395093.98
1783872000000,0.00655,0.00656,0.00653,0.00653,301457.22
1783886400000,0.00653,0.00654,0.00645,0.00647,339304.02
1783900800000,0.00647,0.00653,0.00644,0.00646,421285.72
1783915200000,0.00646,0.00648,0.00644,0.00647,132267.66
1783929600000,0.00647,0.00648,0.00645,0.00645,154011.09
1783944000000,0.00645,0.00646,0.00637,0.00639,365245.67
1783958400000,0.00639,0.00641,0.00635,0.00638,479389.39
1783972800000,0.00638,0.0064,0.00633,0.0064,521090.9
1783987200000,0.0064,0.00705,0.00639,0.00646,1692177.61
1784001600000,0.00646,0.00654,0.00645,0.00652,393509.21
1784016000000,0.00652,0.00653,0.00648,0.00649,144967.54
1784030400000,0.00649,0.00672,0.00649,0.0067,1190579.55
1784044800000,0.0067,0.00701,0.00668,0.00668,3376681.68
1784059200000,0.00668,0.00668,0.00655,0.00664,1888536.06
1784073600000,0.00664,0.0067,0.00661,0.00666,675476.83
1784088000000,0.00666,0.00678,0.00664,0.00665,480681.43
1784102400000,0.00665,0.00671,0.00659,0.00662,214828.59
1784116800000,0.00662,0.00673,0.00661,0.00669,579955.3
1784131200000,0.00669,0.00669,0.00661,0.00662,260650.28
1784145600000,0.00662,0.00666,0.0066,0.00662,225250.38
1784160000000,0.00662,0.00667,0.00659,0.00664,419660.73
1784174400000,0.00664,0.00666,0.00658,0.0066,213278.56
1784188800000,0.0066,0.00661,0.00652,0.00658,413800.47
1784203200000,0.00658,0.00662,0.00655,0.00659,207571.5
1784217600000,0.00659,0.00676,0.00658,0.00663,1149504.87
1784232000000,0.00663,0.00669,0.00661,0.00664,515619.43
1784246400000,0.00664,0.00665,0.00655,0.00657,288699.23
1784260800000,0.00657,0.00658,0.00652,0.00653,95463.54
1784275200000,0.00653,0.0066,0.00652,0.00655,525468.11
1784289600000,0.00655,0.00656,0.00649,0.00652,405886.61
1784304000000,0.00652,0.0066,0.0065,0.00657,1168590.05
1784318400000,0.00657,0.00658,0.00649,0.00653,536871.5
1784332800000,0.00653,0.00656,0.0065,0.00652,233613.48
1784347200000,0.00652,0.00656,0.00651,0.00653,73976.22
1784361600000,0.00653,0.00654,0.0065,0.00651,108607.7
1784376000000,0.00651,0.00653,0.00645,0.00648,560117.55
1784390400000,0.00648,0.00654,0.00648,0.00652,487364.36
1784404800000,0.00652,0.00658,0.00652,0.00657,187249.97
1784419200000,0.00657,0.00661,0.00656,0.00657,351626.21
1784433600000,0.00657,0.00659,0.00655,0.00656,78367.4
1784448000000,0.00656,0.00658,0.0065,0.00654,358695.76
1784462400000,0.00654,0.00657,0.00649,0.0065,705073.47
1784476800000,0.0065,0.00651,0.00647,0.00649,249322.06
1784491200000,0.00649,0.00654,0.00648,0.00651,239472.71
1784505600000,0.00651,0.00654,0.00648,0.00652,303139.11
1784520000000,0.00652,0.00652,0.00643,0.00645,521202.44
1784534400000,0.00645,0.0065,0.00643,0.00649,617517.35
1784548800000,0.00649,0.00651,0.00641,0.0065,758023.35
1784563200000,0.0065,0.00652,0.00645,0.00647,1147701.04
1784577600000,0.00647,0.00648,0.00644,0.00645,295705.2
1784592000000,0.00645,0.00651,0.00645,0.00649,247828.2
1784606400000,0.00649,0.00655,0.00646,0.00655,653872.4
1784620800000,0.00655,0.00657,0.0065,0.00656,528626.91
1784635200000,0.00656,0.00659,0.00653,0.00658,617930.73
1784649600000,0.00658,0.00717,0.00658,0.00687,8993518.6
1784664000000,0.00687,0.0069,0.00675,0.00679,1620359.79
1784678400000,0.00679,0.00682,0.00675,0.00676,695919.3
1784692800000,0.00676,0.00677,0.00669,0.00669,397490.46
1784707200000,0.00669,0.0067,0.00664,0.00665,892142.31
1784721600000,0.00665,0.00675,0.00662,0.00672,1387485.75
1784736000000,0.00672,0.00674,0.00658,0.00661,1252938.63
1784750400000,0.00661,0.00666,0.00658,0.00665,693368.86
1784764800000,0.00665,0.00672,0.00658,0.00659,437014.28
1784779200000,0.00659,0.00661,0.00655,0.00661,294537.29
1784793600000,0.00661,0.00664,0.00656,0.00658,349512.13
1784808000000,0.00658,0.00659,0.00644,0.00646,763365.1
1784822400000,0.00646,0.00648,0.00643,0.00647,406477.8
1784836800000,0.00647,0.00649,0.00646,0.00647,285107.31
1784851200000,0.00647,0.00653,0.00646,0.00649,455323.81
1784865600000,0.00649,0.00652,0.00646,0.00649,281381.75
1784880000000,0.00649,0.0065,0.00645,0.00646,259583.59
1784894400000,0.00646,0.00647,0.0064,0.00643,568964.79
1784908800000,0.00643,0.00643,0.00638,0.00639,357989.71
1784923200000,0.00639,0.00642,0.00638,0.00641,658468.13
1784937600000,0.00641,0.00643,0.00637,0.00639,91574.14
1784952000000,0.00639,0.0064,0.00637,0.00638,135080.53
1784966400000,0.00638,0.0064,0.00636,0.00639,245246.77
1784980800000,0.00639,0.00643,0.00637,0.00641,347213.26
1784995200000,0.00641,0.00645,0.00639,0.00645,260288.55
1785009600000,0.00645,0.00645,0.00641,0.00643,233018.27
1785024000000,0.00643,0.00643,0.0064,0.00642,380694.47
1785038400000,0.00642,0.00643,0.0064,0.00642,151957.46
1785052800000,0.00642,0.00643,0.00639,0.00641,141163.34
1785067200000,0.00641,0.00643,0.00637,0.00638,321210.98
1785081600000,0.00638,0.00644,0.00637,0.00637,272791.89
1785096000000,0.00637,0.00644,0.00637,0.00644,244181.03
1785110400000,0.00644,0.00645,0.00638,0.00642,304464.82
1785124800000,0.00642,0.00645,0.0064,0.00641,194057.44
1785139200000,0.00641,0.00645,0.0064,0.00641,392673.88
1785153600000,0.00641,0.00642,0.00631,0.00633,1079719.33
1785168000000,0.00633,0.00638,0.00633,0.00635,166701.99
1785182400000,0.00635,0.00639,0.00626,0.00628,179908.63
1785196800000,0.00628,0.00629,0.00622,0.00626,324617.37
1785211200000,0.00626,0.00627,0.00623,0.00624,112133.91
1785225600000,0.00624,0.00626,0.00621,0.00622,312252.89
1785240000000,0.00622,0.00626,0.00618,0.00624,348744.3
1785254400000,0.00624,0.00627,0.00622,0.00624,291003.5
1785268800000,0.00624,0.00627,0.00615,0.00625,346756.59
1785283200000,0.00625,0.00628,0.00621,0.00622,283738.8
1785297600000,0.00622,0.00631,0.00621,0.0063,235587.63
1785312000000,0.0063,0.00633,0.00625,0.00633,475014.75
1785326400000,0.00633,0.00634,0.00625,0.00626,265866.97
1785340800000,0.00626,0.00635,0.00623,0.00624,791675.62
1785355200000,0.00624,0.00632,0.00621,0.00632,261609.87
1785369600000,0.00632,0.00633,0.00629,0.00632,229512.81
1785384000000,0.00632,0.00635,0.00631,0.00632,288050.37
1785398400000,0.00632,0.00637,0.00622,0.00628,891202.67
1785412800000,0.00628,0.00633,0.00627,0.0063,258617.84
1785427200000,0.0063,0.00633,0.00627,0.0063,209314.77
1785441600000,0.0063,0.00633,0.00627,0.00629,621578.6
1785456000000,0.00629,0.00634,0.00628,0.0063,125441.33
1785470400000,0.0063,0.00631,0.00624,0.00625,276527.03
1785484800000,0.00625,0.00627,0.00621,0.00623,186601.02
1785499200000,0.00623,0.00652,0.00622,0.00626,3306031.38
1785513600000,0.00626,0.00635,0.00624,0.00627,310585.86
1785528000000,0.00627,0.00629,0.00623,0.00626,498742.58
1785542400000,0.00626,0.00629,0.00626,0.00628,61541.87
1785556800000,0.00628,0.00631,0.00625,0.00627,179700.76
1785571200000,0.00627,0.00628,0.00618,0.00619,307546.32
1785585600000,0.00619,0.00622,0.00618,0.00618,330433.84
1785600000000,0.00618,0.00622,0.00616,0.00618,426378.36
1785614400000,0.00618,0.00625,0.00616,0.00624,78641.41
1785628800000,0.00624,0.00629,0.00624,0.00626,120271.1
1785643200000,0.00626,0.00629,0.00623,0.00626,60361.34
1785657600000,0.00626,0.00629,0.00625,0.00628,55422.35
1785672000000,0.00628,0.00632,0.00623,0.00626,269659.19
1785686400000,0.00626,0.00631,0.00626,0.00629,137104.64
1785700800000,0.00629,0.00636,0.00629,0.00632,214553.63
1785715200000,0.00632,0.00634,0.00628,0.00629,146090.36
1785729600000,0.00629,0.00631,0.00626,0.00627,98542.04
1785744000000,0.00627,0.0063,0.00624,0.00628,240331.57
1785758400000,0.00628,0.00632,0.00626,0.00632,137506.66
1785772800000,0.00632,0.00632,0.00626,0.00628,327397.62
1785787200000,0.00628,0.0063,0.00626,0.00629,110907.24
1785801600000,0.00629,0.00629,0.00615,0.00622,360335.21
1785816000000,0.00622,0.00625,0.00616,0.00618,543578.25
1785830400000,0.00618,0.0062,0.00606,0.00608,1335751.22
1785844800000,0.00608,0.00615,0.00607,0.00608,342032.17
1785859200000,0.00608,0.00615,0.00606,0.0061,379643.95
1785873600000,0.0061,0.00614,0.00606,0.0061,171893.4
1785888000000,0.0061,0.00614,0.00606,0.00606,1003505.44
1785902400000,0.00606,0.00609,0.00605,0.00605,755882.58
1785916800000,0.00605,0.00605,0.006,0.00602,1574288.52
1785931200000,0.00602,0.00603,0.00586,0.00591,4250010.85
1785945600000,0.00591,0.00603,0.00591,0.00602,919128.76
1785960000000,0.00602,0.00604,0.00595,0.00599,269936.49
1785974400000,0.00599,0.00602,0.00595,0.00596,232407.17
1785988800000,0.00596,0.00602,0.00595,0.00596,496753.15
1786003200000,0.00596,0.006,0.00595,0.00598,200865.18
1786017600000,0.00598,0.00602,0.00596,0.00601,391306.65
1786032000000,0.00601,0.00602,0.00594,0.00596,1144358.73
1786046400000,0.00596,0.00598,0.00594,0.00596,536144.92
1786060800000,0.00596,0.00599,0.00592,0.00593,318507.11
1786075200000,0.00593,0.00596,0.00592,0.00595,250447.79
1786089600000,0.00595,0.00597,0.00591,0.00594,413024.57
1786104000000,0.00594,0.00601,0.00594,0.00598,735554.57
1786118400000,0.00598,0.006,0.00594,0.00599,278309.51
1786132800000,0.00599,0.00601,0.00598,0.006,121648.57
1786147200000,0.006,0.00602,0.00597,0.00602,173367.46
1786161600000,0.00602,0.00604,0.00601,0.00602,60225.62
1786176000000,0.00602,0.00604,0.006,0.00601,237912.05
1786190400000,0.00601,0.00607,0.006,0.00605,135773.58
1786204800000,0.00605,0.00611,0.00603,0.00606,395037.81
1786219200000,0.00606,0.00613,0.00605,0.0061,501702.57
1786233600000,0.0061,0.00611,0.00608,0.00611,106649.27
1786248000000,0.00611,0.00612,0.00609,0.0061,247955.91
1786262400000,0.0061,0.00611,0.00606,0.00607,85647.27
1786276800000,0.00607,0.00611,0.00607,0.0061,108313.61
1786291200000,0.0061,0.00612,0.00607,0.0061,130616.28
1786305600000,0.0061,0.00613,0.00608,0.0061,197193.44
1786320000000,0.0061,0.00611,0.00608,0.00609,121081.79
1786334400000,0.00609,0.00611,0.00608,0.00609,72718.71
1786348800000,0.00609,0.00611,0.006,0.00608,761502.43
1786363200000,0.00608,0.00612,0.00601,0.00609,852048.44
1786377600000,0.00609,0.00612,0.00606,0.00608,337574.42
1786392000000,0.00608,0.0061,0.00605,0.00606,422923.45
1786406400000,0.00606,0.00616,0.00604,0.00611,2890984.73
1786420800000,0.00611,0.00614,0.00608,0.0061,1072359.38
