time,open,high,low,close,volume
1706745600000,0.6559,0.6584,0.6233,0.6289,2232273.3
1706760000000,0.6289,0.6305,0.5638,0.5775,13580719.9
1706774400000,0.5775,0.6287,0.5525,0.6037,13948811.4
1706788800000,0.6037,0.6214,0.5838,0.5928,9254355.6
1706803200000,0.5928,0.6018,0.5651,0.5795,9048358.1
1706817600000,0.5795,0.6048,0.5738,0.6023,5339726.5
1706832000000,0.6023,0.6148,0.5825,0.5887,5358644.7
1706846400000,0.5887,0.6068,0.5773,0.6066,5156200.3
1706860800000,0.6066,0.6388,0.5939,0.6212,11778066.8
1706875200000,0.6212,0.6377,0.6014,0.6331,8973605.6
1706889600000,0.6331,0.6477,0.6042,0.6125,7142814.8
1706904000000,0.6125,0.623,0.6073,0.6172,2609302.1
1706918400000,0.6172,0.6207,0.5708,0.581,6078280.6
1706932800000,0.581,0.5991,0.5765,0.5804,4364977.9
1706947200000,0.5804,0.5853,0.5713,0.5757,3694679.3
1706961600000,0.5757,0.5795,0.5621,0.5734,4322487.4
1706976000000,0.5734,0.5804,0.5684,0.5716,2742169.3
1706990400000,0.5716,0.5758,0.5641,0.565,2049605.4
1707004800000,0.565,0.5727,0.5535,0.5695,2604365.6
1707019200000,0.5695,0.5706,0.5405,0.5437,5220936.4
1707033600000,0.5437,0.5576,0.5328,0.5536,5583245.4
1707048000000,0.5536,0.5678,0.5523,0.5596,4023602.0
1707062400000,0.5596,0.5632,0.5384,0.5414,2543817.6
1707076800000,0.5414,0.5464,0.5237,0.5303,2861845.6
1707091200000,0.5303,0.5355,0.5205,0.5346,2777311.4
1707105600000,0.5346,0.5565,0.5321,0.5516,3244541.3
1707120000000,0.5516,0.5678,0.5434,0.5648,4646804.8
1707134400000,0.5648,0.5711,0.5378,0.5391,4494435.2
1707148800000,0.5391,0.5484,0.5358,0.5385,2266356.1
1707163200000,0.5385,0.5435,0.5249,0.5412,2989334.7
1707177600000,0.5412,0.5431,0.5253,0.5313,2653841.6
1707192000000,0.5313,0.5334,0.5226,0.5323,1728093.0
1707206400000,0.5323,0.5377,0.5115,0.5184,3390076.5
1707220800000,0.5184,0.5233,0.5052,0.5214,2999331.6
1707235200000,0.5214,0.5318,0.5131,0.5293,2762002.8
1707249600000,0.5293,0.5407,0.5212,0.5317,2550732.2
1707264000000,0.5317,0.5426,0.5268,0.528,2254028.6
1707278400000,0.528,0.5294,0.5125,0.5158,2406619.1
1707292800000,0.5158,0.555,0.5147,0.5534,3454262.0
1707307200000,0.5534,0.604,0.545,0.5864,12312784.0
1707321600000,0.5864,0.5947,0.5677,0.5746,5756823.7
1707336000000,0.5746,0.579,0.5506,0.5545,4150790.9
1707350400000,0.5545,0.5619,0.543,0.5527,3156561.9
1707364800000,0.5527,0.5581,0.5313,0.5455,4177844.1
1707379200000,0.5455,0.5549,0.5393,0.5419,3501895.1
1707393600000,0.5419,0.5453,0.5287,0.5431,5002242.8
1707408000000,0.5431,0.5431,0.5216,0.5273,4401505.8
1707422400000,0.5273,0.5304,0.501,0.5098,3352786.3
1707436800000,0.5098,0.5113,0.489,0.5021,6103029.5
1707451200000,0.5021,0.5081,0.4982,0.5031,3545063.9
1707465600000,0.5031,0.5063,0.4911,0.5063,5608934.9
1707480000000,0.5063,0.5186,0.4937,0.5011,7429230.4
1707494400000,0.5011,0.5067,0.4958,0.5028,3509171.6
1707508800000,0.5028,0.5274,0.5028,0.5097,4040941.7
1707523200000,0.5097,0.5266,0.5096,0.5263,2355303.6
1707537600000,0.5263,0.5266,0.5126,0.514,1489542.2
1707552000000,0.514,0.5178,0.4958,0.5058,3795473.1
1707566400000,0.5058,0.5164,0.5026,0.5079,1599130.0
1707580800000,0.5079,0.5149,0.5071,0.5112,1436102.5
1707595200000,0.5112,0.5141,0.5009,0.5045,1541305.6
1707609600000,0.5045,0.5107,0.5018,0.5087,1241111.4
1707624000000,0.5087,0.5156,0.508,0.5115,1434396.7
1707638400000,0.5115,0.5221,0.5058,0.5168,3517037.0
1707652800000,0.5168,0.523,0.5064,0.5112,2876549.7
1707667200000,0.5112,0.5156,0.5065,0.5144,2309234.1
1707681600000,0.5144,0.5178,0.5015,0.5067,2012743.9
1707696000000,0.5067,0.5132,0.4918,0.5002,2267951.3
1707710400000,0.5002,0.5011,0.4931,0.4998,1431337.4
1707724800000,0.4998,0.5027,0.4328,0.476,8549485.2
1707739200000,0.476,0.4932,0.4667,0.4893,4415020.3
1707753600000,0.4893,0.5081,0.4858,0.4998,3369111.8
1707768000000,0.4998,0.5091,0.4998,0.5062,1786022.7
1707782400000,0.5062,0.517,0.4881,0.4949,2405541.3
1707796800000,0.4949,0.5071,0.4939,0.5051,1714365.7
1707811200000,0.5051,0.5136,0.4965,0.5003,2791015.1
1707825600000,0.5003,0.5013,0.4718,0.4822,4467135.8
1707840000000,0.4822,0.4844,0.4727,0.4802,2679744.0
1707854400000,0.4802,0.4878,0.4766,0.4794,1492806.7
1707868800000,0.4794,0.4833,0.4705,0.4832,1706466.5
1707883200000,0.4832,0.4941,0.4782,0.4925,2468550.1
1707897600000,0.4925,0.5054,0.4891,0.5028,4543813.2
1707912000000,0.5028,0.5188,0.4982,0.509,7614333.6
1707926400000,0.509,0.5156,0.5006,0.5151,3214845.7
1707940800000,0.5151,0.535,0.5139,0.5291,5652290.1
1707955200000,0.5291,0.5401,0.5146,0.5343,3684734.3
1707969600000,0.5343,0.5391,0.5194,0.5373,3349806.5
1707984000000,0.5373,0.5619,0.5313,0.5457,5580092.8
1707998400000,0.5457,0.5497,0.5175,0.5219,4718660.9
1708012800000,0.5219,0.5266,0.5061,0.5246,4099880.4
1708027200000,0.5246,0.5259,0.5077,0.5168,1737102.7
1708041600000,0.5168,0.5292,0.5111,0.5286,1831088.5
1708056000000,0.5286,0.5321,0.5126,0.5133,2098177.8
1708070400000,0.5133,0.5243,0.5073,0.5202,2943737.3
1708084800000,0.5202,0.5351,0.491,0.5108,4943576.8
1708099200000,0.5108,0.5204,0.5033,0.5048,1788868.0
1708113600000,0.5048,0.5164,0.5038,0.5141,1085777.1
1708128000000,0.5141,0.5185,0.5031,0.513,1384768.5
1708142400000,0.513,0.5216,0.507,0.5185,1606866.8
1708156800000,0.5185,0.5218,0.5052,0.5097,1439117.6
1708171200000,0.5097,0.5105,0.4815,0.4974,2778239.4
1708185600000,0.4974,0.5031,0.493,0.5016,1458677.0
1708200000000,0.5016,0.5065,0.5002,0.5036,1109330.5
1708214400000,0.5036,0.5078,0.4982,0.5066,1364046.6
1708228800000,0.5066,0.5184,0.5054,0.5147,3241566.5
1708243200000,0.5147,0.5344,0.5128,0.5311,3722696.1
1708257600000,0.5311,0.5381,0.5209,0.537,3302524.2
1708272000000,0.537,0.5564,0.5334,0.542,4869842.6
1708286400000,0.542,0.5478,0.5325,0.5346,2199188.5
1708300800000,0.5346,0.5417,0.5286,0.5379,1947349.9
1708315200000,0.5379,0.5549,0.536,0.5504,3585889.1
1708329600000,0.5504,0.5528,0.5289,0.5389,3305136.9
1708344000000,0.5389,0.543,0.5287,0.5331,3602285.3
1708358400000,0.5331,0.5388,0.5218,0.528,2707375.5
1708372800000,0.528,0.5355,0.5247,0.5265,2150843.8
1708387200000,0.5265,0.5303,0.5123,0.5136,2919385.3
1708401600000,0.5136,0.5248,0.5101,0.5172,1953618.3
1708416000000,0.5172,0.5288,0.5102,0.5263,2579529.4
1708430400000,0.5263,0.5286,0.4563,0.4984,6290007.4
1708444800000,0.4984,0.4988,0.4828,0.4968,2719097.5
1708459200000,0.4968,0.5098,0.4938,0.5055,1368524.3
1708473600000,0.5055,0.5059,0.4912,0.4947,1335576.2
1708488000000,0.4947,0.4955,0.4819,0.4855,2069492.8
1708502400000,0.4855,0.4887,0.4675,0.4697,3843654.4
1708516800000,0.4697,0.4782,0.456,0.4688,2498851.1
1708531200000,0.4688,0.47,0.4537,0.4621,1580608.1
1708545600000,0.4621,0.4766,0.459,0.4748,1102063.6
1708560000000,0.4748,0.4749,0.4562,0.4657,1838786.8
1708574400000,0.4657,0.4811,0.4652,0.4788,2340977.8
1708588800000,0.4788,0.4874,0.476,0.4812,2452261.2
1708603200000,0.4812,0.4838,0.4667,0.4791,2325942.9
1708617600000,0.4791,0.485,0.4718,0.4792,1860088.9
1708632000000,0.4792,0.4851,0.4676,0.469,1437860.5
1708646400000,0.469,0.4756,0.4634,0.4713,1618194.8
1708660800000,0.4713,0.4779,0.4662,0.4735,1816505.6
1708675200000,0.4735,0.4801,0.4703,0.4773,1993881.4
1708689600000,0.4773,0.5044,0.4675,0.4939,9052819.8
1708704000000,0.4939,0.4991,0.4703,0.4946,5743655.2
1708718400000,0.4946,0.4964,0.473,0.4811,1413616.8
1708732800000,0.4811,0.4867,0.4711,0.4833,2195889.4
1708747200000,0.4833,0.5121,0.4815,0.5097,3985660.4
1708761600000,0.5097,0.5164,0.5025,0.5143,3601858.2
1708776000000,0.5143,0.5248,0.4891,0.4898,5851058.4
1708790400000,0.4898,0.4998,0.489,0.496,2440368.0
1708804800000,0.496,0.4976,0.4899,0.4911,1364180.8
1708819200000,0.4911,0.498,0.4862,0.4931,1366759.2
1708833600000,0.4931,0.4995,0.4909,0.4941,1501247.7
1708848000000,0.4941,0.4964,0.4909,0.4947,982477.3
1708862400000,0.4947,0.4977,0.4909,0.4934,1671069.0
1708876800000,0.4934,0.4972,0.4905,0.4965,1014100.8
1708891200000,0.4965,0.4991,0.4938,0.4973,828726.5
1708905600000,0.4973,0.4976,0.4879,0.4941,1008391.0
1708920000000,0.4941,0.4953,0.4891,0.4896,1415431.8
1708934400000,0.4896,0.492,0.4732,0.4788,2596643.9
1708948800000,0.4788,0.4921,0.4743,0.4919,1650855.8
1708963200000,0.4919,0.5077,0.4895,0.5076,2893485.9
1708977600000,0.5076,0.5083,0.4984,0.5027,1372944.6
1708992000000,0.5027,0.5186,0.499,0.5073,4298538.7
1709006400000,0.5073,0.534,0.507,0.5221,5094285.9
1709020800000,0.5221,0.5291,0.5169,0.524,2908127.2
1709035200000,0.524,0.524,0.4967,0.5002,2889125.7
1709049600000,0.5002,0.5066,0.4905,0.5031,3185664.5
1709064000000,0.5031,0.5071,0.4994,0.5041,1176072.9
1709078400000,0.5041,0.5097,0.4974,0.4996,1587321.9
1709092800000,0.4996,0.5132,0.4995,0.512,1456135.2
1709107200000,0.512,0.5425,0.5026,0.5121,6821524.1
1709121600000,0.5121,0.5214,0.5093,0.5133,3581369.9
1709136000000,0.5133,0.5265,0.4502,0.4902,8365230.4
1709150400000,0.4902,0.5108,0.4853,0.5106,2283129.3
1709164800000,0.5106,0.5503,0.5071,0.5469,6105553.3
1709179200000,0.5469,0.5658,0.5348,0.5505,7469732.9
1709193600000,0.5505,0.581,0.5475,0.5549,7239184.8
1709208000000,0.5549,0.593,0.5525,0.5738,7067420.2
1709222400000,0.5738,0.5773,0.5476,0.5651,4926723.3
1709236800000,0.5651,0.5691,0.5299,0.5469,2741397.5
1709251200000,0.5469,0.6312,0.5457,0.6228,9937617.4
1709265600000,0.6228,0.6389,0.5937,0.5962,6767200.5
1709280000000,0.5962,0.6304,0.5953,0.6299,4857813.3
1709294400000,0.6299,0.6464,0.6048,0.6102,7120860.3
1709308800000,0.6102,0.6199,0.604,0.6092,2731701.1
1709323200000,0.6092,0.62,0.6034,0.6151,1854913.6
1709337600000,0.6151,0.6249,0.5904,0.6037,3328015.6
1709352000000,0.6037,0.6085,0.5909,0.6022,2894285.6
1709366400000,0.6022,0.6089,0.5844,0.5916,3438469.9
1709380800000,0.5916,0.5972,0.5763,0.5821,2735910.9
1709395200000,0.5821,0.5977,0.5797,0.5977,2017454.5
1709409600000,0.5977,0.6032,0.5919,0.6026,3121676.5
1709424000000,0.6026,0.6279,0.593,0.6247,3216322.0
1709438400000,0.6247,0.6335,0.5411,0.5832,4906247.9
1709452800000,0.5832,0.6065,0.5731,0.5972,3244664.0
1709467200000,0.5972,0.6264,0.5909,0.6253,3499119.9
1709481600000,0.6253,0.6426,0.616,0.6292,3119097.4
1709496000000,0.6292,0.6439,0.6236,0.6325,1405488.4
1709510400000,0.6325,0.649,0.608,0.6093,3961875.6
1709524800000,0.6093,0.6174,0.6054,0.6119,2092633.4
1709539200000,0.6119,0.6239,0.5965,0.6057,3581816.8
1709553600000,0.6057,0.6146,0.5894,0.603,2426696.9
1709568000000,0.603,0.6046,0.567,0.5918,4173568.9
1709582400000,0.5918,0.5985,0.582,0.5898,1461910.0
1709596800000,0.5898,0.5942,0.5706,0.5784,2211037.1
1709611200000,0.5784,0.6074,0.5692,0.5875,4343792.5
1709625600000,0.5875,0.6064,0.5815,0.5998,1912036.8
1709640000000,0.5998,0.6313,0.5846,0.6124,5169535.3
1709654400000,0.6124,0.6239,0.47,0.5366,8584715.3
1709668800000,0.5366,0.5813,0.5239,0.5774,4270066.5
1709683200000,0.5774,0.5813,0.5354,0.5499,2114860.0
1709697600000,0.5499,0.5927,0.5483,0.5916,2292128.4
1709712000000,0.5916,0.5978,0.5748,0.5874,2017906.3
1709726400000,0.5874,0.589,0.5548,0.5719,2187287.8
1709740800000,0.5719,0.5817,0.5681,0.5755,1822116.5
1709755200000,0.5755,0.5939,0.573,0.5892,1259134.8
1709769600000,0.5892,0.6494,0.5858,0.6272,4400257.8
1709784000000,0.6272,0.692,0.6234,0.6662,7699860.0
1709798400000,0.6662,0.7165,0.6597,0.6949,6818469.4
1709812800000,0.6949,0.7754,0.6871,0.7361,13149937.9
1709827200000,0.7361,0.7735,0.7318,0.7729,5578571.6
1709841600000,0.7729,0.7847,0.7378,0.7435,4547089.1
1709856000000,0.7435,0.7707,0.7076,0.715,4185815.6
1709870400000,0.715,0.7223,0.7063,0.7166,1764702.9
1709884800000,0.7166,0.7366,0.7097,0.7359,2192966.6
1709899200000,0.7359,0.7678,0.6769,0.7158,5313773.4
1709913600000,0.7158,0.7536,0.7116,0.7346,3272092.3
1709928000000,0.7346,0.7367,0.7153,0.7198,884403.3
1709942400000,0.7198,0.737,0.7065,0.7199,1432257.5
1709956800000,0.7199,0.7701,0.7164,0.7663,3225288.2
1709971200000,0.7663,0.7906,0.7451,0.7544,3674601.3
1709985600000,0.7544,0.7878,0.7424,0.7715,3514749.7
1710000000000,0.7715,0.7746,0.7359,0.7387,2123366.1
1710014400000,0.7387,0.7499,0.7373,0.742,837545.0
1710028800000,0.742,0.7644,0.7374,0.7536,1731126.3
1710043200000,0.7536,0.7816,0.747,0.775,2739118.5
1710057600000,0.775,0.798,0.7532,0.7642,3907594.6
1710072000000,0.7642,0.8233,0.7461,0.772,7144919.8
1710086400000,0.772,0.8046,0.7703,0.8016,2511459.0
1710100800000,0.8016,0.8137,0.7589,0.7842,2360026.6
1710115200000,0.7842,0.7909,0.7357,0.7581,3456465.4
1710129600000,0.7581,0.7818,0.7439,0.7793,2428593.7
1710144000000,0.7793,0.785,0.7654,0.7696,2239372.8
1710158400000,0.7696,0.7717,0.7478,0.7494,2088732.5
1710172800000,0.7494,0.7563,0.7382,0.7483,1145570.1
1710187200000,0.7483,0.7684,0.7475,0.7661,746689.7
1710201600000,0.7661,0.8174,0.7603,0.7922,3222700.2
1710216000000,0.7922,0.8279,0.7814,0.793,3556352.9
1710230400000,0.793,0.8342,0.778,0.7945,3753127.7
1710244800000,0.7945,0.837,0.7863,0.8259,3820824.6
1710259200000,0.8259,0.8338,0.7611,0.8247,4037583.4
1710273600000,0.8247,0.8249,0.8041,0.8221,1017739.7
1710288000000,0.8221,0.8337,0.8049,0.8051,1486642.9
1710302400000,0.8051,0.8234,0.8005,0.8159,1146200.9
1710316800000,0.8159,0.8745,0.8157,0.8662,3353425.2
1710331200000,0.8662,0.8973,0.8334,0.8788,4832551.9
1710345600000,0.8788,0.9421,0.8667,0.9304,4571596.3
1710360000000,0.9304,0.95,0.9105,0.9192,2930461.4
1710374400000,0.9192,0.9579,0.9069,0.9469,2747086.8
1710388800000,0.9469,0.9853,0.9257,0.9506,3344944.0
1710403200000,0.9506,0.9854,0.9257,0.9521,2983364.5
1710417600000,0.9521,0.9564,0.9019,0.9118,3406604.4
1710432000000,0.9118,0.9418,0.8659,0.8816,2631577.0
1710446400000,0.8816,0.9524,0.8804,0.9464,1704255.1
1710460800000,0.9464,1.046,0.9139,0.9807,9144515.9
1710475200000,0.9807,1.0195,0.9456,0.9841,5198556.7
1710489600000,0.9841,0.9868,0.8744,0.9222,6362468.8
1710504000000,0.9222,1.1004,0.9079,1.0793,9720007.3
1710518400000,1.0793,1.1836,1.0544,1.1485,9672510.7
1710532800000,1.1485,1.2336,1.0954,1.2092,7209939.1
1710547200000,1.2092,1.3654,1.1845,1.3559,10778219.1
1710561600000,1.3559,1.5581,1.3306,1.4574,14232237.9
1710576000000,1.4574,1.5213,1.4414,1.4677,8961412.7
1710590400000,1.4677,1.4768,1.2719,1.3983,12364622.8
1710604800000,1.3983,1.4076,1.1508,1.2386,9071608.0
1710619200000,1.2386,1.3331,1.2231,1.3109,5810840.8
1710633600000,1.3109,1.4681,1.2956,1.3243,9279976.7
1710648000000,1.3243,1.3647,1.2741,1.2988,4326013.3
1710662400000,1.2988,1.433,1.2728,1.3599,5030963.4
1710676800000,1.3599,1.3936,1.2172,1.2845,5674543.5
1710691200000,1.2845,1.2983,1.2407,1.2766,3025276.2
1710705600000,1.2766,1.4371,1.2712,1.4272,4618196.4
1710720000000,1.4272,1.4604,1.3097,1.4257,4194348.9
1710734400000,1.4257,1.4268,1.3383,1.3614,2821340.6
1710748800000,1.3614,1.4413,1.3038,1.4255,4769481.8
1710763200000,1.4255,1.6054,1.4147,1.485,10279112.9
1710777600000,1.485,1.5188,1.3859,1.405,3479677.7
1710792000000,1.405,1.4688,1.3607,1.3716,2243351.5
1710806400000,1.3716,1.4158,1.2317,1.2772,5514245.4
1710820800000,1.2772,1.3121,1.1652,1.2411,4598553.1
1710835200000,1.2411,1.2413,1.1374,1.2063,4355365.8
1710849600000,1.2063,1.2493,1.1634,1.241,5368708.1
1710864000000,1.241,1.2881,1.2209,1.2513,3031927.1
1710878400000,1.2513,1.2572,1.1119,1.1359,2532912.4
1710892800000,1.1359,1.1784,1.1226,1.1271,2081283.1
1710907200000,1.1271,1.1781,1.0534,1.1703,3591708.4
1710921600000,1.1703,1.2107,1.1591,1.1797,2275238.3
1710936000000,1.1797,1.214,1.1475,1.1509,2892522.1
1710950400000,1.1509,1.2899,1.1164,1.2608,3309402.5
1710964800000,1.2608,1.3641,1.2535,1.3535,3010349.8
1710979200000,1.3535,1.436,1.3276,1.3442,3574215.7
1710993600000,1.3442,1.3632,1.2876,1.3279,2031937.2
1711008000000,1.3279,1.3521,1.2984,1.3023,1717030.0
1711022400000,1.3023,1.3156,1.2519,1.267,1988335.6
1711036800000,1.267,1.2893,1.2181,1.2274,2090704.9
1711051200000,1.2274,1.2565,1.215,1.2334,927022.8
1711065600000,1.2334,1.2488,1.204,1.2416,1067915.5
1711080000000,1.2416,1.2529,1.2233,1.2403,1166226.3
1711094400000,1.2403,1.2451,1.1817,1.1851,1156810.4
1711108800000,1.1851,1.2012,1.1427,1.1873,2060476.9
1711123200000,1.1873,1.2362,1.1646,1.2271,1132783.2
1711137600000,1.2271,1.2314,1.1719,1.228,1064742.7
1711152000000,1.228,1.2387,1.1867,1.1987,1051937.4
1711166400000,1.1987,1.2428,1.1917,1.2247,866215.1
1711180800000,1.2247,1.2337,1.2105,1.2181,940321.1
1711195200000,1.2181,1.2403,1.2009,1.2059,1553651.7
1711209600000,1.2059,1.2093,1.1832,1.1849,848176.6
1711224000000,1.1849,1.1864,1.1653,1.166,641633.6
1711238400000,1.166,1.2039,1.1588,1.1591,853343.3
1711252800000,1.1591,1.1695,1.1499,1.1597,782496.0
1711267200000,1.1597,1.1838,1.1558,1.1794,1090207.5
1711281600000,1.1794,1.1993,1.1772,1.1936,1023608.0
1711296000000,1.1936,1.2023,1.1608,1.1974,746227.7
1711310400000,1.1974,1.3217,1.1918,1.2938,2598117.4
1711324800000,1.2938,1.2967,1.2544,1.2675,1376329.7
1711339200000,1.2675,1.3064,1.2549,1.2702,1418727.0
1711353600000,1.2702,1.3558,1.2692,1.3103,2141314.3
1711368000000,1.3103,1.3486,1.2802,1.3327,2091736.6
1711382400000,1.3327,1.3636,1.3172,1.3493,1605395.2
1711396800000,1.3493,1.3682,1.3283,1.3398,1335665.6
1711411200000,1.3398,1.365,1.3219,1.3488,1122115.0
1711425600000,1.3488,1.3972,1.3468,1.3662,1299010.0
1711440000000,1.3662,1.3944,1.3558,1.3803,1300541.8
1711454400000,1.3803,1.4166,1.3295,1.3442,2359200.2
1711468800000,1.3442,1.3589,1.305,1.3232,1246822.6
1711483200000,1.3232,1.3596,1.3229,1.3428,636717.2
1711497600000,1.3428,1.3592,1.3296,1.3339,947577.3
1711512000000,1.3339,1.3407,1.2888,1.2923,885465.1
1711526400000,1.2923,1.3045,1.2578,1.2994,1267300.2
1711540800000,1.2994,1.3509,1.2572,1.2584,2591936.6
1711555200000,1.2584,1.291,1.2471,1.2712,937192.8
1711569600000,1.2712,1.3213,1.2701,1.3062,817595.2
1711584000000,1.3062,1.3293,1.2702,1.2804,1122373.9
1711598400000,1.2804,1.327,1.2779,1.317,881972.3
1711612800000,1.317,1.324,1.2624,1.2687,963648.7
1711627200000,1.2687,1.2981,1.2396,1.2769,1492349.1
1711641600000,1.2769,1.2784,1.2519,1.2697,776792.1
1711656000000,1.2697,1.3339,1.2678,1.3218,1080824.1
1711670400000,1.3218,1.3222,1.2901,1.2957,937600.5
1711684800000,1.2957,1.2998,1.2504,1.2532,838151.3
1711699200000,1.2532,1.2723,1.2424,1.2591,651965.4
1711713600000,1.2591,1.2954,1.2446,1.2544,1162779.5
1711728000000,1.2544,1.2718,1.2477,1.2718,687037.5
1711742400000,1.2718,1.4106,1.2674,1.3874,2318350.4
1711756800000,1.3874,1.4474,1.3623,1.4198,3116699.5
1711771200000,1.4198,1.5397,1.4122,1.5152,5241215.0
1711785600000,1.5152,1.5461,1.4604,1.545,3412815.1
1711800000000,1.545,1.5757,1.5017,1.5261,3295945.8
1711814400000,1.5261,1.5526,1.4947,1.5095,1841611.1
1711828800000,1.5095,1.5148,1.4766,1.4994,944549.5
1711843200000,1.4994,1.5375,1.4519,1.4686,1792548.4
1711857600000,1.4686,1.5079,1.4652,1.4998,1004013.5
1711872000000,1.4998,1.5063,1.4671,1.4685,792584.9
1711886400000,1.4685,1.5059,1.4674,1.4973,893429.7
1711900800000,1.4973,1.6527,1.4899,1.6526,2687097.9
1711915200000,1.6526,1.7891,1.609,1.743,3627339.3
1711929600000,1.743,1.8346,1.7229,1.8197,3261389.7
1711944000000,1.8197,1.8456,1.6993,1.8258,4047495.1
1711958400000,1.8258,1.8275,1.7353,1.7562,2956580.7
1711972800000,1.7562,1.7863,1.6251,1.6305,4170277.1
1711987200000,1.6305,1.6899,1.6255,1.6891,1983494.1
1712001600000,1.6891,1.692,1.6484,1.6632,1055159.7
1712016000000,1.6632,1.6918,1.5738,1.5895,4514616.6
1712030400000,1.5895,1.6775,1.5778,1.6319,3191251.9
1712044800000,1.6319,1.6514,1.5409,1.5596,2353717.9
1712059200000,1.5596,1.5948,1.5101,1.5302,2245666.4
1712073600000,1.5302,1.6479,1.5199,1.632,1896448.7
1712088000000,1.632,1.6467,1.5617,1.5688,960696.4
1712102400000,1.5688,1.645,1.5004,1.6385,1735978.3
1712116800000,1.6385,1.7074,1.6173,1.6841,1912148.6
1712131200000,1.6841,1.7122,1.6328,1.6569,1719122.0
1712145600000,1.6569,1.7361,1.6167,1.7213,2332717.9
1712160000000,1.7213,1.7217,1.6077,1.6213,1832221.3
1712174400000,1.6213,1.6241,1.5562,1.558,1190492.8
1712188800000,1.558,1.5926,1.5156,1.5176,1105059.4
1712203200000,1.5176,1.5486,1.5004,1.5279,334143.0
1712217600000,1.5279,1.5732,1.5215,1.5628,251679.9
1712232000000,1.5628,1.6298,1.5598,1.5811,477150.2
1712246400000,1.5811,1.6003,1.5041,1.5074,503302.6
1712260800000,1.5074,1.5097,1.4506,1.468,351806.2
1712275200000,1.468,1.4706,1.3848,1.3953,512791.8
1712289600000,1.3953,1.3978,1.3077,1.3367,763916.5
1712304000000,1.3367,1.3505,1.287,1.2899,660045.1
1712318400000,1.2899,1.4032,1.2863,1.3759,890361.3
1712332800000,1.3759,1.3808,1.3418,1.3536,295142.9
1712347200000,1.3536,1.3751,1.3377,1.3407,148504.1
1712361600000,1.3407,1.3751,1.3303,1.3641,296385.6
1712376000000,1.3641,1.3816,1.3458,1.3664,216173.6
1712390400000,1.3664,1.3993,1.3615,1.362,298118.2
1712404800000,1.362,1.3814,1.3402,1.3804,225091.8
1712419200000,1.3804,1.4027,1.3746,1.3923,192403.3
1712433600000,1.3923,1.4531,1.3827,1.4165,292322.0
1712448000000,1.4165,1.4785,1.3986,1.4324,403852.8
1712462400000,1.4324,1.4467,1.4121,1.417,185588.1
1712476800000,1.417,1.4403,1.41,1.4308,107146.9
1712491200000,1.4308,1.4355,1.4007,1.401,218624.0
1712505600000,1.401,1.4284,1.3791,1.3824,211534.1
1712520000000,1.3824,1.4024,1.3729,1.3955,90800.7
1712534400000,1.3955,1.408,1.3585,1.3709,141436.1
1712548800000,1.3709,1.4399,1.3675,1.4363,195672.2
1712563200000,1.4363,1.493,1.4269,1.461,566344.1
1712577600000,1.461,1.4682,1.4204,1.4379,351202.5
1712592000000,1.4379,1.4472,1.4235,1.4335,144968.0
1712606400000,1.4335,1.454,1.4261,1.4414,84545.5
1712620800000,1.4414,1.4715,1.4137,1.4203,257591.4
1712635200000,1.4203,1.428,1.3734,1.3813,304883.4
1712649600000,1.3813,1.3813,1.3533,1.3759,267941.7
1712664000000,1.3759,1.377,1.2926,1.3231,338770.2
1712678400000,1.3231,1.3978,1.3171,1.3558,343794.6
1712692800000,1.3558,1.3752,1.3238,1.3298,88038.9
1712707200000,1.3298,1.3484,1.2985,1.3186,170223.1
1712721600000,1.3186,1.3375,1.3131,1.3286,107517.6
1712736000000,1.3286,1.3289,1.2827,1.3008,147005.1
1712750400000,1.3008,1.3669,1.2396,1.3325,509325.4
1712764800000,1.3325,1.386,1.3262,1.3549,301630.8
1712779200000,1.3549,1.3858,1.3431,1.3511,118036.8
1712793600000,1.3511,1.3525,1.3303,1.3433,132075.9
1712808000000,1.3433,1.3789,1.3306,1.3652,144031.7
1712822400000,1.3652,1.3798,1.3127,1.3165,182857.0
1712836800000,1.3165,1.3584,1.2697,1.2819,410786.1
1712851200000,1.2819,1.2945,1.2567,1.2668,230826.5
1712865600000,1.2668,1.2753,1.2574,1.265,129734.9
1712880000000,1.265,1.2877,1.2622,1.2876,85984.9
1712894400000,1.2876,1.2997,1.2636,1.2686,121090.3
1712908800000,1.2686,1.269,1.2451,1.2507,174666.9
1712923200000,1.2507,1.2552,1.1879,1.2076,432761.8
1712937600000,1.2076,1.2117,0.84,1.01,1549122.3
1712952000000,1.01,1.0673,1.0047,1.0434,576280.9
1712966400000,1.0434,1.0685,0.98,1.0625,527076.6
1712980800000,1.0625,1.0931,1.0482,1.0702,419662.3
1712995200000,1.0702,1.0992,1.063,1.0801,286027.7
1713009600000,1.0801,1.1065,1.0537,1.0583,324315.7
1713024000000,1.0583,1.0671,0.8751,0.9049,1073977.3
1713038400000,0.9049,0.9921,0.7561,0.9685,1523556.5
1713052800000,0.9685,0.9751,0.9033,0.9356,443470.0
1713067200000,0.9356,1.0249,0.9263,1.021,549266.6
1713081600000,1.021,1.044,0.9757,0.9868,470146.3
1713096000000,0.9868,1.0198,0.9676,0.9913,584992.0
1713110400000,0.9913,1.0585,0.9536,1.0221,904406.4
1713124800000,1.0221,1.1129,0.9913,1.1016,579005.3
1713139200000,1.1016,1.1016,1.0286,1.0349,391881.9
1713153600000,1.0349,1.1331,1.0202,1.1102,458704.0
1713168000000,1.1102,1.1209,1.0791,1.0791,251054.1
1713182400000,1.0791,1.1005,1.0337,1.0556,536263.7
1713196800000,1.0556,1.0708,0.9716,1.0147,607849.9
1713211200000,1.0147,1.0262,0.9908,1.0024,218567.1
1713225600000,1.0024,1.0244,0.9673,0.976,284840.2
1713240000000,0.976,1.0058,0.9467,0.9927,320287.0
1713254400000,0.9927,0.9967,0.9364,0.9788,366219.2
1713268800000,0.9788,0.9788,0.9107,0.9108,525813.8
1713283200000,0.9108,0.9579,0.8989,0.9404,365277.2
1713297600000,0.9404,0.9792,0.9397,0.9688,195038.9
1713312000000,0.9688,0.9823,0.9532,0.9752,154280.5
1713326400000,0.9752,1.0144,0.9706,0.9871,318636.4
1713340800000,0.9871,0.9911,0.9443,0.9457,185766.5
1713355200000,0.9457,0.9606,0.9133,0.9285,471771.4
1713369600000,0.9285,0.9995,0.9149,0.9687,550387.3
1713384000000,0.9687,0.9775,0.9423,0.9459,259955.6
1713398400000,0.9459,0.9656,0.9162,0.9547,219745.8
1713412800000,0.9547,0.9626,0.912,0.9183,200010.0
1713427200000,0.9183,0.9702,0.9037,0.9545,355696.8
1713441600000,0.9545,1.0092,0.9312,1.0081,425264.3
1713456000000,1.0081,1.0237,0.973,1.0108,307063.1
1713470400000,1.0108,1.047,1.0033,1.0302,225221.1
1713484800000,1.0302,1.0308,0.9248,0.9872,593690.5
1713499200000,0.9872,1.0734,0.9846,1.0364,584055.3
1713513600000,1.0364,1.0659,1.0321,1.0505,364776.1
1713528000000,1.0505,1.0926,1.0358,1.0741,456721.6
1713542400000,1.0741,1.0951,1.0544,1.0745,236718.1
1713556800000,1.0745,1.0751,1.0314,1.0517,164733.5
1713571200000,1.0517,1.0678,1.0281,1.047,193135.8
1713585600000,1.047,1.0693,1.0431,1.063,140613.2
1713600000000,1.063,1.0642,1.0358,1.0546,107879.9
1713614400000,1.0546,1.1258,1.0515,1.1257,226758.5
1713628800000,1.1257,1.192,1.1198,1.1762,442770.3
1713643200000,1.1762,1.1876,1.1666,1.1848,110743.1
1713657600000,1.1848,1.2057,1.1547,1.1799,257925.7
1713672000000,1.1799,1.1877,1.1699,1.1829,148961.9
1713686400000,1.1829,1.2163,1.1709,1.193,253393.8
1713700800000,1.193,1.1953,1.1566,1.174,217618.8
1713715200000,1.174,1.1757,1.1242,1.1396,260490.7
1713729600000,1.1396,1.1679,1.1346,1.1541,88573.2
1713744000000,1.1541,1.1914,1.1501,1.1812,221767.5
1713758400000,1.1812,1.2224,1.1734,1.1829,314474.6
1713772800000,1.1829,1.1878,1.1579,1.1652,259610.5
1713787200000,1.1652,1.1811,1.1458,1.1615,228427.5
1713801600000,1.1615,1.1949,1.1546,1.1776,214505.9
1713816000000,1.1776,1.2171,1.1654,1.1907,147270.9
1713830400000,1.1907,1.2211,1.165,1.1651,253552.9
1713844800000,1.1651,1.1779,1.1434,1.1497,154638.1
1713859200000,1.1497,1.164,1.1416,1.1486,107646.2
1713873600000,1.1486,1.2093,1.1418,1.1856,282434.7
1713888000000,1.1856,1.206,1.1773,1.1834,248980.1
1713902400000,1.1834,1.1871,1.1567,1.1674,105673.9
1713916800000,1.1674,1.2043,1.1568,1.1819,179935.1
1713931200000,1.1819,1.217,1.1749,1.1891,254383.5
1713945600000,1.1891,1.2183,1.1743,1.2145,221091.0
1713960000000,1.2145,1.2301,1.1119,1.1168,646660.4
1713974400000,1.1168,1.1331,1.0882,1.11,384430.8
1713988800000,1.11,1.1166,1.0655,1.0768,173733.8
1714003200000,1.0768,1.0878,1.0474,1.0521,171488.7
1714017600000,1.0521,1.0625,1.0366,1.0445,173857.6
1714032000000,1.0445,1.0567,1.0192,1.0278,189158.1
1714046400000,1.0278,1.062,1.0092,1.0601,293625.7
1714060800000,1.0601,1.0778,1.051,1.061,212052.4
1714075200000,1.061,1.0753,1.0411,1.0418,119166.3
1714089600000,1.0418,1.0448,1.0003,1.0191,190779.6
1714104000000,1.0191,1.03,1.0102,1.0174,110369.5
1714118400000,1.0174,1.0274,1.0091,1.014,107194.1
1714132800000,1.014,1.0393,0.9914,1.0127,231885.2
1714147200000,1.0127,1.0235,1.0035,1.0143,83459.2
1714161600000,1.0143,1.0229,0.9864,0.9913,124303.8
1714176000000,0.9913,1.0029,0.9266,0.9682,286538.3
1714190400000,0.9682,0.9838,0.9662,0.9763,151486.9
1714204800000,0.9763,0.9933,0.9724,0.9803,116040.2
1714219200000,0.9803,1.016,0.9778,0.9847,234308.1
1714233600000,0.9847,1.0205,0.9822,1.0172,153932.2
1714248000000,1.0172,1.026,0.9998,1.0108,80813.8
1714262400000,1.0108,1.0562,1.0086,1.0451,248026.0
1714276800000,1.0451,1.0512,1.0333,1.0433,113562.6
1714291200000,1.0433,1.0456,1.0165,1.0193,85656.2
1714305600000,1.0193,1.0376,1.0157,1.0235,110423.5
1714320000000,1.0235,1.0436,1.0222,1.0276,127552.2
1714334400000,1.0276,1.0341,0.992,1.0004,175213.4
1714348800000,1.0004,1.0113,0.974,0.9755,176921.5
1714363200000,0.9755,0.9909,0.9626,0.9689,106413.0
1714377600000,0.9689,0.9796,0.9606,0.9728,64890.6
1714392000000,0.9728,0.9977,0.9663,0.9914,130981.2
1714406400000,0.9914,0.9944,0.9616,0.9744,153959.2
1714420800000,0.9744,1.0092,0.9647,0.9983,107738.1
1714435200000,0.9983,1.0193,0.9857,1.0087,193324.8
1714449600000,1.0087,1.0105,0.99,0.9972,92023.0
1714464000000,0.9972,1.0024,0.9242,0.9316,323734.1
1714478400000,0.9316,0.9357,0.8977,0.9055,342524.1
1714492800000,0.9055,0.9055,0.8736,0.8869,280361.4
1714507200000,0.8869,0.9332,0.8869,0.9212,157082.5
1714521600000,0.9212,0.9272,0.9,0.9147,146355.4
1714536000000,0.9147,0.9208,0.8629,0.8703,293686.0
1714550400000,0.8703,0.8957,0.8509,0.8955,271306.2
1714564800000,0.8955,0.9093,0.8711,0.8809,206426.4
1714579200000,0.8809,0.9822,0.8758,0.9318,596292.2
1714593600000,0.9318,0.9584,0.9238,0.9545,180451.7
1714608000000,0.9545,0.9597,0.9182,0.9277,125113.2
1714622400000,0.9277,0.9451,0.9141,0.9353,132084.4
1714636800000,0.9353,1.0144,0.9331,1.0067,340949.6
1714651200000,1.0067,1.0257,0.9805,1.0169,299976.7
1714665600000,1.0169,1.0262,0.995,1.0043,179752.0
1714680000000,1.0043,1.0386,0.9986,1.0163,122347.4
1714694400000,1.0163,1.0523,1.0092,1.0399,350852.8
1714708800000,1.0399,1.0495,1.0051,1.0074,147175.1
1714723200000,1.0074,1.0288,0.9991,1.0043,172821.8
1714737600000,1.0043,1.0752,1.0004,1.0462,422504.4
1714752000000,1.0462,1.0645,1.0386,1.0583,128092.5
1714766400000,1.0583,1.0822,1.0555,1.0658,111105.0
1714780800000,1.0658,1.0829,1.06,1.0724,136737.2
1714795200000,1.0724,1.0888,1.0617,1.0648,118745.6
1714809600000,1.0648,1.103,1.0637,1.0792,132671.2
1714824000000,1.0792,1.0918,1.0568,1.0634,130413.7
1714838400000,1.0634,1.0816,1.0561,1.0786,89080.4
1714852800000,1.0786,1.0866,1.0673,1.069,70771.5
1714867200000,1.069,1.0789,1.0286,1.0438,190726.7
1714881600000,1.0438,1.0555,1.0397,1.0506,67987.9
1714896000000,1.0506,1.0653,1.045,1.0586,112693.9
1714910400000,1.0586,1.0781,1.0466,1.0709,123472.7
1714924800000,1.0709,1.0783,1.0543,1.0647,92217.1
1714939200000,1.0647,1.0688,1.0503,1.0681,94337.8
1714953600000,1.0681,1.1139,1.0676,1.0997,204416.6
1714968000000,1.0997,1.1424,1.0881,1.1355,211234.6
1714982400000,1.1355,1.1882,1.1315,1.1538,413429.8
1714996800000,1.1538,1.1591,1.1026,1.1388,397293.9
1715011200000,1.1388,1.1423,1.0985,1.1131,186066.8
1715025600000,1.1131,1.1425,1.1101,1.1224,93680.7
1715040000000,1.1224,1.1782,1.1162,1.1361,223626.5
1715054400000,1.1361,1.1574,1.1262,1.1448,166591.4
1715068800000,1.1448,1.1802,1.1318,1.1328,176264.2
1715083200000,1.1328,1.1691,1.1242,1.1395,190759.5
1715097600000,1.1395,1.1524,1.1221,1.1321,114148.9
1715112000000,1.1321,1.1403,1.0967,1.0967,121891.6
1715126400000,1.0967,1.1068,1.0828,1.1003,117740.7
1715140800000,1.1003,1.1025,1.0681,1.0693,123061.8
1715155200000,1.0693,1.0803,1.055,1.0595,123733.7
1715169600000,1.0595,1.087,1.0466,1.0575,235290.6
1715184000000,1.0575,1.0805,1.0431,1.0469,117469.2
1715198400000,1.0469,1.052,1.0127,1.0342,218411.8
1715212800000,1.0342,1.0608,1.0238,1.0517,108925.0
1715227200000,1.0517,1.0707,1.0401,1.0446,109121.4
1715241600000,1.0446,1.0497,1.0095,1.0224,197810.2
1715256000000,1.0224,1.0544,1.0094,1.0482,200976.4
1715270400000,1.0482,1.0897,1.0418,1.0879,171929.0
1715284800000,1.0879,1.1078,1.0735,1.1,156282.2
1715299200000,1.1,1.1137,1.0877,1.1082,96487.0
1715313600000,1.1082,1.126,1.1001,1.1143,137444.8
1715328000000,1.1143,1.1205,1.1028,1.1203,78123.1
1715342400000,1.1203,1.1222,1.0357,1.0438,348585.5
1715356800000,1.0438,1.0566,1.028,1.0444,221826.2
1715371200000,1.0444,1.0513,1.0304,1.0409,61229.7
1715385600000,1.0409,1.0698,1.0342,1.0379,160796.2
1715400000000,1.0379,1.0562,1.0345,1.0506,57879.6
1715414400000,1.0506,1.0538,1.0253,1.0319,87458.6
1715428800000,1.0319,1.0718,1.0319,1.0586,127203.8
1715443200000,1.0586,1.0784,1.0565,1.0694,100198.9
1715457600000,1.0694,1.071,1.0536,1.0569,61501.8
1715472000000,1.0569,1.0738,1.0555,1.0677,45474.6
1715486400000,1.0677,1.0844,1.0534,1.0561,78483.2
1715500800000,1.0561,1.0776,1.0534,1.0681,66786.4
1715515200000,1.0681,1.0839,1.0597,1.0732,84204.7
1715529600000,1.0732,1.0888,1.0655,1.0713,77552.2
1715544000000,1.0713,1.0718,1.0487,1.0564,61994.3
1715558400000,1.0564,1.0801,1.0023,1.0192,236335.0
1715572800000,1.0192,1.0504,1.002,1.0489,158948.6
1715587200000,1.0489,1.0869,1.0479,1.082,256774.8
1715601600000,1.082,1.0994,1.0718,1.0894,210827.8
1715616000000,1.0894,1.1153,1.0628,1.0817,275781.8
1715630400000,1.0817,1.0855,1.0624,1.0679,83165.2
1715644800000,1.0679,1.0764,1.055,1.0579,99975.9
1715659200000,1.0579,1.0869,1.0451,1.0632,146757.5
1715673600000,1.0632,1.0732,1.0505,1.07,125709.7
1715688000000,1.07,1.0873,1.0264,1.0315,316794.4
1715702400000,1.0315,1.0327,1.0116,1.0217,168626.2
1715716800000,1.0217,1.0243,1.0062,1.0097,102337.1
1715731200000,1.0097,1.0424,1.0008,1.0374,101543.1
1715745600000,1.0374,1.0449,1.0302,1.0369,115641.0
1715760000000,1.0369,1.0459,1.017,1.0274,149188.5
1715774400000,1.0274,1.1185,1.0247,1.096,428713.0
1715788800000,1.096,1.1492,1.0869,1.1491,290010.3
1715803200000,1.1491,1.1578,1.137,1.1509,185556.1
1715817600000,1.1509,1.1778,1.1273,1.1606,496844.1
1715832000000,1.1606,1.1827,1.1467,1.1667,228623.5
1715846400000,1.1667,1.1876,1.1591,1.1714,310666.8
1715860800000,1.1714,1.1716,1.1172,1.1446,310515.2
1715875200000,1.1446,1.1495,1.1143,1.1303,160476.8
1715889600000,1.1303,1.1407,1.1203,1.1361,53381.4
1715904000000,1.1361,1.1671,1.1355,1.1619,146072.4
1715918400000,1.1619,1.2342,1.1516,1.2314,277088.0
1715932800000,1.2314,1.2392,1.2135,1.2158,248043.2
1715947200000,1.2158,1.2337,1.1966,1.2244,241492.9
1715961600000,1.2244,1.2787,1.1858,1.2161,348003.2
1715976000000,1.2161,1.2231,1.2052,1.2195,59410.8
1715990400000,1.2195,1.3097,1.2161,1.2999,406703.6
1716004800000,1.2999,1.302,1.2602,1.2688,234257.8
1716019200000,1.2688,1.3209,1.2685,1.2755,485856.2
1716033600000,1.2755,1.2774,1.2257,1.2261,319383.6
1716048000000,1.2261,1.2354,1.2165,1.2351,173131.1
1716062400000,1.2351,1.2516,1.2314,1.2357,116390.2
1716076800000,1.2357,1.2578,1.234,1.2476,88608.2
1716091200000,1.2476,1.2495,1.2257,1.2416,86342.9
1716105600000,1.2416,1.2447,1.2069,1.213,112984.4
1716120000000,1.213,1.2139,1.1619,1.1766,241742.2
1716134400000,1.1766,1.1954,1.1658,1.1689,136860.4
1716148800000,1.1689,1.1859,1.1653,1.1696,72384.8
1716163200000,1.1696,1.1883,1.1418,1.1744,245257.9
1716177600000,1.1744,1.2301,1.1714,1.2127,405447.1
1716192000000,1.2127,1.2237,1.1977,1.2079,131485.7
1716206400000,1.2079,1.2281,1.189,1.221,136556.4
1716220800000,1.221,1.2885,1.2103,1.2808,412475.8
1716235200000,1.2808,1.2858,1.2297,1.2647,366306.5
1716249600000,1.2647,1.2843,1.2203,1.2227,306048.3
1716264000000,1.2227,1.2319,1.2025,1.2105,192775.3
1716278400000,1.2105,1.2262,1.1988,1.1988,184597.1
1716292800000,1.1988,1.2133,1.1716,1.1771,324424.9
1716307200000,1.1771,1.2033,1.1662,1.1788,197796.9
1716321600000,1.1788,1.2115,1.1781,1.2102,132606.3
1716336000000,1.2102,1.2248,1.1938,1.2088,149194.0
1716350400000,1.2088,1.2392,1.1752,1.2189,221279.1
1716364800000,1.2189,1.2228,1.1942,1.1948,198059.2
1716379200000,1.1948,1.2233,1.1685,1.2179,243099.4
1716393600000,1.2179,1.2321,1.1942,1.2007,182956.7
1716408000000,1.2007,1.2179,1.1856,1.1932,113655.2
1716422400000,1.1932,1.2093,1.1803,1.2035,103073.8
1716436800000,1.2035,1.2035,1.1858,1.1973,72907.7
1716451200000,1.1973,1.2013,1.1718,1.1885,108221.8
1716465600000,1.1885,1.1966,1.0853,1.141,438285.3
1716480000000,1.141,1.155,1.1249,1.13,127901.3
1716494400000,1.13,1.1943,1.0941,1.1796,338688.1
1716508800000,1.1796,1.1814,1.1441,1.1458,92590.5
1716523200000,1.1458,1.146,1.0989,1.107,177544.7
1716537600000,1.107,1.1159,1.085,1.1145,132211.7
1716552000000,1.1145,1.1306,1.108,1.1217,169098.9
1716566400000,1.1217,1.1415,1.102,1.1305,90316.6
1716580800000,1.1305,1.1361,1.1251,1.1334,42551.3
1716595200000,1.1334,1.154,1.1251,1.1505,76127.7
1716609600000,1.1505,1.163,1.1499,1.1539,108046.9
1716624000000,1.1539,1.1733,1.1496,1.1595,116345.7
1716638400000,1.1595,1.166,1.1421,1.1569,109549.8
1716652800000,1.1569,1.1607,1.1523,1.1574,41704.9
1716667200000,1.1574,1.1689,1.1511,1.1671,31250.4
1716681600000,1.1671,1.1786,1.1476,1.1576,64248.3
1716696000000,1.1576,1.1587,1.1334,1.1388,84798.0
1716710400000,1.1388,1.1416,1.1119,1.127,108006.3
1716724800000,1.127,1.1383,1.1166,1.1208,122257.1
1716739200000,1.1208,1.1237,1.1074,1.1154,72286.3
1716753600000,1.1154,1.1268,1.0991,1.1144,57747.5
1716768000000,1.1144,1.146,1.1121,1.1343,114316.7
1716782400000,1.1343,1.1375,1.1155,1.1253,83600.0
1716796800000,1.1253,1.146,1.1226,1.1411,100494.8
1716811200000,1.1411,1.1745,1.1356,1.1743,172328.1
1716825600000,1.1743,1.1938,1.1473,1.1574,202750.8
1716840000000,1.1574,1.1841,1.1565,1.1747,84568.5
1716854400000,1.1747,1.1965,1.1334,1.1447,197361.1
1716868800000,1.1447,1.1466,1.1212,1.1367,122821.5
1716883200000,1.1367,1.1719,1.1334,1.1658,140782.3
1716897600000,1.1658,1.1876,1.147,1.1619,252002.6
1716912000000,1.1619,1.1738,1.141,1.171,116431.1
1716926400000,1.171,1.1791,1.1535,1.1555,96821.4
1716940800000,1.1555,1.1891,1.1459,1.1844,120381.4
1716955200000,1.1844,1.2178,1.181,1.1866,239767.3
1716969600000,1.1866,1.191,1.1513,1.1588,222676.8
1716984000000,1.1588,1.1692,1.1477,1.1503,184801.5
1716998400000,1.1503,1.176,1.1387,1.1463,166793.1
1717012800000,1.1463,1.151,1.1342,1.1394,72167.7
1717027200000,1.1394,1.1553,1.1335,1.1487,98215.7
1717041600000,1.1487,1.1539,1.0817,1.0892,210594.8
1717056000000,1.0892,1.1136,1.0743,1.1045,140027.0
1717070400000,1.1045,1.1354,1.1045,1.1201,133756.6
1717084800000,1.1201,1.1463,1.1182,1.1208,112445.5
1717099200000,1.1208,1.1208,1.0974,1.1001,74526.7
1717113600000,1.1001,1.1101,1.0895,1.1058,58925.2
1717128000000,1.1058,1.1107,1.087,1.1022,86514.5
1717142400000,1.1022,1.1169,1.0933,1.1157,72341.6
1717156800000,1.1157,1.1328,1.0894,1.0897,117067.5
1717171200000,1.0897,1.1069,1.0775,1.1028,114606.8
1717185600000,1.1028,1.1088,1.0932,1.0952,35962.7
1717200000000,1.0952,1.1065,1.0921,1.1023,35684.4
1717214400000,1.1023,1.1047,1.0939,1.0951,46780.7
1717228800000,1.0951,1.0993,1.0893,1.0907,37658.0
1717243200000,1.0907,1.1015,1.0879,1.0979,56827.9
1717257600000,1.0979,1.1006,1.0925,1.0969,42328.9
1717272000000,1.0969,1.1065,1.0943,1.0977,45133.9
1717286400000,1.0977,1.1032,1.0865,1.0905,56065.3
1717300800000,1.0905,1.0927,1.081,1.0817,76770.4
1717315200000,1.0817,1.0943,1.0783,1.0939,109299.7
1717329600000,1.0939,1.0986,1.0865,1.0906,89724.2
1717344000000,1.0906,1.0938,1.0545,1.0664,152707.7
1717358400000,1.0664,1.0689,1.0531,1.0648,54268.7
1717372800000,1.0648,1.0861,1.0557,1.0793,57948.1
1717387200000,1.0793,1.099,1.0672,1.0959,83178.3
1717401600000,1.0959,1.1076,1.0896,1.095,96831.4
1717416000000,1.095,1.1173,1.0828,1.0992,127319.7
1717430400000,1.0992,1.1032,1.0804,1.1029,73544.3
1717444800000,1.1029,1.1056,1.087,1.0911,38195.1
1717459200000,1.0911,1.107,1.0887,1.1025,46293.1
1717473600000,1.1025,1.1067,1.0872,1.0893,61971.8
1717488000000,1.0893,1.098,1.0775,1.0858,73041.4
1717502400000,1.0858,1.1188,1.0837,1.1187,111686.0
1717516800000,1.1187,1.1361,1.1151,1.1271,145373.8
1717531200000,1.1271,1.1482,1.1192,1.1464,60425.7
1717545600000,1.1464,1.1834,1.143,1.1629,225301.6
1717560000000,1.1629,1.1782,1.1601,1.1673,139133.2
1717574400000,1.1673,1.1694,1.1477,1.1539,126670.0
1717588800000,1.1539,1.1776,1.1407,1.1697,144165.2
1717603200000,1.1697,1.1769,1.1514,1.1582,97141.0
1717617600000,1.1582,1.1621,1.1546,1.1588,25069.3
1717632000000,1.1588,1.1677,1.1546,1.1556,55278.2
1717646400000,1.1556,1.157,1.1259,1.1383,106430.7
1717660800000,1.1383,1.1448,1.1275,1.1372,169746.4
1717675200000,1.1372,1.1427,1.1317,1.1336,53286.2
1717689600000,1.1336,1.1346,1.1062,1.1077,58207.4
1717704000000,1.1077,1.1219,1.1003,1.1171,41748.9
1717718400000,1.1171,1.1243,1.1027,1.1117,92585.9
1717732800000,1.1117,1.1233,1.1112,1.1187,46773.4
1717747200000,1.1187,1.1256,1.1113,1.1235,43234.6
1717761600000,1.1235,1.1284,1.0937,1.1111,138996.0
1717776000000,1.1111,1.1153,0.9372,1.0303,689470.8
1717790400000,1.0303,1.039,1.0211,1.0324,80034.3
1717804800000,1.0324,1.0432,1.0267,1.0306,62575.9
1717819200000,1.0306,1.0306,1.017,1.0284,66986.8
1717833600000,1.0284,1.0291,0.99,0.9953,95215.7
1717848000000,0.9953,1.0055,0.9735,0.9922,172200.2
1717862400000,0.9922,0.9965,0.9762,0.9857,70877.1
1717876800000,0.9857,0.991,0.9723,0.9733,50712.0
1717891200000,0.9733,0.9818,0.9585,0.9668,85522.9
1717905600000,0.9668,0.9846,0.961,0.9817,43065.1
1717920000000,0.9817,0.9923,0.9795,0.9909,45105.3
1717934400000,0.9909,1.0125,0.9885,1.0088,87870.3
1717948800000,1.0088,1.0205,1.0052,1.0164,45721.5
1717963200000,1.0164,1.0172,1.0064,1.01,27338.2
1717977600000,1.01,1.0128,0.9944,0.9988,40324.3
1717992000000,0.9988,1.0049,0.9708,0.9715,89101.0
1718006400000,0.9715,0.9952,0.9714,0.9852,72440.9
1718020800000,0.9852,1.0155,0.974,1.0079,97695.7
1718035200000,1.0079,1.0103,0.9836,0.9844,83044.3
1718049600000,0.9844,0.986,0.9635,0.9697,70294.1
1718064000000,0.9697,0.976,0.9392,0.946,150527.2
1718078400000,0.946,0.947,0.9247,0.941,141886.8
1718092800000,0.941,0.955,0.9377,0.9465,89563.8
1718107200000,0.9465,0.952,0.9013,0.9101,172246.7
1718121600000,0.9101,0.9313,0.8962,0.9277,157391.9
1718136000000,0.9277,0.9327,0.9232,0.9267,43918.4
1718150400000,0.9267,0.9329,0.9,0.9323,110378.8
1718164800000,0.9323,0.9457,0.9312,0.9391,54555.9
1718179200000,0.9391,0.9545,0.9327,0.9386,95434.6
1718193600000,0.9386,1.0113,0.9371,0.9962,347561.3
1718208000000,0.9962,1.0015,0.943,0.9547,223921.6
1718222400000,0.9547,0.9728,0.9503,0.9698,49750.5
1718236800000,0.9698,0.9711,0.9179,0.9292,191356.4
1718251200000,0.9292,0.9415,0.9263,0.9352,68483.8
1718265600000,0.9352,0.9389,0.9207,0.9235,67790.9
1718280000000,0.9235,0.9473,0.9041,0.9076,236813.4
1718294400000,0.9076,0.9249,0.9018,0.9132,93283.5
1718308800000,0.9132,0.9178,0.9001,0.9039,55976.4
1718323200000,0.9039,0.9139,0.8917,0.9031,97693.3
1718337600000,0.9031,0.9137,0.8986,0.9068,62166.7
1718352000000,0.9068,0.9188,0.9042,0.9143,63693.1
1718366400000,0.9143,0.926,0.8831,0.8878,171972.2
1718380800000,0.8878,0.8901,0.8236,0.8499,349292.0
1718395200000,0.8499,0.876,0.8492,0.8678,58831.3
1718409600000,0.8678,0.8797,0.8662,0.8796,39678.7
1718424000000,0.8796,0.8876,0.8724,0.878,32100.0
1718438400000,0.878,0.8833,0.8724,0.88,31749.7
1718452800000,0.88,0.8877,0.8768,0.8807,30917.8
1718467200000,0.8807,0.8849,0.8622,0.8671,72255.9
1718481600000,0.8671,0.872,0.8596,0.8701,29404.7
1718496000000,0.8701,0.8719,0.8524,0.8548,36151.0
1718510400000,0.8548,0.8677,0.8484,0.8646,29169.3
1718524800000,0.8646,0.8766,0.8605,0.8706,33125.4
1718539200000,0.8706,0.9043,0.8699,0.9024,85839.5
1718553600000,0.9024,0.9128,0.8964,0.9125,115407.0
1718568000000,0.9125,0.9298,0.9077,0.9273,84816.6
1718582400000,0.9273,0.9361,0.9018,0.906,96358.9
1718596800000,0.906,0.9209,0.8846,0.8902,149624.2
1718611200000,0.8902,0.8936,0.8519,0.8563,188924.3
1718625600000,0.8563,0.8631,0.8393,0.8446,113563.5
1718640000000,0.8446,0.8905,0.822,0.8771,234187.9
1718654400000,0.8771,0.8779,0.8541,0.8561,81717.0
1718668800000,0.8561,0.8617,0.7088,0.7775,601320.2
1718683200000,0.7775,0.7967,0.7708,0.781,135632.8
1718697600000,0.781,0.7845,0.7292,0.7496,389023.3
1718712000000,0.7496,0.7528,0.7046,0.7389,353501.5
1718726400000,0.7389,0.7409,0.7057,0.7197,193579.3
1718740800000,0.7197,0.7528,0.7129,0.7397,165461.3
1718755200000,0.7397,0.7734,0.7262,0.7634,202504.6
1718769600000,0.7634,0.7754,0.7533,0.755,139135.3
1718784000000,0.755,0.7571,0.7227,0.7291,156854.3
1718798400000,0.7291,0.7737,0.7092,0.7544,296967.0
1718812800000,0.7544,0.7996,0.7471,0.7753,388013.2
1718827200000,0.7753,0.7834,0.7635,0.7732,91904.0
1718841600000,0.7732,0.795,0.7652,0.7679,144393.8
1718856000000,0.7679,0.7973,0.7556,0.7911,180735.0
1718870400000,0.7911,0.8339,0.7842,0.8142,237203.9
1718884800000,0.8142,0.8216,0.7653,0.7685,276305.6
1718899200000,0.7685,0.7882,0.7571,0.779,131312.6
1718913600000,0.779,0.7849,0.7656,0.7667,76168.0
1718928000000,0.7667,0.7897,0.7513,0.7643,102317.8
1718942400000,0.7643,0.7733,0.7448,0.7493,79739.4
1718956800000,0.7493,0.7688,0.7312,0.7561,146003.9
1718971200000,0.7561,0.7751,0.7434,0.7562,132214.4
1718985600000,0.7562,0.7664,0.7368,0.7595,90284.1
1719000000000,0.7595,0.7734,0.7543,0.7656,80249.0
1719014400000,0.7656,0.7846,0.7556,0.7723,93666.7
1719028800000,0.7723,0.7915,0.7697,0.7824,72375.6
1719043200000,0.7824,0.7881,0.7722,0.7852,81058.5
1719057600000,0.7852,0.7913,0.7801,0.7837,82400.1
1719072000000,0.7837,0.7885,0.7769,0.7811,48232.9
1719086400000,0.7811,0.7817,0.7703,0.7753,41729.6
1719100800000,0.7753,0.7873,0.7736,0.783,44379.1
1719115200000,0.783,0.7847,0.7742,0.7777,43745.7
1719129600000,0.7777,0.7849,0.7691,0.7723,31596.0
1719144000000,0.7723,0.7848,0.7543,0.7579,79712.2
1719158400000,0.7579,0.7598,0.7435,0.7508,97224.6
1719172800000,0.7508,0.7509,0.7327,0.7355,72123.3
1719187200000,0.7355,0.7463,0.7211,0.7287,95327.7
1719201600000,0.7287,0.7324,0.7044,0.7167,195071.7
1719216000000,0.7167,0.7292,0.6806,0.7201,275184.0
1719230400000,0.7201,0.7428,0.7185,0.7255,153159.0
1719244800000,0.7255,0.7475,0.7219,0.7307,191972.8
1719259200000,0.7307,0.7743,0.723,0.7692,196216.3
1719273600000,0.7692,0.7934,0.7567,0.787,292142.6
1719288000000,0.787,0.7944,0.7768,0.7772,125225.9
1719302400000,0.7772,0.805,0.7691,0.7967,177228.9
1719316800000,0.7967,0.8312,0.7938,0.8245,279907.0
1719331200000,0.8245,0.8262,0.8093,0.8195,159132.8
1719345600000,0.8195,0.8209,0.8022,0.807,53507.8
1719360000000,0.807,0.8247,0.7993,0.8102,108436.3
1719374400000,0.8102,0.8133,0.7924,0.8003,94374.5
1719388800000,0.8003,0.802,0.7831,0.7905,83617.5
1719403200000,0.7905,0.8128,0.7843,0.7889,110783.5
1719417600000,0.7889,0.7942,0.771,0.7897,88459.7
1719432000000,0.7897,0.7988,0.7807,0.7829,38972.7
1719446400000,0.7829,0.7857,0.7736,0.7811,66200.6
1719460800000,0.7811,0.7841,0.7668,0.7703,76875.6
1719475200000,0.7703,0.7997,0.7683,0.7947,90536.0
1719489600000,0.7947,0.8904,0.7889,0.8601,690777.6
1719504000000,0.8601,0.8687,0.8304,0.8533,291018.6
1719518400000,0.8533,0.8619,0.8508,0.8554,89734.6
1719532800000,0.8554,0.8687,0.8397,0.8493,130521.3
1719547200000,0.8493,0.8497,0.8251,0.8316,91605.0
1719561600000,0.8316,0.8357,0.8278,0.8311,66255.8
1719576000000,0.8311,0.8422,0.8047,0.8211,228196.7
1719590400000,0.8211,0.8251,0.7967,0.7994,149799.6
1719604800000,0.7994,0.8045,0.7867,0.791,52167.9
1719619200000,0.791,0.8144,0.7894,0.8094,76413.0
1719633600000,0.8094,0.8156,0.7972,0.8104,77560.1
1719648000000,0.8104,0.8197,0.8082,0.8162,59485.5
1719662400000,0.8162,0.8188,0.8048,0.8149,46574.3
1719676800000,0.8149,0.8156,0.8004,0.8054,39755.0
1719691200000,0.8054,0.8078,0.7894,0.7956,47875.1
1719705600000,0.7956,0.8027,0.7813,0.7857,88246.0
1719720000000,0.7857,0.8028,0.7749,0.7964,86461.5
1719734400000,0.7964,0.8055,0.792,0.7984,73198.2
1719748800000,0.7984,0.8163,0.7937,0.8146,71612.1
1719763200000,0.8146,0.8221,0.8076,0.817,104097.3
1719777600000,0.817,0.828,0.8058,0.8193,111061.3
1719792000000,0.8193,0.8384,0.8179,0.832,129899.7
1719806400000,0.832,0.8362,0.8278,0.8324,83585.6
1719820800000,0.8324,0.8391,0.8147,0.8166,167594.9
1719835200000,0.8166,0.8366,0.8162,0.8366,101350.9
1719849600000,0.8366,0.8503,0.8348,0.8496,116039.1
1719864000000,0.8496,0.8604,0.8429,0.8488,75492.5
1719878400000,0.8488,0.8717,0.8401,0.8631,104996.3
1719892800000,0.8631,0.8712,0.8442,0.8555,112626.9
1719907200000,0.8555,0.8601,0.8485,0.8594,87961.7
1719921600000,0.8594,0.8826,0.842,0.8449,239751.8
1719936000000,0.8449,0.8807,0.8344,0.8698,182754.9
1719950400000,0.8698,0.8895,0.8671,0.8852,110190.4
1719964800000,0.8852,0.8919,0.845,0.8538,209900.9
1719979200000,0.8538,0.8539,0.8219,0.8251,167353.5
1719993600000,0.8251,0.8287,0.7913,0.8034,222696.8
1720008000000,0.8034,0.813,0.7831,0.7934,252629.0
1720022400000,0.7934,0.804,0.7731,0.7798,138044.6
1720036800000,0.7798,0.7841,0.7732,0.7769,144808.8
1720051200000,0.7769,0.795,0.7369,0.764,243911.6
1720065600000,0.764,0.99,0.7424,0.7928,1221392.3
1720080000000,0.7928,0.8038,0.7549,0.7598,812182.7
1720094400000,0.7598,0.7675,0.7198,0.7649,486594.7
1720108800000,0.7649,0.7989,0.7609,0.7835,306520.5
1720123200000,0.7835,0.7902,0.7246,0.7276,254789.0
1720137600000,0.7276,0.7292,0.6378,0.6515,838547.4
1720152000000,0.6515,0.6878,0.6329,0.6775,461680.8
1720166400000,0.6775,0.7147,0.6537,0.7092,386223.7
1720180800000,0.7092,0.7519,0.6991,0.7501,516193.3
1720195200000,0.7501,0.761,0.7329,0.7377,254353.0
1720209600000,0.7377,0.7455,0.7328,0.7412,118344.9
1720224000000,0.7412,0.7705,0.7255,0.7425,242555.0
1720238400000,0.7425,0.758,0.7369,0.755,120679.7
1720252800000,0.755,0.7734,0.7457,0.7544,173941.3
1720267200000,0.7544,0.776,0.7456,0.7708,243136.0
1720281600000,0.7708,0.7956,0.7662,0.791,171212.4
1720296000000,0.791,0.8044,0.7893,0.7987,137315.8
1720310400000,0.7987,0.7993,0.7732,0.7801,232164.1
1720324800000,0.7801,0.7808,0.7496,0.7569,250698.7
1720339200000,0.7569,0.7696,0.755,0.7641,94367.1
1720353600000,0.7641,0.7701,0.7169,0.7231,409693.9
1720368000000,0.7231,0.7376,0.7192,0.7238,118047.5
1720382400000,0.7238,0.726,0.6869,0.6901,196607.0
1720396800000,0.6901,0.6942,0.6582,0.6781,369856.4
1720411200000,0.6781,0.6968,0.6747,0.6904,207026.7
1720425600000,0.6904,0.7434,0.6891,0.7337,442125.9
1720440000000,0.7337,0.7449,0.6983,0.7167,366053.6
1720454400000,0.7167,0.7249,0.7061,0.7233,98021.3
1720468800000,0.7233,0.7358,0.7161,0.7271,90065.6
1720483200000,0.7271,0.7423,0.7125,0.7409,134630.1
1720497600000,0.7409,0.7813,0.7384,0.7683,434127.6
1720512000000,0.7683,0.7914,0.7626,0.778,236843.4
1720526400000,0.778,0.788,0.7587,0.7753,168185.6
1720540800000,0.7753,0.8017,0.7738,0.7994,192259.0
1720555200000,0.7994,0.8036,0.7857,0.7885,121982.9
1720569600000,0.7885,0.7928,0.7704,0.7925,85713.7
1720584000000,0.7925,0.8148,0.7916,0.7997,180882.7
1720598400000,0.7997,0.803,0.7871,0.7906,79915.3
1720612800000,0.7906,0.7933,0.7764,0.7857,121331.9
1720627200000,0.7857,0.7965,0.7703,0.7722,77844.4
1720641600000,0.7722,0.7837,0.7668,0.7801,45695.8
1720656000000,0.7801,0.7912,0.7621,0.7665,135900.2
1720670400000,0.7665,0.7742,0.7608,0.7714,141871.7
1720684800000,0.7714,0.7852,0.7677,0.7829,81608.7
1720699200000,0.7829,0.7998,0.7426,0.7475,322033.9
1720713600000,0.7475,0.7582,0.7412,0.7426,72407.7
1720728000000,0.7426,0.7433,0.7329,0.7341,122568.1
1720742400000,0.7341,0.742,0.7204,0.732,102858.3
1720756800000,0.732,0.7366,0.7253,0.7304,68152.5
1720771200000,0.7304,0.7358,0.725,0.7329,101409.6
1720785600000,0.7329,0.762,0.7317,0.7585,151679.6
1720800000000,0.7585,0.7685,0.7538,0.7547,110843.5
1720814400000,0.7547,0.7618,0.7459,0.7616,48546.9
1720828800000,0.7616,0.7679,0.7564,0.7574,41302.7
1720843200000,0.7574,0.762,0.7538,0.7564,60211.4
1720857600000,0.7564,0.7687,0.751,0.7606,67205.8
1720872000000,0.7606,0.766,0.7557,0.7612,66366.1
1720886400000,0.7612,0.7645,0.7514,0.7566,46057.1
1720900800000,0.7566,0.7787,0.7515,0.7661,136183.8
1720915200000,0.7661,0.7943,0.7656,0.7841,222392.3
1720929600000,0.7841,0.8064,0.783,0.799,232802.9
1720944000000,0.799,0.8273,0.7984,0.8172,180760.7
1720958400000,0.8172,0.8179,0.7991,0.8166,113649.1
1720972800000,0.8166,0.817,0.8009,0.8044,51772.0
1720987200000,0.8044,0.8272,0.8034,0.8207,103738.2
1721001600000,0.8207,0.8522,0.8147,0.8425,166756.3
1721016000000,0.8425,0.8677,0.8388,0.8599,155427.5
1721030400000,0.8599,0.8706,0.8433,0.846,144145.5
1721044800000,0.846,0.8653,0.8457,0.8568,105808.0
1721059200000,0.8568,0.8787,0.853,0.8681,156058.0
1721073600000,0.8681,0.9116,0.8663,0.9063,192234.9
1721088000000,0.9063,0.915,0.884,0.896,157912.1
1721102400000,0.896,0.8988,0.8515,0.8554,250255.7
1721116800000,0.8554,0.8779,0.8399,0.8767,192775.1
1721131200000,0.8767,0.8993,0.8599,0.8969,146610.4
1721145600000,0.8969,0.9159,0.882,0.9117,193956.0
1721160000000,0.9117,0.916,0.8933,0.9092,120969.0
1721174400000,0.9092,0.9485,0.9067,0.9319,189398.8
1721188800000,0.9319,0.9431,0.9208,0.932,127243.9
1721203200000,0.932,0.9504,0.9163,0.9271,217107.4
1721217600000,0.9271,0.9351,0.9078,0.9112,211424.4
1721232000000,0.9112,0.9168,0.8873,0.9119,173345.8
1721246400000,0.9119,0.9142,0.8945,0.8961,76643.3
1721260800000,0.8961,0.933,0.8961,0.9205,121204.3
1721275200000,0.9205,0.969,0.9067,0.9533,281609.8
1721289600000,0.9533,0.9899,0.9451,0.9731,403357.4
1721304000000,0.9731,0.9892,0.9306,0.9333,289207.6
1721318400000,0.9333,0.9519,0.9243,0.9354,203246.9
1721332800000,0.9354,0.9716,0.9315,0.9656,100317.8
1721347200000,0.9656,0.9731,0.9346,0.9692,134531.6
1721361600000,0.9692,1.0049,0.9585,0.9609,307820.3
1721376000000,0.9609,0.975,0.9434,0.9664,217560.1
1721390400000,0.9664,1.0107,0.9634,1.0097,329297.4
1721404800000,1.0097,1.036,1.0093,1.026,261972.0
1721419200000,1.026,1.0274,1.0103,1.0136,102850.2
1721433600000,1.0136,1.056,1.0102,1.0314,211430.1
1721448000000,1.0314,1.0368,1.0163,1.0164,89853.7
1721462400000,1.0164,1.0227,0.9995,1.0014,148184.1
1721476800000,1.0014,1.0125,0.9919,1.0095,107111.2
1721491200000,1.0095,1.0374,1.0042,1.0259,173841.5
1721505600000,1.0259,1.0483,1.0255,1.0352,100802.1
1721520000000,1.0352,1.0483,1.0246,1.0294,91098.6
1721534400000,1.0294,1.0391,1.0142,1.0192,106491.7
1721548800000,1.0192,1.0328,1.0163,1.0271,81899.5
1721563200000,1.0271,1.0445,1.0163,1.0342,134954.2
1721577600000,1.0342,1.045,0.9903,1.0411,268088.1
1721592000000,1.0411,1.091,1.0367,1.0871,241075.5
1721606400000,1.0871,1.089,1.0581,1.0582,160408.4
1721620800000,1.0582,1.0645,1.0221,1.027,159930.6
1721635200000,1.027,1.0521,1.0171,1.0496,107317.9
1721649600000,1.0496,1.0547,1.0231,1.0366,176984.2
1721664000000,1.0366,1.0529,1.0283,1.0478,113595.0
1721678400000,1.0478,1.049,0.996,1.0081,158600.5
1721692800000,1.0081,1.0184,0.9901,0.996,133829.5
1721707200000,0.996,0.9987,0.9579,0.9743,171097.6
1721721600000,0.9743,0.9954,0.9648,0.9694,144568.6
1721736000000,0.9694,0.9865,0.9474,0.9691,198636.2
1721750400000,0.9691,0.9729,0.935,0.9473,138666.2
1721764800000,0.9473,0.9616,0.9447,0.9519,59345.6
1721779200000,0.9519,0.9807,0.9437,0.975,133473.4
1721793600000,0.975,0.9827,0.9615,0.9756,115860.3
1721808000000,0.9756,1.0076,0.9722,1.0003,146473.1
1721822400000,1.0003,1.0254,0.9907,1.0023,185382.0
1721836800000,1.0023,1.0297,0.9897,1.0065,194391.3
1721851200000,1.0065,1.0193,0.9807,0.9965,174539.1
1721865600000,0.9965,1.0125,0.9515,0.9619,360234.5
1721880000000,0.9619,0.9987,0.954,0.9698,276650.1
1721894400000,0.9698,0.9908,0.9513,0.9591,249167.2
1721908800000,0.9591,0.9767,0.9242,0.9637,428100.6
1721923200000,0.9637,0.9815,0.9326,0.9388,220306.0
1721937600000,0.9388,0.9692,0.9216,0.9571,145375.5
1721952000000,0.9571,1.0143,0.9554,1.0042,190645.3
1721966400000,1.0042,1.0273,1.0033,1.0046,174728.6
1721980800000,1.0046,1.0332,1.0046,1.0328,148616.0
1721995200000,1.0328,1.0652,1.0157,1.0553,309879.6
1722009600000,1.0553,1.0806,1.0491,1.0692,162942.7
1722024000000,1.0692,1.0762,1.0535,1.0711,122163.4
1722038400000,1.0711,1.0799,1.0594,1.0694,163956.8
1722052800000,1.0694,1.1459,1.0688,1.1448,490795.5
1722067200000,1.1448,1.1788,1.1345,1.1469,453908.8
1722081600000,1.1469,1.1604,1.1009,1.1057,350563.1
1722096000000,1.1057,1.1063,1.0761,1.0892,211650.7
1722110400000,1.0892,1.1268,1.0621,1.0961,359913.4
1722124800000,1.0961,1.1456,1.0874,1.1204,280576.6
1722139200000,1.1204,1.1273,1.094,1.124,142683.9
1722153600000,1.124,1.1422,1.1149,1.1341,162882.3
1722168000000,1.1341,1.1551,1.1245,1.1246,218603.1
1722182400000,1.1246,1.1356,1.1155,1.1299,119819.6
1722196800000,1.1299,1.1321,1.1056,1.1185,84294.9
1722211200000,1.1185,1.1987,1.1155,1.1848,419655.2
1722225600000,1.1848,1.2233,1.1824,1.195,417347.3
1722240000000,1.195,1.1977,1.1538,1.165,216438.9
1722254400000,1.165,1.1782,1.1313,1.1462,298202.8
1722268800000,1.1462,1.1541,1.1236,1.1456,207097.2
1722283200000,1.1456,1.1468,1.088,1.0882,219775.6
1722297600000,1.0882,1.1014,1.0625,1.0855,276224.5
1722312000000,1.0855,1.1109,1.0804,1.098,205026.1
1722326400000,1.098,1.1,1.0759,1.0787,126464.3
1722340800000,1.0787,1.0899,1.0677,1.0771,171220.9
1722355200000,1.0771,1.0825,1.0357,1.0443,196893.7
1722369600000,1.0443,1.0557,1.0311,1.044,149764.8
1722384000000,1.044,1.0643,1.0388,1.0533,155555.1
1722398400000,1.0533,1.0808,1.0373,1.074,217334.5
1722412800000,1.074,1.0799,1.0555,1.0601,137154.9
1722427200000,1.0601,1.0837,1.0467,1.0474,188344.1
1722441600000,1.0474,1.069,1.0193,1.0263,214310.5
1722456000000,1.0263,1.0263,1.0007,1.0007,174142.3
1722470400000,1.0007,1.0092,0.9846,0.9894,171945.2
1722484800000,0.9894,0.9942,0.9654,0.9821,252455.3
1722499200000,0.9821,0.9969,0.9802,0.9951,99730.9
1722513600000,0.9951,1.0143,0.9598,0.9734,380377.9
1722528000000,0.9734,0.978,0.9454,0.971,396804.9
1722542400000,0.971,1.0309,0.9658,1.0262,244623.8
1722556800000,1.0262,1.0419,0.9826,1.0126,241122.6
1722571200000,1.0126,1.0206,0.9804,0.9882,384686.9
1722585600000,0.9882,0.9987,0.9784,0.9876,321852.9
1722600000000,0.9876,1.0069,0.9206,0.9468,531691.6
1722614400000,0.9468,0.9481,0.9021,0.9056,297654.9
1722628800000,0.9056,0.9245,0.8934,0.9116,256810.3
1722643200000,0.9116,0.9211,0.8803,0.907,376722.2
1722657600000,0.907,0.9074,0.8965,0.8971,103603.3
1722672000000,0.8971,0.9069,0.8851,0.9045,156570.1
1722686400000,0.9045,0.9177,0.8591,0.86,254189.6
1722700800000,0.86,0.8666,0.8147,0.8175,445220.9
1722715200000,0.8175,0.8448,0.8129,0.8359,183274.0
1722729600000,0.8359,0.8571,0.8331,0.8516,124165.0
1722744000000,0.8516,0.8528,0.8309,0.8321,100958.8
1722758400000,0.8321,0.8585,0.8252,0.8512,147977.7
1722772800000,0.8512,0.8703,0.8027,0.8035,356656.1
1722787200000,0.8035,0.8487,0.7683,0.8413,733265.7
1722801600000,0.8413,0.8557,0.8192,0.8252,277395.3
1722816000000,0.8252,0.832,0.7215,0.7556,1215045.3
1722830400000,0.7556,0.7804,0.6665,0.7421,1566744.3
1722844800000,0.7421,0.743,0.6642,0.6948,677853.6
1722859200000,0.6948,0.769,0.6588,0.7523,1422659.5
1722873600000,0.7523,0.7778,0.7305,0.7391,565647.5
1722888000000,0.7391,0.7644,0.7349,0.7362,290963.8
1722902400000,0.7362,0.8109,0.7342,0.7983,497380.7
1722916800000,0.7983,0.8428,0.792,0.8327,329502.0
1722931200000,0.8327,0.8327,0.794,0.8115,357632.3
1722945600000,0.8115,0.8445,0.7894,0.8409,466610.9
1722960000000,0.8409,0.8589,0.8346,0.843,256602.8
1722974400000,0.843,0.8656,0.8241,0.8286,202146.4
1722988800000,0.8286,0.8768,0.8156,0.8752,301296.8
1723003200000,0.8752,0.8998,0.8719,0.8815,297084.9
1723017600000,0.8815,0.9001,0.8643,0.8675,239692.7
1723032000000,0.8675,0.8805,0.8226,0.8422,376341.7
1723046400000,0.8422,0.8429,0.803,0.8055,324383.9
1723060800000,0.8055,0.8163,0.7873,0.7937,298112.9
1723075200000,0.7937,0.8603,0.7734,0.8418,405106.7
1723089600000,0.8418,0.8633,0.8386,0.8483,294339.7
1723104000000,0.8483,0.8646,0.8482,0.8565,162590.9
1723118400000,0.8565,0.8931,0.8492,0.8894,444312.8
1723132800000,0.8894,0.9003,0.8555,0.8576,211283.4
1723147200000,0.8576,0.9151,0.8558,0.9122,283870.2
1723161600000,0.9122,0.9144,0.8757,0.8787,174661.3
1723176000000,0.8787,0.8918,0.8626,0.8817,133857.3
1723190400000,0.8817,0.8918,0.8626,0.871,152381.8
1723204800000,0.871,0.8786,0.8435,0.8437,215682.1
1723219200000,0.8437,0.8624,0.8415,0.8588,93570.4
1723233600000,0.8588,0.8847,0.8535,0.883,135361.6
1723248000000,0.883,0.8991,0.8636,0.8684,160390.6
1723262400000,0.8684,0.8746,0.8559,0.8744,53098.9
1723276800000,0.8744,0.8754,0.8617,0.8669,81983.3
1723291200000,0.8669,0.8714,0.8573,0.8627,80112.2
1723305600000,0.8627,0.8695,0.8555,0.8636,64557.2
1723320000000,0.8636,0.8756,0.8612,0.8676,40891.6
1723334400000,0.8676,0.8873,0.865,0.8783,85038.8
1723348800000,0.8783,0.8858,0.871,0.8829,50467.9
1723363200000,0.8829,0.8918,0.8544,0.858,135960.6
1723377600000,0.858,0.8605,0.8225,0.8237,187128.8
1723392000000,0.8237,0.8265,0.8025,0.8025,162751.4
1723406400000,0.8025,0.8038,0.7844,0.7868,169824.3
1723420800000,0.7868,0.8062,0.7828,0.7985,105338.6
1723435200000,0.7985,0.8203,0.786,0.8168,129650.5
1723449600000,0.8168,0.8441,0.8058,0.8415,238378.9
1723464000000,0.8415,0.8493,0.7988,0.8301,324525.4
1723478400000,0.8301,0.8346,0.7983,0.802,192090.8
1723492800000,0.802,0.8252,0.7939,0.817,113214.2
1723507200000,0.817,0.8244,0.7988,0.8006,116138.6
1723521600000,0.8006,0.8132,0.7958,0.8064,69860.8
1723536000000,0.8064,0.8143,0.7925,0.8029,139212.0
1723550400000,0.8029,0.8195,0.7983,0.8084,171620.9
1723564800000,0.8084,0.8333,0.8061,0.8169,160209.4
1723579200000,0.8169,0.8255,0.8129,0.8192,57825.2
1723593600000,0.8192,0.8225,0.8018,0.8075,71596.6
1723608000000,0.8075,0.8107,0.7994,0.8084,175528.2
1723622400000,0.8084,0.8265,0.8035,0.8232,82319.9
1723636800000,0.8232,0.8463,0.7973,0.8058,286516.1
1723651200000,0.8058,0.8118,0.7902,0.7933,117509.0
1723665600000,0.7933,0.7961,0.7812,0.7906,73262.2
1723680000000,0.7906,0.7987,0.7847,0.7862,109895.1
1723694400000,0.7862,0.7877,0.7636,0.7708,131351.4
1723708800000,0.7708,0.7837,0.7651,0.7807,75949.0
1723723200000,0.7807,0.7992,0.7785,0.7905,181287.4
1723737600000,0.7905,0.7985,0.7436,0.7564,249084.4
1723752000000,0.7564,0.7795,0.7485,0.7694,107896.4
1723766400000,0.7694,0.7789,0.7578,0.7633,81456.8
1723780800000,0.7633,0.7822,0.7608,0.7795,55829.0
1723795200000,0.7795,0.7813,0.7562,0.7585,77505.0
1723809600000,0.7585,0.7672,0.7271,0.7353,217750.7
1723824000000,0.7353,0.7573,0.7247,0.752,171370.4
1723838400000,0.752,0.7598,0.7422,0.7437,41309.8
1723852800000,0.7437,0.7512,0.7367,0.7424,49295.8
1723867200000,0.7424,0.7475,0.7399,0.7441,26864.7
1723881600000,0.7441,0.748,0.7348,0.7377,62572.5
1723896000000,0.7377,0.7557,0.7369,0.7499,197800.9
1723910400000,0.7499,0.7616,0.7495,0.7565,91294.9
1723924800000,0.7565,0.7638,0.7539,0.7602,27785.9
1723939200000,0.7602,0.7707,0.754,0.7565,67877.1
1723953600000,0.7565,0.7643,0.7502,0.762,40580.6
1723968000000,0.762,0.7879,0.7604,0.7772,112877.2
1723982400000,0.7772,0.7897,0.773,0.7863,102211.9
1723996800000,0.7863,0.7926,0.7744,0.7863,90052.9
1724011200000,0.7863,0.7924,0.7622,0.7629,62902.5
1724025600000,0.7629,0.767,0.7553,0.7645,100605.3
1724040000000,0.7645,0.7651,0.7522,0.7545,89767.0
1724054400000,0.7545,0.7624,0.7411,0.751,95285.7
1724068800000,0.751,0.7728,0.75,0.7654,170049.1
1724083200000,0.7654,0.7809,0.7542,0.7707,121420.8
1724097600000,0.7707,0.7813,0.77,0.7778,80107.5
1724112000000,0.7778,0.8014,0.7719,0.7918,126935.1
1724126400000,0.7918,0.8121,0.79,0.806,134872.9
1724140800000,0.806,0.8073,0.7923,0.7928,91493.8
1724155200000,0.7928,0.8044,0.7666,0.7781,184148.4
1724169600000,0.7781,0.7933,0.773,0.7918,67751.3
1724184000000,0.7918,0.797,0.7794,0.7794,62199.9
1724198400000,0.7794,0.7928,0.7733,0.7864,67477.1
1724212800000,0.7864,0.799,0.7844,0.797,36560.8
1724227200000,0.797,0.7989,0.7803,0.7813,64283.8
1724241600000,0.7813,0.7842,0.7622,0.7707,219103.9
1724256000000,0.7707,0.7986,0.7661,0.7975,132113.2
1724270400000,0.7975,0.8038,0.7918,0.7953,86643.8
1724284800000,0.7953,0.7987,0.7788,0.7897,81579.3
1724299200000,0.7897,0.7992,0.7877,0.7991,54217.0
1724313600000,0.7991,0.8114,0.7957,0.8107,62714.0
1724328000000,0.8107,0.8122,0.7908,0.7938,130229.1
1724342400000,0.7938,0.8021,0.793,0.7955,40913.4
1724356800000,0.7955,0.8077,0.7955,0.8037,47270.8
1724371200000,0.8037,0.8227,0.802,0.816,73012.1
1724385600000,0.816,0.833,0.8156,0.8276,70943.8
1724400000000,0.8276,0.8321,0.8136,0.814,67947.0
1724414400000,0.814,0.851,0.814,0.8321,172389.5
1724428800000,0.8321,0.8706,0.831,0.8662,164741.5
1724443200000,0.8662,0.8883,0.8662,0.8787,135392.6
1724457600000,0.8787,0.8857,0.8688,0.8768,87211.0
1724472000000,0.8768,0.8928,0.8763,0.8891,69702.5
1724486400000,0.8891,0.9248,0.8838,0.909,186466.2
1724500800000,0.909,0.9199,0.9027,0.9152,138994.8
1724515200000,0.9152,0.9474,0.9136,0.9294,233607.4
1724529600000,0.9294,0.9353,0.8982,0.9201,170263.9
1724544000000,0.9201,0.9213,0.8831,0.8919,148546.0
1724558400000,0.8919,0.8966,0.8639,0.8703,110188.3
1724572800000,0.8703,0.8899,0.8639,0.8825,76320.1
1724587200000,0.8825,0.9014,0.8793,0.8941,110165.0
1724601600000,0.8941,0.9012,0.8839,0.8884,82142.5
1724616000000,0.8884,0.9048,0.8843,0.8869,76611.0
1724630400000,0.8869,0.8969,0.874,0.8965,120475.7
1724644800000,0.8965,0.9094,0.8832,0.8886,166425.6
1724659200000,0.8886,0.9274,0.8865,0.9085,312480.9
1724673600000,0.9085,0.9272,0.878,0.8939,411272.3
1724688000000,0.8939,0.9054,0.8785,0.8921,235178.9
1724702400000,0.8921,0.9,0.8751,0.8784,165750.4
1724716800000,0.8784,0.9051,0.8776,0.8994,137911.2
1724731200000,0.8994,0.9073,0.8664,0.8697,227185.7
1724745600000,0.8697,0.8732,0.8352,0.8456,287349.9
1724760000000,0.8456,0.8626,0.8342,0.842,240140.9
1724774400000,0.842,0.8579,0.8363,0.8503,101207.3
1724788800000,0.8503,0.8528,0.787,0.804,274344.5
1724803200000,0.804,0.8171,0.7892,0.815,127363.6
1724817600000,0.815,0.8201,0.7932,0.7932,125446.6
1724832000000,0.7932,0.822,0.7879,0.8152,191510.3
1724846400000,0.8152,0.8242,0.7864,0.7939,184184.6
1724860800000,0.7939,0.8031,0.7685,0.7936,307602.8
1724875200000,0.7936,0.8073,0.7775,0.7912,137505.3
1724889600000,0.7912,0.7997,0.7851,0.7879,79115.5
1724904000000,0.7879,0.7988,0.7823,0.7941,157875.8
1724918400000,0.7941,0.8102,0.7897,0.8005,126072.9
1724932800000,0.8005,0.8154,0.7956,0.8105,121855.1
1724947200000,0.8105,0.8151,0.7677,0.7771,174197.4
1724961600000,0.7771,0.783,0.7646,0.7747,81134.3
1724976000000,0.7747,0.783,0.7665,0.768,70286.1
1724990400000,0.768,0.7763,0.7612,0.7696,117574.2
1725004800000,0.7696,0.7767,0.766,0.7668,61805.2
1725019200000,0.7668,0.7793,0.7269,0.7308,266730.5
1725033600000,0.7308,0.7632,0.7256,0.7491,181402.5
1725048000000,0.7491,0.7628,0.7483,0.7593,59223.1
1725062400000,0.7593,0.7669,0.7575,0.7612,44759.4
1725076800000,0.7612,0.7632,0.7539,0.7544,41954.8
1725091200000,0.7544,0.7556,0.7427,0.7508,63976.0
1725105600000,0.7508,0.7541,0.744,0.7499,47773.4
1725120000000,0.7499,0.7501,0.7357,0.7388,53531.9
1725134400000,0.7388,0.7478,0.7362,0.7427,29716.3
1725148800000,0.7427,0.7456,0.7277,0.7364,56972.1
1725163200000,0.7364,0.738,0.7214,0.7345,83374.0
1725177600000,0.7345,0.7345,0.7201,0.7302,65440.4
1725192000000,0.7302,0.7426,0.7145,0.7391,118398.4
1725206400000,0.7391,0.7464,0.7241,0.7428,105737.0
1725220800000,0.7428,0.7469,0.7027,0.7049,109531.6
1725235200000,0.7049,0.7179,0.7021,0.7158,119324.0
1725249600000,0.7158,0.7173,0.6994,0.7017,116418.2
1725264000000,0.7017,0.7343,0.7004,0.7266,137682.5
1725278400000,0.7266,0.7345,0.7133,0.7289,161594.8
1725292800000,0.7289,0.7363,0.7237,0.7307,79540.9
1725307200000,0.7307,0.7467,0.729,0.7421,83718.3
1725321600000,0.7421,0.7585,0.7388,0.7476,82141.9
1725336000000,0.7476,0.7493,0.7388,0.7457,83189.2
1725350400000,0.7457,0.7464,0.7337,0.743,91514.2
1725364800000,0.743,0.7496,0.7122,0.7138,155700.8
1725379200000,0.7138,0.729,0.7104,0.7214,66643.3
1725393600000,0.7214,0.7262,0.7011,0.7031,79197.1
1725408000000,0.7031,0.711,0.671,0.7045,242705.7
1725422400000,0.7045,0.7239,0.6954,0.717,117676.0
1725436800000,0.717,0.7187,0.7024,0.7028,83483.1
1725451200000,0.7028,0.7331,0.7,0.7324,133566.1
1725465600000,0.7324,0.7427,0.7269,0.7315,101340.7
1725480000000,0.7315,0.7381,0.728,0.7335,51190.9
1725494400000,0.7335,0.7383,0.7188,0.7196,73441.2
1725508800000,0.7196,0.7348,0.7168,0.7291,59435.5
1725523200000,0.7291,0.7329,0.7211,0.7243,64667.9
1725537600000,0.7243,0.7393,0.7082,0.7126,137251.4
1725552000000,0.7126,0.717,0.6986,0.7011,76998.0
1725566400000,0.7011,0.7117,0.7009,0.7077,59067.2
1725580800000,0.7077,0.7215,0.7031,0.7166,53198.7
1725595200000,0.7166,0.7196,0.6968,0.7013,70812.7
1725609600000,0.7013,0.7184,0.7011,0.7141,81836.3
1725624000000,0.7141,0.7318,0.6904,0.7007,399359.4
1725638400000,0.7007,0.7018,0.677,0.6845,256133.0
1725652800000,0.6845,0.688,0.6587,0.6848,218415.0
1725667200000,0.6848,0.69,0.6796,0.6846,62316.3
1725681600000,0.6846,0.7048,0.6846,0.6994,86747.5
1725696000000,0.6994,0.7005,0.6952,0.6972,61160.5
1725710400000,0.6972,0.7097,0.6972,0.7058,82408.7
1725724800000,0.7058,0.7092,0.692,0.7033,96259.8
1725739200000,0.7033,0.7039,0.6898,0.6979,52153.9
1725753600000,0.6979,0.7032,0.6926,0.7022,47600.4
1725768000000,0.7022,0.7125,0.7004,0.7099,45395.1
1725782400000,0.7099,0.7179,0.707,0.712,84222.7
1725796800000,0.712,0.7135,0.6917,0.6923,103921.2
1725811200000,0.6923,0.701,0.6899,0.6983,107010.1
1725825600000,0.6983,0.7182,0.6965,0.7097,105646.8
1725840000000,0.7097,0.7166,0.6992,0.7036,80134.6
1725854400000,0.7036,0.7066,0.6957,0.7062,79642.3
1725868800000,0.7062,0.7174,0.7059,0.7079,123809.5
1725883200000,0.7079,0.7135,0.6957,0.7045,177964.0
1725897600000,0.7045,0.7388,0.7044,0.7386,299763.3
1725912000000,0.7386,0.7486,0.7309,0.7359,138497.0
1725926400000,0.7359,0.7361,0.7216,0.7236,62343.3
1725940800000,0.7236,0.7376,0.7216,0.7356,60969.1
1725955200000,0.7356,0.7396,0.7301,0.7376,77932.8
1725969600000,0.7376,0.7423,0.7267,0.7304,167082.2
1725984000000,0.7304,0.7509,0.7291,0.7438,142259.6
1725998400000,0.7438,0.7443,0.7343,0.7378,54590.9
1726012800000,0.7378,0.7388,0.7214,0.7237,114614.0
1726027200000,0.7237,0.7237,0.7074,0.7167,124140.2
1726041600000,0.7167,0.7168,0.7053,0.7151,79449.4
1726056000000,0.7151,0.7232,0.6955,0.7124,286769.8
1726070400000,0.7124,0.7266,0.7113,0.721,152948.1
1726084800000,0.721,0.7243,0.7156,0.7188,44160.4
1726099200000,0.7188,0.7426,0.7184,0.7406,127039.2
1726113600000,0.7406,0.7438,0.7331,0.738,75458.1
1726128000000,0.738,0.7418,0.7362,0.74,168407.9
1726142400000,0.74,0.7528,0.7321,0.7335,173694.0
1726156800000,0.7335,0.7495,0.733,0.7493,69513.0
1726171200000,0.7493,0.7775,0.7456,0.7668,235470.7
1726185600000,0.7668,0.7703,0.7538,0.7541,77594.8
1726200000000,0.7541,0.7601,0.7506,0.757,47906.9
1726214400000,0.757,0.7572,0.7426,0.7427,66776.6
1726228800000,0.7427,0.773,0.7393,0.7698,130266.5
1726243200000,0.7698,0.7766,0.7622,0.7747,117972.9
1726257600000,0.7747,0.7871,0.7732,0.7826,97867.0
1726272000000,0.7826,0.7887,0.7773,0.7881,60107.2
1726286400000,0.7881,0.7902,0.7735,0.7749,90396.9
1726300800000,0.7749,0.7766,0.7651,0.7675,60972.8
1726315200000,0.7675,0.7787,0.7664,0.7737,36564.9
1726329600000,0.7737,0.7769,0.7622,0.7688,57631.7
1726344000000,0.7688,0.7744,0.7687,0.7704,30084.9
1726358400000,0.7704,0.7758,0.769,0.771,45836.8
1726372800000,0.771,0.7716,0.7662,0.7703,39494.1
1726387200000,0.7703,0.7706,0.7568,0.7592,67953.8
1726401600000,0.7592,0.7651,0.7539,0.7623,57983.5
1726416000000,0.7623,0.7626,0.7436,0.7475,95301.8
1726430400000,0.7475,0.7482,0.7246,0.7322,93059.3
1726444800000,0.7322,0.7347,0.7127,0.7212,93239.0
1726459200000,0.7212,0.7338,0.7194,0.7327,96237.6
1726473600000,0.7327,0.7394,0.7265,0.734,62139.7
1726488000000,0.734,0.7368,0.7201,0.7296,115152.0
1726502400000,0.7296,0.7327,0.7165,0.7258,142901.9
1726516800000,0.7258,0.7334,0.7197,0.7295,52176.8
1726531200000,0.7295,0.7329,0.7216,0.7283,41542.0
1726545600000,0.7283,0.7412,0.7266,0.7364,61352.5
1726560000000,0.7364,0.7421,0.7319,0.7328,86256.0
1726574400000,0.7328,0.7551,0.7264,0.7486,191713.8
1726588800000,0.7486,0.7501,0.7286,0.7345,151611.7
1726603200000,0.7345,0.7375,0.7276,0.7318,65705.8
1726617600000,0.7318,0.7379,0.7219,0.7355,75235.2
1726632000000,0.7355,0.7362,0.7276,0.7329,56560.3
1726646400000,0.7329,0.7329,0.7149,0.7225,119923.4
1726660800000,0.7225,0.7257,0.7054,0.7079,143809.2
1726675200000,0.7079,0.7397,0.7046,0.7221,283684.8
1726689600000,0.7221,0.7577,0.7157,0.7577,172645.2
1726704000000,0.7577,0.786,0.7577,0.7819,257721.9
1726718400000,0.7819,0.7915,0.7768,0.7857,171301.8
1726732800000,0.7857,0.7997,0.7823,0.7993,181540.9
1726747200000,0.7993,0.8159,0.7978,0.815,226046.1
1726761600000,0.815,0.8239,0.8047,0.8061,240771.4
1726776000000,0.8061,0.8114,0.7913,0.8025,123880.4
1726790400000,0.8025,0.8215,0.7895,0.8215,188818.5
1726804800000,0.8215,0.8939,0.8193,0.8881,545895.8
1726819200000,0.8881,0.8884,0.857,0.8607,335587.8
1726833600000,0.8607,0.866,0.8327,0.8461,300229.3
1726848000000,0.8461,0.8506,0.8216,0.8343,149588.1
1726862400000,0.8343,0.8498,0.8324,0.8397,66372.5
1726876800000,0.8397,0.8454,0.825,0.8302,70798.1
1726891200000,0.8302,0.8405,0.82,0.8394,83409.1
1726905600000,0.8394,0.8459,0.8349,0.8441,104230.3
1726920000000,0.8441,0.8582,0.8408,0.8472,98493.6
1726934400000,0.8472,0.8576,0.8458,0.8474,61089.5
1726948800000,0.8474,0.8622,0.8454,0.8588,37498.6
1726963200000,0.8588,0.8675,0.839,0.848,112505.0
1726977600000,0.848,0.8528,0.8361,0.842,55144.2
1726992000000,0.842,0.846,0.821,0.8278,122357.1
1727006400000,0.8278,0.8323,0.8132,0.8195,123194.6
1727020800000,0.8195,0.8319,0.8129,0.827,96473.5
1727035200000,0.827,0.8312,0.8021,0.8244,136984.7
1727049600000,0.8244,0.8542,0.8053,0.8444,227121.6
1727064000000,0.8444,0.8483,0.8271,0.8295,114280.5
1727078400000,0.8295,0.8308,0.8068,0.8132,248575.7
1727092800000,0.8132,0.8274,0.8058,0.8196,193617.5
1727107200000,0.8196,0.8236,0.8068,0.8074,169990.4
1727121600000,0.8074,0.8199,0.8018,0.8179,94985.9
1727136000000,0.8179,0.8297,0.8046,0.8264,184866.9
1727150400000,0.8264,0.8358,0.8145,0.8356,156192.4
1727164800000,0.8356,0.8459,0.8238,0.8311,208529.1
1727179200000,0.8311,0.8553,0.8263,0.8387,339927.3
1727193600000,0.8387,0.8801,0.8387,0.8679,340319.2
1727208000000,0.8679,0.9164,0.8638,0.9002,448666.7
1727222400000,0.9002,0.9167,0.8908,0.9038,227180.2
1727236800000,0.9038,0.9046,0.8707,0.8764,208123.3
1727251200000,0.8764,0.8888,0.8745,0.8874,127494.4
1727265600000,0.8874,0.907,0.8758,0.8863,214535.6
1727280000000,0.8863,0.8992,0.8728,0.8793,150231.1
1727294400000,0.8793,0.8886,0.8607,0.8658,88036.3
1727308800000,0.8658,0.889,0.8585,0.8837,134922.7
1727323200000,0.8837,0.9086,0.8813,0.9079,160388.1
1727337600000,0.9079,0.9368,0.8896,0.9313,348727.7
1727352000000,0.9313,0.9656,0.9123,0.9517,469015.6
1727366400000,0.9517,0.9654,0.9292,0.9306,264497.3
1727380800000,0.9306,0.9402,0.9205,0.936,122735.8
1727395200000,0.936,0.9498,0.9315,0.9445,168842.5
1727409600000,0.9445,0.9564,0.9288,0.9347,397818.0
1727424000000,0.9347,0.9578,0.9226,0.9273,245871.0
1727438400000,0.9273,0.9662,0.9231,0.9495,308612.6
1727452800000,0.9495,0.9589,0.9319,0.9373,217695.0
1727467200000,0.9373,0.9471,0.9341,0.9384,83764.0
1727481600000,0.9384,0.9564,0.9372,0.9472,96982.6
1727496000000,0.9472,0.9483,0.9192,0.9218,154895.6
1727510400000,0.9218,0.9337,0.9019,0.9249,175103.1
1727524800000,0.9249,0.9253,0.9082,0.9189,126150.2
1727539200000,0.9189,0.9233,0.9128,0.9182,61222.9
1727553600000,0.9182,0.9216,0.9021,0.9189,70136.5
1727568000000,0.9189,0.9267,0.8978,0.9099,133016.6
1727582400000,0.9099,0.9136,0.8882,0.8908,102817.5
1727596800000,0.8908,0.9059,0.8878,0.9044,95171.9
1727611200000,0.9044,0.9079,0.8891,0.9064,137328.8
1727625600000,0.9064,0.9282,0.9024,0.9282,125530.8
1727640000000,0.9282,0.9439,0.9143,0.9177,161782.4
1727654400000,0.9177,0.9262,0.8859,0.8993,228918.1
1727668800000,0.8993,0.9125,0.8838,0.9054,273446.8
1727683200000,0.9054,0.9058,0.878,0.8929,244097.6
1727697600000,0.8929,0.9088,0.8783,0.8792,181104.1
1727712000000,0.8792,0.8915,0.8765,0.8874,127870.4
1727726400000,0.8874,0.9021,0.8637,0.8701,115205.4
1727740800000,0.8701,0.8906,0.8615,0.8892,121070.8
1727755200000,0.8892,0.9028,0.886,0.9,87002.7
1727769600000,0.9,0.9046,0.8931,0.8949,98811.9
1727784000000,0.8949,0.8987,0.8127,0.835,339156.0
1727798400000,0.835,0.8395,0.7806,0.8007,334418.7
1727812800000,0.8007,0.814,0.7808,0.8112,220036.5
1727827200000,0.8112,0.8235,0.7968,0.8183,111356.4
1727841600000,0.8183,0.8328,0.8107,0.8256,70307.7
1727856000000,0.8256,0.8303,0.7935,0.8002,177849.7
1727870400000,0.8002,0.8109,0.7793,0.8091,242163.4
1727884800000,0.8091,0.8188,0.7604,0.7693,227102.5
1727899200000,0.7693,0.7825,0.7646,0.7701,96808.6
1727913600000,0.7701,0.7868,0.7614,0.7861,143111.5
1727928000000,0.7861,0.7864,0.7608,0.7616,101271.9
1727942400000,0.7616,0.763,0.7328,0.7471,218730.3
1727956800000,0.7471,0.7558,0.7223,0.7383,311088.8
1727971200000,0.7383,0.7468,0.7229,0.7464,189055.8
1727985600000,0.7464,0.7488,0.7329,0.7424,108063.3
1728000000000,0.7424,0.7541,0.7346,0.7451,136123.8
1728014400000,0.7451,0.7642,0.7447,0.763,84125.6
1728028800000,0.763,0.7744,0.7611,0.7704,85830.5
1728043200000,0.7704,0.781,0.7559,0.78,200957.7
1728057600000,0.78,0.7923,0.7762,0.7885,93650.3
1728072000000,0.7885,0.7925,0.7754,0.7804,54507.9
1728086400000,0.7804,0.7877,0.7694,0.7721,117716.9
1728100800000,0.7721,0.79,0.7715,0.7832,51154.6
1728115200000,0.7832,0.7911,0.7823,0.783,55969.4
1728129600000,0.783,0.7878,0.7735,0.7775,63017.1
1728144000000,0.7775,0.7776,0.7595,0.761,75063.4
1728158400000,0.761,0.7708,0.7538,0.7637,64041.3
1728172800000,0.7637,0.7726,0.7606,0.7636,40873.9
1728187200000,0.7636,0.7713,0.7595,0.7679,29972.8
1728201600000,0.7679,0.7749,0.7653,0.7743,34548.0
1728216000000,0.7743,0.7913,0.7716,0.7885,100822.5
1728230400000,0.7885,0.7939,0.7785,0.7797,103240.1
1728244800000,0.7797,0.7926,0.7745,0.7901,67076.8
1728259200000,0.7901,0.8153,0.7842,0.8064,152597.0
1728273600000,0.8064,0.8092,0.7948,0.7955,83358.4
1728288000000,0.7955,0.8031,0.7726,0.7874,168619.5
1728302400000,0.7874,0.8172,0.7836,0.7956,247702.1
1728316800000,0.7956,0.8057,0.7779,0.7888,139993.6
1728331200000,0.7888,0.7899,0.7665,0.7676,102621.1
1728345600000,0.7676,0.7811,0.7659,0.7743,80709.2
1728360000000,0.7743,0.7764,0.75,0.7551,149471.8
1728374400000,0.7551,0.7613,0.7416,0.7515,234263.9
1728388800000,0.7515,0.7578,0.734,0.7412,181105.5
1728403200000,0.7412,0.7476,0.733,0.7413,109093.5
1728417600000,0.7413,0.7506,0.7384,0.7452,66341.4
1728432000000,0.7452,0.7581,0.7422,0.7489,66625.4
1728446400000,0.7489,0.7522,0.7387,0.7418,89412.6
1728460800000,0.7418,0.7476,0.7393,0.7448,75661.0
1728475200000,0.7448,0.7469,0.7272,0.7446,162599.6
1728489600000,0.7446,0.7449,0.7261,0.7306,110483.1
1728504000000,0.7306,0.731,0.7146,0.7269,76813.2
1728518400000,0.7269,0.734,0.7206,0.7311,60950.0
1728532800000,0.7311,0.7365,0.728,0.7292,32324.3
1728547200000,0.7292,0.7355,0.7148,0.7351,96347.3
1728561600000,0.7351,0.7352,0.7078,0.7242,228997.7
1728576000000,0.7242,0.7279,0.7051,0.7227,175173.6
1728590400000,0.7227,0.7369,0.7193,0.7358,72368.2
1728604800000,0.7358,0.7456,0.7315,0.7434,72393.8
1728619200000,0.7434,0.7503,0.7405,0.7458,65685.7
1728633600000,0.7458,0.7526,0.7442,0.7478,118855.9
1728648000000,0.7478,0.7659,0.7473,0.7615,157187.4
1728662400000,0.7615,0.7946,0.7592,0.7873,323792.1
1728676800000,0.7873,0.7892,0.7829,0.7858,66271.6
1728691200000,0.7858,0.8024,0.7822,0.7855,97452.1
1728705600000,0.7855,0.7945,0.7855,0.7929,69174.8
1728720000000,0.7929,0.8015,0.7896,0.7962,72646.3
1728734400000,0.7962,0.8108,0.7932,0.8005,115246.6
1728748800000,0.8005,0.8067,0.7913,0.7939,84265.3
1728763200000,0.7939,0.7982,0.7902,0.7904,44282.3
1728777600000,0.7904,0.7949,0.779,0.7793,51039.0
1728792000000,0.7793,0.7927,0.7775,0.7896,63382.6
1728806400000,0.7896,0.8091,0.786,0.7871,127948.8
1728820800000,0.7871,0.8012,0.7689,0.7774,156459.7
1728835200000,0.7774,0.7884,0.7727,0.782,79354.5
1728849600000,0.782,0.8014,0.7794,0.7951,54139.0
1728864000000,0.7951,0.8235,0.788,0.8233,149928.9
1728878400000,0.8233,0.8268,0.8054,0.8203,214101.5
1728892800000,0.8203,0.8351,0.8097,0.8343,198223.9
1728907200000,0.8343,0.8715,0.8239,0.8619,423502.5
1728921600000,0.8619,0.8645,0.849,0.8543,180803.2
1728936000000,0.8543,0.8942,0.8527,0.886,193699.1
1728950400000,0.886,0.8962,0.8655,0.8663,201471.3
1728964800000,0.8663,0.8799,0.8567,0.8735,196297.4
1728979200000,0.8735,0.8826,0.8415,0.8472,247569.5
1728993600000,0.8472,0.9369,0.8444,0.8729,1048871.1
1729008000000,0.8729,0.9129,0.8716,0.8902,496781.4
1729022400000,0.8902,0.8917,0.8612,0.8791,211139.6
1729036800000,0.8791,0.8905,0.8578,0.8683,130776.6
1729051200000,0.8683,0.8753,0.8472,0.8509,160121.4
1729065600000,0.8509,0.8949,0.8489,0.8789,258097.1
1729080000000,0.8789,0.8869,0.862,0.8695,234730.4
1729094400000,0.8695,0.8726,0.8561,0.8585,137793.5
1729108800000,0.8585,0.8689,0.8526,0.8555,90530.5
1729123200000,0.8555,0.871,0.8514,0.8614,136160.2
1729137600000,0.8614,0.8625,0.8241,0.8329,214058.4
1729152000000,0.8329,0.8379,0.8111,0.8127,143403.0
1729166400000,0.8127,0.8365,0.811,0.8334,162778.2
1729180800000,0.8334,0.8342,0.8051,0.8147,114083.2
1729195200000,0.8147,0.8236,0.8146,0.8203,51166.7
1729209600000,0.8203,0.8492,0.8154,0.8374,107606.6
1729224000000,0.8374,0.8717,0.8366,0.8655,164866.8
1729238400000,0.8655,0.8778,0.8535,0.8541,224576.7
1729252800000,0.8541,0.8725,0.8448,0.8602,294864.3
1729267200000,0.8602,0.8752,0.8549,0.863,101219.1
1729281600000,0.863,0.8685,0.8551,0.8666,54756.5
1729296000000,0.8666,0.8749,0.86,0.8619,75064.8
1729310400000,0.8619,0.8682,0.857,0.8631,71378.8
1729324800000,0.8631,0.8675,0.8466,0.8467,89109.6
1729339200000,0.8467,0.8798,0.8467,0.871,119079.5
1729353600000,0.871,0.8737,0.8596,0.8667,83077.7
1729368000000,0.8667,0.9232,0.8658,0.9152,301398.1
1729382400000,0.9152,0.9268,0.8887,0.9035,164835.3
1729396800000,0.9035,0.9407,0.8991,0.9199,348068.8
1729411200000,0.9199,0.9516,0.9154,0.927,303313.3
1729425600000,0.927,0.9404,0.9106,0.9246,306105.8
1729440000000,0.9246,0.9332,0.9181,0.9238,77843.8
1729454400000,0.9238,0.9945,0.9196,0.9765,313948.0
1729468800000,0.9765,1.0295,0.9748,0.9965,387526.9
1729483200000,0.9965,1.0161,0.9844,0.9916,302830.1
1729497600000,0.9916,1.0069,0.9643,0.9716,248013.0
1729512000000,0.9716,0.9786,0.9444,0.967,318251.4
1729526400000,0.967,0.9829,0.9497,0.9797,286628.6
1729540800000,0.9797,0.9886,0.9636,0.965,153277.4
1729555200000,0.965,0.9946,0.9499,0.9795,192959.5
1729569600000,0.9795,0.9998,0.9682,0.9705,209609.4
1729584000000,0.9705,0.9905,0.9429,0.9839,245541.8
1729598400000,0.9839,1.016,0.9609,0.9854,461032.6
1729612800000,0.9854,1.0089,0.9722,0.9991,253499.8
1729627200000,0.9991,1.0033,0.9828,0.9933,161434.3
1729641600000,0.9933,0.9996,0.9716,0.9771,249179.1
1729656000000,0.9771,0.9821,0.9632,0.9723,153922.9
1729670400000,0.9723,1.0043,0.9647,0.9992,346431.3
1729684800000,0.9992,1.0609,0.9844,1.0229,836974.3
1729699200000,1.0229,1.0697,0.9869,1.0616,676484.1
1729713600000,1.0616,1.0786,1.0489,1.0612,355715.5
1729728000000,1.0612,1.1136,1.0537,1.0869,463820.8
1729742400000,1.0869,1.101,1.0579,1.0594,341132.3
1729756800000,1.0594,1.068,1.0311,1.0466,286533.8
1729771200000,1.0466,1.0593,1.0112,1.0114,463601.5
1729785600000,1.0114,1.0398,1.0091,1.0336,216902.5
1729800000000,1.0336,1.0924,1.0261,1.0669,313800.2
1729814400000,1.0669,1.0697,1.0101,1.0118,303993.8
1729828800000,1.0118,1.0176,0.9761,0.9768,229629.3
1729843200000,0.9768,1.0092,0.9675,1.0047,219905.8
1729857600000,1.0047,1.0409,0.997,1.0071,395832.7
1729872000000,1.0071,1.0113,0.9567,0.98,359105.1
1729886400000,0.98,0.9868,0.9003,0.9557,387177.6
1729900800000,0.9557,0.9657,0.9287,0.9484,288786.7
1729915200000,0.9484,0.986,0.9477,0.9726,226515.9
1729929600000,0.9726,0.9936,0.9718,0.9797,107277.7
1729944000000,0.9797,0.9866,0.9585,0.9695,137468.2
1729958400000,0.9695,0.9964,0.9655,0.9919,126118.1
1729972800000,0.9919,1.0026,0.9758,0.9788,120377.2
1729987200000,0.9788,1.0027,0.9727,0.9897,128140.8
1730001600000,0.9897,1.0005,0.9837,0.9936,87006.1
1730016000000,0.9936,1.0196,0.993,1.0106,274417.2
1730030400000,1.0106,1.0651,1.01,1.0369,319624.2
1730044800000,1.0369,1.0471,1.0159,1.0204,287294.8
1730059200000,1.0204,1.0383,1.0173,1.019,273306.5
1730073600000,1.019,1.029,1.0069,1.0185,196129.1
1730088000000,1.0185,1.0185,0.9863,1.0113,246695.3
1730102400000,1.0113,1.0483,1.009,1.0294,325090.9
1730116800000,1.0294,1.0652,1.0136,1.0139,507351.3
1730131200000,1.0139,1.0474,1.0103,1.0281,288732.2
1730145600000,1.0281,1.0547,1.0189,1.0426,200415.5
1730160000000,1.0426,1.0707,1.0271,1.0703,261265.0
1730174400000,1.0703,1.0773,1.044,1.0485,136340.6
1730188800000,1.0485,1.0809,1.0457,1.0552,291369.7
1730203200000,1.0552,1.0569,1.0351,1.0547,260437.1
1730217600000,1.0547,1.0808,1.0455,1.0455,315515.5
1730232000000,1.0455,1.0555,1.0242,1.0476,190036.3
1730246400000,1.0476,1.0529,1.0225,1.0504,145951.6
1730260800000,1.0504,1.0769,1.0382,1.0448,215134.2
1730275200000,1.0448,1.0515,1.0215,1.0234,123670.2
1730289600000,1.0234,1.0305,0.9947,1.0017,241472.4
1730304000000,1.0017,1.0175,0.9987,1.0076,75402.5
1730318400000,1.0076,1.0217,1.0019,1.0086,96146.4
1730332800000,1.0086,1.0245,1.0051,1.0065,80497.5
1730347200000,1.0065,1.0161,0.9975,1.0057,69214.1
1730361600000,1.0057,1.0229,0.9994,1.0104,78007.2
1730376000000,1.0104,1.0158,0.9716,0.9794,195170.3
1730390400000,0.9794,0.9823,0.9662,0.9679,120863.7
1730404800000,0.9679,0.9778,0.9606,0.967,72009.5
1730419200000,0.967,0.9732,0.9504,0.9624,122754.4
1730433600000,0.9624,0.9655,0.943,0.9501,126133.6
1730448000000,0.9501,0.9847,0.9474,0.9782,146093.9
1730462400000,0.9782,1.0212,0.9485,0.952,329674.2
1730476800000,0.952,0.9754,0.949,0.9635,191455.1
1730491200000,0.9635,0.9684,0.9441,0.9603,86334.0
1730505600000,0.9603,0.9773,0.9599,0.9621,99528.1
1730520000000,0.9621,0.9631,0.9545,0.9625,62555.2
1730534400000,0.9625,0.9643,0.9421,0.9434,150344.9
1730548800000,0.9434,0.9481,0.9187,0.9237,161032.5
1730563200000,0.9237,0.9367,0.918,0.9294,68944.9
1730577600000,0.9294,0.941,0.9269,0.9317,41403.4
1730592000000,0.9317,0.9355,0.8962,0.9071,177458.9
1730606400000,0.9071,0.918,0.9025,0.9132,59599.9
1730620800000,0.9132,0.9159,0.8871,0.8889,148891.8
1730635200000,0.8889,0.8946,0.8438,0.8664,232034.1
1730649600000,0.8664,0.875,0.8529,0.8709,114619.6
1730664000000,0.8709,0.8914,0.8669,0.8837,81171.8
1730678400000,0.8837,0.8994,0.8681,0.8861,104565.3
1730692800000,0.8861,0.8937,0.8727,0.8756,54653.2
1730707200000,0.8756,0.8937,0.8649,0.8901,100229.1
1730721600000,0.8901,0.9125,0.8727,0.8784,251488.9
1730736000000,0.8784,0.8839,0.8557,0.8582,166637.6
1730750400000,0.8582,0.8611,0.8299,0.8575,194909.5
1730764800000,0.8575,0.8757,0.8554,0.8745,119505.6
1730779200000,0.8745,0.9042,0.8745,0.9034,113057.5
1730793600000,0.9034,0.9148,0.8945,0.9058,134756.1
1730808000000,0.9058,0.9471,0.8992,0.9294,242249.4
1730822400000,0.9294,0.9481,0.9018,0.9045,285966.8
1730836800000,0.9045,0.9237,0.9009,0.918,129348.5
1730851200000,0.918,1.0283,0.9115,1.0278,502529.8
1730865600000,1.0278,1.0491,1.003,1.0068,578264.6
1730880000000,1.0068,1.0218,0.9785,1.0211,304609.3
1730894400000,1.0211,1.0322,0.9996,1.0054,266738.7
1730908800000,1.0054,1.0262,0.9969,1.023,169680.2
1730923200000,1.023,1.047,1.0178,1.0348,210330.2
1730937600000,1.0348,1.073,1.0274,1.0441,204988.1
1730952000000,1.0441,1.0453,1.0083,1.022,182264.5
1730966400000,1.022,1.0347,1.0063,1.0067,220683.1
1730980800000,1.0067,1.0275,0.9843,1.0272,359533.4
1730995200000,1.0272,1.0637,1.0239,1.0542,338237.9
1731009600000,1.0542,1.0591,1.0255,1.0558,216762.5
1731024000000,1.0558,1.132,1.0558,1.0801,695942.6
1731038400000,1.0801,1.1068,1.0749,1.1004,241469.3
1731052800000,1.1004,1.1354,1.0837,1.1194,383259.0
1731067200000,1.1194,1.141,1.0937,1.1087,498409.3
1731081600000,1.1087,1.1134,1.0701,1.1056,312204.3
1731096000000,1.1056,1.1166,1.0818,1.1124,226281.1
1731110400000,1.1124,1.1337,1.0939,1.1052,289305.9
1731124800000,1.1052,1.1794,1.1052,1.1671,508822.6
1731139200000,1.1671,1.2598,1.1622,1.2319,533712.6
1731153600000,1.2319,1.2384,1.1642,1.1758,496307.5
1731168000000,1.1758,1.2147,1.1632,1.2055,231417.6
1731182400000,1.2055,1.235,1.1956,1.2161,251558.6
1731196800000,1.2161,1.2649,1.204,1.2292,298581.0
1731211200000,1.2292,1.2737,1.2247,1.2462,341011.0
1731225600000,1.2462,1.2616,1.2329,1.2528,233843.5
1731240000000,1.2528,1.2809,1.2231,1.2763,447555.9
1731254400000,1.2763,1.2998,1.2302,1.2418,347721.3
1731268800000,1.2418,1.2759,1.1701,1.2489,351916.8
1731283200000,1.2489,1.2594,1.2288,1.2421,262985.6
1731297600000,1.2421,1.244,1.1726,1.201,353917.9
1731312000000,1.201,1.2538,1.1896,1.2434,266161.7
1731326400000,1.2434,1.2556,1.1999,1.2312,415951.4
1731340800000,1.2312,1.2438,1.2132,1.2187,364509.4
1731355200000,1.2187,1.2505,1.2002,1.2412,351283.9
1731369600000,1.2412,1.2427,1.1832,1.2173,316278.1
1731384000000,1.2173,1.222,1.1837,1.222,335052.6
1731398400000,1.222,1.2712,1.1028,1.1435,798125.0
1731412800000,1.1435,1.1649,1.0953,1.1363,515051.1
1731427200000,1.1363,1.1805,1.113,1.1612,248101.7
1731441600000,1.1612,1.203,1.1483,1.1686,201903.2
1731456000000,1.1686,1.1802,1.0992,1.0993,316320.4
1731470400000,1.0993,1.1172,1.0608,1.0934,329442.0
1731484800000,1.0934,1.1257,1.0843,1.1109,173563.7
1731499200000,1.1109,1.1887,1.0999,1.1788,613592.6
1731513600000,1.1788,1.2264,1.1463,1.1483,547587.8
1731528000000,1.1483,1.1694,1.1108,1.1649,314392.8
1731542400000,1.1649,1.1792,1.1343,1.1792,206205.5
1731556800000,1.1792,1.1958,1.1527,1.1739,187709.6
1731571200000,1.1739,1.2061,1.1296,1.1467,334198.2
1731585600000,1.1467,1.1523,1.0809,1.0838,300158.4
1731600000000,1.0838,1.1247,1.0762,1.1135,172477.7
1731614400000,1.1135,1.116,1.0524,1.0671,195693.4
1731628800000,1.0671,1.0891,1.0509,1.0688,122424.3
1731643200000,1.0688,1.0778,1.0306,1.0678,134567.3
1731657600000,1.0678,1.1037,1.0551,1.1015,120514.3
1731672000000,1.1015,1.1136,1.0556,1.0663,181309.8
1731686400000,1.0663,1.1104,1.0626,1.1036,119255.5
1731700800000,1.1036,1.1467,1.103,1.1353,135306.6
1731715200000,1.1353,1.1608,1.1268,1.1586,120861.1
1731729600000,1.1586,1.1593,1.1219,1.1256,147624.8
1731744000000,1.1256,1.1391,1.1149,1.1388,95560.5
1731758400000,1.1388,1.1513,1.0835,1.0939,227397.3
1731772800000,1.0939,1.1277,1.0849,1.121,147062.2
1731787200000,1.121,1.1332,1.1087,1.1182,109517.5
1731801600000,1.1182,1.1631,1.0916,1.1617,383763.5
1731816000000,1.1617,1.3222,1.1604,1.2517,1274529.9
1731830400000,1.2517,1.2799,1.1939,1.1982,745561.3
1731844800000,1.1982,1.213,1.1702,1.192,390326.6
1731859200000,1.192,1.2069,1.1564,1.1782,265599.4
1731873600000,1.1782,1.195,1.1476,1.1924,261002.0
1731888000000,1.1924,1.2172,1.1585,1.2136,269330.0
1731902400000,1.2136,1.2313,1.1916,1.2005,314662.5
1731916800000,1.2005,1.2245,1.1673,1.1706,393119.1
1731931200000,1.1706,1.196,1.142,1.1898,352648.2
1731945600000,1.1898,1.1964,1.1261,1.151,300221.3
1731960000000,1.151,1.1799,1.1475,1.1755,173180.4
1731974400000,1.1755,1.1755,1.1521,1.1527,118191.9
1731988800000,1.1527,1.1709,1.1402,1.1601,131198.1
1732003200000,1.1601,1.1857,1.1513,1.1835,188266.5
1732017600000,1.1835,1.1943,1.1543,1.1708,303319.1
1732032000000,1.1708,1.1835,1.1554,1.1601,186349.0
1732046400000,1.1601,1.1662,1.1119,1.1358,136117.2
1732060800000,1.1358,1.1358,1.079,1.103,178179.3
1732075200000,1.103,1.119,1.0928,1.1146,76666.9
1732089600000,1.1146,1.134,1.1027,1.1148,112925.5
1732104000000,1.1148,1.1376,1.0938,1.1043,168944.4
1732118400000,1.1043,1.1094,1.051,1.0633,167235.2
1732132800000,1.0633,1.0873,1.0554,1.0698,95169.7
1732147200000,1.0698,1.0859,1.0162,1.0406,166595.1
1732161600000,1.0406,1.0859,1.0399,1.0763,168527.2
1732176000000,1.0763,1.0832,1.0472,1.0587,151673.1
1732190400000,1.0587,1.1569,1.0585,1.1057,504950.2
1732204800000,1.1057,1.1754,1.1026,1.116,413399.8
1732219200000,1.116,1.1377,1.1104,1.1314,101400.7
1732233600000,1.1314,1.1708,1.1059,1.1549,290474.7
1732248000000,1.1549,1.1586,1.1281,1.1296,164198.3
1732262400000,1.1296,1.1409,1.1089,1.1292,118194.6
1732276800000,1.1292,1.1359,1.0803,1.1126,254177.9
1732291200000,1.1126,1.1143,1.0777,1.0873,127387.2
1732305600000,1.0873,1.1239,1.0811,1.1234,133403.4
1732320000000,1.1234,1.1455,1.1159,1.1418,198824.9
1732334400000,1.1418,1.1806,1.1389,1.1564,451228.9
1732348800000,1.1564,1.1743,1.1444,1.1474,153848.7
1732363200000,1.1474,1.1985,1.1445,1.1758,273056.6
1732377600000,1.1758,1.1896,1.1013,1.1225,379531.2
1732392000000,1.1225,1.1488,1.094,1.1326,163328.4
1732406400000,1.1326,1.1779,1.1244,1.1683,160138.2
1732420800000,1.1683,1.1711,1.1381,1.16,186394.0
1732435200000,1.16,1.1706,1.0878,1.0899,339850.9
1732449600000,1.0899,1.0999,1.0401,1.0576,409779.3
1732464000000,1.0576,1.0989,1.0469,1.0932,151083.0
1732478400000,1.0932,1.1358,1.088,1.1278,148726.2
1732492800000,1.1278,1.1469,1.0972,1.122,277666.6
1732507200000,1.122,1.1459,1.1186,1.139,129713.4
1732521600000,1.139,1.1666,1.1294,1.137,179559.6
1732536000000,1.137,1.1439,1.0613,1.1142,368857.2
1732550400000,1.1142,1.1184,1.0698,1.0841,260273.7
1732564800000,1.0841,1.1005,1.0431,1.0673,184716.1
1732579200000,1.0673,1.1005,1.0524,1.0898,183400.4
1732593600000,1.0898,1.1005,1.0546,1.0606,261346.4
1732608000000,1.0606,1.0618,0.9886,1.02,437019.9
1732622400000,1.02,1.0293,0.9902,1.0025,302021.1
1732636800000,1.0025,1.0312,0.9819,1.0078,194934.2
1732651200000,1.0078,1.0364,1.0049,1.0329,157884.5
1732665600000,1.0329,1.0459,1.0153,1.035,124061.6
1732680000000,1.035,1.053,1.0236,1.0508,127728.6
1732694400000,1.0508,1.067,1.0416,1.0543,136310.4
1732708800000,1.0543,1.0792,1.0379,1.074,262276.1
1732723200000,1.074,1.0772,1.0587,1.07,150641.3
1732737600000,1.07,1.1299,1.0694,1.1193,390321.1
1732752000000,1.1193,1.1476,1.0942,1.1105,345205.4
1732766400000,1.1105,1.1147,1.0891,1.0932,137066.9
1732780800000,1.0932,1.1066,1.0785,1.0953,132295.3
1732795200000,1.0953,1.1052,1.0775,1.0809,175132.6
1732809600000,1.0809,1.1204,1.0809,1.1034,231172.9
1732824000000,1.1034,1.1383,1.1017,1.1309,177316.5
1732838400000,1.1309,1.1723,1.1184,1.168,252051.8
1732852800000,1.168,1.171,1.1409,1.1413,248843.2
1732867200000,1.1413,1.185,1.1344,1.1807,310382.4
1732881600000,1.1807,1.1981,1.1442,1.1442,321391.6
1732896000000,1.1442,1.1603,1.1362,1.1583,164922.7
1732910400000,1.1583,1.1694,1.148,1.1509,110264.4
1732924800000,1.1509,1.1631,1.1356,1.1622,155142.2
1732939200000,1.1622,1.1878,1.1602,1.18,287851.4
1732953600000,1.18,1.1829,1.1452,1.1541,211788.3
1732968000000,1.1541,1.1748,1.1513,1.1723,182581.1
1732982400000,1.1723,1.1826,1.1668,1.1732,121807.8
1732996800000,1.1732,1.1888,1.1578,1.1588,158789.1
1733011200000,1.1588,1.1714,1.1216,1.1357,259935.6
1733025600000,1.1357,1.1636,1.1285,1.1605,181373.2
1733040000000,1.1605,1.1849,1.1503,1.1828,172593.4
1733054400000,1.1828,1.258,1.1822,1.2487,546918.6
1733068800000,1.2487,1.2686,1.2235,1.2272,242850.9
1733083200000,1.2272,1.2685,1.2012,1.2497,258722.0
1733097600000,1.2497,1.2669,1.1798,1.183,366500.8
1733112000000,1.183,1.2253,1.1585,1.2007,424047.6
1733126400000,1.2007,1.2024,1.1279,1.1432,501347.0
1733140800000,1.1432,1.1927,1.1332,1.1873,303346.5
1733155200000,1.1873,1.1945,1.1197,1.1552,267523.7
1733169600000,1.1552,1.2045,1.1521,1.2027,253870.5
1733184000000,1.2027,1.2165,1.1616,1.1959,373571.4
1733198400000,1.1959,1.2291,1.1705,1.1893,374797.5
1733212800000,1.1893,1.208,1.1683,1.1921,306136.3
1733227200000,1.1921,1.1921,1.0913,1.158,791176.2
1733241600000,1.158,1.1907,1.1342,1.1885,303598.0
1733256000000,1.1885,1.2972,1.1868,1.2423,675159.1
1733270400000,1.2423,1.3291,1.2423,1.3065,808874.1
1733284800000,1.3065,1.3445,1.2884,1.2947,486258.9
1733299200000,1.2947,1.3166,1.2891,1.3082,267000.8
1733313600000,1.3082,1.3236,1.2661,1.3118,477347.5
1733328000000,1.3118,1.3258,1.2387,1.3044,468364.2
1733342400000,1.3044,1.3325,1.2662,1.2853,543486.2
1733356800000,1.2853,1.3556,1.2398,1.3014,714216.2
1733371200000,1.3014,1.3442,1.2792,1.303,309284.8
1733385600000,1.303,1.3958,1.2994,1.3909,460004.0
1733400000000,1.3909,1.4395,1.3359,1.356,885605.4
1733414400000,1.356,1.3759,1.3201,1.3282,297145.5
1733428800000,1.3282,1.3807,1.2756,1.3505,542276.6
1733443200000,1.3505,1.4132,1.3338,1.3925,427598.1
1733457600000,1.3925,1.3951,1.3752,1.3895,277024.8
1733472000000,1.3895,1.3991,1.3208,1.3325,330416.3
1733486400000,1.3325,1.3596,1.2999,1.3515,420927.8
1733500800000,1.3515,1.3651,1.3384,1.3588,186665.0
1733515200000,1.3588,1.3649,1.3249,1.34,165647.7
1733529600000,1.34,1.3543,1.3248,1.3412,173376.0
1733544000000,1.3412,1.3607,1.3335,1.3394,231297.1
1733558400000,1.3394,1.376,1.3303,1.3625,219733.4
1733572800000,1.3625,1.3943,1.3469,1.3852,199084.5
1733587200000,1.3852,1.4002,1.369,1.3883,182057.6
1733601600000,1.3883,1.4089,1.3689,1.369,137818.2
1733616000000,1.369,1.3884,1.3613,1.3749,127115.6
1733630400000,1.3749,1.3766,1.3272,1.3379,172362.2
1733644800000,1.3379,1.3391,1.2998,1.3246,197587.7
1733659200000,1.3246,1.3357,1.3108,1.3331,108463.9
1733673600000,1.3331,1.3351,1.3106,1.3254,96846.8
1733688000000,1.3254,1.3437,1.3178,1.3381,84927.5
1733702400000,1.3381,1.3402,1.2697,1.2836,284665.3
1733716800000,1.2836,1.2967,1.2536,1.2704,210072.0
1733731200000,1.2704,1.2707,1.2029,1.2092,369389.2
1733745600000,1.2092,1.2617,1.1941,1.216,422668.2
1733760000000,1.216,1.2315,1.2039,1.2048,185127.0
1733774400000,1.2048,1.2078,0.9352,1.0874,1845437.0
1733788800000,1.0874,1.1008,1.0084,1.0641,560042.5
1733803200000,1.0641,1.0811,1.0378,1.075,310486.4
1733817600000,1.075,1.094,1.0544,1.0638,242006.8
1733832000000,1.0638,1.0664,0.9866,0.9874,500271.0
1733846400000,0.9874,1.031,0.9697,1.0291,611481.1
1733860800000,1.0291,1.063,1.0225,1.0505,157889.7
1733875200000,1.0505,1.0731,1.0122,1.0713,321488.1
1733889600000,1.0713,1.0802,1.0535,1.0554,150418.4
1733904000000,1.0554,1.1365,1.0545,1.1138,310437.9
1733918400000,1.1138,1.1491,1.1031,1.138,341468.2
1733932800000,1.138,1.1537,1.1245,1.1417,166185.5
1733947200000,1.1417,1.1475,1.1261,1.1269,98746.0
1733961600000,1.1269,1.1836,1.1236,1.1741,211611.8
1733976000000,1.1741,1.1954,1.1663,1.182,151035.6
1733990400000,1.182,1.2225,1.1634,1.1692,248440.5
1734004800000,1.1692,1.2024,1.1663,1.1735,317216.0
1734019200000,1.1735,1.192,1.1317,1.1355,256565.9
1734033600000,1.1355,1.1539,1.1231,1.1418,126727.3
1734048000000,1.1418,1.1582,1.115,1.1383,164089.8
1734062400000,1.1383,1.1405,1.1047,1.1181,98685.2
1734076800000,1.1181,1.1396,1.113,1.1231,89622.8
1734091200000,1.1231,1.1392,1.1017,1.1028,167228.5
1734105600000,1.1028,1.1218,1.098,1.117,156097.6
1734120000000,1.117,1.132,1.1056,1.1262,81496.0
1734134400000,1.1262,1.1477,1.1201,1.1253,131112.4
1734148800000,1.1253,1.1397,1.1153,1.1216,77951.4
1734163200000,1.1216,1.1284,1.1008,1.1039,98402.4
1734177600000,1.1039,1.1061,1.0631,1.0887,174246.1
1734192000000,1.0887,1.0887,1.0587,1.0732,130137.8
1734206400000,1.0732,1.0899,1.0537,1.084,62847.1
1734220800000,1.084,1.0936,1.0691,1.0702,93636.3
1734235200000,1.0702,1.0885,1.0453,1.0537,67107.6
1734249600000,1.0537,1.0781,1.0518,1.0728,70141.4
1734264000000,1.0728,1.1091,1.0695,1.0995,158736.2
1734278400000,1.0995,1.1065,1.0879,1.0971,82436.4
1734292800000,1.0971,1.1181,1.0592,1.1119,119927.9
1734307200000,1.1119,1.1329,1.0817,1.0865,195989.6
1734321600000,1.0865,1.1011,1.0813,1.0933,61528.6
1734336000000,1.0933,1.0952,1.0451,1.0478,139345.9
1734350400000,1.0478,1.0707,1.0416,1.0655,135984.4
1734364800000,1.0655,1.0964,1.0628,1.0778,170347.8
1734379200000,1.0778,1.0865,1.0609,1.0641,83411.8
1734393600000,1.0641,1.0671,1.0315,1.0534,133558.4
1734408000000,1.0534,1.0547,1.0328,1.0379,68092.7
1734422400000,1.0379,1.0844,1.0372,1.0697,161380.9
1734436800000,1.0697,1.0979,1.0255,1.0376,251083.1
1734451200000,1.0376,1.0769,1.0278,1.0597,174748.4
1734465600000,1.0597,1.0661,1.0185,1.0311,117856.5
1734480000000,1.0311,1.0426,1.0034,1.0061,147667.3
1734494400000,1.0061,1.0097,0.9855,1.0002,173016.7
1734508800000,1.0002,1.0174,0.9924,1.0099,102693.9
1734523200000,1.0099,1.0136,0.9891,1.0046,130658.1
1734537600000,1.0046,1.0192,0.9814,0.9814,238692.9
1734552000000,0.9814,0.9883,0.9213,0.9254,542584.6
1734566400000,0.9254,0.938,0.8621,0.9307,398445.7
1734580800000,0.9307,0.9381,0.9215,0.937,120911.4
1734595200000,0.937,0.9447,0.9205,0.9358,129599.9
1734609600000,0.9358,0.9388,0.8809,0.901,198925.1
1734624000000,0.901,0.9093,0.8176,0.8381,715112.9
1734638400000,0.8381,0.8713,0.8115,0.8526,265035.2
1734652800000,0.8526,0.8807,0.833,0.8653,177252.0
1734667200000,0.8653,0.8711,0.8243,0.8451,183990.5
1734681600000,0.8451,0.8456,0.7462,0.7467,911812.4
1734696000000,0.7467,0.8458,0.7465,0.8399,451743.7
1734710400000,0.8399,0.8725,0.8303,0.8665,185590.4
1734724800000,0.8665,0.8874,0.8493,0.8787,139911.4
1734739200000,0.8787,0.8962,0.8716,0.8742,176246.7
1734753600000,0.8742,0.936,0.8742,0.9201,156546.6
1734768000000,0.9201,0.9232,0.8775,0.8845,137514.8
1734782400000,0.8845,0.8859,0.8267,0.8461,209227.7
1734796800000,0.8461,0.8467,0.8071,0.8204,176673.6
1734811200000,0.8204,0.8315,0.8068,0.82,100738.3
1734825600000,0.82,0.8314,0.8018,0.8155,128561.3
1734840000000,0.8155,0.82,0.7892,0.8174,108578.6
1734854400000,0.8174,0.847,0.817,0.8408,101656.8
1734868800000,0.8408,0.8498,0.7994,0.8157,186213.9
1734883200000,0.8157,0.8287,0.7966,0.7992,116534.5
1734897600000,0.7992,0.824,0.7908,0.8136,103838.8
1734912000000,0.8136,0.8439,0.7934,0.8401,120842.9
1734926400000,0.8401,0.8465,0.8093,0.8218,98480.4
1734940800000,0.8218,0.8425,0.8207,0.823,71496.7
1734955200000,0.823,0.833,0.808,0.8089,119891.7
1734969600000,0.8089,0.8505,0.808,0.8426,140817.6
1734984000000,0.8426,0.8864,0.8413,0.8714,161104.9
1734998400000,0.8714,0.8714,0.8444,0.8605,118382.8
1735012800000,0.8605,0.8693,0.8531,0.8591,89875.6
1735027200000,0.8591,0.869,0.8536,0.8668,100129.2
1735041600000,0.8668,0.9087,0.8594,0.9028,133197.9
1735056000000,0.9028,0.907,0.8861,0.8861,114233.6
1735070400000,0.8861,0.9,0.8761,0.8962,61956.4
1735084800000,0.8962,0.9189,0.8917,0.9069,112377.1
1735099200000,0.9069,0.9106,0.8953,0.8964,65947.3
1735113600000,0.8964,0.9132,0.8906,0.892,87406.7
1735128000000,0.892,0.9148,0.8871,0.9,80123.0
1735142400000,0.9,0.908,0.8859,0.9047,83606.4
1735156800000,0.9047,0.913,0.8873,0.8993,61226.7
1735171200000,0.8993,0.9115,0.8784,0.8791,100890.4
1735185600000,0.8791,0.8791,0.8556,0.8558,87710.5
1735200000000,0.8558,0.8586,0.8295,0.8446,159894.8
1735214400000,0.8446,0.8477,0.8338,0.838,76212.0
1735228800000,0.838,0.8492,0.8287,0.84,58884.7
1735243200000,0.84,0.8434,0.8256,0.8364,54234.2
1735257600000,0.8364,0.8482,0.8295,0.8387,106713.9
1735272000000,0.8387,0.8447,0.8159,0.8215,167786.2
1735286400000,0.8215,0.8657,0.8214,0.8543,171248.2
1735300800000,0.8543,0.8563,0.8084,0.8135,129972.8
1735315200000,0.8135,0.8324,0.8035,0.8273,91012.5
1735329600000,0.8273,0.8283,0.8073,0.8134,65426.5
1735344000000,0.8134,0.8189,0.8067,0.8134,71101.3
1735358400000,0.8134,0.817,0.8015,0.8017,68714.9
1735372800000,0.8017,0.8154,0.8006,0.8154,112921.6
1735387200000,0.8154,0.8333,0.8083,0.8253,96248.3
1735401600000,0.8253,0.8477,0.8231,0.8364,71599.9
1735416000000,0.8364,0.849,0.8319,0.8432,51102.0
1735430400000,0.8432,0.8451,0.8271,0.8383,49358.8
1735444800000,0.8383,0.8417,0.8279,0.8388,45551.9
1735459200000,0.8388,0.8399,0.8303,0.8322,34512.8
1735473600000,0.8322,0.8377,0.8167,0.8259,76700.3
1735488000000,0.8259,0.8272,0.8094,0.8165,58275.1
1735502400000,0.8165,0.8165,0.7965,0.8033,56389.1
1735516800000,0.8033,0.826,0.7982,0.8155,71807.4
1735531200000,0.8155,0.8276,0.8069,0.8221,62441.3
1735545600000,0.8221,0.8283,0.8145,0.8263,53512.3
1735560000000,0.8263,0.8359,0.7886,0.7971,215137.2
1735574400000,0.7971,0.8304,0.7856,0.83,120028.4
1735588800000,0.83,0.8332,0.7972,0.8134,78590.7
1735603200000,0.8134,0.8134,0.794,0.8027,62516.2
1735617600000,0.8027,0.8098,0.7956,0.8086,46857.7
1735632000000,0.8086,0.84,0.8082,0.8359,129166.1
1735646400000,0.8359,0.8545,0.8281,0.8459,116947.0
1735660800000,0.8459,0.8549,0.8294,0.8338,101799.5
1735675200000,0.8338,0.8398,0.8168,0.8169,58154.1
1735689600000,0.8169,0.8403,0.8141,0.8264,73631.9
1735704000000,0.8264,0.8271,0.8192,0.8253,33118.2
1735718400000,0.8253,0.8309,0.8064,0.8263,48639.3
1735732800000,0.8263,0.8378,0.8215,0.8376,54981.1
1735747200000,0.8376,0.8498,0.8275,0.8453,64619.8
1735761600000,0.8453,0.8552,0.8453,0.851,59785.4
1735776000000,0.851,0.8759,0.8479,0.869,111439.9
1735790400000,0.869,0.9166,0.8682,0.9032,222261.6
1735804800000,0.9032,0.919,0.8965,0.9167,104601.4
1735819200000,0.9167,0.9233,0.8963,0.9028,149885.2
1735833600000,0.9028,0.9164,0.8983,0.912,69371.7
1735848000000,0.912,0.9288,0.9061,0.923,64829.7
1735862400000,0.923,0.926,0.905,0.9194,61207.9
1735876800000,0.9194,0.9335,0.9101,0.916,139588.2
1735891200000,0.916,0.9566,0.9136,0.9524,190178.9
1735905600000,0.9524,0.9674,0.9368,0.9622,237199.7
1735920000000,0.9622,0.9731,0.9565,0.9591,111636.5
1735934400000,0.9591,0.9641,0.951,0.962,63647.8
1735948800000,0.962,0.9626,0.9469,0.9596,79813.4
1735963200000,0.9596,0.9647,0.9503,0.9602,53029.1
1735977600000,0.9602,0.9604,0.9468,0.9582,45135.6
1735992000000,0.9582,0.9672,0.9365,0.9415,88790.9
1736006400000,0.9415,0.9507,0.9379,0.948,45656.1
1736020800000,0.948,0.9538,0.9474,0.953,24899.8
1736035200000,0.953,0.9665,0.9484,0.9618,52598.1
1736049600000,0.9618,0.9656,0.9541,0.9576,48398.8
1736064000000,0.9576,0.9587,0.94,0.9507,67832.9
1736078400000,0.9507,0.957,0.9354,0.9464,71871.4
1736092800000,0.9464,0.9512,0.9344,0.9416,46025.5
1736107200000,0.9416,0.9562,0.9416,0.9456,46584.6
1736121600000,0.9456,0.9567,0.9284,0.9524,74322.0
1736136000000,0.9524,0.9558,0.9391,0.9434,66258.9
1736150400000,0.9434,0.9533,0.9337,0.9529,51660.5
1736164800000,0.9529,0.9728,0.9443,0.972,108983.5
1736179200000,0.972,0.9811,0.9508,0.9661,76995.3
1736193600000,0.9661,0.9691,0.9515,0.9554,32408.4
1736208000000,0.9554,0.9613,0.9425,0.9508,40435.3
1736222400000,0.9508,0.9518,0.9416,0.9493,32143.2
1736236800000,0.9493,0.9568,0.9412,0.9471,55741.3
1736251200000,0.9471,0.953,0.891,0.9033,237634.9
1736265600000,0.9033,0.9094,0.8655,0.8685,213465.8
1736280000000,0.8685,0.875,0.8567,0.8592,96844.2
1736294400000,0.8592,0.866,0.8359,0.8406,78568.0
1736308800000,0.8406,0.8438,0.8096,0.8266,98960.1
1736323200000,0.8266,0.8378,0.8161,0.8215,129585.5
1736337600000,0.8215,0.8391,0.815,0.8311,72212.3
1736352000000,0.8311,0.8329,0.783,0.8128,177805.1
1736366400000,0.8128,0.8333,0.8067,0.8288,45523.9
1736380800000,0.8288,0.8423,0.8184,0.8205,53432.4
1736395200000,0.8205,0.8247,0.7989,0.8003,57150.3
1736409600000,0.8003,0.8213,0.7973,0.8172,48550.7
1736424000000,0.8172,0.824,0.7829,0.8182,100598.2
1736438400000,0.8182,0.8235,0.7879,0.7885,80025.5
1736452800000,0.7885,0.7995,0.7774,0.7916,78888.6
1736467200000,0.7916,0.8051,0.7916,0.8035,50471.6
1736481600000,0.8035,0.8214,0.7988,0.8149,55146.0
1736496000000,0.8149,0.8194,0.8082,0.8134,59332.9
1736510400000,0.8134,0.8149,0.778,0.7949,178083.5
1736524800000,0.7949,0.8182,0.7843,0.8077,86114.9
1736539200000,0.8077,0.808,0.7958,0.8017,41368.5
1736553600000,0.8017,0.8043,0.7901,0.7922,41079.4
1736568000000,0.7922,0.7978,0.7868,0.791,43984.4
1736582400000,0.791,0.7977,0.7854,0.7954,38878.6
1736596800000,0.7954,0.7977,0.7881,0.7895,34661.2
1736611200000,0.7895,0.7953,0.7872,0.7896,44768.6
1736625600000,0.7896,0.8319,0.7882,0.8159,240794.2
1736640000000,0.8159,0.8211,0.8082,0.8161,37926.3
1736654400000,0.8161,0.8171,0.8029,0.8095,33753.5
1736668800000,0.8095,0.8107,0.795,0.8044,49107.0
1736683200000,0.8044,0.8191,0.7993,0.8164,48750.8
1736697600000,0.8164,0.8185,0.8053,0.8066,32299.8
1736712000000,0.8066,0.81,0.789,0.7999,47881.1
1736726400000,0.7999,0.8251,0.7799,0.7838,84012.4
1736740800000,0.7838,0.795,0.7633,0.7669,113575.7
1736755200000,0.7669,0.7682,0.7214,0.7224,195727.7
1736769600000,0.7224,0.7577,0.7073,0.7486,266521.0
1736784000000,0.7486,0.7501,0.7217,0.7389,141761.5
1736798400000,0.7389,0.7778,0.7356,0.7715,121180.1
1736812800000,0.7715,0.7851,0.7673,0.7794,43879.9
1736827200000,0.7794,0.7909,0.7794,0.7845,63476.2
1736841600000,0.7845,0.8121,0.784,0.791,226618.8
1736856000000,0.791,0.8035,0.7815,0.7901,83456.6
1736870400000,0.7901,0.7963,0.7828,0.792,34264.0
1736884800000,0.792,0.8063,0.7867,0.8005,43501.0
1736899200000,0.8005,0.8101,0.7949,0.8056,58928.0
1736913600000,0.8056,0.8085,0.7997,0.8025,49241.1
1736928000000,0.8025,0.8071,0.7779,0.7841,69648.5
1736942400000,0.7841,0.8285,0.7786,0.8212,296443.0
1736956800000,0.8212,0.8323,0.8025,0.825,448824.0
1736971200000,0.825,0.8391,0.8197,0.837,102164.4
1736985600000,0.837,0.8397,0.8042,0.8102,82626.4
1737000000000,0.8102,0.8143,0.8044,0.8099,81832.4
1737014400000,0.8099,0.8195,0.7842,0.8194,197138.1
1737028800000,0.8194,0.8346,0.7787,0.7957,402848.9
1737043200000,0.7957,0.8105,0.7947,0.8048,185474.0
1737057600000,0.8048,0.8074,0.7806,0.788,117728.5
1737072000000,0.788,0.8083,0.7869,0.7933,136456.4
1737086400000,0.7933,0.8038,0.7911,0.7997,78590.1
1737100800000,0.7997,0.8272,0.7996,0.8229,146825.6
1737115200000,0.8229,0.8368,0.8158,0.8291,204297.7
1737129600000,0.8291,0.8398,0.815,0.8226,132263.1
1737144000000,0.8226,0.8451,0.8192,0.8377,128123.1
1737158400000,0.8377,0.8783,0.8306,0.8345,501124.9
1737172800000,0.8345,0.87,0.8247,0.8439,739592.6
1737187200000,0.8439,1.102,0.8336,0.9737,3328620.2
1737201600000,0.9737,1.1143,0.9737,1.0807,2305727.0
1737216000000,1.0807,1.1289,0.9976,1.0797,2447625.1
1737230400000,1.0797,1.1673,1.0358,1.1457,1143768.9
1737244800000,1.1457,1.221,1.0709,1.1009,1445192.8
1737259200000,1.1009,1.1999,1.0916,1.176,1736739.9
1737273600000,1.176,1.2133,1.0948,1.1366,2530945.1
1737288000000,1.1366,1.1525,1.05,1.0586,1678845.4
1737302400000,1.0586,1.0877,1.0421,1.0689,531044.9
1737316800000,1.0689,1.0902,0.9407,0.9644,1445282.9
1737331200000,0.9644,0.9647,0.8907,0.9352,1092745.0
1737345600000,0.9352,1.0211,0.9288,1.0115,935254.0
1737360000000,1.0115,1.052,0.9896,0.9992,645288.1
1737374400000,0.9992,1.0036,0.9488,0.9607,506151.9
1737388800000,0.9607,0.968,0.8959,0.9391,717667.6
1737403200000,0.9391,0.9763,0.9349,0.9383,296961.3
1737417600000,0.9383,0.9491,0.8918,0.9032,417708.6
1737432000000,0.9032,0.9032,0.8788,0.8916,274524.4
1737446400000,0.8916,0.9077,0.882,0.8973,367836.8
1737460800000,0.8973,0.9102,0.8478,0.8594,560465.6
1737475200000,0.8594,0.9282,0.8565,0.9029,354842.1
1737489600000,0.9029,0.9162,0.8724,0.8819,263713.9
1737504000000,0.8819,0.8878,0.8623,0.8714,250663.2
1737518400000,0.8714,0.9047,0.8647,0.902,232938.6
1737532800000,0.902,0.9062,0.8561,0.8629,295663.2
1737547200000,0.8629,0.885,0.7941,0.853,1257457.4
1737561600000,0.853,0.8531,0.7798,0.8243,3199196.1
1737576000000,0.8243,0.8423,0.7926,0.7977,770185.2
1737590400000,0.7977,0.7979,0.769,0.7746,851818.1
1737604800000,0.7746,0.7977,0.7611,0.7946,530180.6
1737619200000,0.7946,0.8027,0.7754,0.7801,534901.0
1737633600000,0.7801,0.7954,0.7618,0.7767,700523.7
1737648000000,0.7767,0.7963,0.7703,0.7826,642732.5
1737662400000,0.7826,0.8087,0.7701,0.7963,583098.1
1737676800000,0.7963,0.8401,0.7945,0.8353,973251.5
1737691200000,0.8353,0.8907,0.8169,0.8614,1096954.2
1737705600000,0.8614,0.88,0.8423,0.8595,624700.6
1737720000000,0.8595,0.8641,0.8317,0.839,415231.8
1737734400000,0.839,0.8721,0.8352,0.8681,504980.3
1737748800000,0.8681,0.8791,0.8355,0.8431,470321.2
1737763200000,0.8431,0.8533,0.8199,0.8497,506428.0
1737777600000,0.8497,0.8694,0.8404,0.8443,442523.5
1737792000000,0.8443,0.9765,0.8412,0.9362,2844915.4
1737806400000,0.9362,0.9884,0.9297,0.9719,1667356.5
1737820800000,0.9719,1.0215,0.9663,0.9977,1546757.0
1737835200000,0.9977,1.0038,0.9654,0.9712,510041.8
1737849600000,0.9712,0.9795,0.9147,0.9205,819793.1
1737864000000,0.9205,0.9456,0.9063,0.9356,478890.2
1737878400000,0.9356,0.9357,0.898,0.9117,466405.0
1737892800000,0.9117,1.2696,0.9101,1.2563,7243466.8
1737907200000,1.2563,1.2655,1.1783,1.1877,1817557.0
1737921600000,1.1877,1.1888,1.0532,1.0541,2040761.2
1737936000000,1.0541,1.0942,0.9926,1.0041,2180022.7
1737950400000,1.0041,1.0047,0.9386,0.977,2241822.9
1737964800000,0.977,1.0774,0.9543,1.0592,2772278.5
1737979200000,1.0592,1.1071,1.0317,1.0541,2897560.7
1737993600000,1.0541,1.0725,1.0022,1.0097,1535890.2
1738008000000,1.0097,1.1541,1.0094,1.1244,1250078.9
1738022400000,1.1244,1.1912,1.115,1.1813,1605301.1
1738036800000,1.1813,1.2543,1.1813,1.2182,1840721.2
1738051200000,1.2182,1.2182,1.1634,1.2078,1065090.4
1738065600000,1.2078,1.2337,1.1737,1.1936,1178473.2
1738080000000,1.1936,1.2236,1.1338,1.1345,1359579.9
1738094400000,1.1345,1.1434,1.0984,1.1207,1088738.7
1738108800000,1.1207,1.1625,1.1123,1.1204,723740.5
1738123200000,1.1204,1.1318,1.095,1.1227,526939.2
1738137600000,1.1227,1.1356,1.0991,1.1113,407438.9
1738152000000,1.1113,1.1146,1.0606,1.0791,650243.5
1738166400000,1.0791,1.1199,1.045,1.0878,927267.5
1738180800000,1.0878,1.1522,1.0759,1.0893,932753.4
1738195200000,1.0893,1.1479,1.0656,1.1457,687972.7
1738209600000,1.1457,1.1561,1.0976,1.113,522780.7
1738224000000,1.113,1.1274,1.0941,1.1053,335267.7
1738238400000,1.1053,1.1122,1.0783,1.0928,724425.8
1738252800000,1.0928,1.1252,1.0908,1.1231,632546.5
1738267200000,1.1231,1.1242,1.0911,1.0937,305886.1
1738281600000,1.0937,1.0937,1.0386,1.0462,566715.0
1738296000000,1.0462,1.0598,1.0286,1.0324,286890.2
1738310400000,1.0324,1.0539,1.023,1.0508,341335.7
1738324800000,1.0508,1.0791,1.0384,1.0696,584719.5
1738339200000,1.0696,1.0748,1.0256,1.0356,428296.7
1738353600000,1.0356,1.045,1.0188,1.0371,167487.2
1738368000000,1.0371,1.0492,1.0162,1.0213,242145.3
1738382400000,1.0213,1.025,1.0079,1.0105,168559.5
1738396800000,1.0105,1.0337,1.0033,1.0077,341223.1
1738411200000,1.0077,1.0217,0.9929,1.0023,284562.3
1738425600000,1.0023,1.0085,0.9589,0.962,370569.3
1738440000000,0.962,0.9639,0.9195,0.9236,532993.0
1738454400000,0.9236,0.9602,0.9142,0.9167,659569.2
1738468800000,0.9167,0.9647,0.9154,0.959,440522.0
1738483200000,0.959,0.9872,0.9346,0.9381,491027.1
1738497600000,0.9381,0.9742,0.9334,0.9583,524967.2
1738512000000,0.9583,0.9643,0.8622,0.9133,1905120.0
1738526400000,0.9133,0.9257,0.8543,0.9153,995097.9
1738540800000,0.9153,0.916,0.75,0.8426,3655385.2
1738555200000,0.8426,0.8921,0.8096,0.8895,1143712.6
1738569600000,0.8895,0.9091,0.8517,0.8786,1066698.4
1738584000000,0.8786,0.9464,0.8288,0.9196,2286140.6
1738598400000,0.9196,0.9798,0.9008,0.9652,1049772.1
1738612800000,0.9652,1.0291,0.9426,1.0071,1112800.2
1738627200000,1.0071,1.0725,1.0012,1.0191,968636.2
1738641600000,1.0191,1.0204,0.9267,0.9308,727177.6
1738656000000,0.9308,0.9758,0.9174,0.9623,609825.6
1738670400000,0.9623,1.0153,0.9623,0.9967,844081.9
1738684800000,0.9967,1.0203,0.9702,0.9702,636623.5
1738699200000,0.9702,0.9787,0.9342,0.9601,632987.4
1738713600000,0.9601,0.976,0.946,0.9552,357666.7
1738728000000,0.9552,0.9593,0.9188,0.9318,440756.1
1738742400000,0.9318,0.947,0.9198,0.9421,312066.1
1738756800000,0.9421,0.9525,0.9187,0.923,284591.4
1738771200000,0.923,0.9253,0.8899,0.907,310805.8
1738785600000,0.907,0.9115,0.8806,0.8837,144940.8
1738800000000,0.8837,0.9039,0.8819,0.8978,179942.6
1738814400000,0.8978,0.908,0.8876,0.8944,217485.0
1738828800000,0.8944,0.8987,0.8746,0.8838,244562.4
1738843200000,0.8838,0.8863,0.8358,0.8421,406040.1
1738857600000,0.8421,0.8552,0.8303,0.8364,263801.1
1738872000000,0.8364,0.8462,0.8179,0.8273,181431.6
1738886400000,0.8273,0.8499,0.8251,0.8335,183596.5
1738900800000,0.8335,0.8461,0.8147,0.8298,221904.4
1738915200000,0.8298,0.8633,0.8263,0.8612,225195.3
1738929600000,0.8612,0.8788,0.8345,0.8471,558910.2
1738944000000,0.8471,0.849,0.8062,0.8067,285024.8
1738958400000,0.8067,0.8077,0.7769,0.8007,329291.2
1738972800000,0.8007,0.8069,0.7859,0.7918,162499.4
1738987200000,0.7918,0.8022,0.7823,0.7985,128434.2
1739001600000,0.7985,0.8063,0.7878,0.8014,159351.1
1739016000000,0.8014,0.8133,0.7949,0.8051,269518.7
1739030400000,0.8051,0.8451,0.7994,0.8309,295543.5
1739044800000,0.8309,0.8478,0.8261,0.84,135155.4
1739059200000,0.84,0.8761,0.8328,0.8761,237981.3
1739073600000,0.8761,0.8842,0.8397,0.8477,309325.3
1739088000000,0.8477,0.8531,0.8298,0.8306,195102.5
1739102400000,0.8306,0.8412,0.8096,0.8346,211589.9
1739116800000,0.8346,0.8452,0.8113,0.8164,128865.0
1739131200000,0.8164,0.8337,0.7904,0.8327,264721.8
1739145600000,0.8327,0.8477,0.7992,0.8229,282296.7
1739160000000,0.8229,0.8438,0.8161,0.834,147912.2
1739174400000,0.834,0.8479,0.8329,0.8411,152855.9
1739188800000,0.8411,0.8643,0.8301,0.8412,268618.4
1739203200000,0.8412,0.854,0.8359,0.8412,113287.6
1739217600000,0.8412,0.8464,0.8286,0.8349,88996.7
1739232000000,0.8349,0.8631,0.8323,0.8497,154240.9
1739246400000,0.8497,0.8759,0.8482,0.8682,219433.6
1739260800000,0.8682,0.8741,0.8518,0.8609,123067.1
1739275200000,0.8609,0.8621,0.8277,0.8355,1029088.9
1739289600000,0.8355,0.8384,0.8096,0.8134,283727.3
1739304000000,0.8134,0.8315,0.8125,0.8241,93680.2
1739318400000,0.8241,0.8279,0.8018,0.8058,101426.0
1739332800000,0.8058,0.8129,0.7976,0.8045,261612.1
1739347200000,0.8045,0.8304,0.8033,0.8302,141967.4
1739361600000,0.8302,0.842,0.7913,0.8158,482540.0
1739376000000,0.8158,0.8518,0.8015,0.8506,246430.9
1739390400000,0.8506,0.8724,0.8467,0.8605,161613.3
1739404800000,0.8605,0.8659,0.8474,0.8636,148878.3
1739419200000,0.8636,0.8647,0.8342,0.8374,142059.6
1739433600000,0.8374,0.8452,0.8266,0.831,173033.6
1739448000000,0.831,0.8344,0.8058,0.8284,329515.4
1739462400000,0.8284,0.8836,0.8156,0.8423,668949.3
1739476800000,0.8423,0.8586,0.8396,0.8504,123714.8
1739491200000,0.8504,0.8893,0.8504,0.887,373616.3
1739505600000,0.887,0.936,0.8752,0.9237,633973.6
1739520000000,0.9237,0.9631,0.9091,0.9463,821427.2
1739534400000,0.9463,0.9734,0.9321,0.9672,630373.9
1739548800000,0.9672,1.0059,0.952,0.9742,678089.3
1739563200000,0.9742,0.9756,0.9385,0.9552,516302.0
1739577600000,0.9552,0.9614,0.933,0.9568,294836.8
1739592000000,0.9568,0.9658,0.9319,0.9425,306521.4
1739606400000,0.9425,0.9522,0.9215,0.9259,192745.1
1739620800000,0.9259,0.9349,0.9129,0.9203,294726.5
1739635200000,0.9203,0.9301,0.9131,0.9243,132484.0
1739649600000,0.9243,0.9326,0.918,0.9319,88867.4
1739664000000,0.9319,0.9396,0.919,0.9331,146131.5
1739678400000,0.9331,0.9605,0.9203,0.9234,317267.1
1739692800000,0.9234,0.9297,0.9108,0.9146,254580.5
1739707200000,0.9146,0.9147,0.865,0.8761,495556.1
1739721600000,0.8761,0.8853,0.8673,0.8749,193146.0
1739736000000,0.8749,0.8854,0.8616,0.8783,264256.8
1739750400000,0.8783,0.8966,0.8509,0.8526,313170.6
1739764800000,0.8526,0.8543,0.8083,0.8101,752415.7
1739779200000,0.8101,0.8417,0.8061,0.8343,467466.4
1739793600000,0.8343,0.8487,0.8072,0.8098,442847.4
1739808000000,0.8098,0.816,0.7969,0.8058,600671.6
1739822400000,0.8058,0.8268,0.8054,0.8144,185586.0
1739836800000,0.8144,0.8174,0.7588,0.7769,578932.4
1739851200000,0.7769,0.7769,0.7098,0.7302,1482955.5
1739865600000,0.7302,0.7448,0.7201,0.7308,457685.0
1739880000000,0.7308,0.7475,0.6947,0.7007,741070.2
1739894400000,0.7007,0.7214,0.6716,0.7163,1014334.0
1739908800000,0.7163,0.729,0.7037,0.7206,345662.3
1739923200000,0.7206,0.7302,0.7031,0.7096,341599.4
1739937600000,0.7096,0.7258,0.6948,0.7188,280027.7
1739952000000,0.7188,0.7632,0.7113,0.7581,736829.7
1739966400000,0.7581,0.7588,0.7169,0.723,522247.5
1739980800000,0.723,0.7316,0.7084,0.7132,312668.5
1739995200000,0.7132,0.7272,0.7094,0.7178,479284.8
1740009600000,0.7178,0.7515,0.7132,0.748,335027.3
1740024000000,0.748,0.7605,0.7347,0.7425,276702.2
1740038400000,0.7425,0.7571,0.7391,0.7466,274753.6
1740052800000,0.7466,0.7706,0.7373,0.7603,388894.1
1740067200000,0.7603,0.7925,0.7551,0.7773,382360.2
1740081600000,0.7773,0.7893,0.7621,0.7861,207258.9
1740096000000,0.7861,0.7903,0.7634,0.7719,247553.3
1740110400000,0.7719,0.799,0.7719,0.7846,326510.1
1740124800000,0.7846,0.8409,0.7842,0.8192,588915.5
1740139200000,0.8192,0.8285,0.7741,0.7922,565793.3
1740153600000,0.7922,0.8109,0.7575,0.7584,516301.8
1740168000000,0.7584,0.7777,0.7582,0.7641,368817.0
1740182400000,0.7641,0.7924,0.7554,0.7846,255103.7
1740196800000,0.7846,0.8084,0.7817,0.795,197682.3
1740211200000,0.795,0.8097,0.7903,0.8059,188341.6
1740225600000,0.8059,0.809,0.792,0.801,170362.0
1740240000000,0.801,0.8058,0.7934,0.7938,146326.7
1740254400000,0.7938,0.7993,0.7855,0.7899,138495.9
1740268800000,0.7899,0.7906,0.7753,0.7792,115386.7
1740283200000,0.7792,0.7949,0.774,0.7941,135257.6
1740297600000,0.7941,0.7948,0.771,0.7738,110640.3
1740312000000,0.7738,0.7808,0.7582,0.7601,134829.5
1740326400000,0.7601,0.7738,0.7596,0.7712,77096.7
1740340800000,0.7712,0.7806,0.7651,0.7751,69686.3
1740355200000,0.7751,0.7847,0.7272,0.7334,279849.6
1740369600000,0.7334,0.7434,0.7212,0.739,228059.6
1740384000000,0.739,0.7407,0.7207,0.7364,260560.4
1740398400000,0.7364,0.7439,0.7101,0.7191,376786.4
1740412800000,0.7191,0.7318,0.7016,0.7106,251035.4
1740427200000,0.7106,0.7264,0.667,0.6864,709137.3
1740441600000,0.6864,0.6964,0.664,0.6719,369953.7
1740456000000,0.6719,0.6803,0.6347,0.6526,557840.4
1740470400000,0.6526,0.6805,0.6353,0.6789,593586.0
1740484800000,0.6789,0.7018,0.6571,0.6847,404865.5
1740499200000,0.6847,0.7099,0.6833,0.7017,459346.7
1740513600000,0.7017,0.7109,0.6935,0.6993,300982.3
1740528000000,0.6993,0.7234,0.6892,0.7168,215869.9
1740542400000,0.7168,0.7233,0.6926,0.6993,159470.2
1740556800000,0.6993,0.7103,0.6901,0.6906,139476.7
1740571200000,0.6906,0.707,0.6766,0.7007,306140.0
1740585600000,0.7007,0.7039,0.6651,0.6779,345052.1
1740600000000,0.6779,0.7314,0.6765,0.7312,393783.9
1740614400000,0.7312,0.7404,0.7185,0.7379,247247.4
1740628800000,0.7379,0.7487,0.7346,0.7365,195658.3
1740643200000,0.7365,0.7548,0.7356,0.7498,159629.3
1740657600000,0.7498,0.7515,0.7194,0.7206,291273.0
1740672000000,0.7206,0.739,0.7191,0.7221,137137.3
1740686400000,0.7221,0.7291,0.7128,0.7192,142298.7
1740700800000,0.7192,0.7247,0.6857,0.687,424046.2
1740715200000,0.687,0.6947,0.6711,0.6865,322071.1
1740729600000,0.6865,0.714,0.6836,0.7057,288759.9
1740744000000,0.7057,0.7499,0.7014,0.7391,622032.6
1740758400000,0.7391,0.7479,0.7297,0.7409,198251.7
1740772800000,0.7409,0.7598,0.7335,0.757,109667.1
1740787200000,0.757,0.7652,0.7373,0.7383,204992.2
1740801600000,0.7383,0.7487,0.7367,0.7472,189291.2
1740816000000,0.7472,0.7543,0.7288,0.7325,170765.8
1740830400000,0.7325,0.7366,0.7239,0.7353,192133.9
1740844800000,0.7353,0.7487,0.7335,0.7451,116929.1
1740859200000,0.7451,0.758,0.7403,0.7544,106328.1
1740873600000,0.7544,0.7598,0.7446,0.7552,241551.1
1740888000000,0.7552,0.7594,0.7453,0.7535,269369.1
1740902400000,0.7535,0.772,0.752,0.7599,337375.9
1740916800000,0.7599,0.8188,0.7388,0.7919,606170.2
1740931200000,0.7919,0.8652,0.7919,0.8294,1087582.4
1740945600000,0.8294,0.8428,0.8209,0.8358,245808.4
1740960000000,0.8358,0.8371,0.7838,0.7917,233790.7
1740974400000,0.7917,0.7986,0.7543,0.7658,241779.7
1740988800000,0.7658,0.7698,0.7423,0.756,216395.3
1741003200000,0.756,0.7682,0.7242,0.7299,347322.9
1741017600000,0.7299,0.7375,0.6763,0.6811,387455.4
1741032000000,0.6811,0.6886,0.6611,0.6724,240491.6
1741046400000,0.6724,0.682,0.6259,0.6394,444261.3
1741060800000,0.6394,0.6576,0.638,0.6405,194146.7
1741075200000,0.6405,0.6481,0.6309,0.641,158298.9
1741089600000,0.641,0.6545,0.611,0.6314,455760.6
1741104000000,0.6314,0.6527,0.5978,0.6503,379412.3
1741118400000,0.6503,0.6618,0.6377,0.6447,190445.8
1741132800000,0.6447,0.6499,0.6329,0.6332,125936.7
1741147200000,0.6332,0.6405,0.6251,0.6336,143373.8
1741161600000,0.6336,0.6642,0.6333,0.6479,352279.4
1741176000000,0.6479,0.6592,0.6267,0.6344,267463.5
1741190400000,0.6344,0.6405,0.6236,0.6327,250618.8
1741204800000,0.6327,0.6379,0.6308,0.6323,246306.8
1741219200000,0.6323,0.6402,0.6178,0.6321,246261.4
1741233600000,0.6321,0.6458,0.6226,0.6315,300990.4
1741248000000,0.6315,0.6441,0.6254,0.64,463978.2
1741262400000,0.64,0.6403,0.6179,0.6314,269280.3
1741276800000,0.6314,0.6349,0.6037,0.61,192740.9
1741291200000,0.61,0.6224,0.6086,0.6097,106436.7
1741305600000,0.6097,0.6203,0.5685,0.5929,347748.0
1741320000000,0.5929,0.6104,0.5912,0.6078,115048.7
1741334400000,0.6078,0.6157,0.6012,0.6082,194460.5
1741348800000,0.6082,0.6107,0.5866,0.5946,283235.6
1741363200000,0.5946,0.6163,0.5842,0.5994,206826.1
1741377600000,0.5994,0.6027,0.5709,0.5766,293944.9
1741392000000,0.5766,0.5804,0.5662,0.5701,154306.7
1741406400000,0.5701,0.5749,0.5617,0.5637,173580.1
1741420800000,0.5637,0.5667,0.5482,0.5525,209321.8
1741435200000,0.5525,0.5602,0.5489,0.5521,112897.8
1741449600000,0.5521,0.5569,0.5439,0.5548,256962.5
1741464000000,0.5548,0.5573,0.5445,0.5519,70875.0
1741478400000,0.5519,0.5563,0.5398,0.5442,115494.7
1741492800000,0.5442,0.5581,0.5425,0.5567,88298.5
1741507200000,0.5567,0.561,0.5351,0.5447,182828.1
1741521600000,0.5447,0.5514,0.5223,0.5235,262624.1
1741536000000,0.5235,0.5247,0.4838,0.5042,645441.7
1741550400000,0.5042,0.5135,0.4892,0.491,173436.1
1741564800000,0.491,0.5058,0.4816,0.4955,382574.3
1741579200000,0.4955,0.5142,0.4952,0.5125,106377.4
1741593600000,0.5125,0.5312,0.5011,0.5217,184972.4
1741608000000,0.5217,0.5251,0.4817,0.4954,277140.6
1741622400000,0.4954,0.4977,0.4739,0.4936,311493.6
1741636800000,0.4936,0.4941,0.4792,0.4805,146108.0
1741651200000,0.4805,0.4879,0.4469,0.481,447431.6
1741665600000,0.481,0.5001,0.4795,0.492,163653.3
1741680000000,0.492,0.51,0.491,0.5039,140204.6
1741694400000,0.5039,0.5149,0.4853,0.513,364796.2
1741708800000,0.513,0.5263,0.5035,0.5231,202022.4
1741723200000,0.5231,0.5233,0.5139,0.5153,82110.5
1741737600000,0.5153,0.5259,0.5041,0.5046,140466.1
1741752000000,0.5046,0.5137,0.4989,0.512,96506.1
1741766400000,0.512,0.5253,0.5119,0.5241,156014.4
1741780800000,0.5241,0.5403,0.504,0.5103,388976.4
1741795200000,0.5103,0.5203,0.5022,0.5035,126980.4
1741809600000,0.5035,0.5144,0.4993,0.514,104876.7
1741824000000,0.514,0.5164,0.505,0.5087,97830.0
1741838400000,0.5087,0.5097,0.4992,0.5034,90995.3
1741852800000,0.5034,0.5156,0.4993,0.5113,126316.1
1741867200000,0.5113,0.5175,0.4975,0.5015,186191.3
1741881600000,0.5015,0.5025,0.4861,0.4921,88052.7
1741896000000,0.4921,0.505,0.4887,0.5019,54504.2
1741910400000,0.5019,0.5079,0.5007,0.5051,75438.9
1741924800000,0.5051,0.5125,0.5044,0.5079,68136.0
1741939200000,0.5079,0.5154,0.5075,0.5139,74642.0
1741953600000,0.5139,0.5353,0.5094,0.5285,430014.0
1741968000000,0.5285,0.5362,0.5245,0.5326,125861.5
1741982400000,0.5326,0.5354,0.5216,0.5302,185556.3
1741996800000,0.5302,0.5331,0.5229,0.5315,85766.9
1742011200000,0.5315,0.5352,0.5274,0.5281,121305.3
1742025600000,0.5281,0.5299,0.5237,0.5262,48580.1
1742040000000,0.5262,0.5339,0.5253,0.5324,104977.6
1742054400000,0.5324,0.5386,0.528,0.5308,107767.8
1742068800000,0.5308,0.538,0.5306,0.5317,72377.8
1742083200000,0.5317,0.5355,0.5235,0.5289,80745.9
1742097600000,0.5289,0.5346,0.5256,0.5304,45603.9
1742112000000,0.5304,0.5328,0.5068,0.5078,159870.5
1742126400000,0.5078,0.5111,0.4948,0.5031,195171.6
1742140800000,0.5031,0.5153,0.4915,0.493,351737.5
1742155200000,0.493,0.4963,0.4854,0.4897,112162.0
1742169600000,0.4897,0.5036,0.4893,0.5025,116663.7
1742184000000,0.5025,0.5138,0.4986,0.5135,241214.1
1742198400000,0.5135,0.5263,0.5081,0.522,139505.2
1742212800000,0.522,0.5297,0.5098,0.5179,307546.0
1742227200000,0.5179,0.5297,0.5123,0.5254,187172.7
1742241600000,0.5254,0.5267,0.5198,0.5206,67941.0
1742256000000,0.5206,0.5213,0.5045,0.5065,99271.9
1742270400000,0.5065,0.5154,0.5025,0.5129,124992.9
1742284800000,0.5129,0.5181,0.5043,0.5055,104882.2
1742299200000,0.5055,0.5073,0.4952,0.4962,164633.8
1742313600000,0.4962,0.5019,0.493,0.5005,234828.5
1742328000000,0.5005,0.5123,0.4964,0.5107,87906.2
1742342400000,0.5107,0.5196,0.5082,0.5186,173412.0
1742356800000,0.5186,0.5199,0.5129,0.5134,69983.1
1742371200000,0.5134,0.5293,0.513,0.5269,194111.7
1742385600000,0.5269,0.5414,0.5218,0.5393,596692.3
1742400000000,0.5393,0.5415,0.5244,0.5372,373914.9
1742414400000,0.5372,0.5479,0.5323,0.5452,168093.8
1742428800000,0.5452,0.5484,0.5326,0.5356,170925.7
1742443200000,0.5356,0.5442,0.5342,0.5412,127548.0
1742457600000,0.5412,0.5423,0.5254,0.53,127840.3
1742472000000,0.53,0.5405,0.5258,0.5264,125722.3
1742486400000,0.5264,0.5304,0.5171,0.526,151405.0
1742500800000,0.526,0.53,0.5238,0.5278,45801.8
1742515200000,0.5278,0.5335,0.5196,0.5212,61225.6
1742529600000,0.5212,0.5269,0.5175,0.5203,59774.9
1742544000000,0.5203,0.5216,0.505,0.5071,80338.1
1742558400000,0.5071,0.5125,0.5044,0.507,92166.3
1742572800000,0.507,0.5222,0.5041,0.5191,128583.0
1742587200000,0.5191,0.5254,0.5127,0.5182,87599.6
1742601600000,0.5182,0.5229,0.5136,0.5189,52329.1
1742616000000,0.5189,0.5317,0.5181,0.525,100294.2
1742630400000,0.525,0.535,0.5227,0.5295,73792.2
1742644800000,0.5295,0.5299,0.5199,0.5253,55737.9
1742659200000,0.5253,0.5306,0.5236,0.5279,52033.7
1742673600000,0.5279,0.5285,0.5197,0.5228,64167.3
1742688000000,0.5228,0.5411,0.5199,0.541,58681.4
1742702400000,0.541,0.5476,0.5316,0.5432,179222.1
1742716800000,0.5432,0.5585,0.5388,0.5578,218855.9
1742731200000,0.5578,0.5665,0.5482,0.5494,285934.4
1742745600000,0.5494,0.5504,0.5352,0.536,94132.7
1742760000000,0.536,0.5458,0.5319,0.5457,64446.8
1742774400000,0.5457,0.5597,0.5359,0.5597,161585.8
1742788800000,0.5597,0.5671,0.5545,0.5574,234887.2
1742803200000,0.5574,0.5795,0.5574,0.5752,297007.4
1742817600000,0.5752,0.5838,0.5686,0.5724,438463.2
1742832000000,0.5724,0.5729,0.5637,0.5702,121429.3
1742846400000,0.5702,0.5739,0.5601,0.5689,174523.1
1742860800000,0.5689,0.5733,0.5565,0.5581,126549.5
1742875200000,0.5581,0.5661,0.5556,0.5575,125357.4
1742889600000,0.5575,0.5763,0.5573,0.5701,248022.1
1742904000000,0.5701,0.581,0.5635,0.5677,425272.5
1742918400000,0.5677,0.5725,0.5612,0.5676,214663.5
1742932800000,0.5676,0.5717,0.557,0.5595,156588.0
1742947200000,0.5595,0.5692,0.5525,0.5541,211538.5
1742961600000,0.5541,0.5732,0.5536,0.573,261184.7
1742976000000,0.573,0.5792,0.5671,0.574,116468.2
1742990400000,0.574,0.5747,0.544,0.5469,281273.9
1743004800000,0.5469,0.5506,0.5336,0.5394,134818.9
1743019200000,0.5394,0.5454,0.5326,0.5371,84683.9
1743033600000,0.5371,0.555,0.5366,0.5545,122877.7
1743048000000,0.5545,0.5556,0.5487,0.5523,79219.2
1743062400000,0.5523,0.5544,0.5381,0.5396,137522.8
1743076800000,0.5396,0.5495,0.5337,0.5414,147418.3
1743091200000,0.5414,0.5479,0.5376,0.5445,106739.5
1743105600000,0.5445,0.55,0.5425,0.5467,41406.8
1743120000000,0.5467,0.5499,0.537,0.5384,125395.7
1743134400000,0.5384,0.5399,0.5139,0.5153,160548.8
1743148800000,0.5153,0.5169,0.5048,0.5112,130111.9
1743163200000,0.5112,0.5135,0.4989,0.5022,163882.2
1743177600000,0.5022,0.5048,0.496,0.4974,74750.6
1743192000000,0.4974,0.5017,0.4915,0.4966,117228.8
1743206400000,0.4966,0.5017,0.4846,0.4927,80634.8
1743220800000,0.4927,0.4941,0.4752,0.4776,91904.7
1743235200000,0.4776,0.4839,0.462,0.4639,179920.4
1743249600000,0.4639,0.4713,0.4611,0.4623,104222.2
1743264000000,0.4623,0.4667,0.4508,0.4667,192362.0
1743278400000,0.4667,0.4737,0.4611,0.4729,140510.0
1743292800000,0.4729,0.4884,0.4697,0.4794,155850.0
1743307200000,0.4794,0.487,0.4794,0.4849,123267.5
1743321600000,0.4849,0.4908,0.4825,0.4847,149055.1
1743336000000,0.4847,0.4871,0.4747,0.485,210406.9
1743350400000,0.485,0.4908,0.4774,0.4855,177146.1
1743364800000,0.4855,0.4893,0.4754,0.4818,57088.9
1743379200000,0.4818,0.4869,0.4728,0.4765,86008.8
1743393600000,0.4765,0.4841,0.4691,0.472,62333.6
1743408000000,0.472,0.4764,0.4373,0.448,457624.6
1743422400000,0.448,0.4582,0.4401,0.4425,588702.8
1743436800000,0.4425,0.4449,0.4248,0.4293,347589.2
1743451200000,0.4293,0.4312,0.4214,0.4228,258376.3
1743465600000,0.4228,0.4343,0.4157,0.4276,378158.7
1743480000000,0.4276,0.4355,0.4259,0.429,313209.6
1743494400000,0.429,0.4383,0.4179,0.4199,568022.3
1743508800000,0.4199,0.4332,0.4137,0.4278,445691.8
1743523200000,0.4278,0.4319,0.4178,0.419,195389.4
1743537600000,0.419,0.4302,0.4159,0.4245,194822.4
1743552000000,0.4245,0.4257,0.4006,0.4039,305369.4
1743566400000,0.4039,0.4061,0.3944,0.3985,381441.5
1743580800000,0.3985,0.4098,0.3956,0.3995,297545.3
1743595200000,0.3995,0.4224,0.3971,0.4177,424609.4
1743609600000,0.4177,0.4219,0.4036,0.4116,229149.2
1743624000000,0.4116,0.4266,0.3725,0.3801,624113.6
1743638400000,0.3801,0.3892,0.3767,0.3856,218991.0
1743652800000,0.3856,0.39,0.3774,0.3792,184605.8
1743667200000,0.3792,0.3817,0.3622,0.3686,206096.1
1743681600000,0.3686,0.3712,0.3575,0.3636,313996.1
1743696000000,0.3636,0.3863,0.3622,0.386,242107.7
1743710400000,0.386,0.3921,0.3853,0.39,131374.8
1743724800000,0.39,0.3955,0.3813,0.3921,111585.4
1743739200000,0.3921,0.3987,0.3856,0.3962,146294.8
1743753600000,0.3962,0.3993,0.3712,0.3776,249458.6
1743768000000,0.3776,0.3986,0.3748,0.3902,454089.9
1743782400000,0.3902,0.4103,0.3889,0.4023,367890.7
1743796800000,0.4023,0.4094,0.3988,0.405,95177.3
1743811200000,0.405,0.4087,0.3991,0.3998,52938.4
1743825600000,0.3998,0.4027,0.3981,0.401,90097.0
1743840000000,0.401,0.4034,0.3953,0.3958,66735.3
1743854400000,0.3958,0.3964,0.3841,0.385,115658.8
1743868800000,0.385,0.3913,0.3846,0.3872,56293.4
1743883200000,0.3872,0.39,0.3782,0.3851,71063.4
1743897600000,0.3851,0.3871,0.3799,0.3831,67485.7
1743912000000,0.3831,0.3882,0.3771,0.3783,160101.1
1743926400000,0.3783,0.3859,0.3768,0.3798,57758.8
1743940800000,0.3798,0.38,0.3623,0.3678,154943.7
1743955200000,0.3678,0.3687,0.3369,0.3452,380755.4
1743969600000,0.3452,0.3492,0.3302,0.3377,416892.2
1743984000000,0.3377,0.3445,0.3234,0.3276,362068.7
1743998400000,0.3276,0.335,0.3021,0.312,637412.3
1744012800000,0.312,0.3333,0.3101,0.3259,368680.0
1744027200000,0.3259,0.3595,0.3251,0.3383,943033.3
1744041600000,0.3383,0.3424,0.3297,0.3355,237558.9
1744056000000,0.3355,0.3448,0.3355,0.3396,104060.0
1744070400000,0.3396,0.349,0.3358,0.3419,146125.1
1744084800000,0.3419,0.3442,0.3335,0.336,132836.5
1744099200000,0.336,0.3512,0.3332,0.3503,99899.7
1744113600000,0.3503,0.3515,0.337,0.3395,227863.6
1744128000000,0.3395,0.3405,0.3278,0.3356,263598.9
1744142400000,0.3356,0.3427,0.3299,0.3333,232906.3
1744156800000,0.3333,0.3376,0.3168,0.3292,331426.7
1744171200000,0.3292,0.3437,0.3288,0.3426,233244.5
1744185600000,0.3426,0.3456,0.334,0.3369,180282.7
1744200000000,0.3369,0.3514,0.3353,0.3485,188804.8
1744214400000,0.3485,0.3771,0.3437,0.3754,494405.6
1744228800000,0.3754,0.3837,0.3728,0.3787,200250.9
1744243200000,0.3787,0.3791,0.3656,0.369,103083.5
1744257600000,0.369,0.3733,0.364,0.37,110407.2
1744272000000,0.37,0.3706,0.3614,0.3631,83405.3
1744286400000,0.3631,0.3709,0.3508,0.3523,236077.6
1744300800000,0.3523,0.3617,0.3506,0.3582,211877.7
1744315200000,0.3582,0.3664,0.3581,0.3623,38512.3
1744329600000,0.3623,0.3719,0.3599,0.3701,116036.3
1744344000000,0.3701,0.3743,0.3675,0.3687,141857.3
1744358400000,0.3687,0.3772,0.3668,0.3721,191071.4
1744372800000,0.3721,0.3823,0.3709,0.3814,261621.4
1744387200000,0.3814,0.3949,0.3775,0.3867,207399.5
1744401600000,0.3867,0.3925,0.3817,0.3842,73878.8
1744416000000,0.3842,0.3874,0.3789,0.3791,70847.3
1744430400000,0.3791,0.3877,0.3762,0.3865,93903.4
1744444800000,0.3865,0.3958,0.3853,0.392,162346.0
1744459200000,0.392,0.4112,0.3901,0.4082,331851.1
1744473600000,0.4082,0.4101,0.4007,0.4056,177325.4
1744488000000,0.4056,0.4112,0.4038,0.4071,85638.8
1744502400000,0.4071,0.409,0.4009,0.4014,87837.2
1744516800000,0.4014,0.4026,0.3956,0.3963,50637.9
1744531200000,0.3963,0.4044,0.3957,0.4003,104056.2
1744545600000,0.4003,0.4029,0.3911,0.395,114554.3
1744560000000,0.395,0.4098,0.3902,0.3936,226362.0
1744574400000,0.3936,0.3986,0.3766,0.3824,181344.2
1744588800000,0.3824,0.3986,0.3811,0.3853,196857.8
1744603200000,0.3853,0.3951,0.3829,0.3872,156314.6
1744617600000,0.3872,0.3922,0.3816,0.3909,168498.3
1744632000000,0.3909,0.3981,0.3735,0.3765,257635.9
1744646400000,0.3765,0.3864,0.3724,0.3818,167071.7
1744660800000,0.3818,0.3852,0.378,0.3809,54478.8
1744675200000,0.3809,0.3855,0.3736,0.3839,123246.7
1744689600000,0.3839,0.3857,0.3776,0.3823,171465.4
1744704000000,0.3823,0.3854,0.3784,0.3812,106622.1
1744718400000,0.3812,0.3885,0.3732,0.3756,321542.2
1744732800000,0.3756,0.3762,0.3622,0.3642,147259.0
1744747200000,0.3642,0.3656,0.354,0.3558,91744.6
1744761600000,0.3558,0.368,0.3522,0.3628,188980.1
1744776000000,0.3628,0.3652,0.3542,0.355,151389.8
1744790400000,0.355,0.3602,0.3499,0.3591,136558.7
1744804800000,0.3591,0.3663,0.3522,0.3609,132378.5
1744819200000,0.3609,0.3711,0.3481,0.3687,301222.7
1744833600000,0.3687,0.3742,0.3616,0.362,85512.3
1744848000000,0.362,0.3682,0.3596,0.3636,83777.2
1744862400000,0.3636,0.3744,0.3625,0.3698,143380.2
1744876800000,0.3698,0.3711,0.3645,0.3664,62557.2
1744891200000,0.3664,0.3707,0.3548,0.3665,182183.9
1744905600000,0.3665,0.3764,0.3638,0.3695,167747.7
1744920000000,0.3695,0.3744,0.3667,0.3673,43342.5
1744934400000,0.3673,0.3736,0.3645,0.3713,67600.1
1744948800000,0.3713,0.3777,0.3703,0.3776,95278.9
1744963200000,0.3776,0.3824,0.3762,0.3788,101778.2
1744977600000,0.3788,0.3812,0.3708,0.3734,70610.3
1744992000000,0.3734,0.3787,0.3727,0.3751,50402.9
1745006400000,0.3751,0.3761,0.3711,0.3732,43302.4
1745020800000,0.3732,0.3871,0.3712,0.3839,92834.1
1745035200000,0.3839,0.3925,0.3808,0.3848,122915.8
1745049600000,0.3848,0.3878,0.3823,0.3844,70395.3
1745064000000,0.3844,0.3944,0.3824,0.39,77906.9
1745078400000,0.39,0.3925,0.3855,0.3898,50710.7
1745092800000,0.3898,0.3996,0.3882,0.3965,59515.5
1745107200000,0.3965,0.4029,0.3951,0.4,83162.9
1745121600000,0.4,0.4076,0.397,0.4017,142135.8
1745136000000,0.4017,0.4037,0.3869,0.3885,141170.1
1745150400000,0.3885,0.392,0.3817,0.3827,147472.1
1745164800000,0.3827,0.3923,0.3823,0.3923,70263.3
1745179200000,0.3923,0.3992,0.3891,0.3929,58487.2
1745193600000,0.3929,0.4068,0.3925,0.3952,158667.2
1745208000000,0.3952,0.4016,0.3947,0.4001,69392.6
1745222400000,0.4001,0.404,0.3967,0.3986,138556.1
1745236800000,0.3986,0.4062,0.3958,0.4026,182335.7
1745251200000,0.4026,0.4056,0.3925,0.4049,129829.0
1745265600000,0.4049,0.4058,0.4,0.4045,39144.4
1745280000000,0.4045,0.4129,0.3984,0.4029,156695.7
1745294400000,0.4029,0.4093,0.3958,0.409,101156.3
1745308800000,0.409,0.4115,0.4028,0.4104,106012.1
1745323200000,0.4104,0.4285,0.4079,0.4284,359316.6
1745337600000,0.4284,0.4316,0.4237,0.4268,122180.8
1745352000000,0.4268,0.4424,0.4236,0.4403,163344.8
1745366400000,0.4403,0.449,0.436,0.4487,234560.7
1745380800000,0.4487,0.4543,0.4444,0.4517,206901.1
1745395200000,0.4517,0.4671,0.4463,0.4524,339306.2
1745409600000,0.4524,0.4698,0.4496,0.4579,656032.2
1745424000000,0.4579,0.4597,0.445,0.4475,165803.0
1745438400000,0.4475,0.4561,0.4475,0.4539,63608.3
1745452800000,0.4539,0.4552,0.4301,0.4305,295284.6
1745467200000,0.4305,0.443,0.4286,0.4305,152179.8
1745481600000,0.4305,0.4391,0.4244,0.439,133450.2
1745496000000,0.439,0.4561,0.4368,0.4481,198241.3
1745510400000,0.4481,0.4555,0.4424,0.4508,110927.9
1745524800000,0.4508,0.461,0.4472,0.4599,151672.6
1745539200000,0.4599,0.4791,0.4567,0.4697,234520.0
1745553600000,0.4697,0.4816,0.4648,0.4799,147069.5
1745568000000,0.4799,0.5043,0.4798,0.5043,327877.8
1745582400000,0.5043,0.5065,0.4865,0.4886,430352.9
1745596800000,0.4886,0.4944,0.4802,0.4852,143091.7
1745611200000,0.4852,0.4912,0.4788,0.4831,93265.5
1745625600000,0.4831,0.5096,0.4831,0.5096,151038.6
1745640000000,0.5096,0.5096,0.4915,0.4962,112961.4
1745654400000,0.4962,0.501,0.4784,0.4804,190772.5
1745668800000,0.4804,0.4869,0.4717,0.4859,175515.4
1745683200000,0.4859,0.4867,0.4776,0.4818,52062.3
1745697600000,0.4818,0.4845,0.4777,0.4802,54206.2
1745712000000,0.4802,0.4831,0.4642,0.4679,106229.9
1745726400000,0.4679,0.4693,0.4557,0.4645,106668.5
1745740800000,0.4645,0.47,0.4623,0.4633,74156.1
1745755200000,0.4633,0.4688,0.4563,0.4659,65690.9
1745769600000,0.4659,0.4766,0.4596,0.4684,74464.1
1745784000000,0.4684,0.4728,0.4629,0.4636,83864.9
1745798400000,0.4636,0.4675,0.4451,0.4658,132093.0
1745812800000,0.4658,0.4816,0.462,0.478,97982.4
1745827200000,0.478,0.4853,0.4724,0.4768,158239.6
1745841600000,0.4768,0.4775,0.452,0.4544,151847.2
1745856000000,0.4544,0.4672,0.4506,0.4655,127673.4
1745870400000,0.4655,0.4697,0.4615,0.4697,54751.0
1745884800000,0.4697,0.4859,0.4691,0.4762,186247.0
1745899200000,0.4762,0.4774,0.4616,0.4723,111376.1
1745913600000,0.4723,0.4733,0.4581,0.4639,119603.0
1745928000000,0.4639,0.4718,0.4557,0.4689,153255.5
1745942400000,0.4689,0.4751,0.4642,0.4707,228290.2
1745956800000,0.4707,0.4718,0.4453,0.4483,140308.4
1745971200000,0.4483,0.4598,0.4465,0.4584,210833.8
1745985600000,0.4584,0.4628,0.4518,0.4534,84612.9
1746000000000,0.4534,0.461,0.452,0.459,35309.2
1746014400000,0.459,0.4612,0.4308,0.4475,161263.0
1746028800000,0.4475,0.4625,0.4427,0.4588,70347.0
1746043200000,0.4588,0.4695,0.4576,0.469,80975.4
1746057600000,0.469,0.4783,0.4672,0.469,115540.4
1746072000000,0.469,0.4811,0.4661,0.4798,76139.1
1746086400000,0.4798,0.4833,0.4719,0.472,93056.6
1746100800000,0.472,0.4762,0.4578,0.4603,215223.0
1746115200000,0.4603,0.4657,0.4595,0.4624,74070.1
1746129600000,0.4624,0.4689,0.4606,0.464,38914.5
1746144000000,0.464,0.475,0.464,0.4681,94363.3
1746158400000,0.4681,0.4684,0.4549,0.4555,258513.1
1746172800000,0.4555,0.4643,0.4553,0.4588,96584.9
1746187200000,0.4588,0.462,0.452,0.4552,223429.7
1746201600000,0.4552,0.466,0.4551,0.4594,103167.6
1746216000000,0.4594,0.4674,0.4572,0.4628,40162.9
1746230400000,0.4628,0.4651,0.4541,0.4593,51370.7
1746244800000,0.4593,0.4607,0.451,0.4518,47159.7
1746259200000,0.4518,0.4546,0.4388,0.4402,88389.9
1746273600000,0.4402,0.4474,0.4402,0.4413,122564.7
1746288000000,0.4413,0.4416,0.4274,0.4372,87854.7
1746302400000,0.4372,0.4376,0.4315,0.4319,25377.3
1746316800000,0.4319,0.4348,0.4261,0.4264,59258.8
1746331200000,0.4264,0.4313,0.4252,0.4267,45664.0
1746345600000,0.4267,0.4285,0.419,0.4279,138564.4
1746360000000,0.4279,0.4311,0.423,0.4272,51456.0
1746374400000,0.4272,0.4293,0.4215,0.4241,52210.3
1746388800000,0.4241,0.4308,0.4223,0.426,40580.1
1746403200000,0.426,0.4326,0.4222,0.4307,64976.1
1746417600000,0.4307,0.4374,0.4293,0.4353,40835.9
1746432000000,0.4353,0.4365,0.4227,0.4266,49506.9
1746446400000,0.4266,0.4331,0.4231,0.4254,64618.2
1746460800000,0.4254,0.4356,0.4245,0.4308,41540.0
1746475200000,0.4308,0.434,0.4232,0.4285,43913.9
1746489600000,0.4285,0.4306,0.4209,0.4298,46036.7
1746504000000,0.4298,0.4321,0.4267,0.428,65808.5
1746518400000,0.428,0.4281,0.4057,0.4089,151650.4
1746532800000,0.4089,0.4231,0.407,0.4151,133277.8
1746547200000,0.4151,0.4195,0.4078,0.415,75626.9
1746561600000,0.415,0.4223,0.4019,0.4214,62631.0
1746576000000,0.4214,0.4296,0.4178,0.4222,56297.1
1746590400000,0.4222,0.4239,0.4135,0.4219,63990.2
1746604800000,0.4219,0.4243,0.4189,0.424,38153.1
1746619200000,0.424,0.4247,0.4147,0.4158,49522.3
1746633600000,0.4158,0.4223,0.4095,0.4179,82692.1
1746648000000,0.4179,0.4318,0.4163,0.4299,66374.1
1746662400000,0.4299,0.4413,0.4295,0.4386,128570.9
1746676800000,0.4386,0.4474,0.4383,0.4447,135287.3
1746691200000,0.4447,0.4598,0.4446,0.456,187681.6
1746705600000,0.456,0.4667,0.4529,0.4605,223002.5
1746720000000,0.4605,0.4669,0.4579,0.4666,124226.2
1746734400000,0.4666,0.484,0.4653,0.4772,159306.0
1746748800000,0.4772,0.4869,0.472,0.4781,105537.6
1746763200000,0.4781,0.5162,0.4776,0.5094,228289.6
1746777600000,0.5094,0.5369,0.4991,0.5214,377104.0
1746792000000,0.5214,0.5503,0.5154,0.5346,447646.4
1746806400000,0.5346,0.5385,0.5233,0.5325,155144.6
1746820800000,0.5325,0.5462,0.5314,0.541,83421.3
1746835200000,0.541,0.579,0.541,0.5492,348938.8
1746849600000,0.5492,0.5511,0.5406,0.547,154369.7
1746864000000,0.547,0.5534,0.5257,0.5273,151641.6
1746878400000,0.5273,0.5345,0.5188,0.5213,164395.8
1746892800000,0.5213,0.5392,0.5197,0.5385,184330.6
1746907200000,0.5385,0.5749,0.5329,0.5742,220249.5
1746921600000,0.5742,0.5973,0.5529,0.5843,438661.2
1746936000000,0.5843,0.589,0.5467,0.5481,207415.1
1746950400000,0.5481,0.5644,0.5454,0.5625,99933.9
1746964800000,0.5625,0.5735,0.5497,0.5537,148345.8
1746979200000,0.5537,0.567,0.5464,0.5607,79948.8
1746993600000,0.5607,0.5649,0.5528,0.5593,51519.4
1747008000000,0.5593,0.5863,0.558,0.5859,157332.6
1747022400000,0.5859,0.6057,0.5695,0.5826,356266.1
1747036800000,0.5826,0.5885,0.5658,0.5685,228640.5
1747051200000,0.5685,0.5905,0.5525,0.5543,378462.9
1747065600000,0.5543,0.5669,0.5229,0.5416,227704.0
1747080000000,0.5416,0.565,0.5386,0.5604,72133.0
1747094400000,0.5604,0.5617,0.5228,0.5242,136351.7
1747108800000,0.5242,0.5455,0.5224,0.5439,81978.1
1747123200000,0.5439,0.5605,0.5398,0.5522,130377.8
1747137600000,0.5522,0.5595,0.5419,0.5574,143480.0
1747152000000,0.5574,0.5858,0.556,0.5791,207093.0
1747166400000,0.5791,0.5804,0.5588,0.5651,220631.0
1747180800000,0.5651,0.5684,0.5482,0.5585,197879.1
1747195200000,0.5585,0.5799,0.557,0.5695,161626.8
1747209600000,0.5695,0.5736,0.5496,0.5685,155619.1
1747224000000,0.5685,0.569,0.5437,0.5554,141047.3
1747238400000,0.5554,0.5588,0.5248,0.5324,326145.0
1747252800000,0.5324,0.5379,0.5243,0.5258,158344.1
1747267200000,0.5258,0.529,0.5134,0.5153,294895.7
1747281600000,0.5153,0.5223,0.493,0.4939,116280.8
1747296000000,0.4939,0.5102,0.4922,0.501,110191.2
1747310400000,0.501,0.5141,0.4876,0.5126,230123.2
1747324800000,0.5126,0.5277,0.4992,0.5031,157769.2
1747339200000,0.5031,0.5066,0.4872,0.4993,101850.7
1747353600000,0.4993,0.5124,0.4949,0.5108,107555.9
1747368000000,0.5108,0.5152,0.5029,0.5076,125666.8
1747382400000,0.5076,0.5109,0.4942,0.4977,117247.9
1747396800000,0.4977,0.5145,0.4944,0.509,163055.6
1747411200000,0.509,0.5127,0.5013,0.5103,71602.6
1747425600000,0.5103,0.5108,0.4907,0.495,53710.8
1747440000000,0.495,0.4968,0.4793,0.4916,84833.1
1747454400000,0.4916,0.4954,0.485,0.4903,47716.0
1747468800000,0.4903,0.492,0.4812,0.4843,38911.0
1747483200000,0.4843,0.4863,0.4726,0.4808,67553.7
1747497600000,0.4808,0.482,0.4689,0.4704,72879.3
1747512000000,0.4704,0.4826,0.4697,0.4765,49149.6
1747526400000,0.4765,0.4954,0.4738,0.493,79882.7
1747540800000,0.493,0.5112,0.492,0.511,98012.0
1747555200000,0.511,0.5194,0.5061,0.5099,85508.9
1747569600000,0.5099,0.5303,0.5056,0.5284,177613.7
1747584000000,0.5284,0.5307,0.4889,0.4898,172650.0
1747598400000,0.4898,0.5156,0.4816,0.5127,161364.7
1747612800000,0.5127,0.5149,0.4861,0.4872,94293.6
1747627200000,0.4872,0.4907,0.4705,0.4789,161518.6
1747641600000,0.4789,0.4789,0.4704,0.4742,66035.8
1747656000000,0.4742,0.4869,0.4652,0.4835,101569.3
1747670400000,0.4835,0.4954,0.4784,0.4874,72867.1
1747684800000,0.4874,0.4912,0.4829,0.489,42828.4
1747699200000,0.489,0.506,0.4846,0.4949,163218.0
1747713600000,0.4949,0.5028,0.4896,0.4917,143626.9
1747728000000,0.4917,0.501,0.4874,0.4971,95482.1
1747742400000,0.4971,0.5057,0.4931,0.5013,111246.6
1747756800000,0.5013,0.5069,0.4891,0.5001,84693.9
1747771200000,0.5001,0.5074,0.4966,0.5051,51474.5
1747785600000,0.5051,0.5094,0.4931,0.5065,82694.2
1747800000000,0.5065,0.5266,0.5042,0.5221,210173.6
1747814400000,0.5221,0.534,0.514,0.5319,188654.0
1747828800000,0.5319,0.5358,0.5224,0.5313,181447.6
1747843200000,0.5313,0.543,0.5031,0.5179,242840.3
1747857600000,0.5179,0.5277,0.5081,0.5189,85332.6
1747872000000,0.5189,0.5369,0.518,0.5336,100195.5
1747886400000,0.5336,0.5476,0.5297,0.5452,193278.8
1747900800000,0.5452,0.5592,0.5411,0.546,147591.8
1747915200000,0.546,0.575,0.546,0.5713,375069.8
1747929600000,0.5713,0.581,0.569,0.577,172055.5
1747944000000,0.577,0.5934,0.5729,0.5817,181903.9
1747958400000,0.5817,0.6335,0.5815,0.6209,452621.0
1747972800000,0.6209,0.623,0.5869,0.595,290848.4
1747987200000,0.595,0.6299,0.5708,0.5766,520322.5
1748001600000,0.5766,0.6292,0.5657,0.6057,642950.6
1748016000000,0.6057,0.6182,0.5778,0.5813,336980.6
1748030400000,0.5813,0.582,0.5536,0.5574,184951.1
1748044800000,0.5574,0.5825,0.5536,0.5777,134769.0
1748059200000,0.5777,0.5784,0.5547,0.5559,116484.4
1748073600000,0.5559,0.5714,0.5528,0.5687,107745.6
1748088000000,0.5687,0.569,0.555,0.559,80322.2
1748102400000,0.559,0.5633,0.5516,0.5594,75954.3
1748116800000,0.5594,0.5619,0.544,0.5459,63563.2
1748131200000,0.5459,0.5496,0.5322,0.5421,85323.0
1748145600000,0.5421,0.5427,0.5287,0.5301,88871.6
1748160000000,0.5301,0.5301,0.5183,0.5247,76828.7
1748174400000,0.5247,0.5315,0.5102,0.5157,160954.6
1748188800000,0.5157,0.5341,0.5093,0.5306,75456.1
1748203200000,0.5306,0.5607,0.5267,0.5574,184763.4
1748217600000,0.5574,0.5706,0.5554,0.5686,159539.1
1748232000000,0.5686,0.6228,0.5652,0.6222,433413.0
1748246400000,0.6222,0.6233,0.5999,0.615,402606.0
1748260800000,0.615,0.6222,0.5997,0.6127,420805.5
1748275200000,0.6127,0.6243,0.6032,0.6115,320086.4
1748289600000,0.6115,0.6158,0.6036,0.6081,102426.4
1748304000000,0.6081,0.6271,0.5877,0.6012,321375.1
1748318400000,0.6012,0.6228,0.5931,0.6147,200870.3
1748332800000,0.6147,0.6546,0.6147,0.6404,414158.1
1748347200000,0.6404,0.6487,0.6201,0.6292,374952.9
1748361600000,0.6292,0.6318,0.6214,0.6266,118652.0
1748376000000,0.6266,0.6332,0.6191,0.6332,97360.3
1748390400000,0.6332,0.6441,0.6085,0.6177,187044.7
1748404800000,0.6177,0.6204,0.6097,0.6181,73843.8
1748419200000,0.6181,0.624,0.609,0.6193,131040.9
1748433600000,0.6193,0.6242,0.589,0.5929,173766.7
1748448000000,0.5929,0.6155,0.5917,0.6015,131231.4
1748462400000,0.6015,0.6027,0.5846,0.5979,264795.9
1748476800000,0.5979,0.6092,0.5907,0.5966,190528.4
1748491200000,0.5966,0.6017,0.5828,0.5958,98459.0
1748505600000,0.5958,0.6005,0.5909,0.5975,55912.0
1748520000000,0.5975,0.5975,0.5759,0.5794,99746.4
1748534400000,0.5794,0.5831,0.5693,0.5727,55852.9
1748548800000,0.5727,0.5823,0.5718,0.5772,50000.0
1748563200000,0.5772,0.5845,0.5484,0.5691,163200.8
1748577600000,0.5691,0.5712,0.5517,0.5559,69459.0
1748592000000,0.5559,0.57,0.5529,0.566,93852.3
1748606400000,0.566,0.5688,0.5509,0.5565,80935.5
1748620800000,0.5565,0.56,0.5337,0.5498,136135.3
1748635200000,0.5498,0.55,0.5169,0.5192,72965.7
1748649600000,0.5192,0.5206,0.4955,0.5042,134988.8
1748664000000,0.5042,0.5164,0.5008,0.5109,112748.9
1748678400000,0.5109,0.5137,0.5034,0.5048,46431.8
1748692800000,0.5048,0.5361,0.5027,0.5271,160035.5
1748707200000,0.5271,0.5338,0.5243,0.532,62272.4
1748721600000,0.532,0.5392,0.5238,0.5247,62985.9
1748736000000,0.5247,0.5284,0.5174,0.5205,27255.2
1748750400000,0.5205,0.5287,0.5176,0.5217,5969.3
1748764800000,0.5217,0.5222,0.508,0.5165,13528.3
1748779200000,0.5165,0.5284,0.5085,0.5238,20915.7
1748793600000,0.5238,0.5341,0.5151,0.5252,18705.0
1748808000000,0.5252,0.5348,0.5213,0.5333,16230.7
1748822400000,0.5333,0.5333,0.5059,0.5105,23667.8
1748836800000,0.5105,0.5249,0.5055,0.5177,13205.9
1748851200000,0.5177,0.5196,0.5052,0.5114,18650.8
1748865600000,0.5114,0.5232,0.5103,0.5184,21637.5
1748880000000,0.5184,0.5268,0.5129,0.5185,10896.1
1748894400000,0.5185,0.5422,0.5184,0.5412,15388.1
1748908800000,0.5412,0.56,0.5384,0.5436,26393.7
1748923200000,0.5436,0.5486,0.539,0.5444,13639.7
1748937600000,0.5444,0.5495,0.5364,0.5481,22142.1
1748952000000,0.5481,0.5549,0.54,0.5498,33934.2
1748966400000,0.5498,0.5622,0.547,0.5606,16967.6
1748980800000,0.5606,0.5613,0.5337,0.5379,26948.0
1748995200000,0.5379,0.5524,0.5363,0.5446,19852.6
1749009600000,0.5446,0.5518,0.5417,0.5471,11133.1
1749024000000,0.5471,0.5547,0.5395,0.5409,11920.5
1749038400000,0.5409,0.5495,0.5356,0.5467,20560.3
1749052800000,0.5467,0.5481,0.5338,0.534,10623.5
1749067200000,0.534,0.534,0.5162,0.5169,13637.4
1749081600000,0.5169,0.5229,0.5143,0.5193,15079.3
1749096000000,0.5193,0.5225,0.5068,0.5105,25932.8
1749110400000,0.5105,0.5141,0.5028,0.5063,10277.4
1749124800000,0.5063,0.5152,0.4899,0.4906,45539.0
1749139200000,0.4906,0.4924,0.4564,0.46,89578.0
1749153600000,0.46,0.4616,0.4459,0.4564,75475.6
1749168000000,0.4564,0.4644,0.451,0.4633,22075.6
1749182400000,0.4633,0.4703,0.4594,0.4602,25046.0
1749196800000,0.4602,0.4637,0.4571,0.4617,25637.6
1749211200000,0.4617,0.4789,0.4617,0.469,44522.7
1749225600000,0.469,0.4729,0.4512,0.4522,21750.7
1749240000000,0.4522,0.4586,0.4488,0.4507,11264.6
1749254400000,0.4507,0.4629,0.4475,0.4624,16022.5
1749268800000,0.4624,0.4696,0.4597,0.4667,13582.6
1749283200000,0.4667,0.4709,0.4645,0.4685,17600.9
1749297600000,0.4685,0.4742,0.4611,0.4638,18492.4
1749312000000,0.4638,0.4671,0.4573,0.4611,13203.9
1749326400000,0.4611,0.4658,0.4604,0.4619,6459.2
1749340800000,0.4619,0.4629,0.4576,0.4584,5184.6
1749355200000,0.4584,0.4585,0.4481,0.4483,11538.6
1749369600000,0.4483,0.4567,0.4459,0.4557,15103.9
1749384000000,0.4557,0.4598,0.4515,0.4584,10639.2
1749398400000,0.4584,0.4779,0.4582,0.4699,35780.1
1749412800000,0.4699,0.4741,0.4601,0.4619,19687.9
1749427200000,0.4619,0.4658,0.4538,0.4564,11367.0
1749441600000,0.4564,0.4591,0.4486,0.453,13862.9
1749456000000,0.453,0.4693,0.4499,0.4653,38325.4
1749470400000,0.4653,0.4709,0.4581,0.4648,22410.1
1749484800000,0.4648,0.4722,0.4648,0.4674,22962.9
1749499200000,0.4674,0.4849,0.4669,0.4847,36667.1
1749513600000,0.4847,0.4888,0.4701,0.4727,36761.2
1749528000000,0.4727,0.4766,0.4654,0.4766,23043.9
1749542400000,0.4766,0.4869,0.4693,0.4861,26410.7
1749556800000,0.4861,0.4949,0.4683,0.4752,49854.4
1749571200000,0.4752,0.4992,0.4706,0.4883,53326.6
1749585600000,0.4883,0.4995,0.483,0.4988,51097.0
1749600000000,0.4988,0.5042,0.4854,0.5017,52735.0
1749614400000,0.5017,0.5096,0.4948,0.5063,67825.8
1749628800000,0.5063,0.5082,0.4791,0.4836,58829.8
1749643200000,0.4836,0.5024,0.4769,0.5,70235.4
1749657600000,0.5,0.5009,0.4799,0.4811,40869.1
1749672000000,0.4811,0.4847,0.4582,0.4659,46907.3
1749686400000,0.4659,0.4659,0.4568,0.4594,27634.8
1749700800000,0.4594,0.4601,0.4517,0.4534,25953.7
1749715200000,0.4534,0.4589,0.4509,0.4549,32391.3
1749729600000,0.4549,0.4666,0.4418,0.4465,39764.2
1749744000000,0.4465,0.4595,0.4352,0.4376,33729.8
1749758400000,0.4376,0.4395,0.424,0.4258,39580.8
1749772800000,0.4258,0.4265,0.3871,0.4028,90397.5
1749787200000,0.4028,0.4111,0.3953,0.4042,49429.3
1749801600000,0.4042,0.411,0.3984,0.4041,32595.4
1749816000000,0.4041,0.4171,0.3998,0.4144,48594.7
1749830400000,0.4144,0.4192,0.4061,0.4091,31906.8
1749844800000,0.4091,0.4194,0.4081,0.4168,22496.5
1749859200000,0.4168,0.421,0.4136,0.4181,25901.0
1749873600000,0.4181,0.4218,0.413,0.4161,26598.2
1749888000000,0.4161,0.4161,0.4086,0.412,11735.5
1749902400000,0.412,0.4147,0.4057,0.4088,8849.0
1749916800000,0.4088,0.4104,0.401,0.4045,11149.0
1749931200000,0.4045,0.4131,0.4008,0.4114,9805.7
1749945600000,0.4114,0.4143,0.4106,0.4126,5583.1
1749960000000,0.4126,0.4193,0.4108,0.413,8180.6
1749974400000,0.413,0.4163,0.4092,0.4158,6273.0
1749988800000,0.4158,0.4342,0.4136,0.4285,44442.9
1750003200000,0.4285,0.4346,0.4263,0.4303,24855.5
1750017600000,0.4303,0.4339,0.4176,0.4317,19978.1
1750032000000,0.4317,0.4405,0.4216,0.435,25343.0
1750046400000,0.435,0.4436,0.4345,0.4381,18316.7
1750060800000,0.4381,0.4393,0.4295,0.4336,12235.8
1750075200000,0.4336,0.4393,0.4285,0.4343,17174.1
1750089600000,0.4343,0.444,0.4334,0.4379,20723.6
1750104000000,0.4379,0.4392,0.4142,0.4154,31695.2
1750118400000,0.4154,0.4292,0.4051,0.4241,30539.2
1750132800000,0.4241,0.4242,0.4192,0.4194,10822.6
1750147200000,0.4194,0.4222,0.4092,0.4106,20767.6
1750161600000,0.4106,0.4148,0.3971,0.4016,21718.3
1750176000000,0.4016,0.4071,0.3913,0.4021,32692.9
1750190400000,0.4021,0.4053,0.3936,0.3964,12655.3
1750204800000,0.3964,0.4039,0.395,0.4009,15752.0
1750219200000,0.4009,0.407,0.3987,0.4015,11487.5
1750233600000,0.4015,0.4039,0.3863,0.392,17786.7
1750248000000,0.392,0.3955,0.3781,0.393,26410.6
1750262400000,0.393,0.3997,0.3883,0.3934,16577.0
1750276800000,0.3934,0.4139,0.3926,0.4095,31496.9
1750291200000,0.4095,0.4171,0.4076,0.4126,18029.6
1750305600000,0.4126,0.4164,0.4053,0.4053,9562.0
1750320000000,0.4053,0.4067,0.4016,0.4029,19970.9
1750334400000,0.4029,0.4053,0.3965,0.4015,10036.4
1750348800000,0.4015,0.4078,0.3974,0.4027,13883.8
1750363200000,0.4027,0.4087,0.3992,0.4051,10234.3
1750377600000,0.4051,0.4074,0.3998,0.4001,7107.6
1750392000000,0.4001,0.4079,0.3934,0.407,12029.7
1750406400000,0.407,0.4098,0.4018,0.4034,13199.9
1750420800000,0.4034,0.4047,0.3887,0.3895,25329.1
1750435200000,0.3895,0.3906,0.3704,0.3819,33675.5
1750449600000,0.3819,0.3874,0.376,0.3786,11808.8
1750464000000,0.3786,0.3881,0.3773,0.3859,6554.0
1750478400000,0.3859,0.387,0.3838,0.3864,6052.6
1750492800000,0.3864,0.3907,0.3856,0.3887,5095.3
1750507200000,0.3887,0.3903,0.3683,0.3736,26710.9
1750521600000,0.3736,0.3755,0.3597,0.3597,18553.1
1750536000000,0.3597,0.3636,0.345,0.3589,37447.7
1750550400000,0.3589,0.3636,0.3513,0.3557,35482.3
1750564800000,0.3557,0.3624,0.3549,0.3569,19543.7
1750579200000,0.3569,0.3582,0.3466,0.3493,17819.3
1750593600000,0.3493,0.3516,0.3308,0.3361,74083.1
1750608000000,0.3361,0.34,0.3318,0.3342,27658.5
1750622400000,0.3342,0.3475,0.3258,0.3453,33049.2
1750636800000,0.3453,0.3493,0.3433,0.3467,16293.9
1750651200000,0.3467,0.3535,0.3467,0.3503,17039.3
1750665600000,0.3503,0.3511,0.345,0.3483,10009.6
1750680000000,0.3483,0.3654,0.3476,0.3548,37089.7
1750694400000,0.3548,0.3707,0.3443,0.3694,40639.2
1750708800000,0.3694,0.4108,0.3682,0.4042,80845.3
1750723200000,0.4042,0.4075,0.4005,0.4053,31872.6
1750737600000,0.4053,0.4301,0.4045,0.4181,53297.4
1750752000000,0.4181,0.421,0.4115,0.4206,55869.9
1750766400000,0.4206,0.4239,0.4143,0.4174,35816.0
1750780800000,0.4174,0.4224,0.4073,0.4106,26869.8
1750795200000,0.4106,0.4183,0.408,0.4181,14451.4
1750809600000,0.4181,0.4276,0.4161,0.4248,20424.1
1750824000000,0.4248,0.426,0.4152,0.4233,20118.7
1750838400000,0.4233,0.4246,0.4141,0.4206,17574.9
1750852800000,0.4206,0.4336,0.4137,0.4144,57242.0
1750867200000,0.4144,0.4175,0.408,0.4136,30658.8
1750881600000,0.4136,0.4174,0.4048,0.4099,19161.0
1750896000000,0.4099,0.4232,0.4082,0.4133,25064.5
1750910400000,0.4133,0.4165,0.4075,0.4126,9853.3
1750924800000,0.4126,0.4163,0.4051,0.406,14095.1
1750939200000,0.406,0.4073,0.3895,0.3991,31557.4
1750953600000,0.3991,0.4,0.3923,0.3985,17635.8
1750968000000,0.3985,0.4038,0.3916,0.3935,13793.5
1750982400000,0.3935,0.4024,0.3871,0.4013,13299.8
1750996800000,0.4013,0.4073,0.3957,0.3964,14354.9
1751011200000,0.3964,0.404,0.396,0.4012,13461.9
1751025600000,0.4012,0.4072,0.3972,0.4069,17199.1
1751040000000,0.4069,0.4138,0.397,0.4008,12739.8
1751054400000,0.4008,0.4089,0.3993,0.4055,7290.2
1751068800000,0.4055,0.4116,0.4033,0.4108,6108.9
1751083200000,0.4108,0.429,0.4075,0.4285,23284.9
1751097600000,0.4285,0.431,0.4183,0.4218,36874.9
1751112000000,0.4218,0.4268,0.4169,0.4258,17394.8
1751126400000,0.4258,0.451,0.4258,0.448,51378.8
1751140800000,0.448,0.4574,0.444,0.4502,28603.5
1751155200000,0.4502,0.4512,0.4394,0.4394,18761.1
1751169600000,0.4394,0.4489,0.4392,0.4489,10444.7
1751184000000,0.4489,0.457,0.4466,0.4494,27389.1
1751198400000,0.4494,0.4591,0.4469,0.4522,74242.0
1751212800000,0.4522,0.4601,0.445,0.4494,58677.9
1751227200000,0.4494,0.4689,0.4471,0.4651,35516.1
1751241600000,0.4651,0.4713,0.4535,0.4536,24410.6
1751256000000,0.4536,0.4594,0.4489,0.4544,23911.3
1751270400000,0.4544,0.4577,0.4483,0.453,19429.7
1751284800000,0.453,0.4833,0.4484,0.4721,100263.7
1751299200000,0.4721,0.4735,0.4583,0.4684,66667.9
1751313600000,0.4684,0.47,0.4574,0.4609,17587.3
1751328000000,0.4609,0.4625,0.4515,0.454,25122.7
1751342400000,0.454,0.454,0.4344,0.4405,36604.8
1751356800000,0.4405,0.441,0.4344,0.4389,16073.3
1751371200000,0.4389,0.4461,0.4332,0.4362,25177.7
1751385600000,0.4362,0.4384,0.4244,0.4264,22611.2
1751400000000,0.4264,0.4301,0.4224,0.4252,17220.4
1751414400000,0.4252,0.4322,0.4201,0.4254,15531.5
1751428800000,0.4254,0.4357,0.4233,0.4312,18409.8
1751443200000,0.4312,0.4417,0.4312,0.437,15768.1
1751457600000,0.437,0.4481,0.4321,0.4469,24102.6
1751472000000,0.4469,0.4563,0.444,0.4525,40589.2
1751486400000,0.4525,0.4612,0.451,0.4538,33883.1
1751500800000,0.4538,0.4708,0.4538,0.4645,26233.1
1751515200000,0.4645,0.4799,0.4638,0.4775,42856.5
1751529600000,0.4775,0.4826,0.4651,0.4687,38848.3
1751544000000,0.4687,0.4773,0.4519,0.4526,42055.0
1751558400000,0.4526,0.4601,0.4521,0.457,17559.0
1751572800000,0.457,0.461,0.4568,0.4607,8796.2
1751587200000,0.4607,0.4679,0.4567,0.4586,16850.2
1751601600000,0.4586,0.4634,0.4375,0.4386,33855.8
1751616000000,0.4386,0.4428,0.4351,0.4388,13186.3
1751630400000,0.4388,0.4434,0.4319,0.4328,26920.5
1751644800000,0.4328,0.4336,0.4268,0.429,13032.1
1751659200000,0.429,0.4376,0.4286,0.4347,8005.3
1751673600000,0.4347,0.4453,0.434,0.441,7630.9
1751688000000,0.441,0.4432,0.4335,0.4395,18764.5
1751702400000,0.4395,0.4402,0.4338,0.4366,7812.3
1751716800000,0.4366,0.4374,0.4328,0.4345,8849.1
1751731200000,0.4345,0.4359,0.4274,0.4313,8743.3
1751745600000,0.4313,0.4377,0.4301,0.4368,6205.1
1751760000000,0.4368,0.4383,0.4331,0.4337,5611.5
1751774400000,0.4337,0.4439,0.4331,0.4395,11655.5
1751788800000,0.4395,0.4478,0.4379,0.4402,26047.2
1751803200000,0.4402,0.4529,0.4388,0.445,30874.2
1751817600000,0.445,0.452,0.445,0.4502,19054.3
1751832000000,0.4502,0.4576,0.4431,0.4448,14985.4
1751846400000,0.4448,0.4487,0.4404,0.4446,7784.1
1751860800000,0.4446,0.4489,0.4412,0.4489,7795.4
1751875200000,0.4489,0.4499,0.4395,0.4416,8646.6
1751889600000,0.4416,0.4464,0.438,0.4393,19981.3
1751904000000,0.4393,0.4418,0.431,0.4337,24010.2
1751918400000,0.4337,0.4366,0.4275,0.436,14839.2
1751932800000,0.436,0.4399,0.4278,0.4306,13128.7
1751947200000,0.4306,0.4334,0.4279,0.4313,11504.4
1751961600000,0.4313,0.4344,0.4263,0.4309,11334.0
1751976000000,0.4309,0.4369,0.4241,0.4275,13293.7
1751990400000,0.4275,0.4356,0.4255,0.4313,16700.7
1752004800000,0.4313,0.4342,0.4295,0.4337,9218.2
1752019200000,0.4337,0.4343,0.425,0.43,9157.7
1752033600000,0.43,0.4394,0.4283,0.4389,14937.0
1752048000000,0.4389,0.4449,0.4365,0.4434,11987.8
1752062400000,0.4434,0.4483,0.4386,0.4428,20883.8
1752076800000,0.4428,0.4512,0.4401,0.4488,25948.3
1752091200000,0.4488,0.455,0.4413,0.4546,25526.4
1752105600000,0.4546,0.4569,0.447,0.4554,16356.9
1752120000000,0.4554,0.4631,0.4533,0.4581,23579.9
1752134400000,0.4581,0.4651,0.4581,0.4602,18092.6
1752148800000,0.4602,0.4622,0.4505,0.4529,22706.2
1752163200000,0.4529,0.4673,0.4515,0.462,36585.4
1752177600000,0.462,0.4904,0.4617,0.4847,52681.2
1752192000000,0.4847,0.4949,0.4749,0.4935,27849.4
1752206400000,0.4935,0.5041,0.4848,0.4884,42519.8
1752220800000,0.4884,0.5016,0.4884,0.4936,30914.8
1752235200000,0.4936,0.5098,0.4861,0.4879,70227.9
1752249600000,0.4879,0.5108,0.4866,0.5099,55213.8
1752264000000,0.5099,0.5099,0.4778,0.4879,32681.4
1752278400000,0.4879,0.4919,0.4794,0.4915,13918.6
1752292800000,0.4915,0.4929,0.4767,0.4872,15886.6
1752307200000,0.4872,0.4893,0.4805,0.4836,10211.7
1752321600000,0.4836,0.4854,0.4582,0.4596,33536.2
1752336000000,0.4596,0.476,0.4564,0.475,21183.6
1752350400000,0.475,0.4751,0.4666,0.4725,7206.1
1752364800000,0.4725,0.4811,0.4712,0.4764,17341.0
1752379200000,0.4764,0.4911,0.4752,0.4896,20333.4
1752393600000,0.4896,0.5096,0.4837,0.5084,32877.7
1752408000000,0.5084,0.5148,0.4997,0.5042,59824.8
1752422400000,0.5042,0.5134,0.4991,0.5059,25869.7
1752436800000,0.5059,0.5107,0.4935,0.504,19973.5
1752451200000,0.504,0.5299,0.5035,0.5233,41199.0
1752465600000,0.5233,0.5315,0.5151,0.5211,41419.4
1752480000000,0.5211,0.5227,0.5104,0.5127,34967.8
1752494400000,0.5127,0.5174,0.4923,0.4964,47378.3
1752508800000,0.4964,0.5057,0.4948,0.498,23526.8
1752523200000,0.498,0.5008,0.4887,0.4978,49310.3
1752537600000,0.4978,0.5021,0.4757,0.48,43380.1
1752552000000,0.48,0.4899,0.4744,0.4815,45883.6
1752566400000,0.4815,0.4858,0.4774,0.4841,23912.7
1752580800000,0.4841,0.4982,0.4787,0.494,47206.7
1752595200000,0.494,0.5087,0.4938,0.4983,25376.3
1752609600000,0.4983,0.5165,0.4953,0.5142,38471.8
1752624000000,0.5142,0.5204,0.5058,0.5118,19515.8
1752638400000,0.5118,0.5257,0.5089,0.5219,34363.6
1752652800000,0.5219,0.5308,0.5175,0.5295,33405.9
1752667200000,0.5295,0.5363,0.5222,0.5317,37753.2
1752681600000,0.5317,0.556,0.5316,0.5476,49456.7
1752696000000,0.5476,0.5528,0.5356,0.5408,32085.8
1752710400000,0.5408,0.551,0.5218,0.5271,25568.5
1752724800000,0.5271,0.546,0.5255,0.5454,17123.1
1752739200000,0.5454,0.5537,0.5403,0.5435,21991.1
1752753600000,0.5435,0.55,0.5332,0.5408,20365.3
1752768000000,0.5408,0.5438,0.5275,0.5328,16505.1
1752782400000,0.5328,0.554,0.5259,0.5455,29621.1
1752796800000,0.5455,0.565,0.5418,0.5627,38520.1
1752811200000,0.5627,0.5772,0.559,0.5598,67135.3
1752825600000,0.5598,0.5656,0.5478,0.5514,46627.3
1752840000000,0.5514,0.5663,0.5305,0.5371,44279.8
1752854400000,0.5371,0.5451,0.5328,0.5384,18402.6
1752868800000,0.5384,0.5386,0.5222,0.5337,33037.1
1752883200000,0.5337,0.5395,0.5172,0.5386,13864.1
1752897600000,0.5386,0.5424,0.5333,0.5356,32637.3
1752912000000,0.5356,0.5394,0.5302,0.5338,10875.6
1752926400000,0.5338,0.5374,0.5244,0.5332,12715.3
1752940800000,0.5332,0.5465,0.5299,0.5444,11895.4
1752955200000,0.5444,0.5482,0.5372,0.5451,9821.3
1752969600000,0.5451,0.5535,0.5427,0.5473,13142.9
1752984000000,0.5473,0.5523,0.5433,0.5448,25912.9
1752998400000,0.5448,0.5597,0.5445,0.5562,42908.6
1753012800000,0.5562,0.566,0.5536,0.566,18859.0
1753027200000,0.566,0.571,0.559,0.5674,31171.8
1753041600000,0.5674,0.5684,0.5455,0.5607,24612.8
1753056000000,0.5607,0.5926,0.5473,0.5922,53090.6
1753070400000,0.5922,0.6012,0.5802,0.6006,71128.7
1753084800000,0.6006,0.618,0.5978,0.6039,82628.8
1753099200000,0.6039,0.6477,0.5998,0.6223,111316.6
1753113600000,0.6223,0.6238,0.5927,0.5971,56197.5
1753128000000,0.5971,0.6183,0.5908,0.6127,31233.6
1753142400000,0.6127,0.6611,0.6007,0.6486,166141.8
1753156800000,0.6486,0.6841,0.6305,0.6427,221380.4
1753171200000,0.6427,0.6449,0.619,0.6374,69471.7
1753185600000,0.6374,0.6585,0.6068,0.6198,117106.6
1753200000000,0.6198,0.6318,0.6069,0.6087,72525.1
1753214400000,0.6087,0.6356,0.6029,0.6333,35361.9
1753228800000,0.6333,0.6338,0.6112,0.6191,45085.8
1753243200000,0.6191,0.6259,0.6044,0.6061,56301.2
1753257600000,0.6061,0.6138,0.5923,0.5952,80367.9
1753272000000,0.5952,0.598,0.5656,0.5838,82528.3
1753286400000,0.5838,0.5838,0.559,0.5711,41212.3
1753300800000,0.5711,0.5813,0.5545,0.5787,34740.8
1753315200000,0.5787,0.591,0.5722,0.5815,19180.0
1753329600000,0.5815,0.5832,0.5387,0.546,96925.8
1753344000000,0.546,0.5565,0.5286,0.5465,131900.7
1753358400000,0.5465,0.5652,0.5344,0.5538,42533.8
1753372800000,0.5538,0.56,0.5378,0.5506,36724.4
1753387200000,0.5506,0.5576,0.5375,0.5404,20754.1
1753401600000,0.5404,0.541,0.5176,0.5269,33108.0
1753416000000,0.5269,0.5341,0.5187,0.5293,58350.7
1753430400000,0.5293,0.5441,0.5239,0.5407,56742.6
1753444800000,0.5407,0.5455,0.5133,0.5216,39249.2
1753459200000,0.5216,0.537,0.5173,0.5336,24697.5
1753473600000,0.5336,0.5524,0.5329,0.5519,19016.5
1753488000000,0.5519,0.5583,0.5475,0.5526,19432.7
1753502400000,0.5526,0.5552,0.5492,0.5532,8966.3
1753516800000,0.5532,0.562,0.5532,0.5578,13294.8
1753531200000,0.5578,0.5596,0.553,0.5581,11591.9
1753545600000,0.5581,0.5611,0.5504,0.5605,22759.5
1753560000000,0.5605,0.5646,0.5532,0.554,9712.5
1753574400000,0.554,0.5629,0.5529,0.5609,13003.3
1753588800000,0.5609,0.5788,0.5586,0.5715,41024.1
1753603200000,0.5715,0.6056,0.5685,0.5874,100713.4
1753617600000,0.5874,0.59,0.5681,0.5743,58691.5
1753632000000,0.5743,0.5979,0.574,0.5924,45443.9
1753646400000,0.5924,0.6034,0.5846,0.5903,25128.8
1753660800000,0.5903,0.6229,0.587,0.621,83734.0
1753675200000,0.621,0.6247,0.6038,0.6108,51509.9
1753689600000,0.6108,0.6137,0.5986,0.6063,29334.5
1753704000000,0.6063,0.6116,0.5725,0.5763,56366.7
1753718400000,0.5763,0.579,0.5536,0.5584,28020.0
1753732800000,0.5584,0.5598,0.5398,0.5458,25518.1
1753747200000,0.5458,0.5524,0.5361,0.5492,37937.6
1753761600000,0.5492,0.5716,0.5477,0.5713,31922.5
1753776000000,0.5713,0.5715,0.5523,0.5576,21843.0
1753790400000,0.5576,0.5641,0.5285,0.5336,35257.7
1753804800000,0.5336,0.5431,0.5255,0.5337,30447.1
1753819200000,0.5337,0.5406,0.5263,0.5379,19683.3
1753833600000,0.5379,0.5403,0.5268,0.5349,16361.2
1753848000000,0.5349,0.5376,0.5252,0.527,19782.5
1753862400000,0.527,0.5323,0.5111,0.5139,19439.9
1753876800000,0.5139,0.5257,0.5098,0.5216,53775.2
1753891200000,0.5216,0.5285,0.4938,0.5166,83033.5
1753905600000,0.5166,0.522,0.5098,0.5189,34212.6
1753920000000,0.5189,0.5303,0.5169,0.5291,35595.8
1753934400000,0.5291,0.5377,0.5281,0.5345,105747.0
1753948800000,0.5345,0.5385,0.5273,0.5293,73463.3
1753963200000,0.5293,0.5299,0.5004,0.5084,128196.5
1753977600000,0.5084,0.522,0.5005,0.5027,95246.5
1753992000000,0.5027,0.504,0.4809,0.483,132623.1
1754006400000,0.483,0.4888,0.4669,0.4862,201714.6
1754020800000,0.4862,0.4862,0.4718,0.4745,95151.3
1754035200000,0.4745,0.4753,0.4629,0.4752,96568.6
1754049600000,0.4752,0.4819,0.4595,0.4765,165304.8
1754064000000,0.4765,0.4785,0.4595,0.4676,142567.9
1754078400000,0.4676,0.4691,0.441,0.4509,187708.5
1754092800000,0.4509,0.458,0.4497,0.4558,51612.6
1754107200000,0.4558,0.4604,0.4436,0.4564,53628.3
1754121600000,0.4564,0.4571,0.4421,0.449,124432.3
1754136000000,0.449,0.4514,0.4369,0.4384,197798.0
1754150400000,0.4384,0.4462,0.4267,0.4327,198030.8
1754164800000,0.4327,0.4418,0.4321,0.4382,114001.0
1754179200000,0.4382,0.448,0.4311,0.4457,194433.4
1754193600000,0.4457,0.452,0.4436,0.4512,93264.3
1754208000000,0.4512,0.4576,0.45,0.4532,153591.6
1754222400000,0.4532,0.4557,0.4505,0.4547,93376.3
1754236800000,0.4547,0.4664,0.4519,0.4628,266770.5
1754251200000,0.4628,0.4693,0.4616,0.4678,132090.5
1754265600000,0.4678,0.4782,0.4652,0.4701,82139.8
1754280000000,0.4696,0.4719,0.4616,0.4663,171712.4
1754294400000,0.4663,0.4688,0.4577,0.4596,258442.9
1754308800000,0.4596,0.4769,0.459,0.4724,376479.8
1754323200000,0.4724,0.4859,0.472,0.4738,126425.6
1754337600000,0.4738,0.4884,0.4728,0.4877,89831.1
1754352000000,0.4877,0.4881,0.4722,0.4723,151750.8
1754366400000,0.4723,0.4791,0.4663,0.4677,109924.7
1754380800000,0.4677,0.4877,0.4662,0.486,89095.2
1754395200000,0.486,0.4868,0.4593,0.4622,167229.7
1754409600000,0.4622,0.4688,0.4603,0.4615,91485.7
1754424000000,0.4615,0.467,0.4539,0.4654,58907.2
1754438400000,0.4654,0.4654,0.4509,0.4523,40143.1
1754452800000,0.4523,0.4671,0.4495,0.4653,55177.7
1754467200000,0.4653,0.4668,0.4593,0.4619,48771.1
1754481600000,0.4619,0.4799,0.4566,0.4791,107002.6
1754496000000,0.4791,0.4797,0.4702,0.4778,73239.3
1754510400000,0.4778,0.4778,0.4731,0.4751,30418.9
1754524800000,0.4751,0.4785,0.4685,0.4704,26791.2
1754539200000,0.4704,0.4819,0.47,0.4819,51016.1
1754553600000,0.4819,0.4974,0.4788,0.4953,76264.2
1754568000000,0.4953,0.4966,0.4855,0.4885,53297.7
1754582400000,0.4885,0.4916,0.4754,0.4916,56369.8
1754596800000,0.4916,0.4993,0.4908,0.499,60946.6
1754611200000,0.499,0.5033,0.4935,0.498,56658.2
1754625600000,0.498,0.5065,0.4916,0.5046,31324.7
1754640000000,0.5046,0.5079,0.496,0.5038,47918.3
1754654400000,0.5038,0.5085,0.4849,0.4887,73825.4
1754668800000,0.4887,0.5061,0.4875,0.5032,49365.8
1754683200000,0.5032,0.5047,0.4979,0.4995,21392.2
1754697600000,0.4995,0.5046,0.4972,0.4983,24553.5
1754712000000,0.4983,0.5199,0.4952,0.5178,66922.3
1754726400000,0.5178,0.5316,0.515,0.5266,131099.7
1754740800000,0.5266,0.5356,0.5181,0.5227,107278.4
1754755200000,0.5227,0.5313,0.5206,0.528,30120.0
1754769600000,0.528,0.5346,0.5206,0.5227,46381.4
1754784000000,0.5227,0.5484,0.522,0.543,142583.3
1754798400000,0.543,0.5489,0.5139,0.5145,76598.5
1754812800000,0.5145,0.5208,0.5059,0.5122,51807.3
1754827200000,0.5122,0.526,0.5071,0.5223,52134.3
1754841600000,0.5223,0.5358,0.5202,0.5324,41544.7
1754856000000,0.5324,0.5345,0.5237,0.5302,48743.5
1754870400000,0.5302,0.5435,0.5221,0.5396,48479.2
1754884800000,0.5396,0.5435,0.5148,0.5169,55488.4
1754899200000,0.5169,0.5236,0.5004,0.5034,54885.4
1754913600000,0.5034,0.5155,0.4963,0.5123,167448.7
1754928000000,0.5123,0.5218,0.4974,0.5013,456425.5
1754942400000,0.5013,0.5023,0.4877,0.4936,36731.1
1754956800000,0.4936,0.5036,0.4921,0.4968,22424.7
1754971200000,0.4968,0.5021,0.4884,0.5012,29013.1
1754985600000,0.5012,0.5029,0.488,0.4963,25918.1
1755000000000,0.4963,0.5195,0.494,0.5193,66809.6
1755014400000,0.5193,0.5351,0.5165,0.5334,110931.9
1755028800000,0.5334,0.5407,0.5307,0.5345,21297.7
1755043200000,0.5345,0.5525,0.5316,0.5437,44392.2
1755057600000,0.5437,0.5528,0.5319,0.5431,24914.4
1755072000000,0.5431,0.5595,0.5418,0.5527,26280.1
1755086400000,0.5527,0.5687,0.5379,0.5451,44276.4
1755100800000,0.5451,0.5531,0.5407,0.5526,17253.6
1755115200000,0.5526,0.5586,0.5465,0.5533,13334.6
1755129600000,0.5533,0.5705,0.5477,0.5653,22335.6
1755144000000,0.5653,0.5723,0.5435,0.5469,26152.3
1755158400000,0.5469,0.5476,0.5273,0.5328,15774.9
1755172800000,0.5345,0.5424,0.4989,0.5184,45716.1
1755187200000,0.5184,0.5184,0.5019,0.5074,23582.1
1755201600000,0.5074,0.5124,0.4966,0.5092,13657.8
1755216000000,0.5092,0.5245,0.505,0.5219,10581.0
1755230400000,0.5219,0.5348,0.5189,0.5328,20368.9
1755244800000,0.5328,0.5358,0.5157,0.5176,9757.0
1755259200000,0.5176,0.5258,0.4932,0.4977,26578.3
1755273600000,0.4977,0.5059,0.4903,0.4975,10029.8
1755288000000,0.4975,0.5164,0.4948,0.5081,5128.7
1755302400000,0.5081,0.5184,0.507,0.5121,5914.2
1755316800000,0.5121,0.5168,0.5088,0.5158,6506.7
1755331200000,0.5158,0.5163,0.5048,0.5059,4664.2
1755345600000,0.5059,0.5184,0.5043,0.5147,6091.8
1755360000000,0.5147,0.5184,0.5116,0.5166,3124.7
1755374400000,0.5166,0.52,0.5135,0.5171,3286.2
1755388800000,0.5171,0.5201,0.5113,0.5183,6582.6
1755403200000,0.5183,0.5229,0.516,0.5199,4759.8
1755417600000,0.5199,0.5249,0.5168,0.5208,7920.6
1755432000000,0.5208,0.5288,0.5148,0.5287,6316.6
1755446400000,0.5287,0.5302,0.5095,0.5115,9023.9
1755460800000,0.5115,0.5189,0.509,0.5097,5464.9
1755475200000,0.5097,0.5109,0.4879,0.4921,24001.9
1755489600000,0.4921,0.4963,0.4843,0.4882,10987.2
1755504000000,0.4882,0.4941,0.484,0.4899,5717.6
1755518400000,0.4899,0.4986,0.4866,0.4952,15099.8
1755532800000,0.4952,0.4985,0.4886,0.4924,4894.2
1755547200000,0.4924,0.5025,0.4893,0.493,4708.5
1755561600000,0.493,0.5008,0.4801,0.4818,6602.7
1755576000000,0.4818,0.4887,0.4774,0.4848,5187.2
1755590400000,0.4848,0.5035,0.4817,0.5026,9588.2
1755604800000,0.5026,0.5028,0.4831,0.486,9553.5
1755619200000,0.486,0.4866,0.4748,0.4788,6858.4
1755633600000,0.4788,0.4853,0.4742,0.4757,3105.2
1755648000000,0.4757,0.4908,0.4738,0.4876,5125.8
1755662400000,0.4876,0.4933,0.4854,0.4861,4327.8
1755676800000,0.4861,0.492,0.4802,0.4865,3238.9
1755691200000,0.4865,0.4969,0.4768,0.4914,8365.2
1755705600000,0.4914,0.5035,0.4895,0.5022,6352.4
1755720000000,0.5022,0.5043,0.4997,0.5017,1861.6
1755734400000,0.5017,0.5087,0.4969,0.502,5427.8
1755748800000,0.502,0.5048,0.4942,0.4984,2885.3
1755763200000,0.4984,0.4989,0.4894,0.4913,2832.2
1755777600000,0.4913,0.4971,0.4843,0.4848,4287.0
1755792000000,0.4848,0.4894,0.4812,0.4825,3464.2
1755806400000,0.4825,0.4896,0.4812,0.4841,2377.3
1755820800000,0.4841,0.496,0.4799,0.4897,3269.7
1755835200000,0.4897,0.4944,0.4864,0.4931,2733.2
1755849600000,0.4931,0.4971,0.4786,0.4787,2500.8
1755864000000,0.4787,0.5212,0.4645,0.5147,30258.0
1755878400000,0.5147,0.5289,0.5147,0.5273,8963.7
1755892800000,0.5273,0.5333,0.5248,0.5305,5454.8
1755907200000,0.5305,0.5317,0.509,0.5148,5820.9
1755921600000,0.5148,0.5419,0.5148,0.5249,14450.9
1755936000000,0.5249,0.528,0.5171,0.5183,4376.1
1755950400000,0.5183,0.5237,0.5151,0.5232,175596.1
1755964800000,0.5232,0.525,0.519,0.5238,2259.1
1755979200000,0.5238,0.5242,0.5197,0.5224,2016.4
1755993600000,0.5224,0.5356,0.5211,0.5288,7843.3
1756008000000,0.5288,0.532,0.5116,0.5116,5577.3
1756022400000,0.5116,0.5154,0.5058,0.5078,8146.9
1756036800000,0.5078,0.5234,0.5067,0.5132,3822.8
1756051200000,0.5132,0.5364,0.5056,0.5153,11977.7
1756065600000,0.5153,0.5181,0.5024,0.5104,8708.4
1756080000000,0.5104,0.5298,0.4992,0.52,18448.0
1756094400000,0.52,0.5208,0.4914,0.4943,9698.3
1756108800000,0.4943,0.4989,0.4772,0.4861,48123.0
1756123200000,0.4861,0.4952,0.4844,0.4858,40429.0
1756137600000,0.4858,0.4905,0.4688,0.4697,19732.0
1756152000000,0.4697,0.4715,0.4564,0.458,16184.2
1756166400000,0.4591,0.4667,0.4547,0.4611,13981.5
1756180800000,0.4611,0.4676,0.4601,0.4645,11920.6
1756195200000,0.4645,0.466,0.4595,0.4623,12927.8
1756209600000,0.4623,0.474,0.459,0.4673,27665.6
1756224000000,0.4673,0.4778,0.4658,0.4769,10030.8
1756238400000,0.4769,0.4777,0.4719,0.4735,7201.8
1756252800000,0.4735,0.4886,0.4698,0.4851,12400.1
1756267200000,0.4851,0.4928,0.4845,0.4878,23574.2
1756281600000,0.4878,0.4995,0.4845,0.4985,25840.2
1756296000000,0.4985,0.5109,0.487,0.5079,28041.3
1756310400000,0.5079,0.5124,0.4989,0.4989,19680.4
1756324800000,0.4989,0.5101,0.4905,0.4959,28047.9
1756339200000,0.4959,0.5115,0.4888,0.5074,19388.8
1756353600000,0.5074,0.5223,0.5056,0.5167,28183.3
1756368000000,0.5167,0.5253,0.5129,0.5202,16719.2
1756382400000,0.5202,0.5291,0.5146,0.5178,25048.7
1756396800000,0.5178,0.522,0.5057,0.5103,14379.0
1756411200000,0.5103,0.5299,0.5095,0.5281,12288.2
1756425600000,0.5281,0.5374,0.5186,0.5342,20728.6
1756440000000,0.5342,0.5437,0.5103,0.5133,53037.0
1756454400000,0.5133,0.5197,0.5024,0.5122,17027.0
1756468800000,0.5122,0.5328,0.5034,0.5052,38340.9
1756483200000,0.5052,0.5095,0.4977,0.5037,16292.5
1756497600000,0.5037,0.5135,0.4946,0.5086,14535.0
1756512000000,0.5086,0.5164,0.4961,0.51,11517.6
1756526400000,0.51,0.517,0.5049,0.5061,13290.6
1756540800000,0.5061,0.5074,0.498,0.5009,8521.0
1756555200000,0.5009,0.503,0.4911,0.5015,25728.5
1756569600000,0.5015,0.5015,0.4944,0.4973,10124.2
1756584000000,0.4973,0.5046,0.493,0.5027,4335.6
1756598400000,0.5027,0.5074,0.4987,0.5058,9219.1
1756612800000,0.5058,0.5065,0.4984,0.4999,4673.4
1756627200000,0.4999,0.5076,0.4964,0.4998,10813.0
1756641600000,0.4998,0.5031,0.4911,0.502,8035.9
1756656000000,0.502,0.5058,0.4978,0.5003,6939.6
1756670400000,0.5003,0.5047,0.4892,0.4896,6668.3
1756684800000,0.4896,0.4897,0.4738,0.4789,19955.2
1756699200000,0.4789,0.4939,0.4743,0.4939,18291.6
1756713600000,0.4939,0.5016,0.4866,0.4872,12315.9
1756728000000,0.4872,0.4904,0.4792,0.4821,15377.7
1756742400000,0.4821,0.487,0.481,0.484,13583.0
1756756800000,0.484,0.4841,0.4657,0.4758,21464.8
1756771200000,0.4758,0.4896,0.4728,0.4875,22299.4
1756785600000,0.4875,0.4952,0.4858,0.4901,13604.2
1756800000000,0.4901,0.4972,0.4894,0.4917,12204.0
1756814400000,0.4917,0.4959,0.4773,0.4833,32445.5
1756828800000,0.4833,0.4958,0.4819,0.4911,15116.8
1756843200000,0.4911,0.5022,0.4904,0.4999,17457.9
1756857600000,0.4999,0.5071,0.4955,0.5012,17915.8
1756872000000,0.5012,0.5043,0.4953,0.4984,11570.5
1756886400000,0.4984,0.5016,0.4941,0.4976,14645.6
1756900800000,0.4976,0.5061,0.497,0.5019,18260.2
1756915200000,0.5019,0.5061,0.4978,0.4999,18413.3
1756929600000,0.4999,0.5005,0.4949,0.499,10110.6
1756944000000,0.499,0.5026,0.4912,0.4916,17567.9
1756958400000,0.4916,0.4933,0.4847,0.4882,13208.1
1756972800000,0.4882,0.4913,0.4866,0.4867,8320.9
1756987200000,0.4867,0.4898,0.4779,0.48,23052.6
1757001600000,0.48,0.4828,0.4748,0.4748,12412.8
1757016000000,0.4748,0.4861,0.4745,0.4778,12523.3
1757030400000,0.4778,0.4855,0.4776,0.4855,19970.9
1757044800000,0.4855,0.498,0.4845,0.4976,49963.2
1757059200000,0.4976,0.4987,0.4923,0.4969,30477.9
1757073600000,0.4969,0.5038,0.4835,0.4893,95054.7
1757088000000,0.4893,0.4951,0.4863,0.4951,19586.5
1757102400000,0.4951,0.4999,0.4936,0.498,34381.5
1757116800000,0.498,0.5024,0.4958,0.5003,20149.3
1757131200000,0.5003,0.501,0.4941,0.4964,22486.3
1757145600000,0.4964,0.4987,0.4924,0.4967,12960.1
1757160000000,0.4967,0.4981,0.4934,0.4938,14765.3
1757174400000,0.4938,0.4983,0.4888,0.4892,17603.4
1757188800000,0.4892,0.4968,0.4889,0.4959,12223.7
1757203200000,0.4959,0.5005,0.4951,0.4988,9143.7
1757217600000,0.4988,0.5015,0.4977,0.499,13386.8
1757232000000,0.499,0.5034,0.4988,0.5034,26630.4
1757246400000,0.5034,0.5062,0.5003,0.5053,27100.1
1757260800000,0.5053,0.5057,0.4949,0.4982,28913.4
1757275200000,0.4982,0.5084,0.4967,0.5055,26179.4
1757289600000,0.5055,0.5115,0.5015,0.5075,28441.9
1757304000000,0.5075,0.5125,0.505,0.5125,47060.6
1757318400000,0.5125,0.5232,0.5101,0.5183,122686.9
1757332800000,0.5183,0.5222,0.5121,0.518,141157.4
1757347200000,0.518,0.5197,0.5112,0.513,67171.4
1757361600000,0.513,0.5186,0.5089,0.5172,45892.0
1757376000000,0.5172,0.5214,0.5069,0.5144,83965.4
1757390400000,0.5144,0.5327,0.5129,0.5284,251370.8
1757404800000,0.5284,0.535,0.5281,0.5312,201324.1
1757419200000,0.5312,0.5362,0.5092,0.5128,286224.4
1757433600000,0.5128,0.5225,0.5109,0.5208,76211.3
1757448000000,0.5208,0.5283,0.5164,0.5279,43091.2
1757462400000,0.5279,0.5345,0.5204,0.5327,108381.1
1757476800000,0.5327,0.5392,0.5276,0.5362,179879.4
1757491200000,0.5362,0.5371,0.5281,0.5294,126136.4
1757505600000,0.5294,0.5399,0.5284,0.5338,162825.7
1757520000000,0.5338,0.5354,0.5255,0.5275,85008.3
1757534400000,0.5275,0.5381,0.5269,0.5366,57817.4
1757548800000,0.5366,0.5396,0.5352,0.5384,79326.4
1757563200000,0.5384,0.5384,0.531,0.5354,94880.0
1757577600000,0.5354,0.5375,0.531,0.5313,122625.1
1757592000000,0.5313,0.541,0.5242,0.5298,250709.9
1757606400000,0.5298,0.5356,0.5292,0.5344,69067.8
1757620800000,0.5344,0.5462,0.5332,0.5445,73275.4
1757635200000,0.5445,0.5541,0.5438,0.5496,193152.5
1757649600000,0.5496,0.5783,0.547,0.5594,818851.1
1757664000000,0.5594,0.5623,0.5523,0.5563,310433.6
1757678400000,0.5563,0.5663,0.5504,0.5566,469653.8
1757692800000,0.5566,0.5633,0.5544,0.5611,233028.6
1757707200000,0.5611,0.5619,0.5555,0.5589,222739.9
1757721600000,0.5589,0.564,0.5554,0.5582,333789.2
1757736000000,0.5582,0.559,0.5493,0.5493,326377.5
1757750400000,0.5493,0.5602,0.5484,0.5571,469520.5
1757764800000,0.5571,0.562,0.5441,0.5476,538317.1
1757779200000,0.5476,0.549,0.5337,0.5424,432673.2
1757793600000,0.5424,0.5478,0.5421,0.5468,184740.7
1757808000000,0.5468,0.563,0.5402,0.5559,545244.5
1757822400000,0.5559,0.5618,0.5481,0.5524,354307.0
1757836800000,0.5524,0.558,0.5413,0.5421,172068.3
1757851200000,0.5421,0.5439,0.5252,0.5306,602924.2
1757865600000,0.5306,0.5496,0.5292,0.54,258672.1
1757880000000,0.54,0.5461,0.5346,0.5357,147140.1
1757894400000,0.5357,0.5395,0.5271,0.5373,213006.7
1757908800000,0.5373,0.5437,0.5256,0.5284,491408.6
1757923200000,0.5284,0.5285,0.507,0.5104,3191241.8
1757937600000,0.5104,0.511,0.4967,0.4989,810361.3
1757952000000,0.4989,0.5088,0.4928,0.506,1024050.0
1757966400000,0.506,0.5101,0.5052,0.5081,131084.8
1757980800000,0.5081,0.5096,0.5028,0.5029,174089.9
1757995200000,0.5029,0.5095,0.4975,0.509,260890.6
1758009600000,0.509,0.5128,0.5068,0.507,201173.8
1758024000000,0.507,0.5216,0.4996,0.5215,604283.9
1758038400000,0.5215,0.5228,0.5125,0.5185,686626.7
1758052800000,0.5185,0.5199,0.5168,0.5172,198017.4
1758067200000,0.5172,0.5185,0.5069,0.5071,370762.8
1758081600000,0.5071,0.5128,0.5024,0.5125,256014.1
1758096000000,0.5125,0.5125,0.5041,0.5069,160749.6
1758110400000,0.5069,0.5108,0.5045,0.5057,253611.8
1758124800000,0.5057,0.5303,0.5005,0.5303,913239.5
1758139200000,0.5303,0.5507,0.5165,0.5438,996496.2
1758153600000,0.5438,0.5496,0.5382,0.5456,693944.3
1758168000000,0.5456,0.5463,0.5349,0.5412,304687.0
1758182400000,0.5412,0.5592,0.5401,0.5452,555238.5
1758196800000,0.5452,0.5579,0.5421,0.5575,433088.6
1758211200000,0.5575,0.5731,0.5545,0.5639,592238.1
1758225600000,0.5639,0.566,0.5544,0.5583,212584.6
1758240000000,0.5583,0.5628,0.5482,0.5488,227815.4
1758254400000,0.5488,0.552,0.5403,0.5423,217837.1
1758268800000,0.5423,0.5438,0.5288,0.5319,220477.0
1758283200000,0.5319,0.5381,0.5225,0.5284,302769.6
1758297600000,0.5284,0.534,0.5225,0.5248,191017.4
1758312000000,0.5248,0.5292,0.5208,0.5251,80401.8
1758326400000,0.5251,0.5267,0.5164,0.5205,112333.2
1758340800000,0.5205,0.5329,0.519,0.5329,112821.2
1758355200000,0.5329,0.5329,0.5153,0.5193,291193.3
1758369600000,0.5193,0.5323,0.5171,0.5284,153146.1
1758384000000,0.5284,0.5318,0.5216,0.5244,100250.2
1758398400000,0.5244,0.5316,0.524,0.5274,55000.3
1758412800000,0.5274,0.5352,0.5266,0.5337,150853.6
1758427200000,0.5337,0.538,0.5325,0.5344,204707.7
1758441600000,0.5344,0.536,0.5217,0.5288,278417.6
1758456000000,0.5288,0.5372,0.5277,0.5284,342118.7
1758470400000,0.5284,0.5301,0.5206,0.5257,163732.7
1758484800000,0.5257,0.526,0.5184,0.5197,66302.8
1758499200000,0.5197,0.5223,0.4985,0.5018,375105.7
1758513600000,0.5018,0.503,0.4577,0.476,750081.9
1758528000000,0.476,0.4787,0.4691,0.4749,356812.8
1758542400000,0.4749,0.4807,0.4693,0.4709,434353.9
1758556800000,0.4709,0.4729,0.4611,0.4623,264578.0
1758571200000,0.4623,0.4739,0.4613,0.4731,146044.3
1758585600000,0.4731,0.4751,0.456,0.465,173464.4
1758600000000,0.465,0.476,0.4618,0.4723,199163.4
1758614400000,0.4723,0.486,0.4721,0.4769,364793.3
1758628800000,0.4769,0.4788,0.4678,0.4738,242372.4
1758643200000,0.4738,0.4801,0.4622,0.4634,199571.1
1758657600000,0.4634,0.4701,0.4618,0.4629,106159.1
1758672000000,0.4629,0.4735,0.4581,0.4583,321857.2
1758686400000,0.4583,0.4724,0.4524,0.4715,323767.7
1758700800000,0.4715,0.4769,0.4701,0.4753,151380.2
1758715200000,0.4753,0.4844,0.4717,0.4755,232581.3
1758729600000,0.4755,0.4789,0.4719,0.4739,116563.4
1758744000000,0.4739,0.4742,0.4691,0.4724,81788.0
1758758400000,0.4724,0.4731,0.4597,0.4638,236278.3
1758772800000,0.4638,0.4648,0.4529,0.4545,270052.7
1758787200000,0.4545,0.4578,0.4463,0.448,226581.8
1758801600000,0.448,0.4546,0.4389,0.447,421606.2
1758816000000,0.447,0.4486,0.4269,0.437,441557.7
1758830400000,0.437,0.4379,0.4243,0.4277,305016.8
1758844800000,0.4277,0.4372,0.4265,0.436,266716.3
1758859200000,0.436,0.4384,0.4271,0.433,425514.9
1758873600000,0.433,0.4359,0.4233,0.4286,316892.1
1758888000000,0.4286,0.437,0.4234,0.4318,376853.2
1758902400000,0.4318,0.4466,0.4314,0.4415,239818.1
1758916800000,0.4415,0.4453,0.4392,0.445,130241.6
1758931200000,0.445,0.4483,0.443,0.4441,123151.6
1758945600000,0.4441,0.446,0.4408,0.4415,89193.6
1758960000000,0.4415,0.4417,0.4351,0.4392,130512.3
1758974400000,0.4392,0.4427,0.4368,0.4414,104364.0
1758988800000,0.4414,0.4419,0.4329,0.4363,121609.8
1759003200000,0.4363,0.4435,0.4358,0.4384,140785.3
1759017600000,0.4384,0.4397,0.4314,0.4338,136709.0
1759032000000,0.4338,0.4338,0.4271,0.4295,210748.4
1759046400000,0.4295,0.4308,0.4257,0.428,83132.0
1759060800000,0.428,0.4336,0.4233,0.4334,127721.9
1759075200000,0.4334,0.442,0.4333,0.4416,93782.5
1759089600000,0.4416,0.4525,0.4405,0.4508,161559.4
1759104000000,0.4508,0.4516,0.4462,0.449,92435.8
1759118400000,0.449,0.4512,0.442,0.445,130665.8
1759132800000,0.445,0.4481,0.4366,0.4398,118781.9
1759147200000,0.4398,0.4528,0.4325,0.4449,238286.1
1759161600000,0.4449,0.448,0.4377,0.444,102589.3
1759176000000,0.444,0.4495,0.4387,0.4394,111004.7
1759190400000,0.4394,0.4409,0.4313,0.4328,189622.5
1759204800000,0.4328,0.4359,0.4276,0.4296,564155.3
1759219200000,0.4296,0.432,0.4246,0.4315,313322.5
1759233600000,0.4315,0.4315,0.4141,0.4183,557583.9
1759248000000,0.4183,0.4318,0.4137,0.4305,457876.1
1759262400000,0.4305,0.4366,0.4256,0.4285,191561.8
1759276800000,0.4285,0.4339,0.426,0.4283,99673.5
1759291200000,0.4283,0.4345,0.4279,0.4332,102940.8
1759305600000,0.4332,0.4542,0.4326,0.4507,350779.0
1759320000000,0.4507,0.4647,0.4499,0.4602,419853.2
1759334400000,0.4602,0.4636,0.4553,0.4619,175510.6
1759348800000,0.4619,0.4632,0.4577,0.4629,157623.6
1759363200000,0.4629,0.4679,0.4602,0.4664,165099.7
1759377600000,0.4664,0.4708,0.4635,0.4681,367225.8
1759392000000,0.4681,0.4709,0.4657,0.4677,97816.2
1759406400000,0.4677,0.4702,0.4533,0.4632,256664.6
1759420800000,0.4632,0.4753,0.4616,0.4711,305152.7
1759435200000,0.4711,0.4754,0.4674,0.4731,143702.2
1759449600000,0.4731,0.4734,0.4616,0.4647,167571.7
1759464000000,0.4647,0.4688,0.4589,0.4615,139503.2
1759478400000,0.4615,0.4637,0.458,0.4597,135995.6
1759492800000,0.4597,0.4735,0.4568,0.4732,216921.3
1759507200000,0.4732,0.4819,0.4628,0.4716,403276.5
1759521600000,0.4716,0.4724,0.4675,0.4681,115875.7
1759536000000,0.4681,0.4702,0.4575,0.4607,135729.0
1759550400000,0.4607,0.4669,0.4589,0.4641,82454.2
1759564800000,0.4641,0.4648,0.4537,0.4562,121659.5
1759579200000,0.4562,0.4605,0.4458,0.4464,173206.3
1759593600000,0.4464,0.454,0.4442,0.4535,126989.7
1759608000000,0.4535,0.4571,0.4533,0.4554,62348.1
1759622400000,0.4554,0.4644,0.4512,0.4607,141373.6
1759636800000,0.4607,0.4748,0.4599,0.4734,236042.0
1759651200000,0.4734,0.478,0.4611,0.4645,341386.6
1759665600000,0.4645,0.4651,0.4573,0.4618,149075.8
1759680000000,0.4618,0.4632,0.4491,0.4495,138880.9
1759694400000,0.4495,0.4556,0.4479,0.4547,87605.7
1759708800000,0.4547,0.4587,0.4498,0.4568,160427.4
1759723200000,0.4568,0.4613,0.4515,0.4556,109860.9
1759737600000,0.4556,0.4662,0.4556,0.4623,184119.3
1759752000000,0.4623,0.4751,0.4623,0.4738,265513.3
1759766400000,0.4738,0.4779,0.4701,0.4756,341286.5
1759780800000,0.4756,0.4773,0.4702,0.4705,134608.3
1759795200000,0.4705,0.4722,0.4665,0.4711,182512.3
1759809600000,0.4711,0.475,0.4604,0.4615,171565.9
1759824000000,0.4615,0.468,0.4562,0.4675,290116.4
1759838400000,0.4675,0.4692,0.4434,0.4472,401417.2
1759852800000,0.4472,0.4529,0.442,0.4441,334714.7
1759867200000,0.4441,0.4495,0.441,0.4423,117208.4
1759881600000,0.4423,0.4473,0.4367,0.4383,204404.8
1759896000000,0.4383,0.4432,0.4358,0.443,133678.7
1759910400000,0.443,0.4475,0.4394,0.44,89608.2
1759924800000,0.44,0.4624,0.4364,0.445,507731.5
1759939200000,0.445,0.455,0.4441,0.4529,233580.4
1759953600000,0.4529,0.4532,0.4477,0.4503,69696.3
1759968000000,0.4503,0.4526,0.4335,0.4391,126571.3
1759982400000,0.4391,0.4429,0.4319,0.4326,115698.3
1759996800000,0.4326,0.4347,0.4243,0.4314,153156.1
1760011200000,0.4314,0.4365,0.4214,0.424,149244.1
1760025600000,0.424,0.4295,0.4196,0.4277,134781.6
1760040000000,0.4277,0.4338,0.4262,0.4314,188832.1
1760054400000,0.4314,0.4364,0.4262,0.4328,56203.8
1760068800000,0.4328,0.4384,0.4282,0.4283,70888.8
1760083200000,0.4283,0.4365,0.4276,0.4355,203532.3
1760097600000,0.4355,0.442,0.4069,0.4132,416950.4
1760112000000,0.4132,0.4179,0.397,0.4021,311022.9
1760126400000,0.4021,0.4051,0.1,0.3289,2973342.0
1760140800000,0.3289,0.3503,0.3256,0.3366,724195.8
1760155200000,0.3366,0.3394,0.3273,0.3345,366110.6
1760169600000,0.3345,0.3536,0.3334,0.3433,496158.9
1760184000000,0.3433,0.3435,0.3317,0.3395,203999.0
1760198400000,0.3395,0.3417,0.3262,0.3293,223627.9
1760212800000,0.3293,0.3432,0.326,0.3364,476786.8
1760227200000,0.3364,0.3391,0.3276,0.3361,139768.2
1760241600000,0.3361,0.3441,0.336,0.3433,133988.2
1760256000000,0.3433,0.3467,0.3382,0.3427,118886.0
1760270400000,0.3427,0.3659,0.338,0.3651,340404.5
1760284800000,0.3651,0.3787,0.365,0.378,214475.8
1760299200000,0.378,0.381,0.3693,0.3731,194759.1
1760313600000,0.3731,0.3777,0.3681,0.3703,89820.6
1760328000000,0.3703,0.3822,0.3694,0.377,167390.0
1760342400000,0.377,0.3854,0.3668,0.3735,339520.2
1760356800000,0.3735,0.3848,0.3705,0.3821,341899.5
1760371200000,0.3821,0.4011,0.3795,0.3984,289499.1
1760385600000,0.3984,0.404,0.3959,0.4023,173392.5
1760400000000,0.4023,0.4045,0.3855,0.3866,137342.2
1760414400000,0.3866,0.3883,0.3577,0.3633,345127.4
1760428800000,0.3633,0.3697,0.3561,0.3645,191039.9
1760443200000,0.3645,0.3771,0.3559,0.377,270030.1
1760457600000,0.377,0.3845,0.3672,0.3724,187622.5
1760472000000,0.3724,0.3777,0.3702,0.3755,67496.9
1760486400000,0.3755,0.3798,0.3711,0.3737,125785.6
1760500800000,0.3737,0.3785,0.3718,0.3771,108788.4
1760515200000,0.3771,0.3861,0.3679,0.3707,97445.6
1760529600000,0.3707,0.3724,0.3589,0.3631,145658.9
1760544000000,0.3631,0.3706,0.3615,0.3634,124260.3
1760558400000,0.3634,0.3658,0.3561,0.361,104192.2
1760572800000,0.361,0.367,0.3591,0.3641,157653.8
1760587200000,0.3641,0.3688,0.3608,0.3638,69709.0
1760601600000,0.3638,0.3691,0.35,0.3691,231027.5
1760616000000,0.3691,0.3732,0.3469,0.3489,286782.2
1760630400000,0.3489,0.3557,0.3406,0.3436,252820.5
1760644800000,0.3436,0.3466,0.3373,0.3457,114081.8
1760659200000,0.3457,0.3521,0.3449,0.3518,97722.7
1760673600000,0.3518,0.3522,0.3242,0.3253,280617.4
1760688000000,0.3253,0.336,0.3177,0.3328,512958.4
1760702400000,0.3328,0.3369,0.3255,0.3367,311636.6
1760716800000,0.3367,0.3423,0.3334,0.3365,155593.1
1760731200000,0.3365,0.3425,0.3345,0.3355,47847.8
1760745600000,0.3355,0.342,0.3348,0.3405,57873.7
1760760000000,0.3405,0.3469,0.338,0.3409,83864.7
1760774400000,0.3409,0.3447,0.3406,0.3441,82813.0
1760788800000,0.3441,0.3458,0.3366,0.3412,86665.8
1760803200000,0.3412,0.3447,0.3375,0.3414,55104.6
1760817600000,0.3414,0.3433,0.3385,0.3416,76912.2
1760832000000,0.3416,0.3447,0.3379,0.3438,47989.1
1760846400000,0.3438,0.3443,0.3378,0.3399,56267.6
1760860800000,0.3399,0.3506,0.3347,0.346,150073.1
1760875200000,0.346,0.3545,0.3435,0.3522,174702.2
1760889600000,0.3522,0.3562,0.3505,0.3524,82900.3
1760904000000,0.3524,0.3557,0.3502,0.3512,96372.5
1760918400000,0.3512,0.3606,0.3443,0.3596,142135.2
1760932800000,0.3596,0.3691,0.3583,0.3658,252799.8
1760947200000,0.3658,0.3689,0.3623,0.3636,86777.2
1760961600000,0.3636,0.3687,0.3622,0.3622,71117.4
1760976000000,0.3622,0.3633,0.3554,0.3624,113176.8
1760990400000,0.3624,0.3661,0.361,0.3638,92531.8
1761004800000,0.3638,0.3653,0.3568,0.3577,83509.6
1761019200000,0.3577,0.3582,0.3498,0.3549,111413.0
1761033600000,0.3549,0.3562,0.3477,0.3537,155648.9
1761048000000,0.3537,0.3733,0.352,0.3713,213018.3
1761062400000,0.3713,0.3749,0.3645,0.3653,273323.0
1761076800000,0.3653,0.3659,0.3483,0.3491,115881.6
1761091200000,0.3491,0.3517,0.3453,0.3514,108011.3
1761105600000,0.3514,0.3598,0.3478,0.3517,163152.6
1761120000000,0.3517,0.3551,0.3445,0.3524,132381.2
1761134400000,0.3524,0.3582,0.3486,0.3518,197495.7
1761148800000,0.3518,0.3537,0.3427,0.3463,127623.6
1761163200000,0.3463,0.3474,0.3335,0.3425,245713.9
1761177600000,0.3425,0.3472,0.3412,0.3467,76178.0
1761192000000,0.3467,0.3571,0.3451,0.355,101679.7
1761206400000,0.355,0.361,0.3539,0.354,69763.2
1761220800000,0.354,0.3602,0.3484,0.3515,429579.0
1761235200000,0.3515,0.363,0.3515,0.3599,152509.1
1761249600000,0.3599,0.3601,0.3556,0.3578,129847.7
1761264000000,0.3578,0.3602,0.3535,0.3557,169196.9
1761278400000,0.3557,0.3638,0.3547,0.363,88762.1
1761292800000,0.363,0.3695,0.3605,0.3694,237976.0
1761307200000,0.3694,0.3838,0.3672,0.3768,743051.3
1761321600000,0.3768,0.3845,0.3757,0.3817,263382.4
1761336000000,0.3817,0.4063,0.3813,0.4046,520708.9
1761350400000,0.4046,0.4047,0.392,0.3961,397790.4
1761364800000,0.3961,0.3994,0.3895,0.3906,198247.9
1761379200000,0.3906,0.3989,0.3901,0.3983,187016.6
1761393600000,0.3983,0.4239,0.3957,0.423,629150.6
1761408000000,0.423,0.4372,0.4156,0.4355,760751.0
1761422400000,0.4355,0.4383,0.4254,0.4271,309359.4
1761436800000,0.4271,0.4314,0.4194,0.4209,253985.2
1761451200000,0.4209,0.4343,0.4201,0.4265,258449.8
1761465600000,0.4265,0.4348,0.4263,0.4327,299984.7
1761480000000,0.4327,0.4374,0.4293,0.4371,240878.5
1761494400000,0.4371,0.4371,0.4272,0.4276,180614.1
1761508800000,0.4276,0.4419,0.4239,0.4352,177157.8
1761523200000,0.4352,0.4441,0.4344,0.4411,208874.2
1761537600000,0.4411,0.4431,0.4363,0.4416,155996.1
1761552000000,0.4416,0.4512,0.4314,0.4474,347676.7
1761566400000,0.4474,0.4484,0.4328,0.4471,343165.0
1761580800000,0.4471,0.4542,0.4419,0.4428,270136.3
1761595200000,0.4428,0.4488,0.4386,0.4445,135031.0
1761609600000,0.4445,0.4504,0.4406,0.4448,168937.6
1761624000000,0.4448,0.4491,0.4334,0.4368,152749.8
1761638400000,0.4368,0.4448,0.4361,0.4381,192079.3
1761652800000,0.4381,0.4435,0.4303,0.4383,162899.9
1761667200000,0.4383,0.4408,0.4256,0.4283,113841.0
1761681600000,0.4283,0.4311,0.4176,0.4304,186790.6
1761696000000,0.4304,0.4331,0.4256,0.4274,91488.2
1761710400000,0.4274,0.4274,0.4207,0.422,110810.1
1761724800000,0.422,0.4257,0.4167,0.4246,252202.8
1761739200000,0.4246,0.4284,0.4119,0.4143,321601.0
1761753600000,0.4143,0.4317,0.4108,0.4224,532174.4
1761768000000,0.4224,0.429,0.4131,0.4172,250872.5
1761782400000,0.4172,0.4225,0.4129,0.4204,158887.2
1761796800000,0.4204,0.4291,0.4054,0.4284,216495.1
1761811200000,0.4284,0.4285,0.409,0.4097,239035.0
1761825600000,0.4097,0.412,0.3894,0.3912,463557.8
1761840000000,0.3912,0.396,0.3814,0.3831,223723.6
1761854400000,0.3831,0.4007,0.3819,0.4002,154591.1
1761868800000,0.4002,0.4033,0.3961,0.4016,128192.2
1761883200000,0.4016,0.4084,0.3989,0.401,89071.7
1761897600000,0.401,0.408,0.3984,0.407,328225.8
1761912000000,0.407,0.4094,0.4024,0.405,232928.7
1761926400000,0.405,0.4085,0.3942,0.4074,127048.8
1761940800000,0.4074,0.4079,0.4028,0.4061,63160.9
1761955200000,0.4061,0.4089,0.4007,0.4086,98840.6
1761969600000,0.4086,0.4128,0.4055,0.412,83231.1
1761984000000,0.412,0.4153,0.4075,0.4096,146129.4
1761998400000,0.4096,0.4101,0.3996,0.4036,113625.9
1762012800000,0.4036,0.4065,0.4009,0.4054,82217.5
1762027200000,0.4054,0.411,0.4039,0.4109,82913.4
1762041600000,0.4109,0.4124,0.4074,0.4108,84300.6
1762056000000,0.4108,0.4179,0.4104,0.4167,80816.4
1762070400000,0.4167,0.4172,0.4069,0.4114,90365.0
1762084800000,0.4114,0.4123,0.3916,0.3953,435283.5
1762099200000,0.3953,0.3989,0.3915,0.3967,82558.4
1762113600000,0.3967,0.4066,0.3959,0.4055,59780.0
1762128000000,0.4055,0.4065,0.3756,0.376,229794.0
1762142400000,0.376,0.3812,0.3708,0.3777,139908.6
1762156800000,0.3777,0.3816,0.374,0.3781,128304.5
1762171200000,0.3781,0.382,0.3468,0.3577,398271.6
1762185600000,0.3577,0.3749,0.3549,0.3639,183593.7
1762200000000,0.3639,0.365,0.3543,0.3621,145407.2
1762214400000,0.3621,0.3697,0.3592,0.369,143659.6
1762228800000,0.369,0.3699,0.3414,0.3445,370552.1
1762243200000,0.3445,0.3558,0.3429,0.35,373443.2
1762257600000,0.35,0.3665,0.3435,0.3529,343841.3
1762272000000,0.3529,0.3566,0.3308,0.3387,352816.9
1762286400000,0.3387,0.3463,0.3214,0.3432,467376.9
1762300800000,0.3432,0.3484,0.3249,0.3475,351756.4
1762315200000,0.3475,0.3513,0.3449,0.3467,182297.1
1762329600000,0.3467,0.3478,0.3396,0.347,126448.1
1762344000000,0.347,0.3542,0.345,0.3536,172889.0
1762358400000,0.3536,0.3586,0.3491,0.3576,156237.9
1762372800000,0.3576,0.3597,0.352,0.3529,144227.8
1762387200000,0.3529,0.3552,0.3466,0.354,224728.1
1762401600000,0.354,0.3544,0.3456,0.3468,129530.0
1762416000000,0.3468,0.3488,0.3435,0.3462,72854.2
1762430400000,0.3462,0.3503,0.337,0.3387,173037.4
1762444800000,0.3387,0.3447,0.3311,0.339,113238.4
1762459200000,0.339,0.341,0.3338,0.3398,96189.5
1762473600000,0.3398,0.3483,0.338,0.346,108007.9
1762488000000,0.346,0.3512,0.3437,0.3506,157760.6
1762502400000,0.3506,0.3518,0.3288,0.3302,451449.2
1762516800000,0.3302,0.3458,0.3236,0.3444,491754.3
1762531200000,0.3444,0.369,0.3419,0.3607,613759.3
1762545600000,0.3607,0.3649,0.355,0.3556,307877.5
1762560000000,0.3556,0.3643,0.3507,0.3544,168100.6
1762574400000,0.3544,0.3616,0.3467,0.3499,161539.1
1762588800000,0.3499,0.3542,0.3462,0.3487,136005.5
1762603200000,0.3487,0.3513,0.3374,0.3402,236242.6
1762617600000,0.3402,0.3439,0.3379,0.3436,151623.9
1762632000000,0.3436,0.3498,0.342,0.3489,86895.3
1762646400000,0.3489,0.3492,0.3349,0.3367,218852.9
1762660800000,0.3367,0.343,0.3351,0.343,127239.6
1762675200000,0.343,0.3431,0.3355,0.3427,96004.3
1762689600000,0.3427,0.3543,0.3412,0.3519,210748.1
1762704000000,0.3519,0.3588,0.3487,0.3586,184007.6
1762718400000,0.3586,0.3597,0.3516,0.3531,95664.3
1762732800000,0.3531,0.3616,0.3506,0.3596,110111.1
1762747200000,0.3596,0.3631,0.3555,0.3597,124316.3
1762761600000,0.3597,0.3636,0.3544,0.3606,140579.2
1762776000000,0.3606,0.3661,0.3509,0.3559,211819.2
1762790400000,0.3559,0.3611,0.3517,0.3578,133022.4
1762804800000,0.3578,0.3721,0.3535,0.3655,187231.7
1762819200000,0.3655,0.3727,0.3572,0.3721,180848.6
1762833600000,0.3721,0.3722,0.3513,0.3514,208194.6
1762848000000,0.3514,0.3552,0.3482,0.3503,86403.6
1762862400000,0.3503,0.3543,0.346,0.3495,181816.0
1762876800000,0.3495,0.3526,0.3414,0.3417,182825.0
1762891200000,0.3417,0.3431,0.3337,0.335,119011.8
1762905600000,0.335,0.34,0.3325,0.3377,118365.2
1762920000000,0.3377,0.3434,0.3367,0.3372,90601.7
1762934400000,0.3372,0.3503,0.3372,0.3474,193989.7
1762948800000,0.3474,0.3528,0.3372,0.3386,227178.2
1762963200000,0.3386,0.3392,0.3271,0.3313,219655.1
1762977600000,0.3313,0.3354,0.33,0.3319,86216.9
1762992000000,0.3319,0.3432,0.3305,0.3399,62990.6
1763006400000,0.3399,0.3459,0.3377,0.3404,59871.7
1763020800000,0.3404,0.3425,0.3365,0.3395,60384.6
1763035200000,0.3395,0.3419,0.3298,0.3316,177526.1
1763049600000,0.3316,0.3325,0.3098,0.3115,342977.1
1763064000000,0.3115,0.3156,0.3081,0.3109,190580.9
1763078400000,0.3109,0.3136,0.3049,0.3077,199254.0
1763092800000,0.3077,0.3078,0.2925,0.2974,320361.3
1763107200000,0.2974,0.2983,0.2885,0.2908,230110.6
1763121600000,0.2908,0.2968,0.2834,0.2936,344894.1
1763136000000,0.2936,0.2991,0.2861,0.2924,207390.9
1763150400000,0.2924,0.2926,0.2738,0.2795,221103.1
1763164800000,0.2795,0.2915,0.2792,0.2901,137478.3
1763179200000,0.2901,0.2942,0.2893,0.2903,153090.8
1763193600000,0.2903,0.2907,0.2825,0.2864,122142.9
1763208000000,0.2864,0.293,0.2859,0.2876,109975.2
1763222400000,0.2876,0.2914,0.2856,0.2874,80356.8
1763236800000,0.2874,0.2874,0.2829,0.2835,68551.7
1763251200000,0.2835,0.2867,0.2789,0.2849,93583.7
1763265600000,0.2849,0.2869,0.2824,0.2848,62844.8
1763280000000,0.2848,0.2876,0.2791,0.2803,105388.9
1763294400000,0.2803,0.2817,0.2718,0.2722,116033.8
1763308800000,0.2722,0.2754,0.2667,0.2719,186743.5
1763323200000,0.2719,0.278,0.2696,0.2757,160795.3
1763337600000,0.2757,0.2805,0.2719,0.2802,97729.1
1763352000000,0.2802,0.2822,0.2781,0.2811,114071.1
1763366400000,0.2811,0.2824,0.2782,0.2811,100884.8
1763380800000,0.2811,0.2835,0.27,0.2713,175983.6
1763395200000,0.2713,0.2741,0.2598,0.261,249800.8
1763409600000,0.261,0.2645,0.2588,0.2624,139536.8
1763424000000,0.2624,0.2683,0.2586,0.2672,179478.1
1763438400000,0.2672,0.2723,0.264,0.2669,142724.3
1763452800000,0.2669,0.2722,0.2664,0.2668,118372.1
1763467200000,0.2668,0.2731,0.2638,0.2705,132921.5
1763481600000,0.2705,0.275,0.2695,0.2707,176801.5
1763496000000,0.2707,0.2714,0.266,0.2668,196086.7
1763510400000,0.2668,0.2683,0.2633,0.265,132014.0
1763524800000,0.265,0.2656,0.2576,0.265,78336.1
1763539200000,0.265,0.2664,0.2624,0.2637,113068.8
1763553600000,0.2637,0.2668,0.2568,0.2572,159823.4
1763568000000,0.2572,0.2589,0.2477,0.2512,190354.0
1763582400000,0.2512,0.2631,0.2507,0.2628,376475.1
1763596800000,0.2628,0.2703,0.2607,0.2688,364927.2
1763611200000,0.2688,0.2776,0.2679,0.2761,340883.4
1763625600000,0.2761,0.2765,0.2699,0.2749,230906.2
1763640000000,0.2749,0.2785,0.268,0.2685,201805.8
1763654400000,0.2685,0.2688,0.2484,0.254,312021.3
1763668800000,0.254,0.263,0.2512,0.2541,161585.2
1763683200000,0.2541,0.2585,0.2478,0.2511,264048.2
1763697600000,0.2511,0.2538,0.2243,0.2372,391285.1
1763712000000,0.2372,0.2422,0.2325,0.2329,409448.0
1763726400000,0.2329,0.2466,0.2267,0.239,691705.8
1763740800000,0.239,0.2477,0.2357,0.244,366702.1
1763755200000,0.244,0.2445,0.2342,0.2414,219945.9
1763769600000,0.2414,0.2427,0.2387,0.2392,98820.1
1763784000000,0.2392,0.2393,0.2334,0.239,106285.4
1763798400000,0.239,0.239,0.2332,0.2371,85234.2
1763812800000,0.2371,0.2392,0.2333,0.2356,67338.2
1763827200000,0.2356,0.2382,0.2338,0.2348,144989.8
1763841600000,0.2348,0.2386,0.2326,0.235,122386.1
1763856000000,0.235,0.2391,0.2336,0.2353,216626.5
1763870400000,0.2353,0.2382,0.2303,0.2325,147678.1
1763884800000,0.2325,0.2347,0.2306,0.2333,251746.2
1763899200000,0.2333,0.2385,0.2332,0.2369,183127.0
1763913600000,0.2369,0.2398,0.2343,0.2383,120182.0
1763928000000,0.2383,0.2397,0.2356,0.2359,110029.8
1763942400000,0.2359,0.2435,0.2327,0.2401,282794.8
1763956800000,0.2401,0.2417,0.235,0.2379,92428.7
1763971200000,0.2379,0.2382,0.2318,0.2349,113194.0
1763985600000,0.2349,0.2401,0.2317,0.2387,107074.5
1764000000000,0.2387,0.2523,0.2382,0.2474,346607.4
1764014400000,0.2474,0.2517,0.2471,0.2477,142567.6
1764028800000,0.2477,0.248,0.2436,0.2469,70312.2
1764043200000,0.2469,0.2499,0.2444,0.2446,92225.9
1764057600000,0.2446,0.2473,0.2437,0.2455,108023.4
1764072000000,0.2455,0.2482,0.2408,0.2443,193985.3
1764086400000,0.2443,0.2493,0.2422,0.2467,104935.2
1764100800000,0.2467,0.2539,0.2453,0.2523,161593.0
1764115200000,0.2523,0.2558,0.251,0.2514,117671.1
1764129600000,0.2514,0.2518,0.2479,0.2512,115184.8
1764144000000,0.2512,0.2512,0.2465,0.2486,440516.9
1764158400000,0.2486,0.2507,0.2452,0.2479,143341.9
1764172800000,0.2479,0.2654,0.2479,0.2586,312245.4
1764187200000,0.2586,0.2589,0.2549,0.2567,101772.0
1764201600000,0.2567,0.2658,0.2547,0.2605,423738.5
1764216000000,0.2605,0.265,0.258,0.2633,291411.6
1764230400000,0.2633,0.2643,0.2564,0.2568,273458.0
1764244800000,0.2568,0.2587,0.2542,0.2581,94759.2
1764259200000,0.2581,0.2606,0.2568,0.2583,122701.2
1764273600000,0.2583,0.26,0.2546,0.2549,662613.0
1764288000000,0.2549,0.2563,0.2498,0.2498,1511464.3
1764302400000,0.2498,0.2517,0.2485,0.2487,199828.3
1764316800000,0.2487,0.2556,0.2484,0.2521,114967.2
1764331200000,0.2521,0.259,0.2506,0.2556,138373.3
1764345600000,0.2556,0.2556,0.2455,0.2501,348435.7
1764360000000,0.2501,0.2507,0.2476,0.2493,59744.1
1764374400000,0.2493,0.2509,0.2471,0.2475,150993.1
1764388800000,0.2475,0.2488,0.2446,0.2454,70188.5
1764403200000,0.2454,0.248,0.2444,0.2477,40043.5
1764417600000,0.2477,0.2496,0.2455,0.2493,63703.5
1764432000000,0.2493,0.2493,0.2448,0.2471,82745.2
1764446400000,0.2471,0.2485,0.246,0.2464,36097.7
1764460800000,0.2464,0.2481,0.2442,0.2477,36518.9
1764475200000,0.2477,0.2497,0.2458,0.2491,46858.4
1764489600000,0.2491,0.2507,0.2476,0.2481,254953.7
1764504000000,0.2481,0.2542,0.2472,0.2518,224266.3
1764518400000,0.2518,0.2549,0.2493,0.2514,176320.3
1764532800000,0.2514,0.2525,0.2441,0.2446,95867.4
1764547200000,0.2446,0.2452,0.2245,0.2247,529386.7
1764561600000,0.2247,0.2286,0.2242,0.2284,151544.4
1764576000000,0.2284,0.2284,0.2232,0.2238,105558.7
1764590400000,0.2238,0.229,0.2196,0.2242,479689.2
1764604800000,0.2242,0.2244,0.2207,0.222,171218.9
1764619200000,0.222,0.2312,0.222,0.2295,195713.3
1764633600000,0.2295,0.2363,0.2289,0.2363,146369.5
1764648000000,0.2363,0.2405,0.236,0.2377,176554.0
1764662400000,0.2377,0.2378,0.231,0.2355,198700.0
1764676800000,0.2355,0.2511,0.2341,0.25,505937.8
1764691200000,0.25,0.2508,0.2445,0.2479,320764.4
1764705600000,0.2479,0.2496,0.2464,0.2474,107567.1
1764720000000,0.2474,0.2527,0.2469,0.2512,106038.1
1764734400000,0.2512,0.2557,0.2506,0.2521,112873.4
1764748800000,0.2521,0.2551,0.2512,0.2524,68240.1
1764763200000,0.2524,0.255,0.246,0.2526,122414.4
1764777600000,0.2526,0.2553,0.2507,0.2525,100286.3
1764792000000,0.2525,0.2572,0.2514,0.2549,101521.5
1764806400000,0.2549,0.2582,0.2532,0.2547,65985.6
1764820800000,0.2547,0.2557,0.2515,0.2528,127719.0
1764835200000,0.2528,0.2562,0.2518,0.2536,201344.4
1764849600000,0.2536,0.2546,0.2489,0.253,194405.7
1764864000000,0.253,0.2548,0.2412,0.2453,171334.4
1764878400000,0.2453,0.2461,0.242,0.2442,83060.7
1764892800000,0.2442,0.2455,0.2414,0.2418,44711.9
1764907200000,0.2418,0.2455,0.2405,0.2448,157433.9
1764921600000,0.2448,0.2449,0.2388,0.2405,135791.8
1764936000000,0.2405,0.244,0.2378,0.2392,153468.4
1764950400000,0.2392,0.2392,0.225,0.2293,237599.0
1764964800000,0.2293,0.2298,0.2268,0.2284,66941.0
1764979200000,0.2284,0.231,0.2276,0.2294,55168.6
1764993600000,0.2294,0.2297,0.2272,0.2277,30773.4
1765008000000,0.2277,0.2281,0.2253,0.2263,55805.1
1765022400000,0.2263,0.229,0.2251,0.2266,87386.3
1765036800000,0.2266,0.2315,0.2264,0.2274,182706.2
1765051200000,0.2274,0.2303,0.2255,0.2271,52991.0
1765065600000,0.2271,0.2298,0.2265,0.2296,38466.8
1765080000000,0.2296,0.2301,0.2249,0.2253,40318.4
1765094400000,0.2253,0.2258,0.2224,0.2232,49417.4
1765108800000,0.2232,0.2251,0.2144,0.2219,202201.5
1765123200000,0.2219,0.2287,0.2193,0.2269,191124.2
1765137600000,0.2269,0.2284,0.2167,0.2202,139381.1
1765152000000,0.2202,0.2249,0.2191,0.2239,59191.1
1765166400000,0.2239,0.2272,0.2239,0.2256,104347.1
1765180800000,0.2256,0.2301,0.2245,0.228,236474.1
1765195200000,0.228,0.2329,0.226,0.2279,135910.0
1765209600000,0.2279,0.2308,0.2251,0.2271,84336.8
1765224000000,0.2271,0.2293,0.2256,0.2271,55704.4
1765238400000,0.2271,0.2278,0.2229,0.2255,92552.4
1765252800000,0.2255,0.2257,0.2201,0.2225,74942.1
1765267200000,0.2225,0.2226,0.2184,0.2221,83134.9
1765281600000,0.2221,0.2342,0.2218,0.2338,178929.5
1765296000000,0.2338,0.2496,0.2338,0.2378,503017.2
1765310400000,0.2378,0.2381,0.2295,0.2333,163512.5
1765324800000,0.2333,0.234,0.2293,0.23,151807.0
1765339200000,0.23,0.2335,0.2297,0.2312,180143.1
1765353600000,0.2312,0.2348,0.2287,0.2297,153332.4
1765368000000,0.2297,0.2316,0.227,0.2273,209306.0
1765382400000,0.2273,0.2361,0.2264,0.235,651070.2
1765396800000,0.235,0.2407,0.2255,0.2265,184956.2
1765411200000,0.2265,0.2267,0.2149,0.2155,183515.4
1765425600000,0.2155,0.2178,0.2139,0.2168,94778.3
1765440000000,0.2168,0.2175,0.2123,0.2137,195684.7
1765454400000,0.2137,0.215,0.2106,0.2112,200070.4
1765468800000,0.2112,0.2177,0.2092,0.2157,161903.6
1765483200000,0.2157,0.2214,0.2155,0.2165,223395.9
1765497600000,0.2165,0.2179,0.2123,0.2142,118390.9
1765512000000,0.2142,0.2171,0.2124,0.2141,89652.6
1765526400000,0.2141,0.2144,0.2111,0.2138,128641.1
1765540800000,0.2138,0.2151,0.2018,0.203,309529.8
1765555200000,0.203,0.2038,0.1984,0.2004,238058.6
1765569600000,0.2004,0.2027,0.2001,0.201,109084.0
1765584000000,0.201,0.2049,0.2009,0.204,98690.5
1765598400000,0.204,0.2056,0.203,0.205,74506.5
1765612800000,0.205,0.2066,0.2036,0.2041,55807.6
1765627200000,0.2041,0.2052,0.2022,0.2034,80767.9
1765641600000,0.2034,0.2045,0.2021,0.204,54272.5
1765656000000,0.204,0.2044,0.2024,0.204,32051.6
1765670400000,0.204,0.2049,0.2027,0.2038,31180.7
1765684800000,0.2038,0.2041,0.2014,0.2018,53566.6
1765699200000,0.2018,0.2028,0.1985,0.2009,109180.7
1765713600000,0.2009,0.2018,0.1985,0.199,111719.0
1765728000000,0.199,0.2005,0.1956,0.1979,124579.3
1765742400000,0.1979,0.1991,0.1913,0.194,335534.2
1765756800000,0.194,0.1998,0.1939,0.1967,108916.6
1765771200000,0.1967,0.1991,0.1966,0.1966,97441.2
1765785600000,0.1966,0.1966,0.1921,0.1942,134513.4
1765800000000,0.1942,0.1963,0.1843,0.1861,329199.7
1765814400000,0.1861,0.1885,0.1827,0.1877,260085.9
1765828800000,0.1877,0.1894,0.1857,0.1893,91536.8
1765843200000,0.1893,0.1899,0.1868,0.1881,56043.4
1765857600000,0.1881,0.1888,0.1848,0.1872,99756.7
1765872000000,0.1872,0.1952,0.1871,0.1945,198442.0
1765886400000,0.1945,0.1984,0.1917,0.198,438889.8
1765900800000,0.198,0.201,0.1921,0.1941,337199.4
1765915200000,0.1941,0.1946,0.1922,0.1939,96720.5
1765929600000,0.1939,0.1951,0.1915,0.1923,129058.4
1765944000000,0.1923,0.1926,0.1899,0.1911,126001.5
1765958400000,0.1911,0.1915,0.1894,0.1904,125395.9
1765972800000,0.1904,0.1988,0.1882,0.1901,281086.9
1765987200000,0.1901,0.1913,0.1817,0.1849,226082.7
1766001600000,0.1849,0.1863,0.1825,0.1852,118091.4
1766016000000,0.1852,0.1855,0.1817,0.1824,124512.0
1766030400000,0.1824,0.183,0.1787,0.1799,120577.4
1766044800000,0.1799,0.1823,0.1797,0.181,66626.8
1766059200000,0.181,0.1876,0.1806,0.1833,250652.0
1766073600000,0.1833,0.1834,0.1696,0.1697,284294.8
1766088000000,0.1697,0.1758,0.1695,0.1743,226262.1
1766102400000,0.1743,0.1795,0.1712,0.1781,170187.3
1766116800000,0.1781,0.1824,0.1776,0.1794,209659.7
1766131200000,0.1794,0.1824,0.1792,0.1824,153448.5
1766145600000,0.1824,0.1923,0.1816,0.1878,386916.6
1766160000000,0.1878,0.1934,0.1864,0.1917,209245.3
1766174400000,0.1917,0.1935,0.1905,0.1925,189499.8
1766188800000,0.1925,0.1932,0.1907,0.1925,58330.8
1766203200000,0.1925,0.1936,0.1906,0.1933,71478.0
1766217600000,0.1933,0.1983,0.1933,0.1973,490798.7
1766232000000,0.1973,0.1987,0.1939,0.1947,266000.1
1766246400000,0.1947,0.1967,0.1944,0.1958,82202.7
1766260800000,0.1958,0.1975,0.1957,0.196,52778.2
1766275200000,0.196,0.1976,0.1923,0.1931,133958.5
1766289600000,0.1931,0.1943,0.1928,0.1935,40887.3
1766304000000,0.1935,0.1951,0.1931,0.1933,53427.3
1766318400000,0.1933,0.1939,0.1863,0.1878,187277.7
1766332800000,0.1878,0.1906,0.1866,0.1889,102037.1
1766347200000,0.1889,0.1925,0.1876,0.1923,167417.6
1766361600000,0.1923,0.1964,0.1893,0.1936,194311.2
1766376000000,0.1936,0.1964,0.1934,0.195,127308.7
1766390400000,0.195,0.1984,0.1948,0.1958,193475.5
1766404800000,0.1958,0.1974,0.1939,0.1959,208993.1
1766419200000,0.1959,0.1971,0.1891,0.1894,85073.1
1766433600000,0.1894,0.1923,0.1881,0.192,108729.8
1766448000000,0.192,0.193,0.1896,0.1913,67758.1
1766462400000,0.1913,0.195,0.1888,0.1892,627343.4
1766476800000,0.1892,0.1912,0.1885,0.191,91928.9
1766491200000,0.191,0.191,0.1838,0.1863,301340.2
1766505600000,0.1863,0.1902,0.1855,0.1894,112135.1
1766520000000,0.1894,0.1928,0.1891,0.1906,66175.7
1766534400000,0.1906,0.1918,0.1875,0.1898,74908.1
1766548800000,0.1898,0.1908,0.1862,0.1862,84403.5
1766563200000,0.1862,0.1878,0.1851,0.1874,76307.2
1766577600000,0.1874,0.1929,0.1856,0.1922,188596.9
1766592000000,0.1922,0.1947,0.1918,0.194,140182.2
1766606400000,0.194,0.1974,0.194,0.1949,114488.9
1766620800000,0.1949,0.1999,0.1928,0.1983,120155.4
1766635200000,0.1983,0.2017,0.1978,0.2007,205702.7
1766649600000,0.2007,0.203,0.1982,0.1983,159247.3
1766664000000,0.1983,0.2015,0.1981,0.2005,157701.9
1766678400000,0.2005,0.2022,0.1976,0.1994,145632.5
1766692800000,0.1994,0.2,0.1929,0.1937,136512.5
1766707200000,0.1937,0.2016,0.192,0.2001,229747.5
1766721600000,0.2001,0.2017,0.1973,0.1977,109618.1
1766736000000,0.1977,0.2013,0.1976,0.2013,111768.8
1766750400000,0.2013,0.2035,0.1981,0.2008,218527.9
1766764800000,0.2008,0.2016,0.1971,0.2007,116131.4
1766779200000,0.2007,0.2013,0.1991,0.2005,54612.5
1766793600000,0.2005,0.2019,0.1992,0.2011,83926.2
1766808000000,0.2011,0.202,0.1999,0.2002,45918.8
1766822400000,0.2002,0.2017,0.1989,0.2009,226213.8
1766836800000,0.2009,0.2012,0.1994,0.2005,51033.3
1766851200000,0.2005,0.2013,0.1998,0.1999,35920.8
1766865600000,0.1999,0.2031,0.1995,0.2027,81255.8
1766880000000,0.2027,0.2034,0.2012,0.2012,32294.7
1766894400000,0.2012,0.2016,0.1999,0.2004,40559.7
1766908800000,0.2004,0.2015,0.1999,0.2008,37959.5
1766923200000,0.2008,0.2013,0.1998,0.2,60686.7
1766937600000,0.2,0.2007,0.1969,0.1971,60782.5
1766952000000,0.1971,0.2002,0.1959,0.2001,46339.9
1766966400000,0.2001,0.2048,0.1996,0.204,249191.3
1766980800000,0.204,0.205,0.1986,0.1999,193999.0
1766995200000,0.1999,0.2005,0.1958,0.196,151667.9
1767009600000,0.196,0.1963,0.1897,0.1924,385441.4
1767024000000,0.1924,0.1928,0.1883,0.1886,255269.2
1767038400000,0.1886,0.1901,0.1875,0.1882,108735.4
1767052800000,0.1882,0.1885,0.1857,0.1871,100752.8
1767067200000,0.1871,0.1883,0.1856,0.1867,214689.5
1767081600000,0.1867,0.1921,0.1864,0.1916,174822.7
1767096000000,0.1916,0.1916,0.1882,0.1911,94291.8
1767110400000,0.1911,0.1928,0.1868,0.1897,114401.7
1767124800000,0.1897,0.191,0.1876,0.1909,64666.8
1767139200000,0.1909,0.1929,0.1899,0.1912,179361.0
1767153600000,0.1912,0.1917,0.1901,0.1911,31436.8
1767168000000,0.1911,0.1915,0.1895,0.1914,64315.5
1767182400000,0.1914,0.1929,0.1892,0.1899,61870.1
1767196800000,0.1899,0.1901,0.185,0.1878,126357.1
1767211200000,0.1878,0.1896,0.1864,0.1883,62577.7
1767225600000,0.1883,0.1896,0.1875,0.1877,39338.8
1767240000000,0.1877,0.1883,0.1869,0.1881,33975.9
1767254400000,0.1881,0.1901,0.1877,0.19,44225.3
1767268800000,0.19,0.1939,0.1886,0.1925,85078.9
1767283200000,0.1925,0.1961,0.1921,0.1961,109511.8
1767297600000,0.1961,0.2,0.1959,0.2,212403.1
1767312000000,0.2,0.2021,0.1982,0.2021,143951.0
1767326400000,0.2021,0.2033,0.1989,0.1993,117664.5
1767340800000,0.1993,0.2054,0.1991,0.2023,163810.2
1767355200000,0.2023,0.2073,0.2019,0.2053,229082.0
1767369600000,0.2053,0.2117,0.205,0.208,219124.4
1767384000000,0.208,0.2121,0.2072,0.2106,142366.4
1767398400000,0.2106,0.2114,0.2084,0.2112,152551.9
1767412800000,0.2112,0.2145,0.2047,0.2052,386447.2
1767427200000,0.2052,0.2088,0.2048,0.2064,239674.7
1767441600000,0.2064,0.2075,0.2053,0.2061,169577.2
1767456000000,0.2061,0.21,0.2058,0.2096,82079.3
1767470400000,0.2096,0.2111,0.2083,0.2106,63409.0
1767484800000,0.2106,0.2136,0.2103,0.212,196062.7
1767499200000,0.212,0.2143,0.2106,0.2117,177656.5
1767513600000,0.2117,0.2151,0.2103,0.2137,150526.7
1767528000000,0.2137,0.2193,0.2124,0.2183,224775.5
1767542400000,0.2183,0.2229,0.2146,0.2163,246058.6
1767556800000,0.2163,0.2199,0.216,0.2187,121247.5
1767571200000,0.2187,0.2245,0.2179,0.22,199966.9
1767585600000,0.22,0.2203,0.2127,0.216,193618.6
1767600000000,0.216,0.2161,0.2127,0.2149,120746.0
1767614400000,0.2149,0.2193,0.2127,0.2179,297390.6
1767628800000,0.2179,0.2225,0.2152,0.2213,212979.8
1767643200000,0.2213,0.2263,0.2207,0.2235,143734.6
1767657600000,0.2235,0.229,0.2207,0.2285,176495.7
1767672000000,0.2285,0.2361,0.2285,0.2289,420995.0
1767686400000,0.2289,0.2333,0.2257,0.2326,380767.7
1767700800000,0.2326,0.2391,0.2293,0.2308,379973.8
1767715200000,0.2308,0.2317,0.2195,0.2229,262804.3
1767729600000,0.2229,0.2318,0.2229,0.2308,117851.7
1767744000000,0.2308,0.2308,0.2238,0.226,91995.6
1767758400000,0.226,0.2269,0.2237,0.2265,78697.9
1767772800000,0.2265,0.2275,0.2206,0.2229,124230.3
1767787200000,0.2229,0.2233,0.2166,0.2171,190610.2
1767801600000,0.2171,0.2185,0.2148,0.2172,89510.0
1767816000000,0.2172,0.2183,0.2151,0.2176,152419.0
1767830400000,0.2176,0.2196,0.215,0.2153,112561.7
1767844800000,0.2153,0.2176,0.2107,0.2147,140847.8
1767859200000,0.2147,0.2153,0.2095,0.2112,91640.4
1767873600000,0.2112,0.2153,0.2061,0.2153,148711.6
1767888000000,0.2153,0.2156,0.2113,0.2116,481425.6
1767902400000,0.2116,0.2165,0.2099,0.2134,62752.9
1767916800000,0.2134,0.218,0.2127,0.218,214476.6
1767931200000,0.218,0.2185,0.2156,0.2174,88295.7
1767945600000,0.2174,0.2182,0.2127,0.2152,130475.9
1767960000000,0.2152,0.2216,0.2126,0.2173,268975.9
1767974400000,0.2173,0.2211,0.2107,0.2114,136448.4
1767988800000,0.2114,0.2148,0.211,0.2135,60640.0
1768003200000,0.2135,0.2136,0.2107,0.2115,51971.6
1768017600000,0.2115,0.2115,0.2088,0.2108,41978.1
1768032000000,0.2108,0.2146,0.2106,0.2135,160513.7
1768046400000,0.2135,0.2144,0.2119,0.2122,54305.3
1768060800000,0.2122,0.2124,0.2095,0.2117,77804.6
1768075200000,0.2117,0.2118,0.2073,0.2086,47791.6
1768089600000,0.2086,0.2116,0.2082,0.2112,59478.6
1768104000000,0.2112,0.2122,0.2103,0.212,41026.6
1768118400000,0.212,0.2135,0.2115,0.2129,39801.1
1768132800000,0.2129,0.2166,0.2122,0.2133,77122.2
1768147200000,0.2133,0.2193,0.2132,0.2154,159336.6
1768161600000,0.2154,0.2158,0.2087,0.213,234203.5
1768176000000,0.213,0.2187,0.2099,0.2163,282807.6
1768190400000,0.2163,0.2191,0.2113,0.2115,191051.4
1768204800000,0.2115,0.2117,0.2071,0.2099,172461.2
1768219200000,0.2099,0.2125,0.2053,0.2125,159405.2
1768233600000,0.2125,0.2151,0.2083,0.2103,97463.0
1768248000000,0.2103,0.2113,0.206,0.2069,88749.0
1768262400000,0.2069,0.2089,0.2065,0.208,83286.1
1768276800000,0.208,0.2113,0.2076,0.2106,57884.3
1768291200000,0.2106,0.213,0.2104,0.2119,43782.5
1768305600000,0.2119,0.2175,0.2113,0.2174,163409.8
1768320000000,0.2174,0.2202,0.2166,0.219,171427.3
1768334400000,0.219,0.2301,0.2163,0.2258,253060.9
1768348800000,0.2258,0.2287,0.2249,0.2283,169291.2
1768363200000,0.2283,0.2287,0.2242,0.2276,167341.9
1768377600000,0.2276,0.2311,0.2264,0.227,140781.0
1768392000000,0.227,0.2423,0.2268,0.2407,537972.2
1768406400000,0.2407,0.2445,0.2336,0.2394,560555.8
1768420800000,0.2394,0.2401,0.2318,0.2325,179938.3
1768435200000,0.2325,0.2329,0.224,0.2247,192570.4
1768449600000,0.2247,0.2281,0.2232,0.2276,110415.4
1768464000000,0.2276,0.2316,0.2262,0.2278,126331.6
1768478400000,0.2278,0.2308,0.2198,0.2239,165857.5
1768492800000,0.2239,0.2255,0.2163,0.2183,140042.4
1768507200000,0.2183,0.2201,0.2166,0.219,73971.0
1768521600000,0.219,0.2195,0.2162,0.2176,184490.2
1768536000000,0.2176,0.2211,0.2154,0.2198,91521.1
1768550400000,0.2198,0.2229,0.2184,0.2188,133347.3
1768564800000,0.2188,0.2199,0.2124,0.2135,86348.4
1768579200000,0.2135,0.2212,0.2127,0.2204,116000.4
1768593600000,0.2204,0.2273,0.2182,0.2268,209794.8
1768608000000,0.2268,0.2278,0.2228,0.2236,117341.4
1768622400000,0.2236,0.2255,0.2228,0.225,46183.0
1768636800000,0.225,0.2266,0.2236,0.2236,60730.8
1768651200000,0.2236,0.2273,0.223,0.2262,67374.9
1768665600000,0.2262,0.2264,0.2229,0.2245,73124.3
1768680000000,0.2245,0.2248,0.2212,0.2216,44623.9
1768694400000,0.2216,0.2255,0.2202,0.2219,184165.5
1768708800000,0.2219,0.2231,0.2188,0.2193,60572.4
1768723200000,0.2193,0.2228,0.2184,0.2211,119775.6
1768737600000,0.2211,0.2212,0.2181,0.2205,90308.1
1768752000000,0.2205,0.2233,0.2191,0.2198,64783.3
1768766400000,0.2198,0.2215,0.2083,0.2085,112213.5
1768780800000,0.2085,0.2085,0.1867,0.1992,556207.5
1768795200000,0.1992,0.2005,0.1977,0.2001,103453.8
1768809600000,0.2001,0.2038,0.1996,0.2001,89517.3
1768824000000,0.2001,0.201,0.199,0.2001,48873.8
1768838400000,0.2001,0.2034,0.2,0.203,47661.1
1768852800000,0.203,0.2037,0.1997,0.2022,58098.5
1768867200000,0.2022,0.2031,0.2006,0.2016,74471.8
1768881600000,0.2016,0.2019,0.1976,0.1977,86313.5
1768896000000,0.1977,0.1984,0.1954,0.1954,111623.0
1768910400000,0.1954,0.1986,0.1941,0.1951,96385.9
1768924800000,0.1951,0.1957,0.1903,0.1913,70709.0
1768939200000,0.1913,0.1936,0.188,0.1894,227180.0
1768953600000,0.1894,0.196,0.1893,0.1945,155354.8
1768968000000,0.1945,0.1965,0.1941,0.1948,61164.2
1768982400000,0.1948,0.1954,0.1917,0.1919,111838.9
1768996800000,0.1919,0.201,0.1895,0.199,317264.9
1769011200000,0.199,0.1993,0.1878,0.1986,241000.5
1769025600000,0.1986,0.1988,0.1929,0.1936,112037.7
1769040000000,0.1936,0.1973,0.1936,0.1961,69831.4
1769054400000,0.1961,0.1976,0.1943,0.1947,49979.7
1769068800000,0.1947,0.1974,0.1939,0.1952,55846.9
1769083200000,0.1952,0.1963,0.1889,0.1912,68940.1
1769097600000,0.1912,0.1946,0.1906,0.1937,120446.2
1769112000000,0.1937,0.1959,0.1925,0.1937,80305.0
1769126400000,0.1937,0.196,0.1927,0.1958,68470.2
1769140800000,0.1958,0.1982,0.1954,0.1963,71608.8
1769155200000,0.1963,0.1967,0.1929,0.1962,69472.8
1769169600000,0.1962,0.1963,0.1904,0.1952,118430.2
1769184000000,0.1952,0.1987,0.193,0.1937,186069.2
1769198400000,0.1937,0.1948,0.1912,0.1944,56314.8
1769212800000,0.1944,0.1972,0.1934,0.1965,43779.0
1769227200000,0.1965,0.1981,0.1965,0.1966,72376.4
1769241600000,0.1966,0.2004,0.1961,0.2004,65323.1
1769256000000,0.2004,0.2006,0.1959,0.1965,86681.5
1769270400000,0.1965,0.1983,0.196,0.1965,82105.8
1769284800000,0.1965,0.1993,0.1965,0.1984,48726.6
1769299200000,0.1984,0.2011,0.197,0.1974,85323.5
1769313600000,0.1974,0.199,0.1968,0.1981,50636.1
1769328000000,0.1981,0.2005,0.1973,0.1987,120411.4
1769342400000,0.1987,0.1993,0.1952,0.1954,94471.5
1769356800000,0.1954,0.1954,0.182,0.1831,293402.9
1769371200000,0.1831,0.1868,0.1826,0.1861,149997.4
1769385600000,0.1861,0.1925,0.1855,0.1895,157823.0
1769400000000,0.1895,0.1932,0.1893,0.1914,113967.8
1769414400000,0.1914,0.1936,0.1893,0.1897,113552.4
1769428800000,0.1897,0.1931,0.188,0.1903,193199.8
1769443200000,0.1903,0.1936,0.1895,0.1914,191747.3
1769457600000,0.1914,0.1929,0.1893,0.1907,169796.5
1769472000000,0.1907,0.1934,0.19,0.1929,97374.4
1769486400000,0.1929,0.1942,0.1912,0.1926,98371.2
1769500800000,0.1926,0.1938,0.1916,0.193,79728.6
1769515200000,0.193,0.2,0.1922,0.1998,243386.8
1769529600000,0.1998,0.2055,0.195,0.2015,348751.2
1769544000000,0.2015,0.2069,0.201,0.2068,279311.5
1769558400000,0.2068,0.2069,0.203,0.204,157145.0
1769572800000,0.204,0.2095,0.2031,0.2077,327025.5
1769587200000,0.2077,0.2303,0.2068,0.2281,1186144.9
1769601600000,0.2281,0.2329,0.2117,0.2137,925345.1
1769616000000,0.2137,0.2154,0.2108,0.2126,265144.3
1769630400000,0.2126,0.2165,0.2105,0.2163,311796.1
1769644800000,0.2163,0.2197,0.2088,0.2088,679567.0
1769659200000,0.2088,0.2122,0.207,0.2091,258936.9
1769673600000,0.2091,0.2114,0.2073,0.2099,319232.6
1769688000000,0.2099,0.2129,0.199,0.2012,497085.8
1769702400000,0.2012,0.2082,0.1985,0.2016,507553.7
1769716800000,0.2016,0.203,0.1984,0.1996,106030.4
1769731200000,0.1996,0.2009,0.1903,0.1941,320194.1
1769745600000,0.1941,0.1971,0.1901,0.1961,152945.3
1769760000000,0.1961,0.2071,0.1941,0.2049,416439.4
1769774400000,0.2049,0.2066,0.1994,0.2034,424305.8
1769788800000,0.2034,0.2063,0.1966,0.203,452664.6
1769803200000,0.203,0.2044,0.1995,0.2044,150261.7
1769817600000,0.2044,0.2138,0.2021,0.2117,445544.8
1769832000000,0.2117,0.2145,0.203,0.2042,689833.9
1769846400000,0.2042,0.2048,0.1973,0.1992,292468.3
1769860800000,0.1992,0.1993,0.183,0.1831,566014.9
1769875200000,0.1831,0.1854,0.1605,0.1723,936760.0
1769889600000,0.1723,0.1813,0.1692,0.1802,270012.8
1769904000000,0.1802,0.1816,0.177,0.1787,169940.3
1769918400000,0.1787,0.1806,0.1767,0.1798,172754.8
1769932800000,0.1798,0.184,0.1765,0.1773,321598.1
1769947200000,0.1773,0.179,0.1693,0.1721,347414.5
1769961600000,0.1721,0.1783,0.1708,0.1744,182906.1
1769976000000,0.1744,0.1771,0.1688,0.1741,213943.3
1769990400000,0.1741,0.1868,0.1726,0.1857,522043.8
1770004800000,0.1857,0.1949,0.1795,0.1859,1121568.2
1770019200000,0.1859,0.1898,0.181,0.1872,584227.5
1770033600000,0.1872,0.1974,0.1862,0.1933,1334392.4
1770048000000,0.1933,0.1949,0.1899,0.1899,314824.7
1770062400000,0.1899,0.1927,0.1881,0.1894,197361.4
1770076800000,0.1894,0.1952,0.187,0.1926,514119.4
1770091200000,0.1926,0.1981,0.1916,0.1952,624772.4
1770105600000,0.1952,0.199,0.1902,0.1989,704064.2
1770120000000,0.1989,0.2016,0.1944,0.1994,789345.8
1770134400000,0.1994,0.1995,0.1871,0.1954,959260.1
1770148800000,0.1954,0.2106,0.1939,0.1954,703606.5
1770163200000,0.1954,0.1998,0.1935,0.1952,324839.7
1770177600000,0.1952,0.1962,0.1911,0.1926,181494.7
1770192000000,0.1926,0.194,0.187,0.1889,371385.7
1770206400000,0.1889,0.1901,0.1848,0.1883,474526.6
1770220800000,0.1883,0.1946,0.1844,0.1939,726766.7
1770235200000,0.1939,0.1941,0.1865,0.1876,375115.7
1770249600000,0.1876,0.1925,0.1874,0.1876,371667.0
1770264000000,0.1876,0.19,0.1874,0.188,306537.9
1770278400000,0.188,0.1918,0.1872,0.1885,425152.2
1770292800000,0.1885,0.189,0.1694,0.1717,1445719.2
1770307200000,0.1717,0.174,0.1638,0.1642,644240.7
1770321600000,0.1642,0.1649,0.1544,0.1559,767410.2
1770336000000,0.1559,0.1607,0.139,0.1544,1035388.5
1770350400000,0.1544,0.1636,0.1533,0.1572,277973.9
1770364800000,0.1572,0.1615,0.1553,0.1598,298289.5
1770379200000,0.1598,0.1684,0.1587,0.1662,346771.9
1770393600000,0.1662,0.1723,0.1658,0.17,521537.6
1770408000000,0.17,0.1717,0.1669,0.1681,310474.1
1770422400000,0.1681,0.1709,0.1659,0.1701,258227.7
1770436800000,0.1701,0.1711,0.16,0.1609,276823.7
1770451200000,0.1609,0.162,0.1584,0.1594,137516.6
1770465600000,0.1594,0.1642,0.1592,0.1617,191086.4
1770480000000,0.1617,0.1693,0.1612,0.1677,385987.1
1770494400000,0.1677,0.17,0.167,0.1671,150483.7
1770508800000,0.1671,0.1677,0.1632,0.1633,110745.3
1770523200000,0.1633,0.1646,0.1617,0.1627,53605.1
1770537600000,0.1627,0.1681,0.1621,0.1681,321590.5
1770552000000,0.1681,0.1682,0.1622,0.1633,202721.5
1770566400000,0.1633,0.1634,0.1577,0.1616,208609.4
1770580800000,0.1616,0.163,0.1574,0.1589,190252.7
1770595200000,0.1589,0.1609,0.1578,0.1605,90249.2
1770609600000,0.1605,0.1617,0.1587,0.1588,123845.2
1770624000000,0.1588,0.1591,0.1517,0.1525,287032.7
1770638400000,0.1525,0.1558,0.1511,0.1548,209450.1
1770652800000,0.1548,0.158,0.1529,0.1566,183710.3
1770667200000,0.1566,0.157,0.1517,0.152,141922.4
1770681600000,0.152,0.154,0.1475,0.1488,235294.7
1770696000000,0.1488,0.1498,0.145,0.1473,232280.5
1770710400000,0.1473,0.1484,0.145,0.1454,239697.1
1770724800000,0.1454,0.1484,0.1446,0.1474,280365.9
1770739200000,0.1474,0.1481,0.1429,0.1435,166144.8
1770753600000,0.1435,0.1435,0.1407,0.1426,124802.6
1770768000000,0.1426,0.1461,0.1421,0.1438,168344.1
1770782400000,0.1438,0.1442,0.138,0.1385,231275.1
1770796800000,0.1385,0.1419,0.1377,0.1413,263152.5
1770811200000,0.1413,0.1441,0.1364,0.1383,519795.0
1770825600000,0.1383,0.1405,0.1371,0.1383,270328.4
1770840000000,0.1383,0.1393,0.136,0.1374,215633.9
1770854400000,0.1374,0.1397,0.1374,0.1397,170568.4
1770868800000,0.1397,0.1407,0.1375,0.1406,293932.0
1770883200000,0.1406,0.1451,0.1393,0.1429,600933.6
1770897600000,0.1429,0.1437,0.1395,0.1395,305143.8
1770912000000,0.1395,0.1399,0.1351,0.1374,294965.3
1770926400000,0.1374,0.1388,0.1353,0.1385,170334.0
1770940800000,0.1385,0.141,0.1369,0.1404,234737.9
1770955200000,0.1404,0.1434,0.1394,0.1417,382461.9
1770969600000,0.1417,0.145,0.1416,0.1434,319505.9
1770984000000,0.1434,0.1509,0.1416,0.1509,778240.5
1770998400000,0.1509,0.157,0.15,0.1514,1177236.9
1771012800000,0.1514,0.1554,0.151,0.1532,228187.9
1771027200000,0.1532,0.1569,0.1532,0.1562,239870.5
1771041600000,0.1562,0.1568,0.1528,0.154,124377.4
1771056000000,0.154,0.1596,0.154,0.1589,197912.2
1771070400000,0.1589,0.1617,0.1572,0.1608,321386.0
1771084800000,0.1608,0.1667,0.1601,0.1653,354768.6
1771099200000,0.1653,0.1683,0.1639,0.166,240526.0
1771113600000,0.166,0.1707,0.1656,0.1693,305657.7
1771128000000,0.1693,0.1786,0.1691,0.1737,758621.7
1771142400000,0.1737,0.1739,0.164,0.1647,351446.5
1771156800000,0.1647,0.1652,0.1595,0.1623,325556.6
1771171200000,0.1623,0.1628,0.1573,0.1589,344322.9
1771185600000,0.1589,0.1631,0.1584,0.1627,146672.0
1771200000000,0.1627,0.1652,0.1607,0.1624,179010.8
1771214400000,0.1624,0.1628,0.1596,0.1599,111928.3
1771228800000,0.1599,0.1621,0.1583,0.1611,157084.6
1771243200000,0.1611,0.1646,0.1559,0.1565,259351.7
1771257600000,0.1565,0.1597,0.1561,0.1588,80460.3
1771272000000,0.1588,0.1633,0.1585,0.1633,243635.7
1771286400000,0.1633,0.1697,0.1629,0.1681,399896.4
1771300800000,0.1681,0.1706,0.1642,0.1658,266996.4
1771315200000,0.1658,0.1682,0.163,0.1665,547136.0
1771329600000,0.1665,0.1684,0.1615,0.1643,400060.7
1771344000000,0.1643,0.1672,0.1624,0.1647,207589.5
1771358400000,0.1647,0.1658,0.1639,0.1644,109976.9
1771372800000,0.1644,0.1652,0.1614,0.1648,158922.3
1771387200000,0.1648,0.165,0.1633,0.164,77257.2
1771401600000,0.164,0.1661,0.1627,0.163,123442.4
1771416000000,0.163,0.1643,0.1593,0.1624,212331.9
1771430400000,0.1624,0.1625,0.1508,0.1525,463175.6
1771444800000,0.1525,0.1537,0.1511,0.152,175850.9
1771459200000,0.152,0.1556,0.1504,0.1536,220419.2
1771473600000,0.1536,0.1555,0.1529,0.154,140284.5
1771488000000,0.154,0.1599,0.1514,0.1564,581621.8
1771502400000,0.1564,0.1577,0.1489,0.1502,364410.0
1771516800000,0.1502,0.1529,0.1488,0.1511,215084.3
1771531200000,0.1511,0.152,0.1504,0.1509,69839.2
1771545600000,0.1509,0.155,0.1504,0.1532,221788.6
1771560000000,0.1532,0.1567,0.1515,0.1565,269584.0
1771574400000,0.1565,0.1583,0.1543,0.1549,283987.4
1771588800000,0.1549,0.1592,0.1511,0.1584,360535.6
1771603200000,0.1584,0.1624,0.1558,0.1618,601385.5
1771617600000,0.1618,0.1634,0.1592,0.1599,290482.3
1771632000000,0.1599,0.1603,0.158,0.1583,96612.7
1771646400000,0.1583,0.1595,0.1565,0.1579,86535.8
1771660800000,0.1579,0.1607,0.1577,0.1595,215094.8
1771675200000,0.1595,0.1607,0.1578,0.159,107037.7
1771689600000,0.159,0.1599,0.1572,0.1584,82500.9
1771704000000,0.1584,0.159,0.1569,0.1577,79193.9
1771718400000,0.1577,0.1577,0.1539,0.1545,125165.6
1771732800000,0.1545,0.1562,0.1536,0.1556,92339.8
1771747200000,0.1556,0.1558,0.1542,0.1548,55361.5
1771761600000,0.1548,0.1548,0.1497,0.1509,267830.9
1771776000000,0.1509,0.151,0.1492,0.1498,109334.5
1771790400000,0.1498,0.1512,0.1492,0.1506,69102.4
1771804800000,0.1506,0.1512,0.1414,0.1423,405827.7
1771819200000,0.1423,0.1465,0.1414,0.1461,143858.2
1771833600000,0.1461,0.1496,0.1451,0.1483,168659.7
1771848000000,0.1483,0.1506,0.1452,0.1454,309833.1
1771862400000,0.1454,0.1471,0.1423,0.1441,233369.5
1771876800000,0.1441,0.1471,0.1437,0.1455,160536.5
1771891200000,0.1455,0.1478,0.1419,0.1427,250056.9
1771905600000,0.1427,0.1435,0.1409,0.1419,109296.6
1771920000000,0.1419,0.1423,0.1404,0.1415,162287.9
1771934400000,0.1415,0.1464,0.1404,0.1446,212621.8
1771948800000,0.1446,0.1464,0.1439,0.145,167724.8
1771963200000,0.145,0.1459,0.144,0.1448,103410.3
1771977600000,0.1448,0.1511,0.1448,0.1471,173534.2
1771992000000,0.1471,0.1479,0.1454,0.147,86116.9
1772006400000,0.147,0.1497,0.1468,0.1497,108727.9
1772020800000,0.1497,0.1572,0.1491,0.1567,235485.4
1772035200000,0.1567,0.1655,0.1566,0.1635,340107.6
1772049600000,0.1635,0.168,0.1585,0.1608,422797.2
1772064000000,0.1608,0.1635,0.1601,0.1618,239877.9
1772078400000,0.1618,0.1636,0.1586,0.1593,120562.0
1772092800000,0.1593,0.1607,0.1562,0.1566,173286.8
1772107200000,0.1566,0.159,0.1535,0.1561,372376.2
1772121600000,0.1561,0.1565,0.1501,0.1553,303792.2
1772136000000,0.1553,0.1558,0.1542,0.1544,93622.6
1772150400000,0.1544,0.1573,0.1542,0.1569,73191.9
1772164800000,0.1569,0.1615,0.1569,0.1597,398865.9
1772179200000,0.1597,0.161,0.1544,0.1547,238885.4
1772193600000,0.1547,0.155,0.1525,0.1543,807168.6
1772208000000,0.1543,0.1549,0.1511,0.1514,135918.4
1772222400000,0.1514,0.1528,0.1502,0.1527,119564.8
1772236800000,0.1527,0.1554,0.1526,0.154,151648.0
1772251200000,0.154,0.1542,0.1447,0.1478,1091242.0
1772265600000,0.1478,0.1478,0.1448,0.1455,253066.2
1772280000000,0.1455,0.1512,0.1449,0.1492,207437.9
1772294400000,0.1492,0.1576,0.1482,0.1561,237668.6
1772308800000,0.1561,0.1624,0.1558,0.1619,329426.1
1772323200000,0.1619,0.1752,0.159,0.1736,1019647.6
1772337600000,0.1736,0.1762,0.1699,0.173,677485.4
1772352000000,0.173,0.1749,0.1676,0.1679,423058.0
1772366400000,0.1679,0.1707,0.164,0.1667,474664.8
1772380800000,0.1667,0.1687,0.1625,0.1628,241689.6
1772395200000,0.1628,0.1673,0.1601,0.165,216240.9
1772409600000,0.165,0.1724,0.165,0.171,390309.1
1772424000000,0.171,0.1722,0.167,0.1687,320497.0
1772438400000,0.1687,0.1738,0.1667,0.1723,315340.7
1772452800000,0.1723,0.1861,0.1695,0.182,796610.6
1772467200000,0.182,0.1842,0.1771,0.1784,391762.2
1772481600000,0.1784,0.1802,0.1738,0.1765,308799.9
1772496000000,0.1765,0.1774,0.1741,0.1759,130680.5
1772510400000,0.1759,0.1773,0.174,0.1762,179794.5
1772524800000,0.1762,0.1765,0.1729,0.1753,252138.1
1772539200000,0.1753,0.1786,0.1732,0.1772,571298.2
1772553600000,0.1772,0.1823,0.1755,0.1784,352394.9
1772568000000,0.1784,0.1824,0.1759,0.1807,267271.1
1772582400000,0.1807,0.1818,0.1769,0.1797,322676.8
1772596800000,0.1797,0.1836,0.1779,0.1828,196734.6
1772611200000,0.1828,0.19,0.1813,0.1867,487558.4
1772625600000,0.1867,0.2001,0.1856,0.1982,550251.4
1772640000000,0.1982,0.1982,0.1898,0.1934,340700.3
1772654400000,0.1934,0.1948,0.1884,0.19,204639.9
1772668800000,0.19,0.1938,0.1891,0.1937,126694.9
1772683200000,0.1937,0.1957,0.1917,0.1933,178613.9
1772697600000,0.1933,0.2001,0.1924,0.1947,899338.5
1772712000000,0.1947,0.1977,0.188,0.1895,467409.6
1772726400000,0.1895,0.1896,0.1848,0.1877,232548.2
1772740800000,0.1877,0.1898,0.1864,0.1867,85068.0
1772755200000,0.1867,0.1887,0.1858,0.1882,117632.5
1772769600000,0.1882,0.1885,0.184,0.1855,241594.0
1772784000000,0.1855,0.1857,0.1816,0.182,155160.3
1772798400000,0.182,0.182,0.1765,0.1777,329077.9
1772812800000,0.1777,0.1786,0.1743,0.1763,200776.1
1772827200000,0.1763,0.1781,0.1759,0.1766,79214.0
1772841600000,0.1766,0.1776,0.1761,0.1768,80868.4
1772856000000,0.1768,0.177,0.1749,0.1753,59151.7
1772870400000,0.1753,0.1781,0.175,0.177,41211.1
1772884800000,0.177,0.1775,0.1745,0.1751,58526.2
1772899200000,0.1751,0.1765,0.1734,0.1739,69442.2
1772913600000,0.1739,0.1745,0.1698,0.1706,97218.2
1772928000000,0.1706,0.1711,0.1663,0.1668,347091.2
1772942400000,0.1668,0.1674,0.1622,0.1628,161098.3
1772956800000,0.1628,0.1659,0.1622,0.1644,176671.7
1772971200000,0.1644,0.1658,0.1613,0.1621,91167.4
1772985600000,0.1621,0.1675,0.1613,0.167,111669.3
1773000000000,0.167,0.1671,0.1615,0.1643,214781.0
1773014400000,0.1643,0.1667,0.1627,0.1634,159432.7
1773028800000,0.1634,0.1669,0.1615,0.1634,165057.7
1773043200000,0.1634,0.1656,0.1601,0.1621,252668.9
1773057600000,0.1621,0.1659,0.1618,0.1637,202579.4
1773072000000,0.1637,0.1645,0.1597,0.1606,205148.7
1773086400000,0.1606,0.1621,0.1593,0.1602,191087.5
1773100800000,0.1602,0.1657,0.1599,0.1648,137783.1
1773115200000,0.1648,0.174,0.1646,0.1726,593022.4
1773129600000,0.1726,0.1813,0.1726,0.179,764022.4
1773144000000,0.179,0.18,0.1716,0.1763,592972.5
1773158400000,0.1763,0.1768,0.1681,0.1686,279835.6
1773172800000,0.1686,0.1701,0.1668,0.1674,185839.0
1773187200000,0.1674,0.168,0.1643,0.1648,143803.3
1773201600000,0.1648,0.1661,0.1637,0.1643,266114.4
1773216000000,0.1643,0.1645,0.1617,0.1629,282371.6
1773230400000,0.1629,0.1692,0.1626,0.165,385887.6
1773244800000,0.165,0.1674,0.1641,0.1658,156535.5
1773259200000,0.1658,0.1679,0.1649,0.1652,121134.8
1773273600000,0.1652,0.1661,0.1615,0.1623,139081.1
1773288000000,0.1623,0.1637,0.1612,0.1634,166624.2
1773302400000,0.1634,0.1647,0.1627,0.1635,207572.0
1773316800000,0.1635,0.1644,0.1599,0.1616,266694.1
1773331200000,0.1616,0.1637,0.1606,0.163,121857.6
1773345600000,0.163,0.1631,0.1611,0.1628,181458.0
1773360000000,0.1628,0.169,0.1623,0.1666,701135.9
1773374400000,0.1666,0.1673,0.1643,0.1652,154581.4
1773388800000,0.1652,0.1699,0.1639,0.1683,549702.8
1773403200000,0.1683,0.1732,0.1664,0.1673,380504.8
1773417600000,0.1673,0.1686,0.1643,0.1656,275380.9
1773432000000,0.1656,0.1666,0.1641,0.1652,63674.0
1773446400000,0.1652,0.1652,0.1611,0.1631,265021.8
1773460800000,0.1631,0.1634,0.1596,0.1603,134488.4
1773475200000,0.1603,0.1607,0.158,0.1596,124392.2
1773489600000,0.1596,0.1612,0.1592,0.1596,65846.4
1773504000000,0.1596,0.1604,0.1587,0.1591,30741.8
1773518400000,0.1591,0.1608,0.1587,0.1607,98022.3
1773532800000,0.1607,0.1613,0.1585,0.1586,99166.5
1773547200000,0.1586,0.1604,0.1585,0.1603,131977.7
1773561600000,0.1603,0.1604,0.1591,0.1602,67217.0
1773576000000,0.1602,0.1605,0.1585,0.1591,138826.4
1773590400000,0.1591,0.1613,0.1586,0.1602,193415.8
1773604800000,0.1602,0.1651,0.1594,0.1634,317725.6
1773619200000,0.1634,0.1673,0.1625,0.1656,216020.2
1773633600000,0.1656,0.1697,0.1649,0.1692,310715.4
1773648000000,0.1692,0.1708,0.1671,0.1692,203778.1
1773662400000,0.1692,0.1707,0.1654,0.1666,662540.4
1773676800000,0.1666,0.1704,0.1664,0.1694,192813.6
1773691200000,0.1694,0.1704,0.1683,0.1692,263394.1
1773705600000,0.1692,0.1715,0.1666,0.1674,341130.8
1773720000000,0.1674,0.1678,0.1647,0.1665,172028.1
1773734400000,0.1665,0.168,0.165,0.166,197428.5
1773748800000,0.166,0.1678,0.1632,0.1674,261650.2
1773763200000,0.1674,0.1732,0.1673,0.1719,256795.8
1773777600000,0.1719,0.1772,0.1709,0.1722,354932.3
1773792000000,0.1722,0.1752,0.1694,0.1733,191397.7
1773806400000,0.1733,0.1735,0.1708,0.1717,136663.6
1773820800000,0.1717,0.1726,0.1661,0.167,155622.4
1773835200000,0.167,0.167,0.1601,0.1624,314315.9
1773849600000,0.1624,0.165,0.1608,0.1623,152724.3
1773864000000,0.1623,0.1642,0.1606,0.1637,79216.3
1773878400000,0.1637,0.1652,0.1617,0.164,94098.0
1773892800000,0.164,0.164,0.1597,0.1613,93930.6
1773907200000,0.1613,0.1636,0.1603,0.1621,87199.8
1773921600000,0.1621,0.1622,0.1571,0.1587,200456.0
1773936000000,0.1587,0.1613,0.1572,0.1602,102400.2
1773950400000,0.1602,0.1609,0.1588,0.1597,76248.5
1773964800000,0.1597,0.1615,0.1596,0.1599,63562.9
1773979200000,0.1599,0.1617,0.1575,0.1597,272070.1
1773993600000,0.1597,0.1613,0.1589,0.1596,83688.4
1774008000000,0.1596,0.1603,0.158,0.1593,78515.4
1774022400000,0.1593,0.1599,0.1568,0.1585,68426.3
1774036800000,0.1585,0.1606,0.1569,0.1595,127135.7
1774051200000,0.1595,0.1604,0.1595,0.1604,105039.4
1774065600000,0.1604,0.1612,0.1598,0.1601,51200.0
1774080000000,0.1601,0.1614,0.1589,0.1593,48863.3
1774094400000,0.1593,0.1602,0.158,0.1601,46171.9
1774108800000,0.1601,0.1604,0.1585,0.1591,49485.9
1774123200000,0.1591,0.1603,0.1534,0.1549,104719.8
1774137600000,0.1549,0.1561,0.1522,0.1545,157847.2
1774152000000,0.1545,0.1556,0.153,0.153,50410.2
1774166400000,0.153,0.1532,0.1508,0.1509,97176.5
1774180800000,0.1509,0.1531,0.1508,0.1529,100462.2
1774195200000,0.1529,0.1551,0.1522,0.1535,153253.2
1774209600000,0.1535,0.1545,0.1503,0.1527,116441.0
1774224000000,0.1527,0.1555,0.1515,0.1548,90291.4
1774238400000,0.1548,0.1581,0.153,0.1538,138968.9
1774252800000,0.1538,0.1608,0.151,0.1551,443156.5
1774267200000,0.1551,0.1583,0.1532,0.1534,218707.4
1774281600000,0.1534,0.156,0.1529,0.154,190336.4
1774296000000,0.154,0.1553,0.1525,0.1536,108638.4
1774310400000,0.1536,0.1556,0.1529,0.1548,131879.6
1774324800000,0.1548,0.1564,0.1522,0.1562,158194.9
1774339200000,0.1562,0.1593,0.1552,0.1556,320325.3
1774353600000,0.1556,0.1556,0.1517,0.1524,185870.1
1774368000000,0.1524,0.1544,0.151,0.1514,172863.9
1774382400000,0.1514,0.1568,0.1512,0.1559,154390.0
1774396800000,0.1559,0.1598,0.1558,0.1595,217639.7
1774411200000,0.1595,0.1608,0.158,0.1585,301606.9
1774425600000,0.1585,0.1599,0.1582,0.1599,159242.7
1774440000000,0.1599,0.1603,0.1548,0.156,180501.8
1774454400000,0.156,0.1578,0.1555,0.1558,120816.6
1774468800000,0.1558,0.1558,0.1539,0.155,125730.7
1774483200000,0.155,0.1553,0.1529,0.1538,165654.1
1774497600000,0.1538,0.1539,0.1508,0.153,135920.7
1774512000000,0.153,0.153,0.1495,0.1504,195548.9
1774526400000,0.1504,0.1518,0.1495,0.1495,250760.7
1774540800000,0.1495,0.1503,0.1463,0.1464,658263.4
1774555200000,0.1464,0.1499,0.146,0.1491,161195.4
1774569600000,0.1491,0.1508,0.1489,0.149,105453.0
1774584000000,0.149,0.1503,0.1478,0.15,108124.8
1774598400000,0.15,0.1503,0.1422,0.1437,356412.3
1774612800000,0.1437,0.1445,0.1415,0.1416,323183.6
1774627200000,0.1416,0.1423,0.1399,0.1419,155934.1
1774641600000,0.1419,0.143,0.1412,0.1428,116164.9
1774656000000,0.1428,0.1429,0.1411,0.1419,103605.6
1774670400000,0.1419,0.145,0.1415,0.1449,83820.1
1774684800000,0.1449,0.1456,0.1435,0.1443,50538.3
1774699200000,0.1443,0.148,0.1439,0.1473,139770.2
1774713600000,0.1473,0.1473,0.1458,0.1462,46334.0
1774728000000,0.1462,0.1469,0.1438,0.1447,58155.7
1774742400000,0.1447,0.1457,0.1435,0.145,70309.6
1774756800000,0.145,0.145,0.1432,0.1432,65526.0
1774771200000,0.1432,0.1444,0.1423,0.1438,111472.5
1774785600000,0.1438,0.144,0.142,0.1427,70160.7
1774800000000,0.1427,0.1433,0.1415,0.1421,79130.4
1774814400000,0.1421,0.1433,0.1383,0.1419,198387.8
1774828800000,0.1419,0.1471,0.1417,0.147,149494.6
1774843200000,0.147,0.1524,0.147,0.1524,201013.4
1774857600000,0.1524,0.1533,0.1493,0.153,298088.7
1774872000000,0.153,0.1552,0.1513,0.1548,288850.0
1774886400000,0.1548,0.155,0.1494,0.1508,148882.3
1774900800000,0.1508,0.1527,0.1503,0.1512,109138.3
1774915200000,0.1512,0.156,0.1508,0.154,142002.9
1774929600000,0.154,0.1551,0.1534,0.1551,164823.4
1774944000000,0.1551,0.1564,0.151,0.1524,432783.2
1774958400000,0.1524,0.1558,0.1522,0.1537,157747.6
1774972800000,0.1537,0.1591,0.1537,0.1583,160022.2
1774987200000,0.1583,0.1594,0.157,0.1588,102981.3
1775001600000,0.1588,0.1609,0.1575,0.1607,109792.5
1775016000000,0.1607,0.1641,0.1601,0.1624,192568.9
1775030400000,0.1624,0.1675,0.1623,0.1641,437643.3
1775044800000,0.1641,0.1656,0.1618,0.1648,193935.6
1775059200000,0.1648,0.1697,0.1572,0.1575,660582.9
1775073600000,0.1575,0.1578,0.1548,0.1553,356916.7
1775088000000,0.1553,0.1578,0.1513,0.152,200724.2
1775102400000,0.152,0.157,0.1511,0.1563,206399.2
1775116800000,0.1563,0.1563,0.1539,0.154,122755.3
1775131200000,0.154,0.1594,0.1522,0.1577,262023.3
1775145600000,0.1577,0.1603,0.1556,0.1568,225722.2
1775160000000,0.1568,0.157,0.1535,0.1548,129773.5
1775174400000,0.1548,0.158,0.1548,0.1573,170142.6
1775188800000,0.1573,0.1642,0.1566,0.1636,299555.7
1775203200000,0.1636,0.166,0.1628,0.1637,325129.4
1775217600000,0.1637,0.1641,0.1611,0.1627,183647.2
1775232000000,0.1627,0.1649,0.1622,0.1636,442061.4
1775246400000,0.1636,0.1639,0.1625,0.1636,48678.0
1775260800000,0.1636,0.1636,0.1621,0.1624,30589.8
1775275200000,0.1624,0.1628,0.1612,0.1624,58632.4
1775289600000,0.1624,0.1628,0.1607,0.1622,54918.8
1775304000000,0.1622,0.1634,0.1609,0.163,141603.0
1775318400000,0.163,0.1644,0.1617,0.1629,55305.5
1775332800000,0.1629,0.1633,0.1623,0.163,32103.4
1775347200000,0.163,0.1632,0.1612,0.1613,44776.1
1775361600000,0.1613,0.1613,0.1574,0.1575,61880.2
1775376000000,0.1575,0.1595,0.1572,0.1593,60045.8
1775390400000,0.1593,0.1606,0.1569,0.1589,111083.8
1775404800000,0.1589,0.1599,0.1586,0.1591,46622.8
1775419200000,0.1591,0.163,0.1585,0.1629,70735.6
1775433600000,0.1629,0.1659,0.1628,0.1647,81909.3
1775448000000,0.1647,0.1654,0.1636,0.1646,117759.4
1775462400000,0.1646,0.1671,0.1646,0.1656,136954.1
1775476800000,0.1656,0.1661,0.1637,0.1644,101930.4
1775491200000,0.1644,0.1645,0.1628,0.1632,53680.3
1775505600000,0.1632,0.1639,0.1589,0.1598,73354.2
1775520000000,0.1598,0.1603,0.1578,0.1583,65233.1
1775534400000,0.1583,0.1594,0.1572,0.1584,89448.5
1775548800000,0.1584,0.1599,0.1565,0.1567,100151.3
1775563200000,0.1567,0.1584,0.1554,0.1574,153218.5
1775577600000,0.1574,0.1604,0.1569,0.1603,130300.4
1775592000000,0.1603,0.1719,0.1592,0.1713,485302.5
1775606400000,0.1713,0.173,0.1675,0.1679,260140.5
1775620800000,0.1679,0.169,0.1668,0.168,117149.6
1775635200000,0.168,0.1694,0.166,0.1666,91945.4
1775649600000,0.1666,0.1673,0.1611,0.1634,294617.3
1775664000000,0.1634,0.1646,0.1606,0.1617,131823.5
1775678400000,0.1617,0.1637,0.1599,0.1601,108481.0
1775692800000,0.1601,0.1609,0.1587,0.1592,98317.7
1775707200000,0.1592,0.1607,0.1589,0.1598,47120.5
1775721600000,0.1598,0.1611,0.1591,0.1591,162665.6
1775736000000,0.1591,0.1623,0.1577,0.1617,322450.8
1775750400000,0.1617,0.1633,0.1599,0.1631,248198.5
1775764800000,0.1631,0.1669,0.1611,0.1615,108555.2
1775779200000,0.1615,0.1618,0.1592,0.1596,179752.2
1775793600000,0.1596,0.1616,0.1594,0.1606,126551.2
1775808000000,0.1606,0.163,0.1597,0.1623,246117.3
1775822400000,0.1623,0.1656,0.1617,0.1626,271028.2
1775836800000,0.1626,0.1678,0.1625,0.1678,166118.8
1775851200000,0.1678,0.1685,0.1658,0.1663,151830.8
1775865600000,0.1663,0.1668,0.1635,0.1637,143290.5
1775880000000,0.1637,0.1644,0.1623,0.1631,125475.9
1775894400000,0.1631,0.166,0.163,0.1646,322470.6
1775908800000,0.1646,0.1654,0.163,0.1653,118433.5
1775923200000,0.1653,0.1685,0.1647,0.1681,190989.8
1775937600000,0.1681,0.1685,0.1651,0.1658,108957.5
1775952000000,0.1658,0.1669,0.1605,0.1608,258369.9
1775966400000,0.1608,0.1622,0.1606,0.1614,108647.6
1775980800000,0.1614,0.162,0.1601,0.1606,72718.9
1775995200000,0.1606,0.161,0.1584,0.1595,249279.6
1776009600000,0.1595,0.1615,0.1592,0.1607,87679.7
1776024000000,0.1607,0.1621,0.1596,0.1604,81087.7
1776038400000,0.1604,0.1626,0.1601,0.1615,89277.2
1776052800000,0.1615,0.1646,0.1607,0.1637,213782.8
1776067200000,0.1637,0.1642,0.162,0.1634,183890.5
1776081600000,0.1634,0.1664,0.1625,0.1631,238960.9
1776096000000,0.1631,0.1664,0.1627,0.1662,84141.8
1776110400000,0.1662,0.1717,0.1646,0.1712,234702.7
1776124800000,0.1712,0.1716,0.1685,0.1697,150616.2
1776139200000,0.1697,0.1699,0.1676,0.1682,169027.9
1776153600000,0.1682,0.1716,0.168,0.1697,199223.4
1776168000000,0.1697,0.1723,0.1673,0.1683,414666.4
1776182400000,0.1683,0.1687,0.1635,0.1647,197685.9
1776196800000,0.1647,0.1661,0.1643,0.165,100128.9
1776211200000,0.165,0.1667,0.165,0.1663,126096.9
1776225600000,0.1663,0.1671,0.1642,0.1649,113181.5
1776240000000,0.1649,0.1675,0.1647,0.1667,102831.9
1776254400000,0.1667,0.1679,0.1651,0.1661,129642.8
1776268800000,0.1661,0.1705,0.1659,0.1696,130109.0
1776283200000,0.1696,0.171,0.1673,0.1693,129705.5
1776297600000,0.1693,0.1724,0.1685,0.1722,154546.2
1776312000000,0.1722,0.1732,0.1707,0.1718,193692.6
1776326400000,0.1718,0.1726,0.1701,0.1708,156287.4
1776340800000,0.1708,0.1741,0.1684,0.1739,265669.7
1776355200000,0.1739,0.1799,0.1717,0.1799,296037.4
1776369600000,0.1799,0.1807,0.1783,0.1803,147132.8
1776384000000,0.1803,0.1842,0.1795,0.1833,432552.1
1776398400000,0.1833,0.1846,0.1804,0.1829,304889.2
1776412800000,0.1829,0.1889,0.1818,0.1841,535540.8
1776427200000,0.1841,0.1898,0.1836,0.1874,524352.9
1776441600000,0.1874,0.1898,0.1848,0.1865,184776.4
1776456000000,0.1865,0.1872,0.1842,0.185,97037.3
1776470400000,0.185,0.1858,0.1831,0.1836,200817.1
1776484800000,0.1836,0.1886,0.1834,0.1879,139238.3
1776499200000,0.1879,0.1879,0.1802,0.1817,308891.9
1776513600000,0.1817,0.1819,0.1791,0.1803,177625.1
1776528000000,0.1803,0.1807,0.1768,0.1773,96159.0
1776542400000,0.1773,0.1805,0.177,0.179,112118.7
1776556800000,0.179,0.1795,0.1762,0.1774,140507.8
1776571200000,0.1774,0.1789,0.1763,0.1776,170457.3
1776585600000,0.1776,0.178,0.1738,0.1762,233161.5
1776600000000,0.1762,0.1793,0.1754,0.1776,126157.8
1776614400000,0.1776,0.178,0.173,0.175,122545.7
1776628800000,0.175,0.175,0.1679,0.1687,192660.6
1776643200000,0.1687,0.1711,0.1687,0.17,156961.3
1776657600000,0.17,0.1717,0.1676,0.1706,185619.2
1776672000000,0.1706,0.1715,0.1698,0.1705,122583.0
1776686400000,0.1705,0.1731,0.1688,0.1712,130028.6
1776700800000,0.1712,0.1726,0.1698,0.1699,112461.9
1776715200000,0.1699,0.1717,0.1688,0.1691,85845.1
1776729600000,0.1691,0.1706,0.1669,0.168,119111.8
1776744000000,0.168,0.1701,0.1678,0.1699,62378.0
1776758400000,0.1699,0.1724,0.1697,0.1711,107456.8
1776772800000,0.1711,0.1728,0.1689,0.172,121875.0
1776787200000,0.172,0.1731,0.1668,0.1678,130151.6
1776801600000,0.1678,0.1722,0.1676,0.1722,56377.6
1776816000000,0.1722,0.1771,0.1722,0.1758,138977.0
1776830400000,0.1758,0.1795,0.1756,0.1781,112193.5
1776844800000,0.1781,0.1799,0.1772,0.1792,120815.6
1776859200000,0.1792,0.1795,0.1766,0.1767,114815.6
1776873600000,0.1767,0.178,0.1744,0.1754,68168.6
1776888000000,0.1754,0.176,0.1717,0.172,55567.7
1776902400000,0.172,0.1723,0.1685,0.1694,88981.4
1776916800000,0.1694,0.1713,0.1691,0.1703,46288.4
1776931200000,0.1703,0.1704,0.1682,0.1699,80257.1
1776945600000,0.1699,0.1733,0.1697,0.173,137770.4
1776960000000,0.173,0.1736,0.1684,0.1693,282376.8
1776974400000,0.1693,0.1735,0.1693,0.1731,97797.2
1776988800000,0.1731,0.1754,0.1721,0.1733,161395.0
1777003200000,0.1733,0.1747,0.1719,0.1743,96922.8
1777017600000,0.1743,0.1759,0.1726,0.1753,220804.1
1777032000000,0.1753,0.1757,0.1726,0.1749,137704.0
1777046400000,0.1749,0.1751,0.1732,0.1747,59486.5
1777060800000,0.1747,0.176,0.173,0.1734,67782.5
1777075200000,0.1734,0.1741,0.1726,0.1731,180035.2
1777089600000,0.1731,0.1739,0.1719,0.1735,73941.1
1777104000000,0.1735,0.175,0.1721,0.1726,75839.6
1777118400000,0.1726,0.1742,0.1721,0.1727,92415.6
1777132800000,0.1727,0.173,0.1702,0.1708,58485.8
1777147200000,0.1708,0.1729,0.1704,0.1729,28374.1
1777161600000,0.1729,0.1776,0.1723,0.1773,386586.6
1777176000000,0.1773,0.1814,0.1772,0.1803,496019.2
1777190400000,0.1803,0.1826,0.1794,0.1807,279214.2
1777204800000,0.1807,0.1809,0.1776,0.1807,170446.5
1777219200000,0.1807,0.1823,0.1793,0.1821,165910.4
1777233600000,0.1821,0.1847,0.1812,0.1829,244843.2
1777248000000,0.1829,0.1963,0.1809,0.1955,569256.9
1777262400000,0.1955,0.1994,0.1847,0.186,956894.0
1777276800000,0.186,0.1919,0.1855,0.1899,686287.8
1777291200000,0.1899,0.1958,0.1865,0.1888,851208.8
1777305600000,0.1888,0.1947,0.1878,0.1912,303009.6
1777320000000,0.1912,0.1965,0.19,0.1949,333766.5
1777334400000,0.1949,0.1954,0.1896,0.1915,375605.2
1777348800000,0.1915,0.1949,0.1904,0.1913,291595.0
1777363200000,0.1913,0.1952,0.1901,0.1929,353733.5
1777377600000,0.1929,0.1957,0.1895,0.1907,453878.2
1777392000000,0.1907,0.1909,0.188,0.1899,280261.0
1777406400000,0.1899,0.1908,0.188,0.1889,162534.5
1777420800000,0.1889,0.1915,0.1876,0.1908,173521.5
1777435200000,0.1908,0.1913,0.1883,0.1885,182630.2
1777449600000,0.1885,0.192,0.1868,0.191,317607.8
1777464000000,0.191,0.191,0.1812,0.1819,400642.3
1777478400000,0.1819,0.1824,0.174,0.1776,410709.3
1777492800000,0.1776,0.1825,0.1764,0.1824,110905.0
1777507200000,0.1824,0.1861,0.1815,0.1827,226048.1
1777521600000,0.1827,0.1828,0.18,0.1821,183596.0
1777536000000,0.1821,0.1822,0.178,0.1789,185944.3
1777550400000,0.1789,0.1807,0.1778,0.1797,223493.0
1777564800000,0.1797,0.1805,0.178,0.1799,105010.0
1777579200000,0.1799,0.1804,0.1783,0.1801,48231.0
1777593600000,0.1801,0.1855,0.1799,0.1841,235849.8
1777608000000,0.1841,0.1849,0.1808,0.1813,168987.6
1777622400000,0.1813,0.1827,0.1795,0.1797,135287.9
1777636800000,0.1797,0.1819,0.1793,0.1807,247866.6
1777651200000,0.1807,0.1813,0.1788,0.1796,183535.8
1777665600000,0.1796,0.1806,0.1779,0.1789,76192.0
1777680000000,0.1789,0.1805,0.1783,0.1786,83104.3
1777694400000,0.1786,0.1789,0.1774,0.1783,90863.7
1777708800000,0.1783,0.1786,0.1767,0.1774,82748.1
1777723200000,0.1774,0.1804,0.177,0.1801,98818.7
1777737600000,0.1801,0.1812,0.1786,0.1797,134193.7
1777752000000,0.1797,0.1814,0.1791,0.1806,101229.1
1777766400000,0.1806,0.181,0.1778,0.1783,64567.4
1777780800000,0.1783,0.1795,0.1776,0.1784,77889.3
1777795200000,0.1784,0.1795,0.1771,0.1779,128345.9
1777809600000,0.1779,0.1789,0.1774,0.1778,84249.2
1777824000000,0.1778,0.1783,0.1755,0.1781,147354.1
1777838400000,0.1781,0.1795,0.1771,0.1773,140443.8
1777852800000,0.1773,0.1824,0.1756,0.1821,259089.4
1777867200000,0.1821,0.1829,0.1783,0.1791,144384.8
1777881600000,0.1791,0.181,0.1751,0.1769,178003.4
1777896000000,0.1769,0.1805,0.1762,0.1787,124876.2
1777910400000,0.1787,0.1816,0.1778,0.1802,116118.6
1777924800000,0.1802,0.1804,0.1778,0.1781,42975.3
1777939200000,0.1781,0.1824,0.1781,0.1818,126020.7
1777953600000,0.1818,0.1869,0.1816,0.1851,289009.4
1777968000000,0.1851,0.1858,0.1832,0.1848,224458.6
1777982400000,0.1848,0.1959,0.1841,0.1895,1607778.5
1777996800000,0.1895,0.192,0.1876,0.1901,326699.2
1778011200000,0.1901,0.1946,0.1893,0.1915,400835.6
1778025600000,0.1915,0.1971,0.1905,0.1949,907806.5
1778040000000,0.1949,0.1956,0.1922,0.1944,415985.4
1778054400000,0.1944,0.2028,0.1939,0.202,681575.0
1778068800000,0.202,0.2074,0.1976,0.2021,1197389.2
1778083200000,0.2021,0.2023,0.1955,0.1978,408511.1
1778097600000,0.1978,0.2002,0.1969,0.1988,166251.7
1778112000000,0.1988,0.1994,0.1934,0.1941,422149.1
1778126400000,0.1941,0.2038,0.1935,0.2028,461565.2
1778140800000,0.2028,0.2065,0.2013,0.2057,581454.9
1778155200000,0.2057,0.2111,0.1997,0.2003,601438.7
1778169600000,0.2003,0.2079,0.1982,0.2053,535031.2
1778184000000,0.2053,0.2083,0.2018,0.2059,240003.1
1778198400000,0.2059,0.2096,0.2021,0.2042,449045.9
1778212800000,0.2042,0.2056,0.2026,0.2051,281270.3
1778227200000,0.2051,0.2126,0.2049,0.2117,553114.2
1778241600000,0.2117,0.2202,0.2088,0.2199,509990.3
1778256000000,0.2199,0.2434,0.2192,0.2407,1822715.6
1778270400000,0.2407,0.2491,0.2338,0.2443,838220.0
1778284800000,0.2443,0.2583,0.2397,0.256,1120168.7
1778299200000,0.256,0.2603,0.2421,0.2421,1695261.1
1778313600000,0.2421,0.2481,0.2397,0.2451,553468.7
1778328000000,0.2451,0.2549,0.245,0.2485,843654.2
1778342400000,0.2485,0.2626,0.2474,0.253,758786.0
1778356800000,0.253,0.2533,0.2476,0.2493,206487.6
1778371200000,0.2493,0.2493,0.2422,0.248,205525.3
1778385600000,0.248,0.2506,0.2454,0.2479,317113.5
1778400000000,0.2479,0.2563,0.2471,0.2481,370460.1
1778414400000,0.2481,0.2493,0.2441,0.2489,166849.7
1778428800000,0.2489,0.2666,0.2473,0.2655,599716.8
1778443200000,0.2655,0.2765,0.2548,0.2649,852681.1
1778457600000,0.2649,0.267,0.2525,0.2559,317228.2
1778472000000,0.2559,0.2623,0.2532,0.2569,282194.1
1778486400000,0.2569,0.2571,0.2542,0.2551,145483.3
1778500800000,0.2551,0.2559,0.2354,0.2391,484597.1
1778515200000,0.2391,0.2438,0.2363,0.2403,661748.6
1778529600000,0.2403,0.2521,0.2389,0.2506,647378.1
1778544000000,0.2506,0.2525,0.2401,0.2404,376241.7
1778558400000,0.2404,0.2422,0.2382,0.2412,246654.2
1778572800000,0.2412,0.2413,0.2315,0.2328,390362.1
1778587200000,0.2328,0.2347,0.2262,0.2269,321216.6
1778601600000,0.2269,0.2347,0.2261,0.2343,259250.8
1778616000000,0.2343,0.2348,0.2317,0.2319,113219.1
1778630400000,0.2319,0.2442,0.231,0.2428,449321.2
1778644800000,0.2428,0.2431,0.2384,0.2392,235214.6
1778659200000,0.2392,0.2406,0.2294,0.2305,327430.8
1778673600000,0.2305,0.2313,0.2198,0.2203,335313.3
1778688000000,0.2203,0.2263,0.22,0.2233,139172.9
1778702400000,0.2233,0.2243,0.2201,0.2227,88202.4
1778716800000,0.2227,0.2244,0.2184,0.2188,116725.7
1778731200000,0.2188,0.2236,0.2187,0.2218,84067.4
1778745600000,0.2218,0.2228,0.2193,0.2206,121526.6
1778760000000,0.2206,0.2295,0.2193,0.2275,214050.9
1778774400000,0.2275,0.229,0.2243,0.2259,201841.5
1778788800000,0.2259,0.2267,0.2238,0.225,78078.4
1778803200000,0.225,0.2275,0.2225,0.2236,173937.4
1778817600000,0.2236,0.2254,0.2155,0.2192,262602.1
1778832000000,0.2192,0.2198,0.2161,0.2165,110765.0
1778846400000,0.2165,0.2171,0.2065,0.2103,247183.6
1778860800000,0.2103,0.2128,0.21,0.2102,100939.5
1778875200000,0.2102,0.211,0.2088,0.2105,66975.8
1778889600000,0.2105,0.2115,0.2098,0.2102,61151.5
1778904000000,0.2102,0.2112,0.2016,0.2044,116404.0
1778918400000,0.2044,0.2048,0.1979,0.2001,181111.4
1778932800000,0.2001,0.2024,0.1993,0.2009,85889.0
1778947200000,0.2009,0.2022,0.1994,0.2,39518.0
1778961600000,0.2,0.2004,0.1984,0.1987,55217.3
1778976000000,0.1987,0.2002,0.1964,0.1983,103311.2
1778990400000,0.1983,0.2013,0.1981,0.2006,42046.9
1779004800000,0.2006,0.2016,0.1988,0.2006,117296.0
1779019200000,0.2006,0.2011,0.1971,0.1983,53180.3
1779033600000,0.1983,0.1994,0.1956,0.199,102716.4
1779048000000,0.199,0.2008,0.1891,0.1943,146279.7
1779062400000,0.1943,0.1969,0.1929,0.1952,103648.1
1779076800000,0.1952,0.1972,0.1945,0.1951,213665.1
1779091200000,0.1951,0.1965,0.1934,0.1953,115593.5
1779105600000,0.1953,0.1984,0.1918,0.1934,113995.1
1779120000000,0.1934,0.1974,0.1911,0.1971,100561.3
1779134400000,0.1971,0.2004,0.1966,0.1999,144639.7
1779148800000,0.1999,0.2005,0.1958,0.1983,82140.9
1779163200000,0.1983,0.2004,0.1976,0.2001,130369.2
1779177600000,0.2001,0.2001,0.1948,0.1948,113038.2
1779192000000,0.1948,0.1994,0.1935,0.1944,220617.3
1779206400000,0.1944,0.1972,0.1937,0.1958,76451.7
1779220800000,0.1958,0.1973,0.1939,0.1951,34122.4
1779235200000,0.1951,0.1962,0.1939,0.1948,48855.2
1779249600000,0.1948,0.2019,0.1948,0.2015,114039.2
1779264000000,0.2015,0.211,0.2015,0.2095,402159.7
1779278400000,0.2095,0.2146,0.2043,0.2145,430259.6
1779292800000,0.2145,0.2161,0.2096,0.2104,272931.4
1779307200000,0.2104,0.2145,0.2089,0.2126,110884.5
1779321600000,0.2126,0.2142,0.2107,0.2118,133432.5
1779336000000,0.2118,0.2161,0.2095,0.2134,224784.4
1779350400000,0.2134,0.2172,0.2078,0.2086,281936.0
1779364800000,0.2086,0.2128,0.2075,0.2107,160067.7
1779379200000,0.2107,0.2148,0.2085,0.2144,146316.3
1779393600000,0.2144,0.215,0.2121,0.2136,96373.6
1779408000000,0.2136,0.2136,0.2102,0.212,73754.1
1779422400000,0.212,0.2211,0.212,0.2202,374880.2
1779436800000,0.2202,0.2237,0.2154,0.2184,235642.8
1779451200000,0.2184,0.2226,0.2115,0.2137,210599.4
1779465600000,0.2137,0.2145,0.2001,0.2015,295410.0
1779480000000,0.2015,0.2029,0.1986,0.1992,152644.4
1779494400000,0.1992,0.2031,0.198,0.2022,82487.8
1779508800000,0.2022,0.2026,0.1894,0.1915,160071.6
1779523200000,0.1915,0.1926,0.1895,0.1917,163134.2
1779537600000,0.1917,0.1978,0.1914,0.1976,125584.0
1779552000000,0.1976,0.2065,0.1963,0.2056,192675.3
1779566400000,0.2056,0.2145,0.2044,0.2134,290220.4
1779580800000,0.2134,0.2142,0.2065,0.207,174010.9
1779595200000,0.207,0.2102,0.2056,0.2074,119357.4
1779609600000,0.2074,0.2092,0.2058,0.2061,131956.5
1779624000000,0.2061,0.2063,0.1992,0.2028,135176.1
1779638400000,0.2028,0.2044,0.2012,0.2015,78793.6
1779652800000,0.2015,0.2017,0.1961,0.2011,102542.8
1779667200000,0.2011,0.2023,0.1991,0.2006,117208.6
1779681600000,0.2006,0.2045,0.1997,0.2028,57475.1
1779696000000,0.2028,0.2042,0.2001,0.2009,135106.7
1779710400000,0.2009,0.2056,0.2004,0.204,116337.0
1779724800000,0.204,0.205,0.2019,0.2033,95168.0
1779739200000,0.2033,0.2046,0.2003,0.2019,120348.1
1779753600000,0.2019,0.2025,0.1982,0.2002,122646.7
1779768000000,0.2002,0.2028,0.1994,0.2012,90519.9
1779782400000,0.2012,0.2083,0.2006,0.2067,154587.0
1779796800000,0.2067,0.2105,0.2015,0.2037,290732.0
1779811200000,0.2037,0.2039,0.1966,0.1983,161734.9
1779825600000,0.1983,0.2004,0.1979,0.198,94709.1
1779840000000,0.198,0.2008,0.1949,0.1954,126480.6
1779854400000,0.1954,0.1976,0.1936,0.1966,97681.1
1779868800000,0.1966,0.1972,0.1928,0.1928,114294.8
1779883200000,0.1928,0.1966,0.1901,0.1959,225952.4
1779897600000,0.1959,0.198,0.1926,0.1961,143248.7
1779912000000,0.1961,0.1969,0.1874,0.1894,116740.9
1779926400000,0.1894,0.1903,0.1786,0.179,282469.8
1779940800000,0.179,0.1813,0.1763,0.1809,176857.7
1779955200000,0.1809,0.1809,0.1758,0.1764,108118.0
1779969600000,0.1764,0.1781,0.1691,0.1721,336103.8
1779984000000,0.1721,0.1778,0.171,0.176,180656.6
1779998400000,0.176,0.178,0.1744,0.1758,76529.3
1780012800000,0.1758,0.1786,0.1751,0.1758,159952.5
1780027200000,0.1758,0.1775,0.1743,0.1749,129254.0
1780041600000,0.1749,0.1788,0.1746,0.1755,117611.4
1780056000000,0.1755,0.185,0.1744,0.1828,298026.9
1780070400000,0.1828,0.1872,0.1795,0.1809,227870.4
1780084800000,0.1809,0.1876,0.1807,0.1869,149273.5
1780099200000,0.1869,0.1911,0.1858,0.1884,210820.6
1780113600000,0.1884,0.189,0.1835,0.1859,119429.4
1780128000000,0.1859,0.1859,0.1835,0.185,62168.2
1780142400000,0.185,0.1857,0.1837,0.1851,67301.9
1780156800000,0.1851,0.1868,0.1841,0.1861,43925.5
1780171200000,0.1861,0.188,0.1842,0.1851,68444.8
1780185600000,0.1851,0.1881,0.1846,0.1866,47015.3
1780200000000,0.1866,0.1869,0.1837,0.1841,52149.3
1780214400000,0.1841,0.1861,0.1833,0.1846,80783.2
1780228800000,0.1846,0.1863,0.1812,0.1823,122772.1
1780243200000,0.1823,0.1907,0.1819,0.1887,199897.1
1780257600000,0.1887,0.1931,0.1883,0.1914,170981.2
1780272000000,0.1914,0.1963,0.1889,0.1959,153970.3
1780286400000,0.1959,0.1964,0.1881,0.1883,191016.2
1780300800000,0.1883,0.1958,0.1872,0.1957,329479.6
1780315200000,0.1957,0.1962,0.1858,0.1879,279437.8
1780329600000,0.1879,0.2032,0.1872,0.2025,389737.6
1780344000000,0.2025,0.2032,0.1962,0.2025,269586.5
1780358400000,0.2025,0.2096,0.1968,0.2079,442350.1
1780372800000,0.2079,0.2093,0.1997,0.2039,426873.7
1780387200000,0.2039,0.2078,0.1992,0.2053,280928.3
1780401600000,0.2053,0.2074,0.1905,0.1941,405466.3
1780416000000,0.1941,0.2061,0.193,0.1991,351061.2
1780430400000,0.1991,0.2031,0.1899,0.194,236579.9
1780444800000,0.194,0.1999,0.1936,0.1952,245114.1
1780459200000,0.1952,0.2057,0.1952,0.2039,218557.7
1780473600000,0.2039,0.2081,0.2018,0.2053,392838.0
1780488000000,0.2053,0.2167,0.2042,0.2104,492569.5
1780502400000,0.2104,0.2129,0.2014,0.2028,345772.6
1780516800000,0.2028,0.2081,0.1991,0.2,251795.1
1780531200000,0.2,0.2014,0.173,0.1862,528564.3
1780545600000,0.1862,0.1868,0.1771,0.1774,230502.5
1780560000000,0.1774,0.1792,0.171,0.1755,355971.0
1780574400000,0.1755,0.1867,0.1748,0.1832,233959.1
1780588800000,0.1832,0.1893,0.1809,0.1864,255324.0
1780603200000,0.1864,0.1864,0.1767,0.182,252439.7
1780617600000,0.182,0.1822,0.1722,0.1725,247297.2
1780632000000,0.1725,0.177,0.1615,0.1658,711861.5
1780646400000,0.1658,0.1679,0.1625,0.1646,169523.2
1780660800000,0.1646,0.166,0.1563,0.1576,349471.2
1780675200000,0.1576,0.1625,0.1505,0.1565,295795.6
1780689600000,0.1565,0.1628,0.1545,0.1575,167409.2
1780704000000,0.1575,0.1597,0.1535,0.154,120909.2
1780718400000,0.154,0.1571,0.1457,0.1554,255840.8
1780732800000,0.1554,0.1592,0.1519,0.1548,143865.5
1780747200000,0.1548,0.1573,0.153,0.1546,115283.5
1780761600000,0.1546,0.1554,0.1512,0.1522,103269.8
1780776000000,0.1522,0.1543,0.1518,0.1529,84113.2
1780790400000,0.1529,0.1578,0.1523,0.1539,164128.3
1780804800000,0.1539,0.1578,0.1533,0.1578,188926.1
1780819200000,0.1578,0.1609,0.1552,0.1563,261535.5
1780833600000,0.1563,0.1571,0.1524,0.1548,225231.5
1780848000000,0.1548,0.1559,0.1498,0.151,225390.9
1780862400000,0.151,0.1611,0.1506,0.1568,236198.1
1780876800000,0.1568,0.1601,0.1543,0.1571,229723.0
1780891200000,0.1571,0.1576,0.1537,0.1566,155383.8
1780905600000,0.1566,0.1606,0.1553,0.1603,160980.5
1780920000000,0.1603,0.165,0.1578,0.1609,294119.9
1780934400000,0.1609,0.1646,0.1608,0.1629,204066.4
1780948800000,0.1629,0.1634,0.1585,0.1592,105516.6
1780963200000,0.1592,0.1596,0.1538,0.1549,158812.5
1780977600000,0.1549,0.1599,0.1543,0.1577,149735.7
1780992000000,0.1577,0.1578,0.1545,0.1565,116042.4
1781006400000,0.1565,0.1585,0.1526,0.1527,284648.1
1781020800000,0.1527,0.1562,0.1501,0.1557,212085.4
1781035200000,0.1557,0.1569,0.1543,0.1551,101372.6
1781049600000,0.1551,0.156,0.1507,0.1518,148822.3
1781064000000,0.1518,0.1529,0.1502,0.1512,91870.3
1781078400000,0.1512,0.1513,0.1477,0.1487,138488.2
1781092800000,0.1487,0.155,0.1482,0.1537,162791.6
1781107200000,0.1537,0.154,0.1477,0.1482,211892.3
1781121600000,0.1482,0.1487,0.1445,0.1472,117985.4
1781136000000,0.1472,0.1535,0.1472,0.1529,92089.9
1781150400000,0.1529,0.1542,0.1524,0.1536,69582.3
1781164800000,0.1536,0.1563,0.1533,0.1557,95707.1
1781179200000,0.1557,0.1567,0.1526,0.1556,190674.5
1781193600000,0.1556,0.1606,0.153,0.1599,165473.5
1781208000000,0.1599,0.1629,0.1582,0.1627,98435.6
1781222400000,0.1627,0.164,0.1606,0.1616,98363.8
1781236800000,0.1616,0.1622,0.1597,0.162,119883.4
1781251200000,0.162,0.1688,0.162,0.1657,363867.4
1781265600000,0.1657,0.1732,0.1626,0.1691,356212.6
1781280000000,0.1691,0.1723,0.166,0.167,154144.0
1781294400000,0.167,0.168,0.1651,0.1669,87176.8
1781308800000,0.1669,0.1713,0.1664,0.1694,138396.6
1781323200000,0.1694,0.1751,0.1681,0.1738,152498.8
1781337600000,0.1738,0.1758,0.1719,0.1741,191592.4
1781352000000,0.1741,0.1755,0.1726,0.1732,123841.0
1781366400000,0.1732,0.1743,0.1714,0.1737,79202.2
1781380800000,0.1737,0.1768,0.1725,0.1737,107908.7
1781395200000,0.1737,0.1746,0.1726,0.1734,47403.2
1781409600000,0.1734,0.1734,0.1701,0.1706,70056.6
1781424000000,0.1706,0.1714,0.1694,0.17,56937.8
1781438400000,0.17,0.1708,0.1672,0.1678,116666.8
1781452800000,0.1678,0.1711,0.1676,0.1702,75679.9
1781467200000,0.1702,0.1797,0.1695,0.1797,183079.3
1781481600000,0.1797,0.1886,0.1761,0.1867,473327.2
1781496000000,0.1867,0.1917,0.1853,0.1884,460884.9
1781510400000,0.1884,0.1905,0.1865,0.19,244758.0
1781524800000,0.19,0.2004,0.189,0.2002,691430.9
1781539200000,0.2002,0.2016,0.1928,0.1935,520264.9
1781553600000,0.1935,0.1948,0.19,0.1914,167373.5
1781568000000,0.1914,0.1968,0.1879,0.1935,184385.6
1781582400000,0.1935,0.2045,0.1916,0.2005,404409.1
1781596800000,0.2005,0.2046,0.1983,0.2001,348318.6
1781611200000,0.2001,0.2008,0.19,0.1916,373509.1
1781625600000,0.1916,0.1939,0.1893,0.1908,131689.9
1781640000000,0.1908,0.1956,0.1905,0.1938,137913.5
1781654400000,0.1938,0.2017,0.1936,0.2007,322232.0
1781668800000,0.2007,0.2017,0.1946,0.1952,188847.1
1781683200000,0.1952,0.1959,0.1903,0.1932,245856.1
1781697600000,0.1932,0.1971,0.1913,0.1971,172040.3
1781712000000,0.1971,0.1984,0.1859,0.1872,259321.9
1781726400000,0.1872,0.1902,0.1844,0.1898,155384.2
1781740800000,0.1898,0.1923,0.1869,0.1876,116795.1
1781755200000,0.1876,0.1878,0.1813,0.1869,159149.5
1781769600000,0.1869,0.1894,0.1857,0.1866,121808.7
1781784000000,0.1866,0.1916,0.181,0.1816,221209.3
1781798400000,0.1816,0.1929,0.1812,0.1909,234148.0
1781812800000,0.1909,0.1963,0.1902,0.1955,238608.7
1781827200000,0.1955,0.1976,0.1886,0.1897,228851.7
1781841600000,0.1897,0.1908,0.1854,0.1865,128857.2
1781856000000,0.1865,0.1884,0.1841,0.1843,107704.2
1781870400000,0.1843,0.1898,0.1831,0.1888,170539.5
1781884800000,0.1888,0.1894,0.1844,0.1851,136425.7
1781899200000,0.1851,0.1915,0.1847,0.1912,114773.4
1781913600000,0.1912,0.1972,0.1888,0.1949,217457.3
1781928000000,0.1949,0.2021,0.1936,0.1983,312840.8
1781942400000,0.1983,0.2021,0.1976,0.1988,415381.8
1781956800000,0.1988,0.2065,0.1952,0.2055,401320.7
1781971200000,0.2055,0.2074,0.2015,0.2025,235399.9
1781985600000,0.2025,0.2147,0.2016,0.2108,358306.2
1782000000000,0.2108,0.2245,0.2093,0.2215,427809.6
1782014400000,0.2215,0.2228,0.2117,0.2167,554478.3
1782028800000,0.2167,0.2257,0.2136,0.2214,502819.2
1782043200000,0.2214,0.2271,0.2188,0.2222,411692.0
1782057600000,0.2222,0.2257,0.217,0.2184,391340.8
1782072000000,0.2184,0.2208,0.2131,0.2141,306340.3
1782086400000,0.2141,0.2181,0.2128,0.2138,284624.2
1782100800000,0.2138,0.2153,0.2082,0.214,182350.9
1782115200000,0.214,0.2141,0.2106,0.2124,159243.9
1782129600000,0.2124,0.2161,0.2057,0.2061,310543.4
1782144000000,0.2061,0.2094,0.2046,0.2083,138206.4
1782158400000,0.2083,0.2133,0.2079,0.2112,193512.0
1782172800000,0.2112,0.2176,0.209,0.2157,255821.4
1782187200000,0.2157,0.2167,0.2058,0.2069,233622.6
1782201600000,0.2069,0.2069,0.1984,0.2046,291429.2
1782216000000,0.2046,0.2046,0.1988,0.2038,251568.0
1782230400000,0.2038,0.2056,0.201,0.2024,185514.9
1782244800000,0.2024,0.2065,0.2016,0.2047,116308.4
1782259200000,0.2047,0.2094,0.2038,0.2048,183736.4
1782273600000,0.2048,0.2118,0.203,0.2099,266808.8
1782288000000,0.2099,0.2213,0.2098,0.2203,542154.7
1782302400000,0.2203,0.2214,0.211,0.2112,652787.8
1782316800000,0.2112,0.2129,0.1953,0.2058,706094.3
1782331200000,0.2058,0.2204,0.2052,0.2188,539781.9
1782345600000,0.2188,0.2238,0.2172,0.2211,251456.6
1782360000000,0.2211,0.2351,0.2174,0.2336,722844.3
1782374400000,0.2336,0.2355,0.2276,0.2291,315875.0
1782388800000,0.2291,0.2308,0.2095,0.2208,1000940.9
1782403200000,0.2208,0.2249,0.2153,0.2204,390642.8
1782417600000,0.2204,0.2264,0.2183,0.2222,305500.0
1782432000000,0.2222,0.2253,0.2121,0.2195,299763.1
1782446400000,0.2195,0.23,0.2175,0.2285,322496.0
1782460800000,0.2285,0.2299,0.2145,0.2153,233587.0
1782475200000,0.2153,0.2293,0.2132,0.2291,420002.2
1782489600000,0.2291,0.2361,0.2251,0.2262,409585.3
1782504000000,0.2262,0.2343,0.2245,0.233,278106.2
1782518400000,0.233,0.2349,0.226,0.2262,218727.0
1782532800000,0.2262,0.2282,0.223,0.226,193833.7
1782547200000,0.226,0.228,0.2228,0.223,137767.5
1782561600000,0.223,0.2303,0.2203,0.2299,224067.6
1782576000000,0.2299,0.2332,0.2223,0.2229,390107.0
1782590400000,0.2229,0.2237,0.2183,0.2186,129108.6
1782604800000,0.2186,0.2206,0.2169,0.2174,87339.9
1782619200000,0.2174,0.2174,0.2136,0.2153,155692.4
1782633600000,0.2153,0.2199,0.2133,0.2185,165740.1
1782648000000,0.2185,0.2188,0.2116,0.2129,183739.1
1782662400000,0.2129,0.2136,0.2088,0.2093,160354.0
1782676800000,0.2093,0.2119,0.2059,0.2106,216830.2
1782691200000,0.2106,0.2145,0.2057,0.2126,168401.3
1782705600000,0.2126,0.2126,0.2069,0.2102,108415.5
1782720000000,0.2102,0.217,0.2093,0.2141,165554.0
1782734400000,0.2141,0.2193,0.2102,0.2144,223493.4
1782748800000,0.2144,0.2214,0.212,0.2213,267493.6
1782763200000,0.2213,0.2214,0.217,0.218,100119.8
1782777600000,0.218,0.2181,0.2098,0.212,174602.8
1782792000000,0.212,0.2126,0.2078,0.2089,83466.7
1782806400000,0.2089,0.2096,0.2013,0.2023,257501.8
1782820800000,0.2023,0.2102,0.1994,0.2082,276172.2
1782835200000,0.2082,0.2108,0.2058,0.2099,120038.2
1782849600000,0.2099,0.2124,0.2084,0.2119,68976.9
1782864000000,0.2119,0.2208,0.2051,0.2206,294691.7
1782878400000,0.2206,0.2252,0.2201,0.2251,426352.8
1782892800000,0.2251,0.2384,0.2251,0.2352,965324.2
1782907200000,0.2352,0.2409,0.232,0.2343,714557.7
1782921600000,0.2343,0.2391,0.23,0.2305,399185.9
1782936000000,0.2305,0.2399,0.2287,0.2347,359969.4
1782950400000,0.2347,0.2384,0.2316,0.2365,248596.0
1782964800000,0.2365,0.2403,0.229,0.2331,408339.2
1782979200000,0.2331,0.2494,0.2303,0.249,445417.4
1782993600000,0.249,0.2524,0.2402,0.2448,599798.3
1783008000000,0.2448,0.2468,0.2414,0.2451,324341.4
1783022400000,0.2451,0.2473,0.2426,0.2439,136068.0
1783036800000,0.2439,0.245,0.2402,0.2411,167491.9
1783051200000,0.2411,0.2445,0.2398,0.2442,96664.6
1783065600000,0.2442,0.2461,0.2401,0.2442,151961.1
1783080000000,0.2442,0.2458,0.2401,0.2407,260841.3
1783094400000,0.2407,0.2493,0.24,0.2452,184105.7
1783108800000,0.2452,0.2469,0.2425,0.2431,108750.5
1783123200000,0.2431,0.2456,0.2402,0.2404,142975.5
1783137600000,0.2404,0.2404,0.2353,0.2366,202081.6
1783152000000,0.2366,0.2377,0.2311,0.2355,188065.4
1783166400000,0.2355,0.238,0.235,0.2371,98692.9
1783180800000,0.2371,0.2396,0.2344,0.2358,113553.2
1783195200000,0.2358,0.2372,0.2337,0.2352,106024.0
1783209600000,0.2352,0.2387,0.2342,0.236,111221.8
1783224000000,0.236,0.2398,0.2348,0.2393,174818.7
1783238400000,0.2393,0.2405,0.2327,0.2374,206311.4
1783252800000,0.2374,0.2427,0.2361,0.242,149081.8
1783267200000,0.242,0.2466,0.2414,0.2446,172872.9
1783281600000,0.2446,0.2467,0.2424,0.2439,130090.2
1783296000000,0.2439,0.2489,0.2414,0.2459,180914.4
1783310400000,0.2459,0.2495,0.2388,0.2401,225084.5
1783324800000,0.2401,0.2409,0.2361,0.2376,156839.2
1783339200000,0.2376,0.241,0.2325,0.2408,226571.2
1783353600000,0.2408,0.241,0.2381,0.2401,137841.1
1783368000000,0.2401,0.241,0.2371,0.2373,109064.3
1783382400000,0.2373,0.2398,0.235,0.2362,100050.8
1783396800000,0.2362,0.2401,0.231,0.2396,199187.7
1783411200000,0.2396,0.2403,0.2377,0.2395,89500.2
1783425600000,0.2395,0.2409,0.2369,0.2406,185069.9
1783440000000,0.2406,0.242,0.2392,0.2419,443646.5
1783454400000,0.2419,0.2419,0.2361,0.2374,227442.1
1783468800000,0.2374,0.2414,0.2286,0.2291,253344.7
1783483200000,0.2291,0.2319,0.2246,0.2249,401159.0
1783497600000,0.2249,0.2255,0.2128,0.2182,491811.0
1783512000000,0.2182,0.2191,0.2131,0.2148,228727.3
1783526400000,0.2148,0.2178,0.2142,0.2152,120334.0
1783540800000,0.2152,0.2155,0.2114,0.2135,109275.7
1783555200000,0.2135,0.2162,0.2076,0.2106,222671.9
1783569600000,0.2106,0.2165,0.2102,0.2141,215466.2
1783584000000,0.2141,0.2152,0.2096,0.2109,110054.7
1783598400000,0.2109,0.2128,0.2044,0.2052,278623.9
1783612800000,0.2052,0.2114,0.2051,0.2098,131786.9
1783627200000,0.2098,0.2153,0.2087,0.2131,116528.8
1783641600000,0.2131,0.2154,0.2086,0.2146,183251.1
1783656000000,0.2146,0.2152,0.2083,0.209,123697.5
1783670400000,0.209,0.2122,0.2073,0.2079,157526.4
1783684800000,0.2079,0.2099,0.201,0.202,313738.1
1783699200000,0.202,0.206,0.2002,0.2044,312937.9
1783713600000,0.2044,0.2044,0.2008,0.2035,192414.7
1783728000000,0.2035,0.2062,0.2023,0.2058,138818.3
1783742400000,0.2058,0.2073,0.2041,0.2071,116115.9
1783756800000,0.2071,0.2082,0.2038,0.2073,172812.3
1783771200000,0.2073,0.2122,0.2073,0.2089,281202.3
1783785600000,0.2089,0.2108,0.2078,0.2105,143355.2
1783800000000,0.2105,0.2108,0.2026,0.2026,116880.9
1783814400000,0.2026,0.2026,0.1988,0.2013,144618.7
1783828800000,0.2013,0.2021,0.1987,0.2002,81206.7
1783843200000,0.2002,0.2042,0.2,0.2026,114328.1
1783857600000,0.2026,0.2043,0.2006,0.2043,156339.5
1783872000000,0.2043,0.2049,0.2018,0.2037,140425.2
1783886400000,0.2037,0.2038,0.1999,0.2014,65461.4
1783900800000,0.2014,0.2055,0.1965,0.1984,202349.2
1783915200000,0.1984,0.2052,0.198,0.2021,150355.8
1783929600000,0.2021,0.2053,0.2009,0.2042,151258.1
1783944000000,0.2042,0.2172,0.2038,0.2166,566340.6
1783958400000,0.2166,0.2193,0.2088,0.21,438980.9
1783972800000,0.21,0.2105,0.2051,0.2074,177996.2
1783987200000,0.2074,0.2075,0.2025,0.2035,171716.9
1784001600000,0.2035,0.2081,0.2008,0.2016,254755.3
1784016000000,0.2016,0.2044,0.1999,0.2037,187546.9
1784030400000,0.2037,0.2117,0.2035,0.209,308877.3
1784044800000,0.209,0.2143,0.2073,0.2102,316362.2
1784059200000,0.2102,0.2125,0.2069,0.2116,133405.7
1784073600000,0.2116,0.2143,0.2094,0.2139,161221.7
1784088000000,0.2139,0.2175,0.2068,0.2068,288738.0
1784102400000,0.2068,0.2099,0.2064,0.2085,128629.4
1784116800000,0.2085,0.2131,0.2083,0.2105,172031.7
1784131200000,0.2105,0.2126,0.208,0.2085,186518.6
1784145600000,0.2085,0.2091,0.2067,0.2068,129076.0
1784160000000,0.2068,0.2088,0.2059,0.2064,127783.1
1784174400000,0.2064,0.2083,0.2011,0.2021,203738.9
1784188800000,0.2021,0.2038,0.1995,0.2027,232093.0
1784203200000,0.2027,0.2048,0.2008,0.2033,224939.8
1784217600000,0.2033,0.2034,0.2,0.2015,149086.7
1784232000000,0.2015,0.2024,0.1965,0.1966,217897.1
1784246400000,0.1966,0.1969,0.1921,0.1956,232641.1
1784260800000,0.1956,0.1956,0.1918,0.1919,264481.8
1784275200000,0.1919,0.1942,0.1911,0.1942,152694.0
1784289600000,0.1942,0.1972,0.1899,0.1961,374368.6
1784304000000,0.1961,0.1989,0.1945,0.1974,306133.1
1784318400000,0.1974,0.1975,0.1933,0.1941,120266.7
1784332800000,0.1941,0.199,0.1935,0.1978,150011.8
1784347200000,0.1978,0.198,0.1937,0.1942,162660.7
1784361600000,0.1942,0.1953,0.1927,0.1939,172942.4
1784376000000,0.1939,0.1947,0.1924,0.193,166392.4
1784390400000,0.193,0.1938,0.1919,0.1923,158920.6
1784404800000,0.1923,0.1955,0.1923,0.1949,58646.5
1784419200000,0.1949,0.1967,0.1945,0.1949,162787.8
1784433600000,0.1949,0.1951,0.191,0.1918,121683.0
1784448000000,0.1918,0.1924,0.1906,0.1906,56313.5
1784462400000,0.1906,0.194,0.1893,0.193,106694.1
1784476800000,0.193,0.1931,0.1904,0.1922,62239.2
1784491200000,0.1922,0.1963,0.1918,0.1961,195958.5
1784505600000,0.1961,0.2025,0.1949,0.1992,401185.3
1784520000000,0.1992,0.1995,0.1942,0.197,333673.2
1784534400000,0.197,0.1997,0.195,0.1989,240607.1
1784548800000,0.1989,0.199,0.1927,0.1972,430946.5
1784563200000,0.1972,0.1982,0.1945,0.1954,209170.8
1784577600000,0.1954,0.1967,0.1948,0.1964,126485.7
1784592000000,0.1964,0.2006,0.1957,0.2,203383.8
1784606400000,0.2,0.2007,0.1977,0.1996,224324.6
1784620800000,0.1996,0.2008,0.1982,0.2003,367654.5
1784635200000,0.2003,0.2005,0.1982,0.1992,131325.3
1784649600000,0.1992,0.1992,0.1949,0.1975,502991.5
1784664000000,0.1975,0.2009,0.1969,0.2001,88393.1
1784678400000,0.2001,0.2018,0.1985,0.1986,113865.7
1784692800000,0.1986,0.1997,0.1946,0.1948,98698.5
1784707200000,0.1948,0.1967,0.1947,0.1947,114649.4
1784721600000,0.1947,0.1948,0.1906,0.1921,282818.4
1784736000000,0.1921,0.1926,0.1882,0.1906,520948.1
1784750400000,0.1906,0.192,0.1898,0.1913,100255.2
1784764800000,0.1913,0.1929,0.1891,0.1897,150128.5
1784779200000,0.1897,0.1922,0.189,0.1911,85806.2
1784793600000,0.1911,0.1947,0.1909,0.194,107239.3
1784808000000,0.194,0.1943,0.1897,0.1931,189261.5
1784822400000,0.1931,0.1932,0.1855,0.1867,203822.9
1784836800000,0.1867,0.1895,0.1864,0.1875,119978.9
1784851200000,0.1875,0.1891,0.1856,0.1885,120505.7
1784865600000,0.1885,0.1902,0.1881,0.1893,150404.1
1784880000000,0.1893,0.1902,0.1877,0.188,88548.2
1784894400000,0.188,0.1893,0.1826,0.1853,234546.4
1784908800000,0.1853,0.1875,0.1846,0.1859,127864.7
1784923200000,0.1859,0.1873,0.1846,0.1872,67757.9
1784937600000,0.1872,0.1884,0.1864,0.187,71710.2
1784952000000,0.187,0.1877,0.1846,0.1846,96945.7
1784966400000,0.1846,0.1858,0.1841,0.1851,42424.7
1784980800000,0.1851,0.1864,0.1847,0.186,39581.7
1784995200000,0.186,0.189,0.1856,0.1878,94947.9
1785009600000,0.1878,0.1881,0.1864,0.1866,28514.9
1785024000000,0.1866,0.187,0.1851,0.1869,91966.1
1785038400000,0.1869,0.1887,0.1863,0.1875,118347.6
1785052800000,0.1875,0.1879,0.1866,0.1867,35959.5
1785067200000,0.1867,0.1881,0.1858,0.1881,59723.9
1785081600000,0.1881,0.1894,0.1873,0.1876,49314.4
1785096000000,0.1876,0.1925,0.1873,0.1919,132120.0
1785110400000,0.1919,0.1922,0.1907,0.1912,67229.1
1785124800000,0.1912,0.1941,0.1912,0.1918,77176.1
1785139200000,0.1918,0.192,0.1908,0.1912,41870.4
1785153600000,0.1912,0.1933,0.1846,0.1861,296786.4
1785168000000,0.1861,0.1875,0.1846,0.1874,119733.7
1785182400000,0.1874,0.1879,0.1789,0.1814,226661.7
1785196800000,0.1814,0.1825,0.1794,0.1824,81177.4
1785211200000,0.1824,0.1839,0.1813,0.1832,89598.3
1785225600000,0.1832,0.1839,0.1815,0.1822,74453.4
1785240000000,0.1822,0.1919,0.1815,0.189,284259.9
1785254400000,0.189,0.1918,0.1877,0.1894,175028.4
1785268800000,0.1894,0.1925,0.1887,0.1918,111949.1
1785283200000,0.1918,0.1934,0.1879,0.189,246621.8
1785297600000,0.189,0.1947,0.1874,0.1946,240893.9
1785312000000,0.1946,0.1974,0.192,0.1959,201274.8
1785326400000,0.1959,0.196,0.1928,0.1934,152428.8
1785340800000,0.1934,0.1987,0.193,0.194,204930.1
1785355200000,0.194,0.198,0.19,0.1978,226101.4
1785369600000,0.1978,0.2002,0.1953,0.1975,154371.0
1785384000000,0.1975,0.1975,0.1945,0.1947,91896.4
1785398400000,0.1947,0.1967,0.1947,0.1958,80871.9
1785412800000,0.1958,0.1986,0.1956,0.1964,94477.4
1785427200000,0.1964,0.1979,0.1955,0.1965,49731.1
1785441600000,0.1965,0.1978,0.1945,0.1949,62428.5
1785456000000,0.1949,0.1971,0.1928,0.1931,77463.2
1785470400000,0.1931,0.1949,0.1923,0.1931,183183.3
1785484800000,0.1931,0.1937,0.1911,0.1915,110267.6
1785499200000,0.1915,0.1953,0.1909,0.1938,219881.1
1785513600000,0.1938,0.1977,0.1936,0.1946,135882.3
1785528000000,0.1946,0.1948,0.1927,0.1931,51059.7
1785542400000,0.1931,0.1945,0.1916,0.1935,115704.0
1785556800000,0.1935,0.1946,0.1926,0.1926,42285.5
1785571200000,0.1926,0.1935,0.1914,0.1922,36194.6
1785585600000,0.1922,0.1924,0.1908,0.1911,29254.1
1785600000000,0.1911,0.1918,0.1876,0.1908,111602.5
1785614400000,0.1908,0.1936,0.1906,0.1931,64290.1
1785628800000,0.1931,0.198,0.1931,0.1966,199926.0
1785643200000,0.1966,0.1987,0.1955,0.196,86665.9
1785657600000,0.196,0.1964,0.1936,0.1938,194391.0
1785672000000,0.1938,0.1979,0.1938,0.1975,167895.8
1785686400000,0.1975,0.1976,0.1959,0.196,74703.7
1785700800000,0.196,0.1973,0.1945,0.195,147061.4
1785715200000,0.195,0.1953,0.1919,0.1924,91365.7
1785729600000,0.1924,0.1935,0.1908,0.1911,94535.9
1785744000000,0.1911,0.1923,0.1903,0.1913,48994.9
1785758400000,0.1913,0.1935,0.1907,0.1917,87464.9
1785772800000,0.1917,0.1949,0.1913,0.1944,61318.7
1785787200000,0.1944,0.1955,0.193,0.1942,80935.6
1785801600000,0.1942,0.1946,0.1924,0.194,69268.9
1785816000000,0.194,0.1948,0.192,0.193,61196.0
1785830400000,0.193,0.1933,0.1907,0.1916,72608.6
1785844800000,0.1916,0.1918,0.1876,0.1892,168828.5
1785859200000,0.1892,0.191,0.1882,0.1908,142715.7
1785873600000,0.1908,0.1919,0.1886,0.1887,80367.4
1785888000000,0.1887,0.1898,0.187,0.1889,135480.6
1785902400000,0.1889,0.1891,0.1872,0.1881,126377.2
1785916800000,0.1881,0.1886,0.1862,0.1868,101193.3
1785931200000,0.1868,0.1902,0.1862,0.1884,125448.2
1785945600000,0.1884,0.1901,0.1878,0.1889,51601.1
1785960000000,0.1889,0.1904,0.1878,0.1885,59552.3
1785974400000,0.1885,0.1899,0.1867,0.1874,47562.4
1785988800000,0.1874,0.1892,0.1867,0.187,91298.4
1786003200000,0.187,0.1873,0.1822,0.1824,200856.6
1786017600000,0.1824,0.1837,0.1808,0.1829,188013.2
1786032000000,0.1829,0.1843,0.1813,0.1815,81678.0
1786046400000,0.1815,0.1828,0.1796,0.1808,72421.7
1786060800000,0.1808,0.1819,0.1799,0.1807,110351.1
1786075200000,0.1807,0.1863,0.1799,0.1862,156997.4
1786089600000,0.1862,0.1879,0.1851,0.1853,205201.6
1786104000000,0.1853,0.187,0.1832,0.1836,129373.2
1786118400000,0.1836,0.1838,0.1808,0.1829,134579.4
1786132800000,0.1829,0.1831,0.1803,0.1803,32618.4
1786147200000,0.1803,0.1826,0.1798,0.1826,36394.2
1786161600000,0.1826,0.1831,0.1814,0.1828,86814.8
1786176000000,0.1828,0.1837,0.1824,0.1826,47648.4
1786190400000,0.1826,0.1858,0.1824,0.1847,250964.7
1786204800000,0.1847,0.1852,0.1838,0.1844,93487.7
1786219200000,0.1844,0.1862,0.1838,0.1843,46883.6
1786233600000,0.1843,0.1858,0.1833,0.1857,76551.3
1786248000000,0.1857,0.1866,0.1843,0.1853,97118.0
1786262400000,0.1853,0.1861,0.1841,0.1842,87581.1
1786276800000,0.1842,0.1884,0.184,0.1883,140340.3
1786291200000,0.1883,0.1883,0.185,0.1851,86353.4
1786305600000,0.1851,0.1859,0.1791,0.1805,184981.5
1786320000000,0.1805,0.1825,0.18,0.1803,114207.6
1786334400000,0.1803,0.1841,0.1801,0.1841,77548.8
1786348800000,0.1841,0.1852,0.1829,0.1852,63039.4
1786363200000,0.1852,0.1854,0.1808,0.1813,77961.1
1786377600000,0.1813,0.1824,0.1802,0.1821,94853.2
1786392000000,0.1821,0.1826,0.1804,0.1809,58553.8
1786406400000,0.1809,0.1829,0.1803,0.1822,115862.7
1786420800000,0.1822,0.1829,0.1802,0.1804,103425.4
1786435200000,0.1804,0.1821,0.1797,0.1804,208055.6
1786449600000,0.1804,0.1808,0.1755,0.1766,259020.9
1786464000000,0.1766,0.1767,0.1735,0.1762,193142.8
1786478400000,0.1762,0.1779,0.1751,0.1757,181612.0
1786492800000,0.1757,0.177,0.1749,0.1765,143456.7
1786507200000,0.1765,0.1766,0.1736,0.1742,129561.1
1786521600000,0.1742,0.1746,0.1695,0.1732,258032.7
1786536000000,0.1732,0.1748,0.1707,0.1713,231794.0
1786550400000,0.1713,0.1719,0.1695,0.1707,166566.0
1786564800000,0.1707,0.171,0.1689,0.1708,160620.1
1786579200000,0.1708,0.1725,0.1697,0.1724,204597.6
1786593600000,0.1724,0.1733,0.1709,0.1711,145060.4
1786608000000,0.1711,0.1713,0.1695,0.1696,152428.4
1786622400000,0.1696,0.1709,0.1688,0.1689,145094.2
1786636800000,0.1689,0.1698,0.1672,0.1688,198135.7
1786651200000,0.1688,0.1707,0.1687,0.1702,133973.7
1786665600000,0.1702,0.1704,0.168,0.168,120842.6
1786680000000,0.168,0.1685,0.1657,0.1663,180783.8
1786694400000,0.1663,0.167,0.1648,0.1648,185793.8
1786708800000,0.1648,0.1678,0.1648,0.1678,183179.7
1786723200000,0.1678,0.1703,0.1676,0.1692,210125.6
1786737600000,0.1692,0.1697,0.1673,0.1696,200577.6
1786752000000,0.1696,0.1699,0.1687,0.1694,77176.9
1786766400000,0.1694,0.1705,0.169,0.1693,79752.5
1786780800000,0.1693,0.1706,0.1692,0.1701,97618.8
1786795200000,0.1701,0.1703,0.1689,0.1692,73462.7
1786809600000,0.1692,0.1693,0.1673,0.168,74527.9
1786824000000,0.168,0.1682,0.1664,0.1666,60396.5
1786838400000,0.1666,0.1668,0.1657,0.1663,48991.2
1786852800000,0.1663,0.1681,0.1663,0.168,44364.4
1786867200000,0.168,0.1682,0.1676,0.1679,22441.0
1786881600000,0.1679,0.1689,0.1677,0.1688,33281.0
1786896000000,0.1688,0.1696,0.1682,0.1684,51074.2
1786910400000,0.1684,0.1687,0.1652,0.1673,63978.4
1786924800000,0.1673,0.1692,0.1669,0.1682,70330.3
1786939200000,0.1682,0.1705,0.1682,0.1697,63052.0
1786953600000,0.1697,0.1707,0.1687,0.1691,96770.2
1786968000000,0.1691,0.1695,0.1679,0.1691,88492.4
1786982400000,0.1691,0.1692,0.1671,0.1675,85446.5
1786996800000,0.1675,0.1684,0.1671,0.1684,23933.1
1787011200000,0.1684,0.1687,0.164,0.165,99536.6
1787025600000,0.165,0.1678,0.1644,0.1675,153650.4
1787040000000,0.1675,0.1676,0.1662,0.1672,69950.5
1787054400000,0.1672,0.1683,0.1659,0.1681,79399.9
1787068800000,0.1681,0.1683,0.1669,0.1672,47448.3
1787083200000,0.1672,0.1678,0.1668,0.1673,58720.0
1787097600000,0.1673,0.1674,0.1661,0.1672,34154.7
1787112000000,0.1672,0.1683,0.1663,0.1675,62487.9
1787126400000,0.1675,0.1689,0.1666,0.1678,80121.3
1787140800000,0.1678,0.1774,0.1675,0.1735,333381.2
1787155200000,0.1735,0.1787,0.1733,0.1783,273493.6
1787169600000,0.1783,0.1856,0.1775,0.1815,342417.9
1787184000000,0.1815,0.1828,0.1789,0.1793,154384.8
1787198400000,0.1793,0.1854,0.1793,0.1851,133580.2
1787212800000,0.1851,0.1911,0.1849,0.1893,306564.9
1787227200000,0.1893,0.1911,0.1854,0.1908,224856.6
1787241600000,0.1908,0.1927,0.1872,0.1879,231597.0
1787256000000,0.1879,0.192,0.1875,0.1915,129369.8
1787270400000,0.1915,0.194,0.1908,0.1922,253038.5
1787284800000,0.1922,0.1963,0.1921,0.1958,246369.8
1787299200000,0.1958,0.2085,0.1957,0.2056,655916.1
1787313600000,0.2056,0.2174,0.2052,0.2121,608476.9
1787328000000,0.2121,0.2129,0.2061,0.2065,366214.3
1787342400000,0.2065,0.2115,0.2058,0.2066,322729.3
1787356800000,0.2066,0.2174,0.2052,0.2163,909559.7
1787371200000,0.2163,0.2259,0.192,0.2094,1180541.7
1787385600000,0.2094,0.2109,0.1993,0.2025,412116.8
1787400000000,0.2025,0.2046,0.1994,0.1995,236741.0
1787414400000,0.1995,0.2073,0.1986,0.2062,241356.3
1787428800000,0.2062,0.2075,0.2002,0.2029,187934.9
1787443200000,0.2029,0.2092,0.1961,0.1968,345426.3
1787457600000,0.1968,0.1984,0.1934,0.1972,207293.5
1787472000000,0.1972,0.2048,0.1969,0.2044,188193.7
1787486400000,0.2044,0.2152,0.202,0.213,467074.4
1787500800000,0.213,0.2178,0.2119,0.2161,298601.6
1787515200000,0.2161,0.2185,0.2143,0.2166,252581.6
1787529600000,0.2166,0.2167,0.2068,0.2078,320583.7
1787544000000,0.2078,0.2113,0.2067,0.2071,195152.2
1787558400000,0.2071,0.2103,0.2039,0.2098,220164.2
1787572800000,0.2098,0.2149,0.2052,0.2114,416616.9
1787587200000,0.2114,0.214,0.2015,0.2051,320677.7
1787601600000,0.2051,0.2124,0.2048,0.211,203663.6
1787616000000,0.211,0.2254,0.2106,0.2229,820875.9
1787630400000,0.2229,0.2293,0.2172,0.2197,573696.0
1787644800000,0.2197,0.2237,0.2175,0.2175,324102.8
1787659200000,0.2175,0.2194,0.2111,0.2139,519850.7
1787673600000,0.2139,0.2153,0.2097,0.2102,173145.1
1787688000000,0.2102,0.2154,0.2081,0.2116,304660.6
1787702400000,0.2116,0.2187,0.2112,0.2142,294081.9
1787716800000,0.2142,0.2174,0.2099,0.2151,168923.2
1787731200000,0.2151,0.2252,0.215,0.2233,401858.5
1787745600000,0.2233,0.2252,0.2141,0.2175,446995.6
1787760000000,0.2175,0.2202,0.2146,0.215,209767.5
1787774400000,0.215,0.2206,0.208,0.2198,493983.8
1787788800000,0.2198,0.2245,0.215,0.2176,363692.1
1787803200000,0.2176,0.2184,0.2118,0.2165,217211.1
1787817600000,0.2165,0.2289,0.2162,0.222,481724.6
1787832000000,0.222,0.2331,0.22,0.2275,626667.9
1787846400000,0.2275,0.2381,0.2245,0.236,730935.8
1787860800000,0.236,0.2453,0.2336,0.239,496257.8
1787875200000,0.239,0.2454,0.2314,0.2321,336714.2
1787889600000,0.2321,0.236,0.2302,0.2327,344649.7
1787904000000,0.2327,0.239,0.229,0.2388,312461.8
1787918400000,0.2388,0.2395,0.2264,0.2289,528672.5
1787932800000,0.2289,0.2293,0.2145,0.2176,585548.2
1787947200000,0.2176,0.2224,0.2175,0.2211,223562.6
1787961600000,0.2211,0.2241,0.2181,0.2188,182401.3
1787976000000,0.2188,0.2239,0.2181,0.2186,145960.8
1787990400000,0.2186,0.2186,0.2159,0.2176,120288.0
1788004800000,0.2176,0.2218,0.2168,0.2191,182946.3
1788019200000,0.2191,0.2214,0.2166,0.2185,127680.2
1788033600000,0.2185,0.2198,0.2166,0.2196,78390.2
1788048000000,0.2196,0.2198,0.2144,0.2145,101282.6
1788062400000,0.2145,0.216,0.2127,0.2141,90137.8
1788076800000,0.2141,0.2148,0.2126,0.2141,161940.5
1788091200000,0.2141,0.222,0.2136,0.2198,419483.1
1788105600000,0.2198,0.2224,0.2172,0.2174,180954.5
1788120000000,0.2174,0.2188,0.202,0.2051,310738.0
1788134400000,0.2051,0.2085,0.2034,0.2044,271533.8
1788148800000,0.2044,0.2072,0.2018,0.2072,179587.9
1788163200000,0.2072,0.2122,0.2063,0.2111,228178.4
1788177600000,0.2111,0.2146,0.2068,0.2126,329116.0
1788192000000,0.2126,0.2181,0.2115,0.2157,270655.3
1788206400000,0.2157,0.2277,0.2154,0.2238,475659.0
1788220800000,0.2238,0.2264,0.223,0.2259,34295.0
