time,open,high,low,close,volume
1654041600000,1.6549,1.7876,1.6476,1.7612,4116743.0
1654056000000,1.7556,1.8551,1.5261,1.8103,14289719.2
1654070400000,1.8101,1.8177,1.2422,1.3106,16364443.0
1654084800000,1.3103,1.4039,1.1577,1.177,17502700.2
1654099200000,1.1767,1.3065,1.0415,1.2462,19273143.5
1654113600000,1.2473,1.3441,1.1494,1.2368,16032142.2
1654128000000,1.2374,1.3013,1.1497,1.1783,14237149.1
1654142400000,1.1784,1.2082,1.063,1.1405,14038377.8
1654156800000,1.1409,1.2891,1.114,1.278,16000506.3
1654171200000,1.2796,1.5651,1.2678,1.5413,17044247.7
1654185600000,1.541,1.6123,1.3773,1.4506,14315598.8
1654200000000,1.4499,1.5623,1.4314,1.5425,12745006.5
1654214400000,1.5419,1.6449,1.5171,1.5341,11596785.3
1654228800000,1.5341,1.549,1.4463,1.4641,11073593.8
1654243200000,1.4645,1.4771,1.2958,1.3334,12111056.5
1654257600000,1.3334,1.404,1.3101,1.3879,12610276.3
1654272000000,1.3881,1.3959,1.3164,1.3469,11092518.0
1654286400000,1.3457,1.4395,1.3325,1.3628,9085315.2
1654300800000,1.3646,1.3818,1.3041,1.3212,7685775.7
1654315200000,1.3209,1.4193,1.3191,1.3975,4812229.3
1654329600000,1.3972,1.4787,1.3612,1.3773,7021573.8
1654344000000,1.3782,1.4458,1.3259,1.4375,7238471.3
1654358400000,1.4379,1.4434,1.3611,1.407,4423010.7
1654372800000,1.4063,1.4429,1.3734,1.3917,4152146.14
1654387200000,1.3916,1.432,1.3524,1.3661,5408200.5
1654401600000,1.3661,1.3761,1.338,1.3712,3774773.1
1654416000000,1.371,1.3818,1.3109,1.3246,5537589.7
1654430400000,1.3261,1.3365,1.1853,1.2215,7853769.7
1654444800000,1.2211,1.253,1.205,1.228,6884238.5
1654459200000,1.2282,1.2375,1.1767,1.1833,6630362.6
1654473600000,1.1833,1.2718,1.1532,1.2522,8682218.1
1654488000000,1.2521,1.3064,1.2347,1.2771,5970495.6
1654502400000,1.2772,1.3207,1.2644,1.2655,5935162.8
1654516800000,1.2643,1.2711,1.23,1.2604,7477290.2
1654531200000,1.2604,1.3621,1.2519,1.343,8042211.1
1654545600000,1.3427,1.3485,1.3257,1.3321,5762252.2
1654560000000,1.3321,1.3324,1.1875,1.2339,10367548.9
1654574400000,1.2338,1.2388,1.2047,1.2122,5975185.8
1654588800000,1.2123,1.2373,1.1773,1.1796,5058528.26
1654603200000,1.1791,1.1818,1.105,1.1679,7573188.0
1654617600000,1.1677,1.1992,1.1659,1.1901,4765431.74
1654632000000,1.1901,1.1989,1.0732,1.1298,8741220.0
1654646400000,1.1301,1.1307,0.9043,0.9986,10731954.3
1654660800000,1.0,1.0042,0.9397,0.9678,8748865.3
1654675200000,0.9678,1.0154,0.9633,0.9911,6981297.2
1654689600000,0.9914,1.0154,0.9665,1.0042,9293081.2
1654704000000,1.004,1.0082,0.8869,0.9154,9197808.1
1654718400000,0.9149,0.9296,0.7026,0.7191,15851820.4
1654732800000,0.718,0.8968,0.7146,0.8633,19828916.0
1654747200000,0.8645,0.8807,0.8347,0.8575,10487923.6
1654761600000,0.8571,0.9124,0.8414,0.8436,10992559.7
1654776000000,0.8444,0.855,0.8064,0.8355,9250753.0
1654790400000,0.8358,0.8466,0.7949,0.8074,9454408.9
1654804800000,0.8076,0.8238,0.7835,0.8217,10798337.5
1654819200000,0.8211,0.931,0.8097,0.9139,14716374.4
1654833600000,0.9138,0.9376,0.8696,0.8801,11383339.0
1654848000000,0.8805,0.9456,0.8373,0.9164,13047372.9
1654862400000,0.9165,0.952,0.8653,0.9143,15355221.7
1654876800000,0.9145,0.9168,0.8807,0.906,9975613.7
1654891200000,0.9062,0.9188,0.8819,0.8834,7470901.4
1654905600000,0.8831,0.9089,0.8819,0.9038,6604375.9
1654920000000,0.9038,0.9109,0.8716,0.8847,5408961.6
1654934400000,0.8842,0.885,0.7797,0.7886,11339655.9
1654948800000,0.7879,0.8212,0.7355,0.7571,12015329.0
1654963200000,0.757,0.7833,0.7428,0.7826,9510193.1
1654977600000,0.7825,0.8023,0.7701,0.773,5826994.25
1654992000000,0.7736,0.7786,0.6285,0.6668,18426650.0
1655006400000,0.6668,0.6802,0.6196,0.6767,10255318.4
1655020800000,0.6767,0.7161,0.6657,0.6746,8738971.5
1655035200000,0.6745,0.74,0.6428,0.7321,12698725.4
1655049600000,0.7319,0.7459,0.7027,0.703,10297757.3
1655064000000,0.7028,0.707,0.656,0.6564,8271754.94
1655078400000,0.6566,0.6619,0.5406,0.5841,20346704.8
1655092800000,0.5843,0.6009,0.5082,0.5124,17294264.4
1655107200000,0.5124,0.5474,0.4942,0.534,24562483.5
1655121600000,0.5336,0.5714,0.5145,0.5447,20294362.5
1655136000000,0.5451,0.5798,0.5421,0.5438,16017889.5
1655150400000,0.5442,0.5701,0.5046,0.5345,11379905.7
1655164800000,0.5348,0.5757,0.5148,0.5734,18654863.0
1655179200000,0.5739,0.6136,0.5618,0.5902,19407825.5
1655193600000,0.5903,0.604,0.5397,0.5454,16721820.7
1655208000000,0.5459,0.584,0.5417,0.5772,14885208.7
1655222400000,0.5769,0.5779,0.5447,0.5489,9357838.8
1655236800000,0.5487,0.5704,0.5328,0.5629,8541603.2
1655251200000,0.5631,0.5835,0.5581,0.5593,10263494.2
1655265600000,0.5597,0.56,0.5347,0.5377,14467112.8
1655280000000,0.5378,0.5381,0.4659,0.516,23810307.5
1655294400000,0.5159,0.5375,0.5146,0.5196,12476905.0
1655308800000,0.52,0.5654,0.4943,0.5574,24718827.3
1655323200000,0.5574,0.5903,0.5522,0.5841,11051710.3
1655337600000,0.5844,0.62,0.563,0.5637,7624804.4
1655352000000,0.5637,0.5762,0.553,0.5538,8929960.1
1655366400000,0.554,0.557,0.5097,0.5143,12597251.7
1655380800000,0.5147,0.539,0.5097,0.5237,11915769.2
1655395200000,0.5238,0.5445,0.5097,0.5276,8789890.6
1655409600000,0.5275,0.5343,0.4813,0.4967,7655675.6
1655424000000,0.4968,0.5165,0.4897,0.4996,8816914.7
1655438400000,0.4992,0.5175,0.4974,0.513,4462266.26
1655452800000,0.5128,0.5295,0.5047,0.518,3609680.61
1655467200000,0.5182,0.5185,0.4986,0.5041,3155187.16
1655481600000,0.5042,0.5097,0.4947,0.5056,2359100.13
1655496000000,0.5055,0.514,0.5036,0.5102,2536774.65
1655510400000,0.5102,0.522,0.5099,0.5112,1902052.19
1655524800000,0.511,0.5146,0.4553,0.4585,7298184.6
1655539200000,0.4588,0.4773,0.4478,0.4668,1935722.4
1655553600000,0.4667,0.4721,0.4474,0.4501,1490438.42
1655568000000,0.4504,0.461,0.4217,0.4222,2205567.59
1655582400000,0.4223,0.4484,0.3994,0.4414,3027445.06
1655596800000,0.4415,0.4706,0.4327,0.4471,1385166.69
1655611200000,0.4474,0.4541,0.4416,0.4486,1237388.26
1655625600000,0.4485,0.4897,0.4375,0.4835,1851351.95
1655640000000,0.4835,0.4975,0.4791,0.4876,1344353.75
1655654400000,0.4875,0.4958,0.4833,0.4949,1784141.64
1655668800000,0.495,0.5204,0.4922,0.5147,1584794.03
1655683200000,0.5143,0.5154,0.4679,0.4762,1161414.82
1655697600000,0.4762,0.4827,0.476,0.4768,1221305.01
1655712000000,0.4768,0.5352,0.4767,0.5314,1942310.81
1655726400000,0.5309,0.5336,0.5176,0.5245,1548511.55
1655740800000,0.5247,0.5264,0.4985,0.5006,1095317.24
1655755200000,0.5002,0.5052,0.4882,0.4933,1279213.82
1655769600000,0.4936,0.5046,0.4899,0.5023,1376012.08
1655784000000,0.5025,0.5263,0.496,0.5213,2952414.03
1655798400000,0.5214,0.5448,0.5203,0.5248,2702540.16
1655812800000,0.525,0.5539,0.5204,0.5427,1364360.31
1655827200000,0.5442,0.5654,0.5411,0.545,1098725.22
1655841600000,0.545,0.5466,0.5169,0.5193,1246601.7
1655856000000,0.5192,0.52,0.482,0.4901,1570456.12
1655870400000,0.49,0.503,0.4849,0.4873,1256640.88
1655884800000,0.4874,0.5,0.4854,0.4961,1146808.96
1655899200000,0.497,0.5104,0.4899,0.4963,1488403.7
1655913600000,0.497,0.4975,0.4814,0.4853,1387955.34
1655928000000,0.485,0.4882,0.4633,0.4701,1099463.92
1655942400000,0.47,0.488,0.4653,0.4829,1515258.18
1655956800000,0.4825,0.5046,0.4804,0.5042,2111895.49
1655971200000,0.5039,0.5065,0.4952,0.4995,2509438.11
1655985600000,0.4996,0.5087,0.4795,0.4872,1201625.28
1656000000000,0.4873,0.4955,0.48,0.4947,1231007.83
1656014400000,0.4948,0.5218,0.4912,0.5193,1485675.98
1656028800000,0.5195,0.5245,0.511,0.5167,1182999.22
1656043200000,0.5168,0.5176,0.5103,0.5154,1644258.16
1656057600000,0.5152,0.5788,0.5147,0.5781,1366338.51
1656072000000,0.5779,0.635,0.5776,0.5913,1543200.3
1656086400000,0.5911,0.6256,0.5899,0.6241,1409023.69
1656100800000,0.624,0.6256,0.5982,0.5998,1082888.99
1656115200000,0.5997,0.6005,0.572,0.5955,1209015.66
1656129600000,0.5962,0.6153,0.5905,0.6129,1138491.26
1656144000000,0.6121,0.6468,0.6016,0.6349,1582940.02
1656158400000,0.635,0.6364,0.5623,0.5638,1651976.47
1656172800000,0.5638,0.5738,0.5627,0.5731,1142197.04
1656187200000,0.573,0.5889,0.5689,0.5878,1071028.45
1656201600000,0.5879,0.6051,0.5786,0.603,803997.796
1656216000000,0.6031,0.6358,0.5911,0.616,1477852.05
1656230400000,0.6157,0.6353,0.6068,0.6236,1645280.86
1656244800000,0.6232,0.6254,0.5714,0.5822,1553093.15
1656259200000,0.5812,0.5862,0.5725,0.5823,1202787.5
1656273600000,0.5827,0.5862,0.5385,0.5458,1399942.13
1656288000000,0.5456,0.5562,0.539,0.5559,1002857.46
1656302400000,0.5557,0.5654,0.5496,0.5633,1325044.74
1656316800000,0.5634,0.5856,0.5466,0.5547,1459551.05
1656331200000,0.5549,0.5583,0.5354,0.5438,2059472.76
1656345600000,0.5437,0.544,0.5259,0.531,1901070.96
1656360000000,0.5309,0.5448,0.5308,0.5406,1938872.63
1656374400000,0.5405,0.551,0.5172,0.5268,1906575.61
1656388800000,0.5269,0.5569,0.5137,0.5505,1752751.83
1656403200000,0.5504,0.5669,0.5449,0.5542,1597173.96
1656417600000,0.5542,0.5593,0.5241,0.5272,1553568.98
1656432000000,0.527,0.5768,0.5257,0.5405,3046048.38
1656446400000,0.5405,0.5438,0.5306,0.5383,1240446.87
1656460800000,0.5383,0.5425,0.528,0.5349,951392.21
1656475200000,0.5349,0.5447,0.5237,0.5367,1910289.63
1656489600000,0.5368,0.5805,0.5337,0.5656,2422289.66
1656504000000,0.5656,0.6152,0.5478,0.5851,1569186.94
1656518400000,0.5849,0.6034,0.5691,0.5971,1727330.85
1656532800000,0.5974,0.6021,0.5856,0.5891,711550.9
1656547200000,0.5893,0.6052,0.5686,0.5689,1210597.27
1656561600000,0.5684,0.5755,0.539,0.5485,3689559.1
1656576000000,0.5481,0.5491,0.5281,0.5433,3591690.78
1656590400000,0.5431,0.5615,0.5297,0.5539,829325.8
1656604800000,0.554,0.5577,0.5341,0.5372,504520.22
1656619200000,0.5369,0.54,0.5176,0.5356,810685.69
1656633600000,0.5357,0.5623,0.5321,0.5533,959378.94
1656648000000,0.5533,0.5534,0.5235,0.537,591677.28
1656662400000,0.537,0.5397,0.5308,0.5373,920604.236
1656676800000,0.5373,0.5396,0.5197,0.5231,1293708.54
1656691200000,0.5233,0.5283,0.5216,0.5279,951544.14
1656705600000,0.5278,0.5315,0.5256,0.529,981831.78
1656720000000,0.5289,0.5375,0.5203,0.5228,1590244.31
1656734400000,0.5226,0.5267,0.521,0.5224,761162.05
1656748800000,0.5224,0.5271,0.5137,0.5173,708066.47
1656763200000,0.517,0.5233,0.5151,0.5209,816437.32
1656777600000,0.5207,0.5308,0.5173,0.529,750685.48
1656792000000,0.5293,0.5326,0.5203,0.5225,509638.614
1656806400000,0.5221,0.5287,0.52,0.5262,616525.1
1656820800000,0.5268,0.5306,0.5223,0.527,1018385.61
1656835200000,0.5265,0.53,0.5216,0.5256,714362.515
1656849600000,0.5251,0.5316,0.52,0.524,624625.0
1656864000000,0.5243,0.5282,0.5186,0.524,670457.16
1656878400000,0.5245,0.5262,0.5164,0.5206,687204.97
1656892800000,0.5213,0.5279,0.5173,0.5238,860032.98
1656907200000,0.5237,0.5251,0.5177,0.5212,782574.54
1656921600000,0.5212,0.5251,0.514,0.5243,744325.8
1656936000000,0.5242,0.5361,0.5215,0.532,955554.03
1656950400000,0.5322,0.554,0.5285,0.5456,915824.84
1656964800000,0.5455,0.5613,0.5446,0.5593,768108.72
1656979200000,0.5598,0.5625,0.5537,0.5591,818540.675
1656993600000,0.5587,0.5609,0.5536,0.5555,791339.14
1657008000000,0.5559,0.5598,0.5228,0.528,1187825.06
1657022400000,0.5274,0.531,0.5224,0.5291,1132088.34
1657036800000,0.529,0.5344,0.5275,0.5306,760374.04
1657051200000,0.531,0.534,0.5266,0.5292,806476.96
1657065600000,0.5296,0.5336,0.5137,0.5265,798875.4
1657080000000,0.5268,0.534,0.525,0.5276,1047546.18
1657094400000,0.5279,0.5327,0.525,0.5268,867072.75
1657108800000,0.527,0.534,0.5202,0.5323,766866.72
1657123200000,0.5325,0.5463,0.5303,0.5422,825289.65
1657137600000,0.5421,0.5463,0.5397,0.5417,753402.61
1657152000000,0.5418,0.5602,0.5408,0.5598,817844.19
1657166400000,0.5597,0.5616,0.5549,0.5591,1037012.1
1657180800000,0.5591,0.5725,0.5584,0.5691,1223362.66
1657195200000,0.5693,0.5836,0.5675,0.5697,909247.18
1657209600000,0.5698,0.5785,0.568,0.5739,733048.24
1657224000000,0.574,0.5857,0.5664,0.5837,687082.44
1657238400000,0.5839,0.6274,0.5825,0.6169,1068265.37
1657252800000,0.6176,0.6179,0.59,0.5917,1066358.0
1657267200000,0.5918,0.5932,0.5666,0.577,1852946.38
1657281600000,0.5777,0.5785,0.571,0.5766,1080588.17
1657296000000,0.5766,0.5785,0.5704,0.5776,798579.55
1657310400000,0.5778,0.5818,0.5743,0.5751,767639.71
1657324800000,0.575,0.5778,0.569,0.5724,707987.684
1657339200000,0.5727,0.5787,0.5628,0.5648,571325.83
1657353600000,0.5654,0.5662,0.5617,0.5618,599003.36
1657368000000,0.5617,0.5815,0.5603,0.5753,707454.36
1657382400000,0.575,0.5771,0.5743,0.5753,562631.43
1657396800000,0.5752,0.5807,0.5689,0.5719,631360.35
1657411200000,0.5719,0.5731,0.5425,0.5459,858005.57
1657425600000,0.5461,0.5483,0.5454,0.5474,409157.29
1657440000000,0.5474,0.5597,0.5467,0.5479,471061.095
1657454400000,0.5479,0.5489,0.5417,0.5426,634235.56
1657468800000,0.5424,0.5431,0.5344,0.5359,521199.024
1657483200000,0.536,0.5382,0.5355,0.5377,610732.86
1657497600000,0.5377,0.5379,0.5289,0.531,762984.16
1657512000000,0.531,0.5317,0.5155,0.5188,1023479.96
1657526400000,0.5186,0.5198,0.5132,0.5143,802060.43
1657540800000,0.5144,0.518,0.5129,0.5166,880874.32
1657555200000,0.5166,0.5224,0.5158,0.5218,386403.495
1657569600000,0.5215,0.5238,0.4826,0.4857,948942.825
1657584000000,0.4858,0.4931,0.4854,0.4917,756581.4
1657598400000,0.4917,0.4926,0.4849,0.4871,1687838.47
1657612800000,0.4874,0.4876,0.462,0.4644,2023340.65
1657627200000,0.4643,0.4772,0.4641,0.4764,681880.32
1657641600000,0.4764,0.4767,0.4531,0.4593,578839.66
1657656000000,0.4589,0.463,0.4567,0.4576,603419.246
1657670400000,0.4577,0.4598,0.4536,0.459,522344.444
1657684800000,0.4591,0.4621,0.4558,0.4613,694283.44
1657699200000,0.4612,0.4623,0.4517,0.4548,1709399.15
1657713600000,0.4546,0.4579,0.4163,0.4349,1985378.64
1657728000000,0.4349,0.4528,0.4342,0.451,940020.73
1657742400000,0.4511,0.4657,0.4498,0.4652,622960.628
1657756800000,0.4651,0.4681,0.4569,0.4615,637149.58
1657771200000,0.4615,0.4719,0.4612,0.4657,1017073.346
1657785600000,0.4658,0.468,0.45,0.4505,3063945.53
1657800000000,0.4505,0.4719,0.45,0.4703,927230.98
1657814400000,0.4705,0.5046,0.46,0.4936,1011015.21
1657828800000,0.4936,0.4955,0.4931,0.4936,644833.57
1657843200000,0.4935,0.5034,0.4889,0.4971,742117.19
1657857600000,0.4971,0.4994,0.4949,0.497,2342424.15
1657872000000,0.4968,0.4976,0.4845,0.4866,3212377.95
1657886400000,0.4866,0.502,0.4832,0.5019,835541.16
1657900800000,0.5019,0.5019,0.4831,0.4915,867927.71
1657915200000,0.4915,0.492,0.4886,0.4892,613098.43
1657929600000,0.4891,0.4915,0.4756,0.4888,662860.45
1657944000000,0.4889,0.4946,0.4765,0.4765,568057.706
1657958400000,0.4765,0.4906,0.4756,0.4901,568412.985
1657972800000,0.49,0.4931,0.482,0.4924,600751.99
1657987200000,0.4927,0.5241,0.4923,0.517,1533623.97
1658001600000,0.517,0.5172,0.5091,0.5146,695606.55
1658016000000,0.5144,0.527,0.5137,0.5159,765474.17
1658030400000,0.5156,0.6063,0.5145,0.5914,1948691.67
1658044800000,0.5918,0.6247,0.5813,0.5835,1581172.25
1658059200000,0.5835,0.5849,0.5667,0.5668,1478955.59
1658073600000,0.567,0.5789,0.5665,0.577,1326601.56
1658088000000,0.576,0.5956,0.5756,0.5922,946776.24
1658102400000,0.5922,0.6546,0.5747,0.6541,1972678.34
1658116800000,0.6539,0.728,0.6499,0.7106,5599907.54
1658131200000,0.7104,0.7379,0.6753,0.688,1743203.96
1658145600000,0.6879,0.7924,0.6866,0.7772,2008969.93
1658160000000,0.7775,0.7819,0.7205,0.7223,1469121.72
1658174400000,0.7224,0.8211,0.7214,0.8123,2020901.21
1658188800000,0.8126,0.8211,0.751,0.7531,1820464.52
1658203200000,0.7527,0.7535,0.7173,0.7242,3665980.0
1658217600000,0.7246,0.7444,0.7191,0.7424,1232110.03
1658232000000,0.7421,0.7558,0.7166,0.7203,1258711.25
1658246400000,0.7204,0.7364,0.7192,0.7333,985319.59
1658260800000,0.7335,0.7357,0.7189,0.7216,890308.32
1658275200000,0.7217,0.7368,0.6801,0.7368,1077207.19
1658289600000,0.7369,0.8264,0.718,0.7838,4321829.17
1658304000000,0.7837,0.7878,0.756,0.7616,1272958.26
1658318400000,0.7604,0.7795,0.753,0.7776,1320399.46
1658332800000,0.777,0.7795,0.7249,0.7304,1326278.14
1658347200000,0.7306,0.7326,0.6861,0.6937,1238952.17
1658361600000,0.6943,0.7037,0.6647,0.6663,1218062.39
1658376000000,0.6673,0.6859,0.6647,0.6793,5905337.42
1658390400000,0.6792,0.6912,0.6752,0.6861,1329785.53
1658404800000,0.6861,0.6911,0.6815,0.6886,621329.375
1658419200000,0.6889,0.7634,0.688,0.7627,1673893.57
1658433600000,0.7626,0.7803,0.7603,0.7784,575826.87
1658448000000,0.7777,0.7824,0.7529,0.7555,484516.94
1658462400000,0.7549,0.8148,0.7464,0.8123,3626744.055
1658476800000,0.8117,0.8631,0.7993,0.8623,1316573.32
1658491200000,0.8622,0.8691,0.8278,0.8291,957342.61
1658505600000,0.8295,0.8528,0.8246,0.8323,857372.31
1658520000000,0.8322,0.8331,0.8037,0.8245,729045.65
1658534400000,0.8244,0.9115,0.8214,0.9078,896984.46
1658548800000,0.9085,0.9266,0.8925,0.8953,1136547.79
1658563200000,0.8953,0.9007,0.8339,0.8407,832091.56
1658577600000,0.8408,0.8878,0.8351,0.8873,804375.326
1658592000000,0.8876,0.9059,0.8558,0.8598,831259.84
1658606400000,0.8597,0.9396,0.8571,0.9307,757560.52
1658620800000,0.9315,0.96,0.9179,0.9203,493792.336
1658635200000,0.9202,0.9499,0.9159,0.9409,632508.33
1658649600000,0.9413,0.9436,0.9104,0.9207,629124.285
1658664000000,0.9214,0.9286,0.907,0.9193,480314.894
1658678400000,0.919,0.9357,0.9179,0.9343,576755.91
1658692800000,0.934,0.959,0.9326,0.9368,527890.476
1658707200000,0.9369,0.9389,0.8733,0.8762,787051.33
1658721600000,0.8764,0.8948,0.8691,0.8798,1932263.8
1658736000000,0.8806,0.8925,0.8716,0.8762,416179.59
1658750400000,0.8777,0.8785,0.8622,0.8661,493785.412
1658764800000,0.866,0.8683,0.8321,0.8408,563719.63
1658779200000,0.8407,0.8474,0.7756,0.7792,660762.18
1658793600000,0.7795,0.7964,0.7711,0.7775,873122.42
1658808000000,0.7777,0.7789,0.7761,0.7768,380225.61
1658822400000,0.7779,0.7891,0.7725,0.7757,401868.975
1658836800000,0.7761,0.7851,0.762,0.7755,492768.935
1658851200000,0.7749,0.7897,0.7731,0.7792,529623.68
1658865600000,0.7797,0.8381,0.7774,0.836,458463.27
1658880000000,0.835,0.8381,0.8199,0.8286,693580.46
1658894400000,0.8293,0.8355,0.8047,0.8333,660177.59
1658908800000,0.8336,0.8389,0.8199,0.8273,3660509.61
1658923200000,0.8275,0.8412,0.819,0.8375,403947.83
1658937600000,0.8373,0.998,0.8268,0.996,1161484.78
1658952000000,0.9959,1.0689,0.9951,1.0509,1079828.3
1658966400000,1.0497,1.1363,1.032,1.1196,929905.56
1658980800000,1.1199,1.1213,1.0761,1.092,2932590.52
1658995200000,1.0926,1.1179,1.0799,1.0831,660710.29
1659009600000,1.0831,1.4241,1.0771,1.3826,2190548.0
1659024000000,1.3825,1.5239,1.3756,1.4124,3140905.91
1659038400000,1.4124,1.5241,1.4123,1.4644,1170482.54
1659052800000,1.4645,1.7001,1.4359,1.6254,2872826.27
1659067200000,1.6252,1.7407,1.6135,1.6457,2153838.99
1659081600000,1.6457,1.6869,1.5038,1.5398,3889541.1
1659096000000,1.5398,1.5912,1.4672,1.527,1599209.43
1659110400000,1.527,1.6201,1.452,1.6041,1174425.88
1659124800000,1.6042,1.9316,1.578,1.864,2402426.61
1659139200000,1.8638,1.8693,1.7258,1.7447,1143464.38
1659153600000,1.7441,1.7959,1.7341,1.7926,816393.7
1659168000000,1.7922,1.8313,1.7593,1.7879,1145939.99
1659182400000,1.7869,1.8559,1.7468,1.7573,1032795.79
1659196800000,1.7569,1.775,1.6798,1.7093,893735.22
1659211200000,1.7094,1.7809,1.6725,1.7761,906984.38
1659225600000,1.7761,1.781,1.6919,1.7009,733422.92
1659240000000,1.7017,1.7156,1.6713,1.6985,561982.1
1659254400000,1.6983,1.7085,1.6722,1.6766,699058.78
1659268800000,1.6771,1.7634,1.6757,1.7581,1023216.754
1659283200000,1.7589,1.7634,1.6473,1.6643,1116356.134
1659297600000,1.6629,1.6663,1.5786,1.5917,583201.795
1659312000000,1.5917,1.6315,1.5828,1.6205,737010.685
1659326400000,1.6195,1.6446,1.5913,1.6044,499608.86
1659340800000,1.6044,1.6434,1.5666,1.5901,2135254.86
1659355200000,1.5895,1.655,1.5723,1.6487,1003873.01
1659369600000,1.6487,1.6502,1.4518,1.4828,1006033.286
1659384000000,1.4826,1.5224,1.4563,1.5165,651593.54
1659398400000,1.5158,1.5239,1.3819,1.3929,1571751.17
1659412800000,1.3931,1.4332,1.3819,1.4202,594853.28
1659427200000,1.4201,1.4978,1.3969,1.4715,1173423.52
1659441600000,1.4704,1.5857,1.4638,1.5644,1931446.81
1659456000000,1.5638,1.6374,1.5617,1.5846,1042005.57
1659470400000,1.5852,1.629,1.5648,1.625,742349.695
1659484800000,1.6246,1.6776,1.5738,1.6604,885361.99
1659499200000,1.6614,1.701,1.642,1.6509,508059.18
1659513600000,1.6521,1.695,1.641,1.6903,642833.82
1659528000000,1.6906,1.7987,1.6829,1.735,2029135.11
1659542400000,1.7341,2.0,1.7271,1.9789,3493186.01
1659556800000,1.9784,2.162,1.9701,2.0317,1166364.71
1659571200000,2.031,2.2291,2.0211,2.1591,1384633.2
1659585600000,2.1598,2.1938,2.0301,2.0788,1873675.39
1659600000000,2.0784,2.0848,2.0101,2.0125,678827.0
1659614400000,2.0125,2.0126,1.8673,1.9059,756994.31
1659628800000,1.9082,1.9216,1.8623,1.9038,698254.395
1659643200000,1.9032,1.9316,1.8984,1.9169,470627.824
1659657600000,1.9177,2.0029,1.8334,1.9931,735891.436
1659672000000,1.9933,2.037,1.9717,1.9717,674948.35
1659686400000,1.9714,1.9916,1.8947,1.963,639931.3
1659700800000,1.9634,1.9868,1.8977,1.9348,707320.66
1659715200000,1.9341,1.9358,1.8764,1.8801,476509.39
1659729600000,1.88,1.9232,1.8752,1.9155,429357.516
1659744000000,1.9162,1.9373,1.9081,1.933,827589.86
1659758400000,1.9324,1.9413,1.9067,1.9384,381309.685
1659772800000,1.9382,1.9593,1.9002,1.953,652035.78
1659787200000,1.9535,2.0288,1.9505,2.0013,605799.454
1659801600000,2.001,2.009,1.9657,1.973,405229.256
1659816000000,1.9721,1.9881,1.9389,1.9403,229552.051
1659830400000,1.9404,1.9595,1.9256,1.9527,537790.96
1659844800000,1.9528,1.9663,1.95,1.9663,256008.384
1659859200000,1.9645,1.9689,1.9497,1.9528,275320.102
1659873600000,1.9531,1.9759,1.9522,1.9607,257837.558
1659888000000,1.9605,1.9675,1.9352,1.9431,256607.719
1659902400000,1.9431,1.9702,1.9167,1.9475,166889.094
1659916800000,1.9483,1.9487,1.8673,1.918,388450.07
1659931200000,1.9185,1.9617,1.9089,1.9551,379941.116
1659945600000,1.9548,2.046,1.9381,2.0115,604018.43
1659960000000,2.0124,2.0146,1.9395,1.9446,351346.674
1659974400000,1.944,1.9477,1.9122,1.9459,212438.631
1659988800000,1.9465,1.9469,1.8992,1.9119,193034.753
1660003200000,1.9119,1.9126,1.8428,1.8738,210050.316
1660017600000,1.8737,1.8936,1.849,1.8542,221064.866
1660032000000,1.8537,1.8541,1.75,1.7667,560424.74
1660046400000,1.7661,1.7719,1.7035,1.7067,439676.46
1660060800000,1.7056,1.7411,1.7027,1.7097,263875.502
1660075200000,1.7095,1.7291,1.6411,1.6474,275883.455
1660089600000,1.6457,1.6869,1.6333,1.6731,1450813.51
1660104000000,1.6732,1.7242,1.6617,1.6727,368954.923
1660118400000,1.6738,1.7176,1.6719,1.706,249288.443
1660132800000,1.7072,1.812,1.7024,1.7682,948840.16
1660147200000,1.7676,1.7809,1.6947,1.6965,327481.28
1660161600000,1.6963,1.7005,1.5596,1.5909,1078949.855
1660176000000,1.5909,1.6613,1.5857,1.6377,544892.08
1660190400000,1.6378,1.7129,1.6253,1.6629,379925.405
1660204800000,1.6634,1.7026,1.6623,1.6891,208265.754
1660219200000,1.6894,1.7113,1.6034,1.6164,587747.68
1660233600000,1.618,1.6204,1.5299,1.5425,515627.57
1660248000000,1.5423,1.5893,1.5297,1.5731,408941.207
1660262400000,1.5728,1.6242,1.5437,1.609,420936.819
1660276800000,1.6089,1.6239,1.5828,1.5957,328732.68
1660291200000,1.5953,1.6144,1.5632,1.5654,307278.36
1660305600000,1.5654,1.6015,1.5584,1.581,340434.344
1660320000000,1.5797,1.6277,1.5681,1.6236,325719.567
1660334400000,1.6234,1.6291,1.5964,1.6167,287541.026
1660348800000,1.6173,1.7337,1.5887,1.6936,393150.37
1660363200000,1.6942,1.7,1.6349,1.6405,325371.205
1660377600000,1.6421,1.6623,1.5659,1.5734,247190.281
1660392000000,1.5734,1.5827,1.5391,1.5808,249283.15
1660406400000,1.5807,1.5873,1.5729,1.5841,186956.746
1660420800000,1.5827,1.5843,1.5391,1.5434,193947.792
1660435200000,1.5435,1.5639,1.5366,1.5624,268848.176
1660449600000,1.563,1.5688,1.5467,1.5623,219780.242
1660464000000,1.5624,1.5827,1.5285,1.5315,272797.177
1660478400000,1.5313,1.5315,1.4316,1.4649,296676.687
1660492800000,1.4648,1.4658,1.4023,1.4403,496159.364
1660507200000,1.4404,1.4554,1.4384,1.4541,171436.889
1660521600000,1.4544,1.5175,1.4331,1.5144,382032.998
1660536000000,1.5142,1.5187,1.3964,1.402,411409.33
1660550400000,1.4022,1.4416,1.3845,1.4273,291175.38
1660564800000,1.4269,1.5101,1.4263,1.4957,348101.279
1660579200000,1.4979,1.524,1.4685,1.4726,399349.24
1660593600000,1.4726,1.5377,1.4693,1.5377,450318.314
1660608000000,1.5374,1.5764,1.5278,1.5705,418157.565
1660622400000,1.5704,1.5709,1.5064,1.5149,221179.014
1660636800000,1.515,1.5406,1.4961,1.5305,400575.24
1660651200000,1.5305,1.531,1.4475,1.4566,367865.57
1660665600000,1.4571,1.4653,1.4457,1.4494,226767.653
1660680000000,1.4492,1.4732,1.4445,1.4645,175759.173
1660694400000,1.4643,1.4957,1.4578,1.4846,252202.386
1660708800000,1.4848,1.5044,1.4542,1.4572,261018.258
1660723200000,1.4572,1.4658,1.4396,1.4405,239927.204
1660737600000,1.441,1.4422,1.346,1.3499,681079.535
1660752000000,1.3496,1.3677,1.3438,1.3524,264003.102
1660766400000,1.3523,1.3541,1.252,1.2985,668412.077
1660780800000,1.2983,1.349,1.2973,1.3406,321904.267
1660795200000,1.3403,1.3408,1.3107,1.3404,269738.546
1660809600000,1.3405,1.3612,1.3286,1.3499,250585.255
1660824000000,1.3502,1.3538,1.303,1.3251,198761.452
1660838400000,1.3251,1.3254,1.2834,1.3041,231837.927
1660852800000,1.3038,1.3051,1.2115,1.2169,400695.338
1660867200000,1.2172,1.2184,1.1818,1.1871,431055.38
1660881600000,1.1877,1.1963,1.1094,1.139,640018.135
1660896000000,1.1387,1.2444,1.1335,1.2112,788780.64
1660910400000,1.2106,1.2437,1.2105,1.2266,480442.91
1660924800000,1.2257,1.244,1.1958,1.2104,359802.271
1660939200000,1.2105,1.2127,1.1673,1.2023,553376.24
1660953600000,1.2027,1.2666,1.2008,1.2627,755356.015
1660968000000,1.263,1.267,1.2089,1.2236,388936.893
1660982400000,1.2234,1.2257,1.1861,1.1902,298476.992
1660996800000,1.191,1.2039,1.1413,1.1646,433497.94
1661011200000,1.1639,1.1673,1.1135,1.1249,355237.265
1661025600000,1.1252,1.138,1.11,1.1159,240188.395
1661040000000,1.1161,1.151,1.1121,1.1432,208178.578
1661054400000,1.1415,1.1426,1.1054,1.1367,217720.148
1661068800000,1.136,1.1998,1.136,1.1911,577056.255
1661083200000,1.1909,1.2073,1.1856,1.2012,233765.546
1661097600000,1.2012,1.2019,1.1672,1.1794,364879.427
1661112000000,1.1788,1.1943,1.1753,1.191,268125.779
1661126400000,1.1904,1.1912,1.1675,1.1687,225808.165
1661140800000,1.1692,1.1843,1.1238,1.1263,386721.742
1661155200000,1.126,1.1448,1.1236,1.1276,327771.698
1661169600000,1.1276,1.145,1.1047,1.1256,407268.47
1661184000000,1.1254,1.1528,1.1151,1.1275,219632.689
1661198400000,1.1272,1.1491,1.1132,1.1469,255249.079
1661212800000,1.1474,1.1906,1.1467,1.1867,314371.85
1661227200000,1.1865,1.1869,1.1376,1.15,221007.215
1661241600000,1.15,1.2374,1.1499,1.2289,606564.62
1661256000000,1.229,1.2777,1.2141,1.2772,791783.575
1661270400000,1.2772,1.3,1.2674,1.2803,472407.2
1661284800000,1.2805,1.3248,1.2734,1.3165,513893.309
1661299200000,1.3164,1.3248,1.2637,1.2651,413658.81
1661313600000,1.2647,1.2777,1.2523,1.2573,265286.6
1661328000000,1.2569,1.3031,1.2513,1.3015,275884.205
1661342400000,1.3019,1.3031,1.267,1.2849,336251.391
1661356800000,1.2847,1.2963,1.271,1.2772,263088.135
1661371200000,1.277,1.2784,1.2386,1.2472,267703.367
1661385600000,1.248,1.267,1.2455,1.2566,243488.431
1661400000000,1.2569,1.2674,1.2534,1.2665,202770.579
1661414400000,1.2669,1.2703,1.2447,1.2489,275369.905
1661428800000,1.2489,1.2614,1.1879,1.1938,308289.705
1661443200000,1.1943,1.207,1.1714,1.1971,221757.824
1661457600000,1.1966,1.2014,1.1714,1.1853,305897.87
1661472000000,1.1853,1.1864,1.1553,1.1617,282624.98
1661486400000,1.162,1.2031,1.1468,1.1502,252515.938
1661500800000,1.1502,1.1673,1.1296,1.1323,237061.227
1661515200000,1.1317,1.1609,1.1206,1.1345,332486.664
1661529600000,1.1343,1.1348,1.074,1.0804,313249.608
1661544000000,1.0798,1.0938,1.0246,1.0304,313867.724
1661558400000,1.0299,1.0456,1.0138,1.0217,351044.89
1661572800000,1.0211,1.0324,1.013,1.0287,443197.01
1661587200000,1.0286,1.038,1.0221,1.0358,291278.728
1661601600000,1.0353,1.038,1.012,1.0181,444254.74
1661616000000,1.0182,1.0435,1.0126,1.0199,334683.744
1661630400000,1.0212,1.0279,1.015,1.0219,478147.69
1661644800000,1.0221,1.0489,1.018,1.0267,551662.53
1661659200000,1.0276,1.0427,1.0246,1.0407,317055.963
1661673600000,1.04,1.0647,1.0386,1.0546,370967.313
1661688000000,1.0546,1.0606,1.04,1.0602,486533.495
1661702400000,1.0602,1.0744,1.0498,1.0549,247370.122
1661716800000,1.0549,1.0714,1.0451,1.0471,238604.615
1661731200000,1.0479,1.1367,1.0357,1.1159,754602.196
1661745600000,1.1159,1.1449,1.0938,1.1204,431351.09
1661760000000,1.1193,1.1231,1.1093,1.1217,573911.59
1661774400000,1.1217,1.1714,1.1149,1.1679,792871.04
1661788800000,1.1677,1.1743,1.127,1.1484,498603.485
1661803200000,1.1485,1.1784,1.1342,1.1736,461859.385
1661817600000,1.1739,1.1857,1.1493,1.1842,437325.525
1661832000000,1.1838,1.1857,1.163,1.168,467250.44
1661846400000,1.1683,1.1708,1.1414,1.1516,430523.994
1661860800000,1.1521,1.1578,1.0964,1.1131,505118.36
1661875200000,1.1124,1.117,1.0733,1.0818,730836.35
1661889600000,1.082,1.0888,1.0729,1.0833,262700.933
1661904000000,1.0844,1.171,1.0808,1.1693,590048.844
1661918400000,1.1686,1.1943,1.1685,1.1705,398901.93
1661932800000,1.1714,1.1804,1.165,1.1774,374980.229
1661947200000,1.178,1.1795,1.1489,1.154,462520.221
1661961600000,1.154,1.1555,1.136,1.143,330508.857
1661976000000,1.1439,1.1672,1.1352,1.1417,277053.413
1661990400000,1.1423,1.1505,1.1248,1.1318,314615.034
1662004800000,1.1317,1.1342,1.1188,1.1229,353972.31
1662019200000,1.1232,1.1287,1.1166,1.1252,369121.87
1662033600000,1.1254,1.1297,1.0956,1.1012,500926.87
1662048000000,1.1011,1.1088,1.0907,1.1076,462586.886
1662062400000,1.1072,1.1678,1.1065,1.1631,410136.87
1662076800000,1.1636,1.1843,1.1607,1.1835,485016.386
1662091200000,1.1828,1.1902,1.1717,1.1745,305224.138
1662105600000,1.1745,1.1774,1.1632,1.1655,327957.939
1662120000000,1.1663,1.265,1.1639,1.2633,1312404.92
1662134400000,1.2638,1.2865,1.2338,1.2385,752211.834
1662148800000,1.24,1.2459,1.2285,1.2397,258914.003
1662163200000,1.2399,1.2416,1.2045,1.2123,331059.901
1662177600000,1.2113,1.2181,1.1927,1.1944,292759.931
1662192000000,1.1947,1.204,1.1922,1.1948,300023.007
1662206400000,1.1946,1.2069,1.1918,1.1996,306420.883
1662220800000,1.1995,1.2109,1.1991,1.204,290993.658
1662235200000,1.2035,1.2157,1.202,1.2119,127005.822
1662249600000,1.2121,1.2176,1.2025,1.2039,341442.99
1662264000000,1.204,1.2065,1.1714,1.1758,212297.997
1662278400000,1.1747,1.1759,1.1518,1.1574,686031.77
1662292800000,1.157,1.1589,1.1497,1.1556,418322.962
1662307200000,1.1555,1.1577,1.1441,1.1509,339142.227
1662321600000,1.1508,1.1607,1.1464,1.1518,196580.802
1662336000000,1.1514,1.1696,1.1514,1.1599,352339.091
1662350400000,1.1603,1.1618,1.1441,1.1459,376759.055
1662364800000,1.1459,1.151,1.1346,1.1368,457459.018
1662379200000,1.137,1.1674,1.1357,1.1622,287932.693
1662393600000,1.1614,1.1633,1.1543,1.1551,286763.623
1662408000000,1.1553,1.1847,1.1549,1.182,223250.717
1662422400000,1.1817,1.2437,1.18,1.2076,541553.32
1662436800000,1.2093,1.2399,1.1979,1.2151,325872.813
1662451200000,1.215,1.2424,1.1866,1.2155,293420.098
1662465600000,1.2155,1.2416,1.201,1.2195,323095.278
1662480000000,1.2195,1.2267,1.1131,1.1181,759223.4
1662494400000,1.1199,1.1201,1.1077,1.109,350331.184
1662508800000,1.1091,1.1234,1.1028,1.1151,367862.327
1662523200000,1.1156,1.1206,1.114,1.1182,276417.623
1662537600000,1.1186,1.12,1.0854,1.0872,231411.269
1662552000000,1.0866,1.1306,1.0861,1.1253,440896.09
1662566400000,1.1253,1.1342,1.1183,1.1225,373595.87
1662580800000,1.1224,1.1648,1.122,1.1591,342277.282
1662595200000,1.159,1.1669,1.145,1.1551,250556.102
1662609600000,1.1549,1.1651,1.1325,1.1344,253389.776
1662624000000,1.1344,1.1566,1.134,1.1457,234355.784
1662638400000,1.1459,1.1682,1.1368,1.163,617731.74
1662652800000,1.1629,1.1668,1.1422,1.1555,248576.032
1662667200000,1.1562,1.1777,1.1485,1.1739,225394.022
1662681600000,1.1735,1.2163,1.1712,1.2124,277322.129
1662696000000,1.2126,1.2705,1.2123,1.2508,895547.08
1662710400000,1.2506,1.2515,1.2244,1.2284,324202.506
1662724800000,1.2278,1.3,1.225,1.2938,998836.6
1662739200000,1.2939,1.434,1.2916,1.4008,1293003.6
1662753600000,1.4019,1.4215,1.3985,1.4087,387499.422
1662768000000,1.4085,1.4101,1.3859,1.3884,351861.41
1662782400000,1.3891,1.4019,1.3536,1.374,384295.406
1662796800000,1.3739,1.3824,1.3637,1.3788,408456.35
1662811200000,1.3797,1.4473,1.3743,1.3826,671693.75
1662825600000,1.3814,1.3903,1.3625,1.3748,310672.176
1662840000000,1.3744,1.3886,1.3742,1.3855,211522.586
1662854400000,1.3855,1.4002,1.3413,1.3466,251828.296
1662868800000,1.3463,1.373,1.3426,1.3673,213978.554
1662883200000,1.3673,1.3767,1.341,1.3603,195249.436
1662897600000,1.3602,1.4267,1.349,1.4125,632655.26
1662912000000,1.4122,1.4237,1.3985,1.3996,273862.285
1662926400000,1.4001,1.403,1.3762,1.3958,239407.803
1662940800000,1.3958,1.4009,1.3579,1.3591,346742.397
1662955200000,1.3605,1.3728,1.3556,1.3642,185879.194
1662969600000,1.3638,1.3762,1.3579,1.372,285844.295
1662984000000,1.3732,1.3831,1.2869,1.2873,326215.712
1662998400000,1.2873,1.3085,1.2849,1.2984,323488.247
1663012800000,1.2988,1.3072,1.2824,1.2849,195159.55
1663027200000,1.2845,1.2884,1.2367,1.2673,248264.106
1663041600000,1.2679,1.2814,1.264,1.2689,225125.54
1663056000000,1.2687,1.303,1.2573,1.302,286633.571
1663070400000,1.3019,1.3065,1.1818,1.2043,1001671.935
1663084800000,1.2045,1.2176,1.1887,1.194,304780.18
1663099200000,1.1943,1.1959,1.1885,1.192,222139.441
1663113600000,1.1914,1.228,1.1827,1.2224,239568.134
1663128000000,1.2224,1.2404,1.2038,1.2063,280634.36
1663142400000,1.2065,1.2076,1.1635,1.1689,232460.215
1663156800000,1.1688,1.2023,1.1652,1.1866,262206.082
1663171200000,1.1873,1.1873,1.1586,1.1662,246024.052
1663185600000,1.167,1.21,1.167,1.2087,200920.5
1663200000000,1.21,1.225,1.1641,1.1803,287584.95
1663214400000,1.1804,1.259,1.1427,1.2413,553749.074
1663228800000,1.2419,1.2462,1.2035,1.2081,417161.466
1663243200000,1.2087,1.2134,1.1497,1.1577,335925.677
1663257600000,1.158,1.1697,1.1575,1.1639,339705.67
1663272000000,1.1644,1.1674,1.1104,1.1199,284240.08
1663286400000,1.1193,1.1311,1.11,1.1221,370649.23
1663300800000,1.1219,1.1289,1.1144,1.1236,260754.277
1663315200000,1.1239,1.1239,1.079,1.0921,294602.532
1663329600000,1.0911,1.1043,1.0664,1.0847,311338.276
1663344000000,1.0848,1.0979,1.0804,1.093,266354.968
1663358400000,1.0922,1.1053,1.0885,1.1018,199275.537
1663372800000,1.1024,1.1337,1.1012,1.1322,201444.306
1663387200000,1.1326,1.1463,1.0804,1.0864,171846.042
1663401600000,1.0861,1.0955,1.078,1.089,154170.527
1663416000000,1.088,1.1029,1.07,1.1029,163066.94
1663430400000,1.1031,1.117,1.0974,1.1147,184859.372
1663444800000,1.1146,1.117,1.0955,1.1108,163909.594
1663459200000,1.1116,1.1167,1.1012,1.1121,220110.144
1663473600000,1.1132,1.114,1.1018,1.1056,145755.343
1663488000000,1.1064,1.1103,1.0951,1.1025,194614.281
1663502400000,1.1023,1.1053,1.0976,1.1015,155505.283
1663516800000,1.1014,1.1056,1.0506,1.0623,275638.297
1663531200000,1.0618,1.0626,0.9092,0.9336,794893.03
1663545600000,0.9336,0.9343,0.888,0.9069,420394.5
1663560000000,0.9065,0.9204,0.9003,0.912,367055.03
1663574400000,0.912,0.9271,0.9039,0.9084,361137.986
1663588800000,0.9075,0.9653,0.9068,0.9613,439557.916
1663603200000,0.9614,0.9653,0.9271,0.9397,235868.411
1663617600000,0.9394,0.9568,0.9394,0.9472,284343.275
1663632000000,0.9477,0.9508,0.9348,0.9396,294920.691
1663646400000,0.9392,0.9406,0.9355,0.9375,288443.998
1663660800000,0.937,0.9434,0.9135,0.9221,319697.346
1663675200000,0.9218,0.9277,0.8763,0.9254,580311.235
1663689600000,0.9249,0.9326,0.9082,0.9206,388396.22
1663704000000,0.9202,0.9239,0.9153,0.9178,238647.753
1663718400000,0.9178,0.9277,0.9167,0.9263,380055.0
1663732800000,0.9258,0.9277,0.8864,0.8984,250439.72
1663747200000,0.8985,0.9287,0.8857,0.9261,284488.002
1663761600000,0.927,0.9297,0.902,0.9061,280231.327
1663776000000,0.905,0.9565,0.8961,0.9447,1419583.755
1663790400000,0.9452,0.9452,0.8744,0.8797,402822.984
1663804800000,0.8795,0.9142,0.8743,0.9094,335664.116
1663819200000,0.91,0.9315,0.9081,0.9297,307849.92
1663833600000,0.9295,0.9391,0.929,0.9362,277605.217
1663848000000,0.9362,0.9518,0.9037,0.915,273765.325
1663862400000,0.9149,0.9481,0.9079,0.9371,248554.946
1663876800000,0.9374,0.9522,0.9258,0.938,269288.78
1663891200000,0.9378,0.9832,0.9282,0.9657,516510.745
1663905600000,0.9657,0.9859,0.9499,0.9515,393958.287
1663920000000,0.9511,0.9571,0.9114,0.9165,334673.31
1663934400000,0.9163,0.9335,0.8973,0.923,333755.657
1663948800000,0.922,0.9322,0.9074,0.9315,294539.558
1663963200000,0.9313,0.9578,0.9304,0.9476,256713.509
1663977600000,0.9478,0.9553,0.934,0.9386,194132.37
1663992000000,0.9389,0.9483,0.9271,0.9306,145654.328
1664006400000,0.9307,0.9383,0.9246,0.9323,155966.332
1664020800000,0.9326,0.952,0.9322,0.9449,177035.21
1664035200000,0.9449,0.9483,0.9349,0.9459,136697.924
1664049600000,0.9463,0.9463,0.9114,0.9181,225893.343
1664064000000,0.9179,0.9324,0.917,0.9323,148735.414
1664078400000,0.9323,0.938,0.9229,0.9326,106109.623
1664092800000,0.932,0.9464,0.932,0.9444,95450.279
1664107200000,0.9444,0.9519,0.9224,0.9278,187782.708
1664121600000,0.9279,0.9321,0.9122,0.9174,188637.785
1664136000000,0.9175,0.9189,0.887,0.9046,183597.866
1664150400000,0.9044,0.9188,0.8959,0.9062,245187.267
1664164800000,0.9061,0.912,0.887,0.9022,206961.713
1664179200000,0.9026,0.9185,0.8875,0.8956,219762.216
1664193600000,0.8948,0.918,0.89,0.9115,228784.698
1664208000000,0.9115,0.924,0.8992,0.9199,171873.312
1664222400000,0.9206,0.9261,0.9119,0.9231,129021.513
1664236800000,0.9227,0.9909,0.9207,0.9781,359501.416
1664251200000,0.9783,0.9827,0.9627,0.9632,236232.479
1664265600000,0.9632,0.969,0.9509,0.9529,240912.252
1664280000000,0.9535,0.9678,0.9447,0.9455,295598.848
1664294400000,0.9456,0.9471,0.8973,0.9138,336980.866
1664308800000,0.9137,0.9238,0.9058,0.9189,138868.255
1664323200000,0.9194,0.9234,0.8676,0.8865,327890.91
1664337600000,0.8862,0.8882,0.8687,0.8801,168192.776
1664352000000,0.8802,0.8867,0.8656,0.8818,283924.621
1664366400000,0.8823,0.9097,0.8792,0.9048,351741.89
1664380800000,0.9051,0.9099,0.8903,0.9058,303169.546
1664395200000,0.9062,0.9192,0.9057,0.9089,228030.26
1664409600000,0.9087,0.9251,0.9016,0.9119,247327.639
1664424000000,0.9118,0.9167,0.8901,0.8962,189397.107
1664438400000,0.8957,0.915,0.892,0.9071,191740.922
1664452800000,0.9072,0.9105,0.8832,0.9027,294854.983
1664467200000,0.9028,0.9091,0.89,0.8995,317082.013
1664481600000,0.9003,0.9095,0.8947,0.9051,141457.869
1664496000000,0.9051,0.9094,0.8922,0.8956,187597.315
1664510400000,0.8952,0.9065,0.8944,0.9014,111248.99
1664524800000,0.9013,0.9091,0.8943,0.8953,179358.356
1664539200000,0.8955,0.9197,0.8869,0.9022,376363.61
1664553600000,0.9019,0.9153,0.8974,0.9025,242915.201
1664568000000,0.9022,0.915,0.8987,0.911,163380.901
1664582400000,0.911,0.927,0.9074,0.9118,216528.499
1664596800000,0.9124,0.9152,0.9043,0.9088,149395.865
1664611200000,0.9087,0.9144,0.9033,0.9111,156910.288
1664625600000,0.9109,0.9112,0.8991,0.9014,167805.818
1664640000000,0.9014,0.9014,0.8875,0.8935,163161.477
1664654400000,0.8931,0.896,0.8873,0.8936,85265.043
1664668800000,0.8936,0.8974,0.8917,0.8968,124382.673
1664683200000,0.8967,0.9015,0.8883,0.8926,114910.47
1664697600000,0.8926,0.8936,0.8687,0.8776,238636.299
1664712000000,0.8773,0.8787,0.8534,0.8648,215746.361
1664726400000,0.865,0.871,0.8586,0.8644,259010.679
1664740800000,0.8648,0.868,0.8341,0.8434,264615.875
1664755200000,0.8428,0.8604,0.8345,0.8561,230124.879
1664769600000,0.856,0.8573,0.8422,0.8498,189624.493
1664784000000,0.8497,0.8562,0.846,0.8562,144929.224
1664798400000,0.856,0.8674,0.8481,0.858,392970.039
1664812800000,0.8583,0.8789,0.8578,0.8666,255900.869
1664827200000,0.8664,0.8746,0.8618,0.8689,115730.153
1664841600000,0.8687,0.8774,0.8583,0.866,276627.267
1664856000000,0.8661,0.8824,0.8637,0.8774,211181.79
1664870400000,0.8777,0.8801,0.8652,0.8777,146957.802
1664884800000,0.8774,0.8846,0.8735,0.8786,269310.986
1664899200000,0.8785,0.8787,0.8638,0.8726,96291.728
1664913600000,0.8729,0.8785,0.869,0.8709,110001.883
1664928000000,0.8711,0.8745,0.8646,0.8653,102678.463
1664942400000,0.8651,0.8728,0.8606,0.864,67723.797
1664956800000,0.8641,0.8649,0.8459,0.8498,135913.846
1664971200000,0.8499,0.8502,0.8365,0.8487,380712.224
1664985600000,0.8487,0.8618,0.8442,0.856,174486.33
1665000000000,0.8566,0.8626,0.8517,0.8623,96629.253
1665014400000,0.8623,0.8724,0.8594,0.8711,294869.465
1665028800000,0.8712,0.8741,0.8589,0.8623,151857.49
1665043200000,0.8621,0.8684,0.8578,0.8676,147573.474
1665057600000,0.8677,0.8701,0.8488,0.8589,283432.34
1665072000000,0.8587,0.8655,0.8521,0.8573,131824.807
1665086400000,0.8574,0.858,0.846,0.851,45776.481
1665100800000,0.851,0.8543,0.8436,0.8473,95135.162
1665115200000,0.8471,0.8492,0.8391,0.8451,73080.032
1665129600000,0.8449,0.8496,0.8419,0.8435,109953.325
1665144000000,0.8436,0.8496,0.8338,0.8415,238659.131
1665158400000,0.8415,0.8495,0.8346,0.8458,98653.099
1665172800000,0.8461,0.85,0.8426,0.8462,58664.8093
1665187200000,0.8462,0.853,0.8459,0.8507,102597.661
1665201600000,0.8511,0.8543,0.8438,0.8485,94576.864
1665216000000,0.8486,0.852,0.8461,0.8508,76139.085
1665230400000,0.851,0.8514,0.8438,0.8472,65751.741
1665244800000,0.847,0.8499,0.841,0.842,31437.9665
1665259200000,0.8417,0.8429,0.8259,0.8354,124328.493
1665273600000,0.8354,0.8387,0.8334,0.8375,50008.878
1665288000000,0.8372,0.8422,0.834,0.8404,39229.47
1665302400000,0.8405,0.8483,0.8392,0.8452,47488.348
1665316800000,0.8452,0.8485,0.8448,0.8452,33830.9297
1665331200000,0.845,0.8479,0.8382,0.8443,102091.574
1665345600000,0.8442,0.8447,0.8382,0.8432,50716.369
1665360000000,0.8432,0.8516,0.8397,0.8472,69763.999
1665374400000,0.8467,0.8476,0.8398,0.8412,48882.6805
1665388800000,0.8412,0.842,0.8237,0.8303,104258.898
1665403200000,0.8304,0.8341,0.8102,0.8177,127981.009
1665417600000,0.8176,0.8182,0.811,0.815,80776.978
1665432000000,0.815,0.8181,0.7242,0.7518,403917.2473
1665446400000,0.7518,0.7702,0.728,0.7576,376907.733
1665460800000,0.7569,0.7632,0.7498,0.7594,105971.799
1665475200000,0.758,0.7611,0.7493,0.756,93589.696
1665489600000,0.7562,0.762,0.7391,0.7605,251164.921
1665504000000,0.7603,0.7618,0.7404,0.7405,192307.328
1665518400000,0.7406,0.747,0.7337,0.7392,134684.828
1665532800000,0.7392,0.7559,0.738,0.7384,150640.257
1665547200000,0.7382,0.7549,0.7382,0.7512,148431.448
1665561600000,0.7516,0.762,0.7514,0.753,140892.314
1665576000000,0.7528,0.7547,0.7406,0.7503,187647.121
1665590400000,0.7503,0.7566,0.7419,0.7536,135527.142
1665604800000,0.7539,0.7561,0.7471,0.7474,110461.387
1665619200000,0.7473,0.7551,0.7134,0.7246,276623.262
1665633600000,0.7246,0.7256,0.6674,0.6889,455889.243
1665648000000,0.6881,0.6939,0.6484,0.6726,521067.525
1665662400000,0.6732,0.7255,0.6555,0.7175,936603.984
1665676800000,0.7176,0.74,0.7155,0.735,259211.889
1665691200000,0.7354,0.7487,0.7314,0.732,139132.925
1665705600000,0.7314,0.7579,0.7314,0.7513,208160.979
1665720000000,0.7514,0.7551,0.7356,0.7369,121639.352
1665734400000,0.7371,0.7508,0.7366,0.7408,82850.753
1665748800000,0.7406,0.7506,0.7225,0.7244,190698.51
1665763200000,0.7246,0.7256,0.7138,0.716,150950.198
1665777600000,0.7163,0.7178,0.7038,0.7176,100073.666
1665792000000,0.7175,0.7177,0.7058,0.7166,74852.592
1665806400000,0.7168,0.7179,0.7019,0.7069,88214.8976
1665820800000,0.7069,0.7072,0.6912,0.7017,181311.826
1665835200000,0.7014,0.705,0.6919,0.6947,134870.981
1665849600000,0.6946,0.7023,0.6863,0.691,136330.263
1665864000000,0.691,0.6912,0.6791,0.6859,166895.024
1665878400000,0.686,0.6999,0.685,0.6985,112365.158
1665892800000,0.6986,0.7044,0.6968,0.7,241013.132
1665907200000,0.6999,0.7083,0.6952,0.6968,210583.724
1665921600000,0.6968,0.6997,0.6937,0.6976,177965.473
1665936000000,0.6981,0.7059,0.6918,0.7058,84150.603
1665950400000,0.7059,0.7072,0.6915,0.6979,161717.313
1665964800000,0.6978,0.7008,0.687,0.6919,102010.449
1665979200000,0.6917,0.7054,0.6908,0.7051,119948.041
1665993600000,0.705,0.7288,0.7005,0.7285,162756.893
1666008000000,0.7288,0.7298,0.7165,0.7252,214379.774
1666022400000,0.7252,0.7512,0.7241,0.751,219124.792
1666036800000,0.751,0.7654,0.7452,0.7648,252081.615
1666051200000,0.7649,0.7743,0.7412,0.7489,233491.086
1666065600000,0.7484,0.7619,0.7468,0.7582,221242.386
1666080000000,0.7582,0.7583,0.73,0.7372,224486.537
1666094400000,0.7373,0.7453,0.7234,0.7432,183054.605
1666108800000,0.743,0.7534,0.724,0.7404,240951.17
1666123200000,0.74,0.7555,0.7382,0.7406,213524.237
1666137600000,0.7405,0.7455,0.7129,0.7194,260959.191
1666152000000,0.7195,0.7212,0.7031,0.714,202557.59
1666166400000,0.7135,0.7208,0.708,0.7129,145462.876
1666180800000,0.7129,0.7238,0.708,0.7237,182897.854
1666195200000,0.7238,0.7243,0.7124,0.7158,135345.791
1666209600000,0.7157,0.7197,0.6817,0.6896,252050.189
1666224000000,0.6898,0.6983,0.6834,0.6884,271976.865
1666238400000,0.6879,0.701,0.6875,0.7006,241271.106
1666252800000,0.7004,0.7056,0.6971,0.6996,200157.718
1666267200000,0.6997,0.7078,0.6948,0.7017,224579.78
1666281600000,0.7018,0.7018,0.6627,0.6735,333011.251
1666296000000,0.6731,0.6737,0.6595,0.6718,332298.927
1666310400000,0.6716,0.672,0.6556,0.6659,298924.93
1666324800000,0.6657,0.6674,0.6587,0.6601,327488.467
1666339200000,0.6601,0.6603,0.6356,0.6453,317122.888
1666353600000,0.6453,0.6726,0.6376,0.6726,357668.76
1666368000000,0.6724,0.7035,0.6665,0.7018,343610.806
1666382400000,0.7022,0.7484,0.7022,0.7302,318536.05
1666396800000,0.7305,0.7408,0.7151,0.7219,314166.056
1666411200000,0.7213,0.7263,0.7112,0.7204,255277.286
1666425600000,0.7204,0.7362,0.7187,0.7324,262122.324
1666440000000,0.7324,0.7361,0.724,0.7313,225649.79
1666454400000,0.7317,0.7431,0.7267,0.7337,331916.94
1666468800000,0.7339,0.7578,0.7311,0.7476,423487.378
1666483200000,0.7478,0.751,0.7346,0.7373,229446.155
1666497600000,0.7374,0.7587,0.7334,0.7471,192555.678
1666512000000,0.747,0.76,0.7361,0.7385,229927.559
1666526400000,0.7391,0.7653,0.7391,0.7607,392700.116
1666540800000,0.761,0.8739,0.7509,0.8316,1512288.414
1666555200000,0.8315,0.8576,0.8243,0.8306,672354.49
1666569600000,0.8309,0.8417,0.8086,0.8166,285862.218
1666584000000,0.8168,0.8182,0.794,0.8131,340530.902
1666598400000,0.8137,0.8354,0.8053,0.833,416339.74
1666612800000,0.8333,0.8502,0.811,0.8395,455606.03
1666627200000,0.8385,0.8853,0.8307,0.8694,676144.75
1666641600000,0.8704,0.8771,0.8389,0.8404,239578.423
1666656000000,0.841,0.8548,0.8296,0.8521,405591.893
1666670400000,0.8517,0.8656,0.8392,0.8412,309538.094
1666684800000,0.8412,0.8515,0.825,0.8482,260658.081
1666699200000,0.848,0.8994,0.8383,0.8901,1101653.74
1666713600000,0.8916,1.0542,0.877,1.0195,2763603.52
1666728000000,1.0195,1.0213,0.9694,0.974,635131.0
1666742400000,0.974,0.9918,0.9636,0.987,352566.41
1666756800000,0.9866,1.0178,0.9783,0.9994,721340.406
1666771200000,0.9988,1.0179,0.9879,1.0067,272642.494
1666785600000,1.0085,1.0742,0.9803,1.0461,1148311.247
1666800000000,1.0461,1.1187,1.0435,1.109,978246.976
1666814400000,1.1092,1.1813,1.1082,1.1152,931324.91
1666828800000,1.1151,1.1516,1.096,1.1097,558096.024
1666843200000,1.1097,1.1358,1.0951,1.1189,302779.544
1666857600000,1.1189,1.1311,1.0735,1.0907,484370.85
1666872000000,1.0906,1.1373,1.0876,1.0878,585534.044
1666886400000,1.0885,1.124,1.0767,1.1131,300373.424
1666900800000,1.1134,1.1134,1.0566,1.068,372976.305
1666915200000,1.0684,1.0885,1.0371,1.0518,348667.164
1666929600000,1.0516,1.0702,1.0338,1.0454,406262.525
1666944000000,1.0462,1.1157,1.0426,1.0782,495142.004
1666958400000,1.078,1.1563,1.065,1.1371,584415.885
1666972800000,1.1367,1.2309,1.1358,1.1799,607570.38
1666987200000,1.1803,1.1858,1.1469,1.1474,231154.733
1667001600000,1.1472,1.1687,1.1373,1.148,263112.777
1667016000000,1.148,1.148,1.1131,1.1337,264331.103
1667030400000,1.1339,1.2028,1.0996,1.1107,603608.84
1667044800000,1.1116,1.1353,1.0925,1.1039,421717.69
1667059200000,1.1036,1.1559,1.0633,1.0719,651617.3
1667073600000,1.0718,1.0926,1.0575,1.0837,285784.553
1667088000000,1.0837,1.1107,1.0663,1.1014,259723.004
1667102400000,1.1004,1.1186,1.0667,1.0869,328762.854
1667116800000,1.087,1.0887,1.0373,1.052,355570.973
1667131200000,1.0521,1.0523,1.0117,1.0124,356583.058
1667145600000,1.0129,1.0581,1.0124,1.0447,279738.922
1667160000000,1.0449,1.0526,1.0081,1.0423,314678.217
1667174400000,1.0425,1.0851,1.0218,1.0656,390154.875
1667188800000,1.065,1.0789,1.0269,1.0339,232398.465
1667203200000,1.0339,1.0689,1.0147,1.0479,282977.08
1667217600000,1.0477,1.0657,1.0039,1.0539,479390.18
1667232000000,1.0538,1.083,1.0367,1.0375,283465.805
1667246400000,1.0374,1.0484,1.0269,1.0354,175185.456
1667260800000,1.0354,1.0529,1.0268,1.0318,173144.943
1667275200000,1.0312,1.047,1.0202,1.0432,118078.815
1667289600000,1.0423,1.0653,1.0272,1.0312,340194.06
1667304000000,1.0312,1.0373,1.009,1.0154,165355.086
1667318400000,1.0158,1.0165,0.9915,0.997,162897.79
1667332800000,0.9971,1.0048,0.9928,1.0045,84995.838
1667347200000,1.0046,1.0358,0.9959,1.0147,490947.482
1667361600000,1.0148,1.0323,0.9715,0.9839,297442.925
1667376000000,0.9839,0.992,0.9455,0.9579,332457.482
1667390400000,0.9583,0.9805,0.9528,0.9731,136063.295
1667404800000,0.9737,1.0504,0.9677,1.0076,761648.942
1667419200000,1.0076,1.0389,0.9824,1.0284,141775.134
1667433600000,1.0284,1.0859,1.027,1.0782,368135.422
1667448000000,1.0783,1.1088,1.0578,1.058,369859.308
1667462400000,1.058,1.0655,1.0301,1.0392,130873.484
1667476800000,1.0398,1.1226,1.0322,1.1046,668973.08
1667491200000,1.1028,1.1385,1.1028,1.1192,276665.943
1667505600000,1.1194,1.153,1.0984,1.116,346304.896
1667520000000,1.1167,1.1548,1.098,1.1182,244902.44
1667534400000,1.1185,1.2978,1.1043,1.2824,736686.0
1667548800000,1.2816,1.2841,1.1922,1.1963,452207.537
1667563200000,1.1975,1.3954,1.1959,1.3009,993765.47
1667577600000,1.3014,1.3622,1.2919,1.3613,245797.278
1667592000000,1.3614,1.365,1.3082,1.3615,203552.981
1667606400000,1.3606,1.3644,1.2831,1.3072,258936.322
1667620800000,1.3069,1.3412,1.2931,1.3215,241640.009
1667635200000,1.322,1.4128,1.2684,1.3974,716917.748
1667649600000,1.3978,1.4051,1.3413,1.3633,750637.684
1667664000000,1.364,1.3769,1.307,1.3099,291883.967
1667678400000,1.3101,1.319,1.2779,1.3164,236188.376
1667692800000,1.3164,1.3314,1.272,1.3035,261538.81
1667707200000,1.3034,1.3235,1.2798,1.2973,144933.441
1667721600000,1.2975,1.3339,1.2543,1.2546,282890.876
1667736000000,1.2553,1.3337,1.2517,1.3161,268953.974
1667750400000,1.3152,1.3581,1.2953,1.3138,427780.917
1667764800000,1.3137,1.3473,1.2686,1.286,381305.892
1667779200000,1.285,1.3395,1.2689,1.2924,498602.9
1667793600000,1.2913,1.2946,1.207,1.2079,361806.93
1667808000000,1.2081,1.2513,1.2056,1.2365,194722.025
1667822400000,1.2366,1.2767,1.2195,1.2733,319040.505
1667836800000,1.2732,1.3658,1.2541,1.3656,406959.594
1667851200000,1.3659,1.3873,1.3048,1.3103,451264.15
1667865600000,1.3105,1.3239,1.1509,1.158,526306.88
1667880000000,1.157,1.1882,1.0841,1.183,864672.775
1667894400000,1.1831,1.1939,1.1449,1.1645,299372.778
1667908800000,1.1641,1.1753,1.1173,1.1537,319073.62
1667923200000,1.1532,1.2525,0.8638,0.9723,1796282.11
1667937600000,0.9707,0.983,0.936,0.9671,403246.335
1667952000000,0.9665,0.9733,0.8979,0.9299,252808.408
1667966400000,0.9296,0.9557,0.9095,0.9195,243790.599
1667980800000,0.9196,0.9203,0.8169,0.8715,740969.484
1667995200000,0.871,0.9125,0.8384,0.8471,451618.969
1668009600000,0.8461,0.8985,0.8331,0.8773,331656.663
1668024000000,0.8775,0.8992,0.764,0.7815,389836.293
1668038400000,0.782,0.8783,0.7685,0.8678,286346.516
1668052800000,0.868,0.9135,0.8544,0.8913,361801.861
1668067200000,0.8917,0.9085,0.858,0.8787,341807.265
1668081600000,0.8775,1.0847,0.8766,1.0514,295031.944
1668096000000,1.0516,1.0981,1.0291,1.0647,207875.903
1668110400000,1.0641,1.0641,1.0204,1.0414,164302.6165
1668124800000,1.0414,1.0571,0.9438,0.959,96740.487
1668139200000,0.959,1.011,0.952,1.0032,77896.39
1668153600000,1.0033,1.0364,0.9993,1.0142,83557.251
1668168000000,1.0143,1.0573,0.9118,0.96,250569.808
1668182400000,0.9602,0.9977,0.9347,0.9797,95506.568
1668196800000,0.9793,1.0232,0.949,1.0228,139845.781
1668211200000,1.0228,1.0239,0.9522,0.9614,120219.501
1668225600000,0.9612,0.9648,0.915,0.948,142708.371
1668240000000,0.9481,0.9576,0.9324,0.9431,83455.838
1668254400000,0.9416,0.9509,0.9202,0.9465,72181.787
1668268800000,0.9471,0.9611,0.932,0.9369,58361.89
1668283200000,0.9359,0.9367,0.9077,0.9196,76820.58
1668297600000,0.9198,0.9473,0.9165,0.9408,61645.752
1668312000000,0.941,0.9521,0.9033,0.9185,78123.118
1668326400000,0.9184,0.9184,0.8775,0.911,102537.225
1668340800000,0.9112,0.9333,0.9033,0.9136,77796.56
1668355200000,0.9137,0.9154,0.8823,0.895,66388.623
1668369600000,0.8941,0.9046,0.8725,0.9022,100304.839
1668384000000,0.9023,0.9127,0.8371,0.8648,135057.902
1668398400000,0.8641,0.9507,0.8504,0.9456,102180.999
1668412800000,0.946,0.9707,0.9315,0.9442,75495.67
1668427200000,0.9443,0.9813,0.9245,0.9312,69679.713
1668441600000,0.9318,0.9435,0.9076,0.9091,79500.894
1668456000000,0.9087,0.9271,0.9049,0.9254,70688.541
1668470400000,0.9258,0.9414,0.912,0.9321,59240.983
1668484800000,0.9324,0.9398,0.9196,0.938,59086.701
1668499200000,0.9384,0.9414,0.9146,0.9185,68853.076
1668513600000,0.9191,0.9509,0.9159,0.9358,76779.755
1668528000000,0.9355,0.9509,0.9022,0.9154,113141.221
1668542400000,0.9156,0.9357,0.9099,0.9357,60279.128
1668556800000,0.9356,0.9596,0.9276,0.9452,76396.944
1668571200000,0.9454,0.9477,0.9302,0.9304,55293.172
1668585600000,0.9304,0.9308,0.9027,0.9072,70298.137
1668600000000,0.9074,0.9094,0.8751,0.8827,69885.752
1668614400000,0.8825,0.9022,0.8731,0.8938,55929.136
1668628800000,0.8931,0.9049,0.8865,0.8985,82149.051
1668643200000,0.8983,0.9069,0.8843,0.8853,60180.735
1668657600000,0.8857,0.8965,0.8741,0.8955,58527.882
1668672000000,0.8955,0.9011,0.8783,0.8918,57903.0065
1668686400000,0.8923,0.8998,0.8666,0.8845,62984.113
1668700800000,0.8855,0.9003,0.8823,0.8908,58712.779
1668715200000,0.8904,0.8996,0.8871,0.8881,56345.388
1668729600000,0.8886,0.9266,0.8878,0.9237,56997.176
1668744000000,0.9241,0.925,0.9045,0.905,439685.224
1668758400000,0.905,0.9075,0.8946,0.9051,1245759.06
1668772800000,0.9051,0.9167,0.8905,0.9112,1045469.13
1668787200000,0.9112,0.9246,0.8794,0.8967,1027208.79
1668801600000,0.8967,0.9205,0.8963,0.9148,1021746.1
1668816000000,0.9148,0.9188,0.8915,0.8959,924977.57
1668830400000,0.8959,0.9075,0.8854,0.8977,779490.517
1668844800000,0.8977,0.8996,0.8895,0.8964,102082.953
1668859200000,0.8964,0.9265,0.892,0.9099,110165.58
1668873600000,0.9099,0.9195,0.9065,0.9143,102915.198
1668888000000,0.9143,0.9408,0.9131,0.9318,109809.974
1668902400000,0.9318,0.9432,0.9254,0.9265,88922.838
1668916800000,0.9265,0.9344,0.9254,0.9336,80594.236
1668931200000,0.9336,0.9345,0.8876,0.8877,98071.794
1668945600000,0.8877,0.9025,0.8854,0.8965,69173.439
1668960000000,0.8965,0.8967,0.8783,0.8878,79191.5
1668974400000,0.8878,0.887,0.8424,0.8473,96747.127
1668988800000,0.8473,0.8485,0.8054,0.8244,99889.37
1669003200000,0.8244,0.8383,0.8226,0.824,172025.563
1669017600000,0.824,0.8347,0.8203,0.8326,121816.966
1669032000000,0.8326,0.8527,0.8292,0.8374,80832.105
1669046400000,0.8374,0.8475,0.8004,0.8132,88100.941
1669060800000,0.8132,0.8516,0.8134,0.8472,85528.355
1669075200000,0.8472,0.8626,0.8394,0.8394,79091.212
1669089600000,0.8394,0.8417,0.8072,0.8184,114587.212
1669104000000,0.8184,0.8276,0.8065,0.8232,105961.16
1669118400000,0.8232,0.8745,0.817,0.8682,77515.253
1669132800000,0.8682,0.8741,0.8434,0.8474,85565.735
1669147200000,0.8474,0.8626,0.8412,0.8626,102752.774
1669161600000,0.8626,0.8849,0.8443,0.8841,179209.261
1669176000000,0.8841,0.8915,0.8724,0.8866,122069.91
1669190400000,0.8866,0.9417,0.8841,0.9225,123098.508
1669204800000,0.9225,0.9489,0.9045,0.9278,93325.319
1669219200000,0.9278,0.9311,0.9075,0.9133,92827.711
1669233600000,0.9133,0.9357,0.9076,0.9322,73015.083
1669248000000,0.9322,0.9495,0.9174,0.9333,130770.823
1669262400000,0.9333,0.9524,0.9175,0.938,94121.414
1669276800000,0.938,0.9482,0.9195,0.9294,104055.338
1669291200000,0.9294,0.9674,0.93,0.955,95905.832
1669305600000,0.955,0.9645,0.9345,0.9425,78124.568
1669320000000,0.9425,0.9555,0.9316,0.946,90717.037
1669334400000,0.946,0.9466,0.9144,0.9231,102277.305
1669348800000,0.9231,0.9311,0.9115,0.9233,123883.699
1669363200000,0.9233,0.9395,0.9145,0.9275,145087.139
1669377600000,0.9275,0.9395,0.9125,0.9179,125800.777
1669392000000,0.9179,0.9179,0.9065,0.9138,112454.331
1669406400000,0.9138,0.9225,0.9119,0.9216,127642.343
1669420800000,0.9216,0.9424,0.9193,0.9354,127458.485
1669435200000,0.9354,0.9415,0.9275,0.9308,156580.875
1669449600000,0.9308,0.9464,0.9295,0.9353,121657.664
1669464000000,0.9353,0.9415,0.9075,0.9133,128240.026
1669478400000,0.9133,0.9162,0.8968,0.9032,118357.486
1669492800000,0.9032,0.9096,0.8975,0.9076,80543.34
1669507200000,0.9076,0.9185,0.8975,0.9185,156147.864
1669521600000,0.9185,0.9245,0.9126,0.9179,196108.292
1669536000000,0.9179,0.9206,0.9085,0.913,102000.686
1669550400000,0.913,0.9205,0.9025,0.9111,103735.169
1669564800000,0.9111,0.9185,0.9005,0.9052,164552.507
1669579200000,0.9052,0.9145,0.8795,0.8835,130712.916
1669593600000,0.8835,0.8906,0.8394,0.8597,125927.636
1669608000000,0.8597,0.8678,0.8543,0.8672,102256.761
1669622400000,0.8672,0.8704,0.8554,0.8606,105410.729
1669636800000,0.8606,0.8725,0.8486,0.857,104894.094
1669651200000,0.857,0.8784,0.8486,0.8616,99384.863
1669665600000,0.8616,0.8775,0.8596,0.8723,106452.431
1669680000000,0.8723,0.887,0.8604,0.8846,133974.543
1669694400000,0.8846,0.8966,0.8839,0.8896,105007.474
1669708800000,0.8896,0.9063,0.8903,0.8938,112848.152
1669723200000,0.8938,0.8959,0.8816,0.8887,106972.517
1669737600000,0.8887,0.8936,0.8804,0.8916,111249.687
1669752000000,0.8916,0.8998,0.8915,0.8919,93749.607
1669766400000,0.8919,0.9464,0.8952,0.9399,131508.83
1669780800000,0.9399,0.9604,0.9369,0.9597,135895.716
1669795200000,0.9597,0.9676,0.9417,0.9648,90987.187
1669809600000,0.9648,0.9786,0.9566,0.9654,112209.176
1669824000000,0.9654,0.9935,0.9466,0.9803,131805.323
1669838400000,0.9803,1.0155,0.9795,1.0018,98716.094
1669852800000,1.0018,1.0743,0.9985,1.0555,212697.452
1669867200000,1.0555,1.0558,1.0335,1.0465,130525.025
1669881600000,1.0465,1.0678,1.0426,1.0545,107705.295
1669896000000,1.0545,1.0874,1.0335,1.0415,137068.249
1669910400000,1.0415,1.0696,1.0335,1.0607,104947.936
1669924800000,1.0607,1.0765,1.0487,1.0581,75041.798
1669939200000,1.0581,1.0974,1.0356,1.0413,122032.401
1669953600000,1.0413,1.0675,1.0423,1.0438,102118.975
1669968000000,1.0438,1.0825,1.0393,1.0715,124141.364
1669982400000,1.0715,1.1075,1.056,1.0888,174178.004
1669996800000,1.0888,1.1404,1.0832,1.1005,164618.536
1670011200000,1.1005,1.1324,1.0988,1.1077,97968.982
1670025600000,1.1077,1.1142,1.0725,1.0842,116988.481
1670040000000,1.0842,1.0971,1.0785,1.0835,107661.656
1670054400000,1.0835,1.0835,1.0595,1.063,89110.066
1670068800000,1.063,1.0731,1.0605,1.0652,124875.857
1670083200000,1.0652,1.0645,1.0476,1.0503,102525.615
1670097600000,1.0503,1.0605,1.0376,1.0405,103858.75
1670112000000,1.0405,1.0592,1.0356,1.0422,145390.718
1670126400000,1.0422,1.0575,1.041,1.0464,112313.294
1670140800000,1.0464,1.0575,1.017,1.0216,146928.24
1670155200000,1.0216,1.0305,1.0144,1.0296,140293.141
1670169600000,1.0296,1.0575,1.0267,1.0537,83867.858
1670184000000,1.0537,1.0728,1.0472,1.0702,106322.592
1670198400000,1.0702,1.0838,1.0595,1.0717,82297.933
1670212800000,1.0717,1.0825,1.0665,1.0773,104775.341
1670227200000,1.0773,1.0915,1.0736,1.088,91776.171
1670241600000,1.088,1.0955,1.0405,1.0443,103115.248
1670256000000,1.0443,1.0445,1.0035,1.0084,82291.088
1670270400000,1.0084,1.0305,1.0075,1.0276,98204.902
1670284800000,1.0276,1.0375,1.0226,1.0255,138983.734
1670299200000,1.0255,1.0274,1.0155,1.0242,109873.41
1670313600000,1.0242,1.0335,1.0176,1.0299,122805.387
1670328000000,1.0299,1.0645,1.0285,1.05,63494.888
1670342400000,1.05,1.0645,1.0305,1.0334,78985.931
1670356800000,1.0334,1.0678,1.0286,1.0595,92880.502
1670371200000,1.0595,1.0703,1.0516,1.0516,146799.304
1670385600000,1.0516,1.0538,0.9915,0.9962,116064.975
1670400000000,0.9962,1.0315,0.9946,1.0204,70940.15
1670414400000,1.0204,1.0465,1.0196,1.0417,108492.381
1670428800000,1.0417,1.0439,1.0264,1.0282,141200.221
1670443200000,1.0282,1.0355,1.0195,1.0235,86283.681
1670457600000,1.0235,1.0367,1.0095,1.0155,127803.318
1670472000000,1.0155,1.0245,1.0055,1.0225,154054.498
1670486400000,1.0225,1.0255,1.0005,1.0215,106335.613
1670500800000,1.0215,1.0417,1.0135,1.0374,97819.619
1670515200000,1.0374,1.0707,1.0175,1.0614,109336.437
1670529600000,1.0614,1.0925,1.0605,1.0804,94480.669
1670544000000,1.0804,1.0993,1.0667,1.0959,129964.279
1670558400000,1.0959,1.1095,1.0825,1.1095,100306.616
1670572800000,1.1095,1.1083,1.0897,1.1045,107764.319
1670587200000,1.1045,1.1183,1.0758,1.1015,106692.096
1670601600000,1.1015,1.1085,1.0774,1.0868,105767.596
1670616000000,1.0868,1.0885,1.0595,1.0684,110242.536
1670630400000,1.0684,1.0864,1.0605,1.0751,176658.824
1670644800000,1.0751,1.0765,1.0544,1.0634,138429.118
1670659200000,1.0634,1.0725,1.0525,1.0663,122071.36
1670673600000,1.0663,1.0765,1.0584,1.0761,83368.932
1670688000000,1.0761,1.0785,1.0534,1.0539,127366.476
1670702400000,1.0539,1.0539,1.0404,1.0483,119749.81
1670716800000,1.0483,1.0495,1.0453,1.0473,100514.533
1670731200000,1.0473,1.0664,1.0484,1.0533,140419.968
1670745600000,1.0533,1.054,1.0423,1.0471,98696.051
1670760000000,1.0471,1.0545,1.0315,1.0374,132114.367
1670774400000,1.0374,1.0508,1.0345,1.0471,142630.488
1670788800000,1.0471,1.0444,1.0143,1.0148,141699.886
1670803200000,1.0148,1.0327,0.9915,1.0097,108699.78
1670817600000,1.0097,1.0105,0.9875,0.9982,80088.438
1670832000000,0.9982,1.0254,0.997,1.025,115033.445
1670846400000,1.025,1.0366,1.0155,1.0262,136342.135
1670860800000,1.0262,1.0308,1.0095,1.0148,124839.193
1670875200000,1.0148,1.0457,1.0142,1.0457,129323.975
1670889600000,1.0457,1.0495,1.0235,1.0235,118373.665
1670904000000,1.0235,1.0335,0.9985,1.0136,147740.86
1670918400000,1.0136,1.0396,1.0084,1.0354,147399.432
1670932800000,1.0354,1.1519,1.0336,1.1306,209632.768
1670947200000,1.1306,1.1416,1.1167,1.1246,176083.329
1670961600000,1.1246,1.1454,1.1186,1.1381,104923.513
1670976000000,1.1381,1.1566,1.1305,1.1336,120764.986
1670990400000,1.1336,1.1864,1.1326,1.1711,145549.708
1671004800000,1.1711,1.1766,1.1634,1.1736,112467.832
1671019200000,1.1736,1.1934,1.1675,1.1815,139268.13
1671033600000,1.1815,1.1905,1.1456,1.1656,151195.936
1671048000000,1.1656,1.179,1.1466,1.1471,135649.712
1671062400000,1.1471,1.1664,1.1186,1.1447,163248.957
1671076800000,1.1447,1.1449,1.1234,1.1278,163561.494
1671091200000,1.1278,1.1357,1.1065,1.1181,192802.498
1671105600000,1.1181,1.1206,1.0906,1.0967,121948.574
1671120000000,1.0967,1.0977,1.0708,1.0738,177416.127
1671134400000,1.0738,1.0747,1.0445,1.0671,167725.135
1671148800000,1.0671,1.0747,1.0533,1.0742,196107.275
1671163200000,1.0742,1.0855,1.0615,1.0855,177658.387
1671177600000,1.0855,1.0866,1.0205,1.0335,165208.636
1671192000000,1.0335,1.0423,1.0075,1.03,167739.807
1671206400000,1.03,1.0306,0.9965,1.0285,144844.731
1671220800000,1.0285,1.0369,0.9195,0.9458,170100.054
1671235200000,0.9458,0.9585,0.9194,0.942,147430.773
1671249600000,0.942,0.9464,0.9237,0.943,147145.011
1671264000000,0.943,0.9432,0.9177,0.9247,157211.124
1671278400000,0.9247,0.9285,0.9045,0.9186,168591.265
1671292800000,0.9186,0.9195,0.8985,0.9072,124185.908
1671307200000,0.9072,0.9485,0.9036,0.9464,138406.964
1671321600000,0.9464,0.9495,0.9305,0.9487,126039.758
1671336000000,0.9487,0.9606,0.9413,0.9414,124505.306
1671350400000,0.9414,0.9435,0.928,0.9407,136326.396
1671364800000,0.9407,0.9515,0.925,0.9276,128143.542
1671379200000,0.9276,0.9444,0.9235,0.9271,180638.499
1671393600000,0.9271,0.9424,0.9226,0.9264,133716.631
1671408000000,0.9264,0.9448,0.9105,0.916,123424.5
1671422400000,0.916,0.9293,0.9164,0.9221,136855.358
1671436800000,0.9221,0.9445,0.9223,0.9329,127660.527
1671451200000,0.9329,0.9445,0.9226,0.9231,121174.748
1671465600000,0.9231,0.928,0.8997,0.9071,114162.657
1671480000000,0.9071,0.9099,0.8664,0.8829,134527.026
1671494400000,0.8829,0.9354,0.8789,0.9285,170122.615
1671508800000,0.9285,0.9542,0.925,0.9542,204789.363
1671523200000,0.9542,0.9744,0.9497,0.9632,144268.633
1671537600000,0.9632,0.9803,0.9527,0.9685,129574.769
1671552000000,0.9685,0.9694,0.9525,0.9668,148765.553
1671566400000,0.9668,0.9803,0.9615,0.9727,110287.976
1671580800000,0.9727,0.976,0.9565,0.9625,130439.32
1671595200000,0.9625,0.9731,0.9476,0.9683,142590.142
1671609600000,0.9683,0.9782,0.9635,0.9775,127549.113
1671624000000,0.9775,0.9794,0.9624,0.9737,152938.412
1671638400000,0.9737,0.9742,0.9535,0.9541,138377.537
1671652800000,0.9541,0.9635,0.9505,0.9631,132798.268
1671667200000,0.9631,0.9665,0.9386,0.947,157560.318
1671681600000,0.947,0.9475,0.9355,0.9445,122152.314
1671696000000,0.9445,0.9543,0.9398,0.9415,110199.435
1671710400000,0.9415,0.9431,0.9055,0.9067,145060.957
1671724800000,0.9067,0.9127,0.9015,0.9118,114903.088
1671739200000,0.9118,0.9524,0.9104,0.949,131602.73
1671753600000,0.949,0.9654,0.9455,0.9548,110674.152
1671768000000,0.9548,0.9567,0.9483,0.9527,115107.282
1671782400000,0.9527,0.9605,0.9455,0.9596,113835.424
1671796800000,0.9596,0.9642,0.9484,0.9565,156651.701
1671811200000,0.9565,0.9621,0.9555,0.9587,81715.547
1671825600000,0.9587,0.9615,0.9515,0.9531,98425.218
1671840000000,0.9531,0.9595,0.9455,0.9495,97407.677
1671854400000,0.9495,0.9515,0.9325,0.9385,220239.493
1671868800000,0.9385,0.9412,0.9285,0.9337,221281.58
1671883200000,0.9337,0.9394,0.9311,0.9394,163411.386
1671897600000,0.9394,0.9377,0.9315,0.9356,152102.772
1671912000000,0.9356,0.937,0.9286,0.9315,163472.876
1671926400000,0.9315,0.937,0.9293,0.9327,166692.004
1671940800000,0.9327,0.9345,0.9284,0.9298,192903.434
1671955200000,0.9298,0.9323,0.9205,0.925,201847.4
1671969600000,0.925,0.9255,0.9063,0.9138,200705.437
1671984000000,0.9138,0.9196,0.9097,0.9196,200299.079
1671998400000,0.9196,0.9345,0.9157,0.9345,174857.863
1672012800000,0.9345,0.9415,0.9328,0.937,187082.341
1672027200000,0.937,0.9375,0.9269,0.9306,175529.936
1672041600000,0.9306,0.9382,0.9223,0.9337,193137.649
1672056000000,0.9337,0.9359,0.9292,0.9322,189497.208
1672070400000,0.9322,0.9388,0.9308,0.9359,184211.48
1672084800000,0.9359,0.9495,0.9341,0.9495,199545.834
1672099200000,0.9495,0.9525,0.9376,0.9415,248116.054
1672113600000,0.9415,0.9441,0.9381,0.9435,318918.061
1672128000000,0.9435,0.9625,0.9409,0.9525,326872.128
1672142400000,0.9525,0.9587,0.9404,0.9465,366750.451
1672156800000,0.9465,0.9473,0.925,0.9311,365577.306
1672171200000,0.9311,0.9424,0.9295,0.94,339036.749
1672185600000,0.94,0.9432,0.9105,0.9144,375346.34
1672200000000,0.9144,0.9165,0.8928,0.9063,433331.831
1672214400000,0.9063,0.9082,0.8975,0.9055,390873.356
1672228800000,0.9055,0.9215,0.8949,0.9035,427039.486
1672243200000,0.9035,0.9186,0.9022,0.9082,410504.764
1672257600000,0.9082,0.913,0.8895,0.8975,414189.51
1672272000000,0.8975,0.9017,0.8824,0.8986,406029.836
1672286400000,0.8986,0.9038,0.8956,0.9005,404541.785
1672300800000,0.9005,0.917,0.8949,0.9159,365972.08
1672315200000,0.9159,0.9216,0.9105,0.9126,367362.756
1672329600000,0.9126,0.9191,0.9105,0.9131,390831.105
1672344000000,0.9131,0.9185,0.8965,0.9149,414010.726
1672358400000,0.9149,0.9163,0.9036,0.9082,413641.683
1672372800000,0.9082,0.9125,0.8965,0.9013,424583.78
1672387200000,0.9013,0.9076,0.8998,0.9035,421018.48
1672401600000,0.9035,0.9115,0.8955,0.911,440335.694
1672416000000,0.911,0.9137,0.9076,0.9085,417543.105
1672430400000,0.9085,0.9175,0.9077,0.913,429060.724
1672444800000,0.913,0.9135,0.9075,0.9082,421282.128
1672459200000,0.9082,0.913,0.9075,0.912,424577.225
1672473600000,0.912,0.9157,0.9097,0.913,415628.96
1672488000000,0.913,0.9355,0.9132,0.9262,420791.27
1672502400000,0.9262,0.9285,0.9208,0.9275,414768.106
1672516800000,0.9275,0.9275,0.9143,0.917,405887.72
1672531200000,0.917,0.9185,0.9105,0.9135,434047.2
1672545600000,0.9135,0.9157,0.9104,0.9152,413357.61
1672560000000,0.9152,0.9188,0.9115,0.9173,429813.875
1672574400000,0.9173,0.9208,0.9155,0.9184,425540.502
1672588800000,0.9184,0.9296,0.9175,0.9265,420591.2
1672603200000,0.9265,0.9315,0.9224,0.9241,286810.031
1672617600000,0.9241,0.9241,0.9105,0.9218,334768.386
1672632000000,0.9218,0.9455,0.9185,0.9424,291433.778
1672646400000,0.9424,0.9585,0.9395,0.9507,342327.925
1672660800000,0.9507,0.9575,0.9465,0.9535,323976.955
1672675200000,0.9535,0.9675,0.9519,0.9653,309914.945
1672689600000,0.9653,0.9755,0.9575,0.958,316487.205
1672704000000,0.958,0.9667,0.9525,0.9606,312071.67
1672718400000,0.9606,0.9755,0.9577,0.9694,292085.944
1672732800000,0.9694,0.9719,0.9575,0.9659,259919.111
1672747200000,0.9659,0.9844,0.9618,0.9713,364546.148
1672761600000,0.9713,0.9733,0.9465,0.9493,309072.817
1672776000000,0.9493,0.962,0.9515,0.957,331599.676
1672790400000,0.957,1.0205,0.9535,1.019,348161.395
1672804800000,1.019,1.0335,1.0094,1.0275,322431.364
1672819200000,1.0275,1.0405,1.0216,1.0367,344361.594
1672833600000,1.0367,1.0496,1.0225,1.049,322152.995
1672848000000,1.049,1.0564,1.0176,1.0206,352153.086
1672862400000,1.0206,1.0396,1.0115,1.03,282180.633
1672876800000,1.03,1.0415,1.0236,1.0284,289987.77
1672891200000,1.0284,1.0416,1.0176,1.0195,357080.734
1672905600000,1.0195,1.0275,1.0096,1.0275,289655.326
1672920000000,1.0275,1.0285,1.0112,1.021,304029.525
1672934400000,1.021,1.034,1.0144,1.0329,267415.65
1672948800000,1.0329,1.0383,1.0135,1.0242,293752.636
1672963200000,1.0242,1.0423,1.0212,1.0335,291625.332
1672977600000,1.0335,1.0383,1.0145,1.0215,276436.813
1672992000000,1.0215,1.0255,0.9835,0.9915,329527.085
1673006400000,0.9915,1.0395,0.9869,1.0395,358444.66
1673020800000,1.0395,1.0976,1.0293,1.0937,396574.679
1673035200000,1.0937,1.0993,1.0745,1.0861,325886.93
1673049600000,1.0861,1.1324,1.0818,1.1015,299527.37
1673064000000,1.1015,1.1068,1.0875,1.1045,205045.856
1673078400000,1.1045,1.1105,1.0945,1.104,162002.029
1673092800000,1.104,1.1277,1.0965,1.1198,230864.451
1673107200000,1.1198,1.1179,1.0795,1.0855,244377.554
1673121600000,1.0855,1.0955,1.0825,1.095,211537.724
1673136000000,1.095,1.0993,1.0661,1.0935,264966.768
1673150400000,1.0935,1.1124,1.0909,1.1078,189379.52
1673164800000,1.1078,1.1114,1.0955,1.1045,196890.541
1673179200000,1.1045,1.1504,1.1005,1.1484,326633.343
1673193600000,1.1484,1.1466,1.1238,1.1348,265920.745
1673208000000,1.1348,1.2754,1.137,1.2617,1029626.67
1673222400000,1.2617,1.2767,1.2347,1.253,491484.123
1673236800000,1.253,1.3541,1.2558,1.3132,418314.96
1673251200000,1.3132,1.3402,1.2827,1.2827,358876.644
1673265600000,1.2827,1.3542,1.286,1.3374,417693.305
1673280000000,1.3374,1.3624,1.2516,1.2516,409747.32
1673294400000,1.2516,1.2645,1.2377,1.2518,327982.425
1673308800000,1.2518,1.2744,1.2095,1.2492,353717.49
1673323200000,1.2492,1.2734,1.2408,1.2498,296672.88
1673337600000,1.2498,1.283,1.24,1.2536,164993.895
1673352000000,1.2536,1.2767,1.2377,1.2684,25298.8149
1673366400000,1.2684,1.2924,1.2518,1.2893,23340.5425
1673380800000,1.2893,1.2865,1.2465,1.2642,43800.2483
1673395200000,1.2642,1.2924,1.2377,1.2506,52319.4055
1673409600000,1.2506,1.2844,1.24,1.2836,215177.122
1673424000000,1.2836,1.2944,1.2577,1.2632,285602.714
1673438400000,1.2632,1.266,1.2096,1.2157,310122.05
1673452800000,1.2157,1.2492,1.2018,1.2475,337581.63
1673467200000,1.2475,1.2984,1.2354,1.2796,397733.864
1673481600000,1.2796,1.3903,1.2726,1.3417,700951.036
1673496000000,1.3417,1.3461,1.3046,1.3135,295025.873
1673510400000,1.3135,1.3117,1.2717,1.2874,226669.383
1673524800000,1.2874,1.3425,1.2347,1.2714,625968.35
1673539200000,1.2714,1.3919,1.2606,1.3815,589113.161
1673553600000,1.3815,1.422,1.3727,1.3897,468229.133
1673568000000,1.3897,1.4184,1.3636,1.4184,459601.406
1673582400000,1.4184,1.4272,1.3817,1.3988,315542.295
1673596800000,1.3988,1.4675,1.3923,1.4417,418770.089
1673611200000,1.4417,1.5702,1.4221,1.5369,481243.04
1673625600000,1.5369,1.6042,1.5178,1.5795,365206.795
1673640000000,1.5795,1.6803,1.5608,1.5925,245812.348
1673654400000,1.5925,1.6902,1.564,1.5911,427022.77
1673668800000,1.5911,1.6385,1.566,1.5938,132178.656
1673683200000,1.5938,1.644,1.4816,1.6202,345360.816
1673697600000,1.6202,1.7839,1.6118,1.7598,535774.756
1673712000000,1.7598,1.7913,1.6738,1.6795,231671.922
1673726400000,1.6795,1.7505,1.6771,1.724,151764.759
1673740800000,1.724,1.7431,1.6488,1.6915,259695.813
1673755200000,1.6915,1.712,1.6478,1.6762,121195.288
1673769600000,1.6762,1.6915,1.6176,1.6811,185847.428
1673784000000,1.6811,1.875,1.6708,1.8399,428024.1
1673798400000,1.8399,1.8764,1.8006,1.8492,230969.017
1673812800000,1.8492,1.8859,1.8179,1.8214,184111.658
1673827200000,1.8214,1.8491,1.7638,1.7752,198313.542
1673841600000,1.7752,1.8161,1.7671,1.771,116990.97
1673856000000,1.771,1.8822,1.6903,1.808,190919.011
1673870400000,1.808,1.8445,1.7259,1.8153,86617.547
1673884800000,1.8153,1.8746,1.787,1.8161,59647.3228
1673899200000,1.8161,1.85,1.7859,1.7927,19638.5204
1673913600000,1.7927,1.8411,1.7628,1.7927,46883.9658
1673928000000,1.7927,1.8734,1.7924,1.8321,49085.002
1673942400000,1.8321,1.9021,1.8231,1.8668,107232.391
1673956800000,1.8668,1.8674,1.7859,1.7959,91512.371
1673971200000,1.7959,1.8072,1.7678,1.7984,37243.093
1673985600000,1.7984,1.8046,1.73,1.7337,59962.7272
1674000000000,1.7337,1.7899,1.7352,1.7678,24385.0319
1674014400000,1.7678,1.7959,1.7389,1.7398,23981.6822
1674028800000,1.7398,1.7398,1.6959,1.7046,40498.14
1674043200000,1.7046,1.7722,1.5941,1.6542,61323.7166
1674057600000,1.6542,1.7452,1.5783,1.7008,74108.0456
1674072000000,1.7008,1.7112,1.6527,1.6626,19568.308
1674086400000,1.6626,1.7214,1.661,1.7046,27458.0821
1674100800000,1.7046,1.7411,1.7057,1.712,26573.5449
1674115200000,1.712,1.7195,1.6318,1.6397,37391.6533
1674129600000,1.6397,1.7084,1.6248,1.6872,52838.8843
1674144000000,1.6872,1.7359,1.6873,1.73,21452.8352
1674158400000,1.73,1.7624,1.7088,1.7481,25507.216
1674172800000,1.7481,1.8261,1.7178,1.7898,60316.3993
1674187200000,1.7898,1.803,1.7578,1.7728,17576.3968
1674201600000,1.7728,1.7839,1.7539,1.757,25753.4415
1674216000000,1.757,1.8021,1.7463,1.79,42634.4453
1674230400000,1.79,1.9801,1.7783,1.9658,55282.501
1674244800000,1.9658,2.1686,1.9499,2.1425,108148.797
1674259200000,2.1425,2.1862,2.0683,2.155,47177.008
1674273600000,2.155,2.4337,2.143,2.3711,190670.861
1674288000000,2.3711,2.4607,2.255,2.4071,104368.8835
1674302400000,2.4071,2.4779,2.2843,2.2939,60340.974
1674316800000,2.2939,2.3789,2.2621,2.3221,59857.935
1674331200000,2.3221,2.3707,2.1922,2.2004,38108.46
1674345600000,2.2004,2.2566,2.2004,2.2259,20166.0284
1674360000000,2.2259,2.4978,2.2236,2.3393,83555.023
1674374400000,2.3393,2.3539,2.2708,2.3216,49259.9269
1674388800000,2.3216,2.327,2.2236,2.277,42831.7246
1674403200000,2.277,2.3459,2.2236,2.2289,37092.7802
1674417600000,2.2289,2.2319,2.1144,2.18,38154.344
1674432000000,2.18,2.2839,2.1652,2.2349,32123.2696
1674446400000,2.2349,2.3227,2.216,2.2405,22552.3797
1674460800000,2.2405,2.2728,2.201,2.2251,26316.336
1674475200000,2.2251,2.2269,2.087,2.154,99702.034
1674489600000,2.154,2.1854,2.108,2.1299,28437.2677
1674504000000,2.1299,2.191,2.1261,2.169,19734.9861
1674518400000,2.169,2.2974,2.1271,2.2864,35780.5933
1674532800000,2.2864,2.3624,2.2483,2.2501,36007.0627
1674547200000,2.2501,2.2627,2.1573,2.182,47775.9663
1674561600000,2.182,2.2024,2.136,2.162,19179.745
1674576000000,2.162,2.2309,2.1161,2.1482,24801.3642
1674590400000,2.1482,2.1499,1.9369,1.9924,42962.8466
1674604800000,1.9924,2.0256,1.9322,2.021,36173.8564
1674619200000,2.021,2.073,2.0043,2.061,55242.4439
1674633600000,2.061,2.0662,1.9719,1.9749,31915.127
1674648000000,1.9749,2.2759,1.9741,2.2148,190063.975
1674662400000,2.2148,2.4241,2.2104,2.3791,115991.778
1674676800000,2.3791,2.551,2.3141,2.3789,109879.98
1674691200000,2.3789,2.4289,2.3179,2.3661,38770.125
1674705600000,2.3661,2.4967,2.3251,2.3344,106542.685
1674720000000,2.3344,2.3668,2.2332,2.2771,43856.1893
1674734400000,2.2771,2.3779,2.1881,2.192,65536.126
1674748800000,2.192,2.231,2.1421,2.2088,56137.2037
1674763200000,2.2088,2.2349,2.187,2.2187,16608.8882
1674777600000,2.2187,2.2289,2.103,2.15,36910.1985
1674792000000,2.15,2.1971,2.133,2.159,22575.2501
1674806400000,2.159,2.1948,2.1271,2.1601,20809.5861
1674820800000,2.1601,2.3171,2.113,2.2457,58146.2613
1674835200000,2.2457,2.3767,2.2391,2.3393,49608.787
1674849600000,2.3393,2.3579,2.2621,2.2769,19726.3529
1674864000000,2.2769,2.373,2.2549,2.3052,26976.4298
1674878400000,2.3052,2.3271,2.195,2.2249,21161.9834
1674892800000,2.2249,2.2319,2.1729,2.181,46830.402
1674907200000,2.181,2.1876,2.118,2.1807,38477.8329
1674921600000,2.1807,2.196,2.1403,2.173,25604.5809
1674936000000,2.173,2.1948,2.123,2.1887,30324.5095
1674950400000,2.1887,2.2303,2.125,2.211,67025.2584
1674964800000,2.211,2.215,2.1641,2.181,18211.0057
1674979200000,2.181,2.2659,2.17,2.2489,23667.914
1674993600000,2.2489,2.2809,2.219,2.257,48408.5128
1675008000000,2.257,2.3121,2.225,2.3068,31542.8742
1675022400000,2.3068,2.4629,2.2871,2.3746,47002.4167
1675036800000,2.3746,2.3859,2.2781,2.3172,44370.7655
1675051200000,2.3172,2.3267,2.2592,2.2925,20110.5701
1675065600000,2.2925,2.3427,2.118,2.161,70451.653
1675080000000,2.161,2.2176,2.1371,2.171,47440.628
1675094400000,2.171,2.198,2.0231,2.0894,87710.026
1675108800000,2.0894,2.1374,2.053,2.1261,58445.3627
1675123200000,2.1261,2.1673,2.103,2.1365,22335.4152
1675137600000,2.1365,2.151,2.095,2.144,19344.7397
1675152000000,2.144,2.1433,2.071,2.096,20147.2486
1675166400000,2.096,2.214,2.0851,2.18,34536.8084
1675180800000,2.18,2.263,2.176,2.213,48321.715
1675195200000,2.213,2.211,2.125,2.166,47306.4324
1675209600000,2.166,2.22,2.143,2.212,41974.4745
1675224000000,2.212,2.2844,2.206,2.2112,77369.7873
1675238400000,2.2112,2.2911,2.158,2.2671,50966.753
1675252800000,2.2671,2.3058,2.1928,2.214,58090.9185
1675267200000,2.214,2.473,2.1201,2.4177,112166.8783
1675281600000,2.4177,2.7963,2.418,2.7228,258778.571
1675296000000,2.7228,2.8096,2.6733,2.7072,74736.603
1675310400000,2.7072,2.7728,2.6903,2.7277,43699.406
1675324800000,2.7277,2.8954,2.7228,2.8141,108179.495
1675339200000,2.8141,2.934,2.7564,2.9124,104132.015
1675353600000,2.9124,3.1275,2.8603,2.9441,113487.228
1675368000000,2.9441,3.0544,2.7733,2.7889,63743.37
1675382400000,2.7889,2.8717,2.7683,2.8217,32140.0374
1675396800000,2.8217,2.9,2.7889,2.8063,33774.476
1675411200000,2.8063,2.9941,2.7936,2.9826,104841.218
1675425600000,2.9826,3.2106,2.9484,3.1685,180751.547
1675440000000,3.1685,3.2245,3.0754,3.0934,68486.8317
1675454400000,3.0934,3.1484,3.0194,3.0952,58146.1359
1675468800000,3.0952,3.1495,3.0458,3.0584,67014.9999
1675483200000,3.0584,3.0744,2.9835,3.0014,36475.803
1675497600000,3.0014,3.0784,2.9584,3.0404,36371.7644
1675512000000,3.0404,3.103,3.0367,3.0546,55323.7989
1675526400000,3.0546,3.0924,2.9864,3.0636,35873.6186
1675540800000,3.0636,3.0697,2.9826,2.9974,27064.3385
1675555200000,2.9974,3.0698,2.9622,2.9824,67047.109
1675569600000,2.9824,2.9962,2.9623,2.9814,22223.9877
1675584000000,2.9814,3.0395,2.8922,2.9048,38245.3805
1675598400000,2.9048,2.9346,2.784,2.9226,125024.161
1675612800000,2.9226,2.9964,2.8165,2.8653,90280.072
1675627200000,2.8653,2.9617,2.8225,2.9458,34912.5607
1675641600000,2.9458,3.0379,2.8573,2.8682,45476.2534
1675656000000,2.8682,2.8913,2.7598,2.8908,40478.0484
1675670400000,2.8908,2.9714,2.865,2.9616,36227.0887
1675684800000,2.9616,2.9857,2.8663,2.9856,26407.8763
1675699200000,2.9856,3.1125,2.9525,2.9554,74702.109
1675713600000,2.9554,2.9633,2.8391,2.9075,32021.0817
1675728000000,2.9075,3.026,2.8934,3.0016,44642.9163
1675742400000,3.0016,3.0301,2.9396,2.9484,32996.6724
1675756800000,2.9484,3.0738,2.9275,3.0168,74206.3045
1675771200000,3.0168,3.0834,2.9494,2.9544,69764.696
1675785600000,2.9544,3.0762,2.8864,2.9761,77821.561
1675800000000,2.9761,3.0379,2.9565,3.0241,87301.638
1675814400000,3.0241,3.1969,3.0184,3.0924,81225.9596
1675828800000,3.0924,3.1052,2.9798,3.0024,63572.956
1675843200000,3.0024,3.0393,2.9411,2.997,102945.19
1675857600000,2.997,3.0213,2.8244,2.8463,164746.69
1675872000000,2.8463,2.852,2.709,2.7336,137647.506
1675886400000,2.7336,2.7668,2.6833,2.7655,113606.888
1675900800000,2.7655,2.8295,2.4742,2.5871,175844.065
1675915200000,2.5871,2.6897,2.5634,2.6662,158660.591
1675929600000,2.6662,2.7194,2.6298,2.6802,131188.353
1675944000000,2.6802,2.7112,2.6072,2.6262,142373.642
1675958400000,2.6262,2.64,2.3313,2.4161,226812.975
1675972800000,2.4161,2.4458,2.3071,2.4041,203897.428
1675987200000,2.4041,2.456,2.3957,2.4081,126618.354
1676001600000,2.4081,2.4518,2.3573,2.4508,131346.89
1676016000000,2.4508,2.4578,2.3131,2.3211,151554.864
1676030400000,2.3211,2.4275,2.2951,2.3719,177982.864
1676044800000,2.3719,2.4236,2.3391,2.4199,140678.42
1676059200000,2.4199,2.4448,2.3354,2.4122,130664.456
1676073600000,2.4122,2.4297,2.3673,2.408,132470.634
1676088000000,2.408,2.4326,2.3452,2.3731,133870.015
1676102400000,2.3731,2.3977,2.3613,2.3851,112858.318
1676116800000,2.3851,2.5282,2.3771,2.4602,188508.343
1676131200000,2.4602,2.4662,2.4062,2.434,101300.04
1676145600000,2.434,2.5179,2.4202,2.4892,116844.011
1676160000000,2.4892,2.4966,2.4488,2.4622,104764.225
1676174400000,2.4622,2.4999,2.444,2.4862,118186.887
1676188800000,2.4862,2.5428,2.4822,2.5222,129196.752
1676203200000,2.5222,2.5248,2.4483,2.4669,128907.433
1676217600000,2.4669,2.4938,2.4528,2.4732,100456.495
1676232000000,2.4732,2.4789,2.3009,2.3361,162123.118
1676246400000,2.3361,2.348,2.2312,2.2749,148289.579
1676260800000,2.2749,2.2911,2.2412,2.2601,153446.834
1676275200000,2.2601,2.2601,2.1164,2.156,212158.648
1676289600000,2.156,2.196,2.14,2.164,154283.905
1676304000000,2.164,2.191,2.077,2.1526,223909.583
1676318400000,2.1526,2.2258,2.1281,2.21,149307.912
1676332800000,2.21,2.2279,2.171,2.1716,138935.907
1676347200000,2.1716,2.21,2.164,2.1885,126517.011
1676361600000,2.1885,2.2389,2.156,2.202,158207.982
1676376000000,2.202,2.4138,2.152,2.3501,318220.946
1676390400000,2.3501,2.4458,2.3272,2.4331,168107.062
1676404800000,2.4331,2.4428,2.3861,2.4281,121925.598
1676419200000,2.4281,2.43,2.3701,2.3889,106694.023
1676433600000,2.3889,2.3959,2.3671,2.3781,110903.544
1676448000000,2.3781,2.4868,2.3612,2.4652,149207.184
1676462400000,2.4652,2.5608,2.4692,2.5282,206332.474
1676476800000,2.5282,2.6987,2.5202,2.6977,164752.442
1676491200000,2.6977,2.8596,2.6896,2.8187,207804.893
1676505600000,2.8187,2.9144,2.8053,2.8607,138492.69
1676520000000,2.8607,2.8624,2.7873,2.8197,123963.456
1676534400000,2.8197,2.9032,2.7977,2.8357,148724.221
1676548800000,2.8357,2.9697,2.8088,2.9626,210312.513
1676563200000,2.9626,3.0051,2.8437,2.8813,159186.531
1676577600000,2.8813,2.8744,2.5949,2.622,185588.61
1676592000000,2.622,2.8027,2.6122,2.7547,201727.657
1676606400000,2.7547,2.7818,2.6894,2.7273,131834.559
1676620800000,2.7273,2.7577,2.6873,2.7137,103958.514
1676635200000,2.7137,2.7867,2.6883,2.7423,162524.091
1676649600000,2.7423,2.8607,2.7004,2.8379,137983.146
1676664000000,2.8379,2.8707,2.7453,2.7953,180943.961
1676678400000,2.7953,2.8528,2.7913,2.8073,90265.299
1676692800000,2.8073,2.8262,2.7563,2.7703,114306.673
1676707200000,2.7703,2.7777,2.7153,2.7283,118634.73
1676721600000,2.7283,2.7839,2.7173,2.7677,120049.69
1676736000000,2.7677,2.8328,2.7341,2.7472,120028.317
1676750400000,2.7472,2.7839,2.7253,2.7767,88239.058
1676764800000,2.7767,2.8181,2.7403,2.7503,92224.234
1676779200000,2.7503,2.7981,2.7327,2.7393,109508.771
1676793600000,2.7393,2.7717,2.7152,2.7597,109174.492
1676808000000,2.7597,2.8157,2.7412,2.7916,115818.513
1676822400000,2.7916,2.8427,2.6223,2.6504,126243.059
1676836800000,2.6504,2.6501,2.5643,2.5812,151135.473
1676851200000,2.5812,2.6252,2.487,2.6198,129184.302
1676865600000,2.6198,2.6911,2.6198,2.6837,114112.331
1676880000000,2.6837,2.6936,2.6252,2.6693,121151.225
1676894400000,2.6693,2.677,2.6272,2.6382,97778.6
1676908800000,2.6382,2.6379,2.5588,2.609,127050.811
1676923200000,2.609,2.618,2.5674,2.6068,106658.399
1676937600000,2.6068,2.6497,2.5955,2.6012,94877.0
1676952000000,2.6012,2.6149,2.546,2.5932,97796.429
1676966400000,2.5932,2.6156,2.4622,2.4771,133276.826
1676980800000,2.4771,2.5469,2.4508,2.4944,113070.265
1676995200000,2.4944,2.5199,2.4534,2.4892,98253.509
1677009600000,2.4892,2.5228,2.4321,2.5184,107496.051
1677024000000,2.5184,2.5468,2.3841,2.457,147256.515
1677038400000,2.457,2.4587,2.3871,2.4201,126842.144
1677052800000,2.4201,2.4166,2.3429,2.4059,128952.123
1677067200000,2.4059,2.5299,2.4029,2.5002,194166.317
1677081600000,2.5002,2.7979,2.4583,2.6903,269818.425
1677096000000,2.6903,2.7597,2.6684,2.7027,108267.432
1677110400000,2.7027,2.8327,2.6943,2.7623,182398.084
1677124800000,2.7623,2.808,2.7533,2.7851,133419.505
1677139200000,2.7851,2.8346,2.7033,2.751,251576.271
1677153600000,2.751,3.0813,2.7093,2.9094,502172.803
1677168000000,2.9094,2.9571,2.7747,2.8325,129205.875
1677182400000,2.8325,2.9334,2.8203,2.8763,127111.238
1677196800000,2.8763,3.0578,2.8363,2.9966,163329.483
1677211200000,2.9966,3.2225,2.9554,3.1375,223008.003
1677225600000,3.1375,3.1678,3.0384,3.0643,138210.348
1677240000000,3.0643,3.1245,2.9862,3.0814,239852.77
1677254400000,3.0814,3.2833,2.9302,3.1965,428122.662
1677268800000,3.1965,3.2488,2.9914,3.0606,231247.215
1677283200000,3.0606,3.1085,2.8343,2.8886,167581.82
1677297600000,2.8886,2.9396,2.8414,2.9396,113210.247
1677312000000,2.9396,2.9658,2.8473,2.8916,117214.459
1677326400000,2.8916,2.9026,2.7613,2.7813,181643.384
1677340800000,2.7813,2.7979,2.6452,2.6817,137939.971
1677355200000,2.6817,2.7787,2.6322,2.7533,185593.106
1677369600000,2.7533,2.9264,2.7243,2.8926,167766.391
1677384000000,2.8926,2.9336,2.8376,2.8527,143573.989
1677398400000,2.8527,2.8964,2.8433,2.8886,107554.755
1677412800000,2.8886,2.9026,2.8443,2.8827,120820.571
1677427200000,2.8827,2.9689,2.8553,2.9656,133291.679
1677441600000,2.9656,3.0353,2.9266,3.007,155619.376
1677456000000,3.007,3.0507,2.9514,2.9674,106866.401
1677470400000,2.9674,2.9744,2.9185,2.9264,103992.306
1677484800000,2.9264,2.9666,2.8843,2.9536,107955.542
1677499200000,2.9536,3.0978,2.9454,2.9925,192971.04
1677513600000,2.9925,3.0026,2.8553,2.8773,112905.533
1677528000000,2.8773,2.9074,2.8193,2.8946,96251.093
1677542400000,2.8946,2.9295,2.8582,2.8783,113237.341
1677556800000,2.8783,2.8773,2.7943,2.8023,111937.303
1677571200000,2.8023,2.8124,2.7435,2.7847,132246.085
1677585600000,2.7847,2.8247,2.7491,2.8015,114812.475
1677600000000,2.8015,2.8343,2.6733,2.6884,109966.041
1677614400000,2.6884,2.7179,2.6458,2.7007,104793.672
1677628800000,2.7007,2.765,2.6813,2.7493,106671.995
1677643200000,2.7493,2.8092,2.7408,2.7823,92688.09
1677657600000,2.7823,2.8257,2.7703,2.8102,96891.276
1677672000000,2.8102,2.8347,2.7533,2.79,117451.465
1677686400000,2.79,2.7901,2.6893,2.6973,100204.844
1677700800000,2.6973,2.7719,2.6911,2.7667,95850.098
1677715200000,2.7667,2.7983,2.674,2.7157,112376.842
1677729600000,2.7157,2.7317,2.6602,2.6977,104899.02
1677744000000,2.6977,2.7257,2.6754,2.6833,107107.697
1677758400000,2.6833,2.6943,2.5942,2.6432,136511.998
1677772800000,2.6432,2.7327,2.6402,2.7237,121605.6
1677787200000,2.7237,2.7489,2.7078,2.7243,96674.765
1677801600000,2.7243,2.7315,2.4341,2.5086,217254.026
1677816000000,2.5086,2.5689,2.5023,2.5468,113087.35
1677830400000,2.5468,2.5768,2.5452,2.5498,100538.187
1677844800000,2.5498,2.6417,2.5352,2.5998,151620.314
1677859200000,2.5998,2.6158,2.5242,2.5478,133757.807
1677873600000,2.5478,2.5568,2.5102,2.5431,100000.2
1677888000000,2.5431,2.5687,2.5213,2.5286,101714.339
1677902400000,2.5286,2.5361,2.4703,2.5088,106956.598
1677916800000,2.5088,2.5119,2.4301,2.4499,135040.54
1677931200000,2.4499,2.4679,2.4141,2.4359,113461.993
1677945600000,2.4359,2.4499,2.3881,2.4021,118764.884
1677960000000,2.4021,2.3974,2.2571,2.3649,130143.726
1677974400000,2.3649,2.4562,2.3361,2.395,126360.718
1677988800000,2.395,2.432,2.3801,2.3879,91093.613
1678003200000,2.3879,2.4437,2.367,2.4263,105928.833
1678017600000,2.4263,2.4987,2.4201,2.4538,132751.485
1678032000000,2.4538,2.4646,2.4291,2.4478,102940.962
1678046400000,2.4478,2.5169,2.4202,2.4321,114427.653
1678060800000,2.4321,2.47,2.3822,2.4199,105051.094
1678075200000,2.4199,2.4597,2.3774,2.4399,100962.532
1678089600000,2.4399,2.4688,2.4232,2.4492,105809.902
1678104000000,2.4492,2.5671,2.436,2.5608,158782.467
1678118400000,2.5608,2.5643,2.5088,2.5197,101690.903
1678132800000,2.5197,2.5348,2.4862,2.5197,113676.299
1678147200000,2.5197,2.5826,2.4862,2.5542,104065.849
1678161600000,2.5542,2.5628,2.5251,2.5252,89226.753
1678176000000,2.5252,2.5278,2.4291,2.4315,135696.155
1678190400000,2.4315,2.4698,2.3361,2.4341,162373.836
1678204800000,2.4341,2.4538,2.3559,2.3619,141238.762
1678219200000,2.3619,2.4141,2.3161,2.3974,136499.361
1678233600000,2.3974,2.4179,2.3573,2.3734,132142.375
1678248000000,2.3734,2.3812,2.2621,2.2662,143155.746
1678262400000,2.2662,2.3077,2.2602,2.2821,130646.394
1678276800000,2.2821,2.2988,2.176,2.2861,187245.955
1678291200000,2.2861,2.3059,2.244,2.2775,127332.472
1678305600000,2.2775,2.2939,2.175,2.2319,133997.282
1678320000000,2.2319,2.2969,2.195,2.2852,141791.693
1678334400000,2.2852,2.295,2.2262,2.2301,105074.825
1678348800000,2.2301,2.3199,2.2165,2.3112,132228.259
1678363200000,2.3112,2.3871,2.2701,2.3179,155909.484
1678377600000,2.3179,2.3429,2.24,2.2959,154743.658
1678392000000,2.2959,2.3067,2.1123,2.2048,213801.211
1678406400000,2.2048,2.2649,2.1229,2.1799,258649.106
1678420800000,2.1799,2.205,2.0861,2.1206,167439.009
1678435200000,2.1206,2.119,1.9589,2.02,227862.376
1678449600000,2.02,2.1341,1.9779,2.061,234617.124
1678464000000,2.061,2.125,2.036,2.069,149339.124
1678478400000,2.069,2.1569,2.054,2.1345,159164.973
1678492800000,2.1345,2.1951,2.1081,2.1122,135690.658
1678507200000,2.1122,2.1109,1.8819,1.894,217547.932
1678521600000,1.894,1.9449,1.8399,1.869,157928.713
1678536000000,1.869,1.8823,1.8049,1.8109,150589.056
1678550400000,1.8109,1.8631,1.77,1.8309,156777.293
1678564800000,1.8309,1.8885,1.8308,1.8861,254503.749
1678579200000,1.8861,1.9092,1.8389,1.8751,158707.734
1678593600000,1.8751,1.9291,1.864,1.8779,182754.985
1678608000000,1.8779,1.8927,1.8539,1.8719,147961.56
1678622400000,1.8719,1.901,1.8379,1.8616,161166.977
1678636800000,1.8616,2.0231,1.8346,1.9591,252163.395
1678651200000,1.9591,2.3929,1.9649,2.3439,448243.065
1678665600000,2.3439,2.4768,2.325,2.3421,328569.477
1678680000000,2.3421,2.4129,2.3421,2.402,135542.601
1678694400000,2.402,2.4069,2.2491,2.3053,169476.296
1678708800000,2.3053,2.6688,2.259,2.5542,309408.07
1678723200000,2.5542,2.6566,2.5272,2.6015,149380.708
1678737600000,2.6015,2.7253,2.5783,2.6172,120238.547
1678752000000,2.6172,2.6566,2.5723,2.6152,103093.1
1678766400000,2.6152,2.6817,2.5542,2.5745,118594.057
1678780800000,2.5745,2.6297,2.5282,2.6137,129875.391
1678795200000,2.6137,2.9534,2.5962,2.9086,313477.647
1678809600000,2.9086,2.9266,2.6834,2.7541,236159.637
1678824000000,2.7541,2.7733,2.6093,2.7087,132413.893
1678838400000,2.7087,2.7712,2.6542,2.74,113980.427
1678852800000,2.74,2.8115,2.7023,2.7437,121561.449
1678867200000,2.7437,2.7485,2.5832,2.6687,149100.712
1678881600000,2.6687,2.728,2.385,2.4086,242812.205
1678896000000,2.4086,2.4209,2.2861,2.371,298901.912
1678910400000,2.371,2.4542,2.352,2.4061,165819.012
1678924800000,2.4061,2.4569,2.34,2.4245,115922.367
1678939200000,2.4245,2.4649,2.3551,2.4528,123867.236
1678953600000,2.4528,2.5001,2.3911,2.4812,142145.046
1678968000000,2.4812,2.513,2.365,2.5125,161746.741
1678982400000,2.5125,2.555,2.4051,2.4778,151497.918
1678996800000,2.4778,2.4972,2.3981,2.4819,105748.043
1679011200000,2.4819,2.6259,2.4381,2.5681,143880.05
1679025600000,2.5681,2.617,2.5326,2.5775,129400.544
1679040000000,2.5775,2.7336,2.5406,2.7203,163108.213
1679054400000,2.7203,2.7398,2.503,2.5338,174680.779
1679068800000,2.5338,2.5901,2.5052,2.5804,112504.679
1679083200000,2.5804,2.7381,2.5431,2.7135,167689.571
1679097600000,2.7135,2.8917,2.6562,2.8377,227236.467
1679112000000,2.8377,2.911,2.7938,2.876,143964.013
1679126400000,2.876,2.921,2.7873,2.8794,115311.504
1679140800000,2.8794,2.9107,2.6771,2.7002,164501.999
1679155200000,2.7002,2.7818,2.6132,2.714,200764.544
1679169600000,2.714,2.7487,2.593,2.6168,110774.63
1679184000000,2.6168,2.7197,2.6168,2.716,96929.814
1679198400000,2.716,2.7348,2.6232,2.6616,114230.118
1679212800000,2.6616,2.6867,2.6051,2.6835,112155.219
1679227200000,2.6835,2.7351,2.631,2.7049,113556.002
1679241600000,2.7049,2.8587,2.6929,2.8056,151462.191
1679256000000,2.8056,2.8217,2.6893,2.6922,158725.44
1679270400000,2.6922,2.7357,2.5622,2.5814,145584.511
1679284800000,2.5814,2.6733,2.5522,2.6718,129973.794
1679299200000,2.6718,2.6907,2.6072,2.6272,133906.648
1679313600000,2.6272,2.6448,2.5752,2.6005,120560.131
1679328000000,2.6005,2.6102,2.4642,2.505,138424.099
1679342400000,2.505,2.5529,2.4652,2.4727,118339.869
1679356800000,2.4727,2.5259,2.4612,2.5168,106645.134
1679371200000,2.5168,2.5288,2.4051,2.4284,123687.105
1679385600000,2.4284,2.525,2.4091,2.5196,137242.317
1679400000000,2.5196,2.7279,2.5161,2.6402,169492.245
1679414400000,2.6402,2.686,2.5508,2.6093,165816.175
1679428800000,2.6093,2.65,2.5782,2.6371,111460.956
1679443200000,2.6371,2.639,2.5561,2.5997,117970.45
1679457600000,2.5997,2.6326,2.5782,2.587,105960.584
1679472000000,2.587,2.5992,2.5573,2.5764,115529.982
1679486400000,2.5764,2.6727,2.5622,2.615,160207.91
1679500800000,2.615,2.6708,2.429,2.4399,244635.827
1679515200000,2.4399,2.5602,2.429,2.5272,118911.472
1679529600000,2.5272,2.5509,2.474,2.475,110963.919
1679544000000,2.475,2.5359,2.4682,2.5192,109764.406
1679558400000,2.5192,2.5488,2.5132,2.5388,113442.725
1679572800000,2.5388,2.6339,2.4522,2.5877,202725.162
1679587200000,2.5877,2.5977,2.434,2.4842,107426.873
1679601600000,2.4842,2.493,2.4251,2.4844,129842.018
1679616000000,2.4844,2.49,2.446,2.454,98062.065
1679630400000,2.454,2.468,2.4141,2.4325,129414.337
1679644800000,2.4325,2.4334,2.2718,2.3034,197527.374
1679659200000,2.3034,2.3309,2.263,2.29,77889.2157
1679673600000,2.29,2.3001,2.1869,2.2479,141516.295
1679688000000,2.2479,2.2669,2.1939,2.2669,150806.686
1679702400000,2.2669,2.3049,2.2529,2.262,102634.133
1679716800000,2.262,2.2759,2.2401,2.2585,104849.186
1679731200000,2.2585,2.268,2.219,2.2506,107461.248
1679745600000,2.2506,2.2659,2.2218,2.249,120762.157
1679760000000,2.249,2.2659,2.136,2.1462,117841.119
1679774400000,2.1462,2.1811,2.1458,2.1771,89274.101
1679788800000,2.1771,2.228,2.1587,2.2154,110885.394
1679803200000,2.2154,2.2439,2.204,2.2294,98249.266
1679817600000,2.2294,2.2797,2.213,2.2737,110502.272
1679832000000,2.2737,2.3161,2.2442,2.2536,132411.069
1679846400000,2.2536,2.2739,2.235,2.2618,119662.743
1679860800000,2.2618,2.2829,2.2345,2.2635,103408.886
1679875200000,2.2635,2.277,2.22,2.2377,93758.274
1679889600000,2.2377,2.2401,2.176,2.1885,91832.278
1679904000000,2.1885,2.209,2.1739,2.1816,82013.061
1679918400000,2.1816,2.196,2.031,2.0799,144053.207
1679932800000,2.0799,2.1154,2.031,2.0349,96695.482
1679947200000,2.0349,2.074,2.018,2.0677,92407.14
1679961600000,2.0677,2.0759,2.0199,2.0425,83929.934
1679976000000,2.0425,2.083,2.0365,2.0653,84225.07
1679990400000,2.0653,2.133,2.038,2.124,55391.466
1680004800000,2.124,2.1831,2.096,2.164,48729.907
1680019200000,2.164,2.258,2.1216,2.2448,55532.067
1680033600000,2.2448,2.2501,2.182,2.193,44591.9503
1680048000000,2.193,2.219,2.179,2.1923,60264.1965
1680062400000,2.1923,2.2774,2.1908,2.2541,31690.8408
1680076800000,2.2541,2.2979,2.2441,2.2769,29988.1367
1680091200000,2.2769,2.2783,2.2029,2.2416,31269.2912
1680105600000,2.2416,2.2509,2.2118,2.2488,24999.0949
1680120000000,2.2488,2.258,2.2149,2.2308,23929.6011
1680134400000,2.2308,2.3062,2.184,2.2149,67208.51
1680148800000,2.2149,2.2861,2.204,2.2565,38626.0813
1680163200000,2.2565,2.3079,2.2481,2.2765,32490.0255
1680177600000,2.2765,2.3129,2.182,2.2003,39379.9044
1680192000000,2.2003,2.2203,2.1429,2.2078,35435.3743
1680206400000,2.2078,2.3049,2.2024,2.3019,26975.0142
1680220800000,2.3019,2.3441,2.271,2.3275,50390.415
1680235200000,2.3275,2.3309,2.2312,2.2633,25146.3021
1680249600000,2.2633,2.2729,2.2198,2.2511,24335.3408
1680264000000,2.2511,2.3029,2.2359,2.2754,33121.3853
1680278400000,2.2754,2.3163,2.2741,2.2864,21274.9196
1680292800000,2.2864,2.3039,2.2731,2.288,10503.9266
1680307200000,2.288,2.3163,2.2742,2.2941,14575.6439
1680321600000,2.2941,2.31,2.2511,2.2665,10541.4507
1680336000000,2.2665,2.2805,2.254,2.2755,7398.7396
1680350400000,2.2755,2.2802,2.2501,2.2599,11804.6925
1680364800000,2.2599,2.275,2.2391,2.2573,8210.996
1680379200000,2.2573,2.2829,2.2577,2.2772,5995.3755
1680393600000,2.2772,2.2879,2.2469,2.2638,8951.1125
1680408000000,2.2638,2.2841,2.2606,2.2807,4775.0494
1680422400000,2.2807,2.3201,2.2671,2.3105,16443.8819
1680436800000,2.3105,2.3182,2.1878,2.2225,33203.7895
1680451200000,2.2225,2.2333,2.1619,2.1782,23203.4335
1680465600000,2.1782,2.2022,2.1645,2.2018,9902.7941
1680480000000,2.2018,2.2031,2.108,2.1479,23523.8745
1680494400000,2.1479,2.167,2.1329,2.167,9889.6305
1680508800000,2.167,2.2213,2.167,2.2094,20207.3586
1680523200000,2.2094,2.2271,2.1639,2.1751,20226.1963
1680537600000,2.1751,2.2322,2.156,2.2055,22253.5854
1680552000000,2.2055,2.2123,2.0899,2.1665,31390.0875
1680566400000,2.1665,2.1774,2.1448,2.1458,8751.8477
1680580800000,2.1458,2.171,2.1279,2.1536,11796.7659
1680595200000,2.1536,2.2439,2.1509,2.2339,27446.1263
1680609600000,2.2339,2.2472,2.1987,2.202,21405.3645
1680624000000,2.202,2.242,2.2007,2.2395,11887.9869
1680638400000,2.2395,2.2644,2.2261,2.2338,9010.4852
1680652800000,2.2338,2.3694,2.22,2.3575,49181.6935
1680667200000,2.3575,2.3854,2.3409,2.3473,24885.4014
1680681600000,2.3473,2.3573,2.3281,2.3342,12710.8952
1680696000000,2.3342,2.3484,2.243,2.2722,33922.2925
1680710400000,2.2722,2.288,2.251,2.2819,13422.0989
1680724800000,2.2819,2.2866,2.2724,2.2825,7349.2532
1680739200000,2.2825,2.2833,2.2089,2.2389,23355.4451
1680753600000,2.2389,2.2412,2.212,2.212,14374.0037
1680768000000,2.212,2.2289,2.187,2.2108,12036.053
1680782400000,2.2108,2.2412,2.198,2.2393,11940.898
1680796800000,2.2393,2.2631,2.2346,2.259,13212.1191
1680811200000,2.259,2.2692,2.2361,2.2638,14951.3588
1680825600000,2.2638,2.2781,2.2401,2.2429,9647.0101
1680840000000,2.2429,2.2569,2.224,2.2337,8152.4853
1680854400000,2.2337,2.2501,2.22,2.2334,10087.0436
1680868800000,2.2334,2.2683,2.2241,2.2658,12067.6468
1680883200000,2.2658,2.2681,2.2469,2.2562,4174.1591
1680897600000,2.2562,2.2692,2.2461,2.2661,3331.4098
1680912000000,2.2661,2.282,2.249,2.2782,9158.0404
1680926400000,2.2782,2.3024,2.2753,2.2888,12718.6155
1680940800000,2.2888,2.2931,2.2688,2.2729,4526.6062
1680955200000,2.2729,2.2722,2.255,2.2571,5182.8175
1680969600000,2.2571,2.2681,2.2241,2.2324,6483.2886
1680984000000,2.2324,2.2424,2.2251,2.2364,4347.2029
1680998400000,2.2364,2.2589,2.2348,2.2472,5327.8002
1681012800000,2.2472,2.251,2.2029,2.223,9325.894
1681027200000,2.223,2.228,2.214,2.227,3431.4486
1681041600000,2.227,2.243,2.218,2.2285,7480.5345
1681056000000,2.2285,2.2801,2.2195,2.2762,12095.9204
1681070400000,2.2762,2.3135,2.2714,2.2831,12530.2352
1681084800000,2.2831,2.3149,2.2451,2.2651,25030.3399
1681099200000,2.2651,2.2681,2.2299,2.2463,10128.6055
1681113600000,2.2463,2.248,2.2359,2.2386,4074.4843
1681128000000,2.2386,2.2479,2.2231,2.2414,9685.3525
1681142400000,2.2414,2.3053,2.2309,2.2905,17275.7492
1681156800000,2.2905,2.3703,2.2769,2.3687,23729.883
1681171200000,2.3687,2.3781,2.3321,2.3443,23723.4977
1681185600000,2.3443,2.3639,2.3351,2.3527,8318.7578
1681200000000,2.3527,2.3581,2.3281,2.3569,10601.6867
1681214400000,2.3569,2.3983,2.3451,2.3577,33885.6249
1681228800000,2.3577,2.3586,2.3019,2.3046,14619.7101
1681243200000,2.3046,2.308,2.284,2.2936,10607.9565
1681257600000,2.2936,2.2986,2.184,2.2019,36943.5712
1681272000000,2.2019,2.2311,2.1943,2.2256,12004.6495
1681286400000,2.2256,2.229,2.207,2.2196,7444.1853
1681300800000,2.2196,2.296,2.2078,2.2697,30904.0748
1681315200000,2.2697,2.296,2.2451,2.2572,10632.7384
1681329600000,2.2572,2.2999,2.2574,2.2827,10610.8258
1681344000000,2.2827,2.2881,2.258,2.283,10337.3115
1681358400000,2.283,2.291,2.2632,2.2907,4976.9822
1681372800000,2.2907,2.3932,2.2886,2.3531,43131.6553
1681387200000,2.3531,2.3951,2.3531,2.3692,27627.4162
1681401600000,2.3692,2.475,2.3691,2.4458,34966.9008
1681416000000,2.4458,2.4496,2.4211,2.4303,12718.0868
1681430400000,2.4303,2.6105,2.4228,2.582,49852.802
1681444800000,2.582,2.6464,2.5822,2.6005,35372.5458
1681459200000,2.6005,2.6389,2.5801,2.5998,22527.6781
1681473600000,2.5998,2.6244,2.499,2.5091,37563.8405
1681488000000,2.5091,2.6608,2.5045,2.6348,36456.2485
1681502400000,2.6348,2.6941,2.6148,2.6548,19671.6497
1681516800000,2.6548,2.7149,2.6062,2.6424,26172.713
1681531200000,2.6424,2.7139,2.6294,2.7063,19293.6451
1681545600000,2.7063,2.7323,2.6943,2.697,15891.1828
1681560000000,2.697,2.7913,2.6903,2.7598,20388.0786
1681574400000,2.7598,2.8257,2.7004,2.7237,29857.045
1681588800000,2.7237,2.7293,2.6953,2.7088,15541.4412
1681603200000,2.7088,2.7093,2.6459,2.664,15391.5214
1681617600000,2.664,2.6957,2.6623,2.6867,8821.6255
1681632000000,2.6867,2.6917,2.6442,2.6472,11906.4626
1681646400000,2.6472,2.664,2.6282,2.6598,10219.5608
1681660800000,2.6598,2.727,2.646,2.6608,14563.3147
1681675200000,2.6608,2.716,2.6401,2.6897,14625.3523
1681689600000,2.6897,2.691,2.5931,2.6458,18327.7736
1681704000000,2.6458,2.6491,2.6091,2.6134,10551.6358
1681718400000,2.6134,2.6841,2.604,2.6502,26610.3277
1681732800000,2.6502,2.6657,2.5632,2.569,20659.2393
1681747200000,2.569,2.655,2.5667,2.6263,16211.3015
1681761600000,2.6263,2.643,2.5952,2.6068,9046.3038
1681776000000,2.6068,2.6619,2.5959,2.6578,13613.0463
1681790400000,2.6578,2.7357,2.6511,2.7183,19939.0833
1681804800000,2.7183,2.7418,2.6943,2.7363,11626.3922
1681819200000,2.7363,2.7393,2.6372,2.6586,19354.7426
1681833600000,2.6586,2.6728,2.6217,2.6605,15346.1688
1681848000000,2.6605,2.7397,2.6534,2.7024,18096.2253
1681862400000,2.7024,2.7157,2.6723,2.6849,10783.9603
1681876800000,2.6849,2.7387,2.668,2.7075,18138.2704
1681891200000,2.7075,2.7122,2.488,2.5618,76858.9193
1681905600000,2.5618,2.672,2.5364,2.6509,39092.4124
1681920000000,2.6514,2.7069,2.6122,2.6366,38120.4648
1681934400000,2.637,2.6558,2.511,2.5451,25614.5125
1681948800000,2.5451,2.6594,2.4612,2.501,48331.1846
1681963200000,2.5012,2.5698,2.4987,2.5262,24464.5575
1681977600000,2.5262,2.5791,2.5168,2.5367,21905.1149
1681992000000,2.5367,2.6344,2.4772,2.4814,39155.0697
1682006400000,2.4806,2.4938,2.4041,2.4331,43784.6647
1682020800000,2.4331,2.4628,2.4189,2.4382,13050.8197
1682035200000,2.4382,2.483,2.4219,2.4822,15554.052
1682049600000,2.4822,2.4832,2.4021,2.4505,18927.8355
1682064000000,2.4505,2.4618,2.4112,2.4173,23468.0942
1682078400000,2.4173,2.4588,2.385,2.4184,18307.3683
1682092800000,2.4184,2.4242,2.2521,2.2858,41161.4833
1682107200000,2.2858,2.2961,2.2541,2.2772,14544.1332
1682121600000,2.2772,2.2921,2.244,2.2724,9667.3656
1682136000000,2.2724,2.287,2.2529,2.2571,5220.5516
1682150400000,2.2571,2.2691,2.236,2.2652,8006.7132
1682164800000,2.2652,2.3051,2.2529,2.28,10233.9046
1682179200000,2.28,2.317,2.2717,2.2812,9543.3202
1682193600000,2.2812,2.3081,2.276,2.3072,4783.2145
1682208000000,2.3072,2.3057,2.244,2.2651,10061.2365
1682222400000,2.2651,2.2899,2.2594,2.2895,4320.0357
1682236800000,2.2895,2.2896,2.2679,2.2828,3921.5552
1682251200000,2.2828,2.294,2.192,2.2121,17021.6265
1682265600000,2.2121,2.25,2.1429,2.1733,23948.1544
1682280000000,2.1733,2.2063,2.1538,2.2011,7347.562
1682294400000,2.2011,2.271,2.1708,2.2254,14351.0406
1682308800000,2.2254,2.2272,2.1709,2.203,7980.533
1682323200000,2.203,2.244,2.181,2.2436,7704.575
1682337600000,2.2441,2.258,2.1957,2.1987,9433.1871
1682352000000,2.1987,2.2369,2.1619,2.2145,12257.6885
1682366400000,2.2145,2.2333,2.2089,2.2202,3271.9443
1682380800000,2.2202,2.2254,2.1758,2.18,6475.2875
1682395200000,2.18,2.1962,2.1578,2.1607,5410.8411
1682409600000,2.1607,2.1902,2.1548,2.1823,6905.9082
1682424000000,2.1823,2.1939,2.1279,2.1383,13202.957
1682438400000,2.1383,2.1751,2.13,2.1526,16154.9501
1682452800000,2.1526,2.2549,2.1527,2.2439,21188.6522
1682467200000,2.2439,2.2638,2.2149,2.2175,6771.3627
1682481600000,2.2175,2.2411,2.2089,2.2192,4805.637
1682496000000,2.2192,2.298,2.2171,2.2878,15763.8687
1682510400000,2.2878,2.3491,2.2841,2.3153,32708.4399
1682524800000,2.3153,2.3279,2.1227,2.1432,26590.0616
1682539200000,2.1432,2.1921,2.0638,2.1681,26982.1256
1682553600000,2.1681,2.2411,2.152,2.1906,17445.6762
1682568000000,2.1906,2.2291,2.1709,2.1847,11875.1435
1682582400000,2.1847,2.189,2.162,2.1694,7545.5564
1682596800000,2.1694,2.2041,2.1459,2.1863,14905.1713
1682611200000,2.1863,2.2342,2.1667,2.2167,11735.6865
1682625600000,2.2167,2.2249,2.1659,2.1816,15238.7127
1682640000000,2.1816,2.184,2.1629,2.1653,6006.6742
1682654400000,2.1653,2.193,2.1629,2.193,10515.3017
1682668800000,2.193,2.193,2.145,2.145,8075.4651
1682683200000,2.1449,2.1611,2.106,2.1288,15067.311
1682697600000,2.1288,2.1532,2.1255,2.1365,4321.1215
1682712000000,2.1365,2.1561,2.134,2.1382,4662.6889
1682726400000,2.1382,2.175,2.127,2.1636,5538.0835
1682740800000,2.1636,2.1812,2.1612,2.171,5919.4033
1682755200000,2.171,2.1831,2.161,2.1812,5137.822
1682769600000,2.1812,2.2004,2.175,2.1807,7065.7639
1682784000000,2.1807,2.1832,2.137,2.1764,5941.9907
1682798400000,2.1764,2.19,2.1696,2.19,3425.0654
1682812800000,2.19,2.19,2.1519,2.1578,7992.6361
1682827200000,2.1578,2.1831,2.1546,2.1717,2952.9611
1682841600000,2.1717,2.198,2.1678,2.1843,4633.0037
1682856000000,2.1843,2.238,2.1819,2.2123,15474.2315
1682870400000,2.2123,2.2309,2.1638,2.179,13283.2971
1682884800000,2.179,2.1924,2.153,2.1667,5299.6932
1682899200000,2.1667,2.177,2.0818,2.1207,16310.7573
1682913600000,2.1207,2.1403,2.1099,2.137,6765.1024
1682928000000,2.137,2.144,2.1281,2.1298,2948.0356
1682942400000,2.1298,2.1351,2.0989,2.1003,9423.2622
1682956800000,2.1003,2.1025,2.037,2.0605,15463.4002
1682971200000,2.0605,2.084,2.0578,2.0815,7857.0579
1682985600000,2.0815,2.1041,2.0754,2.1025,4474.1105
1683000000000,2.1025,2.1231,2.0889,2.1115,6311.7555
1683014400000,2.1115,2.1172,2.0989,2.101,3716.9487
1683028800000,2.101,2.1531,2.096,2.1307,16011.3952
1683043200000,2.1307,2.1492,2.1218,2.1398,6699.7538
1683057600000,2.1398,2.1893,2.1354,2.164,9522.3625
1683072000000,2.164,2.1694,2.133,2.147,4723.9588
1683086400000,2.147,2.1554,2.1387,2.1413,3085.5643
1683100800000,2.1413,2.1531,2.126,2.1269,4173.6421
1683115200000,2.1269,2.1279,2.0798,2.0854,20219.7449
1683129600000,2.0854,2.134,2.0804,2.1105,15504.053
1683144000000,2.1105,2.179,2.1107,2.1616,13249.7347
1683158400000,2.1616,2.1643,2.134,2.1403,5021.8851
1683172800000,2.1403,2.1465,2.1267,2.1268,3621.6895
1683187200000,2.1268,2.148,2.1265,2.1281,3066.9346
1683201600000,2.1281,2.1336,2.0579,2.0613,23958.3617
1683216000000,2.0613,2.0725,2.0389,2.0475,7227.7009
1683230400000,2.0475,2.0496,2.0138,2.0262,10489.098
1683244800000,2.0262,2.0643,2.019,2.0326,9840.2568
1683259200000,2.0326,2.0451,2.0208,2.0342,5632.4066
1683273600000,2.0342,2.0462,2.0239,2.0389,3797.874
1683288000000,2.0389,2.0444,1.9219,1.9634,41595.8851
1683302400000,1.9634,2.0061,1.9607,1.9697,18395.9746
1683316800000,1.9702,1.9872,1.9579,1.9814,6900.1657
1683331200000,1.9814,1.9974,1.9219,1.9281,14132.7828
1683345600000,1.9281,1.9473,1.9097,1.9107,6670.2614
1683360000000,1.9107,1.911,1.8549,1.8702,19665.4601
1683374400000,1.8702,1.8708,1.7979,1.8216,27299.5921
1683388800000,1.8216,1.8853,1.8212,1.8814,9018.3771
1683403200000,1.8814,1.9002,1.8639,1.8674,6059.5564
1683417600000,1.8674,1.8983,1.8642,1.8887,6375.3727
1683432000000,1.8887,1.9343,1.8874,1.9283,18390.9717
1683446400000,1.9283,1.9384,1.9148,1.9243,8474.8653
1683460800000,1.9243,1.9342,1.8957,1.8974,8683.8691
1683475200000,1.8974,1.9212,1.8709,1.8817,11179.17
1683489600000,1.8817,1.9171,1.8779,1.8863,6339.1206
1683504000000,1.8863,1.9141,1.7645,1.8059,26350.9195
1683518400000,1.8059,1.8103,1.7387,1.7583,11757.7739
1683532800000,1.7583,1.8203,1.7548,1.8021,10538.5636
1683547200000,1.8021,1.8271,1.7938,1.8146,9030.4078
1683561600000,1.8146,1.8235,1.6667,1.6765,32909.1872
1683576000000,1.6765,1.7213,1.6708,1.7194,10950.0434
1683590400000,1.7194,1.7332,1.7028,1.7209,6924.7311
1683604800000,1.7209,1.7463,1.7028,1.745,12503.7526
1683619200000,1.745,1.7594,1.7163,1.7593,10146.9397
1683633600000,1.7593,1.7688,1.7005,1.7063,11476.3184
1683648000000,1.7063,1.7307,1.6862,1.7208,10156.3804
1683662400000,1.7208,1.7323,1.6956,1.7078,4087.0695
1683676800000,1.7078,1.7188,1.6877,1.6893,5858.9839
1683691200000,1.6893,1.7134,1.6778,1.705,6828.579
1683705600000,1.705,1.724,1.6888,1.7224,11269.5896
1683720000000,1.7224,1.7839,1.7106,1.7394,26414.492
1683734400000,1.7394,1.7543,1.6207,1.7039,30006.0146
1683748800000,1.7039,1.7404,1.7028,1.7234,8009.7683
1683763200000,1.7234,1.7236,1.6756,1.6767,5214.6781
1683777600000,1.6767,1.6908,1.6528,1.6587,6336.705
1683792000000,1.6587,1.6584,1.6126,1.6136,10847.9558
1683806400000,1.6136,1.6443,1.5557,1.5718,24074.1723
1683820800000,1.5718,1.5787,1.4927,1.5053,18924.1012
1683835200000,1.506,1.5673,1.5052,1.557,11047.8039
1683849600000,1.5575,1.5628,1.4996,1.5059,9967.7756
1683864000000,1.5051,1.5624,1.4835,1.5448,22357.9894
1683878400000,1.545,1.6188,1.5444,1.6038,18009.2758
1683892800000,1.6035,1.6482,1.5776,1.5971,22274.9121
1683907200000,1.5971,1.6294,1.5544,1.6272,24886.936
1683921600000,1.6271,1.6858,1.6146,1.676,25470.6898
1683936000000,1.676,1.6767,1.6356,1.6424,8708.4891
1683950400000,1.6424,1.6493,1.6276,1.6484,6956.0262
1683964800000,1.6484,1.6662,1.6407,1.6552,7724.2175
1683979200000,1.6552,1.6713,1.6308,1.6391,8517.1761
1683993600000,1.6391,1.6523,1.6297,1.6363,4900.7389
1684008000000,1.6363,1.6468,1.6292,1.6381,4744.617
1684022400000,1.6381,1.6374,1.5968,1.6336,8239.708
1684036800000,1.6336,1.6468,1.6188,1.6413,6169.2041
1684051200000,1.6413,1.6532,1.6374,1.652,5909.1542
1684065600000,1.652,1.6842,1.6357,1.6673,11328.1019
1684080000000,1.6673,1.6758,1.6226,1.6279,9747.4602
1684094400000,1.6279,1.6399,1.6218,1.6343,3062.942
1684108800000,1.6343,1.6692,1.6018,1.6595,14938.5281
1684123200000,1.6595,1.6835,1.6507,1.6829,9178.1715
1684137600000,1.6829,1.7163,1.6717,1.6718,13790.5908
1684152000000,1.6718,1.6872,1.6496,1.6836,9774.5669
1684166400000,1.6836,1.6845,1.6448,1.6535,6959.0542
1684180800000,1.6535,1.6655,1.6356,1.6395,4707.4467
1684195200000,1.6395,1.6514,1.6127,1.6215,17327.7285
1684209600000,1.6215,1.6413,1.6096,1.6402,16421.4793
1684224000000,1.6402,1.6517,1.6088,1.6215,10684.6658
1684238400000,1.6215,1.6362,1.6044,1.632,11944.5054
1684252800000,1.632,1.6592,1.6144,1.6222,25014.9089
1684267200000,1.6222,1.6583,1.6214,1.6533,7054.6075
1684281600000,1.6533,1.7744,1.6348,1.7317,36313.3798
1684296000000,1.7317,1.7542,1.6898,1.6946,19049.1191
1684310400000,1.6946,1.7074,1.6647,1.6767,15769.5979
1684324800000,1.6767,1.7314,1.6698,1.6921,27951.8438
1684339200000,1.6921,1.8732,1.6717,1.8596,80146.8188
1684353600000,1.8596,1.8741,1.7971,1.8003,28565.0794
1684368000000,1.8003,1.8353,1.7808,1.8253,31320.2807
1684382400000,1.8253,1.8236,1.7758,1.8011,13305.2173
1684396800000,1.8011,1.8343,1.7917,1.8006,15444.8825
1684411200000,1.8006,1.8431,1.7708,1.8067,25541.2539
1684425600000,1.8067,1.8293,1.7148,1.7388,43305.8219
1684440000000,1.7387,1.7931,1.7268,1.7377,21390.325
1684454400000,1.7377,1.7403,1.6815,1.7069,23929.399
1684468800000,1.7069,1.7173,1.6906,1.6995,11908.0159
1684483200000,1.6995,1.7179,1.6928,1.6951,8672.397
1684497600000,1.6951,1.7144,1.6568,1.6804,26961.1757
1684512000000,1.6804,1.6903,1.6536,1.6661,18455.527
1684526400000,1.6661,1.672,1.6582,1.6685,3732.3059
1684540800000,1.6685,1.6683,1.6202,1.6534,10419.6073
1684555200000,1.6534,1.6618,1.6508,1.6604,65245.3201
1684569600000,1.6604,1.6823,1.6593,1.6761,57018.7258
1684584000000,1.6761,1.6842,1.6688,1.6775,4525.7157
1684598400000,1.6775,1.7045,1.6668,1.6875,15539.9115
1684612800000,1.6888,1.6922,1.6786,1.6914,2567.9675
1684627200000,1.6914,1.7004,1.6628,1.6698,12357.5153
1684641600000,1.6698,1.6728,1.6568,1.6611,4065.7659
1684656000000,1.6611,1.6711,1.6368,1.653,7118.5876
1684670400000,1.653,1.6767,1.6334,1.6434,9335.5585
1684684800000,1.6434,1.6464,1.6249,1.6422,4067.1043
1684699200000,1.6422,1.6482,1.6228,1.6371,3472.6697
1684713600000,1.6371,1.6444,1.5667,1.5916,20723.5182
1684728000000,1.5916,1.6263,1.5893,1.6076,8093.1098
1684742400000,1.6076,1.6254,1.607,1.6237,6238.3123
1684756800000,1.6237,1.6422,1.6076,1.6225,13853.3041
1684771200000,1.6225,1.6362,1.6167,1.6294,8658.6378
1684785600000,1.6294,1.6552,1.6246,1.6319,5394.4844
1684800000000,1.6319,1.6884,1.6146,1.6843,12907.4249
1684814400000,1.6843,1.6884,1.6528,1.6662,11021.7963
1684828800000,1.6662,1.7194,1.6578,1.6994,35322.3499
1684843200000,1.6994,1.7004,1.6698,1.6793,13060.1825
1684857600000,1.6793,1.6813,1.6598,1.6723,6664.1291
1684872000000,1.6723,1.6745,1.6625,1.6687,2020.8517
1684886400000,1.6687,1.6686,1.5998,1.6213,15016.7706
1684900800000,1.6213,1.6259,1.5988,1.6015,8135.9812
1684915200000,1.6015,1.6195,1.5989,1.6053,10603.3685
1684929600000,1.6053,1.6093,1.5467,1.5761,17188.0234
1684944000000,1.5761,1.5818,1.5598,1.5733,6523.2489
1684958400000,1.5733,1.6012,1.5712,1.594,19317.192
1684972800000,1.594,1.6003,1.5527,1.5943,16048.0404
1684987200000,1.5943,1.6133,1.5902,1.5938,6543.2839
1685001600000,1.5938,1.6072,1.5928,1.6028,5788.6232
1685016000000,1.6028,1.6243,1.5816,1.5862,11700.2545
1685030400000,1.5862,1.6403,1.5861,1.6232,9104.124
1685044800000,1.6232,1.6308,1.6168,1.6174,3412.5901
1685059200000,1.6174,1.6344,1.6137,1.6198,4601.1192
1685073600000,1.6198,1.6432,1.5998,1.632,8090.0412
1685088000000,1.632,1.6432,1.6198,1.6266,7353.4306
1685102400000,1.6266,1.6493,1.6177,1.6295,14794.7819
1685116800000,1.6295,1.6308,1.6087,1.6176,5537.3419
1685131200000,1.6187,1.6238,1.6026,1.6095,3076.4381
1685145600000,1.6095,1.6159,1.6008,1.6148,2803.1648
1685160000000,1.6148,1.6204,1.6076,1.6098,3083.825
1685174400000,1.6098,1.6107,1.6013,1.6021,2846.1909
1685188800000,1.6021,1.6078,1.5847,1.6015,5308.9727
1685203200000,1.6015,1.603,1.5829,1.5917,4030.368
1685217600000,1.5917,1.6022,1.5865,1.5997,3073.0624
1685232000000,1.5997,1.6255,1.5898,1.6185,8491.5119
1685246400000,1.6185,1.6241,1.6057,1.6214,3787.5419
1685260800000,1.6214,1.6334,1.6118,1.6204,8191.3967
1685275200000,1.6204,1.6238,1.6102,1.6155,4016.8827
1685289600000,1.6155,1.6324,1.6077,1.6186,6680.2758
1685304000000,1.6186,1.6573,1.6137,1.6422,14671.4528
1685318400000,1.6422,1.6682,1.6358,1.6363,25064.5377
1685332800000,1.6364,1.6399,1.6168,1.622,7957.5728
1685347200000,1.622,1.6372,1.6171,1.6273,11678.3369
1685361600000,1.6273,1.6283,1.5866,1.5902,10298.5786
1685376000000,1.5902,1.5909,1.5468,1.5503,23553.1747
1685390400000,1.5503,1.5504,1.5117,1.5241,17958.7378
1685404800000,1.5241,1.5353,1.5044,1.5287,74594.1207
1685419200000,1.5287,1.5299,1.5044,1.5106,12610.8502
1685433600000,1.5106,1.5473,1.5106,1.5359,15796.8975
1685448000000,1.5359,1.5359,1.4706,1.4828,48152.6668
1685462400000,1.4828,1.4855,1.4253,1.4296,29929.209
1685476800000,1.4287,1.445,1.4062,1.419,32093.3994
1685491200000,1.419,1.4913,1.4088,1.4809,51694.7353
1685505600000,1.4809,1.5284,1.4276,1.4541,61427.6669
1685520000000,1.4541,1.4548,1.3694,1.3737,49544.7088
1685534400000,1.3737,1.3854,1.3503,1.3555,88211.6903
1685548800000,1.3555,1.3995,1.3459,1.3756,30015.6764
1685563200000,1.3756,1.3965,1.3646,1.3834,11946.7908
1685577600000,1.3834,1.4024,1.3636,1.3896,36496.0777
1685592000000,1.3896,1.4024,1.3807,1.4019,22575.4496
1685606400000,1.4019,1.4335,1.3927,1.4169,34401.9405
1685620800000,1.4169,1.4274,1.3936,1.4039,18023.0203
1685635200000,1.4039,1.4175,1.3773,1.391,16914.4583
1685649600000,1.391,1.3965,1.3788,1.3875,6332.3702
1685664000000,1.3875,1.4064,1.3687,1.4064,17858.1413
1685678400000,1.4064,1.4397,1.4044,1.4101,22798.5398
1685692800000,1.4101,1.4532,1.4085,1.4523,26848.0413
1685707200000,1.4523,1.4557,1.4177,1.4404,24326.7655
1685721600000,1.4404,1.4717,1.4297,1.4641,16748.9456
1685736000000,1.464,1.4715,1.4457,1.4483,8861.2606
1685750400000,1.4483,1.4524,1.4336,1.4494,10412.7783
1685764800000,1.4494,1.4645,1.4467,1.4611,7869.0826
1685779200000,1.4611,1.4937,1.4613,1.4766,26585.1429
1685793600000,1.4766,1.4994,1.4748,1.4974,16620.1
1685808000000,1.4974,1.4991,1.4645,1.4715,13815.4478
1685822400000,1.4715,1.4854,1.4587,1.4832,8416.9165
1685836800000,1.4832,1.5233,1.4636,1.4996,21788.677
1685851200000,1.4996,1.5083,1.4897,1.5064,10258.9864
1685865600000,1.5064,1.5173,1.5016,1.5085,8878.6963
1685880000000,1.5085,1.5154,1.4921,1.5054,10269.0401
1685894400000,1.5054,1.5125,1.4867,1.5019,8487.3322
1685908800000,1.5019,1.5125,1.4706,1.4791,18964.5796
1685923200000,1.4791,1.4844,1.4369,1.451,140602.986
1685937600000,1.451,1.4537,1.4384,1.4417,111533.384
1685952000000,1.4417,1.4604,1.4283,1.4586,123072.1321
1685966400000,1.4585,1.4633,1.3606,1.3606,245897.8671
1685980800000,1.3612,1.3645,1.2722,1.3463,440080.981
1685995200000,1.3463,1.4024,1.3244,1.386,150982.6224
1686009600000,1.386,1.4024,1.3629,1.3888,163479.6522
1686024000000,1.3888,1.4224,1.3854,1.4079,131822.8347
1686038400000,1.4079,1.4265,1.3985,1.413,304834.634
1686052800000,1.413,1.5485,1.3847,1.4894,1286577.9721
1686067200000,1.4894,1.5074,1.4587,1.4869,530417.4839
1686081600000,1.4869,1.5094,1.4647,1.4955,340122.8185
1686096000000,1.4955,1.5053,1.4536,1.4709,424101.0101
1686110400000,1.4709,1.4773,1.4445,1.4488,160050.5693
1686124800000,1.4488,1.4527,1.3746,1.4121,459721.6178
1686139200000,1.4121,1.4164,1.3637,1.369,257365.6586
1686153600000,1.369,1.4015,1.3637,1.3869,165365.9382
1686168000000,1.3869,1.3923,1.3627,1.3729,124199.5734
1686182400000,1.3729,1.3923,1.3477,1.3659,112084.3875
1686196800000,1.3659,1.3753,1.3503,1.3723,61069.2401
1686211200000,1.3723,1.3814,1.3565,1.3755,73794.6429
1686225600000,1.3755,1.4387,1.3736,1.4091,192129.6772
1686240000000,1.4091,1.4105,1.3837,1.3881,62538.4467
1686254400000,1.3881,1.3935,1.3665,1.3677,65833.444
1686268800000,1.3677,1.3743,1.3487,1.3679,88563.5461
1686283200000,1.3679,1.3813,1.3594,1.3708,55128.8471
1686297600000,1.3708,1.3905,1.3544,1.3807,104782.3467
1686312000000,1.3807,1.4003,1.3606,1.3625,135698.3145
1686326400000,1.3625,1.3684,1.3155,1.3196,101813.0792
1686340800000,1.3196,1.3364,1.3167,1.3314,56064.7843
1686355200000,1.3314,1.3332,1.2485,1.2489,252251.0042
1686369600000,1.2489,1.2638,0.9008,1.0893,1026660.9975
1686384000000,1.0893,1.1105,1.0804,1.0914,269599.1799
1686398400000,1.0922,1.0924,1.0493,1.0756,229489.1359
1686412800000,1.0756,1.1242,1.0613,1.0846,250068.9346
1686427200000,1.0846,1.1042,1.0693,1.0915,93332.9086
1686441600000,1.0915,1.0965,1.0664,1.0804,68672.5164
1686456000000,1.0804,1.0917,1.0602,1.0835,71218.3742
1686470400000,1.0835,1.0967,1.0785,1.089,71386.4222
1686484800000,1.089,1.0966,1.0638,1.0683,121459.2671
1686499200000,1.0683,1.1077,1.0634,1.1043,124464.6028
1686513600000,1.1043,1.1286,1.0785,1.0927,88753.3028
1686528000000,1.0934,1.0947,1.0574,1.0798,160365.3902
1686542400000,1.0798,1.1015,1.0761,1.0894,85290.8088
1686556800000,1.0894,1.1485,1.0875,1.144,166820.5051
1686571200000,1.1445,1.1445,1.1226,1.1236,103958.7626
1686585600000,1.1236,1.1384,1.1055,1.1317,110335.4658
1686600000000,1.1317,1.1392,1.1274,1.1329,60676.164
1686614400000,1.1329,1.1484,1.1142,1.1461,125882.8273
1686628800000,1.1461,1.1577,1.1286,1.1508,76751.9091
1686643200000,1.1508,1.1687,1.1421,1.1536,99638.5487
1686657600000,1.1536,1.1904,1.1105,1.1146,224682.7046
1686672000000,1.1146,1.1485,1.1136,1.1394,57684.8446
1686686400000,1.1394,1.1524,1.1359,1.1524,34831.4385
1686700800000,1.1524,1.1644,1.1456,1.1529,51746.1327
1686715200000,1.1529,1.1551,1.1386,1.1413,44069.4551
1686729600000,1.1413,1.1566,1.1401,1.1525,33775.9149
1686744000000,1.1525,1.1566,1.1396,1.1434,29667.0321
1686758400000,1.1434,1.1635,1.1265,1.1395,69809.4355
1686772800000,1.1398,1.1409,1.0625,1.0848,143577.6962
1686787200000,1.0848,1.0975,1.0814,1.0922,27553.8563
1686801600000,1.0922,1.0927,1.0664,1.0734,32045.8206
1686816000000,1.0734,1.0812,1.0546,1.0756,44474.7762
1686830400000,1.0756,1.0906,1.0708,1.0794,30630.6515
1686844800000,1.0794,1.1045,1.0693,1.1041,36801.3052
1686859200000,1.1041,1.1225,1.0993,1.1095,41754.1391
1686873600000,1.1095,1.1266,1.1042,1.1235,42798.3193
1686888000000,1.1235,1.1294,1.1137,1.1173,42183.2155
1686902400000,1.1173,1.1237,1.0915,1.0946,43502.2413
1686916800000,1.0946,1.1085,1.0775,1.108,66741.4315
1686931200000,1.1085,1.1505,1.1051,1.1384,62622.6114
1686945600000,1.1384,1.1514,1.1286,1.1296,26083.8045
1686960000000,1.1296,1.1308,1.1135,1.1231,32306.8939
1686974400000,1.1231,1.1767,1.1187,1.1572,97661.5764
1686988800000,1.1572,1.1634,1.1496,1.1512,37200.4843
1687003200000,1.1512,1.1596,1.1356,1.1386,61522.1435
1687017600000,1.1386,1.1506,1.1334,1.1431,24707.6758
1687032000000,1.1431,1.1426,1.1334,1.1346,14456.3152
1687046400000,1.1346,1.1394,1.1144,1.1377,34104.3749
1687060800000,1.1377,1.1436,1.0925,1.1186,54157.6367
1687075200000,1.1186,1.1224,1.1124,1.1179,28264.3485
1687089600000,1.1179,1.1224,1.1083,1.1224,24760.5194
1687104000000,1.1224,1.1384,1.1212,1.1281,32001.2124
1687118400000,1.1281,1.1282,1.0915,1.0994,66526.7005
1687132800000,1.0994,1.1069,1.0834,1.1008,22256.0509
1687147200000,1.1008,1.1085,1.0998,1.1052,19672.2287
1687161600000,1.1052,1.1058,1.0944,1.0995,55839.5144
1687176000000,1.0995,1.1284,1.0984,1.1126,281321.1717
1687190400000,1.1126,1.1354,1.0915,1.123,333242.2062
1687204800000,1.123,1.1344,1.1214,1.1325,94218.847
1687219200000,1.1325,1.1624,1.1312,1.1517,297391.0373
1687233600000,1.1517,1.1806,1.1507,1.1775,269764.2999
1687248000000,1.1775,1.1804,1.1545,1.1681,265432.6471
1687262400000,1.1681,1.2068,1.1551,1.2008,428774.0881
1687276800000,1.2008,1.3443,1.1966,1.3338,1133097.4722
1687291200000,1.3338,1.3459,1.3165,1.3285,452260.7289
1687305600000,1.3285,1.3883,1.3192,1.3383,576627.5916
1687320000000,1.3383,1.3673,1.3226,1.3477,491640.7722
1687334400000,1.3477,1.396,1.3316,1.3878,468009.2933
1687348800000,1.3878,1.4116,1.3565,1.3952,600342.4676
1687363200000,1.3952,1.5053,1.3915,1.4269,802691.1447
1687377600000,1.4269,1.4453,1.4166,1.4336,229415.4957
1687392000000,1.4336,1.4913,1.4216,1.4735,332442.3807
1687406400000,1.4738,1.4743,1.4035,1.4173,289675.7724
1687420800000,1.4173,1.4187,1.3324,1.3492,510800.1059
1687435200000,1.3492,1.4003,1.3499,1.3829,406365.5262
1687449600000,1.3829,1.4116,1.3703,1.39,233865.5364
1687464000000,1.39,1.3897,1.3497,1.3563,193113.4331
1687478400000,1.3563,1.3827,1.3546,1.3827,147042.8202
1687492800000,1.3827,1.393,1.3786,1.3864,117815.4587
1687507200000,1.3864,1.3973,1.3665,1.3802,179682.514
1687521600000,1.3802,1.4552,1.3747,1.4506,533977.4247
1687536000000,1.4511,1.4594,1.3935,1.4017,388720.469
1687550400000,1.4017,1.4147,1.3766,1.3862,111285.5917
1687564800000,1.3865,1.3865,1.3417,1.3675,350475.4406
1687579200000,1.3675,1.3758,1.3186,1.3379,335329.1208
1687593600000,1.3379,1.3523,1.3324,1.3388,157294.6257
1687608000000,1.3388,1.3496,1.2576,1.2901,363500.1804
1687622400000,1.2901,1.3043,1.2777,1.2963,199261.2476
1687636800000,1.2963,1.3094,1.2844,1.307,86641.8949
1687651200000,1.307,1.3686,1.2966,1.3668,221820.6751
1687665600000,1.3668,1.3736,1.3316,1.3403,194222.0748
1687680000000,1.3403,1.3703,1.3365,1.3652,193710.1279
1687694400000,1.3652,1.3693,1.3078,1.3142,277118.2532
1687708800000,1.3146,1.3573,1.3124,1.3468,192094.0545
1687723200000,1.3468,1.3531,1.3276,1.3315,64704.4273
1687737600000,1.3315,1.3333,1.2896,1.3099,186519.5433
1687752000000,1.3099,1.3817,1.3006,1.3458,269728.5953
1687766400000,1.3458,1.3483,1.3116,1.332,154708.5856
1687780800000,1.332,1.3526,1.3026,1.3216,218382.0105
1687795200000,1.3216,1.3286,1.2616,1.2849,221172.066
1687809600000,1.2849,1.2876,1.2654,1.2814,49219.4306
1687824000000,1.2814,1.3545,1.2734,1.3325,327108.8424
1687838400000,1.3325,1.3476,1.3206,1.3419,162562.5573
1687852800000,1.3419,1.3554,1.3275,1.3457,135526.3129
1687867200000,1.3457,1.3505,1.3096,1.3107,140867.0373
1687881600000,1.3116,1.3477,1.3076,1.3229,67087.5539
1687896000000,1.3229,1.3234,1.3015,1.309,55100.0738
1687910400000,1.309,1.3094,1.2646,1.2797,216507.8433
1687924800000,1.2797,1.2804,1.2234,1.2307,280222.5315
1687939200000,1.2307,1.2597,1.2234,1.249,151368.6847
1687953600000,1.249,1.2624,1.2336,1.2589,188494.5419
1687968000000,1.2589,1.2629,1.163,1.1924,244684.6644
1687982400000,1.1924,1.2302,1.1816,1.2171,114487.3762
1687996800000,1.2171,1.2334,1.2043,1.2126,118999.6589
1688011200000,1.2126,1.2415,1.2104,1.2399,92614.198
1688025600000,1.2399,1.2498,1.2331,1.246,152656.7112
1688040000000,1.246,1.2535,1.2175,1.223,159470.4379
1688054400000,1.223,1.2345,1.2126,1.2273,89248.2927
1688068800000,1.2273,1.2283,1.2036,1.2211,65267.4278
1688083200000,1.2211,1.2775,1.2016,1.2655,284628.2319
1688097600000,1.2655,1.3017,1.2546,1.2698,229387.3221
1688112000000,1.2698,1.3245,1.2665,1.3203,252918.0046
1688126400000,1.3203,1.3288,1.1834,1.2766,744516.1974
1688140800000,1.2761,1.376,1.2674,1.3286,673922.6133
1688155200000,1.3286,1.35,1.3224,1.3322,186909.0154
1688169600000,1.3322,1.3505,1.3214,1.3246,153339.161
1688184000000,1.3246,1.3326,1.3055,1.3315,106119.2022
1688198400000,1.3315,1.3486,1.3235,1.3481,106821.5386
1688212800000,1.3481,1.3787,1.3441,1.357,193303.3254
1688227200000,1.357,1.3626,1.3296,1.3458,91935.9445
1688241600000,1.3458,1.3495,1.3374,1.347,55796.4644
1688256000000,1.347,1.3475,1.3126,1.3165,126128.7065
1688270400000,1.3165,1.3493,1.3084,1.3384,184138.6369
1688284800000,1.3384,1.3404,1.3274,1.3336,105677.4068
1688299200000,1.3336,1.3369,1.2906,1.3118,136742.0435
1688313600000,1.3118,1.3266,1.2994,1.3163,82543.7486
1688328000000,1.3163,1.3483,1.3096,1.3333,93331.2431
1688342400000,1.3334,1.3535,1.3246,1.3463,126749.3547
1688356800000,1.3463,1.3658,1.3336,1.3578,146180.523
1688371200000,1.3575,1.3704,1.3477,1.3478,144839.407
1688385600000,1.3478,1.376,1.3266,1.364,202174.6822
1688400000000,1.364,1.3654,1.3337,1.347,127962.1265
1688414400000,1.347,1.3543,1.3235,1.3543,111136.8375
1688428800000,1.3543,1.3628,1.3324,1.3575,190110.9025
1688443200000,1.3575,1.3613,1.3337,1.3374,122704.5629
1688457600000,1.3374,1.3409,1.312,1.3349,106302.9877
1688472000000,1.3349,1.3366,1.3116,1.3224,99139.2566
1688486400000,1.3224,1.3325,1.2705,1.2812,154910.495
1688500800000,1.2812,1.2981,1.2793,1.2819,50115.6249
1688515200000,1.2819,1.301,1.2806,1.3004,86473.4903
1688529600000,1.3004,1.3018,1.2856,1.286,97764.3373
1688544000000,1.286,1.2862,1.2316,1.2496,289716.2439
1688558400000,1.2496,1.2535,1.2124,1.2171,274811.6176
1688572800000,1.2171,1.2374,1.2124,1.2251,119732.1554
1688587200000,1.2251,1.2366,1.2194,1.2337,49720.3601
1688601600000,1.2337,1.2434,1.2206,1.2413,53776.9932
1688616000000,1.2414,1.2548,1.2295,1.2466,126469.1351
1688630400000,1.2466,1.2789,1.2305,1.237,198778.0059
1688644800000,1.237,1.2375,1.1855,1.2184,276213.2894
1688659200000,1.2184,1.2255,1.2006,1.2067,65461.2534
1688673600000,1.206,1.2154,1.1855,1.1862,72239.8988
1688688000000,1.1862,1.2084,1.1706,1.2042,105401.6154
1688702400000,1.2042,1.2058,1.1885,1.1917,58014.1204
1688716800000,1.1917,1.2084,1.1877,1.2032,92896.023
1688731200000,1.2032,1.2236,1.1946,1.2145,162127.5247
1688745600000,1.2145,1.2186,1.1996,1.2095,60914.6225
1688760000000,1.2095,1.2254,1.2089,1.2254,39850.7174
1688774400000,1.2254,1.2354,1.2194,1.2201,55322.8847
1688788800000,1.2201,1.2228,1.2106,1.2194,55179.8281
1688803200000,1.2194,1.2294,1.2054,1.2106,113786.5216
1688817600000,1.2106,1.213,1.2036,1.207,43934.4403
1688832000000,1.207,1.2136,1.1956,1.1978,69017.0628
1688846400000,1.1978,1.2186,1.1906,1.2163,41451.5514
1688860800000,1.2163,1.2284,1.2144,1.221,67395.2063
1688875200000,1.221,1.2217,1.2066,1.2104,64166.3207
1688889600000,1.2104,1.2141,1.2082,1.2116,35593.2303
1688904000000,1.2116,1.2157,1.1987,1.214,76399.4027
1688918400000,1.214,1.2204,1.2118,1.2186,28063.0557
1688932800000,1.2186,1.2217,1.2086,1.2133,36093.1075
1688947200000,1.2133,1.2147,1.1736,1.1875,354751.3521
1688961600000,1.1875,1.1916,1.1785,1.1812,65432.813
1688976000000,1.1812,1.1884,1.1587,1.1857,165668.1103
1688990400000,1.1857,1.1987,1.1851,1.1972,98134.3358
1689004800000,1.1972,1.2189,1.1892,1.2177,79876.7627
1689019200000,1.2177,1.2254,1.1906,1.1994,111878.96
1689033600000,1.1994,1.2196,1.1926,1.2189,122802.3334
1689048000000,1.2189,1.2239,1.2145,1.2156,78963.1672
1689062400000,1.2156,1.2204,1.1986,1.2076,73213.8402
1689076800000,1.2076,1.2221,1.1975,1.215,91868.7706
1689091200000,1.215,1.2438,1.2104,1.2215,123580.5271
1689105600000,1.2215,1.2258,1.2134,1.2241,58441.5235
1689120000000,1.2241,1.2304,1.2221,1.2265,59234.8243
1689134400000,1.2265,1.2415,1.2205,1.2381,89036.419
1689148800000,1.2381,1.2449,1.2345,1.243,65971.8213
1689163200000,1.243,1.2684,1.2358,1.2422,285906.925
1689177600000,1.2422,1.2485,1.1926,1.1975,165789.4068
1689192000000,1.1975,1.2187,1.1955,1.2167,71189.5114
1689206400000,1.2167,1.2204,1.2085,1.2129,85482.5227
1689220800000,1.2129,1.2385,1.2074,1.2312,87297.0292
1689235200000,1.2312,1.2596,1.2305,1.2578,128674.7084
1689249600000,1.2578,1.3473,1.2526,1.3183,479291.2912
1689264000000,1.3183,1.4251,1.3085,1.3828,980757.9915
1689278400000,1.3828,1.3904,1.3492,1.371,243874.8324
1689292800000,1.371,1.4009,1.3637,1.3704,315368.7906
1689307200000,1.3704,1.436,1.3674,1.4286,358507.3644
1689321600000,1.4286,1.4287,1.3776,1.3921,283400.2449
1689336000000,1.3921,1.5675,1.3886,1.5547,736861.8384
1689350400000,1.5547,1.6374,1.3717,1.4117,2092916.0641
1689364800000,1.4117,1.4587,1.3847,1.4563,427205.841
1689379200000,1.4568,1.4774,1.4367,1.4523,460194.2857
1689393600000,1.4523,1.5273,1.4366,1.5054,384883.6701
1689408000000,1.5054,1.5473,1.4946,1.4951,372156.4944
1689422400000,1.4951,1.5133,1.4629,1.4668,288368.3133
1689436800000,1.4668,1.4784,1.4507,1.4647,178259.5969
1689451200000,1.4647,1.4641,1.4466,1.4583,75365.6805
1689465600000,1.4579,1.4714,1.4017,1.4473,235090.5757
1689480000000,1.4473,1.4643,1.4347,1.4347,125350.9165
1689494400000,1.4347,1.4866,1.4346,1.474,166723.8508
1689508800000,1.4735,1.5034,1.4637,1.4842,209116.1893
1689523200000,1.4842,1.4863,1.4587,1.4686,138039.1369
1689537600000,1.4698,1.5139,1.4595,1.4914,156576.1071
1689552000000,1.4912,1.5465,1.4863,1.5181,372798.2814
1689566400000,1.5181,1.5318,1.4777,1.4863,188311.9044
1689580800000,1.4863,1.4875,1.4177,1.4537,371131.1977
1689595200000,1.4537,1.4813,1.4266,1.4652,154295.9851
1689609600000,1.4652,1.4744,1.4167,1.4452,256997.3071
1689624000000,1.4452,1.4837,1.4403,1.4811,74179.9229
1689638400000,1.4811,1.5367,1.478,1.5159,290956.8442
1689652800000,1.5143,1.5318,1.4714,1.5002,310106.742
1689667200000,1.5002,1.5581,1.4895,1.4923,387278.5884
1689681600000,1.4923,1.5028,1.4457,1.4531,272110.6644
1689696000000,1.4531,1.4633,1.4136,1.4307,204796.3993
1689710400000,1.4307,1.4365,1.4206,1.4299,70407.4652
1689724800000,1.4299,1.4762,1.4185,1.4701,149895.9143
1689739200000,1.4701,1.5065,1.4647,1.4755,123843.0355
1689753600000,1.4755,1.5166,1.4617,1.5097,203842.1167
1689768000000,1.5088,1.5562,1.4935,1.5307,442462.782
1689782400000,1.5307,1.6302,1.5167,1.5941,537015.792
1689796800000,1.5941,1.5973,1.5457,1.5653,231136.1887
1689811200000,1.5653,1.5935,1.5376,1.5441,182674.7696
1689825600000,1.5441,1.5863,1.5356,1.5828,163857.13
1689840000000,1.5822,1.6062,1.5678,1.571,260413.4981
1689854400000,1.571,1.5728,1.5117,1.525,287458.0519
1689868800000,1.525,1.5455,1.5137,1.5347,181150.2419
1689883200000,1.5347,1.5433,1.5195,1.5348,119040.9432
1689897600000,1.5348,1.5563,1.5177,1.5416,164895.7835
1689912000000,1.5416,1.5424,1.5087,1.5185,185998.1448
1689926400000,1.5185,1.5316,1.5017,1.5184,129232.9962
1689940800000,1.5184,1.5413,1.5146,1.5258,136721.2525
1689955200000,1.5258,1.5405,1.5127,1.5286,80427.8652
1689969600000,1.5286,1.5295,1.5055,1.5086,55223.0775
1689984000000,1.5086,1.5403,1.5067,1.533,88559.9303
1689998400000,1.533,1.5358,1.5253,1.5333,33589.8936
1690012800000,1.5333,1.5395,1.5137,1.528,108588.8157
1690027200000,1.528,1.5583,1.5265,1.5582,99167.8759
1690041600000,1.5582,1.5882,1.5498,1.5792,161102.0887
1690056000000,1.5787,1.5902,1.5449,1.5663,193018.8248
1690070400000,1.5663,1.5842,1.5405,1.5748,186929.42
1690084800000,1.5748,1.5835,1.5558,1.5563,85193.5617
1690099200000,1.5563,1.5702,1.5527,1.5681,55217.9484
1690113600000,1.5681,1.5752,1.5405,1.5414,76804.0107
1690128000000,1.5414,1.6517,1.5406,1.6124,625558.1904
1690142400000,1.6124,1.6252,1.5698,1.5815,234143.7025
1690156800000,1.5815,1.5852,1.5516,1.5562,108514.1397
1690171200000,1.5562,1.5842,1.5387,1.5619,260505.1653
1690185600000,1.5619,1.5654,1.4755,1.5316,449666.7958
1690200000000,1.5316,1.5558,1.5118,1.5264,349945.2662
1690214400000,1.5264,1.5272,1.4939,1.5151,158103.3784
1690228800000,1.5151,1.5174,1.4943,1.5082,78072.0394
1690243200000,1.5082,1.5227,1.4986,1.5087,128701.0044
1690257600000,1.5087,1.5087,1.4587,1.4694,201808.1567
1690272000000,1.4694,1.5024,1.4674,1.4911,130811.4721
1690286400000,1.4911,1.5154,1.4826,1.4847,183862.5048
1690300800000,1.4847,1.4904,1.4676,1.4683,95179.2857
1690315200000,1.4683,1.4687,1.4456,1.4503,82795.5535
1690329600000,1.4503,1.4715,1.4247,1.4582,274471.431
1690344000000,1.4576,1.4763,1.4506,1.4525,100300.9036
1690358400000,1.4526,1.4763,1.4488,1.4727,85225.5764
1690372800000,1.4727,1.4907,1.471,1.4893,87574.2653
1690387200000,1.4893,1.5243,1.4678,1.5098,252471.5945
1690401600000,1.5099,1.5433,1.5056,1.5119,144105.9169
1690416000000,1.5119,1.5213,1.4987,1.5117,89821.8999
1690430400000,1.5117,1.5357,1.5116,1.532,142175.8749
1690444800000,1.532,1.5672,1.5274,1.5478,197908.3214
1690459200000,1.5478,1.5542,1.5237,1.5237,160512.5403
1690473600000,1.5241,1.5265,1.4916,1.5028,112610.0344
1690488000000,1.5028,1.5104,1.4936,1.4967,57600.7789
1690502400000,1.4967,1.5008,1.4816,1.4941,93165.6739
1690516800000,1.4941,1.4944,1.4627,1.4696,116157.3595
1690531200000,1.4696,1.4873,1.4675,1.4792,76861.3981
1690545600000,1.4792,1.5004,1.4757,1.4793,228709.3868
1690560000000,1.4793,1.4825,1.4656,1.4768,53361.8586
1690574400000,1.4768,1.4797,1.4736,1.4775,28415.911
1690588800000,1.4775,1.5012,1.474,1.4902,93185.312
1690603200000,1.4902,1.5043,1.4896,1.4975,53441.9487
1690617600000,1.4975,1.5105,1.4937,1.4937,71618.2352
1690632000000,1.4937,1.5014,1.4905,1.4978,49003.4317
1690646400000,1.4978,1.5094,1.4937,1.5078,67368.4166
1690660800000,1.5078,1.5144,1.5025,1.5078,33033.8859
1690675200000,1.5078,1.5583,1.4995,1.5544,165293.8913
1690689600000,1.5544,1.6028,1.5505,1.5873,366525.7772
1690704000000,1.5873,1.6083,1.5717,1.5847,223853.465
1690718400000,1.5852,1.6291,1.5805,1.5843,352803.751
1690732800000,1.5843,1.5892,1.5417,1.5488,241534.6979
1690747200000,1.5481,1.6302,1.5316,1.6222,402987.5379
1690761600000,1.6222,1.6922,1.6128,1.677,791932.1
1690776000000,1.677,1.6932,1.6667,1.6878,272934.541
1690790400000,1.6878,1.7663,1.6772,1.6853,512518.8676
1690804800000,1.6852,1.6923,1.6456,1.6471,608367.5059
1690819200000,1.6471,1.6651,1.6227,1.6264,271115.5748
1690833600000,1.6259,1.6332,1.6067,1.6139,215366.9936
1690848000000,1.6142,1.6212,1.5587,1.5825,379213.8619
1690862400000,1.5825,1.5923,1.5545,1.5811,236890.7195
1690876800000,1.5811,1.5968,1.5777,1.585,110992.6228
1690891200000,1.585,1.6271,1.5698,1.6072,348776.2646
1690905600000,1.6069,1.633,1.5768,1.6285,228615.6971
1690920000000,1.6285,1.6522,1.6067,1.6492,144197.9326
1690934400000,1.6492,1.6774,1.6226,1.6462,432682.5493
1690948800000,1.6462,1.6475,1.6134,1.6143,143797.5939
1690963200000,1.6142,1.6554,1.6097,1.6525,129207.8791
1690977600000,1.6525,1.6675,1.6208,1.6589,333908.8579
1690992000000,1.6589,1.6612,1.6077,1.6226,249129.0291
1691006400000,1.6226,1.6588,1.6216,1.6387,110052.36
1691020800000,1.6387,1.6855,1.6362,1.6636,297888.5244
1691035200000,1.6636,1.6678,1.6408,1.6544,126333.8394
1691049600000,1.6544,1.6822,1.6402,1.6771,216079.4265
1691064000000,1.6773,1.7285,1.6556,1.6962,691428.9234
1691078400000,1.6962,1.7496,1.6927,1.7393,513292.3138
1691092800000,1.7393,1.7462,1.7038,1.7142,225092.8656
1691107200000,1.7142,1.7322,1.6987,1.7136,160941.3901
1691121600000,1.7136,1.7322,1.7017,1.7234,196949.887
1691136000000,1.723,1.7323,1.7047,1.7092,128752.2961
1691150400000,1.7092,1.7552,1.7076,1.7339,297444.2898
1691164800000,1.7339,1.7374,1.6967,1.71,202029.521
1691179200000,1.71,1.7124,1.6762,1.6884,165587.8792
1691193600000,1.6884,1.7202,1.6766,1.7068,153978.6386
1691208000000,1.7068,1.7089,1.6777,1.6871,83604.829
1691222400000,1.6871,1.6982,1.6618,1.6668,176016.7027
1691236800000,1.6668,1.6822,1.6566,1.6707,125844.6326
1691251200000,1.6707,1.6804,1.6538,1.6729,84906.3163
1691265600000,1.6729,1.6986,1.6646,1.6902,73863.2386
1691280000000,1.6902,1.7089,1.6757,1.6941,103578.2686
1691294400000,1.6941,1.7044,1.6876,1.698,93290.8318
1691308800000,1.698,1.7051,1.6888,1.6963,63496.3327
1691323200000,1.6963,1.6987,1.6798,1.6933,97916.3209
1691337600000,1.6928,1.7143,1.6893,1.7096,83323.801
1691352000000,1.7096,1.7255,1.7027,1.7028,97408.708
1691366400000,1.7028,1.7433,1.6928,1.7429,152018.1757
1691380800000,1.7429,1.7589,1.7187,1.7253,248915.5876
1691395200000,1.7253,1.7473,1.7186,1.7436,121255.7327
1691409600000,1.7422,1.7503,1.7012,1.7108,244380.0703
1691424000000,1.7108,1.7951,1.6758,1.7685,521163.0222
1691438400000,1.7685,1.8072,1.768,1.7981,233894.1751
1691452800000,1.7981,1.8231,1.7608,1.7627,301325.5527
1691467200000,1.7627,1.7666,1.7125,1.716,289862.8346
1691481600000,1.716,1.7332,1.6758,1.7043,445764.7738
1691496000000,1.7043,1.7288,1.6749,1.6927,359529.6787
1691510400000,1.6927,1.7112,1.6647,1.6905,291893.767
1691524800000,1.6905,1.7261,1.6797,1.6802,221726.3564
1691539200000,1.6802,1.7022,1.6666,1.6827,189292.8998
1691553600000,1.6827,1.7048,1.6791,1.7006,87919.7351
1691568000000,1.7006,1.7032,1.6701,1.6743,179364.1446
1691582400000,1.6737,1.6775,1.6267,1.6318,508344.4003
1691596800000,1.6319,1.6363,1.5236,1.5329,551545.0567
1691611200000,1.5329,1.5632,1.5321,1.5524,264165.2794
1691625600000,1.5524,1.5822,1.5475,1.5634,207104.7619
1691640000000,1.5634,1.5711,1.5545,1.562,140929.7496
1691654400000,1.562,1.5877,1.5597,1.5659,113261.4291
1691668800000,1.5653,1.5882,1.5588,1.5814,214846.4307
1691683200000,1.5814,1.5992,1.5757,1.5766,185542.5186
1691697600000,1.5766,1.5862,1.5717,1.581,49767.1751
1691712000000,1.581,1.6074,1.5757,1.5882,130241.8531
1691726400000,1.5882,1.6022,1.5882,1.5948,113939.6542
1691740800000,1.5948,1.5982,1.5872,1.5945,70197.3547
1691755200000,1.5945,1.6034,1.5747,1.579,151281.1622
1691769600000,1.579,1.5908,1.5745,1.5818,80489.9293
1691784000000,1.5818,1.5887,1.5746,1.588,32114.7517
1691798400000,1.588,1.5963,1.5596,1.5624,215023.5577
1691812800000,1.5624,1.5668,1.5582,1.5636,58035.9363
1691827200000,1.5636,1.5663,1.5545,1.5663,44462.6444
1691841600000,1.5663,1.5678,1.538,1.5447,77490.521
1691856000000,1.5447,1.5582,1.5395,1.552,52619.2683
1691870400000,1.552,1.5573,1.5472,1.5517,27588.1726
1691884800000,1.5517,1.5592,1.5469,1.5537,58275.726
1691899200000,1.5537,1.5543,1.5385,1.554,61863.024
1691913600000,1.554,1.5642,1.5494,1.5522,77123.0984
1691928000000,1.5522,1.5622,1.5386,1.5426,63733.3959
1691942400000,1.5426,1.5644,1.5253,1.5586,84143.694
1691956800000,1.5586,1.5598,1.5267,1.5401,79366.9
1691971200000,1.5401,1.5658,1.5367,1.5646,131632.2897
1691985600000,1.5646,1.5718,1.5595,1.5637,88605.1452
1692000000000,1.5637,1.5753,1.5628,1.5685,84569.2725
1692014400000,1.5685,1.5703,1.5445,1.5655,127295.7108
1692028800000,1.5655,1.5678,1.5077,1.5257,177387.3691
1692043200000,1.5257,1.5373,1.5196,1.5313,55559.5723
1692057600000,1.5313,1.5355,1.5215,1.5267,78108.121
1692072000000,1.5267,1.5278,1.5106,1.5196,83938.9809
1692086400000,1.5196,1.5221,1.5027,1.5054,87040.4284
1692100800000,1.5053,1.5203,1.4919,1.5089,200190.8987
1692115200000,1.5092,1.535,1.4099,1.4627,436669.5586
1692129600000,1.4627,1.4857,1.4556,1.4706,116211.5073
1692144000000,1.4708,1.4903,1.4646,1.4765,265414.3318
1692158400000,1.4765,1.4836,1.4477,1.4678,171916.9776
1692172800000,1.4678,1.4764,1.4583,1.4632,129688.3219
1692187200000,1.4623,1.4637,1.4146,1.4374,268356.3357
1692201600000,1.4371,1.4613,1.4257,1.4426,134797.196
1692216000000,1.4426,1.4467,1.3747,1.4112,375553.5521
1692230400000,1.4107,1.4423,1.3767,1.4336,190813.4308
1692244800000,1.4336,1.4634,1.4326,1.4472,149487.5495
1692259200000,1.4472,1.455,1.4385,1.4501,101365.9971
1692273600000,1.4501,1.4564,1.4017,1.4114,396076.918
1692288000000,1.4115,1.4464,1.4087,1.4303,254796.0376
1692302400000,1.4303,1.4341,1.2126,1.3651,1012013.7029
1692316800000,1.3651,1.3923,1.3446,1.3626,335620.7213
1692331200000,1.3626,1.4213,1.3476,1.4123,360210.9319
1692345600000,1.4141,1.4513,1.4076,1.4426,356947.6083
1692360000000,1.4426,1.4543,1.4117,1.4321,308543.5222
1692374400000,1.4321,1.4613,1.4033,1.4253,395629.0885
1692388800000,1.4253,1.4476,1.4207,1.44,86938.7846
1692403200000,1.44,1.4611,1.4384,1.4463,104119.3176
1692417600000,1.4463,1.4564,1.4286,1.4442,93598.3839
1692432000000,1.4442,1.4853,1.442,1.4728,174070.4751
1692446400000,1.4728,1.4974,1.4654,1.4931,108512.5666
1692460800000,1.4931,1.5163,1.4727,1.4733,172655.0359
1692475200000,1.4733,1.4753,1.4577,1.4732,57332.3791
1692489600000,1.4732,1.4792,1.4605,1.4611,78806.4395
1692504000000,1.4611,1.4703,1.4576,1.4644,60877.5192
1692518400000,1.4644,1.4814,1.4577,1.4715,66888.8812
1692532800000,1.4715,1.4873,1.4517,1.4647,146623.2741
1692547200000,1.4647,1.4753,1.4477,1.4639,74292.0435
1692561600000,1.4639,1.4813,1.4632,1.4728,56230.9515
1692576000000,1.4728,1.4933,1.4653,1.4736,147577.8189
1692590400000,1.4736,1.4933,1.4655,1.4933,129023.2401
1692604800000,1.4933,1.5187,1.4777,1.5144,351767.1398
1692619200000,1.5144,1.5555,1.5027,1.5257,516504.7483
1692633600000,1.5257,1.5464,1.5113,1.5417,144861.2507
1692648000000,1.5417,1.5484,1.5297,1.5297,59199.1652
1692662400000,1.5297,1.5404,1.5166,1.5326,105269.6798
1692676800000,1.5326,1.5774,1.5245,1.5587,250896.9324
1692691200000,1.5587,1.5823,1.558,1.5653,184557.7762
1692705600000,1.5653,1.5683,1.5447,1.5591,265378.7476
1692720000000,1.5591,1.5781,1.5196,1.5333,394504.2319
1692734400000,1.5333,1.5983,1.4959,1.577,313210.2969
1692748800000,1.577,1.5977,1.5747,1.5747,124744.0252
1692763200000,1.5747,1.5952,1.5694,1.5726,133483.3676
1692777600000,1.5726,1.5746,1.5567,1.5568,110706.7119
1692792000000,1.5568,1.5724,1.5276,1.5656,229017.2686
1692806400000,1.5656,1.6202,1.5617,1.592,239018.0912
1692820800000,1.592,1.5926,1.5496,1.5602,126182.8338
1692835200000,1.5602,1.5762,1.553,1.5717,90521.911
1692849600000,1.5717,1.5731,1.5506,1.5589,75974.926
1692864000000,1.5589,1.5636,1.5446,1.5585,78116.8893
1692878400000,1.5585,1.5626,1.5336,1.5414,194150.8994
1692892800000,1.5414,1.5488,1.5227,1.5461,121408.0009
1692907200000,1.5461,1.5902,1.5346,1.5858,218524.9944
1692921600000,1.5858,1.5912,1.5277,1.5389,193416.9747
1692936000000,1.5389,1.5398,1.4797,1.5002,345336.6227
1692950400000,1.5002,1.5073,1.4826,1.4915,114659.7377
1692964800000,1.4915,1.5243,1.4747,1.4972,384054.3366
1692979200000,1.4972,1.4995,1.4664,1.4675,217157.9798
1692993600000,1.4675,1.4773,1.4616,1.4694,89445.1916
1693008000000,1.4694,1.4933,1.4457,1.4844,162124.7331
1693022400000,1.4844,1.4938,1.4776,1.4899,62015.5253
1693036800000,1.4899,1.4986,1.4855,1.4951,87039.7706
1693051200000,1.4951,1.4957,1.4805,1.4865,54508.5692
1693065600000,1.4865,1.4878,1.4666,1.474,37755.1329
1693080000000,1.474,1.4882,1.4715,1.4812,22931.4772
1693094400000,1.4812,1.4934,1.4737,1.4737,83427.6316
1693108800000,1.4737,1.4767,1.4646,1.4664,81262.006
1693123200000,1.4664,1.4763,1.4646,1.4661,44084.377
1693137600000,1.4661,1.4787,1.4626,1.4638,85071.1211
1693152000000,1.4638,1.4644,1.4384,1.4411,119880.8704
1693166400000,1.4411,1.4538,1.4356,1.4529,66695.0095
1693180800000,1.4529,1.4537,1.4166,1.4266,149193.6915
1693195200000,1.4266,1.4304,1.4096,1.421,108728.3957
1693209600000,1.421,1.4503,1.4057,1.4394,126346.957
1693224000000,1.4394,1.4603,1.42,1.4246,178507.9341
1693238400000,1.4246,1.4256,1.4076,1.417,72009.1177
1693252800000,1.417,1.4244,1.4026,1.4229,53384.313
1693267200000,1.4229,1.4432,1.4164,1.4332,114204.9668
1693281600000,1.4332,1.4357,1.42,1.4209,58609.5154
1693296000000,1.4209,1.4393,1.4116,1.4264,100155.2292
1693310400000,1.4264,1.5334,1.4232,1.4938,816694.3111
1693324800000,1.4938,1.5183,1.4895,1.4975,224567.968
1693339200000,1.4975,1.502,1.4866,1.4943,93759.4812
1693353600000,1.4943,1.4954,1.4597,1.4701,120420.681
1693368000000,1.4701,1.4816,1.4694,1.4735,66820.4596
1693382400000,1.4735,1.4837,1.47,1.4777,62205.4543
1693396800000,1.4777,1.5094,1.4737,1.4981,270866.4993
1693411200000,1.4981,1.4991,1.4766,1.4874,85406.5808
1693425600000,1.4874,1.4954,1.4786,1.4827,52835.7563
1693440000000,1.4827,1.4829,1.4666,1.4703,80069.5367
1693454400000,1.4703,1.4832,1.4682,1.4813,66995.9931
1693468800000,1.4813,1.4953,1.47,1.4864,89553.0082
1693483200000,1.4864,1.4871,1.4257,1.443,188385.9476
1693497600000,1.443,1.4476,1.3723,1.3901,320589.5418
1693512000000,1.3901,1.4013,1.3678,1.3918,157463.0999
1693526400000,1.3918,1.4035,1.3787,1.3868,74322.8654
1693540800000,1.3868,1.3876,1.3775,1.378,53354.2529
1693555200000,1.378,1.3823,1.3719,1.3815,64764.9308
1693569600000,1.3815,1.3892,1.3425,1.344,177113.2448
1693584000000,1.344,1.3442,1.2992,1.3131,332095.4763
1693598400000,1.3131,1.3304,1.3083,1.3196,99598.6134
1693612800000,1.3196,1.3284,1.3135,1.3278,67623.4079
1693627200000,1.3278,1.3395,1.3244,1.3322,78334.104
1693641600000,1.3322,1.3338,1.3174,1.3293,71866.5264
1693656000000,1.3293,1.3341,1.3205,1.3206,106236.9079
1693670400000,1.3206,1.3256,1.2856,1.3039,133529.2591
1693684800000,1.3039,1.3192,1.3017,1.319,38734.1732
1693699200000,1.319,1.3336,1.313,1.3305,59618.5188
1693713600000,1.3305,1.3384,1.3285,1.3331,48186.3394
1693728000000,1.3331,1.3375,1.3265,1.3363,33209.6123
1693742400000,1.3363,1.3455,1.3276,1.3306,96567.3705
1693756800000,1.3306,1.3383,1.31,1.3374,75455.8706
1693771200000,1.3374,1.3423,1.3324,1.3365,73883.0671
1693785600000,1.3365,1.3691,1.3343,1.3484,128406.9158
1693800000000,1.3484,1.3537,1.3395,1.3457,49622.9211
1693814400000,1.3457,1.3495,1.333,1.3361,58859.6688
1693828800000,1.3361,1.3404,1.316,1.3293,111734.0738
1693843200000,1.3293,1.3396,1.3266,1.3391,38825.464
1693857600000,1.3391,1.3415,1.3176,1.3405,58967.0058
1693872000000,1.3405,1.3414,1.3086,1.3157,102919.931
1693886400000,1.3157,1.3256,1.3147,1.3222,46691.8169
1693900800000,1.3222,1.3318,1.3165,1.3295,41209.0129
1693915200000,1.3295,1.3465,1.3226,1.3403,110148.711
1693929600000,1.3403,1.3477,1.334,1.3355,55918.845
1693944000000,1.3355,1.3466,1.3323,1.3453,35570.5084
1693958400000,1.3453,1.3573,1.339,1.3472,106788.3007
1693972800000,1.3472,1.3474,1.3235,1.3286,96198.2429
1693987200000,1.3286,1.3345,1.3259,1.3262,33942.747
1694001600000,1.3262,1.3324,1.31,1.3162,105879.6967
1694016000000,1.3162,1.3507,1.2985,1.3249,151906.2322
1694030400000,1.3249,1.3354,1.3243,1.3304,23621.4621
1694044800000,1.3304,1.3376,1.3236,1.3365,39407.4309
1694059200000,1.3365,1.3403,1.3235,1.3235,46654.1369
1694073600000,1.3235,1.325,1.3121,1.3123,35478.6497
1694088000000,1.3123,1.3234,1.3059,1.3206,77814.4838
1694102400000,1.3206,1.3305,1.3175,1.3251,49138.0178
1694116800000,1.3251,1.3473,1.3244,1.34,85613.6346
1694131200000,1.34,1.3492,1.3245,1.3297,88807.9152
1694145600000,1.3297,1.3349,1.3245,1.326,43175.9887
1694160000000,1.326,1.3264,1.2952,1.304,104936.0885
1694174400000,1.304,1.3124,1.3023,1.3034,38535.4914
1694188800000,1.3034,1.3056,1.2985,1.3041,46545.6159
1694203200000,1.3041,1.3057,1.2985,1.2985,23191.2263
1694217600000,1.2985,1.2996,1.2835,1.2904,79979.9854
1694232000000,1.2904,1.2936,1.2856,1.291,35955.4709
1694246400000,1.291,1.2978,1.2883,1.2964,35045.506
1694260800000,1.2964,1.2976,1.2863,1.2938,33436.244
1694275200000,1.2938,1.2965,1.2876,1.2936,22072.0958
1694289600000,1.2936,1.2956,1.2924,1.2928,16972.4918
1694304000000,1.2928,1.2936,1.2534,1.2697,141927.6611
1694318400000,1.2697,1.2706,1.2096,1.2672,223536.1671
1694332800000,1.2672,1.2716,1.2607,1.2666,54543.7639
1694347200000,1.2666,1.2788,1.2525,1.2593,94592.5954
1694361600000,1.2593,1.2684,1.2464,1.2651,96938.2053
1694376000000,1.2651,1.2816,1.263,1.2693,54018.4368
1694390400000,1.2693,1.2735,1.2535,1.2662,63728.7775
1694404800000,1.2662,1.2779,1.2628,1.2634,83959.8555
1694419200000,1.2634,1.2637,1.2156,1.2385,219902.9397
1694433600000,1.2385,1.2786,1.2335,1.276,378702.6144
1694448000000,1.276,1.2764,1.2505,1.2603,185553.7654
1694462400000,1.2603,1.2846,1.2544,1.2841,118144.1738
1694476800000,1.2841,1.3496,1.2834,1.3363,540438.2048
1694491200000,1.3363,1.3443,1.3176,1.3391,269373.3335
1694505600000,1.3391,1.3767,1.3275,1.356,242382.3587
1694520000000,1.356,1.3602,1.3286,1.3392,175037.2029
1694534400000,1.3392,1.3486,1.3106,1.3285,137380.5345
1694548800000,1.3285,1.3426,1.3274,1.336,62440.5941
1694563200000,1.336,1.3591,1.3314,1.3444,136198.5695
1694577600000,1.3444,1.3631,1.3295,1.3326,206597.3693
1694592000000,1.3326,1.3555,1.3296,1.3551,101583.9092
1694606400000,1.3551,1.3777,1.3467,1.3646,200489.1237
1694620800000,1.3646,1.3803,1.3556,1.3655,149150.1321
1694635200000,1.3655,1.3725,1.3505,1.3505,54080.361
1694649600000,1.3505,1.3804,1.3482,1.3566,135115.8104
1694664000000,1.3566,1.359,1.3356,1.3443,113230.1764
1694678400000,1.3443,1.3586,1.3425,1.3558,73711.7463
1694692800000,1.3558,1.3714,1.347,1.3635,160346.6281
1694707200000,1.3635,1.3667,1.3476,1.3532,76160.0885
1694721600000,1.3532,1.3693,1.3467,1.3565,71735.4584
1694736000000,1.3565,1.3954,1.3483,1.3947,238143.6039
1694750400000,1.3947,1.4175,1.3747,1.3782,240374.69
1694764800000,1.3782,1.4247,1.3777,1.3934,200428.125
1694779200000,1.3934,1.4095,1.3846,1.3959,168819.8103
1694793600000,1.3959,1.3995,1.3804,1.3848,79881.6174
1694808000000,1.3848,1.4116,1.3796,1.4058,123109.2354
1694822400000,1.4058,1.4378,1.3946,1.4273,221482.695
1694836800000,1.4273,1.4293,1.4005,1.4077,126149.5721
1694851200000,1.4077,1.4088,1.3827,1.4006,122639.5643
1694865600000,1.4006,1.4007,1.3797,1.3879,80098.301
1694880000000,1.3879,1.3944,1.3826,1.3892,39033.0962
1694894400000,1.3892,1.3993,1.3886,1.3919,33207.1575
1694908800000,1.3919,1.3932,1.3477,1.3726,169721.3501
1694923200000,1.3726,1.3745,1.3626,1.3633,41740.2335
1694937600000,1.3633,1.3749,1.3607,1.3724,48529.2548
1694952000000,1.3724,1.3897,1.3712,1.386,69412.0437
1694966400000,1.386,1.3867,1.3585,1.3784,71276.4771
1694980800000,1.3784,1.38,1.3504,1.3722,96182.5531
1694995200000,1.3722,1.3944,1.3574,1.3933,155697.0684
1695009600000,1.3933,1.4033,1.3906,1.3964,86126.9394
1695024000000,1.3964,1.4203,1.3959,1.4113,142353.5842
1695038400000,1.4113,1.4214,1.4033,1.4113,160729.4288
1695052800000,1.4113,1.4163,1.3746,1.39,165441.2079
1695067200000,1.39,1.3905,1.3667,1.3669,63169.7499
1695081600000,1.3669,1.3908,1.3657,1.3873,100173.1991
1695096000000,1.3873,1.3943,1.3814,1.3911,51951.4074
1695110400000,1.3911,1.4143,1.3857,1.3949,161023.1842
1695124800000,1.3949,1.4004,1.3758,1.3937,142543.4583
1695139200000,1.3937,1.3957,1.3747,1.3847,84001.6204
1695153600000,1.3847,1.3847,1.3685,1.3817,50433.2566
1695168000000,1.3817,1.3946,1.3695,1.3729,70216.4859
1695182400000,1.3729,1.3788,1.3628,1.3761,78955.4441
1695196800000,1.3761,1.3906,1.3669,1.3847,129882.5232
1695211200000,1.3847,1.3897,1.3743,1.3806,74948.5422
1695225600000,1.3806,1.4037,1.3735,1.3778,241410.4709
1695240000000,1.3778,1.3914,1.3678,1.3899,111270.3521
1695254400000,1.3899,1.3973,1.3547,1.3683,233122.456
1695268800000,1.3683,1.3704,1.3375,1.3413,141315.6051
1695283200000,1.3413,1.3449,1.2906,1.3134,334064.5818
1695297600000,1.3134,1.3195,1.2971,1.312,157369.2607
1695312000000,1.312,1.3156,1.2965,1.2998,67991.7809
1695326400000,1.2998,1.304,1.2906,1.2974,59309.3158
1695340800000,1.2974,1.3055,1.2745,1.3037,179506.6659
1695355200000,1.3037,1.3092,1.2985,1.3085,69121.8777
1695369600000,1.3085,1.3126,1.2951,1.3015,82076.5724
1695384000000,1.3015,1.3046,1.286,1.2869,83029.5605
1695398400000,1.2869,1.2926,1.275,1.2868,111522.4211
1695412800000,1.2868,1.2952,1.2795,1.2928,57940.9658
1695427200000,1.2928,1.3075,1.2865,1.2931,90697.3289
1695441600000,1.2931,1.2996,1.2867,1.2936,41324.4013
1695456000000,1.2936,1.2965,1.2885,1.2914,28634.7732
1695470400000,1.2914,1.2944,1.2817,1.2866,51032.5784
1695484800000,1.2866,1.2956,1.284,1.2925,64364.4473
1695499200000,1.2925,1.2979,1.2902,1.2979,27741.1959
1695513600000,1.2979,1.299,1.2844,1.2849,42461.3821
1695528000000,1.2849,1.2886,1.2824,1.2846,26534.7462
1695542400000,1.2846,1.2931,1.2833,1.2928,24597.9972
1695556800000,1.2928,1.2945,1.2869,1.2906,36717.2191
1695571200000,1.2906,1.2948,1.2656,1.2743,87328.0169
1695585600000,1.2743,1.2811,1.2576,1.2633,82871.8156
1695600000000,1.2633,1.2765,1.2435,1.2661,135215.5655
1695614400000,1.2661,1.2696,1.2586,1.267,57018.8715
1695628800000,1.267,1.2695,1.2534,1.2565,56207.7603
1695643200000,1.2565,1.2578,1.2455,1.2514,84636.7394
1695657600000,1.2514,1.2644,1.2415,1.2466,105263.4823
1695672000000,1.2466,1.2499,1.2353,1.249,51160.0663
1695686400000,1.249,1.2746,1.2477,1.2719,86072.5161
1695700800000,1.2719,1.2738,1.259,1.2593,53707.5679
1695715200000,1.2593,1.2726,1.2561,1.2721,56889.1436
1695729600000,1.2721,1.2768,1.2645,1.2712,83991.4027
1695744000000,1.2712,1.2826,1.2685,1.2746,57458.7893
1695758400000,1.2746,1.2896,1.2571,1.2878,71603.9724
1695772800000,1.2878,1.2955,1.2822,1.2924,73130.6702
1695787200000,1.2924,1.2965,1.2775,1.2811,71895.8825
1695801600000,1.2811,1.3174,1.2779,1.3168,145562.4071
1695816000000,1.3168,1.3192,1.2626,1.2799,225566.7694
1695830400000,1.2799,1.2828,1.2566,1.2702,78058.5093
1695844800000,1.2702,1.2711,1.2606,1.2704,41900.1741
1695859200000,1.2704,1.2956,1.2674,1.2784,74319.4535
1695873600000,1.2784,1.3075,1.2756,1.3035,109722.5178
1695888000000,1.3035,1.3098,1.2954,1.2964,84996.4531
1695902400000,1.2964,1.3284,1.29,1.3281,174639.103
1695916800000,1.3281,1.3487,1.3035,1.3164,242513.6946
1695931200000,1.3164,1.3268,1.3124,1.3236,34466.0678
1695945600000,1.3236,1.3307,1.3142,1.33,75451.2979
1695960000000,1.33,1.3484,1.3293,1.3483,93828.7751
1695974400000,1.3483,1.3483,1.3266,1.3266,83109.3656
1695988800000,1.3266,1.3384,1.3081,1.3266,121376.0968
1696003200000,1.3266,1.3288,1.3165,1.3265,55944.113
1696017600000,1.3265,1.3362,1.3225,1.3352,29656.0605
1696032000000,1.3352,1.3445,1.3235,1.3241,74691.8409
1696046400000,1.3241,1.3307,1.32,1.3275,44355.9451
1696060800000,1.3275,1.3307,1.3173,1.3186,54175.3438
1696075200000,1.3186,1.3426,1.3186,1.3388,69682.1981
1696089600000,1.3388,1.3574,1.3282,1.3534,175345.6844
1696104000000,1.3534,1.362,1.3456,1.3462,52656.6544
1696118400000,1.3462,1.364,1.3434,1.3577,67641.308
1696132800000,1.3577,1.3695,1.3532,1.3613,53552.6512
1696147200000,1.3613,1.3923,1.3565,1.3903,170719.0412
1696161600000,1.3903,1.402,1.377,1.3835,169798.6208
1696176000000,1.3835,1.3847,1.369,1.3769,47361.8876
1696190400000,1.3769,1.4227,1.3707,1.4107,182072.6465
1696204800000,1.4107,1.4283,1.4027,1.4243,105421.0791
1696219200000,1.4243,1.4574,1.4169,1.4498,195966.7197
1696233600000,1.4498,1.4654,1.4411,1.4439,179878.061
1696248000000,1.4439,1.4615,1.4183,1.4203,256459.9545
1696262400000,1.4203,1.4245,1.3667,1.4029,283644.4043
1696276800000,1.4029,1.403,1.3706,1.3936,90482.0255
1696291200000,1.3936,1.3998,1.3805,1.3827,75516.9393
1696305600000,1.3827,1.3827,1.3613,1.3632,98784.8366
1696320000000,1.3632,1.3789,1.3517,1.355,120580.4625
1696334400000,1.355,1.3634,1.3337,1.3383,152985.1138
1696348800000,1.3383,1.3433,1.3235,1.3245,102064.5382
1696363200000,1.3245,1.3296,1.3036,1.3224,149487.2717
1696377600000,1.3224,1.3236,1.2606,1.2984,354370.2214
1696392000000,1.2984,1.3074,1.2906,1.3069,65706.9889
1696406400000,1.3069,1.3174,1.3051,1.3135,94802.5333
1696420800000,1.3135,1.315,1.2876,1.295,133332.9045
1696435200000,1.295,1.3216,1.2924,1.3122,83120.0738
1696449600000,1.3122,1.3403,1.3092,1.3307,90194.5716
1696464000000,1.3307,1.3437,1.3185,1.3246,89452.9459
1696478400000,1.3246,1.3298,1.3136,1.3184,83611.4978
1696492800000,1.3184,1.3316,1.3158,1.3238,54103.677
1696507200000,1.3238,1.3276,1.2866,1.3024,242581.0769
1696521600000,1.3024,1.3131,1.2966,1.3013,133720.0618
1696536000000,1.3013,1.3157,1.2996,1.3002,61022.6211
1696550400000,1.3002,1.3124,1.2995,1.3054,57378.0663
1696564800000,1.3054,1.3184,1.2985,1.3148,60389.756
1696579200000,1.3148,1.3186,1.3054,1.3055,65794.6335
1696593600000,1.3055,1.3225,1.2905,1.3148,134549.0062
1696608000000,1.3148,1.3217,1.3095,1.3101,51400.2911
1696622400000,1.3101,1.3156,1.3035,1.3049,42068.859
1696636800000,1.3049,1.3136,1.3026,1.3086,51171.1279
1696651200000,1.3086,1.3125,1.2964,1.2979,120941.3337
1696665600000,1.2979,1.304,1.2923,1.2964,83676.6069
1696680000000,1.2964,1.2986,1.2872,1.2889,47273.5407
1696694400000,1.2889,1.2902,1.2714,1.2734,102596.5766
1696708800000,1.2734,1.2914,1.2724,1.2914,39202.2684
1696723200000,1.2914,1.3035,1.2884,1.2967,100556.1338
1696737600000,1.2967,1.2978,1.2744,1.2775,125544.7803
1696752000000,1.2775,1.2831,1.2565,1.2594,120145.3857
1696766400000,1.2594,1.2785,1.2591,1.2686,81900.5594
1696780800000,1.2686,1.2796,1.2674,1.2791,143970.711
1696795200000,1.2791,1.2834,1.2735,1.2795,44254.7159
1696809600000,1.2795,1.2856,1.2714,1.2816,99546.8831
1696824000000,1.2816,1.2875,1.2696,1.2736,59650.3989
1696838400000,1.2736,1.2746,1.2015,1.2205,416355.6859
1696852800000,1.2205,1.2268,1.2096,1.2115,178788.7168
1696867200000,1.2115,1.2391,1.1866,1.2364,377747.5506
1696881600000,1.2364,1.2407,1.2174,1.228,87645.6529
1696896000000,1.228,1.2344,1.2183,1.2322,84581.409
1696910400000,1.2322,1.2435,1.2302,1.2386,52435.5068
1696924800000,1.2386,1.2422,1.2266,1.2271,117402.2035
1696939200000,1.2271,1.2407,1.2214,1.2355,138031.4707
1696953600000,1.2355,1.2418,1.2294,1.2417,93624.5817
1696968000000,1.2417,1.2515,1.2264,1.2427,74787.7365
1696982400000,1.2427,1.2476,1.2155,1.2333,144427.1369
1696996800000,1.2333,1.2484,1.2305,1.2394,166205.3598
1697011200000,1.2394,1.2575,1.239,1.2517,111856.4924
1697025600000,1.2517,1.2546,1.2271,1.2417,123036.8551
1697040000000,1.2417,1.2464,1.2335,1.2394,105721.4163
1697054400000,1.2394,1.2454,1.236,1.2454,45275.9432
1697068800000,1.2454,1.2484,1.2245,1.2298,114841.316
1697083200000,1.2298,1.2301,1.2214,1.2251,51510.2501
1697097600000,1.2251,1.2256,1.1926,1.2155,163098.6284
1697112000000,1.2155,1.2165,1.1886,1.1924,139057.6208
1697126400000,1.1924,1.1937,1.1616,1.1754,192586.5578
1697140800000,1.1754,1.1906,1.1753,1.1906,34545.45
1697155200000,1.1906,1.2006,1.1889,1.1925,59623.5758
1697169600000,1.1925,1.2006,1.1884,1.1954,46443.2311
1697184000000,1.1954,1.2007,1.1884,1.1945,52028.4467
1697198400000,1.1945,1.2044,1.1923,1.1964,59179.5162
1697212800000,1.1964,1.2064,1.1964,1.1994,38030.6827
1697227200000,1.1994,1.2356,1.1994,1.2086,146173.3485
1697241600000,1.2086,1.2217,1.2068,1.2182,84890.446
1697256000000,1.2182,1.2198,1.2074,1.2106,22567.7479
1697270400000,1.2106,1.2118,1.2025,1.2046,22172.5316
1697284800000,1.2046,1.2138,1.2033,1.2107,64931.1444
1697299200000,1.2107,1.2118,1.1984,1.1992,70506.8908
1697313600000,1.1992,1.2032,1.1974,1.1993,25238.361
1697328000000,1.1993,1.2091,1.1914,1.1996,51151.2085
1697342400000,1.1996,1.201,1.1972,1.1985,16231.2605
1697356800000,1.1985,1.2046,1.198,1.2013,30115.7133
1697371200000,1.2013,1.2026,1.1885,1.193,52344.2545
1697385600000,1.193,1.2085,1.1921,1.2078,60337.3508
1697400000000,1.2078,1.2144,1.2053,1.2093,52076.3656
1697414400000,1.2093,1.2207,1.2084,1.2154,43544.2814
1697428800000,1.2154,1.2406,1.2118,1.2266,102882.0952
1697443200000,1.2266,1.2321,1.2225,1.2278,57663.0458
1697457600000,1.2278,1.2706,1.2104,1.2128,420782.6794
1697472000000,1.2128,1.2365,1.2122,1.2304,67382.6491
1697486400000,1.2304,1.2385,1.225,1.2356,34258.8329
1697500800000,1.2356,1.2385,1.2245,1.2246,38925.8031
1697515200000,1.2246,1.2306,1.2195,1.2296,36280.958
1697529600000,1.2296,1.2335,1.2265,1.2265,29152.7863
1697544000000,1.2265,1.2271,1.1814,1.2028,211662.4439
1697558400000,1.2028,1.2078,1.1854,1.194,82042.5972
1697572800000,1.194,1.1977,1.19,1.1953,29562.7655
1697587200000,1.1953,1.2053,1.1908,1.2034,52511.9167
1697601600000,1.2034,1.2167,1.1983,1.204,101818.7804
1697616000000,1.204,1.2144,1.2008,1.2019,69317.5928
1697630400000,1.2019,1.2051,1.1886,1.1956,76169.2492
1697644800000,1.1956,1.1994,1.1823,1.185,46894.9717
1697659200000,1.185,1.1906,1.1824,1.1854,25691.7184
1697673600000,1.1854,1.1895,1.1535,1.1724,103611.7493
1697688000000,1.1724,1.1799,1.1713,1.1785,29730.5136
1697702400000,1.1785,1.1816,1.1724,1.1786,49762.6817
1697716800000,1.1786,1.1846,1.1753,1.1804,41007.1533
1697731200000,1.1804,1.1896,1.1755,1.1804,50044.0795
1697745600000,1.1804,1.1841,1.1685,1.1706,56942.0775
1697760000000,1.1706,1.1995,1.1651,1.1951,86699.8536
1697774400000,1.1951,1.2155,1.1924,1.2104,115955.9025
1697788800000,1.2104,1.2526,1.2104,1.225,263924.9782
1697803200000,1.225,1.2296,1.2155,1.226,94743.8547
1697817600000,1.226,1.2326,1.2174,1.231,54567.0221
1697832000000,1.231,1.2398,1.2265,1.2335,48429.7493
1697846400000,1.2335,1.2374,1.2247,1.227,53923.9348
1697860800000,1.227,1.2484,1.2251,1.2484,66545.3777
1697875200000,1.2484,1.2505,1.238,1.2504,83670.5257
1697889600000,1.2504,1.2794,1.2474,1.2713,200966.5952
1697904000000,1.2713,1.2905,1.2663,1.2758,180486.9516
1697918400000,1.2758,1.2796,1.2634,1.2674,67228.9595
1697932800000,1.2674,1.2744,1.2545,1.2604,124207.1381
1697947200000,1.2604,1.2885,1.2327,1.2533,260491.7756
1697961600000,1.2533,1.2641,1.2426,1.2538,111462.7618
1697976000000,1.2538,1.2725,1.2534,1.2666,127675.0034
1697990400000,1.2666,1.2897,1.266,1.2819,85223.5506
1698004800000,1.2819,1.3155,1.2774,1.3154,125026.8809
1698019200000,1.3154,1.333,1.3066,1.3268,222484.8289
1698033600000,1.3268,1.3345,1.2927,1.3055,176969.4297
1698048000000,1.3055,1.3234,1.2956,1.3148,181718.6722
1698062400000,1.3148,1.3188,1.2745,1.284,234105.7941
1698076800000,1.284,1.3165,1.2805,1.3136,189743.7335
1698091200000,1.3136,1.3766,1.2986,1.3615,374688.5562
1698105600000,1.3615,1.4286,1.3533,1.3852,420573.2637
1698120000000,1.3852,1.4006,1.3547,1.3713,211601.0115
1698134400000,1.3713,1.4144,1.3696,1.4144,195317.19
1698148800000,1.4144,1.4335,1.3347,1.3617,462315.2927
1698163200000,1.3617,1.3929,1.3484,1.3763,150894.1236
1698177600000,1.3763,1.4016,1.3604,1.3953,74080.9967
1698192000000,1.3953,1.4198,1.3856,1.387,115225.3496
1698206400000,1.387,1.3949,1.351,1.3629,133411.7698
1698220800000,1.3629,1.3795,1.3574,1.3685,124013.0751
1698235200000,1.3685,1.4033,1.3685,1.3994,200499.1226
1698249600000,1.3994,1.4065,1.3622,1.3739,137909.3003
1698264000000,1.3739,1.3843,1.3656,1.3841,70047.7264
1698278400000,1.3841,1.4443,1.3797,1.4439,310459.6764
1698292800000,1.4439,1.4772,1.3953,1.4671,387933.3377
1698307200000,1.4671,1.4743,1.4217,1.4337,289132.7198
1698321600000,1.4337,1.457,1.3615,1.3866,338583.0784
1698336000000,1.3866,1.4013,1.3667,1.4008,75284.4075
1698350400000,1.4008,1.4175,1.3993,1.4094,63432.9856
1698364800000,1.4094,1.4144,1.3649,1.387,124354.4476
1698379200000,1.387,1.3889,1.369,1.37,76702.1146
1698393600000,1.37,1.3884,1.3697,1.3811,51016.6831
1698408000000,1.3811,1.402,1.3706,1.3854,96271.6369
1698422400000,1.3854,1.3881,1.3401,1.3643,134681.6462
1698436800000,1.3643,1.3703,1.3596,1.3655,30851.1855
1698451200000,1.3655,1.3816,1.3649,1.3813,41826.8074
1698465600000,1.3813,1.3878,1.3693,1.3728,87795.5973
1698480000000,1.3728,1.3935,1.3702,1.3826,77191.2717
1698494400000,1.3826,1.3855,1.3627,1.3808,48485.3799
1698508800000,1.3808,1.3816,1.3715,1.3727,37514.4459
1698523200000,1.3727,1.3849,1.3713,1.3726,16066.2669
1698537600000,1.3726,1.3813,1.3527,1.3625,49077.7901
1698552000000,1.3625,1.3786,1.3596,1.3766,34428.922
1698566400000,1.3766,1.3847,1.3754,1.3781,27058.7075
1698580800000,1.3781,1.3947,1.3764,1.3885,109503.3767
1698595200000,1.3885,1.4075,1.3856,1.3959,87268.414
1698609600000,1.3959,1.4228,1.3933,1.4126,71260.5534
1698624000000,1.4126,1.4402,1.3955,1.3976,190328.9433
1698638400000,1.3976,1.4067,1.3837,1.3965,99237.7074
1698652800000,1.3965,1.4452,1.3933,1.4397,165383.5471
1698667200000,1.4397,1.4423,1.4115,1.4184,102825.5742
1698681600000,1.4184,1.4184,1.3864,1.411,74133.2082
1698696000000,1.411,1.4247,1.4075,1.4212,25688.7217
1698710400000,1.4212,1.4432,1.4135,1.4136,107089.6338
1698724800000,1.4136,1.4224,1.3976,1.3982,111310.409
1698739200000,1.3982,1.4248,1.3857,1.4171,112218.8299
1698753600000,1.4171,1.4216,1.3362,1.3619,279836.5186
1698768000000,1.3619,1.4013,1.3556,1.401,176326.7835
1698782400000,1.401,1.4106,1.3876,1.3955,84736.1919
1698796800000,1.3955,1.4134,1.384,1.3888,72226.2311
1698811200000,1.3888,1.3911,1.3615,1.3735,98031.3476
1698825600000,1.3735,1.3805,1.3517,1.3659,106893.3278
1698840000000,1.3659,1.3923,1.3447,1.3521,213283.4299
1698854400000,1.3521,1.4268,1.3476,1.408,230207.9259
1698868800000,1.408,1.4567,1.408,1.4368,391558.9232
1698883200000,1.4368,1.4648,1.4307,1.4479,245198.5481
1698897600000,1.4479,1.4516,1.4047,1.4071,305678.4849
1698912000000,1.4071,1.4223,1.3948,1.4203,111095.2162
1698926400000,1.4203,1.4244,1.3596,1.3611,238762.9946
1698940800000,1.3611,1.3818,1.3407,1.3818,137566.9271
1698955200000,1.3818,1.3825,1.3615,1.372,51505.3752
1698969600000,1.372,1.3724,1.3246,1.3553,150451.3758
1698984000000,1.3553,1.3687,1.3391,1.3624,87976.9549
1698998400000,1.3624,1.3693,1.3437,1.3599,73909.485
1699012800000,1.3599,1.3787,1.3549,1.3783,123197.7543
1699027200000,1.3783,1.3979,1.3667,1.3945,135266.3248
1699041600000,1.3945,1.4279,1.3911,1.4219,134881.6223
1699056000000,1.4219,1.4394,1.4136,1.4297,142940.3898
1699070400000,1.4297,1.44,1.4184,1.4267,134893.5733
1699084800000,1.4267,1.4584,1.4227,1.4449,195037.6634
1699099200000,1.4449,1.4624,1.4272,1.4368,181472.6144
1699113600000,1.4368,1.4865,1.4326,1.4646,125378.2921
1699128000000,1.4646,1.5226,1.4615,1.498,154817.8902
1699142400000,1.498,1.5467,1.4866,1.5424,284608.5162
1699156800000,1.5424,1.5457,1.5247,1.5298,136625.8365
1699171200000,1.5298,1.5486,1.5117,1.5315,179600.5374
1699185600000,1.5315,1.5464,1.4767,1.5004,288819.4458
1699200000000,1.5004,1.5517,1.4992,1.5271,140514.223
1699214400000,1.5271,1.5606,1.5028,1.5404,146067.4685
1699228800000,1.5404,1.5658,1.5345,1.5583,151378.73
1699243200000,1.5583,1.5611,1.5084,1.5254,234961.8962
1699257600000,1.5254,1.558,1.5127,1.5559,136006.8504
1699272000000,1.5559,1.5678,1.5341,1.5515,230956.5013
1699286400000,1.5515,1.5668,1.5373,1.563,85626.5645
1699300800000,1.563,1.5813,1.5517,1.5703,93037.6772
1699315200000,1.5703,1.5733,1.5283,1.5515,157968.5207
1699329600000,1.5515,1.5551,1.5356,1.5409,88778.5288
1699344000000,1.5409,1.5476,1.5053,1.5164,197911.2018
1699358400000,1.5164,1.5255,1.4797,1.4895,274538.6462
1699372800000,1.4895,1.5333,1.4682,1.5199,173638.5743
1699387200000,1.5199,1.5347,1.5076,1.5095,110478.024
1699401600000,1.5095,1.5164,1.4946,1.5047,83002.023
1699416000000,1.5047,1.5124,1.4945,1.5073,77892.4214
1699430400000,1.5073,1.5319,1.5047,1.5215,111566.0799
1699444800000,1.5215,1.5326,1.5067,1.5232,95552.0766
1699459200000,1.5232,1.5476,1.521,1.5386,166201.5158
1699473600000,1.5386,1.5394,1.5164,1.5273,103811.0745
1699488000000,1.5273,1.5673,1.5176,1.5636,198159.6879
1699502400000,1.5636,1.5815,1.5558,1.5568,141808.7763
1699516800000,1.5568,1.5702,1.5407,1.555,143598.8078
1699531200000,1.555,1.6637,1.5318,1.6491,801490.1655
1699545600000,1.6491,1.6754,1.3866,1.5862,1139598.9196
1699560000000,1.5862,1.7493,1.5638,1.7426,650096.3896
1699574400000,1.7426,1.8052,1.7148,1.7594,714705.05
1699588800000,1.7594,1.7772,1.7088,1.7204,383102.544
1699603200000,1.7204,1.7264,1.6851,1.7174,379064.574
1699617600000,1.7174,1.7188,1.6316,1.6818,500012.4887
1699632000000,1.6818,1.7097,1.6809,1.7067,216948.1364
1699646400000,1.7067,1.7343,1.6938,1.7202,214308.7043
1699660800000,1.7202,1.7387,1.6625,1.6706,297026.9054
1699675200000,1.6706,1.6862,1.6446,1.6812,182339.6924
1699689600000,1.6812,1.6996,1.6697,1.6859,128641.5719
1699704000000,1.6859,1.7318,1.6738,1.7115,215473.5386
1699718400000,1.7115,1.7532,1.7065,1.7402,184059.2369
1699732800000,1.7402,1.7412,1.6655,1.6932,192365.0057
1699747200000,1.6932,1.6973,1.6129,1.6765,243161.4043
1699761600000,1.6765,1.7373,1.6586,1.7356,205428.6316
1699776000000,1.7356,1.7494,1.7066,1.7186,207017.2552
1699790400000,1.7186,1.8482,1.6958,1.8248,620087.8443
1699804800000,1.8248,1.8374,1.7728,1.7953,238032.0703
1699819200000,1.7953,1.8469,1.7887,1.8201,183473.3502
1699833600000,1.8201,1.9253,1.7979,1.8414,542518.9181
1699848000000,1.8414,1.9101,1.8199,1.8961,424766.7278
1699862400000,1.8961,1.9194,1.8314,1.8432,299775.1573
1699876800000,1.8432,1.9031,1.7998,1.8718,627139.8215
1699891200000,1.8718,1.8832,1.7989,1.8662,308213.4241
1699905600000,1.8662,1.8797,1.7699,1.7903,355461.3484
1699920000000,1.7903,1.8011,1.7444,1.7911,282684.6708
1699934400000,1.7911,1.8332,1.7822,1.8152,130075.9557
1699948800000,1.8152,1.8244,1.7438,1.7544,167885.5227
1699963200000,1.7544,1.8101,1.7418,1.769,310168.2827
1699977600000,1.769,1.7907,1.6517,1.7129,406041.1827
1699992000000,1.7129,1.8071,1.7103,1.792,220060.2221
1700006400000,1.792,1.8421,1.7914,1.7958,211405.9147
1700020800000,1.7958,1.8574,1.7944,1.8416,165988.413
1700035200000,1.8416,1.8761,1.8299,1.8731,301861.3407
1700049600000,1.8731,1.8759,1.8368,1.8642,209782.3614
1700064000000,1.8642,1.8721,1.8309,1.8713,183335.0139
1700078400000,1.8713,1.8745,1.8277,1.8601,143949.3201
1700092800000,1.8601,1.8961,1.8438,1.8488,256056.9635
1700107200000,1.8488,1.8773,1.8389,1.8698,171807.8336
1700121600000,1.8698,1.9016,1.816,1.8754,349284.9204
1700136000000,1.8754,1.8962,1.7949,1.8517,502643.183
1700150400000,1.8517,1.8972,1.7578,1.8097,347894.6173
1700164800000,1.8097,1.8212,1.7686,1.8062,205370.819
1700179200000,1.8062,1.8462,1.7998,1.8061,220122.5934
1700193600000,1.8061,1.8123,1.7595,1.7608,218561.1327
1700208000000,1.7608,1.7811,1.7077,1.7097,288447.216
1700222400000,1.7097,1.7406,1.64,1.6475,396641.0253
1700236800000,1.6475,1.6922,1.6353,1.67,240822.9826
1700251200000,1.67,1.7152,1.6648,1.7092,114464.028
1700265600000,1.7092,1.7092,1.6628,1.6633,97037.2223
1700280000000,1.6633,1.6753,1.6031,1.6525,218963.3951
1700294400000,1.6525,1.6865,1.6422,1.6682,124779.4566
1700308800000,1.6682,1.7503,1.6587,1.7427,338835.9947
1700323200000,1.7427,1.763,1.7348,1.7509,135178.4713
1700337600000,1.7509,1.7558,1.7255,1.7395,44072.1393
1700352000000,1.7395,1.7432,1.6974,1.7374,98714.9073
1700366400000,1.7374,1.7534,1.7326,1.7418,78888.3173
1700380800000,1.7418,1.7515,1.7057,1.7147,120185.0021
1700395200000,1.7147,1.7322,1.7059,1.7292,89312.97
1700409600000,1.7292,1.7645,1.7207,1.7639,92556.9552
1700424000000,1.7639,1.7906,1.7427,1.7791,112422.5786
1700438400000,1.7791,1.7937,1.7597,1.7625,84667.1234
1700452800000,1.7625,1.7953,1.762,1.7945,56017.238
1700467200000,1.7945,1.8064,1.7767,1.7821,177591.3874
1700481600000,1.7821,1.8029,1.7398,1.7942,214798.0584
1700496000000,1.7942,1.8026,1.7526,1.7608,153502.9894
1700510400000,1.7608,1.7654,1.7187,1.7296,81507.5512
1700524800000,1.7296,1.7533,1.7037,1.7241,105079.1065
1700539200000,1.7241,1.7252,1.6939,1.6963,90311.3247
1700553600000,1.6963,1.7198,1.6913,1.6929,90730.8232
1700568000000,1.6929,1.7005,1.6418,1.6856,270012.422
1700582400000,1.6856,1.7044,1.6178,1.6535,309918.852
1700596800000,1.6535,1.6772,1.5707,1.5917,254952.3477
1700611200000,1.5917,1.6556,1.5873,1.6553,118709.6478
1700625600000,1.6553,1.6812,1.6505,1.6802,93985.7276
1700640000000,1.6802,1.7038,1.6721,1.6833,110831.2281
1700654400000,1.6833,1.7132,1.6762,1.7068,175078.6991
1700668800000,1.7068,1.7463,1.7008,1.7436,161525.3104
1700683200000,1.7436,1.7588,1.7328,1.7367,98686.0552
1700697600000,1.7367,1.7582,1.7265,1.7452,96904.4857
1700712000000,1.7452,1.7971,1.7442,1.7961,162728.842
1700726400000,1.7961,1.8312,1.7931,1.8276,207270.306
1700740800000,1.8276,1.8488,1.7829,1.7945,285751.4918
1700755200000,1.7945,1.8237,1.7931,1.8111,100928.2076
1700769600000,1.8111,1.8241,1.8014,1.8236,67614.706
1700784000000,1.8236,1.8481,1.8128,1.8238,123140.8614
1700798400000,1.8238,1.8435,1.8096,1.8421,87489.996
1700812800000,1.8421,1.8761,1.8309,1.8542,188219.2455
1700827200000,1.8542,1.8686,1.8289,1.858,161829.1671
1700841600000,1.858,1.8652,1.8049,1.8091,139637.9411
1700856000000,1.8091,1.8155,1.7869,1.7983,73628.3551
1700870400000,1.7983,1.8289,1.7902,1.8119,100390.7735
1700884800000,1.8119,1.8153,1.7956,1.8127,127636.8412
1700899200000,1.8127,1.8153,1.7647,1.7737,118190.549
1700913600000,1.7737,1.7836,1.7658,1.7805,90276.3057
1700928000000,1.7805,1.7862,1.7747,1.7807,58967.2024
1700942400000,1.7807,1.7851,1.7718,1.7831,68816.5524
1700956800000,1.7831,1.7972,1.7672,1.7891,110569.9056
1700971200000,1.7891,1.8022,1.7851,1.7997,89915.2218
1700985600000,1.7997,1.8103,1.7949,1.8086,78968.4253
1701000000000,1.8086,1.8242,1.7718,1.7762,206977.087
1701014400000,1.7762,1.8052,1.7387,1.8047,205811.2584
1701028800000,1.8047,1.8177,1.7966,1.8147,85739.2738
1701043200000,1.8147,1.8152,1.7568,1.7711,115743.5417
1701057600000,1.7711,1.7763,1.7188,1.7412,126053.5433
1701072000000,1.7412,1.7522,1.7079,1.7154,136405.6372
1701086400000,1.7154,1.7268,1.6981,1.6996,128535.4275
1701100800000,1.6996,1.7186,1.6697,1.6833,141943.057
1701115200000,1.6833,1.7322,1.6755,1.7242,60657.0969
1701129600000,1.7242,1.7343,1.7145,1.7157,59819.8946
1701144000000,1.7157,1.7183,1.6807,1.7084,116524.9294
1701158400000,1.7084,1.7318,1.7036,1.7305,68686.9279
1701172800000,1.7305,1.7374,1.7117,1.7262,124008.0312
1701187200000,1.7262,1.7472,1.7177,1.7266,128320.1022
1701201600000,1.7266,1.7323,1.7107,1.7129,79616.0596
1701216000000,1.7129,1.7261,1.6977,1.7028,181923.5254
1701230400000,1.7028,1.7074,1.6838,1.7022,208338.2645
1701244800000,1.7022,1.7153,1.6717,1.6771,149768.4815
1701259200000,1.6771,1.6897,1.6518,1.6693,234356.2259
1701273600000,1.6693,1.6842,1.6518,1.6798,73565.2759
1701288000000,1.6798,1.689,1.6686,1.6886,60300.6019
1701302400000,1.6886,1.6963,1.671,1.6864,69739.8747
1701316800000,1.6864,1.6888,1.6666,1.6682,49080.3825
1701331200000,1.6682,1.6852,1.6555,1.6847,128410.9169
1701345600000,1.6847,1.6853,1.6477,1.6563,147793.3611
1701360000000,1.6563,1.6704,1.652,1.6666,52425.1011
1701374400000,1.6666,1.6715,1.6588,1.6713,33476.3772
1701388800000,1.6713,1.7035,1.6606,1.6897,123907.2346
1701403200000,1.6897,1.7022,1.6837,1.6985,65506.1104
1701417600000,1.6985,1.7187,1.6962,1.7064,137668.238
1701432000000,1.7064,1.7093,1.6666,1.6698,96225.0619
1701446400000,1.6698,1.6852,1.6318,1.6574,243635.5988
1701460800000,1.6574,1.6654,1.6531,1.6574,57112.7661
1701475200000,1.6574,1.6803,1.6542,1.6728,73268.1165
1701489600000,1.6728,1.6843,1.6637,1.6778,63069.3237
1701504000000,1.6778,1.6923,1.6774,1.6909,75479.7237
1701518400000,1.6909,1.7177,1.6903,1.7082,196764.6941
1701532800000,1.7082,1.7582,1.7017,1.7447,216955.6429
1701547200000,1.7447,1.7604,1.7398,1.7567,78508.1976
1701561600000,1.7567,1.7682,1.7307,1.7358,140420.8041
1701576000000,1.7358,1.7418,1.7166,1.7405,83556.4731
1701590400000,1.7405,1.7435,1.7156,1.7226,107099.4173
1701604800000,1.7226,1.7278,1.6948,1.7087,147291.3883
1701619200000,1.7087,1.7168,1.7012,1.7098,53212.4238
1701633600000,1.7098,1.7504,1.7042,1.7191,101142.6131
1701648000000,1.7191,1.7622,1.7143,1.7384,197128.4086
1701662400000,1.7384,1.7974,1.7384,1.7958,254834.4641
1701676800000,1.7958,1.8384,1.6769,1.761,597673.5977
1701691200000,1.761,1.8591,1.7517,1.8044,674905.6973
1701705600000,1.8044,1.8052,1.7538,1.7587,184831.5701
1701720000000,1.7587,1.8011,1.7427,1.7975,147980.1944
1701734400000,1.7975,1.8002,1.7378,1.7737,244134.0133
1701748800000,1.7737,1.7921,1.7268,1.7444,195305.2105
1701763200000,1.7444,1.7532,1.7081,1.7217,190617.2936
1701777600000,1.7217,1.7534,1.7128,1.7522,161605.2287
1701792000000,1.7522,1.8461,1.7411,1.8091,418935.637
1701806400000,1.8091,1.8231,1.7827,1.8026,188570.1865
1701820800000,1.8026,1.8503,1.7638,1.7729,311516.0374
1701835200000,1.7729,1.7933,1.7328,1.7895,344635.6322
1701849600000,1.7895,1.8177,1.7283,1.7592,353033.2792
1701864000000,1.7592,1.7707,1.7323,1.7418,190427.7692
1701878400000,1.7418,1.7653,1.7408,1.764,104874.7577
1701892800000,1.764,1.7663,1.7056,1.7132,130783.883
1701907200000,1.7132,1.7318,1.71,1.7312,72392.9627
1701921600000,1.7312,1.7697,1.7301,1.7582,117008.9601
1701936000000,1.7582,1.7632,1.7002,1.7301,248556.8861
1701950400000,1.7301,1.9515,1.7232,1.9281,939148.57
1701964800000,1.9281,2.1666,1.9178,2.0391,2225840.6231
1701979200000,2.0391,2.193,2.0391,2.1735,696474.3605
1701993600000,2.1735,2.2261,2.1167,2.1777,861607.5755
1702008000000,2.1777,2.2463,2.1498,2.1524,668322.255
1702022400000,2.1524,2.1618,2.093,2.1397,529875.754
1702036800000,2.1397,2.1531,2.083,2.0935,630624.2362
1702051200000,2.0935,2.1218,2.0787,2.1109,223198.8907
1702065600000,2.1109,2.1318,2.1012,2.107,270598.0099
1702080000000,2.107,2.1572,2.0913,2.1125,292595.837
1702094400000,2.1125,2.161,2.104,2.1478,332756.5422
1702108800000,2.1478,2.3029,2.1042,2.1126,915918.9709
1702123200000,2.1126,2.1267,2.051,2.0866,420089.6085
1702137600000,2.0866,2.0958,2.0199,2.046,294544.9311
1702152000000,2.046,2.071,2.012,2.0427,231186.8985
1702166400000,2.0427,2.148,2.0427,2.125,375923.4939
1702180800000,2.125,2.171,2.112,2.143,334225.8571
1702195200000,2.143,2.1811,2.098,2.1609,414595.0658
1702209600000,2.1609,2.2208,2.146,2.1816,545571.8338
1702224000000,2.1816,2.186,2.1404,2.1629,154939.3065
1702238400000,2.1629,2.2001,2.1566,2.1687,146824.7048
1702252800000,2.1687,2.2153,1.912,2.0849,1050043.6056
1702267200000,2.0849,2.2311,2.0638,2.127,877982.4797
1702281600000,2.127,2.3665,2.111,2.3336,1138432.9699
1702296000000,2.3336,2.402,2.2611,2.3138,1093614.1738
1702310400000,2.3138,2.3161,2.202,2.2564,697151.6371
1702324800000,2.2564,2.2952,2.2371,2.291,271077.0564
1702339200000,2.291,2.4959,2.262,2.4195,829959.2348
1702353600000,2.4195,2.425,2.335,2.3835,518912.7043
1702368000000,2.3835,2.385,2.3062,2.3131,398227.1662
1702382400000,2.3131,2.3559,2.23,2.2496,559532.6448
1702396800000,2.2496,2.3062,2.24,2.2947,272530.5852
1702411200000,2.2947,2.3552,2.2491,2.3449,270653.6227
1702425600000,2.3449,2.3762,2.172,2.2123,637320.3917
1702440000000,2.2123,2.247,2.1209,2.1453,766004.9716
1702454400000,2.1453,2.167,2.125,2.1343,184470.016
1702468800000,2.1343,2.2107,2.1309,2.1957,366397.3075
1702483200000,2.1957,2.2574,2.144,2.2513,419401.3487
1702497600000,2.2513,2.2747,2.2241,2.2459,274959.0975
1702512000000,2.2459,2.2962,2.2157,2.223,352631.7755
1702526400000,2.223,2.3216,2.2188,2.2762,312292.8382
1702540800000,2.2762,2.3072,2.2695,2.3066,219063.4576
1702555200000,2.3066,2.3141,2.1469,2.2257,503124.1677
1702569600000,2.2257,2.2559,2.2171,2.2351,179116.2254
1702584000000,2.2351,2.269,2.215,2.2631,148016.5513
1702598400000,2.2631,2.2921,2.2091,2.2177,240179.6981
1702612800000,2.2177,2.221,2.1528,2.166,266013.8815
1702627200000,2.166,2.181,2.1459,2.1647,197564.6553
1702641600000,2.1647,2.168,2.113,2.1291,209160.9564
1702656000000,2.1291,2.1584,2.1181,2.1449,107929.7839
1702670400000,2.1449,2.1511,2.0866,2.0962,121268.2971
1702684800000,2.0962,2.1939,2.0888,2.1666,282223.3022
1702699200000,2.1666,2.1884,2.1519,2.159,101326.3199
1702713600000,2.159,2.176,2.153,2.1734,80893.0932
1702728000000,2.1734,2.185,2.1359,2.1816,179359.5154
1702742400000,2.1816,2.255,2.1768,2.239,487482.3546
1702756800000,2.239,2.2769,2.1729,2.1809,204487.2337
1702771200000,2.1809,2.218,2.1437,2.1526,278757.5961
1702785600000,2.1526,2.1744,2.1037,2.1052,159941.5714
1702800000000,2.1052,2.1455,2.1035,2.1268,90887.5504
1702814400000,2.1268,2.1312,2.061,2.0919,237700.0282
1702828800000,2.0919,2.1252,2.077,2.1008,161559.648
1702843200000,2.1008,2.127,2.058,2.0867,190177.0016
1702857600000,2.0867,2.1281,2.0579,2.0897,382499.6206
1702872000000,2.0897,2.1156,2.0511,2.0603,261297.6334
1702886400000,2.0603,2.0678,1.96,2.036,573243.3988
1702900800000,2.036,2.144,2.022,2.1024,344705.758
1702915200000,2.1024,2.189,2.0857,2.175,298675.7656
1702929600000,2.175,2.2596,2.1716,2.2369,223183.6845
1702944000000,2.2369,2.2734,2.2166,2.2262,234509.4732
1702958400000,2.2262,2.2309,2.1912,2.213,152379.1776
1702972800000,2.213,2.2281,2.1748,2.1788,173979.1205
1702987200000,2.1788,2.1944,2.1333,2.1383,216552.8145
1703001600000,2.1383,2.1506,2.083,2.1233,201629.3924
1703016000000,2.1233,2.1322,2.0939,2.1084,72233.3227
1703030400000,2.1084,2.1856,2.1067,2.169,142707.2742
1703044800000,2.169,2.22,2.1617,2.2177,149779.4537
1703059200000,2.2177,2.2281,2.1651,2.1781,125452.154
1703073600000,2.1781,2.2584,2.1746,2.2054,229792.5676
1703088000000,2.2054,2.2686,2.1928,2.2485,260039.5333
1703102400000,2.2485,2.2759,2.2028,2.2465,232458.0536
1703116800000,2.2465,2.2641,2.2038,2.2625,155639.9891
1703131200000,2.2625,2.3122,2.2391,2.29,170022.8667
1703145600000,2.29,2.364,2.247,2.3603,332523.7134
1703160000000,2.3603,2.4055,2.3041,2.3919,389882.0139
1703174400000,2.3919,2.5527,2.3751,2.5138,683099.607
1703188800000,2.5138,2.539,2.4971,2.5212,195109.5321
1703203200000,2.5212,2.625,2.503,2.546,446800.1614
1703217600000,2.546,2.795,2.4932,2.7662,893554.7289
1703232000000,2.7662,2.977,2.7417,2.9387,1266359.2758
1703246400000,2.9387,3.0905,2.9068,3.0257,921303.5057
1703260800000,3.0257,3.2837,3.0091,3.2141,1061312.2082
1703275200000,3.2141,3.54,3.1949,3.4633,1056567.6416
1703289600000,3.4633,3.5323,3.2774,3.3127,1495366.3497
1703304000000,3.3127,3.3421,3.1545,3.1552,1087302.6248
1703318400000,3.1552,3.2553,3.1385,3.224,489000.0052
1703332800000,3.224,3.2728,3.1175,3.1355,494204.9302
1703347200000,3.1355,3.359,3.1099,3.3363,616801.2564
1703361600000,3.3363,3.4798,3.2633,3.4444,621401.3229
1703376000000,3.4444,3.5064,3.3125,3.4773,742787.1263
1703390400000,3.4773,3.8314,3.4308,3.6554,1289103.0058
1703404800000,3.6554,3.6746,3.4646,3.4967,630506.2312
1703419200000,3.4967,3.5584,3.4013,3.4119,546122.8047
1703433600000,3.4119,3.4906,3.4085,3.4453,341917.4608
1703448000000,3.4453,3.6454,3.3447,3.5651,743583.3651
1703462400000,3.5651,3.7387,3.4483,3.5291,777734.889
1703476800000,3.5291,3.613,3.5024,3.5135,451781.5693
1703491200000,3.5135,3.5443,3.3726,3.3794,615583.4912
1703505600000,3.3794,3.58,3.3534,3.4961,627670.6683
1703520000000,3.4961,3.5703,3.4168,3.4905,416693.9552
1703534400000,3.4905,3.5125,3.3734,3.3738,338570.9926
1703548800000,3.3738,3.4945,3.3411,3.3594,337657.9643
1703563200000,3.3594,3.3774,3.2195,3.2747,586293.4335
1703577600000,3.2747,3.3484,3.2454,3.3205,315242.8887
1703592000000,3.3205,3.3394,3.2063,3.2196,366477.0274
1703606400000,3.2196,3.2462,3.0171,3.1597,465088.5826
1703620800000,3.1597,3.5006,3.1597,3.4689,552379.8863
1703635200000,3.4689,3.471,3.2289,3.2553,648217.0406
1703649600000,3.2553,3.3063,3.2123,3.2308,283639.7865
1703664000000,3.2308,3.6813,3.2105,3.6578,809198.524
1703678400000,3.6578,4.1192,3.5607,4.0265,1570485.8418
1703692800000,4.0265,4.1767,4.0119,4.0964,812666.3044
1703707200000,4.0964,4.136,3.9282,3.9557,476145.4606
1703721600000,3.9557,4.1444,3.8698,3.8918,792364.6352
1703736000000,3.8918,3.8939,3.7408,3.8175,562167.7853
1703750400000,3.8175,3.869,3.7573,3.7991,371693.9988
1703764800000,3.7991,3.8312,3.6014,3.7052,648523.5953
1703779200000,3.7052,3.7488,3.6295,3.6869,220093.5399
1703793600000,3.6869,3.7063,3.5726,3.5797,229709.2095
1703808000000,3.5797,3.6253,3.4208,3.5295,576401.6769
1703822400000,3.5295,3.6094,3.5195,3.5246,237564.6659
1703836800000,3.5246,3.7516,3.5126,3.7389,576206.4617
1703851200000,3.7389,3.7743,3.5044,3.5666,494231.5579
1703865600000,3.5666,3.8322,3.5505,3.7388,791561.3855
1703880000000,3.7388,3.9389,3.6361,3.9106,458432.9504
1703894400000,3.9106,3.9268,3.7296,3.7574,367380.6734
1703908800000,3.7574,3.8312,3.6497,3.6751,245419.5466
1703923200000,3.6751,3.7177,3.6083,3.6473,304599.5059
1703937600000,3.6473,3.7651,3.5996,3.7498,261653.0549
1703952000000,3.7498,3.7962,3.6528,3.6566,232972.2485
1703966400000,3.6566,3.685,3.5894,3.6003,111924.4587
1703980800000,3.6003,3.7703,3.5935,3.719,281192.8928
1703995200000,3.719,3.8062,3.6885,3.7557,199428.9995
1704009600000,3.7557,3.8625,3.7022,3.8141,255367.4399
1704024000000,3.8141,3.9134,3.7054,3.7255,390740.564
1704038400000,3.7255,3.8857,3.6985,3.8854,249526.4338
1704052800000,3.8854,3.9072,3.6689,3.7061,311294.5864
1704067200000,3.7061,3.8132,3.5937,3.6,316203.2192
1704081600000,3.6,3.6293,3.5414,3.6138,222074.753
1704096000000,3.6138,3.7683,3.5927,3.7662,227295.5759
1704110400000,3.7662,3.8436,3.6547,3.7363,288687.0263
1704124800000,3.7363,4.0959,3.6795,4.0469,486925.8904
1704139200000,4.0469,4.1141,3.9468,3.9909,371130.8557
1704153600000,3.9909,4.004,3.8212,3.8873,357782.2551
1704168000000,3.8873,3.9402,3.8563,3.9388,195952.8906
1704182400000,3.9388,4.0445,3.8818,3.9038,389188.7207
1704196800000,3.9038,3.92,3.7208,3.7642,329215.2009
1704211200000,3.7642,3.7995,3.6651,3.6986,257135.3395
1704225600000,3.6986,3.7517,3.6415,3.7101,214023.7206
1704240000000,3.7101,3.9175,3.7005,3.8651,414708.2289
1704254400000,3.8651,3.9374,3.8166,3.8408,357662.9959
1704268800000,3.8408,3.9889,3.6563,3.7,642219.7963
1704283200000,3.7,3.7073,3.0002,3.5301,1651444.7321
1704297600000,3.5301,3.6955,3.4935,3.5409,695995.6004
1704312000000,3.5409,3.6064,3.4138,3.4736,255039.6522
1704326400000,3.4736,3.5398,3.4004,3.464,334734.807
1704340800000,3.464,3.5406,3.4298,3.441,304561.2513
1704355200000,3.441,3.4695,3.3613,3.4581,341965.8809
1704369600000,3.4581,3.6464,3.4394,3.6231,488572.0207
1704384000000,3.6231,3.9187,3.5602,3.8015,778653.5142
1704398400000,3.8015,3.8425,3.6727,3.7151,219634.601
1704412800000,3.7151,3.7621,3.5481,3.5687,386079.5381
1704427200000,3.5687,3.5887,3.5026,3.5426,255669.2973
1704441600000,3.5426,3.5829,3.4295,3.4496,297765.755
1704456000000,3.4496,3.5062,3.368,3.3902,349376.6116
1704470400000,3.3902,3.4236,3.2746,3.3745,356637.1578
1704484800000,3.3745,3.4439,3.3467,3.4439,213022.1709
1704499200000,3.4439,3.4454,3.3294,3.3685,223828.6713
1704513600000,3.3685,3.3838,3.1202,3.2285,593960.8452
1704528000000,3.2285,3.2636,3.1908,3.2496,133564.3062
1704542400000,3.2496,3.3085,3.2031,3.2749,142973.9521
1704556800000,3.2749,3.3125,3.2232,3.2423,123683.6591
1704571200000,3.2423,3.2562,3.1725,3.2245,81210.4369
1704585600000,3.2245,3.3435,3.2174,3.3174,193442.5252
1704600000000,3.3174,3.3981,3.3124,3.3594,206811.7546
1704614400000,3.3594,3.3966,3.3076,3.3529,138130.9338
1704628800000,3.3529,3.4374,3.3295,3.378,251437.3092
1704643200000,3.378,3.4601,3.3448,3.4146,184098.0961
1704657600000,3.4146,3.4229,3.1542,3.1725,216771.6841
1704672000000,3.1725,3.1847,2.91,2.9962,601388.2163
1704686400000,2.9962,3.1639,2.9792,3.1137,301924.6484
1704700800000,3.1137,3.1566,3.0534,3.1382,183039.5499
1704715200000,3.1382,3.2971,3.1371,3.254,353966.8532
1704729600000,3.254,3.4806,3.2135,3.4518,316664.6958
1704744000000,3.4518,3.4795,3.3826,3.4149,186314.1734
1704758400000,3.4149,3.4515,3.3316,3.3841,188728.5413
1704772800000,3.3841,3.4464,3.3557,3.3888,144124.6193
1704787200000,3.3888,3.4112,3.2695,3.3535,162073.1724
1704801600000,3.3535,3.3665,3.1336,3.191,354163.2439
1704816000000,3.191,3.2385,3.1424,3.1736,166352.8838
1704830400000,3.1736,3.7085,3.0973,3.6398,1156808.9862
1704844800000,3.6398,3.7721,3.5025,3.5327,649403.9383
1704859200000,3.5327,3.6344,3.5097,3.5585,307866.8127
1704873600000,3.5585,3.748,3.5256,3.7173,453165.8617
1704888000000,3.7173,3.7633,3.5272,3.7283,559191.5387
1704902400000,3.7283,3.9773,3.6033,3.9189,575441.8774
1704916800000,3.9189,4.0841,3.7457,3.9297,903851.0691
1704931200000,3.9297,4.0953,3.8429,3.9238,522825.2874
1704945600000,3.9238,3.9268,3.7043,3.8352,322154.3082
1704960000000,3.8352,3.9865,3.8098,3.9759,284732.7809
1704974400000,3.9759,3.9934,3.6937,3.7553,613701.0636
1704988800000,3.7553,3.9486,3.6358,3.913,516171.6338
1705003200000,3.913,4.0165,3.8081,3.969,276650.6592
1705017600000,3.969,3.9831,3.7465,3.7501,264517.7105
1705032000000,3.7501,3.8542,3.7474,3.8013,195356.7776
1705046400000,3.8013,4.0374,3.7707,4.0113,360940.5539
1705060800000,4.0113,4.2799,4.0095,4.0955,1178704.6089
1705075200000,4.0955,4.273,3.9053,3.9651,951303.5865
1705089600000,3.9651,4.0712,3.7588,3.9125,541271.6859
1705104000000,3.9125,3.94,3.6637,3.8804,394749.1949
1705118400000,3.8804,3.934,3.8637,3.8809,155534.3351
1705132800000,3.8809,3.9142,3.7727,3.7817,179637.5342
1705147200000,3.7817,3.868,3.7767,3.8201,179468.6508
1705161600000,3.8201,3.8418,3.7727,3.8002,145872.8885
1705176000000,3.8002,3.8524,3.7447,3.8049,114077.0184
1705190400000,3.8049,3.8454,3.7565,3.793,128019.6752
1705204800000,3.793,3.8363,3.7656,3.8273,69984.3652
1705219200000,3.8273,3.8456,3.764,3.7672,91338.9246
1705233600000,3.7672,3.78,3.6885,3.7274,122676.004
1705248000000,3.7274,3.7361,3.5697,3.571,133915.5333
1705262400000,3.571,3.6081,3.4611,3.4802,257891.644
1705276800000,3.4802,3.5302,3.4722,3.504,212674.7576
1705291200000,3.504,3.5869,3.5004,3.5175,166800.0191
1705305600000,3.5175,3.6047,3.4955,3.5827,159821.2317
1705320000000,3.5827,3.6196,3.4524,3.4706,265504.722
1705334400000,3.4706,3.5703,3.4629,3.5055,186452.6752
1705348800000,3.5055,3.5265,3.4166,3.4514,176918.7065
1705363200000,3.4514,3.5637,3.4498,3.5635,108479.6776
1705377600000,3.5635,3.5665,3.4946,3.5099,101520.1128
1705392000000,3.5099,3.5724,3.4955,3.5039,109765.7994
1705406400000,3.5039,3.575,3.402,3.5139,280968.4812
1705420800000,3.5139,3.5606,3.4935,3.5085,129431.934
1705435200000,3.5085,3.6702,3.5074,3.6034,242313.6025
1705449600000,3.6034,3.6233,3.5617,3.5646,116405.2181
1705464000000,3.5646,3.6134,3.4886,3.4889,260385.6788
1705478400000,3.4889,3.5519,3.4675,3.5089,116466.8558
1705492800000,3.5089,3.5316,3.4428,3.4569,169237.6295
1705507200000,3.4569,3.4744,3.4186,3.4567,134166.7596
1705521600000,3.4567,3.4784,3.4044,3.4566,76178.4905
1705536000000,3.4566,3.4815,3.3536,3.3655,135335.9693
1705550400000,3.3655,3.4357,3.3516,3.4143,117100.5275
1705564800000,3.4143,3.4295,3.3225,3.3441,141174.1517
1705579200000,3.3441,3.3624,3.2883,3.3416,134721.562
1705593600000,3.3416,3.3554,3.1531,3.1717,339628.4993
1705608000000,3.1717,3.2486,3.1652,3.2148,128192.0498
1705622400000,3.2148,3.2325,3.1105,3.1726,173689.5172
1705636800000,3.1726,3.2807,3.1656,3.235,194852.0993
1705651200000,3.235,3.2775,3.2163,3.256,92283.2217
1705665600000,3.256,3.2615,3.1455,3.1508,180374.7763
1705680000000,3.1508,3.2048,3.0019,3.1963,495473.4376
1705694400000,3.1963,3.2151,3.1485,3.204,298608.9518
1705708800000,3.204,3.2296,3.1538,3.1913,112246.4511
1705723200000,3.1913,3.2125,3.1518,3.1518,212916.4723
1705737600000,3.1518,3.1642,3.1075,3.1481,97862.6032
1705752000000,3.1481,3.2016,3.1412,3.1714,75159.4607
1705766400000,3.1714,3.1836,3.1235,3.1415,53504.0404
1705780800000,3.1415,3.208,3.1351,3.1937,68154.1747
1705795200000,3.1937,3.2396,3.1635,3.2335,72085.6761
1705809600000,3.2335,3.2345,3.1873,3.2176,43166.6397
1705824000000,3.2176,3.2582,3.2148,3.2281,89398.5057
1705838400000,3.2281,3.2537,3.1766,3.1906,86074.8072
1705852800000,3.1906,3.1925,3.1508,3.1788,78267.1267
1705867200000,3.1788,3.1811,3.1102,3.1178,71536.2608
1705881600000,3.1178,3.1537,3.0608,3.092,150797.6044
1705896000000,3.092,3.1506,3.0403,3.1065,127873.5316
1705910400000,3.1065,3.1225,3.0043,3.0304,398526.9742
1705924800000,3.0304,3.0937,2.9423,3.0134,251760.2087
1705939200000,3.0134,3.033,2.9152,2.9727,212871.6403
1705953600000,2.9727,3.0456,2.9613,2.9801,126211.2622
1705968000000,2.9801,3.0158,2.9624,2.9718,136678.512
1705982400000,2.9718,3.0035,2.8237,2.8449,217854.3001
1705996800000,2.8449,2.8521,2.6545,2.7128,802330.5085
1706011200000,2.7128,2.7372,2.613,2.7115,499111.8081
1706025600000,2.7115,2.756,2.684,2.6872,351929.9708
1706040000000,2.6872,2.822,2.6851,2.82,217348.2553
1706054400000,2.82,2.8527,2.7953,2.8034,155580.1939
1706068800000,2.8034,2.8648,2.7859,2.829,141198.0675
1706083200000,2.829,2.8877,2.8234,2.8353,160477.5178
1706097600000,2.8353,2.8479,2.7828,2.839,162937.4627
1706112000000,2.839,2.8768,2.7841,2.8042,113561.8302
1706126400000,2.8042,2.867,2.7839,2.8583,62016.3145
1706140800000,2.8583,2.8768,2.8121,2.8309,68918.72
1706155200000,2.8309,2.8413,2.7973,2.8265,63464.0762
1706169600000,2.8265,2.853,2.7864,2.834,103909.4067
1706184000000,2.834,2.8464,2.7451,2.7604,110111.3706
1706198400000,2.7604,2.9717,2.7549,2.9578,357045.5961
1706212800000,2.9578,2.984,2.9184,2.9375,130669.1943
1706227200000,2.9375,3.009,2.9117,2.9936,159674.4813
1706241600000,2.9936,3.0648,2.9936,2.9971,206497.128
1706256000000,2.9971,3.1485,2.9968,3.142,296095.5405
1706270400000,3.142,3.1481,3.0634,3.0904,240651.2351
1706284800000,3.0904,3.1375,3.0764,3.0938,186772.604
1706299200000,3.0938,3.0975,3.0342,3.0694,87876.9372
1706313600000,3.0694,3.1195,3.0572,3.0972,110390.9563
1706328000000,3.0972,3.1146,3.0336,3.046,106387.489
1706342400000,3.046,3.0576,3.0192,3.0378,73216.7633
1706356800000,3.0378,3.0843,3.0316,3.0732,61847.1447
1706371200000,3.0732,3.0917,3.0534,3.0773,66768.2004
1706385600000,3.0773,3.1037,3.0644,3.0682,54364.7908
1706400000000,3.0682,3.1466,3.0604,3.144,89428.5227
1706414400000,3.144,3.1835,3.1235,3.1328,232320.7612
1706428800000,3.1328,3.1768,3.1105,3.1295,150586.6391
1706443200000,3.1295,3.1319,3.0634,3.0855,105673.3335
1706457600000,3.0855,3.0996,3.0144,3.0329,110122.0955
1706472000000,3.0329,3.0727,3.0112,3.027,68693.3298
1706486400000,3.027,3.0869,3.0141,3.0674,67714.1557
1706500800000,3.0674,3.0684,3.0165,3.0187,95868.2201
1706515200000,3.0187,3.0878,2.9846,3.0611,133891.4535
1706529600000,3.0611,3.0846,2.9983,3.0834,120653.2895
1706544000000,3.0834,3.1415,3.0546,3.0921,223411.3383
1706558400000,3.0921,3.1867,3.0861,3.1674,158436.8826
1706572800000,3.1674,3.2236,3.1245,3.1245,165423.1404
1706587200000,3.1245,3.1635,3.1123,3.1508,137473.2108
1706601600000,3.1508,3.1947,3.1334,3.1918,114453.4896
1706616000000,3.1918,3.2257,3.0813,3.184,323101.3216
1706630400000,3.184,3.2926,3.184,3.2624,396824.5015
1706644800000,3.2624,3.2938,3.1367,3.1561,179573.492
1706659200000,3.1561,3.1689,3.0498,3.0643,288239.605
1706673600000,3.0643,3.0659,3.0294,3.0621,122039.8774
1706688000000,3.0621,3.0669,2.9613,2.9926,181885.2018
1706702400000,2.9926,3.0186,2.9317,3.0068,171282.0378
1706716800000,3.0068,3.0457,2.9829,3.0114,145868.522
1706731200000,3.0114,3.0144,2.8723,2.9008,177537.2559
1706745600000,2.9008,2.9178,2.8262,2.8723,156299.9051
1706760000000,2.8723,2.9091,2.865,2.8992,80851.5714
1706774400000,2.8992,2.9248,2.8933,2.9017,81493.4118
1706788800000,2.9017,3.024,2.8986,2.9654,156798.8215
1706803200000,2.9654,2.984,2.9171,2.9678,111803.4414
1706817600000,2.9678,2.9758,2.9449,2.9752,52791.4817
1706832000000,2.9752,3.0119,2.9612,2.9652,69890.6503
1706846400000,2.9652,2.9973,2.9393,2.9906,63019.6123
1706860800000,2.9906,3.0197,2.9654,2.9971,69042.7386
1706875200000,2.9971,3.0371,2.9494,3.0269,118292.5929
1706889600000,3.0269,3.0407,2.9633,2.9912,66547.0764
1706904000000,2.9912,3.0177,2.9798,3.013,39113.9615
1706918400000,3.013,3.0466,2.9923,2.9984,52666.0783
1706932800000,2.9984,3.0356,2.9946,3.0052,55226.5637
1706947200000,3.0052,3.0297,2.9982,3.0048,45386.5497
1706961600000,3.0048,3.0187,2.9642,2.9943,43945.441
1706976000000,2.9943,3.0076,2.9723,2.9889,27562.4555
1706990400000,2.9889,2.9902,2.9536,2.9607,26551.4606
1707004800000,2.9607,2.9822,2.9413,2.9689,31481.8694
1707019200000,2.9689,2.9757,2.9258,2.9388,44250.9816
1707033600000,2.9388,2.9812,2.9224,2.9779,34312.0692
1707048000000,2.9779,3.0264,2.9749,3.0103,81192.2633
1707062400000,3.0103,3.0248,2.9744,3.0011,59783.2981
1707076800000,3.0011,3.062,2.982,2.9911,122350.9893
1707091200000,2.9911,3.0038,2.9194,3.0025,74652.8712
1707105600000,3.0025,3.0501,2.9946,3.0456,88659.4535
1707120000000,3.0456,3.0817,3.0374,3.0666,97238.8011
1707134400000,3.0666,3.1279,3.0448,3.0486,181246.8057
1707148800000,3.0486,3.0957,3.0293,3.0843,80178.7984
1707163200000,3.0843,3.1007,3.0444,3.096,82305.1561
1707177600000,3.096,3.2357,3.08,3.1997,262270.2599
1707192000000,3.1997,3.2656,3.1881,3.2656,275574.7705
1707206400000,3.2656,3.2854,3.1895,3.1944,370034.4656
1707220800000,3.1944,3.232,3.162,3.2072,443284.7677
1707235200000,3.2072,3.2625,3.1814,3.2574,205311.4315
1707249600000,3.2574,3.3775,3.2562,3.3242,300662.5295
1707264000000,3.3242,3.3806,3.2674,3.269,184639.9785
1707278400000,3.269,3.2807,3.2014,3.2145,142979.7017
1707292800000,3.2145,3.2745,3.2025,3.2522,253716.2624
1707307200000,3.2522,3.3562,3.2485,3.2727,223046.1054
1707321600000,3.2727,3.4797,3.2657,3.4125,392241.1602
1707336000000,3.4125,3.4475,3.3615,3.3634,123735.3089
1707350400000,3.3634,3.4155,3.3486,3.4042,171728.3208
1707364800000,3.4042,3.4138,3.3526,3.3596,91758.7933
1707379200000,3.3596,3.3777,3.3532,3.3734,85025.8287
1707393600000,3.3734,3.4454,3.3596,3.4004,213642.1804
1707408000000,3.4004,3.4175,3.3053,3.3116,177465.0181
1707422400000,3.3116,3.3348,3.3014,3.3024,72889.5107
1707436800000,3.3024,3.3854,3.3004,3.348,139231.9725
1707451200000,3.348,3.3644,3.3194,3.3576,81583.6951
1707465600000,3.3576,3.3944,3.3356,3.3793,94949.2082
1707480000000,3.3793,3.4438,3.3253,3.3608,304914.0192
1707494400000,3.3608,3.4495,3.3604,3.4304,170213.0443
1707508800000,3.4304,3.5162,3.4286,3.4626,143677.8437
1707523200000,3.4626,3.4985,3.4145,3.4633,100902.2874
1707537600000,3.4633,3.4763,3.4163,3.418,60697.4825
1707552000000,3.418,3.4366,3.3548,3.3651,103091.0565
1707566400000,3.3651,3.3981,3.3571,3.3714,60977.2902
1707580800000,3.3714,3.3726,3.3446,3.3629,59931.2158
1707595200000,3.3629,3.4056,3.3524,3.3657,75481.2738
1707609600000,3.3657,3.5474,3.3594,3.54,119714.142
1707624000000,3.54,3.6239,3.5053,3.6168,200494.7522
1707638400000,3.6168,3.6503,3.5876,3.6224,127606.9095
1707652800000,3.6224,3.6355,3.5254,3.5432,136811.3671
1707667200000,3.5432,3.5742,3.5266,3.5554,60223.9142
1707681600000,3.5554,3.5619,3.5104,3.5337,53159.3619
1707696000000,3.5337,3.5897,3.4756,3.4963,116360.0456
1707710400000,3.4963,3.5821,3.4581,3.5655,88904.9035
1707724800000,3.5655,3.6449,3.5301,3.6193,153419.6769
1707739200000,3.6193,3.7956,3.6062,3.7822,304855.6673
1707753600000,3.7822,3.9151,3.7525,3.8128,337143.0007
1707768000000,3.8128,3.8673,3.8128,3.8182,99383.5265
1707782400000,3.8182,3.8198,3.7217,3.7277,182833.1793
1707796800000,3.7277,3.7647,3.7087,3.7364,98710.9867
1707811200000,3.7364,3.802,3.7246,3.762,115095.4778
1707825600000,3.762,3.7783,3.6258,3.6916,252902.5212
1707840000000,3.6916,3.7133,3.6417,3.6697,119694.0336
1707854400000,3.6697,3.7414,3.6697,3.7306,70030.6931
1707868800000,3.7306,3.7497,3.6753,3.7083,75524.0385
1707883200000,3.7083,3.7543,3.6826,3.7485,65572.9937
1707897600000,3.7485,3.8515,3.7295,3.8396,200329.4563
1707912000000,3.8396,3.8713,3.7469,3.7982,210354.0651
1707926400000,3.7982,3.7983,3.7405,3.7723,133402.9209
1707940800000,3.7723,3.824,3.7565,3.8211,59018.1148
1707955200000,3.8211,3.9424,3.8186,3.9304,206892.4526
1707969600000,3.9304,3.9582,3.8306,3.8578,171752.2278
1707984000000,3.8578,3.9191,3.8417,3.8634,100749.0657
1707998400000,3.8634,3.9707,3.8238,3.8802,245271.9374
1708012800000,3.8802,3.9419,3.8386,3.9118,169027.3501
1708027200000,3.9118,3.9123,3.8107,3.8585,96703.7185
1708041600000,3.8585,3.8938,3.8494,3.8558,63538.4461
1708056000000,3.8558,3.8843,3.7588,3.7608,100138.7978
1708070400000,3.7608,3.7872,3.7054,3.764,141419.9112
1708084800000,3.764,3.8146,3.6036,3.6654,222971.2172
1708099200000,3.6654,3.6917,3.5865,3.6095,124676.8928
1708113600000,3.6095,3.6523,3.5985,3.6402,79135.9188
1708128000000,3.6402,3.6656,3.601,3.6462,79829.4211
1708142400000,3.6462,3.653,3.6194,3.6418,63660.2463
1708156800000,3.6418,3.6433,3.5485,3.5644,144023.6728
1708171200000,3.5644,3.5816,3.4656,3.5249,176731.6443
1708185600000,3.5249,3.5581,3.5076,3.5491,40894.6574
1708200000000,3.5491,3.5821,3.5441,3.5775,31832.9727
1708214400000,3.5775,3.5945,3.5535,3.5795,54855.8932
1708228800000,3.5795,3.716,3.5795,3.6943,136529.1739
1708243200000,3.6943,3.7333,3.6746,3.7146,96178.4684
1708257600000,3.7146,3.726,3.659,3.6951,76555.9289
1708272000000,3.6951,3.7653,3.6636,3.7254,80870.6563
1708286400000,3.7254,3.8212,3.6976,3.7912,93143.5572
1708300800000,3.7912,3.8333,3.7417,3.767,87348.4382
1708315200000,3.767,3.9472,3.7626,3.9341,258237.9458
1708329600000,3.9341,3.9442,3.8697,3.928,181174.299
1708344000000,3.928,3.9436,3.8317,3.8457,180259.939
1708358400000,3.8457,3.9431,3.8288,3.8804,145978.9548
1708372800000,3.8804,4.022,3.8709,3.9582,141925.2151
1708387200000,3.9582,3.9669,3.7807,3.7838,149531.8076
1708401600000,3.7838,3.8402,3.7647,3.8032,120765.1065
1708416000000,3.8032,3.8312,3.7157,3.8262,156835.1023
1708430400000,3.8262,4.1955,3.7926,3.977,1159020.1401
1708444800000,3.977,4.125,3.8738,4.0973,443602.2109
1708459200000,4.0973,4.1301,4.0236,4.0664,244455.154
1708473600000,4.0664,4.0696,3.8908,3.9123,241944.6802
1708488000000,3.9123,3.9187,3.7349,3.7555,273812.2533
1708502400000,3.7555,3.7953,3.6426,3.6567,266175.4775
1708516800000,3.6567,3.7214,3.5965,3.6484,292323.0471
1708531200000,3.6484,3.6969,3.5652,3.6391,182992.9479
1708545600000,3.6391,3.7813,3.6124,3.762,161275.7655
1708560000000,3.762,3.7635,3.6286,3.6941,158442.1201
1708574400000,3.6941,3.8291,3.689,3.7985,187885.678
1708588800000,3.7985,3.8429,3.7505,3.773,173816.4577
1708603200000,3.773,3.7988,3.6587,3.6984,178734.9258
1708617600000,3.6984,3.7063,3.6227,3.6579,146389.6955
1708632000000,3.6579,3.7243,3.6113,3.6393,181912.8301
1708646400000,3.6393,3.6983,3.6025,3.6194,167409.1118
1708660800000,3.6194,3.6557,3.5947,3.6143,89196.4854
1708675200000,3.6143,3.6777,3.5908,3.6709,100992.8675
1708689600000,3.6709,3.6764,3.5559,3.5725,187038.234
1708704000000,3.5725,3.6176,3.5097,3.5648,203289.1199
1708718400000,3.5648,3.5938,3.4844,3.509,69467.6378
1708732800000,3.509,3.5166,3.4274,3.4939,132350.5222
1708747200000,3.4939,3.5797,3.4904,3.572,89495.5158
1708761600000,3.572,3.6143,3.5505,3.6017,74087.5409
1708776000000,3.6017,3.6074,3.5646,3.594,65759.1652
1708790400000,3.594,3.7147,3.5923,3.6963,156539.2431
1708804800000,3.6963,3.7143,3.6594,3.6695,111317.4919
1708819200000,3.6695,3.7254,3.6105,3.6917,97897.673
1708833600000,3.6917,3.7604,3.6477,3.7136,83818.418
1708848000000,3.7136,3.7355,3.6636,3.7046,57552.5385
1708862400000,3.7046,3.7536,3.6946,3.7144,113218.6648
1708876800000,3.7144,3.8333,3.7053,3.8278,125213.6616
1708891200000,3.8278,3.882,3.805,3.8803,110673.4681
1708905600000,3.8803,3.8813,3.7756,3.8082,85096.6996
1708920000000,3.8082,3.8344,3.7639,3.7666,85442.7536
1708934400000,3.7666,3.7789,3.6484,3.6772,176058.1734
1708948800000,3.6772,3.831,3.6346,3.8263,191343.6944
1708963200000,3.8263,3.8479,3.7446,3.8132,157500.7578
1708977600000,3.8132,3.8624,3.7886,3.8255,124660.305
1708992000000,3.8255,3.9352,3.7772,3.8087,244243.0255
1709006400000,3.8087,3.8504,3.7735,3.7777,136363.5185
1709020800000,3.7777,3.8514,3.7765,3.848,135076.0423
1709035200000,3.848,3.8543,3.6897,3.7043,207023.9567
1709049600000,3.7043,3.7379,3.6587,3.7013,140912.4024
1709064000000,3.7013,3.7357,3.6687,3.7041,58929.1854
1709078400000,3.7041,3.7802,3.6952,3.7397,96634.3951
1709092800000,3.7397,3.8099,3.7324,3.8076,93796.3585
1709107200000,3.8076,3.8683,3.7126,3.7518,298742.6058
1709121600000,3.7518,3.8814,3.7481,3.8285,302422.3399
1709136000000,3.8285,3.9268,3.506,3.6645,546043.1691
1709150400000,3.6645,3.8058,3.6166,3.7685,155272.7176
1709164800000,3.7685,4.0402,3.7256,3.8338,507016.7191
1709179200000,3.8338,3.9332,3.8167,3.9234,247934.4594
1709193600000,3.9234,3.9811,3.8787,3.9024,230183.9985
1709208000000,3.9024,3.9128,3.8522,3.8857,176501.4613
1709222400000,3.8857,3.8873,3.7379,3.8094,226040.9138
1709236800000,3.8094,3.814,3.6087,3.6983,168936.4437
1709251200000,3.6983,3.7753,3.6953,3.7527,113060.7849
1709265600000,3.7527,3.7837,3.7433,3.7526,87057.1684
1709280000000,3.7526,3.8085,3.7395,3.7604,98975.102
1709294400000,3.7604,3.8124,3.7545,3.7792,136975.4355
1709308800000,3.7792,3.7942,3.7207,3.7391,135982.2497
1709323200000,3.7391,3.7902,3.7254,3.7543,85035.0653
1709337600000,3.7543,3.8672,3.7136,3.8538,205432.1609
1709352000000,3.8538,3.8962,3.7904,3.8394,221679.1778
1709366400000,3.8394,3.8874,3.7994,3.8534,152013.1585
1709380800000,3.8534,3.8924,3.8213,3.8496,128773.489
1709395200000,3.8496,3.9852,3.8432,3.9444,217855.2852
1709409600000,3.9444,3.9876,3.9102,3.9863,67887.7962
1709424000000,3.9863,4.3171,3.9643,4.1442,835862.9423
1709438400000,4.1442,4.2274,3.7023,3.9226,521646.6219
1709452800000,3.9226,4.002,3.8828,3.9942,236308.4782
1709467200000,3.9942,4.041,3.933,3.9677,197273.4678
1709481600000,3.9677,4.0353,3.9428,4.0077,137606.1901
1709496000000,4.0077,4.0442,3.977,3.987,89570.6753
1709510400000,3.987,4.0927,3.9036,3.9223,267586.7062
1709524800000,3.9223,3.9658,3.9041,3.9528,110693.0165
1709539200000,3.9528,4.003,3.8818,3.9128,211187.9855
1709553600000,3.9128,3.9363,3.8186,3.8946,227000.3085
1709568000000,3.8946,3.9038,3.7595,3.8906,271084.2935
1709582400000,3.8906,3.9317,3.8496,3.9062,103330.7882
1709596800000,3.9062,3.9962,3.8377,3.9959,177466.6594
1709611200000,3.9959,4.5771,3.9954,4.4078,1593690.9712
1709625600000,4.4078,4.5232,4.3362,4.4641,453717.2262
1709640000000,4.4641,4.5659,4.223,4.4469,762801.5298
1709654400000,4.4469,4.6712,3.6906,3.9821,1091039.8833
1709668800000,3.9821,4.548,3.9735,4.5161,849965.2278
1709683200000,4.5161,4.5923,4.311,4.359,498380.2289
1709697600000,4.359,4.8398,4.3228,4.8135,766556.651
1709712000000,4.8135,4.8622,4.633,4.6902,489201.0939
1709726400000,4.6902,4.7064,4.4521,4.5237,543774.6207
1709740800000,4.5237,4.5731,4.454,4.513,254528.9498
1709755200000,4.513,4.6356,4.506,4.5471,216542.2031
1709769600000,4.5471,4.603,4.497,4.5125,306595.2936
1709784000000,4.5125,4.604,4.4331,4.562,396842.8663
1709798400000,4.562,4.7299,4.5424,4.5976,252464.8155
1709812800000,4.5976,4.6676,4.5249,4.5947,240983.6306
1709827200000,4.5947,4.6383,4.5458,4.6269,154157.7679
1709841600000,4.6269,4.7714,4.6256,4.6616,185964.4779
1709856000000,4.6616,4.7959,4.5942,4.6031,203463.2469
1709870400000,4.6031,4.6419,4.5561,4.5671,142810.9208
1709884800000,4.5671,4.625,4.5361,4.6013,143463.7693
1709899200000,4.6013,4.636,4.3029,4.4177,328378.3952
1709913600000,4.4177,4.505,4.348,4.473,239921.1093
1709928000000,4.473,4.516,4.46,4.4833,175227.2097
1709942400000,4.4833,4.5728,4.4694,4.5718,91892.9943
1709956800000,4.5718,4.6151,4.539,4.5971,113492.767
1709971200000,4.5971,4.6093,4.4899,4.5539,155097.8766
1709985600000,4.5539,4.6532,4.5106,4.6461,222185.3487
1710000000000,4.6461,4.6489,4.5789,4.6124,138611.3537
1710014400000,4.6124,4.6949,4.6124,4.6943,110165.2399
1710028800000,4.6943,4.7607,4.6347,4.7302,160781.4064
1710043200000,4.7302,4.7833,4.7064,4.7709,102032.1114
1710057600000,4.7709,4.7862,4.636,4.6579,251053.0549
1710072000000,4.6579,4.6638,4.4238,4.5173,225109.5548
1710086400000,4.5173,4.5651,4.4929,4.5284,95833.611
1710100800000,4.5284,4.5464,4.4189,4.5363,121058.937
1710115200000,4.5363,4.6525,4.3759,4.588,343776.1008
1710129600000,4.588,4.6313,4.4933,4.594,294027.0145
1710144000000,4.594,4.6598,4.5431,4.5641,257983.6896
1710158400000,4.5641,4.5821,4.4699,4.4699,186210.289
1710172800000,4.4699,4.6161,4.4047,4.474,341202.6927
1710187200000,4.474,4.6491,4.4719,4.5842,354132.2313
1710201600000,4.5842,4.6795,4.5608,4.5666,171566.0623
1710216000000,4.5666,4.5781,4.4122,4.4254,227906.4996
1710230400000,4.4254,4.4358,4.301,4.3679,239847.1004
1710244800000,4.3679,4.4212,4.283,4.3228,329741.3178
1710259200000,4.3228,4.3823,4.1181,4.374,535704.6977
1710273600000,4.374,4.4282,4.3165,4.3612,543977.604
1710288000000,4.3612,4.4656,4.3577,4.426,119978.6043
1710302400000,4.426,4.5538,4.4153,4.4981,202066.3832
1710316800000,4.4981,4.5773,4.46,4.4745,181645.628
1710331200000,4.4745,4.5264,4.356,4.3915,339405.3839
1710345600000,4.3915,4.4482,4.3608,4.3675,118471.3112
1710360000000,4.3675,4.4262,4.3289,4.418,102790.5046
1710374400000,4.418,4.4931,4.347,4.4298,266994.7598
1710388800000,4.4298,4.4298,4.3017,4.3101,170785.671
1710403200000,4.3101,4.333,4.2036,4.2426,217066.2744
1710417600000,4.2426,4.26,4.0559,4.1174,468460.5895
1710432000000,4.1174,4.1823,4.0106,4.0948,277751.1724
1710446400000,4.0948,4.2152,4.0924,4.2033,112775.7736
1710460800000,4.2033,4.234,3.8454,3.9298,387704.8912
1710475200000,3.9298,3.9362,3.7912,3.8992,318378.4866
1710489600000,3.8992,3.9021,3.5876,3.7827,424365.4258
1710504000000,3.7827,3.816,3.7337,3.7534,208560.915
1710518400000,3.7534,3.8905,3.7135,3.7827,213754.1386
1710532800000,3.7827,3.8203,3.6617,3.8176,230691.0906
1710547200000,3.8176,3.839,3.7941,3.8262,157283.5497
1710561600000,3.8262,3.8511,3.7473,3.8412,166305.4341
1710576000000,3.8412,3.8465,3.7147,3.7537,189424.7342
1710590400000,3.7537,3.7566,3.6096,3.6737,279513.3261
1710604800000,3.6737,3.6737,3.4519,3.5113,339949.6216
1710619200000,3.5113,3.5744,3.4625,3.5514,199379.9317
1710633600000,3.5514,3.5978,3.4694,3.5963,150323.9762
1710648000000,3.5963,3.5978,3.3589,3.4632,220633.1253
1710662400000,3.4632,3.6211,3.4422,3.5902,182417.1373
1710676800000,3.5902,3.6174,3.5058,3.6083,216492.4553
1710691200000,3.6083,3.6167,3.5444,3.6147,174758.0701
1710705600000,3.6147,3.6397,3.5524,3.5833,109079.0788
1710720000000,3.5833,3.5833,3.4589,3.5154,161321.1662
1710734400000,3.5154,3.5672,3.4844,3.5172,162800.6379
1710748800000,3.5172,3.5196,3.4003,3.4466,196888.0713
1710763200000,3.4466,3.4537,3.2863,3.3443,310784.0091
1710777600000,3.3443,3.3678,3.2413,3.2665,361780.4314
1710792000000,3.2665,3.3376,3.2664,3.3013,102079.8197
1710806400000,3.3013,3.3428,3.1145,3.1995,375041.6147
1710820800000,3.1995,3.2168,3.0035,3.1429,443852.466
1710835200000,3.1429,3.1847,2.9773,3.1694,460167.3639
1710849600000,3.1694,3.4528,3.1603,3.4139,504334.0984
1710864000000,3.4139,3.4312,3.3336,3.4044,237906.7276
1710878400000,3.4044,3.4999,3.2785,3.4428,504217.9671
1710892800000,3.4428,3.5576,3.3524,3.376,486026.4957
1710907200000,3.376,3.5721,3.1625,3.4767,750970.6295
1710921600000,3.4767,3.5516,3.3996,3.5194,297276.2801
1710936000000,3.5194,3.5703,3.3122,3.3156,448523.3057
1710950400000,3.3156,3.4776,3.2,3.4505,738752.8872
1710964800000,3.4505,3.5696,3.4347,3.5496,301102.5137
1710979200000,3.5496,3.6057,3.4753,3.4928,279651.8765
1710993600000,3.4928,3.5187,3.3824,3.4275,267707.8235
1711008000000,3.4275,3.4964,3.4244,3.447,215344.5633
1711022400000,3.447,3.4966,3.4104,3.4285,210226.0864
1711036800000,3.4285,3.5163,3.3366,3.384,217204.2725
1711051200000,3.384,3.4602,3.3449,3.4269,101169.128
1711065600000,3.4269,3.4658,3.3671,3.454,172695.0642
1711080000000,3.454,3.5696,3.4225,3.5626,269357.7604
1711094400000,3.5626,3.5863,3.4624,3.4664,378218.3078
1711108800000,3.4664,3.5973,3.3923,3.5437,608175.3519
1711123200000,3.5437,3.5471,3.4009,3.4382,254849.1448
1711137600000,3.4382,3.4397,3.3077,3.4235,180960.8113
1711152000000,3.4235,3.4552,3.3373,3.3663,149480.1339
1711166400000,3.3663,3.3906,3.3133,3.3787,146576.1601
1711180800000,3.3787,3.4306,3.3585,3.4269,146495.4837
1711195200000,3.4269,3.5415,3.4178,3.5187,181953.5537
1711209600000,3.5187,3.5239,3.4765,3.4834,78626.6344
1711224000000,3.4834,3.4996,3.4264,3.4287,82868.1398
1711238400000,3.4287,3.4762,3.3979,3.3979,96715.5641
1711252800000,3.3979,3.4326,3.3725,3.412,63225.1897
1711267200000,3.412,3.6533,3.4077,3.6479,353964.41
1711281600000,3.6479,3.7951,3.6325,3.7354,540132.5846
1711296000000,3.7354,3.7407,3.6212,3.6846,180979.6506
1711310400000,3.6846,3.7293,3.6783,3.7054,99665.1615
1711324800000,3.7054,3.8114,3.6925,3.8114,184168.2551
1711339200000,3.8114,3.9211,3.7992,3.8361,270793.4673
1711353600000,3.8361,3.8706,3.7657,3.7792,184222.0861
1711368000000,3.7792,3.8693,3.7394,3.861,265416.4389
1711382400000,3.861,3.8678,3.8145,3.8347,158395.9539
1711396800000,3.8347,3.8708,3.7577,3.8579,182250.9812
1711411200000,3.8579,3.9553,3.8482,3.9544,134141.7916
1711425600000,3.9544,3.9777,3.9165,3.9181,133525.2498
1711440000000,3.9181,4.0236,3.9037,3.9484,199324.8891
1711454400000,3.9484,3.9658,3.7887,3.8226,206723.2775
1711468800000,3.8226,3.9648,3.8212,3.894,296962.3091
1711483200000,3.894,3.9637,3.8637,3.9145,99148.3507
1711497600000,3.9145,3.9729,3.8874,3.969,188745.9295
1711512000000,3.969,3.9976,3.82,3.8293,128889.0728
1711526400000,3.8293,3.9285,3.7776,3.911,130965.6381
1711540800000,3.911,4.0392,3.7316,3.7316,533653.2842
1711555200000,3.7316,3.7661,3.6473,3.6717,145646.5696
1711569600000,3.6717,3.7109,3.6586,3.6703,107891.0333
1711584000000,3.6703,3.7143,3.6125,3.6411,135221.3482
1711598400000,3.6411,3.7254,3.6409,3.7254,124245.5081
1711612800000,3.7254,3.7423,3.6695,3.7124,145599.8422
1711627200000,3.7124,3.7376,3.6596,3.6916,170446.9802
1711641600000,3.6916,3.7174,3.6637,3.7127,54364.473
1711656000000,3.7127,3.7534,3.7011,3.7247,69495.3342
1711670400000,3.7247,3.746,3.6693,3.6874,65987.2567
1711684800000,3.6874,3.7414,3.6046,3.6223,126017.002
1711699200000,3.6223,3.6763,3.6183,3.6644,94231.0934
1711713600000,3.6644,3.6906,3.5804,3.6132,110347.4762
1711728000000,3.6132,3.6483,3.5873,3.6057,62624.409
1711742400000,3.6057,3.6334,3.5676,3.6176,40744.2844
1711756800000,3.6176,3.7083,3.6026,3.7073,86185.303
1711771200000,3.7073,3.8076,3.6854,3.6997,230553.4962
1711785600000,3.6997,3.7327,3.6723,3.725,86314.4433
1711800000000,3.725,3.7324,3.6756,3.6825,69174.2655
1711814400000,3.6825,3.7047,3.6457,3.6824,49968.4413
1711828800000,3.6824,3.6913,3.6244,3.6566,51138.5148
1711843200000,3.6566,3.6737,3.6244,3.6283,73020.6175
1711857600000,3.6283,3.7477,3.6125,3.7207,107551.1357
1711872000000,3.7207,3.7264,3.6736,3.689,52749.7227
1711886400000,3.689,3.7025,3.6745,3.6754,42028.3645
1711900800000,3.6754,3.7017,3.6676,3.6949,35249.609
1711915200000,3.6949,3.7058,3.6642,3.6888,58255.2773
1711929600000,3.6888,3.693,3.6236,3.6296,78142.5411
1711944000000,3.6296,3.6315,3.4427,3.5494,265811.1929
1711958400000,3.5494,3.5634,3.5067,3.5279,88702.5155
1711972800000,3.5279,3.5752,3.4309,3.4349,167554.2414
1711987200000,3.4349,3.4894,3.3873,3.4874,135350.8231
1712001600000,3.4874,3.508,3.473,3.4976,33676.876
1712016000000,3.4976,3.4976,3.2278,3.3142,232602.619
1712030400000,3.3142,3.3208,3.2364,3.2856,207544.7889
1712044800000,3.2856,3.2915,3.1453,3.1888,223815.1158
1712059200000,3.1888,3.2349,3.1183,3.1238,191315.9569
1712073600000,3.1238,3.2684,3.105,3.2027,294834.3942
1712088000000,3.2027,3.2109,3.1372,3.1547,77064.7985
1712102400000,3.1547,3.2073,3.0421,3.167,194705.6944
1712116800000,3.167,3.2303,3.1402,3.1905,116340.9031
1712131200000,3.1905,3.2211,3.1325,3.1454,135046.3471
1712145600000,3.1454,3.1639,3.0883,3.1141,135507.2517
1712160000000,3.1141,3.1337,3.0303,3.067,152861.1506
1712174400000,3.067,3.0851,3.0253,3.0533,77800.8012
1712188800000,3.0533,3.0899,3.0146,3.0186,93766.2659
1712203200000,3.0186,3.1109,3.0014,3.1076,49045.8598
1712217600000,3.1076,3.1528,3.1012,3.1225,44864.5037
1712232000000,3.1225,3.1997,3.1194,3.1687,44340.7141
1712246400000,3.1687,3.2249,3.1425,3.1455,24169.798
1712260800000,3.1455,3.1492,3.0745,3.1033,30605.3758
1712275200000,3.1033,3.1034,3.0143,3.0622,30267.7805
1712289600000,3.0622,3.0644,2.9653,2.9952,42286.6175
1712304000000,2.9952,3.0303,2.8821,2.8853,56820.1567
1712318400000,2.8853,2.9802,2.8702,2.9661,66327.3229
1712332800000,2.9661,2.9752,2.9009,2.9011,49011.5955
1712347200000,2.9011,2.9267,2.8667,2.8733,22931.1414
1712361600000,2.8733,2.9236,2.85,2.9236,39468.882
1712376000000,2.9236,2.9652,2.9043,2.9601,39108.0353
1712390400000,2.9601,3.0208,2.9558,2.9696,40002.8287
1712404800000,2.9696,3.008,2.9437,2.9756,28841.9778
1712419200000,2.9756,2.9991,2.9718,2.9799,16389.8306
1712433600000,2.9799,3.027,2.9729,2.9927,17694.5963
1712448000000,2.9927,3.0617,2.9816,3.0474,30982.9485
1712462400000,3.0474,3.0628,3.0156,3.023,25775.395
1712476800000,3.023,3.0639,3.0166,3.0603,28555.2526
1712491200000,3.0603,3.0947,3.0552,3.0613,31443.6694
1712505600000,3.0613,3.0958,3.0456,3.0668,26896.5685
1712520000000,3.0668,3.2025,3.0606,3.1967,47305.135
1712534400000,3.1967,3.2015,3.0853,3.1079,38732.4879
1712548800000,3.1079,3.1995,3.0966,3.1768,36036.9613
1712563200000,3.1768,3.2935,3.1743,3.2423,89056.8364
1712577600000,3.2423,3.2705,3.207,3.256,62892.1487
1712592000000,3.256,3.3571,3.2474,3.3416,56372.016
1712606400000,3.3416,3.3775,3.3225,3.3639,37615.6869
1712620800000,3.3639,3.4111,3.2985,3.2999,62489.5469
1712635200000,3.2999,3.3374,3.2235,3.2421,54011.6404
1712649600000,3.2421,3.2622,3.1865,3.2606,44763.9495
1712664000000,3.2606,3.2699,3.0579,3.1117,95717.6506
1712678400000,3.1117,3.1245,3.0584,3.1223,26687.9904
1712692800000,3.1223,3.1267,3.0253,3.0442,20616.3652
1712707200000,3.0442,3.0828,2.9691,3.036,52905.3156
1712721600000,3.036,3.0643,3.0063,3.0369,22501.8251
1712736000000,3.0369,3.04,2.9834,3.0115,37825.1534
1712750400000,3.0115,3.023,2.8974,3.0018,83443.7196
1712764800000,3.0018,3.0844,2.9817,3.0194,49238.3867
1712779200000,3.0194,3.0606,2.9945,3.0355,28883.85
1712793600000,3.0355,3.0534,2.9892,3.0534,44667.8334
1712808000000,3.0534,3.1116,3.0371,3.0742,48147.6397
1712822400000,3.0742,3.0937,2.9532,2.9623,31752.4991
1712836800000,2.9623,3.0111,2.9222,2.9659,53089.9694
1712851200000,2.9659,2.983,2.9336,2.9423,26560.4824
1712865600000,2.9423,2.9575,2.9215,2.9395,16506.5102
1712880000000,2.9395,3.0104,2.9296,3.0039,38246.7716
1712894400000,3.0039,3.0259,2.9624,2.9757,23340.44
1712908800000,2.9757,3.0282,2.9689,3.0114,20375.8274
1712923200000,3.0114,3.0131,2.8797,2.9177,60204.5486
1712937600000,2.9177,2.9236,2.0966,2.388,372680.8717
1712952000000,2.388,2.483,2.3806,2.4483,98086.0612
1712966400000,2.4483,2.4483,2.3251,2.4022,91099.8082
1712980800000,2.4022,2.4581,2.3968,2.4045,48621.4569
1712995200000,2.4045,2.4463,2.3841,2.4123,51324.8109
1713009600000,2.4123,2.4377,2.39,2.3926,58789.9011
1713024000000,2.3926,2.4028,2.0017,2.0744,267680.5345
1713038400000,2.0744,2.1333,1.809,2.1174,428006.46
1713052800000,2.1174,2.1451,2.0429,2.1446,116838.9578
1713067200000,2.1446,2.273,2.1289,2.2645,92519.0598
1713081600000,2.2645,2.2768,2.1748,2.1877,68992.3534
1713096000000,2.1877,2.2659,2.179,2.2386,97093.334
1713110400000,2.2386,2.2911,2.1659,2.2492,145776.7904
1713124800000,2.2492,2.3699,2.2159,2.3305,62256.2069
1713139200000,2.3305,2.3331,2.2667,2.273,53071.6149
1713153600000,2.273,2.4141,2.243,2.3785,82464.4489
1713168000000,2.3785,2.4216,2.3641,2.3785,55601.1547
1713182400000,2.3785,2.4378,2.2923,2.3599,149645.3078
1713196800000,2.3599,2.3776,2.1915,2.2829,124805.2387
1713211200000,2.2829,2.3041,2.2208,2.2665,46949.7791
1713225600000,2.2665,2.2919,2.1937,2.2102,42365.9386
1713240000000,2.2102,2.279,2.1289,2.2551,66475.151
1713254400000,2.2551,2.2571,2.14,2.2225,63010.9849
1713268800000,2.2225,2.2225,2.11,2.1167,89793.2926
1713283200000,2.1167,2.223,2.1088,2.1965,71836.6183
1713297600000,2.1965,2.2712,2.191,2.2426,32383.5521
1713312000000,2.2426,2.2755,2.1968,2.2154,25647.7909
1713326400000,2.2154,2.2565,2.1987,2.2152,38497.838
1713340800000,2.2152,2.2321,2.1645,2.1654,22664.2372
1713355200000,2.1654,2.1967,2.0966,2.114,69113.9346
1713369600000,2.114,2.248,2.081,2.2077,66122.7034
1713384000000,2.2077,2.2253,2.157,2.1655,21143.1558
1713398400000,2.1655,2.2147,2.1174,2.1907,34686.7818
1713412800000,2.1907,2.2147,2.134,2.1579,37359.6422
1713427200000,2.1579,2.2483,2.1268,2.2231,49819.3596
1713441600000,2.2231,2.2671,2.1835,2.2436,42198.2834
1713456000000,2.2436,2.2542,2.186,2.2322,21958.6353
1713470400000,2.2322,2.248,2.22,2.2238,11451.6648
1713484800000,2.2238,2.2271,2.0424,2.1325,113030.5535
1713499200000,2.1325,2.2711,2.1229,2.2284,59020.5833
1713513600000,2.2284,2.2848,2.225,2.2618,66083.229
1713528000000,2.2618,2.321,2.225,2.2749,72597.4593
1713542400000,2.2749,2.2875,2.2317,2.2811,47654.5012
1713556800000,2.2811,2.2819,2.2025,2.2324,25407.5242
1713571200000,2.2324,2.2549,2.1999,2.2441,28758.5846
1713585600000,2.2441,2.3007,2.2398,2.2906,25644.638
1713600000000,2.2906,2.2962,2.2623,2.2739,22890.3958
1713614400000,2.2739,2.3872,2.2729,2.387,46531.8171
1713628800000,2.387,2.4899,2.3641,2.4807,89668.4467
1713643200000,2.4807,2.5252,2.4718,2.5038,24905.0869
1713657600000,2.5038,2.5224,2.4659,2.4972,31310.3622
1713672000000,2.4972,2.5372,2.4866,2.5136,20447.7242
1713686400000,2.5136,2.5188,2.4648,2.4789,25411.9052
1713700800000,2.4789,2.4877,2.4279,2.441,36241.631
1713715200000,2.441,2.4457,2.3806,2.4115,31370.3756
1713729600000,2.4115,2.457,2.4038,2.444,16712.0637
1713744000000,2.444,2.5598,2.4382,2.5328,50112.8467
1713758400000,2.5328,2.5868,2.5106,2.5486,59985.0469
1713772800000,2.5486,2.5959,2.5372,2.5733,49865.0229
1713787200000,2.5733,2.5913,2.5198,2.5545,39669.0737
1713801600000,2.5545,2.5792,2.514,2.5259,42677.3035
1713816000000,2.5259,2.5754,2.5181,2.5501,21655.3801
1713830400000,2.5501,2.5901,2.5091,2.5186,30969.2322
1713844800000,2.5186,2.5348,2.4652,2.4763,34649.974
1713859200000,2.4763,2.5138,2.4659,2.4937,23945.0231
1713873600000,2.4937,2.5492,2.4905,2.5264,45718.2776
1713888000000,2.5264,2.5428,2.4981,2.5152,22710.1942
1713902400000,2.5152,2.5204,2.4838,2.4913,17372.9217
1713916800000,2.4913,2.5572,2.476,2.5457,37402.8378
1713931200000,2.5457,2.5846,2.5389,2.5574,22635.9248
1713945600000,2.5574,2.6099,2.5452,2.6012,41865.8571
1713960000000,2.6012,2.6187,2.435,2.4436,116829.7184
1713974400000,2.4436,2.4954,2.4099,2.4421,50449.8273
1713988800000,2.4421,2.4533,2.3881,2.4224,28060.7171
1714003200000,2.4224,2.4483,2.3899,2.3959,25242.271
1714017600000,2.3959,2.4329,2.3638,2.4013,27017.9538
1714032000000,2.4013,2.4173,2.3489,2.3791,41791.1877
1714046400000,2.3791,2.4472,2.3509,2.4466,49303.4675
1714060800000,2.4466,2.4594,2.4183,2.4446,28505.7495
1714075200000,2.4446,2.4732,2.4165,2.4189,22753.7557
1714089600000,2.4189,2.4328,2.3582,2.4167,41182.8702
1714104000000,2.4167,2.4302,2.3881,2.3979,20303.5787
1714118400000,2.3979,2.417,2.3658,2.3727,20776.2673
1714132800000,2.3727,2.41,2.324,2.3292,56582.953
1714147200000,2.3292,2.3582,2.3169,2.3451,24485.8839
1714161600000,2.3451,2.3684,2.3181,2.3335,13300.5992
1714176000000,2.3335,2.3487,2.2511,2.3185,43154.3356
1714190400000,2.3185,2.3292,2.2985,2.2987,14642.0685
1714204800000,2.2987,2.3131,2.2719,2.2866,18866.1164
1714219200000,2.2866,2.3481,2.2819,2.3217,21126.5462
1714233600000,2.3217,2.6677,2.3146,2.5932,218364.3536
1714248000000,2.5932,2.6385,2.5392,2.6264,65717.5007
1714262400000,2.6264,2.7129,2.6063,2.6743,97051.2228
1714276800000,2.6743,2.7015,2.6341,2.6844,71378.9703
1714291200000,2.6844,2.7025,2.6308,2.6498,68813.4639
1714305600000,2.6498,2.7467,2.6297,2.7303,100874.6948
1714320000000,2.7303,2.7838,2.7081,2.7291,80506.1354
1714334400000,2.7291,2.7363,2.6212,2.6352,42097.581
1714348800000,2.6352,2.6783,2.559,2.5696,85349.6949
1714363200000,2.5696,2.6191,2.5182,2.5336,55945.3865
1714377600000,2.5336,2.5404,2.4451,2.4546,58094.2245
1714392000000,2.4546,2.5218,2.4239,2.5125,74169.4487
1714406400000,2.5125,2.5201,2.4279,2.4416,33909.1263
1714420800000,2.4416,2.5338,2.4022,2.4953,60630.6668
1714435200000,2.4953,2.5506,2.4502,2.5268,56449.3938
1714449600000,2.5268,2.5391,2.4683,2.47,31967.6715
1714464000000,2.47,2.4738,2.3321,2.3385,66059.1985
1714478400000,2.3385,2.3809,2.2927,2.3474,49763.8561
1714492800000,2.3474,2.3625,2.2801,2.2956,64745.075
1714507200000,2.2956,2.5551,2.2948,2.5366,105600.2705
1714521600000,2.5366,2.5469,2.46,2.5294,93535.1393
1714536000000,2.5294,2.6,2.4022,2.438,134418.2097
1714550400000,2.438,2.5708,2.4024,2.5675,148983.6159
1714564800000,2.5675,2.6838,2.4928,2.5429,209096.5661
1714579200000,2.5429,2.6438,2.4662,2.5801,163320.3753
1714593600000,2.5801,2.8413,2.548,2.7963,115257.7696
1714608000000,2.7963,2.8002,2.6652,2.6815,67026.6567
1714622400000,2.6815,2.7344,2.6472,2.6799,51077.4888
1714636800000,2.6799,2.7857,2.6765,2.7257,64538.258
1714651200000,2.7257,2.7769,2.6931,2.7673,61584.2043
1714665600000,2.7673,2.866,2.7527,2.8009,100064.0748
1714680000000,2.8009,2.9168,2.755,2.8743,109178.5029
1714694400000,2.8743,2.9876,2.8737,2.8885,86156.1191
1714708800000,2.8885,2.9336,2.8592,2.8922,42690.554
1714723200000,2.8922,2.9319,2.8429,2.8493,42527.0507
1714737600000,2.8493,2.9163,2.8242,2.8448,82264.2154
1714752000000,2.8448,2.8611,2.8103,2.8293,46341.7972
1714766400000,2.8293,2.8778,2.8197,2.8582,36625.8589
1714780800000,2.8582,2.9346,2.8354,2.8789,60400.2542
1714795200000,2.8789,2.9526,2.8554,2.9517,48177.3951
1714809600000,2.9517,2.9846,2.928,2.9388,54002.099
1714824000000,2.9388,3.0388,2.9122,2.986,68533.768
1714838400000,2.986,3.003,2.9064,2.9176,27266.0856
1714852800000,2.9176,2.9278,2.866,2.8806,19877.7192
1714867200000,2.8806,2.9248,2.8395,2.8542,61577.0797
1714881600000,2.8542,2.8621,2.8234,2.8362,37158.0162
1714896000000,2.8362,2.9,2.8335,2.8831,26756.8281
1714910400000,2.8831,2.9517,2.8667,2.9404,46256.8667
1714924800000,2.9404,2.9567,2.8753,2.9007,29050.5665
1714939200000,2.9007,2.925,2.8802,2.9008,16518.5614
1714953600000,2.9008,2.9706,2.8967,2.9149,24733.6737
1714968000000,2.9149,2.9884,2.8917,2.9594,35256.1392
1714982400000,2.9594,2.9969,2.8673,2.8818,57077.1489
1714996800000,2.8818,2.8843,2.7845,2.8214,58509.0707
1715011200000,2.8214,2.8302,2.7642,2.7917,23734.0019
1715025600000,2.7917,2.8102,2.7671,2.7683,10668.084
1715040000000,2.7683,2.8084,2.7083,2.7226,51872.2969
1715054400000,2.7226,2.7386,2.7043,2.7179,27527.1133
1715068800000,2.7179,2.7659,2.7138,2.7361,30838.1824
1715083200000,2.7361,2.7757,2.7172,2.7183,32561.153
1715097600000,2.7183,2.7309,2.6762,2.6987,28957.6466
1715112000000,2.6987,2.7087,2.6569,2.6668,23020.0478
1715126400000,2.6668,2.6822,2.6303,2.6591,24097.6703
1715140800000,2.6591,2.6673,2.6152,2.6249,28733.5849
1715155200000,2.6249,2.6403,2.5993,2.6002,29444.9735
1715169600000,2.6002,2.6712,2.5966,2.6409,38226.0534
1715184000000,2.6409,2.6568,2.5796,2.6009,25054.0822
1715198400000,2.6009,2.6106,2.5532,2.5781,27807.6723
1715212800000,2.5781,2.6092,2.5728,2.6012,15005.2436
1715227200000,2.6012,2.614,2.571,2.5784,15325.3892
1715241600000,2.5784,2.5901,2.5478,2.5827,19583.8469
1715256000000,2.5827,2.634,2.5632,2.6227,23841.4519
1715270400000,2.6227,2.6529,2.6041,2.6444,16130.7654
1715284800000,2.6444,2.6688,2.6302,2.6533,13922.92
1715299200000,2.6533,2.6609,2.6348,2.6485,11475.829
1715313600000,2.6485,2.6821,2.6421,2.6802,14344.0754
1715328000000,2.6802,2.6808,2.653,2.6649,13544.0012
1715342400000,2.6649,2.6753,2.5322,2.5419,48491.7663
1715356800000,2.5419,2.5478,2.479,2.5067,42531.5451
1715371200000,2.5067,2.5242,2.491,2.5178,11974.8063
1715385600000,2.5178,2.566,2.5148,2.5445,16929.3751
1715400000000,2.5445,2.5645,2.542,2.5556,9880.9509
1715414400000,2.5556,2.5601,2.514,2.5467,16440.845
1715428800000,2.5467,2.5828,2.5379,2.5626,18584.3661
1715443200000,2.5626,2.5672,2.5478,2.5576,7254.8784
1715457600000,2.5576,2.5592,2.529,2.5349,9580.0109
1715472000000,2.5349,2.5612,2.53,2.5468,5572.6898
1715486400000,2.5468,2.5681,2.5347,2.5414,8000.7567
1715500800000,2.5414,2.5802,2.5329,2.5615,10724.2789
1715515200000,2.5615,2.5705,2.547,2.5579,12923.598
1715529600000,2.5579,2.5732,2.5251,2.5351,6977.4009
1715544000000,2.5351,2.5432,2.5169,2.5222,6947.9553
1715558400000,2.5222,2.5408,2.4228,2.455,40841.8047
1715572800000,2.455,2.526,2.4328,2.526,19987.6562
1715587200000,2.526,2.5452,2.5078,2.5178,23390.5114
1715601600000,2.5178,2.5317,2.4841,2.4957,27889.5189
1715616000000,2.4957,2.5279,2.453,2.4872,25628.8563
1715630400000,2.4872,2.506,2.4817,2.4958,9827.8441
1715644800000,2.4958,2.5182,2.4594,2.4782,21739.5151
1715659200000,2.4782,2.494,2.4161,2.4725,24725.6802
1715673600000,2.4725,2.4909,2.4566,2.49,11688.4641
1715688000000,2.49,2.506,2.422,2.4559,29320.71
1715702400000,2.4559,2.4574,2.4109,2.4277,22857.6136
1715716800000,2.4277,2.4397,2.3899,2.3955,14330.0622
1715731200000,2.3955,2.4371,2.382,2.4369,12957.9898
1715745600000,2.4369,2.4392,2.4075,2.4089,15548.9732
1715760000000,2.4089,2.4091,2.2761,2.3163,125827.1751
1715774400000,2.3163,2.487,2.3061,2.4673,94426.6326
1715788800000,2.4673,2.4988,2.449,2.4983,45533.4751
1715803200000,2.4983,2.5099,2.4759,2.4839,33442.3964
1715817600000,2.4839,2.5052,2.452,2.4712,37040.7673
1715832000000,2.4712,2.5138,2.4598,2.5044,29518.3032
1715846400000,2.5044,2.5111,2.4349,2.4458,38600.9425
1715860800000,2.4458,2.4458,2.328,2.3591,60741.804
1715875200000,2.3591,2.3701,2.3329,2.3677,22352.7157
1715889600000,2.3677,2.3738,2.3466,2.3684,12736.9198
1715904000000,2.3684,2.3742,2.3428,2.3527,18206.856
1715918400000,2.3527,2.4758,2.3427,2.4523,44632.6877
1715932800000,2.4523,2.5578,2.4523,2.5394,100155.8998
1715947200000,2.5394,2.6039,2.5134,2.5867,77086.3042
1715961600000,2.5867,2.6072,2.5591,2.5776,42805.1301
1715976000000,2.5776,2.5992,2.5661,2.5681,12460.2928
1715990400000,2.5681,2.6312,2.5573,2.6019,29516.7644
1716004800000,2.6019,2.6072,2.5689,2.5745,20789.7979
1716019200000,2.5745,2.624,2.5728,2.5906,25592.2175
1716033600000,2.5906,2.5947,2.5302,2.5521,33657.7722
1716048000000,2.5521,2.566,2.5453,2.5612,10272.5972
1716062400000,2.5612,2.5642,2.5452,2.5489,9521.8172
1716076800000,2.5489,2.6088,2.5392,2.5777,17397.6523
1716091200000,2.5777,2.5792,2.5331,2.5508,10731.8321
1716105600000,2.5508,2.563,2.5078,2.5245,19705.3738
1716120000000,2.5245,2.5272,2.4581,2.4829,32426.808
1716134400000,2.4829,2.484,2.45,2.4612,15655.2295
1716148800000,2.4612,2.4732,2.4369,2.4517,7884.9431
1716163200000,2.4517,2.4778,2.4179,2.4648,21690.7708
1716177600000,2.4648,2.5802,2.4635,2.516,49294.1369
1716192000000,2.516,2.5622,2.509,2.543,28833.5856
1716206400000,2.543,2.5523,2.4961,2.5505,28006.3695
1716220800000,2.5505,2.8009,2.534,2.7993,140914.4178
1716235200000,2.7993,2.9071,2.745,2.9059,135479.1751
1716249600000,2.9059,2.9667,2.8823,2.8991,90275.2555
1716264000000,2.8991,2.9034,2.8022,2.8475,77861.9706
1716278400000,2.8475,2.9677,2.8111,2.8904,93584.1915
1716292800000,2.8904,3.025,2.8614,2.8734,148143.1643
1716307200000,2.8734,2.9432,2.7829,2.8065,92041.263
1716321600000,2.8065,2.8637,2.792,2.8314,67968.0092
1716336000000,2.8314,2.8393,2.758,2.7743,80859.1518
1716350400000,2.7743,2.7857,2.7253,2.7343,92778.2766
1716364800000,2.7343,2.7496,2.6722,2.6722,90834.2369
1716379200000,2.6722,2.7199,2.6256,2.7057,112130.9066
1716393600000,2.7057,2.7392,2.6415,2.6474,93581.3238
1716408000000,2.6474,2.6833,2.6311,2.6679,51155.6667
1716422400000,2.6679,2.6835,2.638,2.6548,63789.261
1716436800000,2.6548,2.7087,2.637,2.686,76141.5204
1716451200000,2.686,2.8148,2.662,2.8097,179499.7855
1716465600000,2.8097,2.8676,2.5542,2.6377,373724.1399
1716480000000,2.6377,2.6598,2.5578,2.6384,100595.4046
1716494400000,2.6384,2.7655,2.4426,2.6235,254766.2357
1716508800000,2.6235,2.6666,2.6008,2.6547,75970.7731
1716523200000,2.6547,2.6715,2.4638,2.4994,124662.8153
1716537600000,2.4994,2.5515,2.4571,2.5387,66105.4202
1716552000000,2.5387,2.5805,2.518,2.5382,68248.682
1716566400000,2.5382,2.5828,2.5072,2.5771,38568.7801
1716580800000,2.5771,2.5771,2.518,2.5217,21461.2721
1716595200000,2.5217,2.5861,2.5031,2.5845,51089.7009
1716609600000,2.5845,2.606,2.5722,2.5857,66504.4302
1716624000000,2.5857,2.5912,2.5467,2.548,77589.7409
1716638400000,2.548,2.5708,2.5275,2.5541,46144.1707
1716652800000,2.5541,2.5661,2.541,2.5484,26426.4552
1716667200000,2.5484,2.5541,2.533,2.5507,15127.3386
1716681600000,2.5507,2.5731,2.522,2.561,31653.6517
1716696000000,2.561,2.568,2.5291,2.5609,20820.6183
1716710400000,2.5609,2.613,2.546,2.5867,55312.8002
1716724800000,2.5867,2.6292,2.5551,2.5778,61209.4183
1716739200000,2.5778,2.6404,2.556,2.5616,58756.888
1716753600000,2.5616,2.5632,2.5061,2.5314,30342.0279
1716768000000,2.5314,2.6442,2.5151,2.5996,91480.4828
1716782400000,2.5996,2.6137,2.5532,2.5628,74717.0957
1716796800000,2.5628,2.6041,2.5421,2.5695,60681.8754
1716811200000,2.5695,2.6391,2.561,2.6233,75595.2156
1716825600000,2.6233,2.6382,2.5622,2.5695,64686.0126
1716840000000,2.5695,2.6019,2.5656,2.5876,33133.0602
1716854400000,2.5876,2.5951,2.518,2.5376,79810.4413
1716868800000,2.5376,2.5401,2.4832,2.5017,55281.8453
1716883200000,2.5017,2.5642,2.4991,2.5473,47217.1487
1716897600000,2.5473,2.5614,2.5103,2.5305,73039.0061
1716912000000,2.5305,2.5467,2.492,2.5428,47156.3774
1716926400000,2.5428,2.559,2.5391,2.5492,25186.784
1716940800000,2.5492,2.5732,2.5301,2.5527,32299.6651
1716955200000,2.5527,2.5934,2.5514,2.5526,39725.6059
1716969600000,2.5526,2.5692,2.514,2.5389,48222.4811
1716984000000,2.5389,2.566,2.506,2.5083,40682.5154
1716998400000,2.5083,2.5436,2.4961,2.5206,39684.058
1717012800000,2.5206,2.5283,2.4881,2.4937,24090.7363
1717027200000,2.4937,2.5199,2.4762,2.5185,23231.2186
1717041600000,2.5185,2.5308,2.4009,2.4135,69238.096
1717056000000,2.4135,2.4702,2.403,2.4623,37054.984
1717070400000,2.4623,2.5139,2.4598,2.4976,46259.2063
1717084800000,2.4976,2.5391,2.4948,2.5105,29304.3313
1717099200000,2.5105,2.5112,2.4741,2.476,31787.3435
1717113600000,2.476,2.4951,2.4599,2.4945,18038.9518
1717128000000,2.4945,2.4998,2.4566,2.4664,23871.1937
1717142400000,2.4664,2.5003,2.4621,2.4912,29379.6142
1717156800000,2.4912,2.519,2.4291,2.4303,42927.8844
1717171200000,2.4303,2.4792,2.4099,2.4743,32142.4081
1717185600000,2.4743,2.4879,2.4518,2.4559,17242.0721
1717200000000,2.4559,2.4802,2.4512,2.4728,13180.8306
1717214400000,2.4728,2.4832,2.4659,2.4668,13405.5797
1717228800000,2.4668,2.4812,2.4668,2.4677,9865.9653
1717243200000,2.4677,2.4819,2.461,2.4684,18138.7528
1717257600000,2.4684,2.4812,2.4668,2.4735,12757.5896
1717272000000,2.4735,2.4873,2.4709,2.4728,13111.5164
1717286400000,2.4728,2.4971,2.4675,2.4773,19766.189
1717300800000,2.4773,2.4928,2.4662,2.4666,17775.7275
1717315200000,2.4666,2.4788,2.4438,2.4772,19878.6871
1717329600000,2.4772,2.4889,2.461,2.4822,14587.3606
1717344000000,2.4822,2.4889,2.4145,2.4518,31715.9579
1717358400000,2.4518,2.453,2.344,2.3801,70971.2032
1717372800000,2.3801,2.4301,2.3601,2.4118,29494.2049
1717387200000,2.4118,2.444,2.3888,2.4344,33877.6599
1717401600000,2.4344,2.4599,2.4295,2.4322,30470.8358
1717416000000,2.4322,2.4669,2.4091,2.443,40893.3393
1717430400000,2.443,2.4459,2.3979,2.4157,26696.6641
1717444800000,2.4157,2.425,2.3977,2.4012,13949.5493
1717459200000,2.4012,2.4317,2.3861,2.4194,17503.5657
1717473600000,2.4194,2.4197,2.3969,2.4151,23286.6828
1717488000000,2.4151,2.4261,2.3905,2.4003,30879.2608
1717502400000,2.4003,2.45,2.3888,2.4475,47942.7924
1717516800000,2.4475,2.4709,2.4369,2.458,34934.8586
1717531200000,2.458,2.4818,2.4525,2.4782,15656.0059
1717545600000,2.4782,2.5048,2.4735,2.4937,27965.0662
1717560000000,2.4937,2.5339,2.4767,2.5211,39727.43
1717574400000,2.5211,2.5232,2.5055,2.5131,23819.3556
1717588800000,2.5131,2.5228,2.4862,2.5152,35490.9495
1717603200000,2.5152,2.5409,2.4918,2.5388,30164.7776
1717617600000,2.5388,2.5459,2.5068,2.5251,14672.671
1717632000000,2.5251,2.5308,2.5031,2.5044,17868.0612
1717646400000,2.5044,2.5052,2.47,2.4895,24250.011
1717660800000,2.4895,2.499,2.4808,2.4921,16571.9768
1717675200000,2.4921,2.5185,2.4877,2.5128,27517.507
1717689600000,2.5128,2.52,2.4652,2.4676,19070.3932
1717704000000,2.4676,2.4882,2.4464,2.4836,18137.5834
1717718400000,2.4836,2.4872,2.4601,2.4722,14643.0545
1717732800000,2.4722,2.5159,2.4702,2.5027,29775.622
1717747200000,2.5027,2.5382,2.4821,2.5302,26150.5349
1717761600000,2.5302,2.5574,2.4734,2.527,86086.9938
1717776000000,2.527,2.5332,2.076,2.2324,256272.7924
1717790400000,2.2324,2.2725,2.2139,2.262,64706.0348
1717804800000,2.262,2.2731,2.2358,2.2479,38477.9571
1717819200000,2.2479,2.2531,2.2199,2.2504,35972.6536
1717833600000,2.2504,2.2514,2.1564,2.1688,57282.8679
1717848000000,2.1688,2.1982,2.1474,2.1826,63818.125
1717862400000,2.1826,2.1941,2.162,2.1629,36259.7418
1717876800000,2.1629,2.1722,2.1393,2.169,24126.9636
1717891200000,2.169,2.1978,2.165,2.1727,21562.3711
1717905600000,2.1727,2.2141,2.1609,2.203,34815.1266
1717920000000,2.203,2.25,2.1982,2.2261,49363.7877
1717934400000,2.2261,2.2484,2.2135,2.2216,31612.9472
1717948800000,2.2216,2.243,2.2196,2.2349,9929.3113
1717963200000,2.2349,2.2391,2.2198,2.2303,7538.9083
1717977600000,2.2303,2.2392,2.2071,2.2161,9453.9936
1717992000000,2.2161,2.22,2.1638,2.1653,23915.2775
1718006400000,2.1653,2.2321,2.1647,2.2219,23770.6598
1718020800000,2.2219,2.248,2.2026,2.2369,30455.5806
1718035200000,2.2369,2.2431,2.193,2.1962,33867.7322
1718049600000,2.1962,2.1969,2.1749,2.1872,17257.0975
1718064000000,2.1872,2.1962,2.1118,2.1518,77376.3743
1718078400000,2.1518,2.1558,2.0949,2.1235,49070.8763
1718092800000,2.1235,2.1525,2.1216,2.1308,31114.4081
1718107200000,2.1308,2.1453,2.059,2.0767,129153.3505
1718121600000,2.0767,2.106,2.0322,2.0656,59349.0459
1718136000000,2.0656,2.0694,2.052,2.0573,15307.0157
1718150400000,2.0573,2.0769,2.0027,2.0755,70751.5425
1718164800000,2.0755,2.0901,2.0647,2.0755,26692.5517
1718179200000,2.0755,2.1089,2.0674,2.0733,45536.4479
1718193600000,2.0733,2.2118,2.072,2.1874,103371.334
1718208000000,2.1874,2.2024,2.0979,2.1144,77611.2505
1718222400000,2.1144,2.1654,2.1066,2.1457,23015.8816
1718236800000,2.1457,2.148,2.046,2.0717,40836.3979
1718251200000,2.0717,2.0891,2.0578,2.0716,17877.8056
1718265600000,2.0716,2.0791,2.0469,2.0513,20001.6997
1718280000000,2.0513,2.0831,2.004,2.012,58460.8828
1718294400000,2.012,2.054,2.004,2.0376,26004.3018
1718308800000,2.0376,2.0414,2.0038,2.0148,17290.9579
1718323200000,2.0148,2.0252,1.957,1.9989,59488.175
1718337600000,1.9989,2.0552,1.9967,2.0489,27304.0781
1718352000000,2.0489,2.0564,2.028,2.0386,20638.6891
1718366400000,2.0386,2.0521,1.984,1.9888,34606.8033
1718380800000,1.9888,1.9926,1.8957,1.9291,118769.9107
1718395200000,1.9291,2.0053,1.9274,2.0037,32269.0698
1718409600000,2.0037,2.0387,2.0013,2.027,34273.8705
1718424000000,2.027,2.0761,2.0244,2.0535,34740.2407
1718438400000,2.0535,2.0682,2.039,2.066,18398.5516
1718452800000,2.066,2.0943,2.0554,2.0686,33576.2407
1718467200000,2.0686,2.0756,2.0548,2.065,22258.3062
1718481600000,2.065,2.1033,2.0459,2.1029,25736.1719
1718496000000,2.1029,2.1042,2.0484,2.055,26024.7378
1718510400000,2.055,2.0694,2.0382,2.0579,14552.3755
1718524800000,2.0579,2.0701,2.0426,2.0624,13342.5895
1718539200000,2.0624,2.1122,2.0583,2.0859,28229.4758
1718553600000,2.0859,2.1131,2.076,2.1052,25351.4053
1718568000000,2.1052,2.1244,2.089,2.0945,23634.9503
1718582400000,2.0945,2.1024,2.049,2.0529,32554.7453
1718596800000,2.0529,2.0681,1.9964,2.0167,40813.3867
1718611200000,2.0167,2.0205,1.9458,2.0007,73220.509
1718625600000,2.0007,2.0155,1.9547,1.9585,63930.4377
1718640000000,1.9585,2.0082,1.9017,1.9964,66072.115
1718654400000,1.9964,1.9989,1.9269,1.9356,30212.3836
1718668800000,1.9356,1.9431,1.6617,1.7994,233081.6282
1718683200000,1.7994,1.8471,1.7923,1.8331,43440.9395
1718697600000,1.8331,1.8371,1.7666,1.7907,56206.3958
1718712000000,1.7907,1.8035,1.7361,1.7747,91134.7846
1718726400000,1.7747,1.7841,1.7478,1.7823,52792.4735
1718740800000,1.7823,1.8323,1.7716,1.8284,43309.436
1718755200000,1.8284,1.9551,1.8065,1.9295,122689.5618
1718769600000,1.9295,1.9597,1.9284,1.9486,31438.407
1718784000000,1.9486,1.9529,1.8756,1.9001,53507.3689
1718798400000,1.9001,1.9235,1.8566,1.8831,41282.484
1718812800000,1.8831,1.9323,1.8757,1.9224,26270.2683
1718827200000,1.9224,1.9366,1.8951,1.9114,14856.8199
1718841600000,1.9114,1.9458,1.8948,1.9183,29115.0692
1718856000000,1.9183,1.9829,1.9036,1.9703,36788.1828
1718870400000,1.9703,2.005,1.9489,1.9759,41316.1632
1718884800000,1.9759,1.9813,1.8629,1.8667,80799.5353
1718899200000,1.8667,1.8891,1.8379,1.8616,53339.1281
1718913600000,1.8616,1.8669,1.8298,1.8341,21972.4382
1718928000000,1.8341,1.8555,1.8077,1.8318,40388.704
1718942400000,1.8318,1.848,1.8157,1.8239,20929.7792
1718956800000,1.8239,1.8797,1.8126,1.8592,42839.4078
1718971200000,1.8592,1.8754,1.8138,1.8586,38189.4747
1718985600000,1.8586,1.8669,1.8191,1.8407,24744.7049
1719000000000,1.8407,1.8526,1.8094,1.8131,9889.8535
1719014400000,1.8131,1.8149,1.779,1.802,24750.5721
1719028800000,1.802,1.8153,1.7927,1.8027,18712.2254
1719043200000,1.8027,1.8093,1.7854,1.8012,18635.5301
1719057600000,1.8012,1.8134,1.7982,1.8039,10135.9551
1719072000000,1.8039,1.8202,1.7958,1.8007,9156.3706
1719086400000,1.8007,1.8035,1.7869,1.7889,6528.8466
1719100800000,1.7889,1.8192,1.7865,1.8179,9495.5817
1719115200000,1.8179,1.8251,1.799,1.8104,10908.7379
1719129600000,1.8104,1.8162,1.7861,1.7955,18559.0043
1719144000000,1.7955,1.7977,1.7608,1.7711,30220.3461
1719158400000,1.7711,1.7742,1.7432,1.7568,19627.6345
1719172800000,1.7568,1.7568,1.7046,1.7114,36159.3289
1719187200000,1.7114,1.7331,1.704,1.7117,25826.3728
1719201600000,1.7117,1.7193,1.6722,1.6983,50902.3373
1719216000000,1.6983,1.7164,1.612,1.7073,72000.5413
1719230400000,1.7073,1.7315,1.6734,1.6845,36909.6277
1719244800000,1.6845,1.7188,1.6786,1.7027,43061.8081
1719259200000,1.7027,1.7745,1.6797,1.7724,56342.6637
1719273600000,1.7724,1.794,1.7642,1.7773,48944.2647
1719288000000,1.7773,1.7859,1.7507,1.7508,31713.2632
1719302400000,1.7508,1.7644,1.7245,1.7473,39487.1624
1719316800000,1.7473,1.7983,1.7399,1.7959,43977.402
1719331200000,1.7959,1.7983,1.7707,1.7854,26787.9753
1719345600000,1.7854,1.7899,1.7536,1.7625,10040.716
1719360000000,1.7625,1.7939,1.7547,1.7708,20941.2469
1719374400000,1.7708,1.7744,1.7466,1.7673,24527.8399
1719388800000,1.7673,1.7685,1.7395,1.7558,22402.9614
1719403200000,1.7558,1.7662,1.7352,1.7452,28450.1945
1719417600000,1.7452,1.781,1.7106,1.7801,28615.1608
1719432000000,1.7801,1.7989,1.7581,1.7861,36103.4377
1719446400000,1.7861,1.8041,1.7702,1.7792,36345.6125
1719460800000,1.7792,1.7866,1.7317,1.737,29723.5732
1719475200000,1.737,1.7811,1.7342,1.7717,20353.3631
1719489600000,1.7717,1.839,1.7702,1.7811,90290.3376
1719504000000,1.7811,1.7972,1.7768,1.7905,27778.3761
1719518400000,1.7905,1.8047,1.7871,1.7992,17414.0893
1719532800000,1.7992,1.8159,1.7807,1.7974,26582.1133
1719547200000,1.7974,1.7981,1.7692,1.7782,17014.272
1719561600000,1.7782,1.8212,1.7708,1.8108,19525.2654
1719576000000,1.8108,1.8429,1.7905,1.8131,57944.6417
1719590400000,1.8131,1.8179,1.7677,1.7748,30903.3578
1719604800000,1.7748,1.7809,1.7452,1.7509,20154.1102
1719619200000,1.7509,1.7938,1.7482,1.7799,12777.3887
1719633600000,1.7799,1.7874,1.7635,1.7824,17649.5548
1719648000000,1.7824,1.7896,1.771,1.7845,12254.8675
1719662400000,1.7845,1.7889,1.7626,1.7809,11156.555
1719676800000,1.7809,1.781,1.7531,1.7602,9195.4783
1719691200000,1.7602,1.7643,1.7376,1.7412,13623.1855
1719705600000,1.7412,1.7527,1.7218,1.7332,14002.6141
1719720000000,1.7332,1.7617,1.7227,1.7534,17950.6373
1719734400000,1.7534,1.7615,1.7452,1.749,15466.1638
1719748800000,1.749,1.7596,1.7339,1.7523,20015.6647
1719763200000,1.7523,1.7707,1.7366,1.7663,15338.8053
1719777600000,1.7663,1.8063,1.759,1.8036,50575.0607
1719792000000,1.8036,1.8632,1.7953,1.8396,47385.9843
1719806400000,1.8396,1.8459,1.8149,1.8315,16858.8999
1719820800000,1.8315,1.8318,1.7896,1.7937,24277.3438
1719835200000,1.7937,1.8029,1.7707,1.7846,20756.6459
1719849600000,1.7846,1.8014,1.7706,1.7916,18752.9995
1719864000000,1.7916,1.7971,1.7457,1.7533,17127.0075
1719878400000,1.7533,1.779,1.7402,1.7736,17478.4576
1719892800000,1.7736,1.7799,1.7542,1.7595,10932.7017
1719907200000,1.7595,1.7734,1.7552,1.7696,15504.2635
1719921600000,1.7696,1.7857,1.7431,1.754,36591.5738
1719936000000,1.754,1.7674,1.7348,1.7634,19623.0266
1719950400000,1.7634,1.7754,1.7612,1.7708,11450.7187
1719964800000,1.7708,1.7821,1.7088,1.7292,32995.305
1719979200000,1.7292,1.7292,1.7126,1.7156,13857.3052
1719993600000,1.7156,1.7218,1.667,1.6877,48197.6241
1720008000000,1.6877,1.6888,1.6568,1.6673,37636.5912
1720022400000,1.6673,1.6776,1.6168,1.6279,44083.0384
1720036800000,1.6279,1.6392,1.6179,1.6366,20570.8245
1720051200000,1.6366,1.6499,1.5516,1.5984,93916.2687
1720065600000,1.5984,1.6003,1.5676,1.5737,26210.1048
1720080000000,1.5737,1.5812,1.5411,1.5544,71408.2648
1720094400000,1.5544,1.5549,1.4935,1.5313,84592.357
1720108800000,1.5313,1.5313,1.4962,1.5097,37342.5217
1720123200000,1.5097,1.5313,1.4314,1.4416,49512.9138
1720137600000,1.4416,1.4444,1.2258,1.2812,352687.6764
1720152000000,1.2812,1.3255,1.2522,1.2977,157018.5894
1720166400000,1.2977,1.3443,1.2604,1.3376,122156.883
1720180800000,1.3376,1.3582,1.3165,1.3253,142717.6251
1720195200000,1.3253,1.3496,1.3224,1.3406,57212.7873
1720209600000,1.3406,1.3457,1.3289,1.3304,18429.2669
1720224000000,1.3304,1.3707,1.3153,1.3323,35012.6294
1720238400000,1.3323,1.3625,1.3217,1.3548,29881.65
1720252800000,1.3548,1.3688,1.3344,1.3653,27375.1179
1720267200000,1.3653,1.3932,1.3513,1.3842,35107.4071
1720281600000,1.3842,1.4797,1.3818,1.4763,100310.7676
1720296000000,1.4763,1.4983,1.4733,1.4875,25652.2116
1720310400000,1.4875,1.4933,1.4478,1.4717,32718.9163
1720324800000,1.4717,1.4733,1.4263,1.4414,28200.6864
1720339200000,1.4414,1.4695,1.4404,1.4636,16927.1138
1720353600000,1.4636,1.473,1.3886,1.4125,62033.916
1720368000000,1.4125,1.4451,1.4085,1.4265,21026.5997
1720382400000,1.4265,1.4305,1.3766,1.3822,22293.9948
1720396800000,1.3822,1.4013,1.3197,1.3836,65536.7571
1720411200000,1.3836,1.4205,1.3823,1.4051,25118.3476
1720425600000,1.4051,1.531,1.4023,1.4815,143946.3311
1720440000000,1.4815,1.4896,1.3925,1.4282,82140.8176
1720454400000,1.4282,1.4636,1.4103,1.4573,45668.2129
1720468800000,1.4573,1.5001,1.4474,1.4817,32057.7295
1720483200000,1.4817,1.5443,1.4736,1.5166,63858.6886
1720497600000,1.5166,1.5273,1.4934,1.4956,47750.4781
1720512000000,1.4956,1.5391,1.4875,1.5225,46384.6438
1720526400000,1.5225,1.5393,1.4962,1.5244,32693.2082
1720540800000,1.5244,1.5812,1.5191,1.5808,44674.4194
1720555200000,1.5808,1.6272,1.5674,1.6185,37358.8369
1720569600000,1.6185,1.6496,1.5828,1.6348,48638.6746
1720584000000,1.6348,1.6678,1.6206,1.6234,57839.3113
1720598400000,1.6234,1.6303,1.6082,1.6124,26082.8356
1720612800000,1.6124,1.6583,1.5928,1.6534,47535.7263
1720627200000,1.6534,1.6845,1.6478,1.6617,32807.5309
1720641600000,1.6617,1.6814,1.6507,1.6767,21221.3425
1720656000000,1.6767,1.68,1.6436,1.6684,20815.4745
1720670400000,1.6684,1.7058,1.6538,1.7023,19494.6814
1720684800000,1.7023,1.7048,1.6726,1.6894,28811.5281
1720699200000,1.6894,1.7183,1.6628,1.6767,52314.977
1720713600000,1.6767,1.7003,1.6658,1.6713,23922.7449
1720728000000,1.6713,1.6774,1.6485,1.6598,18498.6672
1720742400000,1.6598,1.6964,1.6405,1.6802,24917.5777
1720756800000,1.6802,1.7108,1.6642,1.6905,40769.5487
1720771200000,1.6905,1.7095,1.6571,1.6846,35004.0208
1720785600000,1.6846,1.7383,1.6777,1.7065,44957.1648
1720800000000,1.7065,1.752,1.6966,1.7082,43545.4194
1720814400000,1.7082,1.7134,1.6827,1.7116,20909.4137
1720828800000,1.7116,1.7203,1.6876,1.6916,15611.0387
1720843200000,1.6916,1.7107,1.6787,1.7026,13650.6509
1720857600000,1.7026,1.7402,1.6827,1.6904,40004.4857
1720872000000,1.6904,1.7019,1.6753,1.6761,27353.908
1720886400000,1.6761,1.6922,1.6695,1.6776,11979.2013
1720900800000,1.6776,1.7164,1.6695,1.6895,25966.5436
1720915200000,1.6895,1.7305,1.6882,1.7034,36146.9862
1720929600000,1.7034,1.7328,1.7024,1.7197,19655.1626
1720944000000,1.7197,1.7332,1.7132,1.7196,11180.3821
1720958400000,1.7196,1.7315,1.7067,1.7282,23617.5225
1720972800000,1.7282,1.7673,1.7218,1.7663,27171.6968
1720987200000,1.7663,1.8271,1.7592,1.7993,32286.4656
1721001600000,1.7993,1.815,1.7797,1.7998,37901.219
1721016000000,1.7998,1.837,1.7916,1.8243,25476.6316
1721030400000,1.8243,1.8352,1.7606,1.7636,47804.1633
1721044800000,1.7636,1.8002,1.761,1.7955,57080.4892
1721059200000,1.7955,1.8168,1.7827,1.7935,42252.0217
1721073600000,1.7935,1.8709,1.7918,1.8507,44505.3004
1721088000000,1.8507,1.8634,1.8207,1.8324,29855.6955
1721102400000,1.8324,1.8341,1.7329,1.7435,60470.3477
1721116800000,1.7435,1.7532,1.7118,1.737,82282.3574
1721131200000,1.737,1.8307,1.7276,1.8285,76667.3377
1721145600000,1.8285,1.8461,1.7978,1.835,42869.282
1721160000000,1.835,1.8373,1.7749,1.7909,48741.2873
1721174400000,1.7909,1.8527,1.7901,1.8245,29762.8348
1721188800000,1.8245,1.8486,1.8204,1.8442,27304.4827
1721203200000,1.8442,1.883,1.8251,1.8415,48443.0386
1721217600000,1.8415,1.8888,1.8349,1.8395,59519.4694
1721232000000,1.8395,1.8486,1.7924,1.8417,26736.3943
1721246400000,1.8417,1.8561,1.806,1.8097,23393.2333
1721260800000,1.8097,1.8434,1.8071,1.8203,19090.7705
1721275200000,1.8203,1.8281,1.7995,1.8026,17645.5403
1721289600000,1.8026,1.8172,1.7899,1.8172,20870.1721
1721304000000,1.8172,1.8432,1.7688,1.7705,47694.6804
1721318400000,1.7705,1.7989,1.7516,1.7725,27526.8493
1721332800000,1.7725,1.837,1.7667,1.8263,21371.8479
1721347200000,1.8263,1.8279,1.7768,1.823,26965.403
1721361600000,1.823,1.8447,1.8107,1.8189,34194.8698
1721376000000,1.8189,1.8303,1.7969,1.8281,28170.7734
1721390400000,1.8281,1.8778,1.8165,1.8743,40135.5264
1721404800000,1.8743,1.9436,1.8741,1.9362,58586.7016
1721419200000,1.9362,1.9595,1.9239,1.9556,31407.6208
1721433600000,1.9556,1.9569,1.9127,1.9416,16123.2021
1721448000000,1.9416,1.9679,1.9338,1.9578,18156.3174
1721462400000,1.9578,1.9712,1.9286,1.9287,13685.1652
1721476800000,1.9287,1.9491,1.9099,1.9424,23800.7454
1721491200000,1.9424,1.9451,1.9157,1.9181,18245.6399
1721505600000,1.9181,1.9285,1.9118,1.9258,8285.7196
1721520000000,1.9258,1.9274,1.9017,1.9149,13979.4993
1721534400000,1.9149,1.9255,1.8879,1.8928,30042.1023
1721548800000,1.8928,1.9036,1.8878,1.8914,16955.432
1721563200000,1.8914,1.934,1.8788,1.9175,27621.0104
1721577600000,1.9175,1.9702,1.8679,1.9191,68275.3415
1721592000000,1.9191,1.9801,1.916,1.9712,30576.5841
1721606400000,1.9712,1.9873,1.9468,1.9559,23512.8373
1721620800000,1.9559,1.9663,1.9156,1.9228,28477.4279
1721635200000,1.9228,1.9631,1.9142,1.9626,15533.4882
1721649600000,1.9626,1.9631,1.8928,1.9099,40808.2335
1721664000000,1.9099,1.9403,1.8977,1.9392,12534.1812
1721678400000,1.9392,1.9412,1.8617,1.8749,18706.56
1721692800000,1.8749,1.9601,1.8714,1.9259,38626.7439
1721707200000,1.9259,1.9416,1.8221,1.8254,50280.219
1721721600000,1.8254,1.9534,1.8242,1.9298,77363.8643
1721736000000,1.9298,1.9325,1.8779,1.8897,56464.3795
1721750400000,1.8897,1.9069,1.8168,1.8768,57480.7873
1721764800000,1.8768,1.8974,1.8526,1.8708,20233.3236
1721779200000,1.8708,1.8754,1.8349,1.8613,15835.1134
1721793600000,1.8613,1.8711,1.8456,1.8632,12920.6676
1721808000000,1.8632,1.8877,1.8556,1.873,11346.7027
1721822400000,1.873,1.8869,1.8329,1.8329,18553.8076
1721836800000,1.8329,1.8457,1.7819,1.7828,30441.2241
1721851200000,1.7828,1.7889,1.7298,1.7362,29948.6714
1721865600000,1.7362,1.7494,1.6628,1.6801,66591.1806
1721880000000,1.6801,1.7125,1.6702,1.6998,32369.9243
1721894400000,1.6998,1.7068,1.679,1.6865,12959.9899
1721908800000,1.6865,1.7134,1.663,1.6837,33296.4607
1721923200000,1.6837,1.7023,1.6355,1.6513,21076.2573
1721937600000,1.6513,1.7012,1.6292,1.6935,24681.9603
1721952000000,1.6935,1.7487,1.6913,1.7311,19083.0968
1721966400000,1.7311,1.7624,1.7263,1.7438,19200.3288
1721980800000,1.7438,1.7494,1.7238,1.7328,14286.0536
1721995200000,1.7328,1.7456,1.7107,1.7337,19107.1336
1722009600000,1.7337,1.7445,1.7246,1.738,10313.3019
1722024000000,1.738,1.7408,1.7237,1.7343,18795.3492
1722038400000,1.7343,1.7343,1.7108,1.7178,7313.8938
1722052800000,1.7178,1.7565,1.7167,1.7518,13748.7486
1722067200000,1.7518,1.7573,1.7344,1.7437,7971.766
1722081600000,1.7437,1.7826,1.734,1.7452,19224.9375
1722096000000,1.7452,1.7552,1.708,1.735,24883.2591
1722110400000,1.735,1.7781,1.7028,1.7463,28218.5436
1722124800000,1.7463,1.759,1.7264,1.7308,13185.7326
1722139200000,1.7308,1.7308,1.6987,1.7244,14138.0736
1722153600000,1.7244,1.733,1.7142,1.7234,6758.529
1722168000000,1.7234,1.7348,1.7077,1.714,9593.1764
1722182400000,1.714,1.7223,1.7067,1.709,3521.484
1722196800000,1.709,1.7108,1.6837,1.7028,9891.6108
1722211200000,1.7028,1.7688,1.7019,1.7467,30207.5578
1722225600000,1.7467,1.7627,1.74,1.7552,10081.2915
1722240000000,1.7552,1.7588,1.7419,1.7419,7898.357
1722254400000,1.7419,1.7478,1.6752,1.6904,31020.8772
1722268800000,1.6904,1.6913,1.6585,1.6879,17727.9729
1722283200000,1.6879,1.6982,1.6682,1.6685,10714.1073
1722297600000,1.6685,1.6844,1.6438,1.6728,17863.53
1722312000000,1.6728,1.7142,1.6652,1.7045,15714.8275
1722326400000,1.7045,1.7088,1.6858,1.6905,8690.2685
1722340800000,1.6905,1.7072,1.6752,1.6866,15181.2783
1722355200000,1.6866,1.6908,1.6065,1.6123,16062.348
1722369600000,1.6123,1.6296,1.5918,1.6285,12685.171
1722384000000,1.6285,1.6452,1.6176,1.6314,14469.7944
1722398400000,1.6314,1.6582,1.6107,1.6448,19413.6297
1722412800000,1.6448,1.6467,1.6166,1.6284,7413.0551
1722427200000,1.6284,1.6632,1.6284,1.6315,9449.2388
1722441600000,1.6315,1.6476,1.5952,1.6055,24899.5954
1722456000000,1.6055,1.6055,1.5636,1.5814,14819.1872
1722470400000,1.5814,1.6042,1.5813,1.5889,17502.0087
1722484800000,1.5889,1.5947,1.5447,1.5551,18211.0961
1722499200000,1.5551,1.5805,1.5544,1.5785,8761.5217
1722513600000,1.5785,1.5955,1.5077,1.5174,37066.6133
1722528000000,1.5174,1.518,1.4639,1.4972,43612.1056
1722542400000,1.4972,1.5856,1.4892,1.5735,20663.1727
1722556800000,1.5735,1.5872,1.5222,1.5554,17562.1566
1722571200000,1.5554,1.5604,1.5045,1.5321,14982.4349
1722585600000,1.5321,1.5553,1.5302,1.5406,32833.011
1722600000000,1.5406,1.5719,1.4323,1.4919,65744.297
1722614400000,1.4919,1.5195,1.4653,1.4785,37715.5546
1722628800000,1.4785,1.4944,1.4522,1.4613,31826.1049
1722643200000,1.4613,1.4813,1.4261,1.4786,36073.3631
1722657600000,1.4786,1.4983,1.4625,1.4832,14937.911
1722672000000,1.4832,1.4845,1.4686,1.4814,9634.7158
1722686400000,1.4814,1.5135,1.4551,1.4587,37823.1875
1722700800000,1.4587,1.4734,1.3833,1.3838,97718.589
1722715200000,1.3838,1.4341,1.3757,1.4236,24271.197
1722729600000,1.4236,1.4476,1.4142,1.4287,15817.1207
1722744000000,1.4287,1.434,1.4097,1.4101,9142.2452
1722758400000,1.4101,1.4266,1.4017,1.4174,9107.6133
1722772800000,1.4174,1.4275,1.3521,1.3546,33648.8852
1722787200000,1.3546,1.3725,1.2921,1.3657,91779.1112
1722801600000,1.3657,1.3836,1.3275,1.3297,19542.4477
1722816000000,1.3297,1.3386,1.1008,1.1368,278148.3382
1722830400000,1.1368,1.1826,1.0662,1.169,227738.5918
1722844800000,1.169,1.17,1.0643,1.1087,97660.9263
1722859200000,1.1087,1.1984,1.0715,1.1928,151510.8693
1722873600000,1.1928,1.215,1.1464,1.1645,55003.7619
1722888000000,1.1645,1.1976,1.1635,1.1705,27623.5527
1722902400000,1.1705,1.2603,1.1694,1.2556,61997.9848
1722916800000,1.2556,1.3255,1.2504,1.3132,62411.2924
1722931200000,1.3132,1.3147,1.2515,1.2546,51181.6373
1722945600000,1.2546,1.3137,1.2307,1.2974,121673.8864
1722960000000,1.2974,1.3044,1.2824,1.2847,39016.5085
1722974400000,1.2847,1.3003,1.2684,1.2747,12659.9869
1722988800000,1.2747,1.318,1.2571,1.3033,27949.4889
1723003200000,1.3033,1.3207,1.2925,1.3056,16583.1038
1723017600000,1.3056,1.3137,1.2721,1.2736,23230.184
1723032000000,1.2736,1.2838,1.2174,1.248,66997.3301
1723046400000,1.248,1.2514,1.2085,1.2201,36631.7517
1723060800000,1.2201,1.2295,1.1834,1.1972,22310.3548
1723075200000,1.1972,1.2736,1.1795,1.2578,35027.1432
1723089600000,1.2578,1.2745,1.2566,1.2566,12462.3124
1723104000000,1.2566,1.2845,1.2534,1.2743,20030.5315
1723118400000,1.2743,1.3176,1.2574,1.3161,60130.9994
1723132800000,1.3161,1.3699,1.3142,1.3372,43139.2568
1723147200000,1.3372,1.4253,1.3356,1.4253,66318.8139
1723161600000,1.4253,1.441,1.4043,1.4142,34981.5526
1723176000000,1.4142,1.4224,1.3807,1.4095,16508.1687
1723190400000,1.4095,1.4169,1.3886,1.3987,15134.9202
1723204800000,1.3987,1.4215,1.3635,1.3713,44547.7131
1723219200000,1.3713,1.4168,1.3713,1.41,21647.3017
1723233600000,1.41,1.4185,1.3886,1.4091,16762.0584
1723248000000,1.4091,1.4337,1.3887,1.3935,21619.3407
1723262400000,1.3935,1.4253,1.3847,1.4194,15787.8214
1723276800000,1.4194,1.4196,1.4027,1.4149,13784.76
1723291200000,1.4149,1.4276,1.4017,1.4186,15734.6014
1723305600000,1.4186,1.4543,1.4181,1.4376,33029.5698
1723320000000,1.4376,1.4407,1.4246,1.4263,8586.2807
1723334400000,1.4263,1.4674,1.422,1.4447,25389.1832
1723348800000,1.4447,1.4756,1.4375,1.4644,21793.3623
1723363200000,1.4644,1.4807,1.4193,1.4257,30066.1497
1723377600000,1.4257,1.4267,1.3607,1.3664,46356.4475
1723392000000,1.3664,1.3847,1.3357,1.3357,34059.1984
1723406400000,1.3357,1.3368,1.3015,1.3096,31449.7232
1723420800000,1.3096,1.3237,1.3006,1.3154,21240.4438
1723435200000,1.3154,1.3296,1.2923,1.3213,26143.5223
1723449600000,1.3213,1.4033,1.3139,1.3954,48871.741
1723464000000,1.3954,1.4286,1.3399,1.3947,107904.2489
1723478400000,1.3947,1.3974,1.3533,1.3628,26368.2584
1723492800000,1.3628,1.3883,1.3415,1.3795,48706.9317
1723507200000,1.3795,1.3854,1.3356,1.3381,25557.0943
1723521600000,1.3381,1.3505,1.3294,1.3414,10445.8058
1723536000000,1.3414,1.3431,1.3164,1.3295,19800.2003
1723550400000,1.3295,1.3524,1.323,1.3334,25870.8295
1723564800000,1.3334,1.3816,1.3317,1.3642,34720.602
1723579200000,1.3642,1.3774,1.3554,1.3658,11617.8536
1723593600000,1.3658,1.3711,1.3497,1.3612,11414.0105
1723608000000,1.3612,1.3799,1.3585,1.3642,15470.622
1723622400000,1.3642,1.3886,1.3555,1.3777,14615.7718
1723636800000,1.3777,1.3967,1.309,1.347,90854.3741
1723651200000,1.347,1.3476,1.3284,1.3366,15835.5416
1723665600000,1.3366,1.3396,1.3117,1.328,8750.7802
1723680000000,1.328,1.3412,1.319,1.3295,9347.1075
1723694400000,1.3295,1.3372,1.305,1.3165,20478.057
1723708800000,1.3165,1.3261,1.3037,1.3225,21510.8986
1723723200000,1.3225,1.34,1.2959,1.3045,49294.2284
1723737600000,1.3045,1.3093,1.2249,1.2435,78502.5729
1723752000000,1.2435,1.2561,1.2346,1.2506,23264.0214
1723766400000,1.2506,1.2804,1.2478,1.2615,15370.0152
1723780800000,1.2615,1.2992,1.2593,1.2829,13591.908
1723795200000,1.2829,1.287,1.264,1.2675,15433.7378
1723809600000,1.2675,1.288,1.2349,1.2464,47118.739
1723824000000,1.2464,1.2782,1.2415,1.2725,30423.1134
1723838400000,1.2725,1.2942,1.2705,1.279,35464.9105
1723852800000,1.279,1.2961,1.2717,1.2915,31382.4417
1723867200000,1.2915,1.3032,1.288,1.2895,10316.7971
1723881600000,1.2895,1.291,1.2598,1.2695,73750.3286
1723896000000,1.2695,1.3051,1.265,1.2906,94426.101
1723910400000,1.2906,1.3392,1.2894,1.3145,28820.5414
1723924800000,1.3145,1.3421,1.3058,1.3415,27782.8154
1723939200000,1.3415,1.3632,1.335,1.3377,44447.8595
1723953600000,1.3377,1.3387,1.3188,1.3206,15963.4773
1723968000000,1.3206,1.364,1.32,1.3634,45166.7227
1723982400000,1.3634,1.3752,1.3487,1.3556,26466.0138
1723996800000,1.3556,1.3593,1.3377,1.3545,7030.9037
1724011200000,1.3545,1.3632,1.333,1.3345,11869.296
1724025600000,1.3345,1.3632,1.326,1.3564,21911.759
1724040000000,1.3564,1.3632,1.343,1.3515,12725.8671
1724054400000,1.3515,1.37,1.3359,1.3654,23101.4627
1724068800000,1.3654,1.381,1.3178,1.3178,112108.7164
1724083200000,1.3178,1.3875,1.303,1.3714,48767.9947
1724097600000,1.3714,1.382,1.3624,1.3694,39652.3836
1724112000000,1.3694,1.398,1.3594,1.3942,20192.9917
1724126400000,1.3942,1.4033,1.3839,1.3876,19087.1084
1724140800000,1.3876,1.3896,1.373,1.3755,17804.9386
1724155200000,1.3755,1.3786,1.3207,1.3404,29367.3241
1724169600000,1.3404,1.3652,1.3313,1.3615,11916.7253
1724184000000,1.3615,1.3662,1.3479,1.3526,7353.6126
1724198400000,1.3526,1.3724,1.3436,1.3704,13604.8443
1724212800000,1.3704,1.3795,1.366,1.3716,8772.5835
1724227200000,1.3716,1.3776,1.3583,1.3665,16391.3303
1724241600000,1.3665,1.376,1.3408,1.3654,32624.4859
1724256000000,1.3654,1.4343,1.359,1.4336,34093.1874
1724270400000,1.4336,1.451,1.428,1.448,22415.71
1724284800000,1.448,1.4572,1.4183,1.4395,21470.6484
1724299200000,1.4395,1.475,1.4374,1.4705,29730.0469
1724313600000,1.4705,1.4717,1.4545,1.4615,21125.0855
1724328000000,1.4615,1.466,1.4458,1.4575,28063.0251
1724342400000,1.4575,1.4701,1.4527,1.4606,9201.2835
1724356800000,1.4606,1.5174,1.4606,1.5104,25542.184
1724371200000,1.5104,1.534,1.503,1.507,23276.6337
1724385600000,1.507,1.5692,1.507,1.5516,33322.4711
1724400000000,1.5516,1.5584,1.5382,1.5456,20596.1989
1724414400000,1.5456,1.5743,1.5331,1.5625,40671.2067
1724428800000,1.5625,1.607,1.5547,1.607,30412.1742
1724443200000,1.607,1.639,1.6044,1.6135,37322.6904
1724457600000,1.6135,1.6136,1.5896,1.591,14572.1614
1724472000000,1.591,1.6073,1.587,1.6034,17621.0658
1724486400000,1.6034,1.619,1.5994,1.6058,19853.9876
1724500800000,1.6058,1.6157,1.5888,1.6015,32062.6991
1724515200000,1.6015,1.6452,1.5999,1.6245,41449.4883
1724529600000,1.6245,1.6362,1.579,1.6041,24049.0282
1724544000000,1.6041,1.607,1.5539,1.5721,28956.9838
1724558400000,1.5721,1.5733,1.525,1.5315,31295.689
1724572800000,1.5315,1.5693,1.5228,1.5615,22423.7086
1724587200000,1.5615,1.5742,1.5546,1.5586,23914.0707
1724601600000,1.5586,1.5681,1.5419,1.5476,13424.4914
1724616000000,1.5476,1.5722,1.5438,1.5505,15335.447
1724630400000,1.5505,1.565,1.525,1.5474,15350.6555
1724644800000,1.5474,1.5603,1.5308,1.5353,16109.9988
1724659200000,1.5353,1.5451,1.524,1.5316,15131.7532
1724673600000,1.5316,1.5336,1.5118,1.5165,34177.6935
1724688000000,1.5165,1.5268,1.474,1.4864,29464.1653
1724702400000,1.4864,1.4982,1.4717,1.4856,16421.3783
1724716800000,1.4856,1.5084,1.485,1.4954,16889.3619
1724731200000,1.4954,1.5163,1.4905,1.499,13737.0543
1724745600000,1.499,1.5036,1.4518,1.4524,34663.4127
1724760000000,1.4524,1.467,1.4291,1.4564,101695.2257
1724774400000,1.4564,1.4732,1.4487,1.4606,13900.1325
1724788800000,1.4606,1.4606,1.351,1.3736,61580.4826
1724803200000,1.3736,1.415,1.361,1.4095,58781.9006
1724817600000,1.4095,1.4146,1.3708,1.3725,25025.2779
1724832000000,1.3725,1.44,1.3648,1.4205,31467.0301
1724846400000,1.4205,1.4402,1.3876,1.4023,36540.9802
1724860800000,1.4023,1.4373,1.3619,1.4135,62861.8226
1724875200000,1.4135,1.4383,1.4059,1.4259,22009.6973
1724889600000,1.4259,1.4342,1.4118,1.4234,11395.4481
1724904000000,1.4234,1.4642,1.422,1.4477,31756.4089
1724918400000,1.4477,1.495,1.4419,1.4459,56306.3995
1724932800000,1.4459,1.4603,1.4379,1.4485,26018.9366
1724947200000,1.4485,1.4542,1.4039,1.4195,25428.175
1724961600000,1.4195,1.4311,1.4028,1.4255,19179.3676
1724976000000,1.4255,1.4402,1.4128,1.4174,14995.9805
1724990400000,1.4174,1.436,1.407,1.4256,13242.4017
1725004800000,1.4256,1.4351,1.4203,1.4224,9797.0822
1725019200000,1.4224,1.448,1.369,1.3745,54805.1369
1725033600000,1.3745,1.474,1.3682,1.4505,50881.5683
1725048000000,1.4505,1.4776,1.4504,1.4695,24329.6981
1725062400000,1.4695,1.482,1.4589,1.4645,21554.4323
1725076800000,1.4645,1.4752,1.4634,1.4665,7680.9732
1725091200000,1.4665,1.4695,1.4486,1.4525,16785.5877
1725105600000,1.4525,1.4582,1.4394,1.4425,10842.2288
1725120000000,1.4425,1.4435,1.4159,1.4186,10756.7727
1725134400000,1.4186,1.429,1.4149,1.418,7208.0849
1725148800000,1.418,1.4225,1.3951,1.4155,13397.4047
1725163200000,1.4155,1.4163,1.3941,1.4086,13276.3381
1725177600000,1.4086,1.412,1.3925,1.4013,9282.9695
1725192000000,1.4013,1.411,1.3708,1.4065,18684.0587
1725206400000,1.4065,1.414,1.3788,1.4003,20132.8712
1725220800000,1.4003,1.4087,1.347,1.3575,21589.6192
1725235200000,1.3575,1.3742,1.344,1.3615,25045.7093
1725249600000,1.3615,1.366,1.3406,1.3496,14928.1954
1725264000000,1.3496,1.4162,1.3483,1.3924,34229.3598
1725278400000,1.3924,1.4069,1.3759,1.3985,21966.1175
1725292800000,1.3985,1.4099,1.391,1.3998,5552.6615
1725307200000,1.3998,1.4252,1.3984,1.4074,12308.6651
1725321600000,1.4074,1.4383,1.4045,1.4174,13839.9988
1725336000000,1.4174,1.426,1.4117,1.4215,8195.9624
1725350400000,1.4215,1.4226,1.4028,1.4093,8846.9622
1725364800000,1.4093,1.4136,1.3637,1.3644,29596.8884
1725379200000,1.3644,1.3716,1.343,1.3634,25687.9807
1725393600000,1.3634,1.3717,1.346,1.3485,9360.1577
1725408000000,1.3485,1.36,1.272,1.3175,71479.7652
1725422400000,1.3175,1.3409,1.3135,1.3347,18611.8339
1725436800000,1.3347,1.3376,1.3178,1.3206,16641.0348
1725451200000,1.3206,1.357,1.309,1.3567,29105.9112
1725465600000,1.3567,1.3804,1.3418,1.3525,16382.8941
1725480000000,1.3525,1.3643,1.345,1.3475,9438.4606
1725494400000,1.3475,1.3612,1.3313,1.3353,15980.8327
1725508800000,1.3353,1.3484,1.325,1.3465,14845.6506
1725523200000,1.3465,1.3562,1.3334,1.3495,19693.6819
1725537600000,1.3495,1.3652,1.3373,1.3514,38337.8467
1725552000000,1.3514,1.3652,1.3334,1.3452,14083.7749
1725566400000,1.3452,1.3585,1.34,1.3574,7471.7883
1725580800000,1.3574,1.3702,1.3479,1.3634,8992.3946
1725595200000,1.3634,1.3656,1.3258,1.3376,15209.9365
1725609600000,1.3376,1.3469,1.3286,1.3434,18420.8054
1725624000000,1.3434,1.383,1.3178,1.3796,132767.2857
1725638400000,1.3796,1.381,1.3308,1.3435,62297.0273
1725652800000,1.3435,1.3435,1.2899,1.3364,32546.0885
1725667200000,1.3364,1.369,1.3364,1.3644,16811.1301
1725681600000,1.3644,1.4016,1.3597,1.3963,23555.5029
1725696000000,1.3963,1.412,1.3864,1.4087,30977.9222
1725710400000,1.4087,1.435,1.4084,1.4165,32766.748
1725724800000,1.4165,1.4252,1.4028,1.424,16542.8179
1725739200000,1.424,1.426,1.407,1.4165,13772.7507
1725753600000,1.4165,1.4478,1.3954,1.4471,57521.3162
1725768000000,1.4471,1.4732,1.4319,1.4406,26604.3937
1725782400000,1.4406,1.4442,1.42,1.421,13324.6966
1725796800000,1.421,1.4236,1.398,1.3996,32900.9193
1725811200000,1.3996,1.4091,1.394,1.3956,9885.7873
1725825600000,1.3956,1.441,1.3953,1.4183,25244.9835
1725840000000,1.4183,1.4542,1.4183,1.444,22381.1603
1725854400000,1.444,1.4575,1.4279,1.4565,13433.2572
1725868800000,1.4565,1.4701,1.4473,1.4515,17562.4165
1725883200000,1.4515,1.4642,1.4358,1.4564,16085.8988
1725897600000,1.4564,1.5241,1.4564,1.5235,44651.7799
1725912000000,1.5235,1.546,1.5184,1.5305,28518.8458
1725926400000,1.5305,1.5451,1.5218,1.5296,18701.1624
1725940800000,1.5296,1.561,1.5291,1.5555,29433.2207
1725955200000,1.5555,1.6,1.5519,1.5926,27043.0499
1725969600000,1.5926,1.5966,1.56,1.5734,30922.6703
1725984000000,1.5734,1.617,1.5734,1.6063,29616.162
1725998400000,1.6063,1.6342,1.5979,1.6106,21150.4689
1726012800000,1.6106,1.6165,1.5649,1.5665,27568.6099
1726027200000,1.5665,1.575,1.5437,1.5675,28038.6141
1726041600000,1.5675,1.5802,1.5539,1.5675,24230.1659
1726056000000,1.5675,1.587,1.5341,1.5664,53200.0097
1726070400000,1.5664,1.5782,1.5406,1.5435,15442.0059
1726084800000,1.5435,1.5576,1.5424,1.5456,6909.4651
1726099200000,1.5456,1.5701,1.5416,1.5575,24129.6023
1726113600000,1.5575,1.5733,1.5355,1.5445,35328.1661
1726128000000,1.5445,1.5603,1.539,1.5405,14360.845
1726142400000,1.5405,1.5442,1.5109,1.5146,31647.0362
1726156800000,1.5146,1.5402,1.512,1.533,18400.9972
1726171200000,1.533,1.5432,1.5247,1.539,13847.6771
1726185600000,1.539,1.5437,1.5255,1.5256,6177.6577
1726200000000,1.5256,1.5296,1.5116,1.5182,8033.5285
1726214400000,1.5182,1.5364,1.5127,1.5175,12097.6443
1726228800000,1.5175,1.5552,1.5026,1.5456,36425.5476
1726243200000,1.5456,1.5527,1.5228,1.5346,25929.1186
1726257600000,1.5346,1.5632,1.5334,1.5488,17053.2897
1726272000000,1.5488,1.569,1.539,1.5675,16369.707
1726286400000,1.5675,1.5701,1.5368,1.5374,10688.6902
1726300800000,1.5374,1.5521,1.5288,1.5426,12883.7657
1726315200000,1.5426,1.5691,1.5393,1.5686,14270.8542
1726329600000,1.5686,1.5733,1.5391,1.5615,15631.8197
1726344000000,1.5615,1.5691,1.5584,1.5682,6171.2303
1726358400000,1.5682,1.5887,1.5576,1.5577,13188.2994
1726372800000,1.5577,1.5646,1.5539,1.5601,4940.7082
1726387200000,1.5601,1.5712,1.5372,1.5454,15308.0709
1726401600000,1.5454,1.566,1.5424,1.5634,15049.8962
1726416000000,1.5634,1.565,1.5218,1.5337,18061.6477
1726430400000,1.5337,1.5355,1.4658,1.474,34688.5466
1726444800000,1.474,1.474,1.4319,1.4614,28185.7707
1726459200000,1.4614,1.4922,1.4584,1.4905,15078.6076
1726473600000,1.4905,1.5024,1.4518,1.4624,21214.5117
1726488000000,1.4624,1.467,1.4458,1.4565,17138.3647
1726502400000,1.4565,1.4623,1.441,1.4465,19159.7213
1726516800000,1.4465,1.4575,1.4328,1.4525,11484.4612
1726531200000,1.4525,1.4642,1.441,1.4415,14171.692
1726545600000,1.4415,1.4582,1.4389,1.4517,12020.5424
1726560000000,1.4517,1.4603,1.4419,1.4488,24982.1987
1726574400000,1.4488,1.5013,1.4446,1.4944,58180.5264
1726588800000,1.4944,1.5062,1.4419,1.4544,29665.9611
1726603200000,1.4544,1.4606,1.4458,1.452,13291.7182
1726617600000,1.452,1.4782,1.4328,1.4647,23557.5358
1726632000000,1.4647,1.467,1.4468,1.4606,10504.4106
1726646400000,1.4606,1.4636,1.4129,1.4357,25670.2152
1726660800000,1.4357,1.4454,1.4084,1.4164,18621.4292
1726675200000,1.4164,1.477,1.4096,1.4546,60057.9194
1726689600000,1.4546,1.514,1.4399,1.5126,24924.805
1726704000000,1.5126,1.5691,1.5126,1.5545,36243.8125
1726718400000,1.5545,1.582,1.549,1.5805,25871.1921
1726732800000,1.5805,1.587,1.56,1.5734,143757.9488
1726747200000,1.5734,1.591,1.5661,1.5866,62880.3878
1726761600000,1.5866,1.651,1.5864,1.6105,56425.9956
1726776000000,1.6105,1.6241,1.599,1.6057,21591.8419
1726790400000,1.6057,1.6441,1.5779,1.6441,26501.312
1726804800000,1.6441,1.6955,1.6424,1.6875,66606.1308
1726819200000,1.6875,1.6885,1.6559,1.6614,34077.9189
1726833600000,1.6614,1.6771,1.6355,1.6725,50450.5924
1726848000000,1.6725,1.6756,1.6367,1.6576,16089.9879
1726862400000,1.6576,1.6822,1.6564,1.6816,15919.9803
1726876800000,1.6816,1.6882,1.6439,1.6544,33637.5028
1726891200000,1.6544,1.665,1.6312,1.6634,22368.9679
1726905600000,1.6634,1.6661,1.6468,1.6614,10723.8485
1726920000000,1.6614,1.7202,1.655,1.7074,43702.037
1726934400000,1.7074,1.755,1.6934,1.755,44490.4372
1726948800000,1.755,1.7712,1.735,1.7674,32506.7327
1726963200000,1.7674,1.809,1.71,1.718,53720.3046
1726977600000,1.718,1.7393,1.7109,1.7185,17103.167
1726992000000,1.7185,1.722,1.6828,1.6949,20072.3726
1727006400000,1.6949,1.7083,1.672,1.6796,16144.5432
1727020800000,1.6796,1.7052,1.6649,1.6915,17981.1409
1727035200000,1.6915,1.706,1.6499,1.6906,27434.7737
1727049600000,1.6906,1.7723,1.66,1.7445,67578.8065
1727064000000,1.7445,1.7507,1.705,1.7084,26841.5669
1727078400000,1.7084,1.716,1.6882,1.6946,20573.9622
1727092800000,1.6946,1.7162,1.6788,1.7065,34374.2053
1727107200000,1.7065,1.7222,1.6909,1.6956,22458.3499
1727121600000,1.6956,1.7052,1.681,1.6964,12424.5522
1727136000000,1.6964,1.7018,1.6439,1.6705,46880.789
1727150400000,1.6705,1.6881,1.6547,1.6825,18110.9976
1727164800000,1.6825,1.696,1.671,1.6806,41918.2459
1727179200000,1.6806,1.6932,1.6429,1.6586,42089.0244
1727193600000,1.6586,1.7202,1.6586,1.7187,37534.9188
1727208000000,1.7187,1.751,1.7105,1.7345,52696.5978
1727222400000,1.7345,1.7677,1.724,1.7525,32313.5392
1727236800000,1.7525,1.755,1.7006,1.7175,24259.0436
1727251200000,1.7175,1.743,1.7156,1.7425,14212.3373
1727265600000,1.7425,1.743,1.7061,1.7186,33041.5415
1727280000000,1.7186,1.7351,1.687,1.6985,23286.1189
1727294400000,1.6985,1.7141,1.6769,1.6836,14093.301
1727308800000,1.6836,1.7092,1.6598,1.7075,20769.1438
1727323200000,1.7075,1.7422,1.7,1.7404,28732.1619
1727337600000,1.7404,1.762,1.724,1.7424,30713.0241
1727352000000,1.7424,1.7603,1.7177,1.7526,44318.4729
1727366400000,1.7526,1.7804,1.731,1.7405,28875.369
1727380800000,1.7405,1.7506,1.717,1.7505,18328.1034
1727395200000,1.7505,1.7843,1.745,1.7826,23211.6227
1727409600000,1.7826,1.823,1.777,1.7996,39156.7297
1727424000000,1.7996,1.8699,1.7879,1.8414,66069.8708
1727438400000,1.8414,1.8878,1.8268,1.8806,43925.3329
1727452800000,1.8806,1.9388,1.8622,1.8976,70878.4604
1727467200000,1.8976,1.918,1.8878,1.9006,16074.6364
1727481600000,1.9006,1.9221,1.893,1.9015,14185.7664
1727496000000,1.9015,1.9072,1.8584,1.866,26349.3763
1727510400000,1.866,1.8833,1.8307,1.8795,22460.2187
1727524800000,1.8795,1.9002,1.8584,1.8925,18319.8143
1727539200000,1.8925,1.895,1.869,1.8796,8356.5057
1727553600000,1.8796,1.8836,1.849,1.8796,10828.8983
1727568000000,1.8796,1.8921,1.8579,1.8907,16249.3476
1727582400000,1.8907,1.8912,1.836,1.8405,16951.4443
1727596800000,1.8405,1.8792,1.835,1.8625,18601.5091
1727611200000,1.8625,1.8703,1.834,1.8695,23678.8248
1727625600000,1.8695,1.905,1.8556,1.9034,26122.621
1727640000000,1.9034,1.9221,1.8809,1.9025,24328.7995
1727654400000,1.9025,1.9221,1.8169,1.8355,66030.0278
1727668800000,1.8355,1.8882,1.814,1.8717,28736.8095
1727683200000,1.8717,1.8717,1.802,1.8214,32874.1858
1727697600000,1.8214,1.84,1.7678,1.7706,31300.2831
1727712000000,1.7706,1.7872,1.762,1.7805,23011.0622
1727726400000,1.7805,1.801,1.737,1.7486,27231.9563
1727740800000,1.7486,1.8176,1.7426,1.8156,34155.1134
1727755200000,1.8156,1.8771,1.8114,1.8705,30691.8101
1727769600000,1.8705,1.8744,1.8469,1.8517,18922.0203
1727784000000,1.8517,1.8627,1.6845,1.7375,83770.2893
1727798400000,1.7375,1.7422,1.6057,1.6575,111899.8906
1727812800000,1.6575,1.6821,1.6234,1.6636,36754.3527
1727827200000,1.6636,1.7103,1.6449,1.6945,45237.5496
1727841600000,1.6945,1.706,1.6674,1.6906,23115.217
1727856000000,1.6906,1.6991,1.642,1.6614,32730.1948
1727870400000,1.6614,1.677,1.619,1.6714,45870.7676
1727884800000,1.6714,1.6888,1.5688,1.5938,41291.8428
1727899200000,1.5938,1.6117,1.5706,1.5855,17749.0835
1727913600000,1.5855,1.6172,1.5649,1.6165,32666.8184
1727928000000,1.6165,1.6191,1.5577,1.5585,18397.1661
1727942400000,1.5585,1.562,1.5059,1.5354,50694.5789
1727956800000,1.5354,1.551,1.4743,1.5095,76538.3824
1727971200000,1.5095,1.5252,1.4793,1.5204,49731.9949
1727985600000,1.5204,1.529,1.497,1.5205,14150.7647
1728000000000,1.5205,1.5501,1.5109,1.5396,28992.817
1728014400000,1.5396,1.5642,1.5369,1.5515,23473.0672
1728028800000,1.5515,1.5713,1.5448,1.5565,18172.9271
1728043200000,1.5565,1.582,1.5397,1.5815,36781.8147
1728057600000,1.5815,1.624,1.5784,1.6175,32592.8813
1728072000000,1.6175,1.6216,1.5964,1.6055,10116.9921
1728086400000,1.6055,1.6184,1.5769,1.5855,24368.2522
1728100800000,1.5855,1.6281,1.5828,1.6185,11122.6674
1728115200000,1.6185,1.6383,1.6139,1.6306,26347.298
1728129600000,1.6306,1.6473,1.6117,1.6185,12363.7642
1728144000000,1.6185,1.6216,1.5866,1.5895,17287.5206
1728158400000,1.5895,1.6012,1.5705,1.5953,9122.0197
1728172800000,1.5953,1.61,1.581,1.583,9800.5855
1728187200000,1.583,1.5932,1.5769,1.5875,8620.731
1728201600000,1.5875,1.6031,1.5835,1.6006,6611.5822
1728216000000,1.6006,1.6424,1.5974,1.6375,22498.3447
1728230400000,1.6375,1.654,1.6267,1.6346,18987.1935
1728244800000,1.6346,1.6843,1.6328,1.6843,14956.7376
1728259200000,1.6843,1.7322,1.676,1.7026,44696.3403
1728273600000,1.7026,1.7064,1.6828,1.6855,15530.0611
1728288000000,1.6855,1.697,1.6367,1.6756,26382.2524
1728302400000,1.6756,1.7282,1.6628,1.6945,35288.2112
1728316800000,1.6945,1.7203,1.681,1.6966,22455.0838
1728331200000,1.6966,1.706,1.6576,1.6614,20048.5482
1728345600000,1.6614,1.7052,1.6598,1.6935,20772.713
1728360000000,1.6935,1.7007,1.6232,1.6385,31721.6426
1728374400000,1.6385,1.6552,1.6314,1.6514,9493.2707
1728388800000,1.6514,1.6652,1.5918,1.6115,32984.5605
1728403200000,1.6115,1.6452,1.5998,1.6296,19206.2139
1728417600000,1.6296,1.6521,1.6205,1.6365,11636.5844
1728432000000,1.6365,1.6672,1.6233,1.6396,12959.0615
1728446400000,1.6396,1.6616,1.6259,1.6346,13679.5765
1728460800000,1.6346,1.6431,1.6236,1.6395,17906.6438
1728475200000,1.6395,1.6627,1.6047,1.6476,29109.7965
1728489600000,1.6476,1.6506,1.545,1.5524,52963.0142
1728504000000,1.5524,1.5526,1.516,1.5325,28778.4646
1728518400000,1.5325,1.5561,1.5217,1.5447,15133.626
1728532800000,1.5447,1.5594,1.54,1.5417,11515.7519
1728547200000,1.5417,1.5457,1.5089,1.5396,21504.1337
1728561600000,1.5396,1.5406,1.4996,1.5221,48308.637
1728576000000,1.5221,1.538,1.4842,1.5196,48010.3659
1728590400000,1.5196,1.5551,1.5143,1.5551,14010.5909
1728604800000,1.5551,1.578,1.5468,1.5735,21750.3901
1728619200000,1.5735,1.5851,1.564,1.5726,23074.6532
1728633600000,1.5726,1.5992,1.5714,1.5966,19740.0093
1728648000000,1.5966,1.68,1.5965,1.6675,74021.9444
1728662400000,1.6675,1.7122,1.6675,1.7045,34231.661
1728676800000,1.7045,1.7171,1.69,1.6945,20160.9549
1728691200000,1.6945,1.7202,1.6934,1.7005,16014.8516
1728705600000,1.7005,1.7411,1.7005,1.7404,13598.2053
1728720000000,1.7404,1.755,1.7118,1.7196,25369.3394
1728734400000,1.7196,1.7352,1.712,1.7214,37058.7472
1728748800000,1.7214,1.7341,1.7044,1.716,14220.2351
1728763200000,1.716,1.7263,1.7114,1.7167,14038.0945
1728777600000,1.7167,1.7202,1.6836,1.6864,21193.753
1728792000000,1.6864,1.7031,1.6864,1.695,16491.1548
1728806400000,1.695,1.7015,1.6796,1.6796,10296.1333
1728820800000,1.6796,1.7002,1.6609,1.6664,17964.8355
1728835200000,1.6664,1.683,1.654,1.6674,15080.2097
1728849600000,1.6674,1.715,1.6614,1.7135,25665.0398
1728864000000,1.7135,1.767,1.688,1.7665,32820.802
1728878400000,1.7665,1.7762,1.7361,1.7634,32762.2071
1728892800000,1.7634,1.7681,1.7437,1.7634,13037.1655
1728907200000,1.7634,1.8051,1.7528,1.7944,32015.6754
1728921600000,1.7944,1.8007,1.7732,1.7745,17524.8065
1728936000000,1.7745,1.7912,1.764,1.7805,13721.7115
1728950400000,1.7805,1.786,1.7477,1.7515,19442.1138
1728964800000,1.7515,1.7778,1.745,1.7637,17033.0415
1728979200000,1.7637,1.7805,1.7158,1.7255,25120.7259
1728993600000,1.7255,1.8199,1.69,1.7245,77084.1291
1729008000000,1.7245,1.7611,1.7213,1.7286,23168.3647
1729022400000,1.7286,1.7351,1.6958,1.7345,13568.3036
1729036800000,1.7345,1.7525,1.7087,1.7365,15167.2466
1729051200000,1.7365,1.7581,1.7189,1.7265,24305.0676
1729065600000,1.7265,1.7696,1.7233,1.7576,36489.9677
1729080000000,1.7576,1.77,1.71,1.7174,30410.3879
1729094400000,1.7174,1.733,1.7006,1.7164,12228.2802
1729108800000,1.7164,1.7991,1.7154,1.7465,30628.1459
1729123200000,1.7465,1.7613,1.7219,1.7385,21192.8446
1729137600000,1.7385,1.748,1.7127,1.7351,21409.3199
1729152000000,1.7351,1.7372,1.677,1.6824,25316.2288
1729166400000,1.6824,1.7141,1.676,1.7096,15965.4147
1729180800000,1.7096,1.7097,1.6544,1.6735,15187.0924
1729195200000,1.6735,1.6853,1.6699,1.6734,10154.3516
1729209600000,1.6734,1.7083,1.6588,1.6794,21005.8052
1729224000000,1.6794,1.7103,1.6793,1.7094,15114.5866
1729238400000,1.7094,1.7114,1.685,1.6865,12550.0897
1729252800000,1.6865,1.713,1.6736,1.7085,21155.8921
1729267200000,1.7085,1.7351,1.694,1.7154,19456.5724
1729281600000,1.7154,1.7216,1.6971,1.7186,7185.177
1729296000000,1.7186,1.7361,1.7124,1.7244,8442.7664
1729310400000,1.7244,1.732,1.7137,1.7145,7235.5083
1729324800000,1.7145,1.7215,1.6808,1.6815,9934.4204
1729339200000,1.6815,1.707,1.6815,1.6995,12976.2893
1729353600000,1.6995,1.7006,1.677,1.6774,5916.7047
1729368000000,1.6774,1.697,1.677,1.6915,7059.6741
1729382400000,1.6915,1.697,1.671,1.6807,8209.1413
1729396800000,1.6807,1.697,1.6649,1.6895,12613.6891
1729411200000,1.6895,1.706,1.6834,1.702,10202.704
1729425600000,1.702,1.8081,1.702,1.7815,69224.9162
1729440000000,1.7815,1.7862,1.7619,1.7674,13596.6605
1729454400000,1.7674,1.813,1.7665,1.8104,25376.3793
1729468800000,1.8104,1.835,1.7929,1.7949,31503.3318
1729483200000,1.7949,1.8161,1.786,1.7866,20540.459
1729497600000,1.7866,1.7942,1.7528,1.7575,21932.6444
1729512000000,1.7575,1.7682,1.7146,1.7341,32509.7606
1729526400000,1.7341,1.7341,1.701,1.7285,16660.254
1729540800000,1.7285,1.7371,1.717,1.717,8422.4341
1729555200000,1.717,1.7442,1.693,1.7382,20948.5062
1729569600000,1.7382,1.75,1.7219,1.7314,10500.1922
1729584000000,1.7314,1.7442,1.7058,1.7345,29150.2973
1729598400000,1.7345,1.7394,1.6943,1.703,28471.0584
1729612800000,1.703,1.7083,1.676,1.6987,13440.7411
1729627200000,1.6987,1.7171,1.697,1.7024,8348.141
1729641600000,1.7024,1.7124,1.6889,1.7015,13399.1982
1729656000000,1.7015,1.7191,1.6933,1.6964,21019.6248
1729670400000,1.6964,1.7171,1.673,1.6995,34434.4124
1729684800000,1.6995,1.7341,1.6891,1.7075,41578.9686
1729699200000,1.7075,1.7351,1.6569,1.7335,48099.8939
1729713600000,1.7335,1.738,1.7079,1.7234,11351.8748
1729728000000,1.7234,1.7542,1.7177,1.7178,38611.9113
1729742400000,1.7178,1.736,1.7005,1.7016,15065.7212
1729756800000,1.7016,1.706,1.671,1.6981,18925.5405
1729771200000,1.6981,1.7086,1.6814,1.6935,24848.4038
1729785600000,1.6935,1.7083,1.6795,1.7082,14807.1155
1729800000000,1.7082,1.729,1.7,1.7095,14642.1469
1729814400000,1.7095,1.7411,1.7005,1.7325,23871.4222
1729828800000,1.7325,1.7365,1.671,1.6842,34340.6943
1729843200000,1.6842,1.7302,1.669,1.7194,29924.6186
1729857600000,1.7194,1.736,1.688,1.6986,24303.6752
1729872000000,1.6986,1.7114,1.631,1.6435,52546.25
1729886400000,1.6435,1.6571,1.4984,1.5595,101592.8748
1729900800000,1.5595,1.5981,1.537,1.5799,43580.8372
1729915200000,1.5799,1.5992,1.5748,1.5885,21307.5758
1729929600000,1.5885,1.6004,1.5869,1.5972,9805.2446
1729944000000,1.5972,1.6004,1.54,1.5445,31313.4822
1729958400000,1.5445,1.5742,1.5434,1.5695,9391.813
1729972800000,1.5695,1.5851,1.5602,1.5655,7285.9048
1729987200000,1.5655,1.581,1.5569,1.581,17688.8812
1730001600000,1.581,1.587,1.5718,1.5846,10856.6824
1730016000000,1.5846,1.587,1.562,1.5675,10612.6724
1730030400000,1.5675,1.595,1.5675,1.5945,11246.8371
1730044800000,1.5945,1.604,1.579,1.5855,13207.4602
1730059200000,1.5855,1.61,1.5824,1.5935,8027.734
1730073600000,1.5935,1.5992,1.5528,1.5545,14931.3343
1730088000000,1.5545,1.6002,1.5377,1.5965,30972.3083
1730102400000,1.5965,1.6252,1.594,1.6095,22174.4313
1730116800000,1.6095,1.6142,1.547,1.5475,42510.4026
1730131200000,1.5475,1.575,1.5377,1.5645,37294.2361
1730145600000,1.5645,1.639,1.5643,1.6195,29387.4078
1730160000000,1.6195,1.6837,1.6139,1.6696,35463.8816
1730174400000,1.6696,1.6755,1.6598,1.6725,13082.253
1730188800000,1.6725,1.709,1.6714,1.6885,28400.6092
1730203200000,1.6885,1.7042,1.673,1.7034,38747.1652
1730217600000,1.7034,1.7302,1.693,1.6954,30275.1269
1730232000000,1.6954,1.7053,1.6789,1.7025,15089.5679
1730246400000,1.7025,1.7162,1.6736,1.7056,16113.1967
1730260800000,1.7056,1.7371,1.6988,1.7216,24303.2024
1730275200000,1.7216,1.7491,1.7068,1.7114,29221.593
1730289600000,1.7114,1.7983,1.7048,1.7539,65998.7026
1730304000000,1.7539,1.7616,1.7267,1.7296,15225.5408
1730318400000,1.7296,1.7452,1.715,1.719,14381.7522
1730332800000,1.719,1.7286,1.6918,1.6976,15128.6442
1730347200000,1.6976,1.6977,1.6676,1.6807,18275.2492
1730361600000,1.6807,1.6822,1.6588,1.6715,19593.5704
1730376000000,1.6715,1.6744,1.6291,1.6526,29774.0816
1730390400000,1.6526,1.6526,1.602,1.602,18216.4621
1730404800000,1.602,1.6217,1.5967,1.6125,12035.0372
1730419200000,1.6125,1.6217,1.5801,1.6075,19779.4525
1730433600000,1.6075,1.6123,1.5728,1.5865,11300.2247
1730448000000,1.5865,1.607,1.5817,1.596,18785.7403
1730462400000,1.596,1.6473,1.5569,1.5716,45690.243
1730476800000,1.5716,1.5951,1.547,1.5584,31739.8309
1730491200000,1.5584,1.5584,1.5089,1.522,23359.7182
1730505600000,1.522,1.5333,1.5089,1.5105,24099.7078
1730520000000,1.5105,1.5126,1.49,1.512,35537.9816
1730534400000,1.512,1.5273,1.4769,1.4795,26187.5868
1730548800000,1.4795,1.4865,1.4368,1.4525,50022.5571
1730563200000,1.4525,1.4565,1.425,1.4425,21580.6593
1730577600000,1.4425,1.457,1.4413,1.457,10985.6144
1730592000000,1.457,1.47,1.4038,1.4465,43327.9236
1730606400000,1.4465,1.4613,1.423,1.4276,22667.5757
1730620800000,1.4276,1.442,1.407,1.4084,31525.2996
1730635200000,1.4084,1.4205,1.3518,1.3884,53400.1156
1730649600000,1.3884,1.4356,1.3844,1.4285,42749.3402
1730664000000,1.4285,1.4545,1.424,1.4325,20832.7107
1730678400000,1.4325,1.4442,1.4098,1.411,24962.5294
1730692800000,1.411,1.4182,1.377,1.3775,24314.6548
1730707200000,1.3775,1.4003,1.3689,1.3885,30937.9542
1730721600000,1.3885,1.4003,1.3548,1.3605,40003.5035
1730736000000,1.3605,1.3605,1.3185,1.3345,48528.4643
1730750400000,1.3345,1.3514,1.2996,1.3423,46422.8135
1730764800000,1.3423,1.3741,1.3416,1.369,28370.9152
1730779200000,1.369,1.3893,1.3679,1.3887,18558.476
1730793600000,1.3887,1.3982,1.3689,1.3912,24802.5971
1730808000000,1.3912,1.4472,1.3847,1.4186,48825.4483
1730822400000,1.4186,1.4383,1.3928,1.3985,43219.8066
1730836800000,1.3985,1.426,1.3944,1.4156,16230.3454
1730851200000,1.4156,1.5284,1.4154,1.4961,72488.0449
1730865600000,1.4961,1.5397,1.4789,1.5056,97243.2647
1730880000000,1.5056,1.5271,1.471,1.5236,46043.8434
1730894400000,1.5236,1.55,1.5121,1.5306,46645.9112
1730908800000,1.5306,1.5791,1.53,1.5791,31612.3423
1730923200000,1.5791,1.6381,1.5737,1.6005,48961.9297
1730937600000,1.6005,1.697,1.578,1.6724,112994.5755
1730952000000,1.6724,1.6757,1.605,1.6196,35872.6645
1730966400000,1.6196,1.6404,1.5829,1.5836,51966.7301
1730980800000,1.5836,1.61,1.5441,1.6081,46739.567
1730995200000,1.6081,1.616,1.5811,1.6052,31379.9382
1731009600000,1.6052,1.628,1.5769,1.6025,29839.1517
1731024000000,1.6025,1.6373,1.5669,1.5755,51187.9439
1731038400000,1.5755,1.589,1.5545,1.5736,31227.3462
1731052800000,1.5736,1.5841,1.5546,1.5649,27906.9064
1731067200000,1.5649,1.6113,1.5607,1.5815,55038.187
1731081600000,1.5815,1.5891,1.517,1.5775,53209.9875
1731096000000,1.5775,1.5816,1.5436,1.5785,18487.8532
1731110400000,1.5785,1.608,1.5599,1.5616,34177.8101
1731124800000,1.5616,1.683,1.5603,1.6355,103326.4156
1731139200000,1.6355,1.6531,1.625,1.6505,51175.1539
1731153600000,1.6505,1.654,1.5897,1.6019,60736.2208
1731168000000,1.6019,1.606,1.562,1.5796,62299.2207
1731182400000,1.5796,1.6603,1.5749,1.6475,68687.4696
1731196800000,1.6475,1.6594,1.606,1.6504,63541.6025
1731211200000,1.6504,1.7162,1.646,1.6606,146493.6886
1731225600000,1.6606,1.7,1.6438,1.6916,163222.361
1731240000000,1.6916,1.7321,1.6548,1.7064,217975.5982
1731254400000,1.7064,1.7255,1.6291,1.6504,171757.6985
1731268800000,1.6504,1.6605,1.5496,1.6406,155393.4766
1731283200000,1.6406,1.731,1.63,1.7076,134222.784
1731297600000,1.7076,1.7094,1.609,1.6385,115057.5019
1731312000000,1.6385,1.6812,1.627,1.6796,147069.8709
1731326400000,1.6796,1.7043,1.6282,1.6762,176007.2269
1731340800000,1.6762,1.7532,1.6737,1.7286,172102.2053
1731355200000,1.7286,1.8202,1.7039,1.8202,152313.5626
1731369600000,1.8202,1.848,1.765,1.8055,207834.6675
1731384000000,1.8055,1.8202,1.763,1.7936,118378.3746
1731398400000,1.7936,1.86,1.6138,1.6834,321872.612
1731412800000,1.6834,1.6981,1.6038,1.6294,212328.3637
1731427200000,1.6294,1.6721,1.582,1.6615,125976.9697
1731441600000,1.6615,1.7003,1.635,1.6646,111820.5332
1731456000000,1.6646,1.687,1.5738,1.5743,97659.2752
1731470400000,1.5743,1.6013,1.5009,1.5405,153428.7542
1731484800000,1.5405,1.5594,1.5159,1.5385,68360.1843
1731499200000,1.5385,1.6662,1.5178,1.6615,268707.0235
1731513600000,1.6615,1.695,1.5979,1.6029,177609.9725
1731528000000,1.6029,1.627,1.554,1.6205,118441.7639
1731542400000,1.6205,1.669,1.6038,1.658,70310.36
1731556800000,1.658,1.707,1.6429,1.6776,69838.3003
1731571200000,1.6776,1.6926,1.5979,1.6223,63353.0421
1731585600000,1.6223,1.6352,1.5291,1.5464,130551.9898
1731600000000,1.5464,1.6113,1.5355,1.5764,102540.1511
1731614400000,1.5764,1.5764,1.4863,1.5123,111810.0802
1731628800000,1.5123,1.5281,1.482,1.5216,57933.6338
1731643200000,1.5216,1.5372,1.477,1.5174,63343.4923
1731657600000,1.5174,1.567,1.5009,1.5616,59002.3921
1731672000000,1.5616,1.5708,1.4928,1.5044,81257.0758
1731686400000,1.5044,1.56,1.496,1.5516,52573.1819
1731700800000,1.5516,1.5992,1.5485,1.5842,46270.3259
1731715200000,1.5842,1.6212,1.5698,1.6211,42046.4866
1731729600000,1.6211,1.6265,1.5892,1.6004,46366.9942
1731744000000,1.6004,1.6881,1.596,1.6881,79288.3858
1731758400000,1.6881,1.703,1.6431,1.6744,138165.5802
1731772800000,1.6744,1.782,1.662,1.7681,138780.1504
1731787200000,1.7681,1.817,1.759,1.7766,109871.3028
1731801600000,1.7766,1.805,1.6731,1.7314,161283.3796
1731816000000,1.7314,1.787,1.7219,1.7769,79505.9855
1731830400000,1.7769,1.8206,1.7157,1.7157,116401.7854
1731844800000,1.7157,1.773,1.7129,1.7335,87700.0809
1731859200000,1.7335,1.755,1.685,1.6954,55599.9908
1731873600000,1.6954,1.7012,1.648,1.6772,54257.8743
1731888000000,1.6772,1.771,1.6707,1.7215,108998.2642
1731902400000,1.7215,1.7632,1.701,1.7386,86388.0357
1731916800000,1.7386,1.7423,1.665,1.678,69090.4267
1731931200000,1.678,1.748,1.6659,1.7395,87841.8603
1731945600000,1.7395,1.7992,1.701,1.7347,132502.1155
1731960000000,1.7347,1.8451,1.7279,1.8305,113514.7655
1731974400000,1.8305,1.8481,1.7748,1.777,65133.8305
1731988800000,1.777,1.782,1.747,1.7524,30483.2752
1732003200000,1.7524,1.7779,1.7208,1.7746,48810.6233
1732017600000,1.7746,1.79,1.724,1.7415,62386.6863
1732032000000,1.7415,1.7641,1.728,1.7416,54916.7986
1732046400000,1.7416,1.7691,1.689,1.7604,60573.7646
1732060800000,1.7604,1.765,1.6837,1.7195,38164.5116
1732075200000,1.7195,1.7493,1.698,1.7343,29107.5481
1732089600000,1.7343,1.7962,1.7318,1.757,82313.9066
1732104000000,1.757,1.805,1.7208,1.7555,99549.5487
1732118400000,1.7555,1.7602,1.6239,1.6394,90367.5732
1732132800000,1.6394,1.6751,1.6259,1.6485,38103.889
1732147200000,1.6485,1.687,1.602,1.6453,54738.6582
1732161600000,1.6453,1.7461,1.6453,1.7155,108139.436
1732176000000,1.7155,1.7341,1.664,1.6984,49180.6647
1732190400000,1.6984,2.218,1.6954,2.114,832870.7089
1732204800000,2.114,2.1988,2.043,2.056,220333.9182
1732219200000,2.056,2.116,2.056,2.082,76421.4507
1732233600000,2.082,2.093,2.009,2.0544,145488.4996
1732248000000,2.0544,2.123,2.0319,2.0654,116049.2537
1732262400000,2.0654,2.167,2.063,2.0905,170935.7759
1732276800000,2.0905,2.347,2.0797,2.1896,521800.1521
1732291200000,2.1896,2.1906,2.083,2.1074,97197.7067
1732305600000,2.1074,2.2091,2.0968,2.2091,82495.1336
1732320000000,2.2091,2.298,2.1628,2.2245,155014.0748
1732334400000,2.2245,2.2262,2.1731,2.2115,97757.8882
1732348800000,2.2115,2.2742,2.1808,2.1966,114509.2649
1732363200000,2.1966,2.335,2.185,2.286,236982.722
1732377600000,2.286,2.3101,2.1539,2.2185,202873.8298
1732392000000,2.2185,2.2491,2.1628,2.2045,68049.3341
1732406400000,2.2045,2.308,2.1981,2.2954,93284.5982
1732420800000,2.2954,2.342,2.2527,2.3238,91467.0744
1732435200000,2.3238,2.3391,2.133,2.1335,120668.6576
1732449600000,2.1335,2.155,2.033,2.0645,172720.0432
1732464000000,2.0645,2.186,2.053,2.1576,95471.8546
1732478400000,2.1576,2.2191,2.1512,2.2008,44489.8995
1732492800000,2.2008,2.2062,2.106,2.1857,97586.3791
1732507200000,2.1857,2.2232,2.1519,2.1925,67086.1992
1732521600000,2.1925,2.378,2.1914,2.2722,172881.5699
1732536000000,2.2722,2.4088,2.1578,2.403,289434.6354
1732550400000,2.403,2.4309,2.275,2.3577,245202.75
1732564800000,2.3577,2.4001,2.2769,2.299,103102.0777
1732579200000,2.299,2.3594,2.2449,2.262,102838.7765
1732593600000,2.262,2.3403,2.239,2.2547,84910.1369
1732608000000,2.2547,2.2576,2.103,2.1446,163466.1864
1732622400000,2.1446,2.2341,2.1269,2.1579,144072.6869
1732636800000,2.1579,2.2273,2.121,2.1753,87515.3619
1732651200000,2.1753,2.2341,2.1579,2.2035,49985.9484
1732665600000,2.2035,2.2438,2.1547,2.2235,52204.3192
1732680000000,2.2235,2.3321,2.2205,2.2815,99896.9326
1732694400000,2.2815,2.3223,2.238,2.3124,74176.8744
1732708800000,2.3124,2.3622,2.2672,2.3036,149801.0411
1732723200000,2.3036,2.3549,2.2833,2.3337,89607.8136
1732737600000,2.3337,2.508,2.3311,2.5065,129998.1309
1732752000000,2.5065,2.6189,2.3639,2.3874,218322.7987
1732766400000,2.3874,2.4556,2.379,2.4042,63625.5097
1732780800000,2.4042,2.436,2.322,2.3535,118111.7473
1732795200000,2.3535,2.372,2.289,2.2914,66231.2056
1732809600000,2.2914,2.3359,2.2889,2.3344,44273.4162
1732824000000,2.3344,2.379,2.3097,2.3604,44929.1208
1732838400000,2.3604,2.3716,2.327,2.3386,50297.3784
1732852800000,2.3386,2.3456,2.302,2.3185,30973.9159
1732867200000,2.3185,2.3721,2.3177,2.3706,48078.4551
1732881600000,2.3706,2.4117,2.3418,2.3708,70937.3734
1732896000000,2.3708,2.3921,2.349,2.3796,45877.6394
1732910400000,2.3796,2.4012,2.3679,2.3826,29118.7294
1732924800000,2.3826,2.437,2.347,2.4272,84695.0873
1732939200000,2.4272,2.4806,2.3979,2.4526,83348.9877
1732953600000,2.4526,2.4732,2.377,2.4026,55823.387
1732968000000,2.4026,2.442,2.395,2.4266,48116.0415
1732982400000,2.4266,2.4721,2.4148,2.4645,47643.0079
1732996800000,2.4645,2.4977,2.4451,2.4486,48392.691
1733011200000,2.4486,2.491,2.3799,2.4188,84864.0538
1733025600000,2.4188,2.444,2.376,2.423,60191.8382
1733040000000,2.423,2.4531,2.4029,2.4516,54333.3867
1733054400000,2.4516,2.546,2.441,2.5155,88585.0007
1733068800000,2.5155,2.521,2.4438,2.4595,44386.7335
1733083200000,2.4595,2.4903,2.418,2.4665,44785.9069
1733097600000,2.4665,2.52,2.4161,2.4238,90497.3071
1733112000000,2.4238,2.4592,2.364,2.4094,91824.0713
1733126400000,2.4094,2.419,2.2829,2.3144,133095.9789
1733140800000,2.3144,2.4757,2.306,2.4695,112817.7713
1733155200000,2.4695,2.4781,2.3571,2.4156,82710.5689
1733169600000,2.4156,2.5742,2.4106,2.5595,107579.5435
1733184000000,2.5595,2.597,2.4949,2.5819,90858.7797
1733198400000,2.5819,2.597,2.5131,2.5446,84159.1603
1733212800000,2.5446,2.57,2.4667,2.5175,85823.9291
1733227200000,2.5175,2.5262,2.324,2.4495,194528.072
1733241600000,2.4495,2.4831,2.4,2.4683,65672.1567
1733256000000,2.4683,2.5693,2.4667,2.551,66752.5337
1733270400000,2.551,2.653,2.5299,2.561,139380.87
1733284800000,2.561,2.6141,2.5438,2.6034,67785.5861
1733299200000,2.6034,2.6377,2.5678,2.6075,76208.7826
1733313600000,2.6075,2.7384,2.556,2.6914,256899.6142
1733328000000,2.6914,2.7282,2.5849,2.641,180107.4094
1733342400000,2.641,2.671,2.504,2.5475,164240.5079
1733356800000,2.5475,2.5728,2.4266,2.5124,167389.9476
1733371200000,2.5124,2.579,2.5008,2.5555,74236.3569
1733385600000,2.5555,2.6043,2.547,2.5866,91480.9076
1733400000000,2.5866,2.596,2.529,2.5674,94045.059
1733414400000,2.5674,2.628,2.5117,2.5164,88281.0888
1733428800000,2.5164,2.5513,2.4131,2.4975,110158.0319
1733443200000,2.4975,2.6189,2.4651,2.6089,150022.9781
1733457600000,2.6089,2.681,2.594,2.635,98004.0025
1733472000000,2.635,2.642,2.5266,2.5657,104868.9556
1733486400000,2.5657,2.718,2.499,2.6661,208298.9272
1733500800000,2.6661,2.73,2.643,2.6995,128103.4319
1733515200000,2.6995,2.7076,2.6468,2.6645,95200.9068
1733529600000,2.6645,2.7691,2.655,2.7584,97395.2768
1733544000000,2.7584,2.772,2.702,2.7193,60203.0133
1733558400000,2.7193,2.7264,2.6656,2.7095,41728.0397
1733572800000,2.7095,2.7211,2.6871,2.7154,30680.4037
1733587200000,2.7154,2.7167,2.65,2.6765,31411.5604
1733601600000,2.6765,2.6897,2.6529,2.6756,19167.699
1733616000000,2.6756,2.7074,2.661,2.6685,24405.8581
1733630400000,2.6685,2.6801,2.6139,2.6674,39115.4874
1733644800000,2.6674,2.6696,2.593,2.6604,52157.7608
1733659200000,2.6604,2.6911,2.6348,2.6745,54451.8362
1733673600000,2.6745,2.6813,2.621,2.6434,21134.9327
1733688000000,2.6434,2.6801,2.628,2.6694,16484.1295
1733702400000,2.6694,2.6706,2.5419,2.5684,53380.8509
1733716800000,2.5684,2.602,2.5082,2.5466,74238.4343
1733731200000,2.5466,2.5491,2.436,2.4451,88188.8476
1733745600000,2.4451,2.5491,2.4151,2.4513,110813.1382
1733760000000,2.4513,2.4868,2.441,2.4504,45333.2322
1733774400000,2.4504,2.456,2.003,2.2391,460271.4311
1733788800000,2.2391,2.294,2.1109,2.2114,229496.8724
1733803200000,2.2114,2.278,2.1649,2.2595,73317.5033
1733817600000,2.2595,2.31,2.2256,2.2686,60977.6871
1733832000000,2.2686,2.2748,2.1079,2.1085,137416.7847
1733846400000,2.1085,2.161,2.035,2.1576,143826.4843
1733860800000,2.1576,2.226,2.1436,2.2036,35217.6065
1733875200000,2.2036,2.214,2.1178,2.1985,67078.9671
1733889600000,2.1985,2.2207,2.1768,2.1795,40660.6153
1733904000000,2.1795,2.2621,2.1794,2.2495,39448.0553
1733918400000,2.2495,2.3561,2.2428,2.3245,117408.1669
1733932800000,2.3245,2.3521,2.3012,2.3272,49738.3421
1733947200000,2.3272,2.355,2.3209,2.3344,24660.4818
1733961600000,2.3344,2.486,2.3157,2.4675,72246.6901
1733976000000,2.4675,2.5191,2.4484,2.4614,70347.7142
1733990400000,2.4614,2.487,2.4188,2.4314,54098.109
1734004800000,2.4314,2.6793,2.4314,2.6167,327546.5438
1734019200000,2.6167,2.6351,2.503,2.5262,86616.2906
1734033600000,2.5262,2.5711,2.4849,2.549,70829.6038
1734048000000,2.549,2.6012,2.4748,2.5905,92617.8119
1734062400000,2.5905,2.6192,2.4971,2.5245,87818.9345
1734076800000,2.5245,2.69,2.5196,2.6236,200355.4459
1734091200000,2.6236,2.6381,2.551,2.5542,78778.0963
1734105600000,2.5542,2.5778,2.5228,2.5426,59983.9082
1734120000000,2.5426,2.589,2.5426,2.5654,35934.5466
1734134400000,2.5654,2.62,2.563,2.5755,32763.214
1734148800000,2.5755,2.6041,2.5688,2.593,26239.2734
1734163200000,2.593,2.6571,2.593,2.6,72419.8262
1734177600000,2.6,2.6056,2.4849,2.5205,134994.0313
1734192000000,2.5205,2.5261,2.3828,2.415,78438.0692
1734206400000,2.415,2.4523,2.376,2.4384,29349.6664
1734220800000,2.4384,2.4952,2.4205,2.4329,44112.1062
1734235200000,2.4329,2.465,2.407,2.4176,37195.3536
1734249600000,2.4176,2.4579,2.4156,2.4473,28362.0498
1734264000000,2.4473,2.543,2.432,2.5067,67845.7726
1734278400000,2.5067,2.545,2.4978,2.5158,34767.4908
1734292800000,2.5158,2.5509,2.4527,2.5376,61456.3065
1734307200000,2.5376,2.6341,2.5172,2.5255,85921.0092
1734321600000,2.5255,2.5769,2.5174,2.5636,40848.6753
1734336000000,2.5636,2.5651,2.466,2.4695,63438.9137
1734350400000,2.4695,2.5351,2.4681,2.506,71814.3802
1734364800000,2.506,2.6011,2.4995,2.5644,87256.8455
1734379200000,2.5644,2.5909,2.4965,2.4967,51665.2698
1734393600000,2.4967,2.513,2.4348,2.5055,59780.0907
1734408000000,2.5055,2.5269,2.4238,2.436,52323.4141
1734422400000,2.436,2.488,2.4255,2.4554,35240.8058
1734436800000,2.4554,2.473,2.354,2.3635,78124.398
1734451200000,2.3635,2.4114,2.347,2.3812,33459.5243
1734465600000,2.3812,2.3921,2.3071,2.3384,34177.965
1734480000000,2.3384,2.3621,2.3178,2.3314,47834.0934
1734494400000,2.3314,2.355,2.292,2.3275,54714.2993
1734508800000,2.3275,2.374,2.3264,2.374,34904.1886
1734523200000,2.374,2.374,2.295,2.3384,52600.7249
1734537600000,2.3384,2.3919,2.269,2.269,79227.2642
1734552000000,2.269,2.2851,2.1467,2.1572,232273.5011
1734566400000,2.1572,2.1868,2.035,2.1704,141530.5498
1734580800000,2.1704,2.177,2.138,2.1553,39167.3909
1734595200000,2.1553,2.172,2.1216,2.1565,43974.0061
1734609600000,2.1565,2.1593,2.0466,2.0913,103953.7046
1734624000000,2.0913,2.1025,1.852,1.8951,280124.3726
1734638400000,1.8951,1.961,1.833,1.9064,127946.3106
1734652800000,1.9064,1.9911,1.8749,1.9546,68591.3666
1734667200000,1.9546,1.9675,1.8579,1.9054,83538.3261
1734681600000,1.9054,1.9095,1.612,1.62,401151.334
1734696000000,1.62,1.8041,1.6149,1.7825,246283.4373
1734710400000,1.7825,1.895,1.7759,1.8736,103529.6773
1734724800000,1.8736,1.9078,1.8311,1.8886,63456.8037
1734739200000,1.8886,1.92,1.8722,1.9025,42646.6404
1734753600000,1.9025,2.0123,1.8988,1.9798,124001.0378
1734768000000,1.9798,1.987,1.8812,1.8965,62712.0852
1734782400000,1.8965,1.8995,1.7637,1.8068,127793.0297
1734796800000,1.8068,1.8132,1.732,1.7562,89920.8996
1734811200000,1.7562,1.7742,1.7219,1.7466,41377.0266
1734825600000,1.7466,1.778,1.7289,1.7666,40551.4578
1734840000000,1.7666,1.7691,1.711,1.7424,43131.3895
1734854400000,1.7424,1.8231,1.7419,1.7925,58872.814
1734868800000,1.7925,1.821,1.7428,1.7695,82347.0288
1734883200000,1.7695,1.7998,1.7245,1.7305,47430.5366
1734897600000,1.7305,1.7843,1.7069,1.7605,53805.9208
1734912000000,1.7605,1.8251,1.704,1.8175,93769.8353
1734926400000,1.8175,1.8262,1.7478,1.7826,54786.1839
1734940800000,1.7826,1.8221,1.7757,1.792,45283.5532
1734955200000,1.792,1.8231,1.7637,1.7676,81927.1911
1734969600000,1.7676,1.842,1.7632,1.8156,126303.4774
1734984000000,1.8156,1.9591,1.8134,1.9271,113433.4729
1734998400000,1.9271,1.9309,1.8648,1.9036,54933.9647
1735012800000,1.9036,1.9351,1.882,1.8935,43577.9431
1735027200000,1.8935,1.9122,1.8809,1.9091,26972.9271
1735041600000,1.9091,1.9774,1.882,1.9634,92387.6663
1735056000000,1.9634,1.983,1.9336,1.9344,38245.7372
1735070400000,1.9344,1.959,1.9009,1.9514,31165.7442
1735084800000,1.9514,1.964,1.9287,1.9396,27619.1554
1735099200000,1.9396,1.959,1.9227,1.9255,24692.9465
1735113600000,1.9255,1.9794,1.9009,1.9045,45637.5607
1735128000000,1.9045,1.937,1.895,1.9044,36262.2325
1735142400000,1.9044,1.9227,1.882,1.9195,21897.089
1735156800000,1.9195,1.9271,1.8848,1.92,20273.4738
1735171200000,1.92,1.935,1.87,1.8745,28896.059
1735185600000,1.8745,1.8745,1.843,1.8465,38856.2964
1735200000000,1.8465,1.8515,1.7949,1.8091,44985.5997
1735214400000,1.8091,1.8142,1.7778,1.7834,38904.3404
1735228800000,1.7834,1.8057,1.763,1.7865,31939.9127
1735243200000,1.7865,1.7921,1.7558,1.7796,46948.3389
1735257600000,1.7796,1.83,1.769,1.8016,32548.0636
1735272000000,1.8016,1.824,1.7728,1.7906,48574.4811
1735286400000,1.7906,1.8923,1.7906,1.8886,68651.0234
1735300800000,1.8886,1.9071,1.8175,1.8385,73646.7661
1735315200000,1.8385,1.902,1.8158,1.8735,44896.023
1735329600000,1.8735,1.887,1.8383,1.857,34148.1948
1735344000000,1.857,1.8612,1.8175,1.8506,26534.9648
1735358400000,1.8506,1.8771,1.83,1.8315,25558.7946
1735372800000,1.8315,1.8712,1.828,1.8677,20675.4477
1735387200000,1.8677,1.9002,1.8507,1.8694,48484.0336
1735401600000,1.8694,1.8973,1.8608,1.875,31753.347
1735416000000,1.875,1.91,1.8714,1.8955,14437.1467
1735430400000,1.8955,1.9003,1.8679,1.874,14527.1522
1735444800000,1.874,1.8881,1.8557,1.8877,12787.8961
1735459200000,1.8877,1.89,1.8583,1.8725,12246.1106
1735473600000,1.8725,1.8813,1.8359,1.8415,30979.3388
1735488000000,1.8415,1.844,1.8148,1.8225,14126.6258
1735502400000,1.8225,1.8225,1.7916,1.8086,18158.8546
1735516800000,1.8086,1.8881,1.8018,1.8744,55001.597
1735531200000,1.8744,1.9182,1.862,1.9105,52319.0503
1735545600000,1.9105,1.926,1.8578,1.8784,40716.4067
1735560000000,1.8784,1.9071,1.7682,1.7727,86042.4853
1735574400000,1.7727,1.8671,1.7637,1.8605,64987.179
1735588800000,1.8605,1.88,1.809,1.8246,44174.8939
1735603200000,1.8246,1.8246,1.781,1.79,32379.906
1735617600000,1.79,1.8081,1.7718,1.7835,33108.801
1735632000000,1.7835,1.833,1.7824,1.8095,31898.1045
1735646400000,1.8095,1.8809,1.8095,1.8446,58677.137
1735660800000,1.8446,1.8503,1.7708,1.7876,70927.109
1735675200000,1.7876,1.795,1.7377,1.7534,29888.7569
1735689600000,1.7534,1.7906,1.7508,1.7674,45098.5323
1735704000000,1.7674,1.7695,1.7542,1.7634,13377.5781
1735718400000,1.7634,1.7722,1.7338,1.7665,25073.477
1735732800000,1.7665,1.7991,1.7655,1.7966,27713.0213
1735747200000,1.7966,1.8351,1.7716,1.8285,32830.3255
1735761600000,1.8285,1.841,1.8148,1.8185,33599.2094
1735776000000,1.8185,1.8531,1.814,1.832,46846.4723
1735790400000,1.832,1.8543,1.8268,1.8406,26994.7689
1735804800000,1.8406,1.8791,1.8358,1.8685,34801.4731
1735819200000,1.8685,1.894,1.8536,1.8605,53835.5157
1735833600000,1.8605,1.8938,1.8517,1.8685,34202.8057
1735848000000,1.8685,1.8834,1.8538,1.8796,13333.2679
1735862400000,1.8796,1.8934,1.8639,1.8785,23996.667
1735876800000,1.8785,1.8786,1.8369,1.8385,34380.647
1735891200000,1.8385,1.902,1.8385,1.902,40221.8741
1735905600000,1.902,2.0062,1.9,2.002,111066.3781
1735920000000,2.002,2.019,1.988,2.0125,49418.3835
1735934400000,2.0125,2.025,1.994,2.0166,23741.859
1735948800000,2.0166,2.0282,1.9849,2.0145,33224.009
1735963200000,2.0145,2.0531,1.9949,2.0494,37888.8941
1735977600000,2.0494,2.0622,2.0191,2.0595,38283.5623
1735992000000,2.0595,2.1192,2.0438,2.0546,99253.8267
1736006400000,2.0546,2.0785,2.0419,2.0625,35177.9167
1736020800000,2.0625,2.0881,2.059,2.0615,31496.0351
1736035200000,2.0615,2.073,2.039,2.066,25777.0721
1736049600000,2.066,2.0972,2.0634,2.0906,33010.6787
1736064000000,2.0906,2.1001,2.0509,2.0762,41984.6767
1736078400000,2.0762,2.0872,2.0279,2.0686,36832.4075
1736092800000,2.0686,2.0872,2.0539,2.086,22343.5073
1736107200000,2.086,2.117,2.0748,2.0935,30629.6609
1736121600000,2.0935,2.131,2.0708,2.1096,43511.1791
1736136000000,2.1096,2.1287,2.077,2.0919,34261.8097
1736150400000,2.0919,2.1042,2.0784,2.1001,27259.4683
1736164800000,2.1001,2.1373,2.0619,2.1372,56174.766
1736179200000,2.1372,2.1853,2.102,2.1276,73380.7708
1736193600000,2.1276,2.1316,2.0906,2.1101,14503.6542
1736208000000,2.1101,2.1261,2.0857,2.0926,28067.7608
1736222400000,2.0926,2.1011,2.081,2.0864,16626.34
1736236800000,2.0864,2.1042,2.062,2.0784,15831.0723
1736251200000,2.0784,2.0941,1.943,1.9787,143117.7904
1736265600000,1.9787,1.9923,1.9039,1.9096,48849.4064
1736280000000,1.9096,1.9194,1.882,1.8914,27386.4936
1736294400000,1.8914,1.924,1.8505,1.8634,46233.8253
1736308800000,1.8634,1.8671,1.784,1.8205,61391.7624
1736323200000,1.8205,1.846,1.8007,1.8116,37385.5702
1736337600000,1.8116,1.8479,1.8026,1.8246,44660.2956
1736352000000,1.8246,1.8257,1.7078,1.7765,94555.694
1736366400000,1.7765,1.812,1.7655,1.8044,22475.4269
1736380800000,1.8044,1.84,1.7976,1.8015,52163.7797
1736395200000,1.8015,1.812,1.7546,1.7595,29923.2575
1736409600000,1.7595,1.7989,1.7543,1.7745,27837.5569
1736424000000,1.7745,1.812,1.7139,1.7957,58907.2954
1736438400000,1.7957,1.805,1.73,1.7312,48417.6712
1736452800000,1.7312,1.765,1.7078,1.7506,42921.2819
1736467200000,1.7506,1.778,1.7416,1.7755,32600.2906
1736481600000,1.7755,1.8277,1.7649,1.8105,43137.2739
1736496000000,1.8105,1.8201,1.792,1.8021,22562.8271
1736510400000,1.8021,1.8081,1.728,1.7614,73971.053
1736524800000,1.7614,1.8101,1.7469,1.8004,26842.9981
1736539200000,1.8004,1.8007,1.7778,1.7905,9528.2946
1736553600000,1.7905,1.7997,1.773,1.7767,14394.5082
1736568000000,1.7767,1.7912,1.7669,1.7756,11871.4938
1736582400000,1.7756,1.8,1.762,1.7956,12526.1931
1736596800000,1.7956,1.799,1.776,1.7796,10667.0909
1736611200000,1.7796,1.7863,1.7689,1.7815,8523.3173
1736625600000,1.7815,1.824,1.7774,1.7935,16007.8915
1736640000000,1.7935,1.806,1.7869,1.8005,10019.4268
1736654400000,1.8005,1.8101,1.7844,1.7945,11407.3335
1736668800000,1.7945,1.799,1.7669,1.787,11270.5135
1736683200000,1.787,1.814,1.7782,1.8107,12611.4449
1736697600000,1.8107,1.815,1.7938,1.7994,10975.9326
1736712000000,1.7994,1.8081,1.7595,1.7834,11468.5955
1736726400000,1.7834,1.827,1.7278,1.7364,38195.8031
1736740800000,1.7364,1.7631,1.685,1.7106,37284.1212
1736755200000,1.7106,1.7137,1.6021,1.6026,70550.7368
1736769600000,1.6026,1.6822,1.581,1.6635,107867.8499
1736784000000,1.6635,1.674,1.6099,1.6436,39343.7033
1736798400000,1.6436,1.741,1.635,1.7276,35931.1601
1736812800000,1.7276,1.7432,1.7158,1.7315,21830.3564
1736827200000,1.7315,1.7614,1.7315,1.7395,15563.0524
1736841600000,1.7395,1.797,1.7394,1.7546,33282.1736
1736856000000,1.7546,1.778,1.7369,1.7594,32420.2998
1736870400000,1.7594,1.7813,1.7437,1.7726,17802.3684
1736884800000,1.7726,1.8,1.759,1.7874,13020.9189
1736899200000,1.7874,1.7984,1.769,1.7891,20364.1259
1736913600000,1.7891,1.8116,1.777,1.8006,12259.7373
1736928000000,1.8006,1.806,1.7408,1.7535,29496.9836
1736942400000,1.7535,1.8604,1.7428,1.8444,101466.7428
1736956800000,1.8444,1.8892,1.8257,1.8836,38048.3483
1736971200000,1.8836,1.902,1.8749,1.9004,22939.3002
1736985600000,1.9004,1.908,1.852,1.8625,26338.7729
1737000000000,1.8625,1.8842,1.862,1.8785,10562.3487
1737014400000,1.8785,1.8826,1.8354,1.8756,27809.9409
1737028800000,1.8756,1.9162,1.828,1.8892,98065.4781
1737043200000,1.8892,1.9133,1.862,1.8755,58650.3961
1737057600000,1.8755,1.8823,1.8228,1.8374,21594.0429
1737072000000,1.8374,1.9016,1.8374,1.8765,45004.4049
1737086400000,1.8765,1.9104,1.8703,1.9025,17957.0673
1737100800000,1.9025,1.9473,1.898,1.9299,39367.402
1737115200000,1.9299,1.941,1.9068,1.9217,46497.1782
1737129600000,1.9217,1.9382,1.904,1.9275,33494.4775
1737144000000,1.9275,1.992,1.9254,1.9628,41441.179
1737158400000,1.9628,1.9982,1.9108,1.9155,36724.6938
1737172800000,1.9155,1.9252,1.828,1.8324,110418.0764
1737187200000,1.8324,1.854,1.798,1.8485,107370.7077
1737201600000,1.8485,1.856,1.8098,1.8225,40898.186
1737216000000,1.8225,1.834,1.783,1.8075,54128.6151
1737230400000,1.8075,1.834,1.7781,1.826,33780.5894
1737244800000,1.826,1.8971,1.8198,1.8704,59407.7667
1737259200000,1.8704,1.8831,1.8247,1.8345,81658.4059
1737273600000,1.8345,1.839,1.698,1.7104,159599.172
1737288000000,1.7104,1.903,1.7064,1.8714,231307.6379
1737302400000,1.8714,1.9161,1.8639,1.8917,78608.8039
1737316800000,1.8917,1.906,1.677,1.7065,319188.2875
1737331200000,1.7065,1.7099,1.625,1.6974,266456.3488
1737345600000,1.6974,1.8548,1.678,1.8076,242909.9718
1737360000000,1.8076,1.831,1.768,1.8016,87752.6462
1737374400000,1.8016,1.8027,1.7239,1.7657,146917.4776
1737388800000,1.7657,1.7804,1.6532,1.7354,307901.7439
1737403200000,1.7354,1.7452,1.685,1.7044,54203.1723
1737417600000,1.7044,1.71,1.6438,1.6576,86741.0129
1737432000000,1.6576,1.6714,1.6223,1.6574,52536.0368
1737446400000,1.6574,1.7453,1.645,1.7335,76872.1708
1737460800000,1.7335,1.7564,1.7029,1.7235,66965.5679
1737475200000,1.7235,1.7891,1.7174,1.7574,54440.4277
1737489600000,1.7574,1.7722,1.739,1.7485,28195.2479
1737504000000,1.7485,1.7711,1.7406,1.7565,30376.6727
1737518400000,1.7565,1.7631,1.734,1.7345,20377.7611
1737532800000,1.7345,1.7681,1.716,1.7624,25147.911
1737547200000,1.7624,1.7697,1.7129,1.7265,41457.8033
1737561600000,1.7265,1.751,1.7145,1.7245,29339.9236
1737576000000,1.7245,1.742,1.7038,1.7146,28474.9438
1737590400000,1.7146,1.7211,1.6796,1.6936,101763.1024
1737604800000,1.6936,1.7113,1.668,1.7113,26106.898
1737619200000,1.7113,1.7123,1.6729,1.6865,24079.4881
1737633600000,1.6865,1.7267,1.659,1.7091,72576.7536
1737648000000,1.7091,1.7389,1.657,1.6624,39931.3826
1737662400000,1.6624,1.737,1.6559,1.7239,84349.3467
1737676800000,1.7239,1.7332,1.6828,1.7035,43234.4872
1737691200000,1.7035,1.7962,1.6945,1.7665,65901.52
1737705600000,1.7665,1.7872,1.76,1.7807,42139.3551
1737720000000,1.7807,1.814,1.7699,1.8024,57307.6728
1737734400000,1.8024,1.8077,1.767,1.7714,25430.5131
1737748800000,1.7714,1.7774,1.711,1.7195,28904.7167
1737763200000,1.7195,1.7195,1.6749,1.7125,33117.0464
1737777600000,1.7125,1.7125,1.6648,1.6666,27061.7566
1737792000000,1.6666,1.678,1.64,1.6729,35185.814
1737806400000,1.6729,1.6901,1.658,1.6824,25790.8731
1737820800000,1.6824,1.688,1.6508,1.6547,21626.9484
1737835200000,1.6547,1.665,1.6318,1.6336,16525.1877
1737849600000,1.6336,1.6612,1.6288,1.6566,21804.1429
1737864000000,1.6566,1.676,1.6418,1.6502,29075.6132
1737878400000,1.6502,1.6571,1.6197,1.6324,24580.6292
1737892800000,1.6324,1.634,1.621,1.6225,20053.6386
1737907200000,1.6225,1.6481,1.614,1.6455,23902.7322
1737921600000,1.6455,1.6481,1.5609,1.5617,51580.672
1737936000000,1.5617,1.5619,1.433,1.4475,190192.6303
1737950400000,1.4475,1.4483,1.3168,1.3746,212264.6745
1737964800000,1.3746,1.3972,1.3472,1.3535,161120.2519
1737979200000,1.3535,1.444,1.3534,1.4216,126177.9795
1737993600000,1.4216,1.429,1.3883,1.4265,53450.3077
1738008000000,1.4265,1.5052,1.4264,1.4577,53069.0813
1738022400000,1.4577,1.473,1.4359,1.4584,24575.5304
1738036800000,1.4584,1.476,1.4518,1.453,24546.1949
1738051200000,1.453,1.4576,1.439,1.4445,24367.7472
1738065600000,1.4445,1.461,1.426,1.4404,38422.4177
1738080000000,1.4404,1.4413,1.395,1.4072,31349.323
1738094400000,1.4072,1.4153,1.3579,1.3705,34598.037
1738108800000,1.3705,1.4171,1.3675,1.4155,35289.8121
1738123200000,1.4155,1.4991,1.4104,1.4846,63356.9948
1738137600000,1.4846,1.4912,1.4476,1.4622,37844.1018
1738152000000,1.4622,1.466,1.4146,1.4274,41190.7506
1738166400000,1.4274,1.4754,1.402,1.4548,87126.2071
1738180800000,1.4548,1.5069,1.4333,1.434,89949.5314
1738195200000,1.434,1.483,1.42,1.482,34364.4605
1738209600000,1.482,1.4961,1.4717,1.4815,29586.7203
1738224000000,1.4815,1.5011,1.4699,1.4885,29417.075
1738238400000,1.4885,1.504,1.4748,1.4867,52004.4963
1738252800000,1.4867,1.5031,1.4699,1.485,34096.1211
1738267200000,1.485,1.487,1.4529,1.4534,22339.8838
1738281600000,1.4534,1.461,1.391,1.3985,52949.7272
1738296000000,1.3985,1.4452,1.3793,1.4165,59979.4276
1738310400000,1.4165,1.453,1.398,1.4504,70018.1263
1738324800000,1.4504,1.5,1.4305,1.4966,132075.7278
1738339200000,1.4966,1.502,1.426,1.4405,97285.338
1738353600000,1.4405,1.4442,1.412,1.4271,58789.9524
1738368000000,1.4271,1.459,1.4179,1.4336,35728.1288
1738382400000,1.4336,1.4473,1.4179,1.4196,26596.7046
1738396800000,1.4196,1.425,1.383,1.4135,47178.8463
1738411200000,1.4135,1.4271,1.3869,1.4053,38166.722
1738425600000,1.4053,1.416,1.368,1.3765,51288.8091
1738440000000,1.3765,1.3787,1.3256,1.3359,69337.8358
1738454400000,1.3359,1.369,1.2855,1.2968,83890.2875
1738468800000,1.2968,1.34,1.291,1.3125,48205.557
1738483200000,1.3125,1.3402,1.2679,1.2745,80239.7507
1738497600000,1.2745,1.3061,1.262,1.2845,79656.7604
1738512000000,1.2845,1.285,1.1145,1.1603,340176.5896
1738526400000,1.1603,1.1911,1.053,1.1171,252176.2533
1738540800000,1.1171,1.1171,0.7893,0.9145,985478.9263
1738555200000,0.9145,1.1226,0.9134,1.1193,612380.5006
1738569600000,1.1193,1.1268,1.0639,1.1054,238915.1787
1738584000000,1.1054,1.184,1.051,1.1638,501473.7925
1738598400000,1.1638,1.2091,1.138,1.2046,158062.4151
1738612800000,1.2046,1.2111,1.1669,1.1865,114652.642
1738627200000,1.1865,1.1923,1.1258,1.143,75091.9117
1738641600000,1.143,1.1591,1.0496,1.0533,178574.2617
1738656000000,1.0533,1.0893,1.0448,1.0744,132997.4518
1738670400000,1.0744,1.1297,1.0744,1.1025,179116.0657
1738684800000,1.1025,1.167,1.096,1.1165,132647.0941
1738699200000,1.1165,1.1278,1.0759,1.1114,163093.5156
1738713600000,1.1114,1.1261,1.096,1.1114,79987.5771
1738728000000,1.1114,1.13,1.095,1.1154,57168.2359
1738742400000,1.1154,1.1426,1.1036,1.1357,48221.6075
1738756800000,1.1357,1.145,1.108,1.119,72838.9792
1738771200000,1.119,1.1226,1.0717,1.1053,83182.0806
1738785600000,1.1053,1.1092,1.077,1.0893,44328.1163
1738800000000,1.0893,1.1159,1.082,1.1019,41062.9947
1738814400000,1.1019,1.1312,1.1009,1.1152,27384.2313
1738828800000,1.1152,1.124,1.0933,1.1028,37626.6823
1738843200000,1.1028,1.1035,1.037,1.043,97005.082
1738857600000,1.043,1.0686,1.036,1.0447,81447.9666
1738872000000,1.0447,1.0636,1.0238,1.0385,46844.8756
1738886400000,1.0385,1.0778,1.0374,1.0655,42071.2972
1738900800000,1.0655,1.0721,1.0339,1.052,31844.0799
1738915200000,1.052,1.0821,1.047,1.0821,35848.8477
1738929600000,1.0821,1.1164,1.0678,1.0765,118198.9886
1738944000000,1.0765,1.0771,1.0386,1.0495,64913.8591
1738958400000,1.0495,1.0503,0.9838,1.0185,70943.8186
1738972800000,1.0185,1.032,1.0079,1.0094,29751.5851
1738987200000,1.0094,1.03,1.0,1.022,34324.5709
1739001600000,1.022,1.0241,1.01,1.0175,20944.2461
1739016000000,1.0175,1.0362,1.01,1.0215,125004.071
1739030400000,1.0215,1.055,1.0149,1.0517,36133.7682
1739044800000,1.0517,1.0713,1.048,1.0619,22685.6211
1739059200000,1.0619,1.0881,1.0565,1.0845,36197.465
1739073600000,1.0845,1.0845,1.0649,1.0756,21744.4195
1739088000000,1.0756,1.0868,1.073,1.0765,22266.7755
1739102400000,1.0765,1.0821,1.0498,1.0785,41864.6837
1739116800000,1.0785,1.0893,1.061,1.0636,26282.4224
1739131200000,1.0636,1.0841,1.0169,1.0787,68123.0188
1739145600000,1.0787,1.099,1.038,1.0734,87686.8728
1739160000000,1.0734,1.108,1.0675,1.0837,53854.2102
1739174400000,1.0837,1.103,1.0817,1.0959,30585.232
1739188800000,1.0959,1.1152,1.08,1.0954,81341.2828
1739203200000,1.0954,1.113,1.0934,1.1053,38948.9207
1739217600000,1.1053,1.1131,1.0898,1.097,20160.4573
1739232000000,1.097,1.1261,1.0943,1.1061,39342.418
1739246400000,1.1061,1.1425,1.1026,1.1274,47013.0301
1739260800000,1.1274,1.1334,1.108,1.1195,30607.228
1739275200000,1.1195,1.1201,1.069,1.0906,57871.4026
1739289600000,1.0906,1.098,1.0517,1.0558,41651.7827
1739304000000,1.0558,1.082,1.0536,1.0713,25421.7021
1739318400000,1.0713,1.0841,1.055,1.0654,30906.8969
1739332800000,1.0654,1.073,1.0569,1.0655,31757.6876
1739347200000,1.0655,1.0771,1.0577,1.0695,31546.4598
1739361600000,1.0695,1.0911,1.0258,1.0575,133958.5926
1739376000000,1.0575,1.1063,1.0459,1.1009,65807.4732
1739390400000,1.1009,1.152,1.0938,1.1224,55408.2476
1739404800000,1.1224,1.1612,1.1129,1.1594,46564.4367
1739419200000,1.1594,1.1619,1.1102,1.1175,53639.6338
1739433600000,1.1175,1.1226,1.097,1.1043,34222.8092
1739448000000,1.1043,1.113,1.0858,1.1005,62315.9657
1739462400000,1.1005,1.1319,1.089,1.114,41887.0683
1739476800000,1.114,1.1384,1.1129,1.1235,22378.0635
1739491200000,1.1235,1.1481,1.112,1.1446,48189.7275
1739505600000,1.1446,1.1456,1.128,1.1385,32115.3331
1739520000000,1.1385,1.1884,1.1385,1.1635,63469.6152
1739534400000,1.1635,1.1862,1.1477,1.1794,57080.5119
1739548800000,1.1794,1.1983,1.1647,1.1695,47893.043
1739563200000,1.1695,1.1734,1.14,1.1572,28720.9268
1739577600000,1.1572,1.1651,1.143,1.1574,22858.5104
1739592000000,1.1574,1.1647,1.1367,1.1438,33330.5806
1739606400000,1.1438,1.1544,1.1348,1.1406,17720.3315
1739620800000,1.1406,1.1486,1.1224,1.1345,36238.0651
1739635200000,1.1345,1.1404,1.1268,1.1268,21130.0638
1739649600000,1.1268,1.1312,1.1148,1.1296,15088.6735
1739664000000,1.1296,1.1352,1.1129,1.1225,18641.8761
1739678400000,1.1225,1.1357,1.1176,1.12,11799.9599
1739692800000,1.12,1.1461,1.1176,1.1446,16245.1015
1739707200000,1.1446,1.1486,1.116,1.1325,24347.5162
1739721600000,1.1325,1.1406,1.1039,1.1144,23227.7558
1739736000000,1.1144,1.121,1.0999,1.1164,20208.5831
1739750400000,1.1164,1.142,1.1154,1.1339,28047.2131
1739764800000,1.1339,1.1411,1.1039,1.13,38798.7054
1739779200000,1.13,1.1722,1.1235,1.1646,65440.9952
1739793600000,1.1646,1.205,1.1595,1.1676,94592.5014
1739808000000,1.1676,1.1872,1.149,1.1776,59791.8405
1739822400000,1.1776,1.2102,1.1729,1.2055,55998.7474
1739836800000,1.2055,1.216,1.1709,1.1815,52869.3861
1739851200000,1.1815,1.184,1.1056,1.1154,71465.508
1739865600000,1.1154,1.122,1.089,1.0935,51162.9855
1739880000000,1.0935,1.119,1.0579,1.0653,68449.6604
1739894400000,1.0653,1.0791,1.0439,1.0695,77550.349
1739908800000,1.0695,1.0911,1.0598,1.0872,33168.1155
1739923200000,1.0872,1.1065,1.0758,1.1053,27463.8804
1739937600000,1.1053,1.13,1.0808,1.1225,35444.6605
1739952000000,1.1225,1.1502,1.1194,1.1418,38880.4824
1739966400000,1.1418,1.1485,1.1169,1.1226,42478.8745
1739980800000,1.1226,1.1521,1.1221,1.1324,38161.7875
1739995200000,1.1324,1.1391,1.119,1.126,24908.3368
1740009600000,1.126,1.1519,1.1225,1.1485,36272.8766
1740024000000,1.1485,1.169,1.1368,1.1389,35572.2808
1740038400000,1.1389,1.1551,1.1367,1.1505,21057.7454
1740052800000,1.1505,1.182,1.137,1.1395,61318.3463
1740067200000,1.1395,1.1708,1.128,1.1595,51213.6503
1740081600000,1.1595,1.1681,1.1508,1.1635,24644.5599
1740096000000,1.1635,1.1801,1.1539,1.1585,31647.5589
1740110400000,1.1585,1.1735,1.1559,1.1635,19964.6519
1740124800000,1.1635,1.197,1.1579,1.1765,48520.3925
1740139200000,1.1765,1.205,1.1217,1.1512,109863.454
1740153600000,1.1512,1.1715,1.084,1.0915,82081.473
1740168000000,1.0915,1.1013,1.0758,1.0884,44566.1675
1740182400000,1.0884,1.1042,1.0717,1.0795,50015.3799
1740196800000,1.0795,1.099,1.0764,1.0878,31940.9205
1740211200000,1.0878,1.122,1.0838,1.1164,46639.0446
1740225600000,1.1164,1.13,1.1038,1.1274,33244.693
1740240000000,1.1274,1.153,1.1266,1.1465,41969.6457
1740254400000,1.1465,1.154,1.1388,1.1436,17683.9181
1740268800000,1.1436,1.1551,1.1399,1.1454,23347.4093
1740283200000,1.1454,1.1751,1.1388,1.1737,33003.6678
1740297600000,1.1737,1.1801,1.1539,1.1651,37738.2648
1740312000000,1.1651,1.1801,1.1549,1.1595,53704.3618
1740326400000,1.1595,1.1922,1.1594,1.1804,40354.3026
1740340800000,1.1804,1.189,1.167,1.1806,32156.5391
1740355200000,1.1806,1.198,1.1238,1.1238,75174.2573
1740369600000,1.1238,1.1312,1.1058,1.1135,53415.9637
1740384000000,1.1135,1.1191,1.087,1.1065,57812.5534
1740398400000,1.1065,1.1066,1.059,1.0695,85158.1697
1740412800000,1.0695,1.079,1.0409,1.0533,53228.6197
1740427200000,1.0533,1.0771,0.978,1.0035,139351.9761
1740441600000,1.0035,1.025,0.975,1.0119,97556.9141
1740456000000,1.0119,1.0173,0.9322,0.9644,234726.3819
1740470400000,0.9644,0.9972,0.948,0.9945,113325.5627
1740484800000,0.9945,1.035,0.9879,1.0265,127437.2394
1740499200000,1.0265,1.0724,1.0216,1.0724,83686.2164
1740513600000,1.0724,1.093,1.0652,1.0785,46369.4731
1740528000000,1.0785,1.0893,1.0657,1.0839,23551.7871
1740542400000,1.0839,1.098,1.074,1.0874,38726.3098
1740556800000,1.0874,1.0949,1.0709,1.0717,33896.2207
1740571200000,1.0717,1.1128,1.0522,1.1076,102871.0835
1740585600000,1.1076,1.135,1.0722,1.0966,175081.1967
1740600000000,1.0966,1.178,1.088,1.1565,126429.0952
1740614400000,1.1565,1.2072,1.1565,1.1927,95949.705
1740628800000,1.1927,1.2081,1.1698,1.1875,63941.0132
1740643200000,1.1875,1.1935,1.1606,1.1614,68144.4734
1740657600000,1.1614,1.1651,1.123,1.1286,64637.1201
1740672000000,1.1286,1.1335,1.0949,1.0986,42228.8246
1740686400000,1.0986,1.1081,1.0737,1.1075,48892.6665
1740700800000,1.1075,1.1142,1.0543,1.0563,135337.9455
1740715200000,1.0563,1.076,1.038,1.0554,75011.0409
1740729600000,1.0554,1.0749,1.0278,1.0295,74535.6689
1740744000000,1.0295,1.0929,1.0178,1.0885,91348.9913
1740758400000,1.0885,1.1,1.0758,1.0824,41683.3539
1740772800000,1.0824,1.0852,1.0687,1.0805,25219.0573
1740787200000,1.0805,1.0881,1.0579,1.0796,44408.6237
1740801600000,1.0796,1.1002,1.0539,1.0584,38932.9142
1740816000000,1.0584,1.0621,1.0255,1.0366,50957.737
1740830400000,1.0366,1.0683,1.0354,1.0415,47349.9203
1740844800000,1.0415,1.051,1.0354,1.0426,29345.9211
1740859200000,1.0426,1.0552,1.036,1.0425,15381.6744
1740873600000,1.0425,1.0511,1.0329,1.0454,22921.461
1740888000000,1.0454,1.0641,1.0428,1.0496,20737.4554
1740902400000,1.0496,1.0782,1.0435,1.0714,27474.7953
1740916800000,1.0714,1.0968,1.0387,1.0764,92426.4599
1740931200000,1.0764,1.1787,1.0709,1.1616,164648.5558
1740945600000,1.1616,1.1752,1.1539,1.1685,35705.3637
1740960000000,1.1685,1.172,1.1089,1.1266,56486.0957
1740974400000,1.1266,1.147,1.089,1.1158,57219.8939
1740988800000,1.1158,1.1176,1.0849,1.0916,46766.9388
1741003200000,1.0916,1.112,1.0639,1.0705,83122.4942
1741017600000,1.0705,1.0766,0.9878,0.9945,100749.8103
1741032000000,0.9945,1.006,0.962,0.9847,71748.6661
1741046400000,0.9847,0.9904,0.9056,0.9555,154768.534
1741060800000,0.9555,0.9812,0.9498,0.9603,41561.3712
1741075200000,0.9603,0.9726,0.9344,0.9386,41221.6138
1741089600000,0.9386,0.9749,0.9107,0.9326,150070.181
1741104000000,0.9326,0.971,0.876,0.9615,147009.5323
1741118400000,0.9615,0.984,0.9395,0.9419,55570.4298
1741132800000,0.9419,0.9505,0.9238,0.9238,45654.9479
1741147200000,0.9238,0.949,0.9238,0.9435,44904.6949
1741161600000,0.9435,0.9812,0.9425,0.9645,84667.4585
1741176000000,0.9645,0.9776,0.9518,0.9665,85580.8431
1741190400000,0.9665,0.9972,0.951,0.9945,45564.9166
1741204800000,0.9945,1.0068,0.9857,0.9875,35820.7892
1741219200000,0.9875,1.0232,0.9779,1.0176,57923.7533
1741233600000,1.0176,1.0441,1.0047,1.0056,69870.9985
1741248000000,1.0056,1.0241,1.0027,1.0093,42771.0322
1741262400000,1.0093,1.0116,0.9748,0.9966,93682.0283
1741276800000,0.9966,0.9993,0.9559,0.9667,44071.1494
1741291200000,0.9667,0.9782,0.9547,0.9549,31152.5298
1741305600000,0.9549,0.9731,0.912,0.9624,129923.4306
1741320000000,0.9624,0.983,0.9606,0.9801,38819.8613
1741334400000,0.9801,0.9928,0.9728,0.9882,33927.6563
1741348800000,0.9882,0.9931,0.9646,0.9815,95723.7869
1741363200000,0.9815,1.001,0.96,0.9882,69432.2575
1741377600000,0.9882,0.9912,0.9509,0.957,71434.4389
1741392000000,0.957,0.9621,0.9387,0.9465,28844.7361
1741406400000,0.9465,0.9562,0.929,0.929,25465.5047
1741420800000,0.929,0.9335,0.9181,0.9245,25904.2528
1741435200000,0.9245,0.946,0.9184,0.934,97418.2244
1741449600000,0.934,0.9505,0.9238,0.9476,37741.0377
1741464000000,0.9476,0.9477,0.9317,0.9353,14840.4892
1741478400000,0.9353,0.9405,0.9249,0.9325,17453.6862
1741492800000,0.9325,0.9395,0.9275,0.9346,16442.0679
1741507200000,0.9346,0.9364,0.9047,0.9132,29156.7281
1741521600000,0.9132,0.9132,0.874,0.8765,55284.7769
1741536000000,0.8765,0.885,0.847,0.8637,90022.8919
1741550400000,0.8637,0.8732,0.841,0.8485,39597.8761
1741564800000,0.8485,0.8761,0.8359,0.8727,56157.5655
1741579200000,0.8727,0.89,0.8719,0.8873,34717.6033
1741593600000,0.8873,0.926,0.8765,0.9216,85710.2087
1741608000000,0.9216,0.932,0.8748,0.8899,154583.6895
1741622400000,0.8899,0.8937,0.8017,0.8276,182685.5337
1741636800000,0.8276,0.833,0.8017,0.8025,56789.2349
1741651200000,0.8025,0.8126,0.7429,0.7905,166952.43
1741665600000,0.7905,0.8354,0.7879,0.8297,85963.1159
1741680000000,0.8297,0.8392,0.8204,0.8286,53022.8676
1741694400000,0.8286,0.848,0.807,0.842,199003.9827
1741708800000,0.842,0.88,0.8338,0.8774,105974.3156
1741723200000,0.8774,0.88,0.8498,0.8515,37947.3263
1741737600000,0.8515,0.8604,0.8148,0.815,67897.9689
1741752000000,0.815,0.8453,0.8105,0.8399,49430.1993
1741766400000,0.8399,0.8682,0.8326,0.8525,91988.1195
1741780800000,0.8525,0.8831,0.8148,0.8384,110226.5672
1741795200000,0.8384,0.8583,0.8344,0.8525,50944.2222
1741809600000,0.8525,0.8791,0.8507,0.8786,37011.2354
1741824000000,0.8786,0.886,0.8679,0.8723,45924.7372
1741838400000,0.8723,0.8761,0.8428,0.8536,108867.6113
1741852800000,0.8536,0.8732,0.8479,0.8682,64490.9247
1741867200000,0.8682,0.874,0.8379,0.8424,84330.5549
1741881600000,0.8424,0.8437,0.8207,0.8266,62056.6123
1741896000000,0.8266,0.8492,0.8207,0.836,31596.6675
1741910400000,0.836,0.8631,0.8331,0.8626,48694.0224
1741924800000,0.8626,0.8722,0.8604,0.8629,29047.3931
1741939200000,0.8629,0.8752,0.8601,0.8615,30535.9433
1741953600000,0.8615,0.8911,0.8567,0.8754,63292.9603
1741968000000,0.8754,0.886,0.8696,0.8756,29305.9464
1741982400000,0.8756,0.8824,0.8657,0.8666,20107.8318
1741996800000,0.8666,0.875,0.8599,0.8745,27155.6192
1742011200000,0.8745,0.8824,0.8708,0.8708,25893.1158
1742025600000,0.8708,0.8761,0.865,0.8674,25396.0913
1742040000000,0.8674,0.874,0.863,0.8722,33814.5966
1742054400000,0.8722,0.882,0.866,0.8713,33009.9876
1742068800000,0.8713,0.894,0.8713,0.8874,25768.8112
1742083200000,0.8874,0.8911,0.8679,0.8737,29302.9257
1742097600000,0.8737,0.886,0.8692,0.8816,29839.8902
1742112000000,0.8816,0.883,0.8387,0.8403,61165.5467
1742126400000,0.8403,0.8442,0.8227,0.8337,57949.0718
1742140800000,0.8337,0.8551,0.8227,0.8275,91654.4639
1742155200000,0.8275,0.8361,0.8207,0.8305,32541.4319
1742169600000,0.8305,0.864,0.8294,0.864,36328.4961
1742184000000,0.864,0.874,0.855,0.8695,42011.3473
1742198400000,0.8695,0.877,0.8636,0.8689,42165.1345
1742212800000,0.8689,0.8794,0.8587,0.8737,72900.6155
1742227200000,0.8737,0.9139,0.8709,0.9085,58409.9237
1742241600000,0.9085,0.9121,0.885,0.8865,29657.2707
1742256000000,0.8865,0.8877,0.8666,0.8725,27835.8357
1742270400000,0.8725,0.88,0.8679,0.8725,23077.6473
1742284800000,0.8725,0.8851,0.86,0.8617,26032.1406
1742299200000,0.8617,0.8674,0.8469,0.8475,33724.7076
1742313600000,0.8475,0.855,0.8378,0.8545,21214.1413
1742328000000,0.8545,0.874,0.8488,0.8736,18185.7018
1742342400000,0.8736,0.8896,0.8689,0.8894,25549.71
1742356800000,0.8894,0.892,0.8706,0.8706,25953.7897
1742371200000,0.8706,0.932,0.8706,0.9286,77893.5591
1742385600000,0.9286,0.9362,0.9096,0.9258,88311.1094
1742400000000,0.9258,0.9271,0.8958,0.9115,70635.9216
1742414400000,0.9115,0.926,0.9104,0.9209,20357.5737
1742428800000,0.9209,0.9253,0.9027,0.9065,26924.8166
1742443200000,0.9065,0.9074,0.8964,0.8995,19830.278
1742457600000,0.8995,0.9056,0.881,0.8895,32935.4311
1742472000000,0.8895,0.8991,0.8816,0.8817,45369.5509
1742486400000,0.8817,0.8851,0.8689,0.8777,29556.0095
1742500800000,0.8777,0.8855,0.8737,0.8806,14447.3606
1742515200000,0.8806,0.8871,0.8737,0.874,23884.3319
1742529600000,0.874,0.88,0.8617,0.8654,26076.0824
1742544000000,0.8654,0.87,0.8447,0.8495,36756.1707
1742558400000,0.8495,0.8541,0.8379,0.8495,36263.1203
1742572800000,0.8495,0.8594,0.8488,0.8543,19824.9247
1742587200000,0.8543,0.8623,0.8449,0.8475,16043.704
1742601600000,0.8475,0.858,0.8473,0.8575,11340.331
1742616000000,0.8575,0.8675,0.855,0.865,12702.264
1742630400000,0.865,0.8712,0.861,0.8635,12296.6013
1742644800000,0.8635,0.864,0.8488,0.8557,13623.7624
1742659200000,0.8557,0.874,0.8534,0.8713,12799.4052
1742673600000,0.8713,0.875,0.8567,0.8604,10624.5693
1742688000000,0.8604,0.8723,0.8594,0.8705,13825.0541
1742702400000,0.8705,0.8718,0.856,0.8675,17447.6289
1742716800000,0.8675,0.8713,0.8625,0.8645,17204.6357
1742731200000,0.8645,0.8656,0.8479,0.8514,43080.5107
1742745600000,0.8514,0.8542,0.841,0.8492,21353.1219
1742760000000,0.8492,0.8601,0.8484,0.858,15264.9157
1742774400000,0.858,0.8744,0.846,0.8732,27632.5957
1742788800000,0.8732,0.9041,0.8732,0.8889,48036.7547
1742803200000,0.8889,0.9043,0.8889,0.8976,27754.8375
1742817600000,0.8976,0.916,0.8928,0.9045,31713.8149
1742832000000,0.9045,0.91,0.8958,0.9047,25719.1848
1742846400000,0.9047,0.9122,0.8976,0.9056,14178.6198
1742860800000,0.9056,0.9104,0.8846,0.8875,28086.6672
1742875200000,0.8875,0.9076,0.8856,0.8992,14264.9466
1742889600000,0.8992,0.915,0.899,0.9046,23178.5499
1742904000000,0.9046,0.9091,0.8889,0.8964,48253.1772
1742918400000,0.8964,0.9082,0.8912,0.9005,15638.4356
1742932800000,0.9005,0.914,0.8993,0.9034,17779.4498
1742947200000,0.9034,0.914,0.8925,0.8954,18223.2717
1742961600000,0.8954,0.9271,0.8938,0.9255,17188.0148
1742976000000,0.9255,0.9302,0.9179,0.9228,16463.0562
1742990400000,0.9228,0.9236,0.8837,0.8935,32190.9207
1743004800000,0.8935,0.9016,0.8748,0.8874,27086.5016
1743019200000,0.8874,0.897,0.8782,0.886,19067.3018
1743033600000,0.886,0.919,0.8837,0.9175,25946.4615
1743048000000,0.9175,0.9185,0.9069,0.9096,13058.2925
1743062400000,0.9096,0.9185,0.8927,0.8953,21302.3124
1743076800000,0.8953,0.92,0.8848,0.9185,39199.1097
1743091200000,0.9185,0.9258,0.9027,0.9078,32173.7397
1743105600000,0.9078,0.9152,0.9031,0.9055,9177.8087
1743120000000,0.9055,0.912,0.8938,0.8974,15664.1566
1743134400000,0.8974,0.899,0.8479,0.8485,47840.5361
1743148800000,0.8485,0.8543,0.8309,0.8405,32959.3321
1743163200000,0.8405,0.841,0.8199,0.83,40325.0652
1743177600000,0.83,0.834,0.8218,0.8264,24872.1327
1743192000000,0.8264,0.8361,0.8208,0.8325,16289.3144
1743206400000,0.8325,0.8385,0.8099,0.8245,21201.4001
1743220800000,0.8245,0.8254,0.7939,0.7975,25916.0599
1743235200000,0.7975,0.806,0.7766,0.7826,37034.8452
1743249600000,0.7826,0.7923,0.7729,0.7736,19419.9033
1743264000000,0.7736,0.7772,0.7529,0.767,37708.3219
1743278400000,0.767,0.767,0.754,0.766,19070.364
1743292800000,0.766,0.7798,0.7573,0.769,27858.0552
1743307200000,0.769,0.7751,0.7599,0.7606,15874.1429
1743321600000,0.7606,0.7711,0.757,0.7585,19690.5181
1743336000000,0.7585,0.7622,0.7449,0.7523,30291.6655
1743350400000,0.7523,0.764,0.739,0.7567,21948.1035
1743364800000,0.7567,0.7594,0.7348,0.7436,22448.2624
1743379200000,0.7436,0.7544,0.7319,0.74,31438.9106
1743393600000,0.74,0.7511,0.726,0.73,22010.1403
1743408000000,0.73,0.7427,0.7188,0.7375,33851.3781
1743422400000,0.7375,0.7594,0.7333,0.7479,41716.9666
1743436800000,0.7479,0.7503,0.7347,0.7387,18628.6413
1743451200000,0.7387,0.7441,0.7299,0.7331,28536.2153
1743465600000,0.7331,0.7532,0.7316,0.7485,19916.71
1743480000000,0.7485,0.7601,0.7447,0.7548,18808.6787
1743494400000,0.7548,0.7732,0.7478,0.7496,35139.2035
1743508800000,0.7496,0.7742,0.7419,0.7666,48766.7906
1743523200000,0.7666,0.7723,0.7529,0.7548,27819.5425
1743537600000,0.7548,0.7622,0.7497,0.7567,14713.0867
1743552000000,0.7567,0.7567,0.7308,0.7429,27209.4747
1743566400000,0.7429,0.7442,0.7299,0.7331,30834.6975
1743580800000,0.7331,0.743,0.7282,0.7319,18044.9581
1743595200000,0.7319,0.7545,0.7211,0.7456,52241.2389
1743609600000,0.7456,0.7511,0.7286,0.7427,20864.0277
1743624000000,0.7427,0.7593,0.697,0.7015,138562.0128
1743638400000,0.7015,0.7232,0.6997,0.7215,31257.9768
1743652800000,0.7215,0.7271,0.6997,0.7044,31069.6789
1743667200000,0.7044,0.7082,0.6718,0.6755,67189.2939
1743681600000,0.6755,0.6807,0.6567,0.6753,85471.2382
1743696000000,0.6753,0.6882,0.6708,0.6874,28535.7717
1743710400000,0.6874,0.7031,0.6839,0.7003,30639.9778
1743724800000,0.7003,0.7091,0.694,0.7046,24494.9556
1743739200000,0.7046,0.7162,0.6965,0.7144,30911.6467
1743753600000,0.7144,0.7202,0.6779,0.6881,36880.8411
1743768000000,0.6881,0.718,0.6847,0.7051,57947.0331
1743782400000,0.7051,0.7162,0.6999,0.7091,31818.7578
1743796800000,0.7091,0.7162,0.7076,0.7096,16568.253
1743811200000,0.7096,0.7144,0.7052,0.7065,11463.2321
1743825600000,0.7065,0.7153,0.7047,0.713,12181.7333
1743840000000,0.713,0.7145,0.7036,0.7038,16828.0975
1743854400000,0.7038,0.7043,0.6866,0.6884,19381.674
1743868800000,0.6884,0.6931,0.6878,0.6878,20936.9091
1743883200000,0.6878,0.6985,0.6868,0.6964,12405.4541
1743897600000,0.6964,0.6967,0.6858,0.6885,14663.6101
1743912000000,0.6885,0.6922,0.682,0.682,18795.1691
1743926400000,0.682,0.6892,0.6787,0.6825,18328.4172
1743940800000,0.6825,0.6835,0.6346,0.6406,127093.359
1743955200000,0.6406,0.641,0.5994,0.6078,96188.3502
1743969600000,0.6078,0.6101,0.583,0.6004,82789.8267
1743984000000,0.6004,0.6194,0.586,0.5935,75434.7084
1743998400000,0.5935,0.6062,0.5468,0.5656,178895.0053
1744012800000,0.5656,0.6013,0.5599,0.5815,84474.5497
1744027200000,0.5815,0.6362,0.5797,0.6154,185031.5967
1744041600000,0.6154,0.6251,0.603,0.6154,47837.9489
1744056000000,0.6154,0.6291,0.6138,0.615,22247.25
1744070400000,0.615,0.6343,0.607,0.6205,37471.1342
1744084800000,0.6205,0.6242,0.598,0.6016,39267.5822
1744099200000,0.6016,0.6182,0.597,0.6166,34189.2051
1744113600000,0.6166,0.6182,0.5948,0.6015,65007.3359
1744128000000,0.6015,0.6034,0.5809,0.5895,64098.3196
1744142400000,0.5895,0.5966,0.5828,0.5914,38962.3324
1744156800000,0.5914,0.5987,0.568,0.5873,67689.5672
1744171200000,0.5873,0.605,0.5864,0.605,86562.3094
1744185600000,0.605,0.6131,0.5954,0.5975,44480.1225
1744200000000,0.5975,0.6182,0.5918,0.6115,50129.4101
1744214400000,0.6115,0.6713,0.6106,0.6696,125194.0975
1744228800000,0.6696,0.6772,0.66,0.6635,28584.1665
1744243200000,0.6635,0.6645,0.6419,0.6491,37761.6766
1744257600000,0.6491,0.6592,0.6484,0.6528,28661.6787
1744272000000,0.6528,0.6565,0.6439,0.6475,21583.9829
1744286400000,0.6475,0.6602,0.6288,0.633,67958.0877
1744300800000,0.633,0.639,0.63,0.6365,42174.6609
1744315200000,0.6365,0.6431,0.6357,0.6394,19037.6017
1744329600000,0.6394,0.6584,0.639,0.6569,29155.3567
1744344000000,0.6569,0.6625,0.6528,0.6538,18267.6906
1744358400000,0.6538,0.6593,0.6488,0.6488,24242.6247
1744372800000,0.6488,0.6623,0.647,0.6608,49618.0758
1744387200000,0.6608,0.6681,0.6556,0.6638,31056.4844
1744401600000,0.6638,0.6723,0.6629,0.663,14676.2697
1744416000000,0.663,0.6644,0.6556,0.6588,17788.0743
1744430400000,0.6588,0.6702,0.6554,0.6695,20758.1574
1744444800000,0.6695,0.6753,0.6657,0.6695,18998.6917
1744459200000,0.6695,0.6953,0.6666,0.6899,137779.053
1744473600000,0.6899,0.6922,0.683,0.687,21812.3197
1744488000000,0.687,0.6952,0.6864,0.6883,14744.6099
1744502400000,0.6883,0.6914,0.6802,0.685,27227.2683
1744516800000,0.685,0.688,0.676,0.6875,25855.9384
1744531200000,0.6875,0.6972,0.6863,0.6896,29932.1181
1744545600000,0.6896,0.696,0.6728,0.6802,33948.0092
1744560000000,0.6802,0.7104,0.6668,0.6765,67310.2247
1744574400000,0.6765,0.6831,0.66,0.673,34204.7704
1744588800000,0.673,0.7031,0.6716,0.6805,44179.0842
1744603200000,0.6805,0.684,0.6638,0.6695,26043.9956
1744617600000,0.6695,0.6852,0.6629,0.6804,46479.8623
1744632000000,0.6804,0.6824,0.6509,0.6526,48666.2476
1744646400000,0.6526,0.6681,0.647,0.6635,40001.8571
1744660800000,0.6635,0.6655,0.6557,0.6594,14314.2466
1744675200000,0.6594,0.6649,0.653,0.6618,13950.5422
1744689600000,0.6618,0.664,0.6539,0.6635,18722.3156
1744704000000,0.6635,0.6662,0.65,0.652,25505.4499
1744718400000,0.652,0.664,0.6447,0.6545,33781.1186
1744732800000,0.6545,0.6562,0.6389,0.6415,22591.2748
1744747200000,0.6415,0.6456,0.6348,0.6373,17258.2378
1744761600000,0.6373,0.6485,0.632,0.6424,18399.8615
1744776000000,0.6424,0.6433,0.6308,0.6314,22465.7784
1744790400000,0.6314,0.639,0.6271,0.6336,23727.4489
1744804800000,0.6336,0.6463,0.6258,0.6363,31071.0299
1744819200000,0.6363,0.6441,0.6167,0.6418,50688.9221
1744833600000,0.6418,0.6461,0.6319,0.6338,18190.471
1744848000000,0.6338,0.6412,0.632,0.6374,13805.8243
1744862400000,0.6374,0.6532,0.6365,0.6507,14280.414
1744876800000,0.6507,0.6516,0.639,0.6406,22252.0918
1744891200000,0.6406,0.6452,0.63,0.6435,31739.109
1744905600000,0.6435,0.6547,0.6407,0.645,32831.0996
1744920000000,0.645,0.651,0.645,0.645,12922.5352
1744934400000,0.645,0.647,0.6397,0.641,22533.2153
1744948800000,0.641,0.6564,0.6389,0.6561,14317.3387
1744963200000,0.6561,0.6654,0.6557,0.6585,17370.9734
1744977600000,0.6585,0.6655,0.6548,0.6583,14436.1552
1744992000000,0.6583,0.6664,0.6575,0.6641,12416.1568
1745006400000,0.6641,0.6673,0.6606,0.6624,10227.8726
1745020800000,0.6624,0.6764,0.662,0.6728,13205.1136
1745035200000,0.6728,0.6751,0.667,0.6696,8932.0715
1745049600000,0.6696,0.6724,0.6677,0.6713,7298.5354
1745064000000,0.6713,0.6836,0.67,0.6833,18391.2797
1745078400000,0.6833,0.7088,0.6811,0.6996,40293.6859
1745092800000,0.6996,0.712,0.6978,0.7028,29088.0124
1745107200000,0.7028,0.711,0.7019,0.711,14995.7449
1745121600000,0.711,0.7171,0.7069,0.7092,19777.1668
1745136000000,0.7092,0.7095,0.6978,0.703,21383.2005
1745150400000,0.703,0.7102,0.6967,0.7066,17874.5076
1745164800000,0.7066,0.7171,0.7054,0.7166,19311.121
1745179200000,0.7166,0.7232,0.7139,0.7153,19604.0198
1745193600000,0.7153,0.7272,0.7145,0.7204,26414.649
1745208000000,0.7204,0.7354,0.719,0.7285,22592.7641
1745222400000,0.7285,0.7306,0.722,0.7254,23091.8696
1745236800000,0.7254,0.734,0.7219,0.7254,29671.458
1745251200000,0.7254,0.7273,0.7069,0.7084,28742.0469
1745265600000,0.7084,0.7102,0.6968,0.7005,15573.6568
1745280000000,0.7005,0.706,0.6867,0.7014,28838.8978
1745294400000,0.7014,0.7051,0.6766,0.7004,24870.7281
1745308800000,0.7004,0.7033,0.6867,0.698,30231.6568
1745323200000,0.698,0.7324,0.6968,0.7152,62863.1884
1745337600000,0.7152,0.7202,0.7059,0.7194,25589.3194
1745352000000,0.7194,0.7426,0.7155,0.7416,35892.1115
1745366400000,0.7416,0.7609,0.7388,0.7605,54313.3096
1745380800000,0.7605,0.7683,0.747,0.7566,45455.5446
1745395200000,0.7566,0.764,0.7497,0.7564,37229.1173
1745409600000,0.7564,0.7709,0.7449,0.762,65044.2187
1745424000000,0.762,0.777,0.7538,0.7595,44715.1853
1745438400000,0.7595,0.775,0.7594,0.7714,15860.8829
1745452800000,0.7714,0.776,0.752,0.7526,30050.3495
1745467200000,0.7526,0.7655,0.7478,0.7505,26394.3953
1745481600000,0.7505,0.7561,0.7419,0.7555,24001.2863
1745496000000,0.7555,0.7925,0.7485,0.7852,54253.5195
1745510400000,0.7852,0.7952,0.7748,0.7875,48499.6074
1745524800000,0.7875,0.7955,0.7846,0.7917,25054.7245
1745539200000,0.7917,0.8017,0.7749,0.7824,41954.0533
1745553600000,0.7824,0.8122,0.7792,0.8085,34776.4506
1745568000000,0.8085,0.8132,0.8015,0.8064,51927.4075
1745582400000,0.8064,0.82,0.7868,0.8067,77559.8742
1745596800000,0.8067,0.811,0.798,0.8062,31742.4838
1745611200000,0.8062,0.8204,0.8055,0.807,30746.3863
1745625600000,0.807,0.8411,0.807,0.8304,40792.1581
1745640000000,0.8304,0.842,0.8208,0.833,26491.4876
1745654400000,0.833,0.8482,0.819,0.8208,49093.542
1745668800000,0.8208,0.8371,0.8134,0.8355,33806.6726
1745683200000,0.8355,0.8422,0.8277,0.84,18549.6005
1745697600000,0.84,0.8472,0.8339,0.843,23021.6593
1745712000000,0.843,0.8541,0.8208,0.8253,46139.3563
1745726400000,0.8253,0.8263,0.8099,0.8156,20120.0606
1745740800000,0.8156,0.8231,0.8047,0.8055,24421.2195
1745755200000,0.8055,0.806,0.7813,0.7835,108656.5023
1745769600000,0.7835,0.79,0.7761,0.7895,17330.7176
1745784000000,0.7895,0.7904,0.7735,0.7736,18400.6253
1745798400000,0.7736,0.7802,0.7545,0.7785,46365.9044
1745812800000,0.7785,0.8001,0.7776,0.7962,38273.0288
1745827200000,0.7962,0.8032,0.7809,0.7915,48221.5521
1745841600000,0.7915,0.7922,0.7626,0.768,48509.0076
1745856000000,0.768,0.7912,0.7589,0.7905,34708.0863
1745870400000,0.7905,0.7921,0.7817,0.7835,21771.5607
1745884800000,0.7835,0.788,0.7757,0.7864,22712.472
1745899200000,0.7864,0.796,0.7749,0.7932,27199.2079
1745913600000,0.7932,0.7971,0.7809,0.7846,30681.1391
1745928000000,0.7846,0.7954,0.774,0.7824,27290.2854
1745942400000,0.7824,0.789,0.7746,0.7746,16171.0701
1745956800000,0.7746,0.7761,0.7504,0.7575,36371.2142
1745971200000,0.7575,0.762,0.7446,0.7536,40705.1553
1745985600000,0.7536,0.755,0.7478,0.75,44785.7698
1746000000000,0.75,0.7626,0.7488,0.7615,24069.1609
1746014400000,0.7615,0.7623,0.7257,0.7334,49788.0327
1746028800000,0.7334,0.7421,0.7225,0.7286,29353.1172
1746043200000,0.7286,0.7402,0.7269,0.7291,28302.1034
1746057600000,0.7291,0.7421,0.728,0.7309,30445.9591
1746072000000,0.7309,0.7323,0.7249,0.729,23704.6063
1746086400000,0.729,0.7421,0.7256,0.7371,38429.9277
1746100800000,0.7371,0.747,0.7268,0.7355,57340.5526
1746115200000,0.7355,0.7421,0.7309,0.7348,34220.8921
1746129600000,0.7348,0.7412,0.7269,0.73,28797.5776
1746144000000,0.73,0.7452,0.727,0.7385,33458.8379
1746158400000,0.7385,0.7412,0.726,0.734,93393.5524
1746172800000,0.734,0.747,0.7139,0.7146,70914.5577
1746187200000,0.7146,0.7271,0.7069,0.7145,64294.7245
1746201600000,0.7145,0.7231,0.6999,0.702,26357.4051
1746216000000,0.702,0.7121,0.6999,0.712,18491.8842
1746230400000,0.712,0.717,0.7069,0.7156,36131.8664
1746244800000,0.7156,0.716,0.7018,0.7035,22200.6391
1746259200000,0.7035,0.7042,0.6759,0.676,43127.0272
1746273600000,0.676,0.692,0.6748,0.6875,39340.9893
1746288000000,0.6875,0.6887,0.6609,0.6834,39380.7348
1746302400000,0.6834,0.6873,0.6788,0.6789,16995.4046
1746316800000,0.6789,0.6882,0.6727,0.6785,25350.3523
1746331200000,0.6785,0.6861,0.6766,0.682,19646.1208
1746345600000,0.682,0.6846,0.6739,0.6826,23606.0331
1746360000000,0.6826,0.6861,0.6754,0.6784,28361.325
1746374400000,0.6784,0.6794,0.6548,0.6615,36827.2859
1746388800000,0.6615,0.6684,0.6557,0.6645,28480.657
1746403200000,0.6645,0.681,0.6614,0.6745,36489.2115
1746417600000,0.6745,0.6814,0.6727,0.6776,18308.4154
1746432000000,0.6776,0.68,0.6567,0.6588,33437.9434
1746446400000,0.6588,0.6671,0.6469,0.6504,46414.4484
1746460800000,0.6504,0.656,0.6396,0.6464,37833.6481
1746475200000,0.6464,0.6535,0.6384,0.6419,32176.5657
1746489600000,0.6419,0.6426,0.6285,0.638,37361.2014
1746504000000,0.638,0.6402,0.6298,0.6342,31670.9026
1746518400000,0.6342,0.6352,0.6097,0.6144,46415.4456
1746532800000,0.6144,0.6256,0.6078,0.6125,53318.0577
1746547200000,0.6125,0.618,0.6039,0.6084,35924.0888
1746561600000,0.6084,0.6152,0.5835,0.6101,83664.2623
1746576000000,0.6101,0.6322,0.6027,0.611,101292.6551
1746590400000,0.611,0.6142,0.598,0.6055,50758.5263
1746604800000,0.6055,0.6076,0.5949,0.6008,52700.1084
1746619200000,0.6008,0.603,0.5833,0.5867,60538.7879
1746633600000,0.5867,0.5992,0.5731,0.5905,78072.9112
1746648000000,0.5905,0.6003,0.5837,0.5962,41612.0347
1746662400000,0.5962,0.6232,0.5944,0.6214,77136.412
1746676800000,0.6214,0.6311,0.6136,0.6311,91992.3441
1746691200000,0.6311,0.6352,0.6237,0.6286,77070.441
1746705600000,0.6286,0.6631,0.627,0.6552,145622.8936
1746720000000,0.6552,0.6745,0.6539,0.6724,117403.3556
1746734400000,0.6724,0.6982,0.6696,0.6923,118789.0038
1746748800000,0.6923,0.726,0.6888,0.7062,132717.3194
1746763200000,0.7062,0.749,0.7041,0.7396,123059.8593
1746777600000,0.7396,0.7692,0.7179,0.7462,210187.4882
1746792000000,0.7462,0.7594,0.7238,0.7442,122248.6572
1746806400000,0.7442,0.76,0.7367,0.753,85936.9773
1746820800000,0.753,0.7641,0.7469,0.7616,49611.4704
1746835200000,0.7616,0.7831,0.752,0.7625,65304.0319
1746849600000,0.7625,0.7872,0.7509,0.7828,65900.785
1746864000000,0.7828,0.79,0.762,0.7664,117618.0445
1746878400000,0.7664,0.801,0.7658,0.7922,175742.0604
1746892800000,0.7922,0.8232,0.7849,0.8174,146450.8164
1746907200000,0.8174,0.9343,0.809,0.9106,324282.0084
1746921600000,0.9106,0.9532,0.8759,0.9155,302831.8672
1746936000000,0.9155,0.9334,0.8579,0.8655,171996.5557
1746950400000,0.8655,0.8836,0.8592,0.8815,99095.1968
1746964800000,0.8815,0.889,0.841,0.8485,136584.0582
1746979200000,0.8485,0.8832,0.8375,0.868,96492.5608
1746993600000,0.868,0.8753,0.8579,0.8625,48173.232
1747008000000,0.8625,0.8851,0.8539,0.878,93857.3165
1747022400000,0.878,0.9122,0.8528,0.8785,208470.9065
1747036800000,0.8785,0.896,0.863,0.8665,149065.2366
1747051200000,0.8665,0.8917,0.8389,0.8481,228226.8422
1747065600000,0.8481,0.8682,0.8068,0.8275,145459.5209
1747080000000,0.8275,0.832,0.8156,0.8236,64508.9656
1747094400000,0.8236,0.8242,0.7709,0.7735,113790.8942
1747108800000,0.7735,0.8052,0.7714,0.7977,54277.8685
1747123200000,0.7977,0.8134,0.7948,0.8058,50664.1183
1747137600000,0.8058,0.8263,0.7958,0.8255,96358.9961
1747152000000,0.8255,0.898,0.8223,0.8873,163487.6706
1747166400000,0.8873,0.912,0.876,0.9026,167810.0601
1747180800000,0.9026,0.919,0.865,0.8734,157043.934
1747195200000,0.8734,0.886,0.861,0.8612,79035.671
1747209600000,0.8612,0.8653,0.835,0.8526,98900.7414
1747224000000,0.8526,0.8613,0.8228,0.8313,106668.232
1747238400000,0.8313,0.8383,0.814,0.8287,89249.8591
1747252800000,0.8287,0.8321,0.809,0.8186,45332.2097
1747267200000,0.8186,0.8442,0.8068,0.8086,76968.505
1747281600000,0.8086,0.8142,0.764,0.7654,90960.7338
1747296000000,0.7654,0.79,0.761,0.7826,102111.7404
1747310400000,0.7826,0.7998,0.7569,0.7985,147038.4533
1747324800000,0.7985,0.8107,0.7577,0.7615,104828.4932
1747339200000,0.7615,0.7672,0.7279,0.7495,93167.5567
1747353600000,0.7495,0.7701,0.7464,0.7668,70583.2153
1747368000000,0.7668,0.7722,0.753,0.762,76073.4698
1747382400000,0.762,0.7691,0.7445,0.7575,66223.3703
1747396800000,0.7575,0.7603,0.7336,0.7494,66699.7982
1747411200000,0.7494,0.7552,0.7286,0.7345,44265.168
1747425600000,0.7345,0.7362,0.7009,0.7089,86521.2508
1747440000000,0.7089,0.7126,0.6859,0.7056,81905.6188
1747454400000,0.7056,0.7124,0.691,0.696,31799.6206
1747468800000,0.696,0.7075,0.6865,0.7045,40836.6174
1747483200000,0.7045,0.7134,0.6908,0.7047,37353.8852
1747497600000,0.7047,0.7064,0.6894,0.6916,40322.4528
1747512000000,0.6916,0.7072,0.6868,0.6976,33028.1758
1747526400000,0.6976,0.705,0.6929,0.6995,30607.1776
1747540800000,0.6995,0.718,0.6994,0.7155,37824.2487
1747555200000,0.7155,0.7311,0.7078,0.7085,53586.5633
1747569600000,0.7085,0.752,0.7029,0.7464,83427.9954
1747584000000,0.7464,0.7502,0.683,0.6835,94775.5276
1747598400000,0.6835,0.7333,0.6679,0.7295,106314.9225
1747612800000,0.7295,0.7374,0.6916,0.6969,74815.4924
1747627200000,0.6969,0.704,0.6838,0.6985,59052.7153
1747641600000,0.6985,0.703,0.6786,0.6884,57121.9048
1747656000000,0.6884,0.7056,0.676,0.7016,74301.0016
1747670400000,0.7016,0.7262,0.6959,0.7115,63130.5304
1747684800000,0.7115,0.7141,0.7027,0.7125,26843.6183
1747699200000,0.7125,0.7391,0.7077,0.7265,84327.64
1747713600000,0.7265,0.7322,0.7098,0.7115,44435.6893
1747728000000,0.7115,0.7141,0.6961,0.7035,59542.1245
1747742400000,0.7035,0.71,0.693,0.7095,52414.6217
1747756800000,0.7095,0.719,0.6917,0.7139,48350.326
1747771200000,0.7139,0.731,0.7111,0.7205,50640.0115
1747785600000,0.7205,0.7351,0.707,0.7307,51542.6506
1747800000000,0.7307,0.752,0.726,0.7294,104992.3193
1747814400000,0.7294,0.7461,0.7174,0.7456,69886.8051
1747828800000,0.7456,0.7523,0.7319,0.7473,125076.8711
1747843200000,0.7473,0.774,0.7129,0.7377,227623.1879
1747857600000,0.7377,0.7581,0.7269,0.7436,59577.8618
1747872000000,0.7436,0.7732,0.7419,0.7667,106001.5408
1747886400000,0.7667,0.7775,0.7609,0.7755,72839.3446
1747900800000,0.7755,0.7961,0.7737,0.7815,101000.9107
1747915200000,0.7815,0.8121,0.772,0.8025,124641.7397
1747929600000,0.8025,0.811,0.7927,0.7945,78726.42
1747944000000,0.7945,0.829,0.7944,0.8114,79067.9337
1747958400000,0.8114,0.8431,0.8058,0.8394,95758.2939
1747972800000,0.8394,0.8401,0.799,0.8026,105564.9218
1747987200000,0.8026,0.824,0.7727,0.7768,133508.9212
1748001600000,0.7768,0.7987,0.7509,0.7844,180563.3878
1748016000000,0.7844,0.7985,0.7779,0.7804,62276.1515
1748030400000,0.7804,0.7805,0.7381,0.7443,80835.1999
1748044800000,0.7443,0.7612,0.7375,0.7575,47719.1465
1748059200000,0.7575,0.7792,0.7546,0.7686,56680.4405
1748073600000,0.7686,0.774,0.7577,0.7636,50898.0992
1748088000000,0.7636,0.7712,0.7589,0.7674,34775.2733
1748102400000,0.7674,0.7682,0.7509,0.7534,30094.4216
1748116800000,0.7534,0.7541,0.738,0.7436,31196.1359
1748131200000,0.7436,0.7515,0.7178,0.7286,112367.1063
1748145600000,0.7286,0.733,0.7228,0.725,30888.7871
1748160000000,0.725,0.7271,0.7148,0.7236,38378.9976
1748174400000,0.7236,0.7324,0.7069,0.7203,39147.3922
1748188800000,0.7203,0.731,0.7137,0.7278,25197.991
1748203200000,0.7278,0.746,0.7178,0.7454,38112.1112
1748217600000,0.7454,0.767,0.7408,0.7654,68225.3605
1748232000000,0.7654,0.7831,0.7629,0.7782,60598.1037
1748246400000,0.7782,0.7804,0.7598,0.7654,41418.8847
1748260800000,0.7654,0.7701,0.7518,0.7656,57475.0913
1748275200000,0.7656,0.7701,0.749,0.7559,42362.2212
1748289600000,0.7559,0.7721,0.7515,0.7602,33696.5272
1748304000000,0.7602,0.7677,0.7419,0.7565,55714.3757
1748318400000,0.7565,0.7783,0.7499,0.7704,57503.2548
1748332800000,0.7704,0.788,0.7684,0.7795,70232.1894
1748347200000,0.7795,0.7891,0.7598,0.7724,79718.1588
1748361600000,0.7724,0.7882,0.7678,0.7783,59997.1822
1748376000000,0.7783,0.7811,0.7559,0.761,38830.6103
1748390400000,0.761,0.7712,0.7539,0.7586,58626.8404
1748404800000,0.7586,0.7612,0.749,0.7548,50776.7874
1748419200000,0.7548,0.784,0.7499,0.7835,68693.6709
1748433600000,0.7835,0.7961,0.7596,0.7696,110260.4895
1748448000000,0.7696,0.7826,0.747,0.747,62770.0845
1748462400000,0.747,0.7781,0.7447,0.7775,55238.4447
1748476800000,0.7775,0.8221,0.7737,0.8114,176356.4004
1748491200000,0.8114,0.8141,0.7809,0.7863,67480.742
1748505600000,0.7863,0.7918,0.7713,0.775,52805.8413
1748520000000,0.775,0.776,0.7457,0.7514,127727.6907
1748534400000,0.7514,0.7592,0.736,0.7384,72145.5511
1748548800000,0.7384,0.7481,0.7281,0.7315,38364.3123
1748563200000,0.7315,0.7344,0.6868,0.7025,173071.3015
1748577600000,0.7025,0.7027,0.6798,0.686,98106.7187
1748592000000,0.686,0.697,0.6808,0.6934,58857.0017
1748606400000,0.6934,0.702,0.6798,0.6805,89007.7868
1748620800000,0.6805,0.6832,0.6547,0.6665,134208.7091
1748635200000,0.6665,0.6666,0.618,0.6214,154237.8981
1748649600000,0.6214,0.6223,0.598,0.6146,143486.95
1748664000000,0.6146,0.6304,0.6095,0.6275,71708.4947
1748678400000,0.6275,0.6461,0.6268,0.6326,65124.7211
1748692800000,0.6326,0.6461,0.6288,0.6356,79575.9526
1748707200000,0.6356,0.6612,0.6336,0.6561,58408.7564
1748721600000,0.6561,0.6612,0.6497,0.6504,60158.6628
1748736000000,0.6504,0.6561,0.644,0.652,43625.2179
1748750400000,0.652,0.6612,0.6478,0.6566,16452.7325
1748764800000,0.6566,0.6573,0.6369,0.6404,9147.516
1748779200000,0.6404,0.6572,0.6329,0.6485,20280.466
1748793600000,0.6485,0.6573,0.632,0.6401,14501.6906
1748808000000,0.6401,0.6522,0.6358,0.6486,7669.0618
1748822400000,0.6486,0.6522,0.635,0.6374,6046.5297
1748836800000,0.6374,0.653,0.6328,0.6495,8082.6567
1748851200000,0.6495,0.6541,0.6289,0.6377,29262.3321
1748865600000,0.6377,0.6552,0.6325,0.6505,17045.0451
1748880000000,0.6505,0.6542,0.6379,0.641,11567.9299
1748894400000,0.641,0.6751,0.641,0.6699,16833.1219
1748908800000,0.6699,0.6842,0.667,0.6675,15707.6131
1748923200000,0.6675,0.6722,0.662,0.6645,9441.7648
1748937600000,0.6645,0.673,0.6589,0.6664,8947.485
1748952000000,0.6664,0.6891,0.664,0.6795,33355.7564
1748966400000,0.6795,0.6883,0.6758,0.6834,17886.1682
1748980800000,0.6834,0.684,0.664,0.6645,8817.0508
1748995200000,0.6645,0.6792,0.662,0.6718,8023.2845
1749009600000,0.6718,0.6726,0.6609,0.6634,5626.1435
1749024000000,0.6634,0.6682,0.6438,0.6439,13938.6259
1749038400000,0.6439,0.6575,0.6362,0.6572,26931.2545
1749052800000,0.6572,0.6578,0.6338,0.635,12254.5928
1749067200000,0.635,0.6372,0.6239,0.6275,13088.5753
1749081600000,0.6275,0.639,0.6256,0.6325,10896.4275
1749096000000,0.6325,0.637,0.6256,0.633,10483.9707
1749110400000,0.633,0.641,0.628,0.633,14713.1569
1749124800000,0.633,0.6522,0.6297,0.6397,21597.47
1749139200000,0.6397,0.6406,0.6038,0.6074,31699.8974
1749153600000,0.6074,0.6097,0.5787,0.5906,36567.9021
1749168000000,0.5906,0.6081,0.5866,0.6036,30618.5612
1749182400000,0.6036,0.605,0.5964,0.5982,15047.7622
1749196800000,0.5982,0.605,0.5954,0.5987,12175.9991
1749211200000,0.5987,0.6152,0.5959,0.6056,28348.596
1749225600000,0.6056,0.608,0.5859,0.5886,24464.4079
1749240000000,0.5886,0.5972,0.5869,0.5926,7463.9048
1749254400000,0.5926,0.6213,0.5915,0.6194,17262.6245
1749268800000,0.6194,0.6285,0.6158,0.625,12466.4957
1749283200000,0.625,0.632,0.6218,0.6315,13090.8859
1749297600000,0.6315,0.639,0.6304,0.6332,13659.2923
1749312000000,0.6332,0.6345,0.6228,0.6247,15360.4002
1749326400000,0.6247,0.6313,0.624,0.6274,5549.386
1749340800000,0.6274,0.6282,0.6198,0.6198,7360.642
1749355200000,0.6198,0.6213,0.614,0.6156,12274.8412
1749369600000,0.6156,0.6186,0.6088,0.6176,13416.1025
1749384000000,0.6176,0.622,0.6125,0.6153,11880.3375
1749398400000,0.6153,0.623,0.6123,0.6151,8887.5176
1749412800000,0.6151,0.6243,0.6078,0.6102,9356.1346
1749427200000,0.6102,0.6133,0.6006,0.6045,9651.0578
1749441600000,0.6045,0.6061,0.5936,0.604,10623.402
1749456000000,0.604,0.6223,0.6018,0.6193,21393.9594
1749470400000,0.6193,0.6243,0.6103,0.6208,26167.5232
1749484800000,0.6208,0.6333,0.6208,0.6285,14522.0186
1749499200000,0.6285,0.6582,0.6278,0.6554,15583.2607
1749513600000,0.6554,0.669,0.6505,0.6505,18598.7819
1749528000000,0.6505,0.6526,0.6368,0.6482,18864.6908
1749542400000,0.6482,0.702,0.6425,0.7,48249.4057
1749556800000,0.7,0.72,0.688,0.7015,54802.9026
1749571200000,0.7015,0.719,0.6971,0.7102,30429.3526
1749585600000,0.7102,0.7244,0.698,0.7242,20783.281
1749600000000,0.7242,0.732,0.7039,0.712,23140.0718
1749614400000,0.712,0.7242,0.7118,0.7185,15721.5135
1749628800000,0.7185,0.7224,0.7039,0.7094,16983.0964
1749643200000,0.7094,0.749,0.7074,0.7392,53357.3328
1749657600000,0.7392,0.7433,0.706,0.7075,28781.8847
1749672000000,0.7075,0.715,0.6867,0.6938,22575.1765
1749686400000,0.6938,0.7044,0.688,0.6907,20221.3842
1749700800000,0.6907,0.6916,0.675,0.6755,14601.7867
1749715200000,0.6755,0.6821,0.6649,0.6674,13372.2816
1749729600000,0.6674,0.692,0.6628,0.6646,20428.0591
1749744000000,0.6646,0.6803,0.647,0.6485,31033.6677
1749758400000,0.6485,0.6506,0.6289,0.6295,22945.7725
1749772800000,0.6295,0.6297,0.573,0.5856,94325.7037
1749787200000,0.5856,0.5901,0.577,0.5829,33249.8342
1749801600000,0.5829,0.6002,0.5748,0.5862,30392.1027
1749816000000,0.5862,0.5911,0.5747,0.5846,35738.3839
1749830400000,0.5846,0.594,0.5599,0.5666,49256.7771
1749844800000,0.5666,0.5911,0.5639,0.5903,16700.0339
1749859200000,0.5903,0.5931,0.5828,0.5904,22224.7359
1749873600000,0.5904,0.6061,0.59,0.5955,22507.3116
1749888000000,0.5955,0.6061,0.5937,0.5994,21895.5456
1749902400000,0.5994,0.6041,0.5898,0.5944,54337.0417
1749916800000,0.5944,0.599,0.5856,0.5896,11311.1895
1749931200000,0.5896,0.603,0.584,0.5997,9280.679
1749945600000,0.5997,0.602,0.5978,0.6004,4845.4263
1749960000000,0.6004,0.6021,0.59,0.5956,12180.6301
1749974400000,0.5956,0.5961,0.5859,0.5884,9122.4025
1749988800000,0.5884,0.5993,0.584,0.591,12761.8293
1750003200000,0.591,0.5932,0.5809,0.5831,8909.7115
1750017600000,0.5831,0.5931,0.576,0.5925,12080.3985
1750032000000,0.5925,0.603,0.5858,0.5934,27310.8921
1750046400000,0.5934,0.6081,0.5934,0.6064,27515.3821
1750060800000,0.6064,0.6108,0.5949,0.6015,15233.514
1750075200000,0.6015,0.6142,0.5969,0.6059,24624.5085
1750089600000,0.6059,0.616,0.604,0.6093,18539.9749
1750104000000,0.6093,0.6171,0.5818,0.5829,32983.5238
1750118400000,0.5829,0.597,0.5678,0.5914,35033.9891
1750132800000,0.5914,0.5923,0.5789,0.5793,16611.0256
1750147200000,0.5793,0.5796,0.5689,0.5714,18270.1797
1750161600000,0.5714,0.5771,0.5579,0.5622,36105.1152
1750176000000,0.5622,0.5741,0.5459,0.5699,51334.454
1750190400000,0.5699,0.5722,0.5538,0.5596,14114.3352
1750204800000,0.5596,0.57,0.5579,0.5626,14557.3695
1750219200000,0.5626,0.5702,0.5597,0.5631,7805.787
1750233600000,0.5631,0.5647,0.5331,0.5442,42766.3586
1750248000000,0.5442,0.5581,0.5348,0.5515,38092.5482
1750262400000,0.5515,0.557,0.5436,0.5493,18936.9808
1750276800000,0.5493,0.569,0.5482,0.563,14263.1603
1750291200000,0.563,0.572,0.5609,0.5654,10356.8938
1750305600000,0.5654,0.5708,0.5628,0.5658,9795.5079
1750320000000,0.5658,0.5751,0.5644,0.5654,8604.2555
1750334400000,0.5654,0.5693,0.5591,0.5595,9724.3365
1750348800000,0.5595,0.5672,0.5558,0.5597,15828.1352
1750363200000,0.5597,0.5683,0.5575,0.5654,8022.3629
1750377600000,0.5654,0.5708,0.564,0.57,12393.8741
1750392000000,0.57,0.5762,0.5597,0.5761,9112.3537
1750406400000,0.5761,0.5797,0.5677,0.5716,13028.1395
1750420800000,0.5716,0.576,0.5578,0.5611,17878.8613
1750435200000,0.5611,0.5616,0.5349,0.5485,50448.7408
1750449600000,0.5485,0.5543,0.536,0.5425,11455.1703
1750464000000,0.5425,0.553,0.5418,0.5497,8728.5058
1750478400000,0.5497,0.5504,0.544,0.5456,6785.4833
1750492800000,0.5456,0.55,0.542,0.5446,9716.346
1750507200000,0.5446,0.5463,0.5289,0.5346,42585.3008
1750521600000,0.5346,0.5362,0.5218,0.5219,15043.2048
1750536000000,0.5219,0.5301,0.496,0.506,81236.2478
1750550400000,0.506,0.5202,0.5022,0.5052,24982.9813
1750564800000,0.5052,0.5141,0.5043,0.5064,23493.4574
1750579200000,0.5064,0.5076,0.4895,0.4997,38476.4684
1750593600000,0.4997,0.504,0.4689,0.4762,99888.581
1750608000000,0.4762,0.4812,0.469,0.4736,21896.1207
1750622400000,0.4736,0.488,0.459,0.4864,34608.33
1750636800000,0.4864,0.4942,0.4854,0.4898,14306.587
1750651200000,0.4898,0.498,0.4889,0.4934,8403.0418
1750665600000,0.4934,0.4952,0.4893,0.4934,8630.8221
1750680000000,0.4934,0.5132,0.491,0.4976,28653.135
1750694400000,0.4976,0.5273,0.4836,0.5255,34046.1882
1750708800000,0.5255,0.5521,0.5244,0.5475,31667.6694
1750723200000,0.5475,0.5512,0.5441,0.5475,16769.9382
1750737600000,0.5475,0.5637,0.5468,0.5496,17250.9295
1750752000000,0.5496,0.5583,0.5475,0.5486,17845.149
1750766400000,0.5486,0.5591,0.5469,0.5575,16062.3791
1750780800000,0.5575,0.5754,0.5536,0.5572,21754.2839
1750795200000,0.5572,0.5625,0.5536,0.5553,11545.3427
1750809600000,0.5553,0.5586,0.551,0.555,8968.3178
1750824000000,0.555,0.5586,0.5513,0.5536,8459.4042
1750838400000,0.5536,0.5543,0.5449,0.5535,12077.2003
1750852800000,0.5535,0.5584,0.5407,0.5415,24009.8001
1750867200000,0.5415,0.5534,0.5389,0.5446,11882.6837
1750881600000,0.5446,0.5511,0.5367,0.5396,7284.1364
1750896000000,0.5396,0.5581,0.5389,0.5465,12969.8286
1750910400000,0.5465,0.552,0.5405,0.548,5492.5592
1750924800000,0.548,0.5494,0.5336,0.5358,9030.9538
1750939200000,0.5358,0.5358,0.5203,0.5325,17015.3421
1750953600000,0.5325,0.5372,0.5244,0.5356,11518.8218
1750968000000,0.5356,0.5454,0.5278,0.5291,9870.7332
1750982400000,0.5291,0.535,0.5236,0.5325,9015.392
1750996800000,0.5325,0.539,0.529,0.5296,13795.2177
1751011200000,0.5296,0.5382,0.529,0.5305,13263.1611
1751025600000,0.5305,0.5362,0.5244,0.5347,8376.78
1751040000000,0.5347,0.5402,0.523,0.5287,12929.8568
1751054400000,0.5287,0.539,0.5269,0.5342,8743.3172
1751068800000,0.5342,0.539,0.5336,0.5348,5520.0978
1751083200000,0.5348,0.5373,0.5326,0.5372,5760.6979
1751097600000,0.5372,0.5396,0.5336,0.5386,3785.8729
1751112000000,0.5386,0.5431,0.536,0.5431,3930.8237
1751126400000,0.5431,0.553,0.542,0.5487,6267.0739
1751140800000,0.5487,0.5551,0.5468,0.5517,3953.584
1751155200000,0.5517,0.554,0.548,0.5496,4363.0091
1751169600000,0.5496,0.5582,0.549,0.558,7845.9758
1751184000000,0.558,0.563,0.5567,0.5585,11750.2066
1751198400000,0.5585,0.5616,0.5487,0.5506,6955.0831
1751212800000,0.5506,0.5722,0.5501,0.5715,19365.077
1751227200000,0.5715,0.6221,0.5658,0.6059,43321.862
1751241600000,0.6059,0.6092,0.5848,0.5867,21160.802
1751256000000,0.5867,0.5924,0.577,0.5897,10383.1504
1751270400000,0.5897,0.5923,0.5787,0.5804,10938.4416
1751284800000,0.5804,0.5822,0.5638,0.5676,28325.4611
1751299200000,0.5676,0.5771,0.5654,0.5754,14904.6192
1751313600000,0.5754,0.5783,0.5655,0.5674,7935.037
1751328000000,0.5674,0.571,0.5557,0.5574,12727.7399
1751342400000,0.5574,0.5582,0.5452,0.5532,12285.8415
1751356800000,0.5532,0.5534,0.543,0.5444,11825.9368
1751371200000,0.5444,0.5481,0.539,0.5396,11775.6209
1751385600000,0.5396,0.5413,0.534,0.5346,5967.2997
1751400000000,0.5346,0.537,0.5244,0.5272,7564.0178
1751414400000,0.5272,0.5368,0.5238,0.533,13033.8204
1751428800000,0.533,0.549,0.5296,0.5456,18488.6155
1751443200000,0.5456,0.5474,0.5378,0.5385,19024.4093
1751457600000,0.5385,0.5522,0.538,0.5501,20355.8143
1751472000000,0.5501,0.5721,0.5494,0.5713,20103.2306
1751486400000,0.5713,0.5741,0.5636,0.5638,14599.8991
1751500800000,0.5638,0.5731,0.562,0.5675,15074.7072
1751515200000,0.5675,0.5881,0.5669,0.5855,17027.7924
1751529600000,0.5855,0.5896,0.5748,0.5764,12924.8043
1751544000000,0.5764,0.5863,0.566,0.5675,18065.6351
1751558400000,0.5675,0.574,0.5665,0.5724,6378.2423
1751572800000,0.5724,0.5783,0.5724,0.5737,4420.855
1751587200000,0.5737,0.5801,0.5663,0.5667,6739.5683
1751601600000,0.5667,0.5691,0.5503,0.5507,13242.3542
1751616000000,0.5507,0.5561,0.5466,0.5479,8262.5992
1751630400000,0.5479,0.551,0.5328,0.5337,15196.7607
1751644800000,0.5337,0.5346,0.5255,0.5277,8206.3625
1751659200000,0.5277,0.5341,0.527,0.5305,13290.1389
1751673600000,0.5305,0.5381,0.5303,0.534,6068.8483
1751688000000,0.534,0.536,0.5279,0.5331,3393.4854
1751702400000,0.5331,0.5341,0.5289,0.5316,5219.0235
1751716800000,0.5316,0.5316,0.5246,0.5264,4878.6028
1751731200000,0.5264,0.5293,0.519,0.524,7455.1918
1751745600000,0.524,0.5346,0.5227,0.5323,3765.3662
1751760000000,0.5323,0.5331,0.5268,0.5285,3950.1365
1751774400000,0.5285,0.5332,0.5267,0.5317,4906.5117
1751788800000,0.5317,0.536,0.5209,0.5341,17001.4887
1751803200000,0.5341,0.5471,0.532,0.5412,16239.6995
1751817600000,0.5412,0.5434,0.537,0.5405,10839.6205
1751832000000,0.5405,0.5551,0.5403,0.5434,10636.276
1751846400000,0.5434,0.554,0.5426,0.5498,8822.5347
1751860800000,0.5498,0.5511,0.5428,0.55,14316.0924
1751875200000,0.55,0.5533,0.5419,0.5439,11462.5351
1751889600000,0.5439,0.5502,0.537,0.5413,22208.369
1751904000000,0.5413,0.5489,0.536,0.5448,10634.1165
1751918400000,0.5448,0.5456,0.5376,0.5452,6446.0581
1751932800000,0.5452,0.548,0.536,0.5379,13242.2707
1751947200000,0.5379,0.538,0.5328,0.5355,6777.3572
1751961600000,0.5355,0.5451,0.5309,0.5436,9674.5583
1751976000000,0.5436,0.5492,0.5328,0.5346,12263.3776
1751990400000,0.5346,0.552,0.532,0.5494,16705.325
1752004800000,0.5494,0.552,0.5457,0.5485,11954.0762
1752019200000,0.5485,0.549,0.536,0.5364,16010.8649
1752033600000,0.5364,0.5522,0.536,0.5516,21104.7191
1752048000000,0.5516,0.5552,0.547,0.5534,21002.1935
1752062400000,0.5534,0.5659,0.553,0.5554,40941.5474
1752076800000,0.5554,0.5811,0.553,0.579,28219.9988
1752091200000,0.579,0.596,0.5747,0.587,46130.8761
1752105600000,0.587,0.5926,0.58,0.5914,17756.0586
1752120000000,0.5914,0.5993,0.5843,0.5926,16233.4507
1752134400000,0.5926,0.5953,0.5889,0.5911,12574.4459
1752148800000,0.5911,0.6018,0.588,0.5896,28200.3844
1752163200000,0.5896,0.6189,0.589,0.6147,28133.8375
1752177600000,0.6147,0.661,0.614,0.6577,52895.1708
1752192000000,0.6577,0.6791,0.646,0.676,37182.3504
1752206400000,0.676,0.7,0.668,0.6686,46427.3435
1752220800000,0.6686,0.6931,0.6684,0.6835,23008.0561
1752235200000,0.6835,0.7,0.6728,0.6752,36957.7563
1752249600000,0.6752,0.6952,0.6745,0.694,24665.753
1752264000000,0.694,0.694,0.647,0.6586,32137.0947
1752278400000,0.6586,0.667,0.6429,0.6644,20540.3773
1752292800000,0.6644,0.6652,0.6429,0.6554,14641.358
1752307200000,0.6554,0.6601,0.6499,0.6567,8917.5283
1752321600000,0.6567,0.6601,0.6248,0.6293,84223.8661
1752336000000,0.6293,0.6464,0.6268,0.6455,11492.4311
1752350400000,0.6455,0.65,0.635,0.6483,8661.1486
1752364800000,0.6483,0.6522,0.6428,0.6476,8301.9513
1752379200000,0.6476,0.661,0.6438,0.658,13902.0487
1752393600000,0.658,0.6621,0.6486,0.662,10817.35
1752408000000,0.662,0.674,0.6567,0.6635,26268.2795
1752422400000,0.6635,0.669,0.6558,0.664,11659.37
1752436800000,0.664,0.669,0.6484,0.6535,14616.7115
1752451200000,0.6535,0.689,0.6506,0.6855,19861.1079
1752465600000,0.6855,0.7,0.6761,0.6869,35467.2319
1752480000000,0.6869,0.6884,0.672,0.6809,26114.268
1752494400000,0.6809,0.693,0.661,0.6664,37845.029
1752508800000,0.6664,0.6737,0.6508,0.6534,18549.109
1752523200000,0.6534,0.6623,0.644,0.6582,11627.6553
1752537600000,0.6582,0.6721,0.634,0.6402,25357.4565
1752552000000,0.6402,0.6512,0.634,0.6424,10341.4121
1752566400000,0.6424,0.65,0.6378,0.6495,8383.8648
1752580800000,0.6495,0.676,0.6437,0.669,34942.7216
1752595200000,0.669,0.694,0.6661,0.6697,26275.3609
1752609600000,0.6697,0.7082,0.665,0.7056,22023.8853
1752624000000,0.7056,0.7161,0.6889,0.6959,28098.1462
1752638400000,0.6959,0.7222,0.6882,0.7165,25757.4036
1752652800000,0.7165,0.7166,0.7029,0.7106,20873.0612
1752667200000,0.7106,0.7364,0.7079,0.7165,49912.6885
1752681600000,0.7165,0.729,0.7107,0.7184,60608.0746
1752696000000,0.7184,0.73,0.7019,0.7059,26696.7857
1752710400000,0.7059,0.72,0.6839,0.6875,34512.3186
1752724800000,0.6875,0.712,0.6846,0.7092,26015.4564
1752739200000,0.7092,0.7292,0.706,0.7109,29797.6512
1752753600000,0.7109,0.722,0.698,0.7145,31711.396
1752768000000,0.7145,0.7184,0.691,0.7009,31616.565
1752782400000,0.7009,0.731,0.688,0.7196,49177.1844
1752796800000,0.7196,0.7531,0.7147,0.748,52426.474
1752811200000,0.748,0.798,0.7458,0.7776,68805.3671
1752825600000,0.7776,0.786,0.761,0.7851,62710.8107
1752840000000,0.7851,0.82,0.7728,0.7801,104208.5407
1752854400000,0.7801,0.788,0.747,0.7522,48503.3623
1752868800000,0.7522,0.757,0.727,0.7475,30583.7614
1752883200000,0.7475,0.781,0.722,0.7795,30746.5925
1752897600000,0.7795,0.79,0.752,0.7527,30470.2367
1752912000000,0.7527,0.7537,0.7377,0.7397,19366.2657
1752926400000,0.7397,0.7462,0.727,0.736,14951.1143
1752940800000,0.736,0.76,0.7301,0.7576,14782.462
1752955200000,0.7576,0.765,0.7459,0.7622,22020.8509
1752969600000,0.7622,0.7769,0.7519,0.7657,27783.2659
1752984000000,0.7657,0.779,0.7597,0.769,27361.6903
1752998400000,0.769,0.7871,0.769,0.784,33215.5961
1753012800000,0.784,0.7971,0.776,0.7964,41942.0166
1753027200000,0.7964,0.8122,0.7857,0.7945,91941.0764
1753041600000,0.7945,0.8,0.773,0.7838,43874.3708
1753056000000,0.7838,0.7971,0.764,0.796,44711.4047
1753070400000,0.796,0.8047,0.784,0.7944,23787.3022
1753084800000,0.7944,0.809,0.7839,0.801,40365.1225
1753099200000,0.801,0.8211,0.7899,0.803,56734.614
1753113600000,0.803,0.8042,0.7718,0.7785,44054.8022
1753128000000,0.7785,0.8089,0.7748,0.8064,25048.619
1753142400000,0.8064,0.8122,0.7671,0.7767,53031.3013
1753156800000,0.7767,0.7781,0.7509,0.7572,47617.38
1753171200000,0.7572,0.7692,0.735,0.7644,35275.509
1753185600000,0.7644,0.803,0.7479,0.8004,64974.4398
1753200000000,0.8004,0.814,0.774,0.7775,49799.7937
1753214400000,0.7775,0.801,0.7758,0.8006,16795.083
1753228800000,0.8006,0.803,0.7799,0.7852,23875.0755
1753243200000,0.7852,0.798,0.7631,0.7654,21957.4324
1753257600000,0.7654,0.7711,0.7459,0.7526,22320.3362
1753272000000,0.7526,0.7561,0.7089,0.725,67938.517
1753286400000,0.725,0.7252,0.691,0.7026,86257.2216
1753300800000,0.7026,0.7069,0.67,0.6895,40372.1181
1753315200000,0.6895,0.7083,0.686,0.6966,18708.3226
1753329600000,0.6966,0.7003,0.648,0.6724,48379.6392
1753344000000,0.6724,0.698,0.6674,0.6958,32280.2896
1753358400000,0.6958,0.73,0.6837,0.7164,45734.7793
1753372800000,0.7164,0.719,0.6939,0.7099,27094.9108
1753387200000,0.7099,0.7212,0.69,0.6922,16611.6147
1753401600000,0.6922,0.6942,0.664,0.674,31164.1151
1753416000000,0.674,0.6911,0.667,0.6825,22043.7451
1753430400000,0.6825,0.72,0.6815,0.7139,33447.8117
1753444800000,0.7139,0.7181,0.6792,0.6905,34021.6865
1753459200000,0.6905,0.7011,0.6837,0.6935,18372.6068
1753473600000,0.6935,0.7245,0.693,0.7196,19680.0572
1753488000000,0.7196,0.7291,0.716,0.726,9773.3624
1753502400000,0.726,0.7281,0.718,0.722,4797.5904
1753516800000,0.722,0.727,0.7189,0.719,6738.6836
1753531200000,0.719,0.7294,0.715,0.7292,8366.4158
1753545600000,0.7292,0.7333,0.716,0.7314,11211.1467
1753560000000,0.7314,0.7361,0.7217,0.722,8043.0459
1753574400000,0.722,0.7391,0.7196,0.7298,9657.837
1753588800000,0.7298,0.7411,0.725,0.726,8601.305
1753603200000,0.726,0.7351,0.717,0.7231,12031.1037
1753617600000,0.7231,0.7379,0.7197,0.7281,12770.3632
1753632000000,0.7281,0.7421,0.724,0.7306,18182.9071
1753646400000,0.7306,0.7501,0.7258,0.7426,22732.5861
1753660800000,0.7426,0.76,0.7297,0.7455,31608.3974
1753675200000,0.7455,0.8482,0.739,0.822,318922.9934
1753689600000,0.822,0.8721,0.8019,0.8218,128830.9298
1753704000000,0.8218,0.8226,0.782,0.7919,83188.3563
1753718400000,0.7919,0.8051,0.7697,0.7745,65965.3973
1753732800000,0.7745,0.7753,0.745,0.758,34088.8477
1753747200000,0.758,0.7582,0.724,0.7496,45258.5907
1753761600000,0.7496,0.7862,0.7432,0.7813,58391.71
1753776000000,0.7813,0.782,0.752,0.7554,39772.3136
1753790400000,0.7554,0.7721,0.723,0.7326,52012.9657
1753804800000,0.7326,0.734,0.7146,0.7204,28942.9449
1753819200000,0.7204,0.7352,0.7109,0.7262,25700.6063
1753833600000,0.7262,0.7272,0.7099,0.72,17884.4406
1753848000000,0.72,0.725,0.7099,0.7121,19692.1953
1753862400000,0.7121,0.7172,0.6808,0.6836,24627.501
1753876800000,0.6836,0.705,0.6797,0.6973,36610.0737
1753891200000,0.6973,0.717,0.6679,0.7018,78414.9979
1753905600000,0.7018,0.7111,0.6928,0.7063,28120.7054
1753920000000,0.7063,0.7191,0.7008,0.7175,20516.0308
1753934400000,0.7175,0.7271,0.716,0.725,34095.2499
1753948800000,0.725,0.729,0.7139,0.7162,38571.893
1753963200000,0.7162,0.7172,0.6808,0.6925,80227.4991
1753977600000,0.6925,0.7101,0.6847,0.6866,59242.1291
1753992000000,0.6866,0.6884,0.6626,0.6666,67649.5935
1754006400000,0.6666,0.673,0.647,0.667,81494.8158
1754020800000,0.667,0.667,0.6497,0.6542,48338.6862
1754035200000,0.6542,0.657,0.638,0.6564,57544.3324
1754049600000,0.6564,0.666,0.638,0.6595,91204.0893
1754064000000,0.6595,0.664,0.6398,0.66,72204.1951
1754078400000,0.66,0.662,0.6231,0.6477,107219.9211
1754092800000,0.6477,0.654,0.6469,0.6524,34170.9819
1754107200000,0.6524,0.654,0.6299,0.6474,45187.0227
1754121600000,0.6474,0.648,0.629,0.6394,55211.1673
1754136000000,0.6394,0.6412,0.6259,0.6284,84161.1314
1754150400000,0.6284,0.6381,0.615,0.6248,139506.2857
1754164800000,0.6248,0.6362,0.6247,0.6317,73302.6468
1754179200000,0.6317,0.643,0.6228,0.6408,81914.7898
1754193600000,0.6408,0.643,0.638,0.6426,50823.7838
1754208000000,0.6426,0.6522,0.6418,0.6487,52056.2426
1754222400000,0.6487,0.6522,0.6458,0.6506,64704.4243
1754236800000,0.6506,0.656,0.6482,0.6525,36554.4985
1754251200000,0.6525,0.6593,0.6506,0.6564,32853.2712
1754265600000,0.6564,0.67,0.6558,0.666,95157.064
1754280000000,0.666,0.672,0.6629,0.6684,71591.0732
1754294400000,0.6684,0.67,0.663,0.6656,84312.4937
1754308800000,0.6656,0.692,0.6647,0.6915,140087.6905
1754323200000,0.6915,0.7151,0.6899,0.6974,132062.8885
1754337600000,0.6974,0.7142,0.6974,0.7045,62186.9851
1754352000000,0.7045,0.7053,0.6888,0.6896,69344.629
1754366400000,0.6896,0.6911,0.6698,0.6715,80939.7562
1754380800000,0.6715,0.693,0.6708,0.69,66200.0387
1754395200000,0.69,0.691,0.662,0.6643,128852.5247
1754409600000,0.6643,0.671,0.6589,0.6593,107874.487
1754424000000,0.6593,0.666,0.6459,0.6615,75937.1046
1754438400000,0.6615,0.6617,0.6439,0.6456,58959.8941
1754452800000,0.6456,0.668,0.6419,0.668,59079.2187
1754467200000,0.668,0.669,0.66,0.6625,38470.4564
1754481600000,0.6625,0.6769,0.656,0.6757,75020.6719
1754496000000,0.6757,0.677,0.6648,0.669,58452.3317
1754510400000,0.669,0.6711,0.665,0.6675,21336.5066
1754524800000,0.6675,0.6761,0.665,0.665,25530.0328
1754539200000,0.665,0.6761,0.6649,0.6736,91556.393
1754553600000,0.6736,0.7,0.673,0.6985,100970.4298
1754568000000,0.6985,0.706,0.6916,0.697,73096.5896
1754582400000,0.697,0.7053,0.682,0.7045,45397.1429
1754596800000,0.7045,0.7182,0.703,0.7162,44121.2313
1754611200000,0.7162,0.7323,0.7063,0.7314,131157.669
1754625600000,0.7314,0.741,0.7197,0.7364,54457.7386
1754640000000,0.7364,0.745,0.7337,0.7359,86828.0351
1754654400000,0.7359,0.7533,0.7274,0.742,115883.7654
1754668800000,0.742,0.7692,0.7379,0.7602,94023.982
1754683200000,0.7602,0.762,0.756,0.7575,27244.3288
1754697600000,0.7575,0.774,0.7569,0.7694,43206.3194
1754712000000,0.7694,0.799,0.7668,0.7915,106740.3832
1754726400000,0.7915,0.801,0.7868,0.7975,84625.4267
1754740800000,0.7975,0.801,0.7797,0.7917,184438.2941
1754755200000,0.7917,0.8081,0.7906,0.8055,38938.4721
1754769600000,0.8055,0.8151,0.8017,0.8093,68138.0503
1754784000000,0.8093,0.8175,0.7871,0.7936,78457.0344
1754798400000,0.7936,0.7971,0.7606,0.7614,84736.6305
1754812800000,0.7614,0.7751,0.7538,0.762,53579.5343
1754827200000,0.762,0.787,0.76,0.7776,50990.3827
1754841600000,0.7776,0.7863,0.7758,0.7837,28620.6488
1754856000000,0.7837,0.7892,0.773,0.7886,26535.5126
1754870400000,0.7886,0.81,0.7819,0.8012,64628.5319
1754884800000,0.8012,0.811,0.7819,0.7836,43086.6198
1754899200000,0.7836,0.7941,0.758,0.76,45624.3366
1754913600000,0.76,0.7781,0.753,0.7705,56654.9316
1754928000000,0.7705,0.7862,0.7619,0.7672,44558.4935
1754942400000,0.7672,0.77,0.742,0.7488,32386.7098
1754956800000,0.7488,0.7692,0.7479,0.7584,30097.6253
1754971200000,0.7584,0.7612,0.744,0.76,18335.0469
1754985600000,0.76,0.761,0.738,0.7516,12681.7333
1755000000000,0.7516,0.784,0.746,0.7828,60041.6026
1755014400000,0.7828,0.7919,0.7788,0.788,20920.2702
1755028800000,0.788,0.799,0.784,0.7865,21605.4481
1755043200000,0.7865,0.799,0.7749,0.7946,27594.506
1755057600000,0.7946,0.8001,0.7779,0.7941,19061.039
1755072000000,0.7941,0.8216,0.7934,0.8146,41955.649
1755086400000,0.8146,0.8482,0.8118,0.8388,90981.368
1755100800000,0.8388,0.864,0.826,0.8325,46068.6786
1755115200000,0.8325,0.8832,0.828,0.8732,49778.1895
1755129600000,0.8732,0.8732,0.84,0.8546,47476.4869
1755144000000,0.8546,0.8591,0.8228,0.8281,39839.3428
1755158400000,0.8281,0.8291,0.812,0.8152,17022.1108
1755172800000,0.8152,0.8202,0.757,0.777,71143.3476
1755187200000,0.777,0.777,0.7479,0.7586,17371.4164
1755201600000,0.7586,0.7587,0.7397,0.7524,12399.4408
1755216000000,0.7524,0.7672,0.749,0.7605,11554.7647
1755230400000,0.7605,0.772,0.753,0.7592,12016.9185
1755244800000,0.7592,0.7641,0.7479,0.7507,10327.0188
1755259200000,0.7507,0.7648,0.7119,0.7174,41833.1404
1755273600000,0.7174,0.73,0.709,0.718,17403.6594
1755288000000,0.718,0.7351,0.715,0.7234,9062.5584
1755302400000,0.7234,0.734,0.7224,0.726,3662.673
1755316800000,0.726,0.7311,0.7214,0.725,8832.7237
1755331200000,0.725,0.7266,0.7139,0.718,4853.4217
1755345600000,0.718,0.7373,0.715,0.7345,12552.5646
1755360000000,0.7345,0.738,0.7286,0.732,3680.0989
1755374400000,0.732,0.742,0.732,0.7404,3273.5415
1755388800000,0.7404,0.7442,0.7339,0.7435,5565.0713
1755403200000,0.7435,0.7641,0.742,0.7606,11073.5584
1755417600000,0.7606,0.775,0.7576,0.7666,12464.5806
1755432000000,0.7666,0.7792,0.7578,0.7791,14036.0337
1755446400000,0.7791,0.7853,0.7539,0.7585,13556.6668
1755460800000,0.7585,0.7703,0.758,0.7606,8710.0121
1755475200000,0.7606,0.763,0.7235,0.7324,22599.0775
1755489600000,0.7324,0.7433,0.7217,0.7249,11638.9653
1755504000000,0.7249,0.7302,0.715,0.725,7965.5292
1755518400000,0.725,0.741,0.718,0.7286,13979.9204
1755532800000,0.7286,0.737,0.719,0.7285,8652.4535
1755547200000,0.7285,0.7391,0.7204,0.7216,7300.6946
1755561600000,0.7216,0.7351,0.705,0.7075,10395.6082
1755576000000,0.7075,0.7162,0.7017,0.7055,7540.4886
1755590400000,0.7055,0.724,0.699,0.723,9808.6127
1755604800000,0.723,0.7252,0.6948,0.7025,13742.6496
1755619200000,0.7025,0.705,0.685,0.6936,12051.4582
1755633600000,0.6936,0.6991,0.686,0.6872,4372.5255
1755648000000,0.6872,0.7011,0.683,0.6976,7125.4134
1755662400000,0.6976,0.72,0.6975,0.7065,6961.2823
1755676800000,0.7065,0.7161,0.699,0.708,5911.0427
1755691200000,0.708,0.723,0.6898,0.7174,15997.0197
1755705600000,0.7174,0.7311,0.715,0.7295,13992.9426
1755720000000,0.7295,0.731,0.7249,0.7264,2899.8281
1755734400000,0.7264,0.7331,0.7199,0.7249,8749.5199
1755748800000,0.7249,0.7301,0.7164,0.7231,5190.9799
1755763200000,0.7231,0.7237,0.7123,0.7154,4578.7409
1755777600000,0.7154,0.7232,0.7031,0.7072,15377.3406
1755792000000,0.7072,0.7173,0.704,0.7095,6835.6663
1755806400000,0.7095,0.7265,0.7067,0.7138,11264.7965
1755820800000,0.7138,0.7256,0.706,0.7139,8667.276
1755835200000,0.7139,0.7241,0.7111,0.7221,7435.6285
1755849600000,0.7221,0.7251,0.7043,0.7046,5780.0023
1755864000000,0.7046,0.7572,0.6865,0.7509,49673.8308
1755878400000,0.7509,0.8041,0.7509,0.7976,29247.8314
1755892800000,0.7976,0.8041,0.7872,0.7889,17582.2185
1755907200000,0.7889,0.7922,0.7605,0.7684,15350.1942
1755921600000,0.7684,0.786,0.768,0.7761,9016.3368
1755936000000,0.7761,0.7902,0.7737,0.7806,13903.5446
1755950400000,0.7806,0.7976,0.7772,0.7947,105629.8189
1755964800000,0.7947,0.8287,0.7896,0.8221,519649.355
1755979200000,0.8221,0.8238,0.8039,0.8109,513898.1934
1755993600000,0.8109,0.8162,0.7877,0.7947,8592.061
1756008000000,0.7947,0.7956,0.7763,0.7782,12729.5315
1756022400000,0.7782,0.7859,0.7666,0.7731,12498.5282
1756036800000,0.7731,0.7911,0.768,0.7798,10710.0296
1756051200000,0.7798,0.8183,0.7715,0.7872,33882.7058
1756065600000,0.7872,0.7879,0.7637,0.7754,16931.4802
1756080000000,0.7754,0.7849,0.7548,0.775,13554.066
1756094400000,0.775,0.7775,0.7368,0.7407,16548.8903
1756108800000,0.7407,0.7455,0.7217,0.7298,11325.0765
1756123200000,0.7298,0.7379,0.7214,0.7235,27321.5932
1756137600000,0.7235,0.7289,0.7005,0.7012,20204.2784
1756152000000,0.7012,0.7052,0.6791,0.6878,27135.8725
1756166400000,0.6878,0.7103,0.6831,0.6998,12992.6504
1756180800000,0.6998,0.7064,0.6924,0.6978,12657.6028
1756195200000,0.6978,0.7017,0.6906,0.694,6378.8941
1756209600000,0.694,0.7105,0.686,0.6951,23722.1774
1756224000000,0.6951,0.7139,0.6929,0.7125,14028.5716
1756238400000,0.7125,0.7162,0.7041,0.7059,8198.6464
1756252800000,0.7059,0.7125,0.6942,0.7071,9732.4021
1756267200000,0.7071,0.7135,0.6962,0.6998,8422.9349
1756281600000,0.6998,0.7071,0.6952,0.7018,7190.6111
1756296000000,0.7018,0.7125,0.694,0.708,15309.0709
1756310400000,0.708,0.7125,0.697,0.7025,14203.4486
1756324800000,0.7025,0.713,0.6936,0.6974,21449.3269
1756339200000,0.6974,0.7076,0.6913,0.7057,9278.1871
1756353600000,0.7057,0.7144,0.7038,0.7135,19311.4828
1756368000000,0.7135,0.7203,0.7115,0.7189,15389.3525
1756382400000,0.7189,0.7346,0.7105,0.7126,27102.3058
1756396800000,0.7126,0.721,0.7036,0.7095,15061.7019
1756411200000,0.7095,0.7408,0.7088,0.7376,14423.1585
1756425600000,0.7376,0.7393,0.721,0.7278,27809.2722
1756440000000,0.7278,0.7309,0.7002,0.7016,22194.6874
1756454400000,0.7016,0.7046,0.687,0.696,16488.1725
1756468800000,0.696,0.7159,0.6799,0.6907,37249.7889
1756483200000,0.6907,0.6943,0.6749,0.6861,14550.4449
1756497600000,0.6861,0.697,0.6813,0.6932,21850.2512
1756512000000,0.6932,0.7034,0.6786,0.7014,17879.3065
1756526400000,0.7014,0.7218,0.6983,0.7217,10601.0368
1756540800000,0.7217,0.7222,0.7073,0.7099,8517.7549
1756555200000,0.7099,0.7104,0.6956,0.7046,9252.1715
1756569600000,0.7046,0.7046,0.6957,0.7035,4685.2664
1756584000000,0.7035,0.71,0.6998,0.7067,3678.0524
1756598400000,0.7067,0.7189,0.7056,0.7189,8604.6712
1756612800000,0.7189,0.7194,0.7054,0.7059,5797.9356
1756627200000,0.7059,0.7121,0.6915,0.7082,14279.5682
1756641600000,0.7082,0.7119,0.6994,0.7065,7390.2295
1756656000000,0.7065,0.7087,0.7013,0.7021,5565.0088
1756670400000,0.7021,0.7062,0.6909,0.6919,12845.3916
1756684800000,0.6919,0.6925,0.676,0.6809,15384.3968
1756699200000,0.6809,0.7094,0.6715,0.7089,16474.3543
1756713600000,0.7089,0.7237,0.7022,0.704,25220.7078
1756728000000,0.704,0.7095,0.6864,0.6881,21236.9965
1756742400000,0.6881,0.6882,0.6761,0.6858,10648.8974
1756756800000,0.6858,0.6863,0.6534,0.673,25331.4641
1756771200000,0.673,0.6927,0.6683,0.6912,23110.3981
1756785600000,0.6912,0.6979,0.6863,0.6873,12037.3299
1756800000000,0.6873,0.6999,0.6864,0.6944,7147.9492
1756814400000,0.6944,0.7135,0.6822,0.6916,34005.1726
1756828800000,0.6916,0.7016,0.6881,0.6942,12613.6515
1756843200000,0.6942,0.7127,0.6927,0.7104,10415.321
1756857600000,0.7104,0.7175,0.7023,0.7167,11390.3887
1756872000000,0.7167,0.7171,0.706,0.7117,7191.4186
1756886400000,0.7117,0.7207,0.7057,0.715,9363.5538
1756900800000,0.715,0.7262,0.7099,0.7239,16258.9802
1756915200000,0.7239,0.7271,0.72,0.7249,5729.8452
1756929600000,0.7249,0.728,0.7177,0.7188,4798.0054
1756944000000,0.7188,0.7225,0.7058,0.7063,8658.857
1756958400000,0.7063,0.7105,0.6983,0.702,7612.6757
1756972800000,0.702,0.7073,0.7001,0.7015,7102.9481
1756987200000,0.7015,0.7054,0.6864,0.6886,14842.3518
1757001600000,0.6886,0.6929,0.6813,0.6849,21314.4689
1757016000000,0.6849,0.6993,0.6841,0.6899,6121.5104
1757030400000,0.6899,0.6983,0.6885,0.6976,7020.4699
1757044800000,0.6976,0.7152,0.6969,0.714,27793.6486
1757059200000,0.714,0.717,0.7052,0.715,13230.741
1757073600000,0.715,0.7326,0.7018,0.7083,63752.0033
1757088000000,0.7083,0.7172,0.7063,0.717,10791.7788
1757102400000,0.717,0.7242,0.713,0.7197,14517.6139
1757116800000,0.7197,0.7235,0.7142,0.718,8834.781
1757131200000,0.718,0.7181,0.7119,0.7148,7002.0567
1757145600000,0.7148,0.7162,0.7084,0.7146,6892.1805
1757160000000,0.7146,0.721,0.7108,0.7134,11734.6414
1757174400000,0.7134,0.7229,0.7094,0.71,14093.8442
1757188800000,0.71,0.7177,0.7095,0.7122,7778.665
1757203200000,0.7122,0.7233,0.7121,0.7205,13752.6823
1757217600000,0.7205,0.725,0.7167,0.7179,11706.1811
1757232000000,0.7179,0.7235,0.7155,0.7202,8886.3974
1757246400000,0.7202,0.7215,0.716,0.7168,9334.2442
1757260800000,0.7168,0.7177,0.7108,0.7151,12198.216
1757275200000,0.7151,0.7269,0.7137,0.7207,9476.2436
1757289600000,0.7207,0.7373,0.7177,0.7329,48728.5889
1757304000000,0.7329,0.7332,0.72,0.7236,31061.5643
1757318400000,0.7236,0.7466,0.7233,0.7349,60532.7914
1757332800000,0.7349,0.7541,0.7326,0.7509,56461.6994
1757347200000,0.7509,0.7583,0.7464,0.7487,57077.5796
1757361600000,0.7487,0.7575,0.7443,0.7517,30629.9668
1757376000000,0.7517,0.7962,0.741,0.7534,208173.4837
1757390400000,0.7534,0.7817,0.7496,0.7811,80914.6971
1757404800000,0.7811,0.7893,0.7774,0.783,79064.0752
1757419200000,0.783,0.7897,0.7494,0.7556,135352.3286
1757433600000,0.7556,0.7615,0.7473,0.758,42918.2574
1757448000000,0.758,0.7665,0.7536,0.7639,37418.4628
1757462400000,0.7639,0.7756,0.7583,0.771,63680.0387
1757476800000,0.771,0.7751,0.7614,0.7689,55688.6582
1757491200000,0.7689,0.7725,0.7658,0.7678,49147.3189
1757505600000,0.7678,0.7914,0.7672,0.7791,109922.0296
1757520000000,0.7791,0.783,0.763,0.7659,63395.685
1757534400000,0.7659,0.7736,0.7649,0.7736,33386.4757
1757548800000,0.7736,0.7954,0.7706,0.7946,78295.8463
1757563200000,0.7946,0.7954,0.7832,0.7894,73507.8268
1757577600000,0.7894,0.7905,0.7767,0.7776,55949.1684
1757592000000,0.7776,0.7925,0.7668,0.7699,126463.1838
1757606400000,0.7699,0.7825,0.7695,0.7809,31581.2775
1757620800000,0.7809,0.7915,0.7785,0.7899,28522.715
1757635200000,0.7899,0.7995,0.7781,0.7817,90770.3394
1757649600000,0.7817,0.7905,0.7785,0.7821,85167.9393
1757664000000,0.7821,0.7827,0.7708,0.7717,79878.4527
1757678400000,0.7717,0.7854,0.7681,0.7771,81916.3641
1757692800000,0.7771,0.8077,0.777,0.804,156033.6528
1757707200000,0.804,0.8083,0.7962,0.8013,134412.0913
1757721600000,0.8013,0.8091,0.7953,0.8063,127270.3638
1757736000000,0.8063,0.8151,0.8022,0.8084,130127.6951
1757750400000,0.8084,0.8339,0.8084,0.8317,261793.1682
1757764800000,0.8317,0.8359,0.8105,0.8233,296680.2495
1757779200000,0.8233,0.8275,0.8069,0.8191,185367.8323
1757793600000,0.8191,0.8268,0.8183,0.8203,60750.3641
1757808000000,0.8203,0.8219,0.803,0.8046,104081.8011
1757822400000,0.8046,0.8153,0.797,0.8041,80777.0198
1757836800000,0.8041,0.8087,0.7875,0.7896,102228.7063
1757851200000,0.7896,0.7953,0.769,0.7759,243049.3679
1757865600000,0.7759,0.7893,0.7744,0.7849,93916.9659
1757880000000,0.7849,0.7963,0.7836,0.7855,51530.3181
1757894400000,0.7855,0.8005,0.7759,0.7987,114494.7168
1757908800000,0.7987,0.8076,0.7722,0.7734,337170.1632
1757923200000,0.7734,0.7734,0.7464,0.7502,395825.6266
1757937600000,0.7502,0.7532,0.7337,0.7395,245413.4228
1757952000000,0.7395,0.7435,0.7312,0.7405,146317.842
1757966400000,0.7405,0.7457,0.7392,0.7435,69931.6353
1757980800000,0.7435,0.7469,0.7383,0.7397,93015.8445
1757995200000,0.7397,0.7575,0.7321,0.7523,139282.7098
1758009600000,0.7523,0.7624,0.7519,0.7563,126958.9021
1758024000000,0.7563,0.7676,0.7456,0.7676,213610.8694
1758038400000,0.7676,0.7784,0.7601,0.777,153563.4713
1758052800000,0.777,0.7872,0.7744,0.7787,113227.4146
1758067200000,0.7787,0.787,0.774,0.7772,158912.0972
1758081600000,0.7772,0.7836,0.7689,0.7777,143586.2417
1758096000000,0.7777,0.7778,0.7617,0.7671,116896.1587
1758110400000,0.7671,0.7704,0.761,0.7626,81256.7794
1758124800000,0.7626,0.7942,0.7567,0.7933,386415.4694
1758139200000,0.7933,0.8194,0.7856,0.8119,266284.9188
1758153600000,0.8119,0.8271,0.8081,0.8196,270373.977
1758168000000,0.8196,0.8267,0.8054,0.8118,211372.9084
1758182400000,0.8118,0.8168,0.8059,0.8156,139888.0954
1758196800000,0.8156,0.8305,0.812,0.822,129457.5377
1758211200000,0.822,0.8375,0.822,0.8308,95939.4498
1758225600000,0.8308,0.8395,0.8263,0.8316,84313.1046
1758240000000,0.8316,0.856,0.8316,0.8349,210332.5717
1758254400000,0.8349,0.8371,0.8209,0.8319,171388.136
1758268800000,0.8319,0.8362,0.8067,0.8108,162431.8315
1758283200000,0.8108,0.8165,0.7933,0.8026,152258.3646
1758297600000,0.8026,0.8085,0.7919,0.7946,70038.2062
1758312000000,0.7946,0.7998,0.785,0.7917,42631.8881
1758326400000,0.7917,0.7981,0.7857,0.7958,47174.7632
1758340800000,0.7958,0.81,0.7942,0.8074,63123.0496
1758355200000,0.8074,0.8079,0.7947,0.8014,70612.4173
1758369600000,0.8014,0.8263,0.7991,0.8175,92049.2558
1758384000000,0.8175,0.8216,0.8032,0.8048,81208.5561
1758398400000,0.8048,0.8151,0.8038,0.8088,33339.6259
1758412800000,0.8088,0.8164,0.8059,0.8153,47601.6673
1758427200000,0.8153,0.8198,0.8045,0.8125,105901.612
1758441600000,0.8125,0.814,0.7869,0.7952,97498.5568
1758456000000,0.7952,0.802,0.7867,0.7877,63238.5262
1758470400000,0.7877,0.7896,0.7767,0.7856,63249.8835
1758484800000,0.7856,0.7856,0.7767,0.7787,41236.3627
1758499200000,0.7787,0.7817,0.7348,0.7467,256955.6725
1758513600000,0.7467,0.7507,0.6869,0.7094,394589.1191
1758528000000,0.7094,0.7123,0.6995,0.7049,173783.433
1758542400000,0.7049,0.7092,0.693,0.6939,244405.9844
1758556800000,0.6939,0.7003,0.6871,0.6886,167957.4247
1758571200000,0.6886,0.7037,0.6878,0.7036,68351.5808
1758585600000,0.7036,0.7066,0.6844,0.7025,89124.6582
1758600000000,0.7025,0.7131,0.6944,0.7074,130940.4311
1758614400000,0.7074,0.7104,0.6994,0.7029,90267.7412
1758628800000,0.7029,0.7083,0.6958,0.7006,98822.6776
1758643200000,0.7006,0.7077,0.6867,0.6883,79219.3561
1758657600000,0.6883,0.6946,0.6801,0.6825,58138.7731
1758672000000,0.6825,0.6987,0.6821,0.6846,70666.7861
1758686400000,0.6846,0.7049,0.6735,0.7019,144717.0724
1758700800000,0.7019,0.7084,0.6986,0.7062,89824.9629
1758715200000,0.7062,0.7104,0.6943,0.6954,92662.3249
1758729600000,0.6954,0.6989,0.6871,0.6896,61932.7473
1758744000000,0.6896,0.6908,0.68,0.6822,47757.6255
1758758400000,0.6822,0.6856,0.6711,0.6785,126372.9324
1758772800000,0.6785,0.6802,0.6636,0.6675,154150.3036
1758787200000,0.6675,0.6769,0.6655,0.6682,92429.4712
1758801600000,0.6682,0.6789,0.656,0.6693,158115.78
1758816000000,0.6693,0.6699,0.6339,0.652,378122.1008
1758830400000,0.652,0.6533,0.6347,0.6414,89716.9315
1758844800000,0.6414,0.6535,0.6397,0.6516,96141.9437
1758859200000,0.6516,0.6545,0.644,0.6508,85327.7732
1758873600000,0.6508,0.6545,0.6376,0.6434,102245.7953
1758888000000,0.6434,0.6575,0.6358,0.6541,139518.6983
1758902400000,0.6541,0.6686,0.6535,0.6635,135973.7411
1758916800000,0.6635,0.673,0.6616,0.6695,54812.2292
1758931200000,0.6695,0.67,0.6655,0.6657,38372.5404
1758945600000,0.6657,0.6738,0.6648,0.669,32282.6184
1758960000000,0.669,0.6768,0.6603,0.6754,90913.0097
1758974400000,0.6754,0.6761,0.6655,0.6729,87925.5717
1758988800000,0.6729,0.6735,0.6641,0.6695,30480.7423
1759003200000,0.6695,0.6808,0.6691,0.6728,38737.1784
1759017600000,0.6728,0.6735,0.6632,0.6678,31888.647
1759032000000,0.6678,0.6678,0.6581,0.6582,65125.9815
1759046400000,0.6582,0.6603,0.6545,0.6569,59943.3359
1759060800000,0.6569,0.667,0.6522,0.664,37840.4634
1759075200000,0.664,0.673,0.6636,0.6709,35920.2834
1759089600000,0.6709,0.6856,0.6703,0.6828,64518.3346
1759104000000,0.6828,0.6831,0.6762,0.6802,38070.9533
1759118400000,0.6802,0.6808,0.669,0.6741,34917.9543
1759132800000,0.6741,0.68,0.6661,0.6698,38134.9088
1759147200000,0.6698,0.686,0.6598,0.6733,120194.684
1759161600000,0.6733,0.6765,0.6628,0.6746,52940.3662
1759176000000,0.6746,0.6841,0.6736,0.674,38210.4629
1759190400000,0.674,0.6758,0.6614,0.6642,69052.9471
1759204800000,0.6642,0.6705,0.6608,0.6633,37003.3843
1759219200000,0.6633,0.6666,0.6589,0.6662,45155.5635
1759233600000,0.6662,0.6672,0.6505,0.6567,76216.3431
1759248000000,0.6567,0.6722,0.6521,0.6713,75453.4147
1759262400000,0.6713,0.6778,0.6654,0.6711,46340.6796
1759276800000,0.6711,0.6736,0.6627,0.6634,42661.8527
1759291200000,0.6634,0.6748,0.6628,0.6666,52941.2338
1759305600000,0.6666,0.6958,0.6664,0.6883,126347.8134
1759320000000,0.6883,0.6974,0.6851,0.6963,70291.3096
1759334400000,0.6963,0.7059,0.6938,0.705,93840.5035
1759348800000,0.705,0.7057,0.6974,0.705,92477.4268
1759363200000,0.705,0.7174,0.7014,0.7144,96735.9862
1759377600000,0.7144,0.7259,0.7136,0.7158,93022.9189
1759392000000,0.7158,0.7305,0.7128,0.7275,106684.191
1759406400000,0.7275,0.7389,0.7083,0.724,193171.0751
1759420800000,0.724,0.7486,0.7223,0.7464,107905.2545
1759435200000,0.7464,0.7547,0.7443,0.7506,91416.94
1759449600000,0.7506,0.7511,0.7352,0.7378,86964.92
1759464000000,0.7378,0.7455,0.7287,0.7319,125380.8631
1759478400000,0.7319,0.7354,0.7268,0.7284,78222.9756
1759492800000,0.7284,0.7478,0.7238,0.7464,121055.1267
1759507200000,0.7464,0.7601,0.7315,0.7501,229141.6367
1759521600000,0.7501,0.7545,0.7426,0.7446,65100.5526
1759536000000,0.7446,0.7486,0.7302,0.7319,62126.0434
1759550400000,0.7319,0.7418,0.7283,0.7332,57368.8621
1759564800000,0.7332,0.734,0.7176,0.7201,74317.0637
1759579200000,0.7201,0.7332,0.7132,0.7161,65580.4923
1759593600000,0.7161,0.7258,0.7146,0.7235,39447.0922
1759608000000,0.7235,0.7271,0.722,0.7247,24277.1193
1759622400000,0.7247,0.7419,0.7207,0.7353,79206.4796
1759636800000,0.7353,0.7534,0.7346,0.7534,108857.9035
1759651200000,0.7534,0.7568,0.7325,0.7384,108395.2047
1759665600000,0.7384,0.7412,0.7307,0.7365,67505.3247
1759680000000,0.7365,0.7381,0.7135,0.7143,88041.398
1759694400000,0.7143,0.7218,0.7124,0.7185,37395.6615
1759708800000,0.7185,0.7328,0.7139,0.7293,98542.635
1759723200000,0.7293,0.7387,0.7196,0.7296,79961.9703
1759737600000,0.7296,0.7433,0.7284,0.7392,71200.3399
1759752000000,0.7392,0.763,0.7391,0.7592,217576.8196
1759766400000,0.7592,0.7654,0.7546,0.7634,134804.9887
1759780800000,0.7634,0.7664,0.7561,0.7581,113468.9193
1759795200000,0.7581,0.7629,0.7469,0.7483,75500.6588
1759809600000,0.7483,0.7552,0.7365,0.7385,98300.016
1759824000000,0.7385,0.7451,0.7293,0.7439,122069.9884
1759838400000,0.7439,0.7466,0.7073,0.7093,276982.1665
1759852800000,0.7093,0.7182,0.7028,0.7105,146213.9104
1759867200000,0.7105,0.7228,0.7088,0.7118,57744.0166
1759881600000,0.7118,0.7237,0.7013,0.7068,60947.2585
1759896000000,0.7068,0.7125,0.7017,0.7125,48841.6526
1759910400000,0.7125,0.7206,0.7112,0.7141,51538.7232
1759924800000,0.7141,0.7255,0.7094,0.7167,63307.7273
1759939200000,0.7167,0.7448,0.7147,0.7345,95581.5336
1759953600000,0.7345,0.7359,0.7282,0.7311,30289.7484
1759968000000,0.7311,0.7328,0.7071,0.7184,46721.0267
1759982400000,0.7184,0.7223,0.7053,0.7065,42957.4937
1759996800000,0.7065,0.7077,0.6913,0.7003,87257.9026
1760011200000,0.7003,0.7083,0.6852,0.6907,99823.0613
1760025600000,0.6907,0.6999,0.6835,0.698,58249.6887
1760040000000,0.698,0.7096,0.6957,0.7068,31581.2053
1760054400000,0.7068,0.7284,0.7045,0.7199,59907.7813
1760068800000,0.7199,0.7291,0.7136,0.7142,73409.2986
1760083200000,0.7142,0.7273,0.7132,0.7237,48477.3334
1760097600000,0.7237,0.7342,0.6781,0.6875,179952.1346
1760112000000,0.6875,0.6953,0.6596,0.6653,148153.2325
1760126400000,0.6653,0.6707,0.2287,0.4975,1587179.916
1760140800000,0.4975,0.5104,0.4724,0.484,646440.9078
1760155200000,0.484,0.4925,0.4754,0.4832,324595.9065
1760169600000,0.4832,0.5059,0.4782,0.4922,266794.1723
1760184000000,0.4922,0.4939,0.4691,0.4847,653825.9615
1760198400000,0.4847,0.4878,0.4538,0.4589,164140.3957
1760212800000,0.4589,0.4599,0.4383,0.4561,278546.1851
1760227200000,0.4561,0.4614,0.4448,0.4564,186490.028
1760241600000,0.4564,0.4669,0.4547,0.4631,100189.1828
1760256000000,0.4631,0.465,0.4526,0.4575,115451.7779
1760270400000,0.4575,0.4879,0.4498,0.4826,323647.0201
1760284800000,0.4826,0.4964,0.4797,0.4958,312388.8014
1760299200000,0.4958,0.4996,0.4824,0.4873,126051.4847
1760313600000,0.4873,0.4918,0.478,0.4792,115382.8151
1760328000000,0.4792,0.4947,0.4745,0.4866,161383.3011
1760342400000,0.4866,0.4989,0.4718,0.4807,285169.6233
1760356800000,0.4807,0.4953,0.4701,0.4793,442705.8101
1760371200000,0.4793,0.5045,0.4719,0.5035,372435.007
1760385600000,0.5035,0.5118,0.5005,0.5022,160052.7356
1760400000000,0.5022,0.5061,0.4857,0.4861,200416.4238
1760414400000,0.4861,0.4879,0.4504,0.4586,329558.1505
1760428800000,0.4586,0.4794,0.4526,0.4591,395979.2965
1760443200000,0.4591,0.4772,0.4497,0.4761,245459.4968
1760457600000,0.4761,0.4886,0.4692,0.4791,303218.8577
1760472000000,0.4791,0.4877,0.4766,0.4853,73255.0527
1760486400000,0.4853,0.488,0.4758,0.4788,84931.6215
1760500800000,0.4788,0.4877,0.4767,0.4871,76236.454
1760515200000,0.4871,0.4938,0.473,0.4755,126459.2558
1760529600000,0.4755,0.4771,0.4601,0.4639,122938.8661
1760544000000,0.4639,0.4653,0.4562,0.4583,89249.8138
1760558400000,0.4583,0.4604,0.4497,0.4562,82298.2394
1760572800000,0.4562,0.463,0.4535,0.4566,50854.0087
1760587200000,0.4566,0.4636,0.4543,0.4582,87331.9546
1760601600000,0.4582,0.4642,0.439,0.461,157632.7095
1760616000000,0.461,0.465,0.435,0.4371,188420.8714
1760630400000,0.4371,0.4496,0.4264,0.4299,213359.2693
1760644800000,0.4299,0.4317,0.4207,0.4275,119430.3771
1760659200000,0.4275,0.4331,0.4245,0.432,63132.2346
1760673600000,0.432,0.4345,0.3995,0.4019,223260.1154
1760688000000,0.4019,0.4191,0.3947,0.4168,288740.4673
1760702400000,0.4168,0.4222,0.4102,0.4219,177525.7827
1760716800000,0.4219,0.4284,0.4168,0.4189,130108.7439
1760731200000,0.4189,0.4277,0.4176,0.4192,53838.6653
1760745600000,0.4192,0.4268,0.418,0.4238,35770.3072
1760760000000,0.4238,0.4304,0.4182,0.4225,64180.6417
1760774400000,0.4225,0.4292,0.421,0.4283,33285.9533
1760788800000,0.4283,0.4297,0.4197,0.4225,41509.295
1760803200000,0.4225,0.4268,0.4183,0.4259,29806.039
1760817600000,0.4259,0.4299,0.4239,0.4278,31856.3847
1760832000000,0.4278,0.4324,0.4241,0.4314,32249.7288
1760846400000,0.4314,0.4322,0.4241,0.4274,32091.2072
1760860800000,0.4274,0.4398,0.4207,0.4347,163624.3924
1760875200000,0.4347,0.4425,0.4312,0.4394,102441.2679
1760889600000,0.4394,0.4452,0.437,0.4417,87386.9517
1760904000000,0.4417,0.4444,0.4378,0.4386,50066.4277
1760918400000,0.4386,0.451,0.4304,0.449,61213.6085
1760932800000,0.449,0.4564,0.4478,0.4492,71353.6608
1760947200000,0.4492,0.4534,0.4456,0.4498,79359.2869
1760961600000,0.4498,0.4578,0.4488,0.4488,85468.0788
1760976000000,0.4488,0.452,0.4397,0.4506,92597.2318
1760990400000,0.4506,0.4525,0.4468,0.4471,43235.9878
1761004800000,0.4471,0.4478,0.4359,0.4363,60699.0412
1761019200000,0.4363,0.4368,0.426,0.4335,80871.3354
1761033600000,0.4335,0.4385,0.4271,0.4355,57036.4089
1761048000000,0.4355,0.4671,0.4344,0.4622,231500.1646
1761062400000,0.4622,0.4667,0.4528,0.4571,143933.9561
1761076800000,0.4571,0.458,0.4318,0.4332,117381.6084
1761091200000,0.4332,0.4361,0.4294,0.4352,68774.4
1761105600000,0.4352,0.4384,0.4281,0.4334,79556.5587
1761120000000,0.4334,0.4356,0.4228,0.4324,104351.2608
1761134400000,0.4324,0.4371,0.4271,0.4326,137193.9195
1761148800000,0.4326,0.4341,0.4189,0.4231,110893.3845
1761163200000,0.4231,0.4247,0.4049,0.4194,127628.7556
1761177600000,0.4194,0.4234,0.4181,0.4211,49442.1598
1761192000000,0.4211,0.4303,0.4206,0.4281,45733.423
1761206400000,0.4281,0.4343,0.4273,0.4282,58062.7048
1761220800000,0.4282,0.4348,0.4238,0.4326,78985.9771
1761235200000,0.4326,0.4401,0.4317,0.4345,73442.5078
1761249600000,0.4345,0.4346,0.4276,0.4336,32561.596
1761264000000,0.4336,0.4358,0.431,0.4321,27215.4843
1761278400000,0.4321,0.4442,0.431,0.4402,59570.729
1761292800000,0.4402,0.4451,0.4361,0.4412,36596.6943
1761307200000,0.4412,0.4523,0.4348,0.4365,97638.5743
1761321600000,0.4365,0.4457,0.4333,0.4445,56925.4758
1761336000000,0.4445,0.4496,0.4442,0.4482,28397.2565
1761350400000,0.4482,0.4483,0.4429,0.443,27307.8617
1761364800000,0.443,0.4452,0.44,0.4403,26438.3555
1761379200000,0.4403,0.4435,0.4386,0.443,22417.3091
1761393600000,0.443,0.4473,0.4428,0.4465,34004.9488
1761408000000,0.4465,0.4506,0.4451,0.4504,47329.0672
1761422400000,0.4504,0.451,0.4463,0.4467,26304.0161
1761436800000,0.4467,0.4479,0.4396,0.441,29691.1058
1761451200000,0.441,0.4471,0.4407,0.4467,25211.9316
1761465600000,0.4467,0.4606,0.4467,0.4591,66036.9514
1761480000000,0.4591,0.4642,0.4579,0.4631,88172.9566
1761494400000,0.4631,0.4633,0.4591,0.4612,25488.5039
1761508800000,0.4612,0.4715,0.4567,0.4647,76068.9421
1761523200000,0.4647,0.4714,0.4635,0.469,49986.149
1761537600000,0.469,0.476,0.4645,0.4674,75150.9869
1761552000000,0.4674,0.4691,0.456,0.4606,75357.5892
1761566400000,0.4606,0.461,0.4519,0.4569,72109.671
1761580800000,0.4569,0.4686,0.4569,0.4597,68991.2142
1761595200000,0.4597,0.4597,0.4484,0.4518,56993.062
1761609600000,0.4518,0.455,0.4484,0.451,48159.7536
1761624000000,0.451,0.4615,0.448,0.4546,50294.4999
1761638400000,0.4546,0.4583,0.4518,0.4524,34888.2929
1761652800000,0.4524,0.4623,0.4454,0.452,92467.9416
1761667200000,0.452,0.4571,0.44,0.4421,63460.1084
1761681600000,0.4421,0.4421,0.427,0.4356,114889.035
1761696000000,0.4356,0.4391,0.434,0.4348,28045.0459
1761710400000,0.4348,0.4391,0.4346,0.4375,29721.2795
1761724800000,0.4375,0.4481,0.4343,0.4456,59442.9499
1761739200000,0.4456,0.4501,0.4369,0.4397,81183.5002
1761753600000,0.4397,0.452,0.4259,0.4487,320507.9884
1761768000000,0.4487,0.4558,0.4382,0.4403,69233.9721
1761782400000,0.4403,0.4478,0.4374,0.4423,52158.872
1761796800000,0.4423,0.4423,0.4228,0.4379,123376.1723
1761811200000,0.4379,0.4379,0.4243,0.4243,61534.8017
1761825600000,0.4243,0.4248,0.3997,0.4011,183699.8944
1761840000000,0.4011,0.404,0.3867,0.3885,179515.4022
1761854400000,0.3885,0.4008,0.387,0.4003,102239.469
1761868800000,0.4003,0.4084,0.3989,0.4019,113869.178
1761883200000,0.4019,0.4049,0.3983,0.3987,77546.9193
1761897600000,0.3987,0.4064,0.3966,0.4061,76507.4057
1761912000000,0.4061,0.4078,0.3983,0.4048,89906.2517
1761926400000,0.4048,0.405,0.3875,0.4028,139647.2514
1761940800000,0.4028,0.4033,0.3951,0.3991,53092.9946
1761955200000,0.3991,0.403,0.3959,0.4018,41418.8249
1761969600000,0.4018,0.4073,0.397,0.4059,48508.3235
1761984000000,0.4059,0.4103,0.4038,0.4098,83030.1517
1761998400000,0.4098,0.4138,0.4048,0.4101,81551.5711
1762012800000,0.4101,0.4162,0.4091,0.4148,79781.1858
1762027200000,0.4148,0.4183,0.4121,0.4169,41562.1487
1762041600000,0.4169,0.4172,0.411,0.4116,29504.1496
1762056000000,0.4116,0.4268,0.4111,0.4263,98235.9599
1762070400000,0.4263,0.4293,0.4204,0.4291,92116.0831
1762084800000,0.4291,0.4307,0.4089,0.412,91496.0222
1762099200000,0.412,0.4154,0.4056,0.4094,62020.2425
1762113600000,0.4094,0.4219,0.4074,0.4202,54503.1606
1762128000000,0.4202,0.4219,0.3862,0.3876,132769.637
1762142400000,0.3876,0.391,0.3762,0.3845,207184.2683
1762156800000,0.3845,0.3878,0.3759,0.3805,110938.8689
1762171200000,0.3805,0.3876,0.3444,0.3542,329628.6315
1762185600000,0.3542,0.3685,0.3514,0.3551,168071.1723
1762200000000,0.3551,0.3558,0.3431,0.3527,158190.6868
1762214400000,0.3527,0.364,0.3482,0.3636,123124.0876
1762228800000,0.3636,0.3676,0.3431,0.3469,249839.1101
1762243200000,0.3469,0.3683,0.3452,0.3623,818585.6308
1762257600000,0.3623,0.3686,0.3534,0.3576,158959.0711
1762272000000,0.3576,0.3605,0.3289,0.3352,358622.1547
1762286400000,0.3352,0.35,0.3179,0.3454,434916.3543
1762300800000,0.3454,0.3552,0.3283,0.3533,262159.9099
1762315200000,0.3533,0.3553,0.3487,0.3521,86255.3387
1762329600000,0.3521,0.3578,0.3457,0.3568,110328.7422
1762344000000,0.3568,0.3638,0.3545,0.3638,121108.5106
1762358400000,0.3638,0.3766,0.3594,0.3742,125098.8574
1762372800000,0.3742,0.3773,0.3693,0.3728,89864.701
1762387200000,0.3728,0.3728,0.3638,0.3672,82419.3984
1762401600000,0.3672,0.37,0.3598,0.3607,62886.1759
1762416000000,0.3607,0.3638,0.3579,0.3613,47154.5403
1762430400000,0.3613,0.369,0.3536,0.3556,173349.7702
1762444800000,0.3556,0.366,0.3495,0.3641,117736.4704
1762459200000,0.3641,0.3668,0.3595,0.3648,78276.4609
1762473600000,0.3648,0.3802,0.3644,0.3759,126380.339
1762488000000,0.3759,0.3873,0.3694,0.3873,116661.9036
1762502400000,0.3873,0.3898,0.3758,0.3811,166091.6753
1762516800000,0.3811,0.4012,0.3696,0.3999,242724.0807
1762531200000,0.3999,0.4371,0.3992,0.4287,397240.944
1762545600000,0.4287,0.4382,0.4225,0.4236,159886.0534
1762560000000,0.4236,0.437,0.4172,0.4279,165953.3594
1762574400000,0.4279,0.436,0.4172,0.4258,165450.7283
1762588800000,0.4258,0.4339,0.4208,0.4306,128741.3983
1762603200000,0.4306,0.435,0.4118,0.4133,173920.0801
1762617600000,0.4133,0.4211,0.4103,0.4185,95625.6545
1762632000000,0.4185,0.4241,0.4153,0.4231,61079.442
1762646400000,0.4231,0.4236,0.4025,0.405,83679.5551
1762660800000,0.405,0.4155,0.4043,0.4147,73616.172
1762675200000,0.4147,0.4188,0.4042,0.4156,74151.8533
1762689600000,0.4156,0.4294,0.4147,0.4248,135120.1578
1762704000000,0.4248,0.4349,0.4204,0.4348,110496.8524
1762718400000,0.4348,0.4348,0.4264,0.4286,55070.4861
1762732800000,0.4286,0.437,0.4249,0.4351,114399.3209
1762747200000,0.4351,0.4411,0.4307,0.4357,94740.8713
1762761600000,0.4357,0.4427,0.4294,0.4385,117916.4205
1762776000000,0.4385,0.4426,0.4267,0.4328,141330.6615
1762790400000,0.4328,0.4427,0.4252,0.4386,86672.1121
1762804800000,0.4386,0.4536,0.4347,0.4446,140491.0875
1762819200000,0.4446,0.454,0.4352,0.4473,182157.5392
1762833600000,0.4473,0.4482,0.4242,0.4244,124166.0792
1762848000000,0.4244,0.4297,0.4221,0.4254,83348.939
1762862400000,0.4254,0.4301,0.4204,0.4224,102139.7256
1762876800000,0.4224,0.4265,0.4134,0.4139,130511.4818
1762891200000,0.4139,0.4149,0.4051,0.4064,90808.9835
1762905600000,0.4064,0.4138,0.4032,0.413,60006.7543
1762920000000,0.413,0.4174,0.4101,0.4124,52421.8445
1762934400000,0.4124,0.431,0.4123,0.4274,76108.4509
1762948800000,0.4274,0.4336,0.4077,0.409,124354.7761
1762963200000,0.409,0.4102,0.3923,0.3965,171820.7037
1762977600000,0.3965,0.4048,0.3952,0.3997,67511.1979
1762992000000,0.3997,0.4131,0.3966,0.4083,100961.8966
1763006400000,0.4083,0.4185,0.4055,0.4152,93680.1489
1763020800000,0.4152,0.4191,0.41,0.4137,64897.5846
1763035200000,0.4137,0.4299,0.4117,0.4204,162711.2914
1763049600000,0.4204,0.4207,0.3772,0.3792,216237.8816
1763064000000,0.3792,0.3949,0.3742,0.3904,162734.849
1763078400000,0.3904,0.3944,0.3823,0.3845,118166.5638
1763092800000,0.3845,0.3927,0.3665,0.3879,179682.4771
1763107200000,0.3879,0.3891,0.3759,0.3795,77943.4146
1763121600000,0.3795,0.395,0.3706,0.3903,183573.2869
1763136000000,0.3903,0.3946,0.3837,0.3925,150217.4926
1763150400000,0.3925,0.3937,0.3704,0.3788,132772.0025
1763164800000,0.3788,0.3955,0.3782,0.3937,74376.8383
1763179200000,0.3937,0.4028,0.3922,0.3932,65163.567
1763193600000,0.3932,0.3935,0.3849,0.3895,66199.9549
1763208000000,0.3895,0.398,0.3886,0.3906,56146.091
1763222400000,0.3906,0.3978,0.3876,0.3938,56430.0026
1763236800000,0.3938,0.3953,0.3882,0.3894,35390.7406
1763251200000,0.3894,0.3986,0.3824,0.3965,47309.7773
1763265600000,0.3965,0.3988,0.3919,0.3988,32139.8005
1763280000000,0.3988,0.4002,0.3867,0.388,58185.6976
1763294400000,0.388,0.3907,0.3777,0.3783,72292.6444
1763308800000,0.3783,0.3823,0.366,0.3745,138963.7864
1763323200000,0.3745,0.386,0.3693,0.3828,92617.0447
1763337600000,0.3828,0.3905,0.3788,0.3886,77049.1479
1763352000000,0.3886,0.3929,0.3854,0.3917,66103.7787
1763366400000,0.3917,0.394,0.3878,0.391,49468.2504
1763380800000,0.391,0.3945,0.3752,0.3797,160597.9432
1763395200000,0.3797,0.3835,0.3578,0.3597,183210.0658
1763409600000,0.3597,0.3659,0.3561,0.3653,104806.5422
1763424000000,0.3653,0.3797,0.3598,0.3796,183295.7157
1763438400000,0.3796,0.3859,0.3691,0.3728,115016.0194
1763452800000,0.3728,0.3786,0.3701,0.3751,91155.3063
1763467200000,0.3751,0.3846,0.3712,0.3808,79776.3835
1763481600000,0.3808,0.3894,0.3796,0.3827,96598.89
1763496000000,0.3827,0.3843,0.3774,0.3806,38809.9488
1763510400000,0.3806,0.3851,0.3764,0.3774,73763.1939
1763524800000,0.3774,0.3787,0.3671,0.3785,67047.1152
1763539200000,0.3785,0.385,0.3764,0.3811,55629.5306
1763553600000,0.3811,0.3832,0.3687,0.3694,86639.8829
1763568000000,0.3694,0.3728,0.3553,0.3581,116817.3247
1763582400000,0.3581,0.3773,0.3575,0.3753,96263.94
1763596800000,0.3753,0.3776,0.3731,0.3761,42716.9219
1763611200000,0.3761,0.3874,0.376,0.3873,87385.2884
1763625600000,0.3873,0.3879,0.3822,0.3859,61959.1598
1763640000000,0.3859,0.3977,0.3856,0.389,182435.7943
1763654400000,0.389,0.3895,0.3524,0.3641,304356.1796
1763668800000,0.3641,0.3759,0.3586,0.3606,119146.9532
1763683200000,0.3606,0.3684,0.3532,0.3612,112196.3688
1763697600000,0.3612,0.3614,0.3177,0.3335,256919.28
1763712000000,0.3335,0.3388,0.3196,0.3212,239576.6872
1763726400000,0.3212,0.3285,0.3116,0.3129,368656.5381
1763740800000,0.3129,0.3247,0.3067,0.3121,315249.1307
1763755200000,0.3121,0.3122,0.2927,0.3081,225741.4262
1763769600000,0.3081,0.3093,0.302,0.3028,83200.3876
1763784000000,0.3028,0.3035,0.2876,0.3031,216059.6749
1763798400000,0.3031,0.3038,0.2964,0.2999,114420.7148
1763812800000,0.2999,0.3043,0.2947,0.2975,99355.4395
1763827200000,0.2975,0.3019,0.297,0.2991,130781.0148
1763841600000,0.2991,0.307,0.2972,0.3027,64176.0798
1763856000000,0.3027,0.3084,0.3009,0.3043,66120.5082
1763870400000,0.3043,0.3085,0.3002,0.3031,57799.0873
1763884800000,0.3031,0.3074,0.3021,0.3068,39255.7692
1763899200000,0.3068,0.3093,0.3031,0.3074,42234.6012
1763913600000,0.3074,0.3087,0.3019,0.3062,53973.3254
1763928000000,0.3062,0.308,0.3008,0.3012,58940.1053
1763942400000,0.3012,0.3124,0.2983,0.3097,95861.5153
1763956800000,0.3097,0.314,0.3036,0.307,89780.3725
1763971200000,0.307,0.3094,0.3017,0.3062,57808.984
1763985600000,0.3062,0.3133,0.3021,0.3114,112283.1416
1764000000000,0.3114,0.325,0.3114,0.321,128686.218
1764014400000,0.321,0.3248,0.3184,0.3185,63505.5039
1764028800000,0.3185,0.3209,0.3156,0.3174,59851.3121
1764043200000,0.3174,0.3191,0.3131,0.3136,59823.0612
1764057600000,0.3136,0.3179,0.3134,0.316,52475.7467
1764072000000,0.316,0.3207,0.3099,0.3155,106522.189
1764086400000,0.3155,0.3228,0.3136,0.3191,84654.5864
1764100800000,0.3191,0.3276,0.3165,0.3248,43115.5164
1764115200000,0.3248,0.3266,0.3177,0.3181,83329.1103
1764129600000,0.3181,0.3228,0.3171,0.3219,41260.3888
1764144000000,0.3219,0.3219,0.3149,0.316,59136.4766
1764158400000,0.316,0.3167,0.3104,0.3122,71198.0362
1764172800000,0.3122,0.3286,0.3109,0.3238,103771.6645
1764187200000,0.3238,0.3279,0.3217,0.3252,40168.5177
1764201600000,0.3252,0.3299,0.3232,0.325,70154.0796
1764216000000,0.325,0.3297,0.3247,0.3292,61608.9009
1764230400000,0.3292,0.3338,0.3274,0.3332,94256.4622
1764244800000,0.3332,0.3423,0.3297,0.3423,86345.2517
1764259200000,0.3423,0.3433,0.3368,0.3371,80636.5626
1764273600000,0.3371,0.3407,0.3326,0.3339,43978.0833
1764288000000,0.3339,0.3351,0.3288,0.33,67800.5824
1764302400000,0.33,0.3326,0.3273,0.3296,46674.7179
1764316800000,0.3296,0.3406,0.3296,0.3311,80329.1177
1764331200000,0.3311,0.339,0.3298,0.337,75460.7791
1764345600000,0.337,0.337,0.326,0.3325,97872.5336
1764360000000,0.3325,0.3347,0.3297,0.331,46751.8566
1764374400000,0.331,0.3354,0.3303,0.3328,41690.7142
1764388800000,0.3328,0.3355,0.3273,0.3305,38145.813
1764403200000,0.3305,0.3328,0.3264,0.3325,30706.4034
1764417600000,0.3325,0.3329,0.3262,0.328,32298.8957
1764432000000,0.328,0.3288,0.3224,0.3255,41236.179
1764446400000,0.3255,0.3288,0.3245,0.3267,21859.8041
1764460800000,0.3267,0.3304,0.3239,0.3281,26344.5023
1764475200000,0.3281,0.3287,0.3239,0.3273,47460.4516
1764489600000,0.3273,0.3292,0.3228,0.3233,46435.387
1764504000000,0.3233,0.3278,0.3186,0.3211,83735.7534
1764518400000,0.3211,0.3266,0.3211,0.3252,44896.9111
1764532800000,0.3252,0.3272,0.3182,0.3186,39805.9418
1764547200000,0.3186,0.3194,0.2915,0.2917,283499.7275
1764561600000,0.2917,0.2957,0.2897,0.294,138987.4622
1764576000000,0.294,0.2964,0.2876,0.2879,74574.0201
1764590400000,0.2879,0.2936,0.2796,0.284,160049.4439
1764604800000,0.284,0.2849,0.2776,0.2812,108078.1557
1764619200000,0.2812,0.2889,0.2811,0.2872,83944.8241
1764633600000,0.2872,0.2898,0.2842,0.2885,52946.7307
1764648000000,0.2885,0.2904,0.2862,0.288,40016.4476
1764662400000,0.288,0.2914,0.2841,0.2909,41292.3078
1764676800000,0.2909,0.3206,0.2899,0.3196,130817.1797
1764691200000,0.3196,0.3225,0.3147,0.317,96073.842
1764705600000,0.317,0.3196,0.3118,0.3169,54344.8652
1764720000000,0.3169,0.3198,0.3153,0.3167,63133.011
1764734400000,0.3167,0.3261,0.3163,0.3193,88286.3626
1764748800000,0.3193,0.3242,0.3193,0.3215,43830.1925
1764763200000,0.3215,0.3245,0.3122,0.3209,127200.6756
1764777600000,0.3209,0.3274,0.3184,0.3238,65772.0994
1764792000000,0.3238,0.3328,0.3222,0.3275,83614.9961
1764806400000,0.3275,0.3306,0.3248,0.3254,55265.9821
1764820800000,0.3254,0.3286,0.3235,0.328,46968.4475
1764835200000,0.328,0.3299,0.3242,0.3257,31749.1122
1764849600000,0.3257,0.3301,0.3212,0.3289,71844.5135
1764864000000,0.3289,0.33,0.3156,0.3217,106247.411
1764878400000,0.3217,0.3239,0.3186,0.3187,26133.844
1764892800000,0.3187,0.3239,0.3186,0.3207,33787.5883
1764907200000,0.3207,0.3258,0.3173,0.3254,42927.9795
1764921600000,0.3254,0.3261,0.3153,0.3168,65229.6329
1764936000000,0.3168,0.3203,0.3104,0.3124,98112.2651
1764950400000,0.3124,0.3128,0.293,0.2988,143649.5971
1764964800000,0.2988,0.3019,0.2971,0.3009,35612.3515
1764979200000,0.3009,0.3043,0.2993,0.3043,35178.184
1764993600000,0.3043,0.3043,0.2999,0.3037,28076.8032
1765008000000,0.3037,0.3051,0.3001,0.3043,33753.4477
1765022400000,0.3043,0.311,0.3041,0.3064,43314.4245
1765036800000,0.3064,0.3184,0.3064,0.3141,58949.8995
1765051200000,0.3141,0.3183,0.3119,0.3145,39894.7077
1765065600000,0.3145,0.3188,0.3141,0.3169,28337.9133
1765080000000,0.3169,0.3215,0.3149,0.3157,45014.2637
1765094400000,0.3157,0.3163,0.3097,0.3099,55566.9667
1765108800000,0.3099,0.3117,0.2975,0.3074,141295.808
1765123200000,0.3074,0.3159,0.3026,0.3143,108622.9592
1765137600000,0.3143,0.3177,0.2999,0.3047,111925.7087
1765152000000,0.3047,0.3154,0.3033,0.3139,65523.1839
1765166400000,0.3139,0.3232,0.3139,0.3214,50058.4792
1765180800000,0.3214,0.3287,0.3203,0.3213,73175.4907
1765195200000,0.3213,0.3256,0.3182,0.321,164720.8476
1765209600000,0.321,0.3258,0.3159,0.3177,53415.4818
1765224000000,0.3177,0.3222,0.3165,0.3182,39339.6212
1765238400000,0.3182,0.3195,0.3139,0.3189,53204.9042
1765252800000,0.3189,0.3191,0.3136,0.3179,37007.0525
1765267200000,0.3179,0.3181,0.3127,0.3154,30255.8701
1765281600000,0.3154,0.3325,0.3147,0.3319,90033.562
1765296000000,0.3319,0.3484,0.3319,0.3442,182860.2809
1765310400000,0.3442,0.3443,0.3324,0.3387,88269.8149
1765324800000,0.3387,0.3401,0.3316,0.3344,34579.0878
1765339200000,0.3344,0.3367,0.332,0.3331,41836.4298
1765353600000,0.3331,0.3359,0.3277,0.329,68335.3578
1765368000000,0.329,0.3334,0.3281,0.3301,55377.6894
1765382400000,0.3301,0.3403,0.3292,0.3372,137686.744
1765396800000,0.3372,0.3449,0.3222,0.3233,116249.3226
1765411200000,0.3233,0.324,0.3048,0.306,122325.1085
1765425600000,0.306,0.3115,0.3043,0.3086,42331.1107
1765440000000,0.3086,0.3087,0.3049,0.3076,48650.2357
1765454400000,0.3076,0.3076,0.3011,0.3027,97889.981
1765468800000,0.3027,0.3125,0.3002,0.3087,71943.8221
1765483200000,0.3087,0.3219,0.3085,0.3142,120590.7854
1765497600000,0.3142,0.3167,0.3095,0.3112,48198.5004
1765512000000,0.3112,0.3199,0.3106,0.3148,52340.79
1765526400000,0.3148,0.3191,0.3131,0.3184,43292.074
1765540800000,0.3184,0.3222,0.2991,0.3008,127019.7336
1765555200000,0.3008,0.3041,0.2942,0.301,201444.0696
1765569600000,0.301,0.3087,0.301,0.3076,63395.6649
1765584000000,0.3076,0.312,0.3064,0.3105,40452.9927
1765598400000,0.3105,0.312,0.308,0.3113,37954.1788
1765612800000,0.3113,0.3155,0.3113,0.3145,34715.1049
1765627200000,0.3145,0.317,0.3109,0.3154,58654.521
1765641600000,0.3154,0.3179,0.3144,0.3144,33082.3739
1765656000000,0.3144,0.3168,0.3125,0.3152,24050.4944
1765670400000,0.3152,0.3159,0.3131,0.3133,22514.8969
1765684800000,0.3133,0.3137,0.3076,0.3084,33515.2831
1765699200000,0.3084,0.3104,0.3022,0.3057,40112.9467
1765713600000,0.3057,0.3088,0.3029,0.304,102837.8701
1765728000000,0.304,0.306,0.2997,0.3005,75214.6478
1765742400000,0.3005,0.3035,0.2965,0.3007,70392.0449
1765756800000,0.3007,0.3131,0.2997,0.3086,94129.3341
1765771200000,0.3086,0.3149,0.3084,0.3099,139683.6272
1765785600000,0.3099,0.3127,0.3088,0.3098,44732.5418
1765800000000,0.3098,0.3169,0.291,0.2923,173642.7869
1765814400000,0.2923,0.2931,0.2814,0.2877,149439.2159
1765828800000,0.2877,0.2934,0.2836,0.293,89498.6694
1765843200000,0.293,0.2935,0.2862,0.2893,62977.1155
1765857600000,0.2893,0.29,0.2831,0.2844,50383.0957
1765872000000,0.2844,0.2965,0.2843,0.296,48233.3203
1765886400000,0.296,0.2977,0.2879,0.2964,109066.7568
1765900800000,0.2964,0.298,0.2912,0.2939,66668.0664
1765915200000,0.2939,0.2951,0.2922,0.2931,30524.2517
1765929600000,0.2931,0.2958,0.2908,0.292,55284.826
1765944000000,0.292,0.2927,0.2888,0.2898,43419.2471
1765958400000,0.2898,0.2899,0.2864,0.2895,57994.92
1765972800000,0.2895,0.3062,0.2868,0.2875,283736.6878
1765987200000,0.2875,0.2898,0.2715,0.276,210080.9204
1766001600000,0.276,0.2789,0.2698,0.2736,70428.7286
1766016000000,0.2736,0.2748,0.2692,0.2703,43645.8843
1766030400000,0.2703,0.2717,0.2668,0.2704,51375.3813
1766044800000,0.2704,0.2753,0.2703,0.2743,52402.4604
1766059200000,0.2743,0.2871,0.2734,0.2826,211184.5824
1766073600000,0.2826,0.283,0.2552,0.2559,236291.3525
1766088000000,0.2559,0.2653,0.2556,0.2598,111656.3812
1766102400000,0.2598,0.2687,0.2561,0.2648,112504.2862
1766116800000,0.2648,0.2711,0.2634,0.2683,73536.7277
1766131200000,0.2683,0.2699,0.2661,0.2679,55460.8832
1766145600000,0.2679,0.28,0.2671,0.2744,141408.0432
1766160000000,0.2744,0.284,0.272,0.2823,116931.7981
1766174400000,0.2823,0.2842,0.2796,0.2797,111715.2879
1766188800000,0.2797,0.2804,0.2774,0.2785,22004.3265
1766203200000,0.2785,0.2809,0.2755,0.2809,41446.1234
1766217600000,0.2809,0.2846,0.2792,0.2823,80557.382
1766232000000,0.2823,0.2825,0.2782,0.2794,55384.6183
1766246400000,0.2794,0.2818,0.2788,0.279,21983.2952
1766260800000,0.279,0.2802,0.2779,0.2784,22224.0098
1766275200000,0.2784,0.279,0.2736,0.2757,27177.3685
1766289600000,0.2757,0.2774,0.2753,0.2765,29346.1236
1766304000000,0.2765,0.2781,0.2747,0.2749,37391.1441
1766318400000,0.2749,0.2758,0.2634,0.2668,102088.0433
1766332800000,0.2668,0.2713,0.266,0.271,41382.2727
1766347200000,0.271,0.2742,0.2679,0.2722,21731.3996
1766361600000,0.2722,0.2793,0.2691,0.274,81266.0402
1766376000000,0.274,0.2767,0.273,0.2759,16041.0509
1766390400000,0.2759,0.2799,0.2745,0.2761,85820.9602
1766404800000,0.2761,0.2792,0.2738,0.2773,105151.8164
1766419200000,0.2773,0.2782,0.2697,0.2701,51580.6939
1766433600000,0.2701,0.2726,0.2682,0.2716,30329.9529
1766448000000,0.2716,0.2746,0.2682,0.2701,24728.8557
1766462400000,0.2701,0.2707,0.2666,0.2674,39164.9797
1766476800000,0.2674,0.2701,0.2655,0.2689,31066.7595
1766491200000,0.2689,0.2689,0.2611,0.2655,72172.3532
1766505600000,0.2655,0.2723,0.2646,0.2699,63233.2684
1766520000000,0.2699,0.2748,0.2686,0.2705,51927.3617
1766534400000,0.2705,0.2722,0.2645,0.268,25989.1118
1766548800000,0.268,0.2694,0.2619,0.262,165926.6473
1766563200000,0.262,0.2634,0.261,0.2627,41469.4907
1766577600000,0.2627,0.2673,0.2598,0.2659,89251.964
1766592000000,0.2659,0.2672,0.2614,0.2629,64989.3993
1766606400000,0.2629,0.2664,0.2627,0.2635,35893.3258
1766620800000,0.2635,0.2654,0.2609,0.2648,38351.1266
1766635200000,0.2648,0.2667,0.2633,0.2654,40244.7136
1766649600000,0.2654,0.2671,0.2587,0.2603,51458.5339
1766664000000,0.2603,0.2635,0.2594,0.2618,71334.2966
1766678400000,0.2618,0.2639,0.2572,0.2628,88972.0547
1766692800000,0.2628,0.2637,0.251,0.2521,103427.6999
1766707200000,0.2521,0.2674,0.2513,0.2646,123262.1145
1766721600000,0.2646,0.2687,0.2624,0.2641,78284.5179
1766736000000,0.2641,0.2684,0.2638,0.2673,63041.479
1766750400000,0.2673,0.2733,0.2612,0.2634,124980.0055
1766764800000,0.2634,0.2681,0.2592,0.2673,82990.3265
1766779200000,0.2673,0.2691,0.2663,0.2678,24763.3087
1766793600000,0.2678,0.2726,0.2676,0.2723,39900.7315
1766808000000,0.2723,0.2726,0.2698,0.2707,16874.2127
1766822400000,0.2707,0.2746,0.2685,0.2745,48341.1722
1766836800000,0.2745,0.2753,0.2713,0.2739,22265.4667
1766851200000,0.2739,0.2759,0.2729,0.2732,93778.1918
1766865600000,0.2732,0.2799,0.2726,0.2784,47412.388
1766880000000,0.2784,0.2796,0.2755,0.277,26802.6093
1766894400000,0.277,0.2785,0.2763,0.2774,24857.8782
1766908800000,0.2774,0.2786,0.2749,0.2757,21072.2046
1766923200000,0.2757,0.2777,0.274,0.2756,25860.4419
1766937600000,0.2756,0.2768,0.2703,0.2709,40615.3845
1766952000000,0.2709,0.2742,0.2696,0.2738,39962.4576
1766966400000,0.2738,0.2832,0.2732,0.2826,96664.2911
1766980800000,0.2826,0.2838,0.2787,0.2817,61864.5585
1766995200000,0.2817,0.2825,0.2738,0.2758,67661.4038
1767009600000,0.2758,0.276,0.2693,0.273,114027.2612
1767024000000,0.273,0.2747,0.2704,0.271,58703.1549
1767038400000,0.271,0.272,0.2683,0.2692,30759.5926
1767052800000,0.2692,0.2709,0.2662,0.2682,39574.8135
1767067200000,0.2682,0.2704,0.2664,0.2687,23873.5002
1767081600000,0.2687,0.2758,0.2686,0.2744,72284.1699
1767096000000,0.2744,0.2755,0.2698,0.2747,59171.277
1767110400000,0.2747,0.2763,0.2691,0.2727,58290.1752
1767124800000,0.2727,0.2727,0.2698,0.2717,46246.4
1767139200000,0.2717,0.2726,0.269,0.2696,79342.1093
1767153600000,0.2696,0.2708,0.269,0.2703,40471.9416
1767168000000,0.2703,0.2713,0.2675,0.2707,47659.517
1767182400000,0.2707,0.2731,0.267,0.2676,47611.8704
1767196800000,0.2676,0.2689,0.2601,0.2647,65735.2859
1767211200000,0.2647,0.2698,0.2623,0.2678,37358.5042
1767225600000,0.2678,0.2711,0.266,0.266,36260.3895
1767240000000,0.266,0.2705,0.2643,0.2701,29400.9421
1767254400000,0.2701,0.2753,0.2693,0.2741,52658.4232
1767268800000,0.2741,0.2836,0.2726,0.2819,120797.2171
1767283200000,0.2819,0.2922,0.281,0.2921,78411.2513
1767297600000,0.2921,0.2978,0.2889,0.2967,63028.697
1767312000000,0.2967,0.3017,0.2956,0.2996,79115.5431
1767326400000,0.2996,0.3,0.2944,0.2944,46727.2009
1767340800000,0.2944,0.3002,0.2942,0.2964,74614.3168
1767355200000,0.2964,0.3027,0.2954,0.2989,110288.6812
1767369600000,0.2989,0.305,0.2979,0.3039,106541.238
1767384000000,0.3039,0.3067,0.302,0.3062,54083.8463
1767398400000,0.3062,0.3083,0.3035,0.308,40930.2513
1767412800000,0.308,0.3095,0.3007,0.3022,41854.176
1767427200000,0.3022,0.3072,0.3008,0.3033,53938.7615
1767441600000,0.3033,0.3083,0.3023,0.3058,23018.2068
1767456000000,0.3058,0.3114,0.3058,0.3096,38120.3227
1767470400000,0.3096,0.3121,0.3074,0.3105,29499.6763
1767484800000,0.3105,0.3158,0.3097,0.3147,54520.0258
1767499200000,0.3147,0.3167,0.3121,0.3145,51712.1156
1767513600000,0.3145,0.3177,0.3118,0.3165,51081.1497
1767528000000,0.3165,0.3218,0.3154,0.3204,70893.6268
1767542400000,0.3204,0.3251,0.3155,0.3184,64195.1755
1767556800000,0.3184,0.3211,0.3164,0.3195,38970.793
1767571200000,0.3195,0.3237,0.3171,0.32,77769.8377
1767585600000,0.32,0.3208,0.3135,0.3187,61803.7717
1767600000000,0.3187,0.3195,0.3122,0.3151,48294.2964
1767614400000,0.3151,0.324,0.3135,0.3235,79537.759
1767628800000,0.3235,0.3294,0.318,0.326,91621.0477
1767643200000,0.326,0.334,0.3258,0.3294,43704.7738
1767657600000,0.3294,0.3328,0.3253,0.3307,45519.3093
1767672000000,0.3307,0.3318,0.3247,0.326,51435.8279
1767686400000,0.326,0.3323,0.3259,0.3314,38630.9933
1767700800000,0.3314,0.3406,0.3263,0.3286,112647.8646
1767715200000,0.3286,0.3291,0.3139,0.3191,122257.7011
1767729600000,0.3191,0.3332,0.3191,0.3315,58333.3208
1767744000000,0.3315,0.3321,0.3221,0.3239,39769.4166
1767758400000,0.3239,0.3301,0.3232,0.3301,22647.5728
1767772800000,0.3301,0.3324,0.3238,0.3256,51347.1465
1767787200000,0.3256,0.3259,0.3126,0.3153,90746.9518
1767801600000,0.3153,0.32,0.3144,0.3185,64736.9071
1767816000000,0.3185,0.3191,0.3137,0.3171,37579.0445
1767830400000,0.3171,0.319,0.3125,0.3136,39149.3251
1767844800000,0.3136,0.3186,0.308,0.3146,68655.6976
1767859200000,0.3146,0.3163,0.3069,0.3093,56188.3743
1767873600000,0.3093,0.3204,0.304,0.3191,225938.3225
1767888000000,0.3191,0.3199,0.3135,0.3145,101735.5596
1767902400000,0.3145,0.3187,0.3113,0.3143,49364.1315
1767916800000,0.3143,0.3181,0.3116,0.3181,76683.2392
1767931200000,0.3181,0.3186,0.3146,0.316,25883.3782
1767945600000,0.316,0.3169,0.3105,0.3147,58912.3794
1767960000000,0.3147,0.3214,0.3086,0.318,129633.2055
1767974400000,0.318,0.3243,0.3115,0.3133,56566.0913
1767988800000,0.3133,0.3175,0.3129,0.3151,21118.9838
1768003200000,0.3151,0.316,0.3121,0.3144,13938.8387
1768017600000,0.3144,0.3179,0.3113,0.3174,34124.7997
1768032000000,0.3174,0.3227,0.3174,0.3225,38328.7339
1768046400000,0.3225,0.3281,0.3202,0.3219,81277.9429
1768060800000,0.3219,0.324,0.318,0.3231,40026.3976
1768075200000,0.3231,0.3242,0.3163,0.3179,22487.157
1768089600000,0.3179,0.3201,0.3167,0.3188,33733.2334
1768104000000,0.3188,0.3214,0.3173,0.3214,22838.2144
1768118400000,0.3214,0.3218,0.3197,0.3213,15660.4285
1768132800000,0.3213,0.3239,0.3171,0.3186,31893.9639
1768147200000,0.3186,0.3238,0.318,0.3188,113868.187
1768161600000,0.3188,0.3188,0.3104,0.3157,82268.9145
1768176000000,0.3157,0.3329,0.3113,0.326,153263.3451
1768190400000,0.326,0.3286,0.3178,0.3186,54579.9602
1768204800000,0.3186,0.3203,0.312,0.3142,75215.6589
1768219200000,0.3142,0.316,0.3064,0.3153,113698.677
1768233600000,0.3153,0.3199,0.311,0.3139,73001.533
1768248000000,0.3139,0.3161,0.3067,0.3088,61834.8796
1768262400000,0.3088,0.3141,0.3085,0.3129,77438.8989
1768276800000,0.3129,0.321,0.3129,0.3181,67400.1354
1768291200000,0.3181,0.3271,0.3171,0.3249,92380.6716
1768305600000,0.3249,0.3446,0.3249,0.3441,298570.0918
1768320000000,0.3441,0.365,0.3438,0.3559,400872.6007
1768334400000,0.3559,0.3756,0.3516,0.3668,270031.4044
1768348800000,0.3668,0.3705,0.3597,0.3625,132214.3391
1768363200000,0.3625,0.3629,0.3571,0.3606,86544.9075
1768377600000,0.3606,0.3646,0.3597,0.362,63417.0687
1768392000000,0.362,0.3636,0.3549,0.3589,123630.5482
1768406400000,0.3589,0.3623,0.3499,0.3548,113324.9366
1768420800000,0.3548,0.3567,0.3504,0.3515,44928.2993
1768435200000,0.3515,0.3556,0.3449,0.3477,97597.9626
1768449600000,0.3477,0.356,0.3469,0.3539,61944.7933
1768464000000,0.3539,0.3578,0.3508,0.3557,53160.548
1768478400000,0.3557,0.3651,0.3399,0.3446,207687.2348
1768492800000,0.3446,0.3484,0.3365,0.3393,117801.1097
1768507200000,0.3393,0.3422,0.3361,0.3411,35787.3251
1768521600000,0.3411,0.3443,0.3375,0.3408,79529.112
1768536000000,0.3408,0.3419,0.3365,0.3403,41549.5588
1768550400000,0.3403,0.342,0.3382,0.3394,50780.3789
1768564800000,0.3394,0.3396,0.3252,0.328,88977.9898
1768579200000,0.328,0.3331,0.3258,0.3331,76499.0262
1768593600000,0.3331,0.34,0.3305,0.34,77448.5458
1768608000000,0.34,0.3439,0.3387,0.3416,56952.4624
1768622400000,0.3416,0.348,0.3397,0.3473,47267.5027
1768636800000,0.3473,0.3529,0.3473,0.3482,70365.7447
1768651200000,0.3482,0.3554,0.3477,0.3537,74042.7779
1768665600000,0.3537,0.3545,0.348,0.3497,32469.6911
1768680000000,0.3497,0.3503,0.3453,0.3468,42203.6391
1768694400000,0.3468,0.3504,0.3415,0.3422,52487.7648
1768708800000,0.3422,0.3462,0.3366,0.3395,58639.3551
1768723200000,0.3395,0.3419,0.3381,0.3408,37665.6191
1768737600000,0.3408,0.3417,0.3357,0.3417,37655.7606
1768752000000,0.3417,0.3457,0.339,0.3413,55151.5143
1768766400000,0.3413,0.3454,0.3231,0.3234,70419.8819
1768780800000,0.3234,0.3234,0.2936,0.3125,269123.2866
1768795200000,0.3125,0.3129,0.3076,0.3104,67184.5142
1768809600000,0.3104,0.314,0.3089,0.3098,60212.191
1768824000000,0.3098,0.3126,0.307,0.3098,47916.0223
1768838400000,0.3098,0.3241,0.3089,0.3225,60621.3638
1768852800000,0.3225,0.323,0.3147,0.3197,48867.4372
1768867200000,0.3197,0.3236,0.3156,0.3201,46528.6486
1768881600000,0.3201,0.3208,0.3102,0.3103,68734.2213
1768896000000,0.3103,0.3186,0.3066,0.3083,117879.8332
1768910400000,0.3083,0.3124,0.3018,0.3039,91561.8383
1768924800000,0.3039,0.3058,0.297,0.3004,74474.8345
1768939200000,0.3004,0.307,0.2969,0.2999,103423.7329
1768953600000,0.2999,0.3146,0.2998,0.3126,72386.8557
1768968000000,0.3126,0.3143,0.3086,0.311,70153.1218
1768982400000,0.311,0.3132,0.307,0.3075,65507.3024
1768996800000,0.3075,0.3165,0.3022,0.3141,145315.7407
1769011200000,0.3141,0.3156,0.2948,0.3148,147117.5745
1769025600000,0.3148,0.3176,0.3071,0.3088,89609.3745
1769040000000,0.3088,0.3223,0.3088,0.3191,64538.3307
1769054400000,0.3191,0.3258,0.3147,0.3154,176423.8291
1769068800000,0.3154,0.3194,0.3113,0.3113,55697.7658
1769083200000,0.3113,0.3143,0.3029,0.3057,75613.485
1769097600000,0.3057,0.3116,0.3045,0.3078,48724.4796
1769112000000,0.3078,0.3091,0.3045,0.3075,23724.4683
1769126400000,0.3075,0.3167,0.3062,0.3145,30764.6887
1769140800000,0.3145,0.3194,0.3104,0.3114,100079.0062
1769155200000,0.3114,0.3122,0.3068,0.3085,41015.2417
1769169600000,0.3085,0.3094,0.2996,0.3087,74862.7902
1769184000000,0.3087,0.3178,0.3045,0.306,99261.5943
1769198400000,0.306,0.3066,0.3012,0.3045,42756.811
1769212800000,0.3045,0.3071,0.3021,0.3061,27270.567
1769227200000,0.3061,0.3065,0.3032,0.3043,26704.013
1769241600000,0.3043,0.3058,0.3035,0.3047,18169.2739
1769256000000,0.3047,0.3058,0.3009,0.3012,30231.989
1769270400000,0.3012,0.3035,0.2996,0.3017,23856.303
1769284800000,0.3017,0.3052,0.3017,0.304,15550.408
1769299200000,0.304,0.3065,0.2994,0.2999,47905.2444
1769313600000,0.2999,0.3024,0.2984,0.3008,34017.2556
1769328000000,0.3008,0.3057,0.2976,0.3021,48385.0331
1769342400000,0.3021,0.3036,0.2971,0.2986,45670.7094
1769356800000,0.2986,0.2987,0.2788,0.2807,153851.3641
1769371200000,0.2807,0.2873,0.2807,0.2865,57918.8858
1769385600000,0.2865,0.295,0.2858,0.2891,43701.7611
1769400000000,0.2891,0.2975,0.2891,0.2955,28928.4257
1769414400000,0.2955,0.299,0.2929,0.2951,40161.9232
1769428800000,0.2951,0.3018,0.2942,0.2966,78714.9272
1769443200000,0.2966,0.2987,0.2929,0.2963,51756.0781
1769457600000,0.2963,0.3009,0.2947,0.298,38292.7636
1769472000000,0.298,0.3005,0.2964,0.2968,21049.097
1769486400000,0.2968,0.2984,0.2946,0.2956,15698.3146
1769500800000,0.2956,0.297,0.294,0.2961,16381.6848
1769515200000,0.2961,0.2975,0.2926,0.2965,41137.7727
1769529600000,0.2965,0.3017,0.2919,0.2982,99386.504
1769544000000,0.2982,0.3042,0.2981,0.3019,57083.7699
1769558400000,0.3019,0.3038,0.3004,0.3016,18885.49
1769572800000,0.3016,0.3032,0.2986,0.3004,35518.4997
1769587200000,0.3004,0.3035,0.2978,0.3034,59025.1185
1769601600000,0.3034,0.3035,0.2959,0.2965,66459.4503
1769616000000,0.2965,0.2997,0.2938,0.2985,89848.6199
1769630400000,0.2985,0.3048,0.2962,0.3014,105063.6348
1769644800000,0.3014,0.3024,0.2872,0.2878,71331.2221
1769659200000,0.2878,0.2905,0.2858,0.2878,35805.8691
1769673600000,0.2878,0.2886,0.2841,0.2843,57075.8613
1769688000000,0.2843,0.2861,0.2655,0.2681,190016.7685
1769702400000,0.2681,0.2759,0.2606,0.2641,191112.0669
1769716800000,0.2641,0.2719,0.2634,0.2697,86464.9942
1769731200000,0.2697,0.2734,0.2604,0.2628,151734.377
1769745600000,0.2628,0.2677,0.2589,0.2648,56788.6637
1769760000000,0.2648,0.2698,0.262,0.2685,41433.1114
1769774400000,0.2685,0.2689,0.2611,0.2646,80114.731
1769788800000,0.2646,0.2707,0.2579,0.2677,89539.569
1769803200000,0.2677,0.2677,0.2606,0.2627,70984.5178
1769817600000,0.2627,0.2641,0.2614,0.2619,24838.3075
1769832000000,0.2619,0.2628,0.2551,0.2576,45805.0373
1769846400000,0.2576,0.258,0.2511,0.2527,59216.5887
1769860800000,0.2527,0.2532,0.235,0.2387,178873.8869
1769875200000,0.2387,0.2426,0.21,0.225,461946.653
1769889600000,0.225,0.2357,0.2235,0.2345,89333.5574
1769904000000,0.2345,0.2391,0.2331,0.2383,61020.702
1769918400000,0.2383,0.2407,0.2368,0.2393,43790.3735
1769932800000,0.2393,0.2408,0.2345,0.2358,58665.0558
1769947200000,0.2358,0.2359,0.2239,0.227,100359.3975
1769961600000,0.227,0.2339,0.2249,0.2287,69380.9781
1769976000000,0.2287,0.232,0.2219,0.2276,86569.4701
1769990400000,0.2276,0.2349,0.2202,0.2297,120068.0668
1770004800000,0.2297,0.2329,0.2206,0.2255,131840.3842
1770019200000,0.2255,0.2313,0.2255,0.2293,75347.6827
1770033600000,0.2293,0.2371,0.2289,0.2352,89921.2687
1770048000000,0.2352,0.2357,0.229,0.2295,56548.2141
1770062400000,0.2295,0.2318,0.2283,0.2301,24399.0058
1770076800000,0.2301,0.2305,0.2247,0.2298,95930.0415
1770091200000,0.2298,0.2318,0.2266,0.2298,44136.5321
1770105600000,0.2298,0.2314,0.2256,0.2282,51344.2719
1770120000000,0.2282,0.2301,0.2223,0.224,108897.0617
1770134400000,0.224,0.2241,0.2066,0.2145,280354.7183
1770148800000,0.2145,0.224,0.2106,0.2131,162125.1674
1770163200000,0.2131,0.2234,0.2121,0.2222,60873.6924
1770177600000,0.2222,0.2237,0.2206,0.2226,53692.5996
1770192000000,0.2226,0.2285,0.2219,0.2276,140106.7915
1770206400000,0.2276,0.2302,0.216,0.2199,156107.5996
1770220800000,0.2199,0.2245,0.2154,0.2243,170483.2158
1770235200000,0.2243,0.2247,0.2139,0.2192,126198.35
1770249600000,0.2192,0.2224,0.215,0.2153,127951.3137
1770264000000,0.2153,0.2179,0.2112,0.2117,139820.0649
1770278400000,0.2117,0.2156,0.2035,0.2069,101379.3617
1770292800000,0.2069,0.2107,0.1905,0.1948,268800.3705
1770307200000,0.1948,0.2007,0.1898,0.1907,264941.9722
1770321600000,0.1907,0.1924,0.1806,0.182,433756.2281
1770336000000,0.182,0.1835,0.1579,0.1747,577325.5233
1770350400000,0.1747,0.1804,0.1707,0.1735,207370.8516
1770364800000,0.1735,0.184,0.1703,0.1834,199784.9994
1770379200000,0.1834,0.1927,0.182,0.19,184256.7527
1770393600000,0.19,0.2007,0.1893,0.1945,165888.4165
1770408000000,0.1945,0.1983,0.1919,0.1974,81135.3462
1770422400000,0.1974,0.198,0.1922,0.1973,104665.1711
1770436800000,0.1973,0.1989,0.187,0.1894,125513.2569
1770451200000,0.1894,0.1914,0.1883,0.1905,57994.074
1770465600000,0.1905,0.1985,0.1902,0.1969,93811.7877
1770480000000,0.1969,0.2028,0.1953,0.197,283766.4448
1770494400000,0.197,0.1983,0.1957,0.1964,44292.6016
1770508800000,0.1964,0.1966,0.1934,0.1938,32891.6695
1770523200000,0.1938,0.1947,0.1916,0.1929,30366.8289
1770537600000,0.1929,0.1963,0.1919,0.1958,56651.0077
1770552000000,0.1958,0.196,0.1924,0.1932,57590.0188
1770566400000,0.1932,0.1934,0.1866,0.1925,95350.0628
1770580800000,0.1925,0.195,0.1885,0.1904,62415.4724
1770595200000,0.1904,0.1936,0.1885,0.1933,53225.0983
1770609600000,0.1933,0.1933,0.1886,0.1887,42887.6263
1770624000000,0.1887,0.1893,0.1815,0.1838,82785.9853
1770638400000,0.1838,0.1879,0.1819,0.1877,68662.9879
1770652800000,0.1877,0.1927,0.1858,0.1909,63149.6106
1770667200000,0.1909,0.1915,0.1873,0.189,30437.6055
1770681600000,0.189,0.1899,0.1843,0.1861,31015.9647
1770696000000,0.1861,0.1876,0.1812,0.1828,68621.559
1770710400000,0.1828,0.1846,0.1815,0.1818,46609.0307
1770724800000,0.1818,0.1856,0.1805,0.1844,71784.0096
1770739200000,0.1844,0.1854,0.1803,0.1821,57123.2254
1770753600000,0.1821,0.1835,0.1812,0.183,26215.632
1770768000000,0.183,0.1856,0.182,0.1832,33530.6875
1770782400000,0.1832,0.1836,0.1761,0.1773,148717.3727
1770796800000,0.1773,0.1773,0.1747,0.1768,99527.8147
1770811200000,0.1768,0.1866,0.1731,0.1753,168793.2156
1770825600000,0.1753,0.1794,0.1737,0.1772,79274.5473
1770840000000,0.1772,0.1818,0.1759,0.1778,62810.7944
1770854400000,0.1778,0.1813,0.1778,0.181,50434.805
1770868800000,0.181,0.1844,0.18,0.1844,37059.6116
1770883200000,0.1844,0.186,0.1823,0.1845,41382.5061
1770897600000,0.1845,0.1847,0.1791,0.1794,87485.0988
1770912000000,0.1794,0.1835,0.1757,0.1805,114822.206
1770926400000,0.1805,0.1835,0.1782,0.1827,35719.0258
1770940800000,0.1827,0.1837,0.1804,0.1807,30044.8568
1770955200000,0.1807,0.1818,0.1785,0.1808,29622.4646
1770969600000,0.1808,0.1832,0.1805,0.1819,35317.4416
1770984000000,0.1819,0.1897,0.1807,0.1862,78927.5527
1770998400000,0.1862,0.1906,0.1857,0.1897,51750.459
1771012800000,0.1897,0.1919,0.1891,0.1892,36010.259
1771027200000,0.1892,0.1923,0.1892,0.1917,27010.7289
1771041600000,0.1917,0.1921,0.1897,0.1911,16805.2016
1771056000000,0.1911,0.1946,0.1911,0.1943,44109.2617
1771070400000,0.1943,0.1964,0.1924,0.1963,79334.6428
1771084800000,0.1963,0.2002,0.1947,0.2,36348.3628
1771099200000,0.2,0.2007,0.197,0.1973,45477.432
1771113600000,0.1973,0.1977,0.1925,0.1958,64192.4268
1771128000000,0.1958,0.1983,0.1955,0.1977,57697.1186
1771142400000,0.1977,0.1982,0.1929,0.1944,42714.6799
1771156800000,0.1944,0.1945,0.1866,0.1894,95686.7557
1771171200000,0.1894,0.1901,0.185,0.1866,65721.8185
1771185600000,0.1866,0.1896,0.1858,0.1893,23083.582
1771200000000,0.1893,0.1906,0.1874,0.1883,27398.9682
1771214400000,0.1883,0.1904,0.1865,0.1877,27663.2527
1771228800000,0.1877,0.1898,0.1856,0.1882,18832.6255
1771243200000,0.1882,0.1922,0.1843,0.1854,102060.9779
1771257600000,0.1854,0.1883,0.185,0.1879,39195.1266
1771272000000,0.1879,0.1915,0.1872,0.1903,26473.4672
1771286400000,0.1903,0.1907,0.1875,0.1889,16796.3143
1771300800000,0.1889,0.19,0.1866,0.1886,17488.5641
1771315200000,0.1886,0.1895,0.1857,0.1874,317300.3335
1771329600000,0.1874,0.1894,0.1839,0.1868,57112.2659
1771344000000,0.1868,0.1902,0.1846,0.1875,56620.0152
1771358400000,0.1875,0.1877,0.186,0.187,21849.383
1771372800000,0.187,0.1881,0.1855,0.1881,17929.4524
1771387200000,0.1881,0.1896,0.1873,0.1889,15511.1863
1771401600000,0.1889,0.1896,0.1855,0.1865,34394.9015
1771416000000,0.1865,0.1889,0.183,0.1867,61214.9841
1771430400000,0.1867,0.1869,0.1719,0.1731,463603.9345
1771444800000,0.1731,0.1743,0.1649,0.1655,222173.7195
1771459200000,0.1655,0.1663,0.1585,0.1602,331231.6604
1771473600000,0.1602,0.1603,0.1463,0.1465,747286.6093
1771488000000,0.1465,0.147,0.1406,0.1419,997054.8756
1771502400000,0.1419,0.1447,0.1369,0.1395,866153.6046
1771516800000,0.1395,0.1407,0.1345,0.1387,570031.308
1771531200000,0.1387,0.1403,0.137,0.1396,288641.8757
1771545600000,0.1396,0.1401,0.1282,0.1296,894689.3541
1771560000000,0.1296,0.1339,0.1279,0.1302,448833.2319
1771574400000,0.1302,0.1322,0.1265,0.1278,523144.3686
1771588800000,0.1278,0.1344,0.1247,0.133,862160.7343
1771603200000,0.133,0.1337,0.127,0.1285,969592.6654
1771617600000,0.1285,0.129,0.1268,0.1285,388151.3158
1771632000000,0.1285,0.1329,0.1272,0.1313,576350.2687
1771646400000,0.1313,0.1337,0.1299,0.1317,454455.2088
1771660800000,0.1317,0.1355,0.1312,0.1315,576208.924
1771675200000,0.1315,0.1321,0.1289,0.13,400940.356
1771689600000,0.13,0.1302,0.127,0.1286,242538.6313
1771704000000,0.1286,0.1297,0.1276,0.1285,144238.4905
1771718400000,0.1285,0.1285,0.1239,0.125,382963.8994
1771732800000,0.125,0.1263,0.1243,0.125,176686.1439
1771747200000,0.125,0.1256,0.1237,0.1241,166382.2753
1771761600000,0.1241,0.1243,0.1211,0.1236,352144.9737
1771776000000,0.1236,0.1254,0.1226,0.123,217478.5454
1771790400000,0.123,0.123,0.1206,0.1224,164549.6355
1771804800000,0.1224,0.1231,0.1146,0.1156,696229.5562
1771819200000,0.1156,0.1219,0.1149,0.1211,313211.3285
1771833600000,0.1211,0.1263,0.1208,0.1246,505208.2222
1771848000000,0.1246,0.126,0.1212,0.1212,216076.4923
1771862400000,0.1212,0.1225,0.1168,0.1171,185926.7765
1771876800000,0.1171,0.1219,0.1166,0.1219,156794.5316
1771891200000,0.1219,0.1225,0.1181,0.1186,219243.4512
1771905600000,0.1186,0.1189,0.1156,0.1169,110579.6055
1771920000000,0.1169,0.1176,0.1152,0.1175,136008.7666
1771934400000,0.1175,0.1184,0.1143,0.118,310199.0747
1771948800000,0.118,0.119,0.1162,0.1171,211329.5989
1771963200000,0.1171,0.119,0.1163,0.1178,142058.8686
1771977600000,0.1178,0.123,0.1174,0.1179,259822.348
1771992000000,0.1179,0.1199,0.1166,0.1182,240816.0982
1772006400000,0.1182,0.1197,0.1168,0.1192,244119.7809
1772020800000,0.1192,0.1246,0.1188,0.1233,325202.069
1772035200000,0.1233,0.1294,0.1233,0.1288,393187.2814
1772049600000,0.1288,0.1336,0.1231,0.1241,976786.8471
1772064000000,0.1241,0.1263,0.1227,0.126,217557.3003
1772078400000,0.126,0.1267,0.1226,0.1239,166502.8913
1772092800000,0.1239,0.1252,0.1211,0.1215,157131.3362
1772107200000,0.1215,0.1235,0.1208,0.1219,188632.2444
1772121600000,0.1219,0.1221,0.1152,0.1194,375998.6378
1772136000000,0.1194,0.1201,0.1182,0.1194,87704.9398
1772150400000,0.1194,0.1208,0.1183,0.1199,104853.3036
1772164800000,0.1199,0.125,0.1199,0.1246,214815.5355
1772179200000,0.1246,0.1284,0.1218,0.1228,373245.5145
1772193600000,0.1228,0.1235,0.1208,0.1215,189033.738
1772208000000,0.1215,0.1221,0.1183,0.1192,118528.5079
1772222400000,0.1192,0.1199,0.1159,0.1197,89583.7749
1772236800000,0.1197,0.1206,0.1181,0.1183,74424.2256
1772251200000,0.1183,0.1188,0.1101,0.1122,356322.8535
1772265600000,0.1122,0.1122,0.1092,0.11,147825.0426
1772280000000,0.11,0.1148,0.1097,0.1136,190934.7743
1772294400000,0.1136,0.1199,0.1122,0.1184,142271.3631
1772308800000,0.1184,0.1227,0.1181,0.1226,165133.8438
1772323200000,0.1226,0.1268,0.12,0.1241,236587.0402
1772337600000,0.1241,0.1255,0.1229,0.1254,128863.8513
1772352000000,0.1254,0.1262,0.1221,0.1231,127612.3993
1772366400000,0.1231,0.125,0.1208,0.1229,192243.2598
1772380800000,0.1229,0.1242,0.1199,0.1207,152313.7772
1772395200000,0.1207,0.1231,0.1185,0.1215,237255.5281
1772409600000,0.1215,0.1252,0.1215,0.1238,147990.2936
1772424000000,0.1238,0.1244,0.1198,0.1205,100909.6774
1772438400000,0.1205,0.1232,0.1195,0.1229,121662.6229
1772452800000,0.1229,0.1299,0.1217,0.1286,303094.9333
1772467200000,0.1286,0.1299,0.1254,0.1269,222953.956
1772481600000,0.1269,0.1276,0.1239,0.1245,88688.9163
1772496000000,0.1245,0.1271,0.1238,0.1269,111129.6928
1772510400000,0.1269,0.1282,0.1249,0.1253,122468.1276
1772524800000,0.1253,0.1258,0.1218,0.1225,155471.2658
1772539200000,0.1225,0.1251,0.122,0.1247,169695.5145
1772553600000,0.1247,0.1287,0.1237,0.1268,176074.55
1772568000000,0.1268,0.1272,0.1248,0.1265,71118.6757
1772582400000,0.1265,0.1285,0.1253,0.1268,107452.7058
1772596800000,0.1268,0.1287,0.1258,0.1276,198172.4996
1772611200000,0.1276,0.1315,0.1269,0.1288,294481.5936
1772625600000,0.1288,0.132,0.1275,0.132,323022.1517
1772640000000,0.132,0.1322,0.1284,0.1307,203913.9211
1772654400000,0.1307,0.1308,0.1271,0.1285,138478.1474
1772668800000,0.1285,0.129,0.1271,0.1281,111467.9303
1772683200000,0.1281,0.129,0.1268,0.1276,109563.3829
1772697600000,0.1276,0.1302,0.127,0.1275,207041.404
1772712000000,0.1275,0.13,0.1267,0.1271,206897.378
1772726400000,0.1271,0.1272,0.1233,0.1254,129670.9658
1772740800000,0.1254,0.1275,0.1249,0.1253,47981.7768
1772755200000,0.1253,0.1278,0.125,0.1278,43782.3521
1772769600000,0.1278,0.128,0.1254,0.1273,58975.8575
1772784000000,0.1273,0.1275,0.1246,0.1249,72366.5595
1772798400000,0.1249,0.1252,0.1192,0.1198,256761.4004
1772812800000,0.1198,0.1202,0.1169,0.1199,121393.2352
1772827200000,0.1199,0.1211,0.1194,0.1204,61980.9859
1772841600000,0.1204,0.1211,0.1194,0.1201,54519.954
1772856000000,0.1201,0.1209,0.1186,0.1195,41894.3281
1772870400000,0.1195,0.1206,0.119,0.1196,27838.0027
1772884800000,0.1196,0.1198,0.1167,0.1173,89404.5681
1772899200000,0.1173,0.1186,0.1159,0.1164,79293.6746
1772913600000,0.1164,0.117,0.1151,0.1164,45672.3001
1772928000000,0.1164,0.1164,0.114,0.1145,57986.989
1772942400000,0.1145,0.1153,0.1132,0.1148,42505.5315
1772956800000,0.1148,0.1164,0.114,0.1158,45667.8605
1772971200000,0.1158,0.1169,0.114,0.1148,137918.1311
1772985600000,0.1148,0.1176,0.114,0.117,69579.3974
1773000000000,0.117,0.1176,0.1136,0.1154,131007.12
1773014400000,0.1154,0.1184,0.1149,0.1165,93249.9777
1773028800000,0.1165,0.1202,0.1165,0.1186,87813.8506
1773043200000,0.1186,0.1192,0.1168,0.1178,53996.3963
1773057600000,0.1178,0.1208,0.1177,0.119,133793.5073
1773072000000,0.119,0.1227,0.1186,0.1204,99887.3927
1773086400000,0.1204,0.1208,0.1181,0.1185,58666.1062
1773100800000,0.1185,0.1221,0.1182,0.1195,85622.4737
1773115200000,0.1195,0.1216,0.1194,0.1211,84369.0857
1773129600000,0.1211,0.1224,0.1206,0.1214,93874.263
1773144000000,0.1214,0.1234,0.1198,0.1224,130138.1911
1773158400000,0.1224,0.1227,0.1184,0.1189,115922.2623
1773172800000,0.1189,0.1197,0.1177,0.1188,72799.5046
1773187200000,0.1188,0.1192,0.1181,0.1188,31223.0794
1773201600000,0.1188,0.1194,0.1169,0.1187,59852.8445
1773216000000,0.1187,0.1203,0.1184,0.1193,75120.688
1773230400000,0.1193,0.1227,0.1191,0.1203,165239.1496
1773244800000,0.1203,0.1216,0.1194,0.1206,74944.8681
1773259200000,0.1206,0.1215,0.12,0.1205,37119.4635
1773273600000,0.1205,0.1207,0.1187,0.1189,44715.1399
1773288000000,0.1189,0.1196,0.1181,0.1189,57583.5628
1773302400000,0.1189,0.1204,0.118,0.1183,63642.9849
1773316800000,0.1183,0.1188,0.1159,0.1175,144370.524
1773331200000,0.1175,0.1192,0.1165,0.1191,76300.2818
1773345600000,0.1191,0.1209,0.1176,0.1199,85221.3294
1773360000000,0.1199,0.1244,0.1198,0.1241,148905.8521
1773374400000,0.1241,0.1252,0.1231,0.1237,91394.7552
1773388800000,0.1237,0.1261,0.1232,0.1252,96451.0062
1773403200000,0.1252,0.1276,0.125,0.1259,244098.4658
1773417600000,0.1259,0.1265,0.1233,0.1243,119399.2258
1773432000000,0.1243,0.1252,0.1224,0.1237,73373.4013
1773446400000,0.1237,0.1254,0.1223,0.1252,65067.7163
1773460800000,0.1252,0.1264,0.122,0.1228,111754.9101
1773475200000,0.1228,0.1239,0.1221,0.1237,77847.0486
1773489600000,0.1237,0.1241,0.1223,0.1227,70876.3747
1773504000000,0.1227,0.1235,0.1224,0.1225,29730.1067
1773518400000,0.1225,0.1239,0.1223,0.1239,52959.8576
1773532800000,0.1239,0.1274,0.1231,0.1263,105807.1522
1773547200000,0.1263,0.1276,0.1258,0.1269,127758.4158
1773561600000,0.1269,0.1278,0.126,0.1269,81108.3765
1773576000000,0.1269,0.1283,0.1249,0.1254,82674.2599
1773590400000,0.1254,0.1278,0.1253,0.1276,60601.4257
1773604800000,0.1276,0.1291,0.1272,0.1283,130608.9281
1773619200000,0.1283,0.1308,0.1272,0.1292,141726.8209
1773633600000,0.1292,0.1325,0.1291,0.1313,142141.7562
1773648000000,0.1313,0.1327,0.1304,0.1309,141634.1186
1773662400000,0.1309,0.1323,0.1295,0.13,157808.5676
1773676800000,0.13,0.1349,0.1299,0.1345,143204.3352
1773691200000,0.1345,0.1395,0.134,0.1374,165023.2992
1773705600000,0.1374,0.1378,0.1343,0.1354,145930.5384
1773720000000,0.1354,0.136,0.1336,0.1354,77906.2028
1773734400000,0.1354,0.1362,0.1346,0.135,90311.8642
1773748800000,0.135,0.1353,0.1333,0.1348,85449.5582
1773763200000,0.1348,0.1358,0.1346,0.1351,57377.6335
1773777600000,0.1351,0.1386,0.1349,0.1361,75901.0183
1773792000000,0.1361,0.1366,0.1353,0.1357,67286.6278
1773806400000,0.1357,0.1363,0.1344,0.1351,97351.6183
1773820800000,0.1351,0.136,0.1313,0.132,96040.1964
1773835200000,0.132,0.132,0.1256,0.1268,168813.1093
1773849600000,0.1268,0.1281,0.125,0.1261,82681.8778
1773864000000,0.1261,0.1276,0.125,0.1264,78348.1139
1773878400000,0.1264,0.1274,0.125,0.1261,57192.1344
1773892800000,0.1261,0.1262,0.1213,0.1218,86847.0627
1773907200000,0.1218,0.1235,0.1215,0.1223,78418.9963
1773921600000,0.1223,0.1223,0.1188,0.1201,112698.8987
1773936000000,0.1201,0.1218,0.1191,0.1205,53410.8799
1773950400000,0.1205,0.1218,0.1202,0.1216,41753.3101
1773964800000,0.1216,0.1236,0.1214,0.1229,65186.6149
1773979200000,0.1229,0.1246,0.1227,0.124,44640.7518
1773993600000,0.124,0.1262,0.1235,0.1248,76085.5846
1774008000000,0.1248,0.126,0.1223,0.1232,98711.09
1774022400000,0.1232,0.1249,0.1224,0.1235,68650.3129
1774036800000,0.1235,0.1254,0.1223,0.1236,57407.4455
1774051200000,0.1236,0.124,0.1229,0.1231,41774.3578
1774065600000,0.1231,0.1233,0.1223,0.1224,46259.22
1774080000000,0.1224,0.1235,0.1215,0.1217,39687.3938
1774094400000,0.1217,0.1242,0.1216,0.1241,29597.011
1774108800000,0.1241,0.1242,0.1221,0.1222,25951.7125
1774123200000,0.1222,0.1229,0.117,0.1178,92738.9953
1774137600000,0.1178,0.12,0.1155,0.119,111002.2397
1774152000000,0.119,0.1199,0.1171,0.1171,51467.8048
1774166400000,0.1171,0.1175,0.1155,0.1157,70767.9512
1774180800000,0.1157,0.1166,0.1154,0.1163,51007.7963
1774195200000,0.1163,0.1163,0.114,0.1147,49900.2763
1774209600000,0.1147,0.1154,0.1129,0.1147,84057.0641
1774224000000,0.1147,0.1166,0.1142,0.1157,51446.5804
1774238400000,0.1157,0.1168,0.113,0.1139,56131.2277
1774252800000,0.1139,0.1197,0.1124,0.1167,272873.2149
1774267200000,0.1167,0.1181,0.1151,0.1151,174290.375
1774281600000,0.1151,0.1159,0.1134,0.1143,150134.9447
1774296000000,0.1143,0.1151,0.112,0.1135,190762.6057
1774310400000,0.1135,0.1141,0.1108,0.1128,142002.5076
1774324800000,0.1128,0.1147,0.1118,0.1146,131592.9442
1774339200000,0.1146,0.1172,0.1141,0.1153,218462.6756
1774353600000,0.1153,0.1153,0.1114,0.1115,126035.7487
1774368000000,0.1115,0.1124,0.1094,0.1117,133971.1229
1774382400000,0.1117,0.1147,0.1113,0.1137,139439.2118
1774396800000,0.1137,0.115,0.1126,0.1144,92912.8555
1774411200000,0.1144,0.1145,0.1126,0.113,74391.3103
1774425600000,0.113,0.1151,0.1126,0.1149,159716.415
1774440000000,0.1149,0.1156,0.1134,0.1138,104618.4451
1774454400000,0.1138,0.1147,0.1129,0.1134,62807.3947
1774468800000,0.1134,0.1142,0.1124,0.1135,60108.9032
1774483200000,0.1135,0.114,0.1115,0.112,55263.56
1774497600000,0.112,0.112,0.1097,0.1106,77487.7625
1774512000000,0.1106,0.1106,0.1079,0.1082,148815.4948
1774526400000,0.1082,0.1097,0.1078,0.1086,92936.8669
1774540800000,0.1086,0.1122,0.1063,0.1066,324030.5119
1774555200000,0.1066,0.1101,0.1059,0.1086,97945.2152
1774569600000,0.1086,0.1097,0.1084,0.1095,56966.8736
1774584000000,0.1095,0.1103,0.1084,0.11,94352.1385
1774598400000,0.11,0.1104,0.1045,0.1055,154541.3156
1774612800000,0.1055,0.1057,0.1036,0.104,185687.9568
1774627200000,0.104,0.1047,0.1024,0.1045,103928.1019
1774641600000,0.1045,0.1047,0.1034,0.1041,52187.995
1774656000000,0.1041,0.1043,0.1021,0.1034,54448.1855
1774670400000,0.1034,0.1043,0.1029,0.1043,44508.2597
1774684800000,0.1043,0.1051,0.104,0.1047,48455.6252
1774699200000,0.1047,0.1063,0.1038,0.1046,76066.1227
1774713600000,0.1046,0.1057,0.1044,0.1046,85339.598
1774728000000,0.1046,0.1051,0.1022,0.1024,55694.6937
1774742400000,0.1024,0.1044,0.1018,0.1031,94899.8323
1774756800000,0.1031,0.1034,0.1023,0.1023,48551.1347
1774771200000,0.1023,0.1029,0.1013,0.1024,58369.8057
1774785600000,0.1024,0.1024,0.1004,0.1016,73545.8323
1774800000000,0.1016,0.1024,0.1012,0.1018,56822.1772
1774814400000,0.1018,0.1036,0.0988,0.102,154036.954
1774828800000,0.102,0.1063,0.1018,0.1056,85327.2228
1774843200000,0.1056,0.1091,0.1056,0.1086,132061.0107
1774857600000,0.1086,0.1089,0.1066,0.1082,86134.2907
1774872000000,0.1082,0.1097,0.1066,0.1072,172791.3145
1774886400000,0.1072,0.1078,0.1055,0.1065,85676.4801
1774900800000,0.1065,0.1072,0.1055,0.1059,40284.7577
1774915200000,0.1059,0.1086,0.1057,0.1082,85837.8961
1774929600000,0.1082,0.1092,0.1077,0.1092,97178.0287
1774944000000,0.1092,0.1097,0.1068,0.1097,137698.1196
1774958400000,0.1097,0.1123,0.1091,0.1095,197765.5358
1774972800000,0.1095,0.1119,0.1086,0.1103,161825.1514
1774987200000,0.1103,0.1112,0.1098,0.1108,82067.5618
1775001600000,0.1108,0.1108,0.1086,0.1103,65129.0601
1775016000000,0.1103,0.1129,0.1102,0.1127,91162.1827
1775030400000,0.1127,0.1135,0.1108,0.1114,104600.8467
1775044800000,0.1114,0.1132,0.1106,0.1119,88994.1521
1775059200000,0.1119,0.1126,0.1106,0.111,57837.9152
1775073600000,0.111,0.1119,0.1096,0.1102,112633.8065
1775088000000,0.1102,0.1112,0.1063,0.1067,140978.1782
1775102400000,0.1067,0.1081,0.1061,0.1075,78337.5343
1775116800000,0.1075,0.1075,0.1062,0.1068,59182.6708
1775131200000,0.1068,0.1073,0.1047,0.1066,204132.1938
1775145600000,0.1066,0.108,0.1057,0.1064,123920.0202
1775160000000,0.1064,0.1071,0.1057,0.1064,60739.2098
1775174400000,0.1064,0.1081,0.106,0.1076,85800.3773
1775188800000,0.1076,0.1098,0.1074,0.1092,113094.1372
1775203200000,0.1092,0.1111,0.1092,0.1108,107874.4623
1775217600000,0.1108,0.1117,0.1095,0.1098,104391.8503
1775232000000,0.1098,0.1106,0.1097,0.1105,63212.8657
1775246400000,0.1105,0.111,0.1097,0.11,38318.4992
1775260800000,0.11,0.1109,0.1094,0.1103,53020.6993
1775275200000,0.1103,0.111,0.1096,0.1104,56286.5914
1775289600000,0.1104,0.1106,0.109,0.1099,56533.2905
1775304000000,0.1099,0.1102,0.1085,0.1095,50117.8757
1775318400000,0.1095,0.1115,0.1091,0.1104,50322.4336
1775332800000,0.1104,0.1108,0.11,0.1106,37083.3826
1775347200000,0.1106,0.1109,0.1091,0.1093,60704.778
1775361600000,0.1093,0.1093,0.1069,0.1071,38310.3751
1775376000000,0.1071,0.1079,0.1068,0.1072,30326.5564
1775390400000,0.1072,0.108,0.1058,0.1071,89199.6796
1775404800000,0.1071,0.1073,0.1062,0.1069,37439.7983
1775419200000,0.1069,0.1104,0.1066,0.1104,73486.099
1775433600000,0.1104,0.1124,0.11,0.1115,94504.2924
1775448000000,0.1115,0.1125,0.1109,0.1121,74403.839
1775462400000,0.1121,0.1149,0.1119,0.1148,103411.2602
1775476800000,0.1148,0.115,0.1122,0.1136,92371.3573
1775491200000,0.1136,0.1138,0.112,0.1122,45684.5526
1775505600000,0.1122,0.1126,0.1091,0.1098,64206.2962
1775520000000,0.1098,0.1102,0.1085,0.1095,50692.3828
1775534400000,0.1095,0.1102,0.1091,0.1099,42853.536
1775548800000,0.1099,0.1106,0.1085,0.1091,70083.0795
1775563200000,0.1091,0.1092,0.1074,0.1085,130905.9851
1775577600000,0.1085,0.1116,0.1082,0.1116,55056.2322
1775592000000,0.1116,0.1198,0.1112,0.1188,287451.003
1775606400000,0.1188,0.1207,0.1178,0.1196,163187.127
1775620800000,0.1196,0.1209,0.1191,0.1198,166456.8745
1775635200000,0.1198,0.1199,0.1176,0.118,166530.634
1775649600000,0.118,0.1185,0.1154,0.1164,96175.7874
1775664000000,0.1164,0.1178,0.1149,0.1157,69457.6308
1775678400000,0.1157,0.1169,0.1142,0.115,84717.3426
1775692800000,0.115,0.115,0.1127,0.1134,86818.4882
1775707200000,0.1134,0.1147,0.1132,0.1136,77085.5519
1775721600000,0.1136,0.1139,0.1122,0.1123,58557.0396
1775736000000,0.1123,0.1146,0.1109,0.1143,92107.6721
1775750400000,0.1143,0.1147,0.1125,0.114,82422.5253
1775764800000,0.114,0.1168,0.1136,0.1141,76469.7282
1775779200000,0.1141,0.1154,0.1134,0.114,70619.8638
1775793600000,0.114,0.1163,0.1139,0.1145,83252.6872
1775808000000,0.1145,0.1156,0.1139,0.1142,73156.6063
1775822400000,0.1142,0.1161,0.1134,0.1147,96425.9243
1775836800000,0.1147,0.1162,0.1144,0.116,63254.161
1775851200000,0.116,0.1161,0.1145,0.1153,67280.0504
1775865600000,0.1153,0.1153,0.112,0.1135,136326.2694
1775880000000,0.1135,0.114,0.1122,0.1123,77607.9237
1775894400000,0.1123,0.1128,0.1118,0.1124,80714.6075
1775908800000,0.1124,0.1125,0.1103,0.1118,113720.1299
1775923200000,0.1118,0.1162,0.1115,0.1161,180068.1936
1775937600000,0.1161,0.1163,0.114,0.1145,98216.4104
1775952000000,0.1145,0.1148,0.1091,0.1093,121635.4086
1775966400000,0.1093,0.1094,0.1081,0.1083,67670.5474
1775980800000,0.1083,0.1091,0.1074,0.1085,72421.7728
1775995200000,0.1085,0.1093,0.1071,0.1075,102051.8727
1776009600000,0.1075,0.1096,0.1074,0.1091,67433.0089
1776024000000,0.1091,0.1097,0.1067,0.1069,63327.95
1776038400000,0.1069,0.1081,0.106,0.1067,49496.8054
1776052800000,0.1067,0.108,0.1057,0.1061,68572.5434
1776067200000,0.1061,0.1072,0.1055,0.1071,66358.1211
1776081600000,0.1071,0.1097,0.1064,0.1088,90168.4285
1776096000000,0.1088,0.1124,0.1082,0.1122,123024.1713
1776110400000,0.1122,0.1166,0.1104,0.1163,275590.6583
1776124800000,0.1163,0.1169,0.1141,0.1143,118867.2492
1776139200000,0.1143,0.1149,0.113,0.1136,53140.6732
1776153600000,0.1136,0.114,0.1128,0.113,51824.525
1776168000000,0.113,0.1167,0.1128,0.1134,238072.1738
1776182400000,0.1134,0.1148,0.1102,0.1111,146992.8705
1776196800000,0.1111,0.1117,0.1103,0.1113,57350.8696
1776211200000,0.1113,0.1129,0.1111,0.1122,49056.0625
1776225600000,0.1122,0.1132,0.1114,0.1118,56640.0183
1776240000000,0.1118,0.1159,0.1117,0.1151,79289.4577
1776254400000,0.1151,0.1178,0.1145,0.1167,138114.3137
1776268800000,0.1167,0.1223,0.1167,0.1215,174281.4943
1776283200000,0.1215,0.1216,0.119,0.1198,90874.0764
1776297600000,0.1198,0.1215,0.1186,0.1212,88265.5792
1776312000000,0.1212,0.1237,0.1207,0.1228,193752.7767
1776326400000,0.1228,0.1231,0.121,0.1231,182719.704
1776340800000,0.1231,0.131,0.1227,0.1305,338065.7156
1776355200000,0.1305,0.1327,0.1252,0.1324,232419.1189
1776369600000,0.1324,0.133,0.1297,0.1324,98849.4742
1776384000000,0.1324,0.1343,0.1304,0.131,170881.7382
1776398400000,0.131,0.1315,0.1284,0.1309,114302.3434
1776412800000,0.1309,0.1323,0.1293,0.1313,161669.3095
1776427200000,0.1313,0.1371,0.1309,0.1335,269693.6895
1776441600000,0.1335,0.1349,0.1323,0.1346,152807.4429
1776456000000,0.1346,0.1352,0.1332,0.1343,138561.8753
1776470400000,0.1343,0.1349,0.1314,0.132,104106.4753
1776484800000,0.132,0.1345,0.1315,0.1339,105715.3063
1776499200000,0.1339,0.1343,0.1278,0.1287,133139.6172
1776513600000,0.1287,0.1292,0.1272,0.1282,63458.4455
1776528000000,0.1282,0.129,0.1262,0.1263,77287.5223
1776542400000,0.1263,0.127,0.1257,0.1259,43306.292
1776556800000,0.1259,0.1259,0.1226,0.1236,75471.7347
1776571200000,0.1236,0.1245,0.1227,0.1236,76809.8282
1776585600000,0.1236,0.125,0.1229,0.1246,45556.2661
1776600000000,0.1246,0.1269,0.1236,0.125,104741.4711
1776614400000,0.125,0.1251,0.1217,0.1231,88777.5136
1776628800000,0.1231,0.1234,0.1198,0.1203,88122.2176
1776643200000,0.1203,0.1227,0.1203,0.1224,54797.5289
1776657600000,0.1224,0.1244,0.1204,0.1228,82216.8419
1776672000000,0.1228,0.1238,0.1215,0.1227,53132.2674
1776686400000,0.1227,0.1247,0.1219,0.1232,72286.3705
1776700800000,0.1232,0.1257,0.123,0.1248,73775.1138
1776715200000,0.1248,0.1259,0.1238,0.124,58516.4248
1776729600000,0.124,0.1244,0.1223,0.1229,31430.9748
1776744000000,0.1229,0.1244,0.1225,0.1232,28769.3509
1776758400000,0.1232,0.1259,0.1229,0.124,108406.551
1776772800000,0.124,0.1244,0.1217,0.1239,157639.1452
1776787200000,0.1239,0.1245,0.1201,0.1205,69108.0513
1776801600000,0.1205,0.1235,0.1204,0.1231,80301.1627
1776816000000,0.1231,0.1258,0.1223,0.1256,87815.8696
1776830400000,0.1256,0.1288,0.1256,0.1268,103783.5441
1776844800000,0.1268,0.128,0.1264,0.1273,45801.6385
1776859200000,0.1273,0.1274,0.1257,0.1262,67531.5063
1776873600000,0.1262,0.1281,0.1248,0.1258,94563.6817
1776888000000,0.1258,0.1258,0.121,0.1211,78157.4495
1776902400000,0.1211,0.1213,0.1177,0.1183,105328.1123
1776916800000,0.1183,0.1195,0.1179,0.1188,78999.3361
1776931200000,0.1188,0.1195,0.1182,0.1191,56946.2984
1776945600000,0.1191,0.1228,0.1191,0.1225,69136.0288
1776960000000,0.1225,0.1227,0.1176,0.1189,100114.1125
1776974400000,0.1189,0.1219,0.1189,0.1216,36445.8741
1776988800000,0.1216,0.1227,0.1199,0.1206,59723.5147
1777003200000,0.1206,0.1216,0.12,0.1212,37928.132
1777017600000,0.1212,0.1233,0.1208,0.123,47050.088
1777032000000,0.123,0.1241,0.1212,0.124,67918.8132
1777046400000,0.124,0.1254,0.1227,0.1251,123804.7153
1777060800000,0.1251,0.1266,0.124,0.1251,129968.2857
1777075200000,0.1251,0.1288,0.1244,0.1282,108537.8735
1777089600000,0.1282,0.1302,0.1275,0.1286,179779.9356
1777104000000,0.1286,0.1333,0.1281,0.1285,404509.2118
1777118400000,0.1285,0.1286,0.1252,0.1255,202950.8225
1777132800000,0.1255,0.126,0.1239,0.1241,97045.4908
1777147200000,0.1241,0.1254,0.1236,0.125,65703.8161
1777161600000,0.125,0.125,0.1233,0.1239,92644.2483
1777176000000,0.1239,0.1267,0.1236,0.1262,69887.9154
1777190400000,0.1262,0.1273,0.1256,0.1267,45735.6083
1777204800000,0.1267,0.1269,0.1249,0.1266,60902.5602
1777219200000,0.1266,0.1275,0.1256,0.1268,31762.7025
1777233600000,0.1268,0.1271,0.1249,0.1257,55387.7753
1777248000000,0.1257,0.1291,0.1254,0.1284,102321.212
1777262400000,0.1284,0.1285,0.1219,0.1222,129376.9957
1777276800000,0.1222,0.123,0.1215,0.1221,49045.5656
1777291200000,0.1221,0.1231,0.1191,0.1198,102098.1173
1777305600000,0.1198,0.1213,0.1193,0.1208,55051.0087
1777320000000,0.1208,0.1225,0.1208,0.1225,22719.1308
1777334400000,0.1225,0.1228,0.1215,0.1223,37085.7626
1777348800000,0.1223,0.1232,0.1212,0.1217,56799.4025
1777363200000,0.1217,0.1224,0.1201,0.1204,74291.4373
1777377600000,0.1204,0.1219,0.1202,0.1214,47684.937
1777392000000,0.1214,0.1221,0.1205,0.1219,47335.1312
1777406400000,0.1219,0.122,0.1209,0.1212,24413.3738
1777420800000,0.1212,0.1228,0.1202,0.1226,41347.0112
1777435200000,0.1226,0.1245,0.1223,0.1236,43992.5728
1777449600000,0.1236,0.126,0.1229,0.1239,93401.1975
1777464000000,0.1239,0.124,0.1182,0.1185,143277.0354
1777478400000,0.1185,0.1202,0.1155,0.1176,103534.7002
1777492800000,0.1176,0.1202,0.1176,0.1197,58422.3054
1777507200000,0.1197,0.1217,0.1193,0.1205,61933.353
1777521600000,0.1205,0.1206,0.1188,0.1206,60217.0141
1777536000000,0.1206,0.1224,0.1204,0.1219,122012.8151
1777550400000,0.1219,0.1227,0.1201,0.1212,74047.696
1777564800000,0.1212,0.1215,0.1202,0.1211,40841.5727
1777579200000,0.1211,0.1211,0.1195,0.1203,20776.5718
1777593600000,0.1203,0.1228,0.1203,0.1222,47002.516
1777608000000,0.1222,0.1229,0.1205,0.1213,36507.3507
1777622400000,0.1213,0.1214,0.1199,0.1207,55596.7681
1777636800000,0.1207,0.1229,0.1206,0.1223,59514.9881
1777651200000,0.1223,0.1231,0.1216,0.1223,35083.4475
1777665600000,0.1223,0.1227,0.1203,0.121,33934.8808
1777680000000,0.121,0.1214,0.1201,0.1205,23644.5372
1777694400000,0.1205,0.1206,0.1194,0.1202,45897.3853
1777708800000,0.1202,0.1214,0.1199,0.1206,31935.5039
1777723200000,0.1206,0.1233,0.1205,0.1233,65822.9024
1777737600000,0.1233,0.1259,0.1228,0.1258,90590.4906
1777752000000,0.1258,0.1266,0.1253,0.1255,72697.7691
1777766400000,0.1255,0.1257,0.122,0.1224,51839.3693
1777780800000,0.1224,0.1228,0.1216,0.1222,40247.7759
1777795200000,0.1222,0.1228,0.1213,0.1221,69872.8874
1777809600000,0.1221,0.1229,0.1213,0.1222,41921.48
1777824000000,0.1222,0.1233,0.1217,0.123,28686.5659
1777838400000,0.123,0.1248,0.1223,0.1228,90471.2617
1777852800000,0.1228,0.1272,0.1212,0.1268,128676.022
1777867200000,0.1268,0.1277,0.1245,0.1252,91772.8725
1777881600000,0.1252,0.1258,0.1206,0.1214,149334.7746
1777896000000,0.1214,0.1254,0.1205,0.1228,180640.0568
1777910400000,0.1228,0.1257,0.1217,0.1248,201972.2703
1777924800000,0.1248,0.126,0.1231,0.1241,93032.1337
1777939200000,0.1241,0.1285,0.1236,0.1274,141746.1867
1777953600000,0.1274,0.1281,0.1262,0.1272,120948.5768
1777968000000,0.1272,0.1303,0.1271,0.1299,141454.0141
1777982400000,0.1299,0.1307,0.127,0.1273,173699.9347
1777996800000,0.1273,0.1282,0.1265,0.1278,112505.4104
1778011200000,0.1278,0.1309,0.1276,0.1285,142462.8777
1778025600000,0.1285,0.1328,0.1279,0.1325,183761.5659
1778040000000,0.1325,0.1333,0.1308,0.1324,147572.3681
1778054400000,0.1324,0.1365,0.1321,0.1362,166585.7293
1778068800000,0.1362,0.1376,0.1324,0.1363,266485.5179
1778083200000,0.1363,0.1392,0.1357,0.1386,197971.9781
1778097600000,0.1386,0.1488,0.1386,0.1425,470897.6076
1778112000000,0.1425,0.1442,0.1377,0.1389,761685.225
1778126400000,0.1389,0.1507,0.1386,0.1448,509478.1251
1778140800000,0.1448,0.1478,0.1437,0.1455,216383.0802
1778155200000,0.1455,0.1491,0.1426,0.1443,311321.9111
1778169600000,0.1443,0.1477,0.1438,0.1467,191807.5286
1778184000000,0.1467,0.1498,0.1453,0.148,143868.0299
1778198400000,0.148,0.1515,0.1464,0.1489,254866.9109
1778212800000,0.1489,0.1511,0.1459,0.1504,270010.7834
1778227200000,0.1504,0.1528,0.1479,0.1519,241555.4799
1778241600000,0.1519,0.1525,0.1487,0.1522,237278.4784
1778256000000,0.1522,0.165,0.1518,0.1618,678082.2934
1778270400000,0.1618,0.1817,0.1613,0.1718,1440393.7326
1778284800000,0.1718,0.1726,0.1664,0.1694,393626.2167
1778299200000,0.1694,0.1715,0.1645,0.1649,295121.9772
1778313600000,0.1649,0.1668,0.1628,0.1651,173042.0424
1778328000000,0.1651,0.1681,0.1636,0.1663,306730.732
1778342400000,0.1663,0.1666,0.1638,0.1648,64773.3692
1778356800000,0.1648,0.1659,0.1632,0.1632,42692.0259
1778371200000,0.1632,0.1638,0.1609,0.1622,105337.7581
1778385600000,0.1622,0.1633,0.1606,0.1607,47925.8052
1778400000000,0.1607,0.1644,0.1605,0.1623,90419.3733
1778414400000,0.1623,0.1645,0.1614,0.1631,104565.3297
1778428800000,0.1631,0.1661,0.1628,0.1649,170518.5568
1778443200000,0.1649,0.166,0.1574,0.1633,149600.6702
1778457600000,0.1633,0.1636,0.1585,0.1595,81062.6539
1778472000000,0.1595,0.1612,0.1587,0.1595,50280.4809
1778486400000,0.1595,0.161,0.1575,0.1587,144947.842
1778500800000,0.1587,0.159,0.1561,0.1578,116801.5921
1778515200000,0.1578,0.1583,0.1565,0.1582,68946.1887
1778529600000,0.1582,0.1588,0.1563,0.1571,52596.0566
1778544000000,0.1571,0.1579,0.1547,0.1552,123001.6829
1778558400000,0.1552,0.1568,0.155,0.1564,49254.0772
1778572800000,0.1564,0.1566,0.1537,0.1542,61792.4094
1778587200000,0.1542,0.1544,0.1501,0.1504,115470.8692
1778601600000,0.1504,0.153,0.149,0.1524,74687.3646
1778616000000,0.1524,0.1532,0.1516,0.1521,47468.2178
1778630400000,0.1521,0.1553,0.1518,0.1549,56154.9121
1778644800000,0.1549,0.1555,0.1538,0.1552,50167.8265
1778659200000,0.1552,0.1579,0.1526,0.1529,109269.6385
1778673600000,0.1529,0.1533,0.1444,0.1446,173598.0263
1778688000000,0.1446,0.148,0.1445,0.1463,96612.6622
1778702400000,0.1463,0.147,0.1449,0.1462,42501.9252
1778716800000,0.1462,0.1469,0.144,0.1442,64370.2474
1778731200000,0.1442,0.1473,0.1439,0.1458,60507.7915
1778745600000,0.1458,0.1466,0.1435,0.1435,218425.211
1778760000000,0.1435,0.1479,0.1434,0.1477,100727.2219
1778774400000,0.1477,0.1483,0.1451,0.1466,95126.7674
1778788800000,0.1466,0.1469,0.1448,0.145,45393.3976
1778803200000,0.145,0.1461,0.143,0.1434,57775.7273
1778817600000,0.1434,0.1434,0.1395,0.1416,107438.1984
1778832000000,0.1416,0.1424,0.1407,0.1417,55913.8909
1778846400000,0.1417,0.1417,0.1346,0.1353,166932.5906
1778860800000,0.1353,0.1385,0.1351,0.1375,89538.538
1778875200000,0.1375,0.1376,0.1363,0.1367,25118.7648
1778889600000,0.1367,0.138,0.1364,0.1373,63950.7783
1778904000000,0.1373,0.1374,0.1317,0.1329,96602.1195
1778918400000,0.1329,0.1336,0.131,0.1325,68814.1455
1778932800000,0.1325,0.1346,0.1323,0.134,28862.7761
1778947200000,0.134,0.1353,0.1337,0.1339,39870.3261
1778961600000,0.1339,0.134,0.1329,0.1331,16626.4945
1778976000000,0.1331,0.1335,0.1318,0.1329,31204.7307
1778990400000,0.1329,0.1341,0.1329,0.1334,29311.2426
1779004800000,0.1334,0.1344,0.1323,0.1325,28537.6104
1779019200000,0.1325,0.1328,0.1307,0.1317,54107.7248
1779033600000,0.1317,0.132,0.1307,0.1313,27316.1244
1779048000000,0.1313,0.1316,0.1232,0.1283,211625.1026
1779062400000,0.1283,0.1293,0.1266,0.1283,73959.4233
1779076800000,0.1283,0.1288,0.1262,0.1267,49641.8992
1779091200000,0.1267,0.1284,0.126,0.1276,50049.8107
1779105600000,0.1276,0.1288,0.1238,0.1252,105146.1331
1779120000000,0.1252,0.128,0.1249,0.1277,75439.8377
1779134400000,0.1277,0.1298,0.1274,0.1295,61520.4579
1779148800000,0.1295,0.1302,0.1274,0.1284,50282.9782
1779163200000,0.1284,0.1298,0.1281,0.1297,39482.9793
1779177600000,0.1297,0.1302,0.1272,0.1273,87115.2114
1779192000000,0.1273,0.1283,0.1259,0.1268,92682.1646
1779206400000,0.1268,0.1282,0.1265,0.1266,31597.7595
1779220800000,0.1266,0.1274,0.1257,0.126,13356.4035
1779235200000,0.126,0.1263,0.1252,0.1256,20768.2414
1779249600000,0.1256,0.1281,0.1254,0.1277,42559.3141
1779264000000,0.1277,0.1283,0.1264,0.1267,26277.077
1779278400000,0.1267,0.1298,0.1245,0.1292,151321.4342
1779292800000,0.1292,0.1304,0.128,0.1291,79087.3332
1779307200000,0.1291,0.1302,0.1275,0.1291,51771.1767
1779321600000,0.1291,0.1315,0.1287,0.1314,101195.0433
1779336000000,0.1314,0.1316,0.129,0.1302,81564.4907
1779350400000,0.1302,0.1308,0.1278,0.1282,77034.736
1779364800000,0.1282,0.1302,0.128,0.1295,80319.8295
1779379200000,0.1295,0.133,0.1288,0.1327,133229.4193
1779393600000,0.1327,0.1336,0.1316,0.1323,40735.5627
1779408000000,0.1323,0.1337,0.131,0.1337,62788.5687
1779422400000,0.1337,0.1346,0.1323,0.1337,55262.2699
1779436800000,0.1337,0.1351,0.1332,0.1348,59345.0532
1779451200000,0.1348,0.1368,0.1329,0.1342,137275.9482
1779465600000,0.1342,0.1347,0.1276,0.1287,212121.4987
1779480000000,0.1287,0.1298,0.1258,0.1268,79823.2153
1779494400000,0.1268,0.1284,0.1256,0.1278,89867.0279
1779508800000,0.1278,0.1278,0.1213,0.1229,134506.8664
1779523200000,0.1229,0.1231,0.1215,0.1221,71072.4796
1779537600000,0.1221,0.1262,0.1215,0.1261,113592.3887
1779552000000,0.1261,0.1312,0.1256,0.1296,132457.0341
1779566400000,0.1296,0.134,0.1291,0.1302,108401.066
1779580800000,0.1302,0.1305,0.1282,0.1286,31469.0732
1779595200000,0.1286,0.1289,0.1273,0.1285,34169.9213
1779609600000,0.1285,0.1296,0.1277,0.1281,224342.1158
1779624000000,0.1281,0.1281,0.1244,0.1262,86390.3419
1779638400000,0.1262,0.1271,0.126,0.1264,33663.232
1779652800000,0.1264,0.1265,0.123,0.1255,48049.1609
1779667200000,0.1255,0.1262,0.1248,0.1249,24467.437
1779681600000,0.1249,0.1278,0.1249,0.1274,63149.8342
1779696000000,0.1274,0.1295,0.1273,0.1286,67277.4936
1779710400000,0.1286,0.1314,0.1282,0.1305,83426.3289
1779724800000,0.1305,0.1323,0.1303,0.131,54562.5745
1779739200000,0.131,0.1317,0.1287,0.1297,90498.7862
1779753600000,0.1297,0.1299,0.1273,0.128,82473.4969
1779768000000,0.128,0.1307,0.1275,0.1298,69064.5495
1779782400000,0.1298,0.1344,0.1298,0.1332,128472.32
1779796800000,0.1332,0.1344,0.1305,0.1317,151726.132
1779811200000,0.1317,0.1317,0.1274,0.1291,126152.4465
1779825600000,0.1291,0.1294,0.1277,0.1279,46847.8368
1779840000000,0.1279,0.129,0.1268,0.1273,70227.5618
1779854400000,0.1273,0.1286,0.1253,0.1283,81930.8471
1779868800000,0.1283,0.1289,0.1261,0.1268,73805.1956
1779883200000,0.1268,0.1303,0.1255,0.1297,90949.0226
1779897600000,0.1297,0.1304,0.126,0.1284,73592.0097
1779912000000,0.1284,0.1286,0.1226,0.1237,159996.9413
1779926400000,0.1237,0.124,0.1185,0.1198,276307.3722
1779940800000,0.1198,0.1198,0.1158,0.118,260241.9727
1779955200000,0.118,0.1186,0.1164,0.1167,74142.677
1779969600000,0.1167,0.1174,0.1139,0.1151,175423.5753
1779984000000,0.1151,0.1211,0.1144,0.1196,98890.7228
1779998400000,0.1196,0.1205,0.1178,0.1186,82919.5153
1780012800000,0.1186,0.1196,0.1172,0.1176,74772.5467
1780027200000,0.1176,0.1196,0.1166,0.1182,60825.5177
1780041600000,0.1182,0.1191,0.1168,0.1173,39941.4188
1780056000000,0.1173,0.1213,0.1137,0.1201,258823.7236
1780070400000,0.1201,0.1221,0.1178,0.1192,122398.6888
1780084800000,0.1192,0.1197,0.1178,0.1186,31054.3706
1780099200000,0.1186,0.1233,0.1186,0.1222,62337.0859
1780113600000,0.1222,0.1224,0.1193,0.1212,82666.4445
1780128000000,0.1212,0.1214,0.1203,0.1208,19822.5218
1780142400000,0.1208,0.1219,0.1199,0.1213,55269.8515
1780156800000,0.1213,0.1219,0.1205,0.1216,27739.0419
1780171200000,0.1216,0.1223,0.1199,0.1207,36589.5191
1780185600000,0.1207,0.1218,0.1202,0.1213,30396.2744
1780200000000,0.1213,0.1218,0.1189,0.1193,35450.4802
1780214400000,0.1193,0.1199,0.1183,0.1193,33306.2546
1780228800000,0.1193,0.1199,0.1167,0.1173,66745.2621
1780243200000,0.1173,0.1176,0.1148,0.1152,82043.2364
1780257600000,0.1152,0.1194,0.1152,0.1186,54680.0366
1780272000000,0.1186,0.1212,0.1165,0.1204,88806.5091
1780286400000,0.1204,0.121,0.1154,0.1156,44735.5543
1780300800000,0.1156,0.117,0.1151,0.1163,70504.6293
1780315200000,0.1163,0.117,0.1143,0.1165,144975.4619
1780329600000,0.1165,0.1249,0.1159,0.1248,228028.5381
1780344000000,0.1248,0.1249,0.1215,0.1245,125043.1461
1780358400000,0.1245,0.1251,0.1189,0.1236,135200.8976
1780372800000,0.1236,0.1245,0.121,0.1238,204833.8141
1780387200000,0.1238,0.1255,0.1214,0.124,106892.0652
1780401600000,0.124,0.1265,0.1153,0.1168,329981.0418
1780416000000,0.1168,0.1232,0.1158,0.1187,200234.3354
1780430400000,0.1187,0.1213,0.1131,0.1157,188473.4308
1780444800000,0.1157,0.1192,0.1146,0.1152,142351.4753
1780459200000,0.1152,0.1268,0.1152,0.1266,176728.3892
1780473600000,0.1266,0.1332,0.125,0.1289,346750.3812
1780488000000,0.1289,0.1292,0.1253,0.1254,247054.3883
1780502400000,0.1254,0.1256,0.1216,0.1229,155463.2173
1780516800000,0.1229,0.1259,0.1198,0.1228,144622.4482
1780531200000,0.1228,0.1245,0.1075,0.1152,477588.8023
1780545600000,0.1152,0.116,0.1077,0.1079,278775.6746
1780560000000,0.1079,0.1087,0.1043,0.1071,354752.483
1780574400000,0.1071,0.1152,0.1055,0.115,392613.2886
1780588800000,0.115,0.1191,0.1125,0.1173,337014.4368
1780603200000,0.1173,0.1175,0.1096,0.1121,173545.9296
1780617600000,0.1121,0.1128,0.1072,0.1074,160907.3069
1780632000000,0.1074,0.1103,0.1002,0.1068,267541.6899
1780646400000,0.1068,0.1072,0.1025,0.1028,166758.2667
1780660800000,0.1028,0.1046,0.0987,0.0995,286846.5062
1780675200000,0.0995,0.1002,0.0914,0.0959,420903.3479
1780689600000,0.0959,0.1006,0.095,0.0978,212333.8491
1780704000000,0.0978,0.1,0.0952,0.0956,123714.695
1780718400000,0.0956,0.097,0.0898,0.0958,240695.8127
1780732800000,0.0958,0.0988,0.0937,0.0967,144792.1582
1780747200000,0.0967,0.0976,0.0943,0.0947,96220.6842
1780761600000,0.0947,0.0955,0.093,0.093,70572.285
1780776000000,0.093,0.0941,0.0925,0.0938,54696.5281
1780790400000,0.0938,0.0965,0.0933,0.0949,113658.3782
1780804800000,0.0949,0.0963,0.0939,0.0955,139695.5886
1780819200000,0.0955,0.0977,0.0946,0.0963,111066.8979
1780833600000,0.0963,0.0969,0.0931,0.096,145520.8351
1780848000000,0.096,0.096,0.0919,0.0926,209937.8059
1780862400000,0.0926,0.1008,0.0923,0.0976,183055.2815
1780876800000,0.0976,0.0981,0.095,0.0969,131633.5187
1780891200000,0.0969,0.0972,0.0947,0.0971,84143.8634
1780905600000,0.0971,0.0994,0.0959,0.0988,140470.9511
1780920000000,0.0988,0.1003,0.0976,0.0977,182434.1203
1780934400000,0.0977,0.0989,0.0969,0.0976,94809.7494
1780948800000,0.0976,0.0987,0.0955,0.096,89282.2552
1780963200000,0.096,0.096,0.0929,0.094,115996.9709
1780977600000,0.094,0.0965,0.0936,0.0963,81798.7207
1780992000000,0.0963,0.0965,0.0944,0.0955,92111.8439
1781006400000,0.0955,0.0967,0.093,0.0933,139682.374
1781020800000,0.0933,0.0961,0.0915,0.0959,107526.9588
1781035200000,0.0959,0.0974,0.0957,0.0967,73918.0025
1781049600000,0.0967,0.0978,0.0954,0.0965,65164.6206
1781064000000,0.0965,0.0968,0.0946,0.0964,62900.9093
1781078400000,0.0964,0.0964,0.093,0.0936,82328.4612
1781092800000,0.0936,0.0978,0.0933,0.0954,177499.8239
1781107200000,0.0954,0.096,0.0914,0.0916,163491.064
1781121600000,0.0916,0.0921,0.0887,0.0911,142006.2389
1781136000000,0.0911,0.0936,0.0909,0.0931,71649.2109
1781150400000,0.0931,0.0946,0.0927,0.0932,56728.8167
1781164800000,0.0932,0.0951,0.0929,0.0948,80801.689
1781179200000,0.0948,0.0949,0.0924,0.0935,140341.2123
1781193600000,0.0935,0.097,0.0924,0.0955,122226.8074
1781208000000,0.0955,0.0963,0.0945,0.0955,52959.1951
1781222400000,0.0955,0.0968,0.0949,0.0967,49211.7051
1781236800000,0.0967,0.0975,0.0949,0.0959,58059.4298
1781251200000,0.0959,0.1008,0.0959,0.0998,160091.4803
1781265600000,0.0998,0.101,0.0967,0.0987,150932.5981
1781280000000,0.0987,0.1019,0.0985,0.1006,99390.5321
1781294400000,0.1006,0.101,0.0989,0.0998,49001.4519
1781308800000,0.0998,0.1011,0.0994,0.1007,66123.7221
1781323200000,0.1007,0.1074,0.0999,0.1059,256885.2845
1781337600000,0.1059,0.11,0.1057,0.1077,332608.3969
1781352000000,0.1077,0.1126,0.1069,0.1078,308721.6596
1781366400000,0.1078,0.1102,0.1061,0.1081,136071.1951
1781380800000,0.1081,0.1089,0.1069,0.1069,58423.5006
1781395200000,0.1069,0.1074,0.1056,0.1062,131211.7559
1781409600000,0.1062,0.107,0.1045,0.1062,92190.6938
1781424000000,0.1062,0.108,0.1056,0.107,93763.851
1781438400000,0.107,0.1071,0.1045,0.1058,82002.4751
1781452800000,0.1058,0.1066,0.1055,0.1057,26396.3029
1781467200000,0.1057,0.1096,0.1054,0.1085,128553.3434
1781481600000,0.1085,0.1115,0.1074,0.1108,143672.5289
1781496000000,0.1108,0.1115,0.1098,0.1099,63824.706
1781510400000,0.1099,0.1117,0.1095,0.1108,95342.4188
1781524800000,0.1108,0.1122,0.1102,0.1112,153842.5755
1781539200000,0.1112,0.1116,0.1089,0.1099,99335.515
1781553600000,0.1099,0.1102,0.1075,0.1087,60734.6471
1781568000000,0.1087,0.1092,0.107,0.1084,45507.2206
1781582400000,0.1084,0.1084,0.1065,0.107,72834.6176
1781596800000,0.107,0.109,0.1067,0.1087,58554.5885
1781611200000,0.1087,0.11,0.1051,0.1069,141641.5382
1781625600000,0.1069,0.1086,0.1061,0.108,49172.9411
1781640000000,0.108,0.1106,0.1078,0.1091,44507.2704
1781654400000,0.1091,0.1122,0.1089,0.1099,60039.3724
1781668800000,0.1099,0.1107,0.1079,0.1085,90126.6112
1781683200000,0.1085,0.1087,0.1069,0.1073,42390.2484
1781697600000,0.1073,0.1093,0.1055,0.1093,64628.2731
1781712000000,0.1093,0.1106,0.1054,0.1061,135914.581
1781726400000,0.1061,0.1097,0.1053,0.1089,61295.2349
1781740800000,0.1089,0.1096,0.107,0.1073,39154.2681
1781755200000,0.1073,0.1073,0.1037,0.1066,85658.8924
1781769600000,0.1066,0.1108,0.1062,0.1065,100818.8619
1781784000000,0.1065,0.1102,0.1034,0.104,178567.549
1781798400000,0.104,0.1088,0.1035,0.1087,85395.7153
1781812800000,0.1087,0.1096,0.1074,0.1092,83213.7766
1781827200000,0.1092,0.1106,0.1026,0.1028,149234.1152
1781841600000,0.1028,0.1028,0.1004,0.1016,80716.5313
1781856000000,0.1016,0.1016,0.1002,0.1005,69174.5162
1781870400000,0.1005,0.1056,0.1005,0.1038,75590.7388
1781884800000,0.1038,0.1043,0.1014,0.1018,38717.5576
1781899200000,0.1018,0.1041,0.101,0.104,34262.1952
1781913600000,0.104,0.1053,0.1023,0.1024,31724.9234
1781928000000,0.1024,0.1058,0.1024,0.103,188936.788
1781942400000,0.103,0.1038,0.1023,0.1024,31088.4624
1781956800000,0.1024,0.1024,0.0993,0.1017,119565.4115
1781971200000,0.1017,0.1018,0.0999,0.1015,39854.2889
1781985600000,0.1015,0.1052,0.1014,0.1038,47078.1007
1782000000000,0.1038,0.1045,0.103,0.1041,20479.775
1782014400000,0.1041,0.1045,0.1028,0.1031,20088.0461
1782028800000,0.1031,0.1037,0.1019,0.1027,43956.6142
1782043200000,0.1027,0.1041,0.1022,0.1033,36470.1761
1782057600000,0.1033,0.1033,0.1009,0.102,24555.6278
1782072000000,0.102,0.1021,0.0994,0.0999,44688.4299
1782086400000,0.0999,0.103,0.0998,0.1006,66267.475
1782100800000,0.1006,0.1031,0.1003,0.1031,39042.0424
1782115200000,0.1031,0.1036,0.1018,0.1034,44037.1333
1782129600000,0.1034,0.1047,0.1021,0.1026,115375.1293
1782144000000,0.1026,0.1032,0.1013,0.1018,55078.3722
1782158400000,0.1018,0.1021,0.0996,0.1007,29994.6051
1782172800000,0.1007,0.1016,0.1001,0.1011,41181.974
1782187200000,0.1011,0.1014,0.0975,0.0983,71671.117
1782201600000,0.0983,0.0984,0.0953,0.098,86427.459
1782216000000,0.098,0.101,0.0978,0.1001,76928.7491
1782230400000,0.1001,0.1007,0.0978,0.098,53707.9378
1782244800000,0.098,0.1016,0.098,0.1015,27236.7016
1782259200000,0.1015,0.1029,0.1008,0.1008,75623.3401
1782273600000,0.1008,0.1032,0.0995,0.1014,108854.5335
1782288000000,0.1014,0.1025,0.1005,0.102,63444.1145
1782302400000,0.102,0.1029,0.0981,0.0986,227627.3776
1782316800000,0.0986,0.1005,0.0948,0.0996,251250.0108
1782331200000,0.0996,0.1065,0.0994,0.1044,214745.3177
1782345600000,0.1044,0.1066,0.1044,0.1058,111517.4653
1782360000000,0.1058,0.1095,0.1052,0.1087,131790.4578
1782374400000,0.1087,0.1092,0.105,0.1053,91010.914
1782388800000,0.1053,0.1075,0.0979,0.1031,354753.9058
1782403200000,0.1031,0.1054,0.1003,0.1014,236274.649
1782417600000,0.1014,0.1064,0.1012,0.1056,134441.9357
1782432000000,0.1056,0.107,0.1012,0.1045,223294.9338
1782446400000,0.1045,0.1084,0.1028,0.1078,180025.1182
1782460800000,0.1078,0.1081,0.1025,0.1026,108954.4416
1782475200000,0.1026,0.1068,0.1015,0.1058,188595.6301
1782489600000,0.1058,0.1077,0.1051,0.1054,152502.4355
1782504000000,0.1054,0.107,0.1051,0.1058,96795.7532
1782518400000,0.1058,0.1062,0.1043,0.1056,55503.7407
1782532800000,0.1056,0.106,0.1043,0.1054,45013.3287
1782547200000,0.1054,0.1054,0.1028,0.1038,43836.3514
1782561600000,0.1038,0.1041,0.1026,0.1036,48343.4989
1782576000000,0.1036,0.1037,0.0997,0.1001,76649.2313
1782590400000,0.1001,0.101,0.0998,0.1009,53761.7486
1782604800000,0.1009,0.102,0.1005,0.1018,32813.5956
1782619200000,0.1018,0.1021,0.1008,0.1013,40616.7835
1782633600000,0.1013,0.1013,0.0993,0.1006,43358.5045
1782648000000,0.1006,0.1023,0.1003,0.1015,49395.6251
1782662400000,0.1015,0.1015,0.0999,0.1004,54319.1214
1782676800000,0.1004,0.1013,0.0988,0.1002,61824.7866
1782691200000,0.1002,0.1028,0.0988,0.1028,56651.1193
1782705600000,0.1028,0.1029,0.1007,0.102,51001.6993
1782720000000,0.102,0.1026,0.1008,0.1009,43822.696
1782734400000,0.1009,0.1029,0.0994,0.102,115864.6432
1782748800000,0.102,0.1045,0.1016,0.1023,96819.9032
1782763200000,0.1023,0.1023,0.1003,0.1004,51007.9736
1782777600000,0.1004,0.1005,0.0984,0.0985,51008.3455
1782792000000,0.0985,0.0999,0.0984,0.0989,32919.8787
1782806400000,0.0989,0.0989,0.0958,0.0963,61142.984
1782820800000,0.0963,0.0975,0.0949,0.0951,85707.2267
1782835200000,0.0951,0.097,0.0943,0.097,71071.0413
1782849600000,0.097,0.097,0.0952,0.0965,22841.843
1782864000000,0.0965,0.097,0.0944,0.0963,61563.815
1782878400000,0.0963,0.0972,0.0935,0.0936,86464.7875
1782892800000,0.0936,0.095,0.093,0.0949,70478.2326
1782907200000,0.0949,0.0975,0.0941,0.0962,118106.4224
1782921600000,0.0962,0.0966,0.0936,0.0947,90956.7748
1782936000000,0.0947,0.0972,0.0943,0.0946,76748.3741
1782950400000,0.0946,0.0972,0.094,0.0972,42436.7234
1782964800000,0.0972,0.0977,0.0961,0.0975,42103.3258
1782979200000,0.0975,0.0991,0.097,0.0989,93011.989
1782993600000,0.0989,0.101,0.0986,0.0988,118454.7302
1783008000000,0.0988,0.0995,0.0983,0.0986,43400.0606
1783022400000,0.0986,0.0992,0.0977,0.0988,42039.9114
1783036800000,0.0988,0.1017,0.0988,0.1011,48240.4706
1783051200000,0.1011,0.1016,0.1002,0.1011,66127.6461
1783065600000,0.1011,0.1041,0.101,0.104,63354.4208
1783080000000,0.104,0.1062,0.1039,0.1051,90339.712
1783094400000,0.1051,0.1079,0.1048,0.1077,80496.8201
1783108800000,0.1077,0.1086,0.1065,0.1071,77936.3371
1783123200000,0.1071,0.1076,0.106,0.107,33943.8773
1783137600000,0.107,0.1097,0.1065,0.107,75743.1994
1783152000000,0.107,0.1083,0.1065,0.1081,57073.3079
1783166400000,0.1081,0.1087,0.107,0.1085,41571.4529
1783180800000,0.1085,0.111,0.108,0.1095,59956.6522
1783195200000,0.1095,0.1098,0.1072,0.1076,70518.2782
1783209600000,0.1076,0.1078,0.1067,0.107,36538.0892
1783224000000,0.107,0.1079,0.1062,0.1068,27770.8887
1783238400000,0.1068,0.1069,0.1049,0.1059,52549.3231
1783252800000,0.1059,0.1071,0.1055,0.1068,47362.5712
1783267200000,0.1068,0.1095,0.1065,0.108,80554.937
1783281600000,0.108,0.1092,0.1078,0.1085,49292.644
1783296000000,0.1085,0.1089,0.1072,0.1077,45079.8726
1783310400000,0.1077,0.1079,0.1062,0.1072,30437.3626
1783324800000,0.1072,0.1079,0.1056,0.1056,24540.2473
1783339200000,0.1056,0.1076,0.1033,0.1076,115953.2765
1783353600000,0.1076,0.1082,0.1069,0.1077,44871.306
1783368000000,0.1077,0.1095,0.1072,0.1073,46404.5308
1783382400000,0.1073,0.1079,0.1051,0.1054,41671.0326
1783396800000,0.1054,0.1064,0.1046,0.1046,61517.2854
1783411200000,0.1046,0.1053,0.1044,0.1052,29348.8782
1783425600000,0.1052,0.106,0.1023,0.1045,63349.1512
1783440000000,0.1045,0.1049,0.1023,0.1031,57774.1192
1783454400000,0.1031,0.1033,0.1015,0.1022,21749.1607
1783468800000,0.1022,0.1031,0.0986,0.0997,68806.8431
1783483200000,0.0997,0.1002,0.0981,0.0989,62486.9281
1783497600000,0.0989,0.0994,0.0966,0.0987,272878.6386
1783512000000,0.0987,0.0993,0.0972,0.0979,114406.6526
1783526400000,0.0979,0.0995,0.0976,0.0995,36843.6807
1783540800000,0.0995,0.0999,0.0981,0.0997,83371.2876
1783555200000,0.0997,0.1013,0.0991,0.101,152907.3248
1783569600000,0.101,0.1051,0.1006,0.1035,193226.5005
1783584000000,0.1035,0.1055,0.1032,0.1038,107846.5877
1783598400000,0.1038,0.104,0.1018,0.1032,65156.1335
1783612800000,0.1032,0.1046,0.1025,0.1026,65566.0061
1783627200000,0.1026,0.1031,0.102,0.1021,51966.7252
1783641600000,0.1021,0.1064,0.1015,0.1056,93545.3693
1783656000000,0.1056,0.1065,0.1048,0.1055,75903.294
1783670400000,0.1055,0.1084,0.1055,0.108,112354.0079
1783684800000,0.108,0.1081,0.1039,0.1049,126903.0348
1783699200000,0.1049,0.1052,0.1037,0.1043,44446.8076
1783713600000,0.1043,0.1046,0.1031,0.1034,59149.0669
1783728000000,0.1034,0.1051,0.1032,0.1047,43144.1086
1783742400000,0.1047,0.1049,0.104,0.1041,20290.0045
1783756800000,0.1041,0.1049,0.1037,0.1045,30278.8734
1783771200000,0.1045,0.1067,0.1043,0.1057,55913.9573
1783785600000,0.1057,0.1067,0.1054,0.1056,40183.8702
1783800000000,0.1056,0.1072,0.1016,0.1018,100727.8195
1783814400000,0.1018,0.1026,0.1003,0.1024,100836.9274
1783828800000,0.1024,0.1026,0.1006,0.1015,52818.8497
1783843200000,0.1015,0.1027,0.1013,0.1025,46180.068
1783857600000,0.1025,0.1029,0.1017,0.1022,40129.6973
1783872000000,0.1022,0.1025,0.1016,0.1023,24302.9257
1783886400000,0.1023,0.1024,0.0996,0.1002,64109.9101
1783900800000,0.1002,0.1021,0.0984,0.0992,129154.9304
1783915200000,0.0992,0.103,0.0988,0.0996,619394.8337
1783929600000,0.0996,0.1002,0.0993,0.0993,53232.0248
1783944000000,0.0993,0.0999,0.0983,0.099,69551.4667
1783958400000,0.099,0.0993,0.0973,0.0987,80543.811
1783972800000,0.0987,0.0988,0.0973,0.0984,44936.8021
1783987200000,0.0984,0.0995,0.0979,0.0995,43780.8582
1784001600000,0.0995,0.1011,0.0991,0.1006,66654.7902
1784016000000,0.1006,0.1006,0.0991,0.0992,69050.1545
1784030400000,0.0992,0.1027,0.0988,0.1022,181033.6015
1784044800000,0.1022,0.1024,0.101,0.1013,66669.308
1784059200000,0.1013,0.1021,0.1005,0.1017,38650.736
1784073600000,0.1017,0.1026,0.1014,0.1018,34287.8392
1784088000000,0.1018,0.1029,0.1007,0.1009,87604.1659
1784102400000,0.1009,0.1021,0.1008,0.1021,34629.1903
1784116800000,0.1021,0.1045,0.1018,0.1029,162515.9624
1784131200000,0.1029,0.1046,0.1015,0.1023,98448.8077
1784145600000,0.1023,0.1034,0.102,0.1022,63771.3259
1784160000000,0.1022,0.1028,0.1008,0.1022,213882.0032
1784174400000,0.1022,0.103,0.101,0.1013,75673.7523
1784188800000,0.1013,0.1014,0.0996,0.0999,119692.1862
1784203200000,0.0999,0.101,0.0994,0.1004,71375.984
1784217600000,0.1004,0.1004,0.0991,0.0992,65982.5448
1784232000000,0.0992,0.1004,0.0983,0.0988,88138.0804
1784246400000,0.0988,0.0993,0.0973,0.0981,87449.5009
1784260800000,0.0981,0.0981,0.0961,0.0962,94397.1164
1784275200000,0.0962,0.0979,0.0953,0.0977,76946.3881
1784289600000,0.0977,0.0977,0.0949,0.0962,164688.7289
1784304000000,0.0962,0.0972,0.0959,0.0964,64242.5608
1784318400000,0.0964,0.0968,0.0954,0.0961,64134.0485
1784332800000,0.0961,0.0978,0.096,0.0969,128330.3928
1784347200000,0.0969,0.0971,0.0957,0.096,34297.9139
1784361600000,0.096,0.096,0.0949,0.0951,42691.6582
1784376000000,0.0951,0.0955,0.0945,0.0948,57582.542
1784390400000,0.0948,0.0962,0.0947,0.0953,55487.0306
1784404800000,0.0953,0.0956,0.0949,0.0955,25460.4956
1784419200000,0.0955,0.0961,0.0953,0.0955,20257.0569
1784433600000,0.0955,0.0958,0.0946,0.095,27968.8394
1784448000000,0.095,0.0951,0.0944,0.0944,43521.395
1784462400000,0.0944,0.0946,0.0935,0.0941,93269.0388
1784476800000,0.0941,0.095,0.093,0.0946,64865.8504
1784491200000,0.0946,0.0951,0.0941,0.095,80765.1523
1784505600000,0.095,0.0958,0.0939,0.0949,76838.0433
1784520000000,0.0949,0.0949,0.0927,0.0936,78567.6568
1784534400000,0.0936,0.0938,0.0925,0.0934,81302.4646
1784548800000,0.0934,0.0941,0.0919,0.0939,114239.4026
1784563200000,0.0939,0.0943,0.0926,0.0927,66989.9761
1784577600000,0.0927,0.0955,0.0924,0.0942,238253.3847
1784592000000,0.0942,0.0953,0.0932,0.0953,57997.9838
1784606400000,0.0953,0.0973,0.0945,0.0971,266544.1191
1784620800000,0.0971,0.0976,0.0964,0.0969,141818.5502
1784635200000,0.0969,0.0979,0.0966,0.0972,101940.3649
1784649600000,0.0972,0.0983,0.0965,0.0979,60290.4024
1784664000000,0.0979,0.0984,0.0974,0.0981,53523.3148
1784678400000,0.0981,0.0988,0.0972,0.0972,59789.9653
1784692800000,0.0972,0.0979,0.0959,0.0961,71571.105
1784707200000,0.0961,0.0971,0.0959,0.0968,49726.2471
1784721600000,0.0968,0.0982,0.0959,0.0979,77645.159
1784736000000,0.0979,0.0991,0.0977,0.0982,85322.3816
1784750400000,0.0982,0.0985,0.0965,0.0969,45210.0383
1784764800000,0.0969,0.0975,0.0961,0.0962,43317.1624
1784779200000,0.0962,0.0967,0.0957,0.0959,33939.8738
1784793600000,0.0959,0.0968,0.0954,0.0954,34807.8378
1784808000000,0.0954,0.0957,0.0934,0.0941,140005.2784
1784822400000,0.0941,0.0943,0.0927,0.0931,56118.0868
1784836800000,0.0931,0.094,0.092,0.0925,46367.7924
1784851200000,0.0925,0.0943,0.092,0.0941,91874.8171
1784865600000,0.0941,0.0949,0.0939,0.0944,43938.9036
1784880000000,0.0944,0.0947,0.0927,0.093,71943.9401
1784894400000,0.093,0.093,0.0911,0.0923,126489.5717
1784908800000,0.0923,0.093,0.0919,0.0923,48469.9656
1784923200000,0.0923,0.0928,0.0919,0.0925,62901.9902
1784937600000,0.0925,0.0928,0.0917,0.0918,27687.3469
1784952000000,0.0918,0.092,0.0912,0.0914,22336.8987
1784966400000,0.0914,0.0923,0.0913,0.0919,30207.7854
1784980800000,0.0919,0.0932,0.0918,0.093,40878.1645
1784995200000,0.093,0.0933,0.0926,0.0929,28048.2245
1785009600000,0.0929,0.0933,0.0923,0.0924,57227.813
1785024000000,0.0924,0.0928,0.0922,0.0927,44130.9249
1785038400000,0.0927,0.0933,0.0923,0.0926,57767.3349
1785052800000,0.0926,0.0937,0.0925,0.0929,65254.9956
1785067200000,0.0929,0.0938,0.0926,0.0937,51354.7331
1785081600000,0.0937,0.0943,0.0931,0.0933,36037.8637
1785096000000,0.0933,0.0954,0.0931,0.0952,64215.0602
1785110400000,0.0952,0.0959,0.0947,0.0953,51631.6573
1785124800000,0.0953,0.0958,0.0943,0.0945,45386.3462
1785139200000,0.0945,0.095,0.0939,0.0946,72310.7656
1785153600000,0.0946,0.0952,0.0906,0.0912,151170.8691
1785168000000,0.0912,0.0921,0.0906,0.0915,56090.727
1785182400000,0.0915,0.0917,0.086,0.0873,166019.5788
1785196800000,0.0873,0.088,0.0865,0.0877,60835.0111
1785211200000,0.0877,0.0881,0.0869,0.0875,64193.8734
1785225600000,0.0875,0.0889,0.0862,0.0865,172551.1427
1785240000000,0.0865,0.0885,0.0855,0.0884,156342.5923
1785254400000,0.0884,0.0897,0.0881,0.0894,98276.8379
1785268800000,0.0894,0.09,0.0885,0.0893,25709.344
1785283200000,0.0893,0.0899,0.0875,0.0877,53400.9246
1785297600000,0.0877,0.0883,0.0867,0.0879,54151.9214
1785312000000,0.0879,0.088,0.087,0.0876,43227.8717
1785326400000,0.0876,0.0876,0.0862,0.0867,59946.2333
1785340800000,0.0867,0.0889,0.0862,0.0871,115294.6979
1785355200000,0.0871,0.0894,0.086,0.0892,93519.1895
1785369600000,0.0892,0.091,0.0883,0.0906,112122.848
1785384000000,0.0906,0.0908,0.0896,0.0897,40699.8903
1785398400000,0.0897,0.0898,0.0871,0.0877,151525.8586
1785412800000,0.0877,0.0888,0.0873,0.0887,89274.1806
1785427200000,0.0887,0.0893,0.0878,0.0891,82937.4348
1785441600000,0.0891,0.0895,0.0879,0.088,40229.682
1785456000000,0.088,0.089,0.0873,0.0879,54899.3767
1785470400000,0.0879,0.0882,0.087,0.0882,81331.9965
1785484800000,0.0882,0.0884,0.0849,0.0851,180225.6567
1785499200000,0.0851,0.0861,0.0842,0.0852,146883.2253
1785513600000,0.0852,0.0871,0.0851,0.086,61298.9388
1785528000000,0.086,0.0861,0.085,0.0852,39925.6693
1785542400000,0.0852,0.086,0.0851,0.0856,42521.6616
1785556800000,0.0856,0.0861,0.0854,0.0855,19011.8143
1785571200000,0.0855,0.0856,0.0845,0.0854,44951.5258
1785585600000,0.0854,0.0855,0.0849,0.0849,24405.2324
1785600000000,0.0849,0.0851,0.0819,0.0829,132060.3305
1785614400000,0.0829,0.0835,0.0824,0.083,32182.3975
1785628800000,0.083,0.0847,0.0828,0.0843,54241.3917
1785643200000,0.0843,0.0857,0.0843,0.0857,61613.9282
1785657600000,0.0857,0.0859,0.0846,0.0854,75905.0863
1785672000000,0.0854,0.0861,0.0852,0.0852,43396.2005
1785686400000,0.0852,0.0869,0.0852,0.086,65724.5027
1785700800000,0.086,0.0879,0.0857,0.0866,70761.0033
1785715200000,0.0866,0.0869,0.0853,0.0856,84557.6303
1785729600000,0.0856,0.0867,0.0854,0.0857,49870.0227
1785744000000,0.0857,0.0865,0.0849,0.0862,56227.0758
1785758400000,0.0862,0.0878,0.0861,0.0875,90370.52
1785772800000,0.0875,0.0885,0.0871,0.0872,65405.1785
1785787200000,0.0872,0.0883,0.0869,0.0882,45424.8836
1785801600000,0.0882,0.0896,0.0878,0.0893,105819.0531
1785816000000,0.0893,0.0898,0.0883,0.0889,63250.3495
1785830400000,0.0889,0.0893,0.0883,0.0889,40860.5793
1785844800000,0.0889,0.0889,0.0872,0.0881,97063.7421
1785859200000,0.0881,0.089,0.0879,0.0886,62630.2956
1785873600000,0.0886,0.0895,0.0883,0.0889,59833.5852
1785888000000,0.0889,0.0893,0.0881,0.0881,54610.0529
1785902400000,0.0881,0.0889,0.088,0.0887,28493.2136
1785916800000,0.0887,0.0893,0.088,0.0881,46970.365
1785931200000,0.0881,0.089,0.0866,0.0873,108062.555
1785945600000,0.0873,0.0893,0.0872,0.0883,70244.9556
1785960000000,0.0883,0.0886,0.0876,0.088,27299.0606
1785974400000,0.088,0.0885,0.0872,0.0874,31926.2045
1785988800000,0.0874,0.0885,0.0872,0.088,38525.465
1786003200000,0.088,0.088,0.0865,0.087,36194.3842
1786017600000,0.087,0.0877,0.0854,0.0873,76778.5318
1786032000000,0.0873,0.0886,0.0866,0.0866,52603.4402
1786046400000,0.0866,0.087,0.0859,0.0863,40622.451
1786060800000,0.0863,0.0883,0.0861,0.0876,71483.7569
1786075200000,0.0876,0.0892,0.0872,0.0892,81577.6826
1786089600000,0.0892,0.0894,0.0885,0.0888,84276.1229
1786104000000,0.0888,0.0895,0.0861,0.0868,145922.7372
1786118400000,0.0868,0.0871,0.0855,0.0864,61508.4529
1786132800000,0.0864,0.0867,0.086,0.0861,27889.2116
1786147200000,0.0861,0.0875,0.0859,0.0875,48114.2827
1786161600000,0.0875,0.0876,0.0867,0.0869,35268.3328
1786176000000,0.0869,0.0892,0.0867,0.0888,80229.4274
1786190400000,0.0888,0.0895,0.0883,0.0888,123567.2544
1786204800000,0.0888,0.0895,0.0888,0.089,46936.356
1786219200000,0.089,0.0892,0.0882,0.0887,37160.8847
1786233600000,0.0887,0.0892,0.0884,0.0887,59928.7911
1786248000000,0.0887,0.0896,0.0882,0.0882,50047.5748
1786262400000,0.0882,0.0886,0.0878,0.0882,24985.5627
1786276800000,0.0882,0.0894,0.0879,0.0892,45748.8022
1786291200000,0.0892,0.0897,0.089,0.0897,35112.4532
1786305600000,0.0897,0.0907,0.0878,0.0881,62834.332
1786320000000,0.0881,0.0899,0.0879,0.0893,61118.6928
1786334400000,0.0893,0.0919,0.0892,0.0912,82215.6041
1786348800000,0.0912,0.0914,0.0904,0.0909,58147.903
1786363200000,0.0909,0.0914,0.09,0.0909,115927.1021
1786377600000,0.0909,0.0929,0.0905,0.0918,112759.7151
1786392000000,0.0918,0.092,0.0905,0.0914,35291.763
1786406400000,0.0914,0.0927,0.0911,0.0912,41448.3267
1786420800000,0.0912,0.0912,0.0901,0.0902,48334.4581
1786435200000,0.0902,0.0913,0.0899,0.0912,38096.9624
1786449600000,0.0912,0.0913,0.0883,0.0885,107498.7856
1786464000000,0.0885,0.0903,0.0881,0.0903,92872.5515
1786478400000,0.0903,0.0914,0.0903,0.0911,52905.2742
1786492800000,0.0911,0.0921,0.0911,0.0912,51288.147
1786507200000,0.0912,0.0921,0.0898,0.0901,55895.7034
1786521600000,0.0901,0.0905,0.0899,0.0903,31364.5729
1786536000000,0.0903,0.091,0.0883,0.0892,91538.4108
1786550400000,0.0892,0.0899,0.0889,0.0892,51725.8859
1786564800000,0.0892,0.0897,0.0854,0.0861,118395.9205
1786579200000,0.0861,0.0863,0.0843,0.0863,109059.3577
1786593600000,0.0863,0.0871,0.0861,0.0867,62715.9575
1786608000000,0.0867,0.0872,0.086,0.0861,55251.8638
1786622400000,0.0861,0.0881,0.0859,0.0869,95445.3839
1786636800000,0.0869,0.0869,0.0854,0.0864,81036.828
1786651200000,0.0864,0.0889,0.0862,0.0887,57237.4723
1786665600000,0.0887,0.0896,0.0875,0.0876,82195.3753
1786680000000,0.0876,0.0882,0.0861,0.0862,61593.6001
1786694400000,0.0862,0.0865,0.0852,0.0852,53019.3967
1786708800000,0.0852,0.0859,0.0849,0.0858,39048.8156
1786723200000,0.0858,0.0865,0.0856,0.0863,35502.3981
1786737600000,0.0863,0.0864,0.085,0.0864,28208.7385
1786752000000,0.0864,0.0874,0.0863,0.0871,65587.5301
1786766400000,0.0871,0.0876,0.0864,0.0864,60185.8122
1786780800000,0.0864,0.0867,0.0861,0.0864,46720.484
1786795200000,0.0864,0.0864,0.0858,0.0861,16198.1372
1786809600000,0.0861,0.0861,0.0854,0.0857,27093.0264
1786824000000,0.0857,0.0857,0.0848,0.085,22900.2547
1786838400000,0.085,0.0854,0.0846,0.0852,33609.6974
1786852800000,0.0852,0.0852,0.0847,0.0851,19950.0682
1786867200000,0.0851,0.0854,0.0847,0.085,19970.0487
1786881600000,0.085,0.0857,0.0849,0.0856,28376.3674
1786896000000,0.0856,0.0857,0.084,0.0842,43594.3789
1786910400000,0.0842,0.0844,0.0822,0.0834,69028.1894
1786924800000,0.0834,0.0848,0.0832,0.0844,57102.5081
1786939200000,0.0844,0.0857,0.0844,0.085,43283.2736
1786953600000,0.085,0.085,0.0839,0.084,39228.2198
1786968000000,0.084,0.0843,0.0833,0.0841,38709.3062
1786982400000,0.0841,0.0844,0.0836,0.0837,53082.179
1786996800000,0.0837,0.0844,0.0836,0.0843,42720.43
1787011200000,0.0843,0.0845,0.0808,0.0814,134889.5615
1787025600000,0.0814,0.0827,0.0809,0.0827,288760.7985
1787040000000,0.0827,0.0831,0.0824,0.0827,48060.062
1787054400000,0.0827,0.0833,0.0818,0.0831,82230.3451
1787068800000,0.0831,0.0831,0.0821,0.0821,29753.1434
1787083200000,0.0821,0.0824,0.0817,0.082,27229.8816
1787097600000,0.082,0.0822,0.0812,0.082,49361.6775
1787112000000,0.082,0.082,0.0812,0.0817,28796.2323
1787126400000,0.0817,0.0824,0.0816,0.0823,30509.1994
1787140800000,0.0823,0.087,0.0822,0.0849,184767.103
1787155200000,0.0849,0.0865,0.0848,0.0864,106756.6994
1787169600000,0.0864,0.0919,0.0864,0.0899,245495.596
1787184000000,0.0899,0.0905,0.088,0.0883,171153.623
1787198400000,0.0883,0.09,0.0881,0.0898,69458.5689
1787212800000,0.0898,0.0924,0.0898,0.0916,165595.8317
1787227200000,0.0916,0.095,0.0904,0.0948,153572.4627
1787241600000,0.0948,0.0967,0.093,0.0932,129660.1913
1787256000000,0.0932,0.0983,0.0932,0.098,117321.0168
1787270400000,0.098,0.0986,0.0963,0.0969,160854.2322
1787284800000,0.0969,0.0993,0.0966,0.0989,187955.5835
1787299200000,0.0989,0.1024,0.0979,0.1012,302852.7128
1787313600000,0.1012,0.1053,0.1004,0.1048,207950.5432
1787328000000,0.1048,0.1056,0.1005,0.1024,177225.8713
1787342400000,0.1024,0.1083,0.102,0.1072,186638.7158
1787356800000,0.1072,0.1173,0.1061,0.1167,231560.0332
1787371200000,0.1167,0.1234,0.1022,0.1112,726358.0348
1787385600000,0.1112,0.1121,0.1054,0.1092,213294.5444
1787400000000,0.1092,0.1107,0.1077,0.1084,160856.1874
1787414400000,0.1084,0.1125,0.1082,0.1111,123717.976
1787428800000,0.1111,0.1114,0.1066,0.1091,90757.3238
1787443200000,0.1091,0.1112,0.1055,0.1059,240633.5401
1787457600000,0.1059,0.1071,0.1039,0.1069,147273.8743
1787472000000,0.1069,0.1112,0.1067,0.1104,140436.7351
1787486400000,0.1104,0.1141,0.1094,0.1125,170361.5142
1787500800000,0.1125,0.1141,0.1119,0.1127,110122.105
1787515200000,0.1127,0.1145,0.1118,0.1122,62982.0093
1787529600000,0.1122,0.1122,0.1085,0.1087,145357.3323
1787544000000,0.1087,0.1109,0.1086,0.1087,60057.6365
1787558400000,0.1087,0.1104,0.1074,0.1098,89658.4987
1787572800000,0.1098,0.111,0.1072,0.1086,145142.7559
1787587200000,0.1086,0.1096,0.1064,0.1071,90063.38
1787601600000,0.1071,0.1083,0.1065,0.1077,29206.7318
1787616000000,0.1077,0.1096,0.1072,0.1076,86870.1201
1787630400000,0.1076,0.1091,0.1039,0.1045,90748.9806
1787644800000,0.1045,0.1056,0.1037,0.1039,173483.9762
1787659200000,0.1039,0.1049,0.1019,0.1037,96080.6456
1787673600000,0.1037,0.1038,0.1019,0.1023,59604.0071
1787688000000,0.1023,0.1023,0.0992,0.1015,80316.2054
1787702400000,0.1015,0.1039,0.101,0.1026,30986.1608
1787716800000,0.1026,0.1027,0.1014,0.1021,42408.8619
1787731200000,0.1021,0.1033,0.1007,0.102,40101.6986
1787745600000,0.102,0.1027,0.0989,0.0998,88325.8865
1787760000000,0.0998,0.1004,0.0983,0.0985,72315.0125
1787774400000,0.0985,0.0993,0.0967,0.099,63341.2001
1787788800000,0.099,0.099,0.0959,0.0962,61003.364
1787803200000,0.0962,0.097,0.0954,0.0969,76183.5729
1787817600000,0.0969,0.0999,0.0967,0.0972,123518.8215
1787832000000,0.0972,0.0988,0.0965,0.0979,123106.4319
1787846400000,0.0979,0.0991,0.0961,0.0962,127489.856
1787860800000,0.0962,0.0989,0.0957,0.0972,99238.1184
1787875200000,0.0972,0.0994,0.0926,0.0928,181711.252
1787889600000,0.0928,0.0939,0.0923,0.0929,103037.6435
1787904000000,0.0929,0.0937,0.0918,0.093,75567.8331
1787918400000,0.093,0.0935,0.0907,0.0907,179112.23
1787932800000,0.0907,0.0911,0.0887,0.0899,192869.6106
1787947200000,0.0899,0.0903,0.0892,0.0901,72372.7234
1787961600000,0.0901,0.0902,0.0889,0.0892,46113.4723
1787976000000,0.0892,0.0901,0.0887,0.089,37291.877
1787990400000,0.089,0.089,0.0876,0.088,69256.2208
1788004800000,0.088,0.0895,0.0874,0.0891,87719.5938
1788019200000,0.0891,0.0897,0.0885,0.0892,77347.9775
1788033600000,0.0892,0.0895,0.0887,0.0887,36721.4723
1788048000000,0.0887,0.089,0.0879,0.0886,48276.3234
1788062400000,0.0886,0.0895,0.0882,0.0892,34309.2292
1788076800000,0.0892,0.0902,0.0887,0.0897,65285.8552
1788091200000,0.0897,0.0901,0.0891,0.0896,86226.6039
1788105600000,0.0896,0.0903,0.0884,0.0886,129518.5953
1788120000000,0.0886,0.0895,0.0851,0.0864,214945.5471
1788134400000,0.0864,0.0882,0.086,0.087,68330.7091
1788148800000,0.087,0.0877,0.0863,0.0877,67546.7041
1788163200000,0.0877,0.088,0.0867,0.087,75525.2644
1788177600000,0.087,0.0874,0.0862,0.0864,117978.6221
1788192000000,0.0864,0.0895,0.0862,0.089,150942.4043
1788206400000,0.089,0.0939,0.0888,0.0936,573494.2893
1788220800000,0.0936,0.0981,0.0936,0.0944,974587.5391
1788235200000,0.0944,0.0979,0.0943,0.0967,460349.3318
1788249600000,0.0967,0.0993,0.0944,0.0985,554147.0242
1788264000000,0.0985,0.102,0.0961,0.1002,609108.3288
1788278400000,0.1002,0.1008,0.0948,0.0969,481331.8988
1788292800000,0.0969,0.0969,0.094,0.0952,185514.0638
1788307200000,0.0952,0.0971,0.093,0.096,263198.2789
1788321600000,0.096,0.097,0.0941,0.0944,204708.0789
1788336000000,0.0944,0.0966,0.0935,0.0937,153319.339
