time,open,high,low,close,volume
1688371200000,0.0,1.054,0.965,1.001,760686.8
1688385600000,1.001,1.022,0.882,0.892,1319359.3
1688400000000,0.894,0.894,0.82,0.86,723344.0
1688414400000,0.86,0.874,0.841,0.853,234762.7
1688428800000,0.853,0.917,0.841,0.876,404065.0
1688443200000,0.876,0.879,0.846,0.862,272615.6
1688457600000,0.862,0.888,0.854,0.883,350115.8
1688472000000,0.883,0.966,0.866,0.907,718425.3
1688486400000,0.907,1.097,0.904,0.953,1696834.2
1688500800000,0.954,0.957,0.914,0.946,228810.8
1688515200000,0.946,0.946,0.88,0.883,216328.1
1688529600000,0.883,0.899,0.866,0.873,238653.7
1688544000000,0.873,0.875,0.841,0.861,249889.9
1688558400000,0.861,0.872,0.848,0.85,143253.2
1688572800000,0.85,0.9,0.849,0.865,176137.1
1688587200000,0.866,0.882,0.863,0.88,73899.9
1688601600000,0.88,0.88,0.849,0.852,106913.5
1688616000000,0.852,0.873,0.842,0.86,126378.0
1688630400000,0.86,0.959,0.854,0.904,653651.4
1688644800000,0.904,0.907,0.852,0.879,273589.0
1688659200000,0.879,0.923,0.876,0.901,215513.9
1688673600000,0.901,0.906,0.864,0.864,99489.9
1688688000000,0.864,0.895,0.855,0.893,121983.3
1688702400000,0.893,0.921,0.888,0.91,192384.0
1688716800000,0.91,0.942,0.895,0.91,341747.0
1688731200000,0.91,0.942,0.905,0.919,172686.6
1688745600000,0.919,0.923,0.891,0.896,114352.8
1688760000000,0.896,0.923,0.889,0.917,74027.8
1688774400000,0.917,0.933,0.906,0.92,62602.8
1688788800000,0.92,0.924,0.892,0.906,65905.3
1688803200000,0.906,0.906,0.89,0.89,68904.2
1688817600000,0.89,0.898,0.881,0.889,61352.9
1688832000000,0.889,0.89,0.861,0.865,94778.4
1688846400000,0.865,0.886,0.864,0.883,53871.5
1688860800000,0.883,0.892,0.875,0.875,31810.5
1688875200000,0.875,0.883,0.865,0.868,32820.6
1688889600000,0.868,0.885,0.865,0.879,55913.7
1688904000000,0.879,0.895,0.875,0.879,73302.3
1688918400000,0.879,0.885,0.875,0.879,24840.4
1688932800000,0.879,0.883,0.875,0.877,22771.6
1688947200000,0.877,0.879,0.852,0.852,57660.3
1688961600000,0.852,0.854,0.825,0.828,122862.8
1688976000000,0.828,0.834,0.804,0.814,168210.6
1688990400000,0.814,0.82,0.807,0.814,88889.9
1689004800000,0.814,0.826,0.802,0.825,100123.6
1689019200000,0.825,0.831,0.811,0.812,68671.1
1689033600000,0.812,0.82,0.807,0.817,61604.1
1689048000000,0.817,0.819,0.811,0.816,42105.2
1689062400000,0.816,0.818,0.773,0.779,223787.5
1689076800000,0.779,0.793,0.757,0.78,196580.2
1689091200000,0.78,0.787,0.77,0.774,101672.6
1689105600000,0.774,0.775,0.752,0.768,73512.0
1689120000000,0.768,0.775,0.755,0.759,61432.9
1689134400000,0.759,0.772,0.758,0.77,46146.8
1689148800000,0.77,0.794,0.771,0.792,124862.8
1689163200000,0.792,0.823,0.786,0.792,234457.7
1689177600000,0.792,0.801,0.767,0.768,85449.7
1689192000000,0.768,0.792,0.763,0.79,56710.8
1689206400000,0.79,0.799,0.78,0.781,63958.0
1689220800000,0.781,0.783,0.77,0.783,69573.3
1689235200000,0.783,0.811,0.783,0.788,110028.3
1689249600000,0.788,0.814,0.785,0.811,56255.9
1689264000000,0.811,0.83,0.801,0.807,194753.8
1689278400000,0.807,0.808,0.796,0.806,46306.3
1689292800000,0.806,0.842,0.805,0.833,103722.9
1689307200000,0.833,0.833,0.813,0.815,54973.7
1689321600000,0.815,0.82,0.803,0.815,49598.6
1689336000000,0.815,0.882,0.806,0.875,302602.8
1689350400000,0.875,1.052,0.858,0.88,1877799.9
1689364800000,0.88,0.924,0.863,0.906,273181.6
1689379200000,0.906,0.965,0.906,0.952,399114.6
1689393600000,0.952,0.963,0.905,0.918,297282.9
1689408000000,0.918,0.937,0.887,0.894,304791.3
1689422400000,0.894,0.894,0.861,0.877,173043.0
1689436800000,0.877,0.889,0.87,0.883,61560.5
1689451200000,0.883,0.892,0.878,0.878,42443.6
1689465600000,0.878,0.894,0.876,0.879,32263.3
1689480000000,0.879,0.878,0.867,0.868,48231.7
1689494400000,0.868,0.89,0.865,0.888,49122.3
1689508800000,0.888,0.915,0.886,0.892,146428.9
1689523200000,0.892,0.895,0.88,0.88,33520.9
1689537600000,0.88,0.892,0.874,0.874,25306.9
1689552000000,0.874,0.902,0.871,0.896,55765.6
1689566400000,0.898,0.904,0.881,0.881,64520.2
1689580800000,0.881,0.967,0.881,0.91,645974.2
1689595200000,0.91,0.927,0.893,0.916,122068.5
1689609600000,0.916,0.918,0.867,0.871,179571.5
1689624000000,0.871,0.893,0.869,0.882,29920.1
1689638400000,0.882,0.894,0.879,0.88,48934.1
1689652800000,0.88,0.881,0.863,0.868,60050.1
1689667200000,0.868,0.878,0.866,0.876,51367.7
1689681600000,0.876,0.877,0.858,0.86,90250.6
1689696000000,0.86,0.864,0.845,0.851,56949.5
1689710400000,0.851,0.861,0.851,0.852,26687.1
1689724800000,0.852,0.854,0.848,0.849,49499.6
1689739200000,0.849,0.863,0.844,0.844,91369.7
1689753600000,0.844,0.844,0.827,0.832,99212.9
1689768000000,0.832,0.837,0.81,0.819,70630.1
1689782400000,0.819,0.824,0.812,0.82,40724.1
1689796800000,0.82,0.82,0.797,0.797,47362.0
1689811200000,0.797,0.807,0.796,0.797,49623.1
1689825600000,0.797,0.815,0.797,0.814,33571.7
1689840000000,0.814,0.842,0.812,0.842,94069.5
1689854400000,0.842,0.844,0.804,0.804,68388.1
1689868800000,0.804,0.811,0.803,0.807,17460.9
1689883200000,0.807,0.819,0.803,0.811,24374.5
1689897600000,0.811,0.813,0.801,0.807,61055.3
1689912000000,0.807,0.808,0.797,0.797,38465.9
1689926400000,0.797,0.799,0.79,0.796,33346.5
1689940800000,0.796,0.801,0.793,0.794,42795.6
1689955200000,0.794,0.804,0.791,0.793,36103.6
1689969600000,0.793,0.798,0.79,0.793,14877.5
1689984000000,0.793,0.8,0.79,0.792,28866.4
1689998400000,0.792,0.796,0.786,0.786,24874.2
1690012800000,0.786,0.787,0.779,0.781,62064.7
1690027200000,0.781,0.783,0.764,0.77,52805.6
1690041600000,0.77,0.772,0.76,0.764,52335.4
1690056000000,0.764,0.767,0.754,0.757,36270.9
1690070400000,0.757,0.767,0.749,0.751,78814.2
1690084800000,0.751,0.755,0.747,0.748,45604.0
1690099200000,0.748,0.753,0.745,0.751,32501.2
1690113600000,0.751,0.753,0.74,0.74,49571.1
1690128000000,0.74,0.762,0.74,0.753,62078.9
1690142400000,0.753,0.765,0.752,0.762,39709.3
1690156800000,0.762,0.762,0.734,0.735,39360.9
1690171200000,0.735,0.742,0.73,0.731,35348.8
1690185600000,0.731,0.731,0.68,0.694,240165.4
1690200000000,0.694,0.696,0.667,0.668,132995.7
1690214400000,0.668,0.71,0.668,0.691,117442.7
1690228800000,0.691,0.696,0.682,0.691,36437.8
1690243200000,0.691,0.695,0.678,0.68,52602.9
1690257600000,0.68,0.695,0.68,0.691,81172.0
1690272000000,0.692,0.736,0.691,0.707,207169.0
1690286400000,0.707,0.728,0.705,0.719,126484.4
1690300800000,0.719,0.732,0.709,0.718,42306.1
1690315200000,0.718,0.719,0.705,0.709,25250.3
1690329600000,0.709,0.739,0.706,0.738,90295.3
1690344000000,0.738,0.75,0.719,0.723,88534.6
1690358400000,0.723,0.738,0.717,0.737,102163.1
1690372800000,0.737,0.765,0.737,0.752,103166.5
1690387200000,0.751,0.755,0.723,0.738,106034.9
1690401600000,0.738,0.745,0.732,0.739,21707.1
1690416000000,0.739,0.785,0.73,0.78,355056.8
1690430400000,0.78,0.823,0.78,0.799,443468.4
1690444800000,0.799,0.834,0.79,0.809,325555.3
1690459200000,0.809,0.816,0.774,0.781,148862.0
1690473600000,0.781,0.79,0.778,0.781,53743.1
1690488000000,0.781,0.788,0.772,0.783,63805.7
1690502400000,0.783,0.795,0.766,0.784,203952.2
1690516800000,0.783,0.844,0.784,0.838,475696.9
1690531200000,0.838,0.839,0.788,0.799,450969.0
1690545600000,0.799,0.818,0.797,0.804,159923.3
1690560000000,0.804,0.816,0.802,0.811,84923.3
1690574400000,0.811,0.824,0.81,0.816,84508.6
1690588800000,0.816,0.818,0.738,0.765,547087.8
1690603200000,0.765,0.766,0.744,0.755,182618.9
1690617600000,0.755,0.761,0.749,0.755,88124.1
1690632000000,0.755,0.755,0.732,0.748,150135.3
1690646400000,0.748,0.753,0.742,0.751,84458.6
1690660800000,0.751,0.754,0.739,0.743,106726.4
1690675200000,0.743,0.752,0.732,0.75,153544.1
1690689600000,0.75,0.752,0.731,0.733,92629.3
1690704000000,0.733,0.737,0.73,0.736,67160.1
1690718400000,0.737,0.741,0.73,0.737,100471.4
1690732800000,0.737,0.741,0.702,0.71,170281.4
1690747200000,0.71,0.71,0.69,0.708,182628.5
1690761600000,0.708,0.732,0.708,0.719,154609.2
1690776000000,0.719,0.731,0.719,0.728,92178.1
1690790400000,0.728,0.735,0.726,0.731,82330.5
1690804800000,0.731,0.735,0.722,0.725,99712.0
1690819200000,0.725,0.731,0.722,0.725,90009.3
1690833600000,0.725,0.73,0.721,0.727,57493.0
1690848000000,0.727,0.73,0.681,0.69,182470.9
1690862400000,0.69,0.7,0.687,0.694,106380.6
1690876800000,0.694,0.713,0.693,0.706,101905.9
1690891200000,0.706,0.729,0.707,0.727,159487.4
1690905600000,0.727,0.734,0.724,0.732,76103.0
1690920000000,0.732,0.746,0.725,0.743,89453.8
1690934400000,0.743,0.746,0.726,0.729,120442.9
1690948800000,0.729,0.729,0.715,0.716,58981.1
1690963200000,0.716,0.72,0.708,0.718,66072.8
1690977600000,0.718,0.72,0.712,0.72,56027.9
1690992000000,0.72,0.723,0.705,0.715,48395.3
1691006400000,0.715,0.717,0.709,0.712,19641.8
1691020800000,0.712,0.717,0.71,0.714,30490.5
1691035200000,0.714,0.715,0.703,0.703,25458.2
1691049600000,0.703,0.707,0.699,0.705,22000.4
1691064000000,0.705,0.72,0.701,0.715,47913.2
1691078400000,0.715,0.719,0.711,0.713,43620.0
1691092800000,0.713,0.716,0.703,0.705,12996.0
1691107200000,0.705,0.71,0.703,0.709,17221.8
1691121600000,0.709,0.708,0.7,0.7,36319.1
1691136000000,0.7,0.704,0.698,0.702,34481.4
1691150400000,0.702,0.718,0.7,0.716,54739.4
1691164800000,0.716,0.717,0.702,0.704,35217.6
1691179200000,0.704,0.707,0.694,0.703,22952.2
1691193600000,0.703,0.703,0.694,0.701,56081.9
1691208000000,0.701,0.714,0.7,0.708,65771.6
1691222400000,0.708,0.708,0.698,0.701,23788.5
1691236800000,0.701,0.707,0.695,0.7,47440.5
1691251200000,0.7,0.703,0.697,0.7,24351.4
1691265600000,0.7,0.708,0.699,0.706,23636.6
1691280000000,0.706,0.731,0.705,0.721,103136.2
1691294400000,0.721,0.73,0.721,0.724,67152.6
1691308800000,0.724,0.733,0.721,0.73,74409.4
1691323200000,0.73,0.738,0.723,0.726,99417.1
1691337600000,0.726,0.752,0.727,0.741,217418.3
1691352000000,0.741,0.745,0.734,0.736,81576.7
1691366400000,0.736,0.75,0.733,0.733,83405.3
1691380800000,0.733,0.741,0.732,0.735,68028.3
1691395200000,0.735,0.747,0.736,0.745,72351.3
1691409600000,0.745,0.747,0.711,0.713,164477.6
1691424000000,0.712,0.719,0.697,0.715,101205.5
1691438400000,0.715,0.723,0.714,0.722,44353.6
1691452800000,0.722,0.725,0.709,0.713,47820.8
1691467200000,0.713,0.717,0.708,0.709,41587.7
1691481600000,0.709,0.721,0.707,0.714,147816.1
1691496000000,0.714,0.723,0.711,0.718,56844.2
1691510400000,0.718,0.726,0.718,0.722,57685.6
1691524800000,0.722,0.731,0.722,0.728,49228.5
1691539200000,0.728,0.732,0.72,0.722,50974.4
1691553600000,0.722,0.723,0.713,0.717,51302.5
1691568000000,0.717,0.72,0.711,0.714,55542.9
1691582400000,0.714,0.717,0.707,0.708,75782.6
1691596800000,0.708,0.71,0.697,0.697,81392.7
1691611200000,0.697,0.704,0.694,0.702,44802.4
1691625600000,0.702,0.704,0.697,0.698,89416.6
1691640000000,0.698,0.702,0.694,0.696,64855.7
1691654400000,0.696,0.702,0.689,0.701,79584.3
1691668800000,0.701,0.705,0.697,0.702,56582.9
1691683200000,0.702,0.704,0.7,0.703,44196.4
1691697600000,0.703,0.707,0.701,0.702,34644.9
1691712000000,0.702,0.703,0.694,0.698,41009.3
1691726400000,0.698,0.705,0.698,0.702,40169.2
1691740800000,0.702,0.705,0.699,0.704,31829.0
1691755200000,0.704,0.706,0.695,0.695,44604.5
1691769600000,0.695,0.696,0.691,0.695,58086.5
1691784000000,0.695,0.7,0.694,0.698,21846.6
1691798400000,0.698,0.7,0.695,0.696,22466.1
1691812800000,0.696,0.699,0.694,0.699,26001.9
1691827200000,0.699,0.699,0.697,0.699,49210.7
1691841600000,0.699,0.705,0.698,0.701,49524.9
1691856000000,0.701,0.704,0.699,0.699,55948.5
1691870400000,0.699,0.7,0.694,0.697,32130.3
1691884800000,0.697,0.704,0.694,0.7,33209.4
1691899200000,0.7,0.706,0.697,0.705,100433.7
1691913600000,0.705,0.714,0.704,0.71,64124.5
1691928000000,0.71,0.717,0.703,0.705,88857.8
1691942400000,0.705,0.718,0.703,0.715,76676.8
1691956800000,0.715,0.718,0.708,0.711,64352.5
1691971200000,0.711,0.721,0.706,0.716,75643.4
1691985600000,0.716,0.728,0.715,0.728,109672.0
1692000000000,0.728,0.729,0.722,0.723,52590.6
1692014400000,0.723,0.727,0.717,0.725,100680.8
1692028800000,0.725,0.73,0.712,0.714,73961.0
1692043200000,0.714,0.718,0.712,0.715,37029.0
1692057600000,0.715,0.719,0.709,0.71,83679.0
1692072000000,0.71,0.711,0.697,0.7,104805.0
1692086400000,0.7,0.701,0.696,0.696,83915.0
1692100800000,0.696,0.7,0.651,0.653,313245.4
1692115200000,0.653,0.665,0.6,0.622,420396.6
1692129600000,0.622,0.632,0.62,0.628,144064.4
1692144000000,0.628,0.635,0.619,0.628,104722.0
1692158400000,0.628,0.63,0.618,0.625,65151.7
1692172800000,0.625,0.626,0.618,0.622,74141.2
1692187200000,0.622,0.622,0.607,0.607,111287.6
1692201600000,0.607,0.618,0.605,0.605,88547.7
1692216000000,0.605,0.607,0.581,0.598,181723.8
1692230400000,0.598,0.605,0.586,0.602,138251.7
1692244800000,0.602,0.604,0.597,0.598,30880.9
1692259200000,0.598,0.598,0.589,0.59,71086.9
1692273600000,0.59,0.594,0.571,0.573,147132.3
1692288000000,0.573,0.584,0.567,0.581,96438.7
1692302400000,0.581,0.582,0.464,0.516,356015.9
1692316800000,0.516,0.549,0.516,0.546,205936.5
1692331200000,0.546,0.549,0.538,0.541,106267.6
1692345600000,0.541,0.549,0.534,0.547,64834.5
1692360000000,0.547,0.546,0.532,0.534,69875.8
1692374400000,0.534,0.543,0.529,0.537,70028.0
1692388800000,0.537,0.544,0.537,0.542,35952.4
1692403200000,0.542,0.552,0.539,0.541,66120.2
1692417600000,0.541,0.542,0.534,0.541,41734.9
1692432000000,0.541,0.554,0.539,0.546,118380.9
1692446400000,0.546,0.557,0.543,0.557,79580.2
1692460800000,0.557,0.557,0.546,0.548,63805.7
1692475200000,0.548,0.551,0.545,0.55,24635.6
1692489600000,0.55,0.562,0.546,0.557,179848.8
1692504000000,0.558,0.561,0.551,0.56,88511.6
1692518400000,0.56,0.561,0.544,0.545,168327.0
1692532800000,0.545,0.548,0.529,0.533,175423.9
1692547200000,0.533,0.544,0.532,0.543,47991.9
1692561600000,0.543,0.556,0.543,0.555,100770.5
1692576000000,0.555,0.556,0.537,0.537,76040.8
1692590400000,0.537,0.54,0.533,0.54,124360.3
1692604800000,0.54,0.543,0.53,0.54,73162.0
1692619200000,0.54,0.543,0.522,0.528,74422.8
1692633600000,0.528,0.536,0.526,0.535,47791.9
1692648000000,0.535,0.542,0.533,0.539,44905.2
1692662400000,0.539,0.543,0.535,0.536,33919.7
1692676800000,0.536,0.536,0.528,0.534,38592.0
1692691200000,0.534,0.543,0.533,0.534,59143.1
1692705600000,0.534,0.537,0.52,0.524,78122.9
1692720000000,0.524,0.527,0.511,0.52,58884.8
1692734400000,0.52,0.534,0.51,0.534,97181.9
1692748800000,0.534,0.542,0.534,0.54,47832.0
1692763200000,0.54,0.54,0.532,0.535,116397.4
1692777600000,0.535,0.554,0.534,0.55,143450.2
1692792000000,0.549,0.653,0.546,0.584,2100603.1
1692806400000,0.584,0.626,0.566,0.575,1273616.4
1692820800000,0.575,0.605,0.575,0.591,512750.6
1692835200000,0.591,0.605,0.576,0.582,268964.2
1692849600000,0.582,0.609,0.579,0.581,305983.7
1692864000000,0.582,0.614,0.579,0.61,777708.4
1692878400000,0.61,0.61,0.57,0.572,325410.0
1692892800000,0.572,0.587,0.57,0.584,232010.4
1692907200000,0.584,0.592,0.576,0.588,205257.3
1692921600000,0.588,0.611,0.584,0.598,376593.4
1692936000000,0.598,0.606,0.572,0.572,267232.6
1692950400000,0.572,0.593,0.572,0.592,135132.5
1692964800000,0.592,0.608,0.591,0.594,363405.9
1692979200000,0.594,0.616,0.592,0.607,349867.7
1692993600000,0.607,0.61,0.597,0.608,198106.5
1693008000000,0.608,0.618,0.596,0.616,212055.4
1693022400000,0.616,0.631,0.614,0.623,290178.7
1693036800000,0.623,0.627,0.618,0.619,152820.6
1693051200000,0.619,0.624,0.611,0.618,134677.5
1693065600000,0.618,0.622,0.603,0.603,177659.9
1693080000000,0.603,0.608,0.597,0.601,68002.8
1693094400000,0.601,0.606,0.593,0.6,89948.2
1693108800000,0.6,0.62,0.598,0.612,104608.7
1693123200000,0.614,0.614,0.599,0.602,80042.7
1693137600000,0.602,0.616,0.6,0.61,116619.8
1693152000000,0.61,0.624,0.608,0.623,110980.5
1693166400000,0.623,0.629,0.613,0.622,97999.7
1693180800000,0.622,0.63,0.615,0.619,106424.4
1693195200000,0.619,0.628,0.617,0.622,82355.6
1693209600000,0.622,0.624,0.611,0.614,95642.9
1693224000000,0.614,0.624,0.609,0.611,62198.4
1693238400000,0.611,0.617,0.606,0.613,62143.2
1693252800000,0.613,0.615,0.607,0.612,27478.6
1693267200000,0.612,0.622,0.609,0.619,81001.3
1693281600000,0.619,0.619,0.61,0.611,58091.6
1693296000000,0.611,0.617,0.591,0.592,161129.5
1693310400000,0.592,0.636,0.581,0.626,437348.9
1693324800000,0.626,0.689,0.625,0.664,790035.4
1693339200000,0.664,0.705,0.664,0.683,413303.2
1693353600000,0.683,0.7,0.667,0.669,225504.6
1693368000000,0.669,0.702,0.667,0.702,312696.9
1693382400000,0.702,0.704,0.674,0.677,299545.2
1693396800000,0.677,0.69,0.657,0.661,326573.3
1693411200000,0.661,0.685,0.661,0.678,152900.5
1693425600000,0.678,0.685,0.676,0.679,55685.8
1693440000000,0.679,0.682,0.667,0.671,71622.4
1693454400000,0.671,0.688,0.669,0.676,130808.0
1693468800000,0.676,0.677,0.661,0.671,128367.0
1693483200000,0.671,0.671,0.646,0.653,143023.1
1693497600000,0.653,0.653,0.631,0.639,187304.8
1693512000000,0.639,0.639,0.627,0.632,98219.4
1693526400000,0.632,0.635,0.625,0.631,46371.3
1693540800000,0.631,0.64,0.628,0.639,93738.5
1693555200000,0.639,0.648,0.63,0.647,137592.4
1693569600000,0.647,0.669,0.638,0.644,353782.6
1693584000000,0.644,0.657,0.633,0.652,235133.6
1693598400000,0.652,0.673,0.647,0.658,210286.4
1693612800000,0.658,0.679,0.658,0.671,156889.0
1693627200000,0.671,0.692,0.667,0.687,305876.0
1693641600000,0.687,0.689,0.646,0.648,328168.0
1693656000000,0.648,0.648,0.631,0.631,138112.4
1693670400000,0.631,0.632,0.596,0.604,226509.0
1693684800000,0.604,0.615,0.603,0.609,101810.6
1693699200000,0.609,0.615,0.605,0.615,55875.8
1693713600000,0.615,0.625,0.611,0.62,80006.2
1693728000000,0.62,0.623,0.612,0.616,41795.0
1693742400000,0.616,0.616,0.608,0.611,44269.4
1693756800000,0.611,0.623,0.602,0.616,139496.6
1693771200000,0.616,0.622,0.612,0.612,39943.6
1693785600000,0.612,0.634,0.611,0.624,73848.6
1693800000000,0.624,0.631,0.616,0.616,43664.3
1693814400000,0.616,0.626,0.613,0.614,40886.6
1693828800000,0.614,0.622,0.608,0.613,61092.0
1693843200000,0.613,0.625,0.613,0.62,34657.3
1693857600000,0.62,0.621,0.609,0.614,33742.4
1693872000000,0.614,0.615,0.609,0.614,30335.6
1693886400000,0.614,0.617,0.61,0.611,26186.5
1693900800000,0.611,0.611,0.597,0.6,104217.1
1693915200000,0.6,0.608,0.592,0.606,102583.3
1693929600000,0.606,0.611,0.602,0.608,37675.5
1693944000000,0.608,0.609,0.602,0.605,25371.5
1693958400000,0.605,0.61,0.604,0.605,37558.4
1693972800000,0.605,0.605,0.597,0.598,53174.8
1693987200000,0.598,0.608,0.597,0.603,63932.7
1694001600000,0.603,0.604,0.594,0.6,69649.0
1694016000000,0.6,0.615,0.587,0.604,77441.0
1694030400000,0.604,0.609,0.603,0.608,40688.1
1694044800000,0.608,0.608,0.598,0.604,42770.8
1694059200000,0.604,0.604,0.587,0.591,79043.4
1694073600000,0.591,0.593,0.586,0.587,49315.6
1694088000000,0.587,0.595,0.585,0.593,59841.1
1694102400000,0.593,0.6,0.593,0.6,36393.4
1694116800000,0.6,0.609,0.599,0.607,46211.5
1694131200000,0.607,0.614,0.595,0.6,40867.2
1694145600000,0.6,0.602,0.594,0.598,23655.1
1694160000000,0.598,0.599,0.582,0.591,40019.4
1694174400000,0.591,0.596,0.585,0.586,49335.9
1694188800000,0.586,0.592,0.583,0.588,38163.8
1694203200000,0.588,0.593,0.587,0.593,17548.0
1694217600000,0.593,0.614,0.593,0.603,120269.0
1694232000000,0.603,0.604,0.598,0.603,20630.1
1694246400000,0.603,0.612,0.601,0.611,73352.1
1694260800000,0.611,0.622,0.606,0.621,76600.1
1694275200000,0.621,0.632,0.609,0.617,177909.6
1694289600000,0.617,0.621,0.613,0.621,36370.6
1694304000000,0.621,0.621,0.604,0.606,81992.8
1694318400000,0.606,0.608,0.562,0.597,191470.0
1694332800000,0.597,0.6,0.591,0.599,22666.9
1694347200000,0.599,0.6,0.589,0.595,36077.3
1694361600000,0.595,0.596,0.576,0.583,64263.8
1694376000000,0.583,0.591,0.581,0.584,37664.7
1694390400000,0.584,0.586,0.574,0.575,30298.7
1694404800000,0.575,0.576,0.568,0.57,54262.5
1694419200000,0.57,0.57,0.545,0.551,92000.5
1694433600000,0.551,0.554,0.527,0.541,213919.0
1694448000000,0.541,0.548,0.531,0.536,85976.3
1694462400000,0.536,0.547,0.534,0.543,53540.0
1694476800000,0.543,0.567,0.543,0.559,100843.5
1694491200000,0.559,0.561,0.552,0.555,40659.1
1694505600000,0.555,0.58,0.554,0.565,90108.2
1694520000000,0.565,0.567,0.558,0.561,70726.6
1694534400000,0.561,0.568,0.553,0.555,51373.0
1694548800000,0.555,0.559,0.553,0.554,16501.1
1694563200000,0.554,0.56,0.547,0.547,108810.3
1694577600000,0.547,0.562,0.547,0.555,108379.8
1694592000000,0.555,0.563,0.554,0.562,34745.8
1694606400000,0.562,0.574,0.558,0.568,68232.2
1694620800000,0.568,0.573,0.564,0.567,40456.3
1694635200000,0.567,0.57,0.562,0.562,29915.5
1694649600000,0.562,0.578,0.562,0.567,52371.9
1694664000000,0.567,0.575,0.564,0.572,26017.3
1694678400000,0.572,0.577,0.568,0.577,39757.9
1694692800000,0.577,0.585,0.574,0.58,72100.6
1694707200000,0.58,0.584,0.578,0.58,24598.2
1694721600000,0.58,0.58,0.575,0.575,13534.9
1694736000000,0.575,0.586,0.572,0.585,29637.0
1694750400000,0.585,0.588,0.578,0.58,35462.9
1694764800000,0.58,0.584,0.577,0.577,33769.5
1694779200000,0.577,0.585,0.576,0.582,61108.2
1694793600000,0.582,0.593,0.581,0.593,50332.6
1694808000000,0.593,0.619,0.593,0.607,178554.0
1694822400000,0.607,0.641,0.606,0.621,207845.6
1694836800000,0.621,0.634,0.616,0.63,147970.0
1694851200000,0.63,0.635,0.618,0.625,126653.5
1694865600000,0.625,0.632,0.612,0.618,126523.3
1694880000000,0.618,0.625,0.616,0.619,55188.4
1694894400000,0.619,0.625,0.618,0.625,19821.7
1694908800000,0.625,0.625,0.603,0.614,91124.1
1694923200000,0.614,0.614,0.606,0.606,27355.6
1694937600000,0.606,0.615,0.604,0.611,50608.3
1694952000000,0.611,0.614,0.608,0.608,27156.3
1694966400000,0.608,0.608,0.594,0.598,72912.7
1694980800000,0.598,0.598,0.587,0.596,35102.2
1694995200000,0.596,0.603,0.585,0.603,50095.8
1695009600000,0.603,0.606,0.6,0.605,28147.5
1695024000000,0.605,0.62,0.604,0.612,78427.6
1695038400000,0.612,0.62,0.61,0.618,54205.3
1695052800000,0.618,0.619,0.6,0.605,81542.5
1695067200000,0.605,0.61,0.603,0.605,28641.2
1695081600000,0.605,0.612,0.597,0.61,51621.2
1695096000000,0.61,0.628,0.608,0.627,92415.0
1695110400000,0.627,0.635,0.621,0.627,108821.6
1695124800000,0.627,0.655,0.624,0.643,160002.4
1695139200000,0.643,0.648,0.637,0.64,69569.7
1695153600000,0.64,0.649,0.634,0.647,48530.8
1695168000000,0.647,0.659,0.64,0.648,105817.1
1695182400000,0.648,0.655,0.646,0.651,55445.5
1695196800000,0.651,0.659,0.639,0.645,94154.8
1695211200000,0.645,0.652,0.641,0.652,62258.0
1695225600000,0.652,0.663,0.643,0.648,98971.1
1695240000000,0.648,0.67,0.648,0.668,105200.9
1695254400000,0.668,0.68,0.664,0.669,150235.9
1695268800000,0.669,0.675,0.66,0.663,95328.0
1695283200000,0.663,0.669,0.641,0.648,184048.0
1695297600000,0.648,0.659,0.643,0.657,99623.9
1695312000000,0.657,0.662,0.652,0.657,44628.0
1695326400000,0.657,0.658,0.644,0.648,54937.5
1695340800000,0.648,0.652,0.636,0.65,98196.5
1695355200000,0.65,0.657,0.642,0.645,58612.3
1695369600000,0.645,0.652,0.642,0.652,48061.0
1695384000000,0.652,0.665,0.651,0.66,77542.8
1695398400000,0.66,0.662,0.654,0.654,32055.3
1695412800000,0.654,0.665,0.651,0.665,26034.0
1695427200000,0.665,0.67,0.652,0.652,52102.4
1695441600000,0.652,0.655,0.649,0.652,24993.3
1695456000000,0.652,0.653,0.642,0.643,60652.3
1695470400000,0.643,0.644,0.629,0.631,74460.8
1695484800000,0.631,0.634,0.625,0.632,47632.4
1695499200000,0.632,0.633,0.63,0.633,8331.4
1695513600000,0.633,0.636,0.629,0.633,23637.7
1695528000000,0.633,0.633,0.621,0.621,36810.5
1695542400000,0.621,0.632,0.621,0.63,26606.9
1695556800000,0.63,0.634,0.629,0.634,20050.5
1695571200000,0.634,0.636,0.625,0.625,22146.6
1695585600000,0.625,0.63,0.616,0.619,29860.2
1695600000000,0.619,0.626,0.61,0.62,92196.9
1695614400000,0.62,0.624,0.614,0.623,25528.0
1695628800000,0.623,0.626,0.612,0.613,54022.8
1695643200000,0.613,0.619,0.61,0.619,34894.3
1695657600000,0.619,0.626,0.618,0.621,53723.8
1695672000000,0.621,0.623,0.618,0.623,23464.9
1695686400000,0.623,0.626,0.617,0.625,32717.5
1695700800000,0.625,0.628,0.619,0.62,22601.6
1695715200000,0.62,0.621,0.615,0.618,41846.7
1695729600000,0.618,0.622,0.615,0.616,44901.1
1695744000000,0.616,0.625,0.615,0.624,43013.6
1695758400000,0.624,0.632,0.615,0.627,63201.9
1695772800000,0.627,0.635,0.627,0.633,29901.4
1695787200000,0.633,0.634,0.622,0.627,30683.5
1695801600000,0.627,0.645,0.624,0.644,39802.0
1695816000000,0.644,0.648,0.624,0.63,76315.9
1695830400000,0.63,0.633,0.623,0.632,28355.4
1695844800000,0.632,0.633,0.627,0.631,26452.0
1695859200000,0.631,0.644,0.63,0.637,58954.3
1695873600000,0.637,0.651,0.635,0.65,68684.2
1695888000000,0.65,0.665,0.643,0.663,196959.2
1695902400000,0.663,0.693,0.655,0.686,314948.6
1695916800000,0.686,0.719,0.681,0.709,457203.7
1695931200000,0.709,0.713,0.699,0.711,233855.6
1695945600000,0.711,0.717,0.698,0.716,203039.8
1695960000000,0.716,0.744,0.707,0.735,404642.7
1695974400000,0.735,0.739,0.719,0.727,196095.5
1695988800000,0.727,0.729,0.706,0.725,194783.6
1696003200000,0.725,0.737,0.723,0.734,87028.1
1696017600000,0.734,0.735,0.719,0.725,66807.7
1696032000000,0.725,0.738,0.721,0.734,89995.5
1696046400000,0.734,0.747,0.732,0.738,122505.4
1696060800000,0.738,0.764,0.735,0.752,213399.3
1696075200000,0.752,0.755,0.708,0.718,408065.2
1696089600000,0.718,0.721,0.711,0.713,82880.4
1696104000000,0.713,0.726,0.713,0.721,58681.7
1696118400000,0.721,0.743,0.72,0.736,113510.4
1696132800000,0.736,0.746,0.734,0.739,57396.2
1696147200000,0.739,0.748,0.735,0.742,126600.7
1696161600000,0.742,0.756,0.739,0.749,127927.1
1696176000000,0.749,0.753,0.739,0.744,88276.6
1696190400000,0.744,0.769,0.735,0.764,123016.3
1696204800000,0.764,0.776,0.752,0.775,139910.3
1696219200000,0.775,0.777,0.764,0.775,91839.2
1696233600000,0.775,0.776,0.764,0.764,68053.3
1696248000000,0.764,0.765,0.717,0.722,276966.9
1696262400000,0.722,0.738,0.71,0.727,108644.3
1696276800000,0.727,0.728,0.711,0.717,57817.6
1696291200000,0.717,0.723,0.71,0.719,56067.1
1696305600000,0.719,0.72,0.705,0.708,55825.4
1696320000000,0.708,0.713,0.686,0.69,153777.2
1696334400000,0.69,0.696,0.675,0.676,85975.5
1696348800000,0.676,0.685,0.671,0.675,64542.1
1696363200000,0.675,0.68,0.667,0.673,62982.5
1696377600000,0.673,0.693,0.646,0.692,164951.1
1696392000000,0.692,0.695,0.678,0.694,71417.8
1696406400000,0.694,0.698,0.686,0.688,63594.9
1696420800000,0.688,0.694,0.677,0.68,87098.5
1696435200000,0.68,0.693,0.679,0.685,30493.0
1696449600000,0.685,0.688,0.682,0.684,23920.0
1696464000000,0.684,0.689,0.678,0.68,61684.5
1696478400000,0.68,0.685,0.668,0.669,85261.5
1696492800000,0.669,0.676,0.663,0.663,87427.7
1696507200000,0.663,0.675,0.66,0.663,86716.7
1696521600000,0.663,0.666,0.659,0.666,56077.8
1696536000000,0.666,0.669,0.66,0.66,38662.8
1696550400000,0.66,0.674,0.66,0.668,49679.2
1696564800000,0.668,0.668,0.66,0.663,41209.7
1696579200000,0.663,0.67,0.66,0.67,53556.0
1696593600000,0.67,0.682,0.652,0.68,156297.0
1696608000000,0.68,0.686,0.675,0.675,69075.0
1696622400000,0.675,0.683,0.675,0.678,24372.3
1696636800000,0.678,0.683,0.671,0.681,51467.2
1696651200000,0.681,0.687,0.676,0.678,53844.8
1696665600000,0.678,0.682,0.665,0.667,67557.5
1696680000000,0.667,0.68,0.666,0.678,56273.0
1696694400000,0.678,0.68,0.672,0.674,40368.9
1696708800000,0.674,0.68,0.673,0.679,23104.2
1696723200000,0.679,0.68,0.673,0.676,28243.3
1696737600000,0.676,0.676,0.665,0.675,43505.3
1696752000000,0.675,0.688,0.67,0.671,95599.1
1696766400000,0.671,0.678,0.668,0.675,42139.2
1696780800000,0.675,0.682,0.674,0.682,24667.0
1696795200000,0.682,0.682,0.677,0.681,28792.3
1696809600000,0.681,0.708,0.674,0.707,118856.5
1696824000000,0.707,0.711,0.692,0.695,127988.8
1696838400000,0.695,0.696,0.65,0.665,224675.3
1696852800000,0.665,0.677,0.654,0.654,135296.9
1696867200000,0.654,0.657,0.63,0.653,97552.0
1696881600000,0.653,0.656,0.648,0.653,26059.3
1696896000000,0.653,0.655,0.646,0.648,44662.2
1696910400000,0.648,0.649,0.632,0.646,100797.1
1696924800000,0.646,0.653,0.643,0.643,41174.4
1696939200000,0.643,0.65,0.636,0.638,68099.2
1696953600000,0.638,0.641,0.631,0.638,46284.9
1696968000000,0.638,0.638,0.622,0.63,50250.1
1696982400000,0.63,0.637,0.608,0.61,111020.8
1696996800000,0.61,0.621,0.609,0.619,53293.0
1697011200000,0.619,0.628,0.611,0.62,81253.7
1697025600000,0.62,0.623,0.603,0.606,84152.4
1697040000000,0.606,0.624,0.605,0.621,106546.7
1697054400000,0.621,0.624,0.618,0.62,21496.5
1697068800000,0.62,0.62,0.592,0.602,198106.8
1697083200000,0.602,0.611,0.598,0.606,71406.7
1697097600000,0.606,0.607,0.594,0.604,71939.1
1697112000000,0.604,0.608,0.598,0.602,90878.7
1697126400000,0.602,0.605,0.596,0.602,36189.7
1697140800000,0.602,0.609,0.601,0.608,24418.1
1697155200000,0.608,0.614,0.604,0.606,54370.5
1697169600000,0.606,0.62,0.605,0.615,38786.1
1697184000000,0.615,0.617,0.609,0.611,27616.3
1697198400000,0.611,0.613,0.605,0.607,25146.0
1697212800000,0.607,0.611,0.605,0.606,22676.0
1697227200000,0.606,0.619,0.605,0.61,40740.0
1697241600000,0.61,0.616,0.609,0.616,44628.7
1697256000000,0.616,0.617,0.608,0.61,22823.3
1697270400000,0.61,0.611,0.607,0.611,17799.2
1697284800000,0.611,0.612,0.608,0.609,30813.4
1697299200000,0.609,0.634,0.609,0.632,96417.6
1697313600000,0.632,0.634,0.622,0.627,108754.8
1697328000000,0.627,0.641,0.622,0.64,111681.9
1697342400000,0.64,0.64,0.634,0.639,34821.9
1697356800000,0.639,0.647,0.637,0.641,77753.9
1697371200000,0.641,0.641,0.631,0.639,53245.1
1697385600000,0.639,0.645,0.638,0.641,34156.6
1697400000000,0.641,0.649,0.639,0.64,33133.0
1697414400000,0.64,0.647,0.639,0.646,19641.4
1697428800000,0.646,0.659,0.642,0.654,58528.9
1697443200000,0.654,0.657,0.645,0.657,110085.9
1697457600000,0.657,0.683,0.647,0.669,335166.6
1697472000000,0.669,0.7,0.667,0.693,217994.5
1697486400000,0.693,0.72,0.691,0.719,241860.6
1697500800000,0.719,0.72,0.694,0.7,259109.1
1697515200000,0.7,0.708,0.695,0.7,159646.7
1697529600000,0.7,0.712,0.7,0.7,175433.1
1697544000000,0.7,0.701,0.676,0.695,194176.1
1697558400000,0.695,0.695,0.68,0.692,71206.9
1697572800000,0.692,0.695,0.687,0.692,43605.3
1697587200000,0.692,0.693,0.686,0.689,32483.3
1697601600000,0.689,0.698,0.684,0.685,73569.2
1697616000000,0.685,0.691,0.68,0.688,73439.7
1697630400000,0.688,0.7,0.688,0.698,102302.4
1697644800000,0.698,0.703,0.683,0.684,68719.9
1697659200000,0.684,0.693,0.683,0.689,57894.0
1697673600000,0.689,0.694,0.667,0.669,88386.3
1697688000000,0.669,0.672,0.664,0.669,65050.7
1697702400000,0.669,0.676,0.666,0.674,41925.4
1697716800000,0.674,0.696,0.674,0.689,100958.3
1697731200000,0.689,0.696,0.686,0.692,36391.7
1697745600000,0.692,0.696,0.681,0.683,47804.7
1697760000000,0.683,0.709,0.681,0.703,141356.9
1697774400000,0.703,0.71,0.699,0.704,99785.8
1697788800000,0.704,0.74,0.704,0.731,236797.2
1697803200000,0.731,0.748,0.726,0.744,202743.5
1697817600000,0.744,0.76,0.73,0.734,268651.1
1697832000000,0.734,0.744,0.732,0.737,86537.1
1697846400000,0.737,0.743,0.727,0.731,55311.1
1697860800000,0.731,0.741,0.729,0.74,71409.2
1697875200000,0.74,0.746,0.736,0.74,53093.7
1697889600000,0.74,0.752,0.734,0.742,105071.3
1697904000000,0.742,0.748,0.732,0.743,127931.5
1697918400000,0.743,0.746,0.733,0.737,47856.9
1697932800000,0.737,0.744,0.729,0.731,96244.9
1697947200000,0.731,0.751,0.722,0.733,199547.9
1697961600000,0.733,0.749,0.731,0.743,98929.3
1697976000000,0.743,0.762,0.731,0.739,187758.2
1697990400000,0.739,0.756,0.737,0.75,92370.5
1698004800000,0.75,0.777,0.746,0.772,82084.6
1698019200000,0.772,0.805,0.766,0.799,198569.4
1698033600000,0.799,0.805,0.767,0.773,216450.3
1698048000000,0.773,0.783,0.767,0.772,180944.3
1698062400000,0.772,0.787,0.766,0.78,143867.4
1698076800000,0.78,0.789,0.772,0.786,79748.7
1698091200000,0.786,0.82,0.779,0.819,148364.3
1698105600000,0.819,0.824,0.79,0.802,304962.2
1698120000000,0.802,0.816,0.794,0.804,172633.1
1698134400000,0.804,0.828,0.804,0.828,96128.8
1698148800000,0.828,0.836,0.768,0.777,269503.3
1698163200000,0.777,0.79,0.768,0.784,191202.0
1698177600000,0.784,0.807,0.774,0.793,154997.8
1698192000000,0.793,0.808,0.785,0.795,94169.4
1698206400000,0.795,0.806,0.782,0.788,120399.4
1698220800000,0.788,0.81,0.782,0.805,131539.9
1698235200000,0.805,0.828,0.802,0.819,156275.3
1698249600000,0.819,0.827,0.798,0.806,143067.0
1698264000000,0.806,0.81,0.797,0.806,58803.6
1698278400000,0.806,0.82,0.8,0.82,55732.5
1698292800000,0.82,0.835,0.804,0.835,97705.4
1698307200000,0.835,0.842,0.802,0.812,152847.7
1698321600000,0.812,0.826,0.786,0.799,199255.3
1698336000000,0.799,0.806,0.792,0.804,47655.8
1698350400000,0.804,0.817,0.803,0.812,39231.2
1698364800000,0.812,0.812,0.787,0.801,78913.6
1698379200000,0.801,0.807,0.792,0.802,65351.4
1698393600000,0.802,0.815,0.801,0.81,46435.2
1698408000000,0.81,0.825,0.807,0.82,72980.5
1698422400000,0.82,0.824,0.797,0.81,91522.1
1698436800000,0.81,0.822,0.809,0.82,43102.5
1698451200000,0.82,0.836,0.818,0.836,87011.1
1698465600000,0.836,0.838,0.83,0.832,80062.4
1698480000000,0.832,0.866,0.83,0.86,138383.5
1698494400000,0.86,0.901,0.853,0.9,305033.4
1698508800000,0.9,0.9,0.875,0.88,161001.4
1698523200000,0.88,0.896,0.88,0.892,74967.5
1698537600000,0.892,0.893,0.875,0.879,76064.0
1698552000000,0.879,0.905,0.876,0.901,78025.8
1698566400000,0.901,0.903,0.884,0.89,89504.5
1698580800000,0.89,0.911,0.884,0.898,114248.6
1698595200000,0.898,0.899,0.883,0.89,83898.8
1698609600000,0.89,0.902,0.885,0.894,42537.1
1698624000000,0.894,0.898,0.885,0.888,55565.5
1698638400000,0.888,0.897,0.876,0.891,95376.9
1698652800000,0.891,0.96,0.889,0.951,493594.0
1698667200000,0.951,0.957,0.928,0.939,147259.5
1698681600000,0.939,0.941,0.908,0.933,109846.3
1698696000000,0.933,0.933,0.924,0.927,36729.4
1698710400000,0.927,0.937,0.918,0.919,61617.3
1698724800000,0.919,0.933,0.908,0.909,58129.9
1698739200000,0.909,0.934,0.896,0.934,118676.3
1698753600000,0.934,0.938,0.88,0.9,260441.1
1698768000000,0.9,0.923,0.895,0.921,90550.8
1698782400000,0.921,0.929,0.915,0.92,75572.5
1698796800000,0.92,0.925,0.906,0.907,51460.9
1698811200000,0.907,0.914,0.899,0.902,68468.3
1698825600000,0.902,0.903,0.891,0.896,79578.9
1698840000000,0.896,0.917,0.889,0.899,147599.6
1698854400000,0.899,0.937,0.897,0.928,98876.4
1698868800000,0.928,0.936,0.921,0.924,79437.7
1698883200000,0.924,0.936,0.921,0.931,92657.5
1698897600000,0.931,0.934,0.912,0.92,68032.1
1698912000000,0.92,0.931,0.91,0.93,63936.7
1698926400000,0.93,0.935,0.9,0.901,159513.1
1698940800000,0.901,0.908,0.887,0.905,104256.3
1698955200000,0.905,0.905,0.895,0.902,45348.2
1698969600000,0.902,0.902,0.879,0.895,82792.7
1698984000000,0.895,0.911,0.889,0.899,84648.1
1698998400000,0.899,0.906,0.88,0.883,120538.2
1699012800000,0.883,0.905,0.877,0.904,101411.5
1699027200000,0.904,0.909,0.887,0.897,75984.5
1699041600000,0.897,0.909,0.895,0.905,46365.1
1699056000000,0.905,0.91,0.897,0.907,42157.7
1699070400000,0.907,0.919,0.897,0.917,97810.7
1699084800000,0.917,0.929,0.913,0.917,246941.1
1699099200000,0.917,0.949,0.915,0.921,168473.6
1699113600000,0.921,0.923,0.912,0.915,59204.7
1699128000000,0.915,0.943,0.912,0.94,51984.7
1699142400000,0.94,0.948,0.931,0.947,37482.2
1699156800000,0.947,0.957,0.942,0.95,68495.0
1699171200000,0.95,0.96,0.943,0.952,56970.7
1699185600000,0.952,0.96,0.923,0.931,131024.1
1699200000000,0.931,0.952,0.931,0.943,39899.5
1699214400000,0.943,0.958,0.93,0.949,54017.3
1699228800000,0.949,0.963,0.944,0.953,62147.7
1699243200000,0.953,0.955,0.933,0.947,78831.7
1699257600000,0.947,0.966,0.937,0.963,83900.8
1699272000000,0.963,0.985,0.959,0.98,204802.4
1699286400000,0.98,0.983,0.968,0.981,94586.8
1699300800000,0.981,0.993,0.975,0.991,77469.6
1699315200000,0.991,0.991,0.97,0.985,77197.1
1699329600000,0.985,0.993,0.976,0.99,57326.6
1699344000000,0.99,0.994,0.965,0.968,129779.1
1699358400000,0.968,0.974,0.937,0.941,141713.7
1699372800000,0.941,0.969,0.932,0.964,89519.2
1699387200000,0.964,0.972,0.955,0.958,38440.4
1699401600000,0.958,0.963,0.953,0.956,39084.4
1699416000000,0.956,0.959,0.948,0.951,51990.6
1699430400000,0.951,0.962,0.95,0.952,94546.7
1699444800000,0.952,0.955,0.939,0.944,75227.6
1699459200000,0.944,0.956,0.942,0.951,49958.0
1699473600000,0.951,0.954,0.941,0.941,35197.5
1699488000000,0.941,0.967,0.938,0.961,81454.2
1699502400000,0.961,0.967,0.946,0.949,114116.2
1699516800000,0.949,0.972,0.939,0.968,248297.8
1699531200000,0.968,1.054,0.946,1.036,607061.7
1699545600000,1.036,1.043,0.858,1.022,707728.9
1699560000000,1.022,1.117,1.01,1.104,379459.8
1699574400000,1.104,1.21,1.096,1.18,636384.3
1699588800000,1.18,1.234,1.167,1.192,590480.2
1699603200000,1.192,1.2,1.146,1.155,398148.1
1699617600000,1.155,1.172,1.122,1.163,388371.6
1699632000000,1.163,1.18,1.159,1.172,224611.2
1699646400000,1.172,1.181,1.158,1.167,95094.6
1699660800000,1.167,1.187,1.141,1.147,191311.1
1699675200000,1.147,1.158,1.133,1.147,134651.3
1699689600000,1.147,1.169,1.136,1.168,122456.4
1699704000000,1.168,1.2,1.159,1.18,257040.9
1699718400000,1.18,1.192,1.164,1.18,107739.5
1699732800000,1.18,1.18,1.123,1.136,157129.2
1699747200000,1.136,1.143,1.084,1.12,243703.7
1699761600000,1.12,1.135,1.106,1.13,87220.8
1699776000000,1.13,1.131,1.113,1.115,106155.9
1699790400000,1.115,1.117,1.093,1.103,184055.6
1699804800000,1.103,1.105,1.079,1.084,107916.4
1699819200000,1.084,1.099,1.076,1.087,70143.4
1699833600000,1.087,1.117,1.062,1.069,186715.1
1699848000000,1.069,1.079,1.057,1.071,113362.2
1699862400000,1.071,1.095,1.068,1.083,203028.5
1699876800000,1.083,1.153,1.069,1.148,558515.9
1699891200000,1.148,1.157,1.112,1.128,203515.6
1699905600000,1.128,1.131,1.075,1.077,165474.4
1699920000000,1.077,1.082,1.051,1.066,177619.4
1699934400000,1.066,1.086,1.059,1.079,91425.4
1699948800000,1.079,1.083,1.043,1.049,140069.1
1699963200000,1.049,1.073,1.038,1.052,167158.6
1699977600000,1.052,1.066,0.992,1.014,201583.8
1699992000000,1.014,1.037,1.013,1.034,66777.8
1700006400000,1.034,1.047,1.031,1.036,109010.7
1700020800000,1.036,1.068,1.036,1.062,114889.9
1700035200000,1.062,1.082,1.057,1.082,151421.6
1700049600000,1.082,1.092,1.07,1.087,257768.8
1700064000000,1.087,1.098,1.063,1.098,188549.6
1700078400000,1.098,1.103,1.082,1.095,69440.7
1700092800000,1.095,1.11,1.084,1.086,123073.7
1700107200000,1.086,1.093,1.08,1.085,106732.9
1700121600000,1.085,1.1,1.064,1.083,167026.3
1700136000000,1.083,1.083,1.032,1.037,196261.1
1700150400000,1.037,1.051,1.009,1.025,95302.9
1700164800000,1.025,1.028,0.996,1.006,142465.2
1700179200000,1.006,1.167,1.004,1.146,1658906.4
1700193600000,1.146,1.155,1.115,1.119,316417.0
1700208000000,1.119,1.139,1.087,1.101,243236.0
1700222400000,1.101,1.104,1.02,1.022,368938.8
1700236800000,1.022,1.066,1.022,1.049,141243.8
1700251200000,1.049,1.087,1.049,1.085,114885.7
1700265600000,1.085,1.086,1.062,1.065,139480.4
1700280000000,1.065,1.077,1.027,1.052,194650.5
1700294400000,1.052,1.159,1.051,1.142,621842.5
1700308800000,1.142,1.169,1.119,1.156,457632.2
1700323200000,1.156,1.178,1.146,1.157,335392.4
1700337600000,1.157,1.184,1.152,1.183,155961.1
1700352000000,1.183,1.183,1.14,1.152,199932.0
1700366400000,1.152,1.163,1.147,1.154,150424.8
1700380800000,1.154,1.16,1.133,1.133,159680.1
1700395200000,1.133,1.139,1.125,1.134,105043.3
1700409600000,1.134,1.146,1.13,1.144,86143.8
1700424000000,1.144,1.15,1.119,1.144,124756.2
1700438400000,1.144,1.158,1.138,1.151,111693.5
1700452800000,1.151,1.155,1.129,1.155,89629.8
1700467200000,1.155,1.162,1.135,1.138,125883.9
1700481600000,1.138,1.14,1.103,1.129,142252.8
1700496000000,1.129,1.147,1.108,1.121,103669.0
1700510400000,1.121,1.126,1.097,1.102,90086.3
1700524800000,1.102,1.117,1.082,1.092,98335.0
1700539200000,1.092,1.094,1.077,1.078,48259.7
1700553600000,1.078,1.093,1.071,1.073,72474.1
1700568000000,1.073,1.081,1.026,1.062,192501.9
1700582400000,1.062,1.081,1.019,1.04,170749.4
1700596800000,1.04,1.058,0.993,0.993,161025.0
1700611200000,0.993,1.037,0.992,1.035,116779.9
1700625600000,1.035,1.063,1.034,1.057,82010.6
1700640000000,1.057,1.073,1.052,1.067,85538.4
1700654400000,1.067,1.078,1.056,1.069,97124.8
1700668800000,1.069,1.091,1.067,1.089,99214.7
1700683200000,1.089,1.107,1.086,1.093,83602.1
1700697600000,1.093,1.104,1.084,1.086,60048.0
1700712000000,1.086,1.09,1.081,1.087,26169.2
1700726400000,1.087,1.096,1.071,1.078,58526.6
1700740800000,1.078,1.084,1.057,1.06,125422.2
1700755200000,1.06,1.072,1.059,1.068,51847.6
1700769600000,1.068,1.081,1.067,1.077,26281.7
1700784000000,1.077,1.096,1.069,1.085,57942.8
1700798400000,1.085,1.106,1.084,1.106,86084.8
1700812800000,1.106,1.16,1.101,1.139,348563.1
1700827200000,1.139,1.181,1.138,1.173,205714.8
1700841600000,1.173,1.181,1.143,1.146,164108.6
1700856000000,1.146,1.154,1.135,1.143,80964.3
1700870400000,1.143,1.163,1.137,1.156,81398.6
1700884800000,1.156,1.156,1.142,1.151,69381.9
1700899200000,1.151,1.153,1.118,1.12,103121.7
1700913600000,1.12,1.132,1.118,1.125,37982.4
1700928000000,1.125,1.133,1.125,1.128,28404.7
1700942400000,1.128,1.137,1.124,1.137,32715.7
1700956800000,1.137,1.139,1.062,1.071,306122.5
1700971200000,1.071,1.084,1.061,1.08,215248.8
1700985600000,1.08,1.085,1.064,1.065,96099.6
1701000000000,1.065,1.075,1.048,1.05,121859.0
1701014400000,1.05,1.054,1.022,1.038,139611.6
1701028800000,1.038,1.047,1.032,1.038,62459.3
1701043200000,1.038,1.047,1.014,1.025,100920.8
1701057600000,1.025,1.034,1.01,1.023,78691.3
1701072000000,1.023,1.033,1.006,1.013,77539.0
1701086400000,1.013,1.018,0.998,0.998,87610.5
1701100800000,0.998,1.022,0.994,1.0,74598.3
1701115200000,1.0,1.021,0.994,1.02,59539.2
1701129600000,1.02,1.028,1.01,1.014,44699.4
1701144000000,1.014,1.018,0.988,0.996,108351.1
1701158400000,0.996,1.018,0.99,1.017,107852.8
1701172800000,1.017,1.039,1.007,1.039,141558.6
1701187200000,1.039,1.07,1.038,1.065,148425.4
1701201600000,1.065,1.088,1.061,1.065,146456.9
1701216000000,1.065,1.071,1.058,1.069,43292.4
1701230400000,1.069,1.071,1.057,1.064,53542.6
1701244800000,1.064,1.082,1.053,1.058,98524.2
1701259200000,1.058,1.064,1.036,1.046,111034.4
1701273600000,1.046,1.054,1.035,1.048,35369.7
1701288000000,1.048,1.05,1.036,1.048,26882.2
1701302400000,1.048,1.057,1.04,1.054,34046.8
1701316800000,1.054,1.057,1.039,1.045,63608.5
1701331200000,1.045,1.055,1.034,1.054,44842.8
1701345600000,1.054,1.056,1.037,1.048,48715.4
1701360000000,1.048,1.051,1.043,1.046,31353.9
1701374400000,1.046,1.051,1.04,1.047,23338.9
1701388800000,1.047,1.075,1.041,1.071,65502.9
1701403200000,1.071,1.073,1.061,1.07,30646.2
1701417600000,1.07,1.078,1.062,1.068,61761.8
1701432000000,1.068,1.069,1.054,1.068,50282.5
1701446400000,1.068,1.079,1.062,1.078,53257.1
1701460800000,1.078,1.081,1.071,1.073,31829.0
1701475200000,1.073,1.075,1.06,1.065,66079.0
1701489600000,1.065,1.075,1.063,1.072,28402.1
1701504000000,1.072,1.078,1.067,1.068,42871.1
1701518400000,1.068,1.081,1.066,1.07,93773.3
1701532800000,1.07,1.106,1.065,1.093,140505.3
1701547200000,1.093,1.107,1.09,1.106,59451.7
1701561600000,1.106,1.126,1.101,1.106,141387.6
1701576000000,1.106,1.112,1.101,1.112,40772.6
1701590400000,1.112,1.114,1.093,1.099,92839.1
1701604800000,1.099,1.099,1.078,1.089,90301.5
1701619200000,1.089,1.097,1.085,1.089,47530.9
1701633600000,1.089,1.115,1.085,1.104,57158.7
1701648000000,1.104,1.249,1.1,1.244,519341.3
1701662400000,1.244,1.36,1.235,1.294,924989.5
1701676800000,1.294,1.363,1.222,1.345,680010.1
1701691200000,1.345,1.345,1.228,1.231,444972.9
1701705600000,1.231,1.261,1.229,1.253,205116.0
1701720000000,1.253,1.259,1.229,1.245,167945.9
1701734400000,1.245,1.305,1.235,1.288,288810.0
1701748800000,1.288,1.341,1.249,1.264,317405.8
1701763200000,1.264,1.274,1.242,1.273,129693.8
1701777600000,1.273,1.305,1.272,1.285,221570.5
1701792000000,1.285,1.358,1.275,1.342,334913.7
1701806400000,1.342,1.397,1.334,1.35,382132.4
1701820800000,1.35,1.39,1.313,1.321,204270.1
1701835200000,1.321,1.321,1.277,1.29,160575.9
1701849600000,1.29,1.314,1.238,1.258,222678.2
1701864000000,1.258,1.274,1.229,1.233,114212.1
1701878400000,1.233,1.262,1.232,1.258,163617.6
1701892800000,1.258,1.261,1.215,1.222,145611.3
1701907200000,1.222,1.241,1.198,1.214,145741.9
1701921600000,1.214,1.247,1.212,1.237,84770.8
1701936000000,1.237,1.242,1.188,1.218,112578.4
1701950400000,1.218,1.29,1.215,1.28,149199.6
1701964800000,1.28,1.317,1.269,1.271,184924.9
1701979200000,1.271,1.318,1.271,1.291,98183.0
1701993600000,1.291,1.306,1.281,1.299,93356.5
1702008000000,1.299,1.302,1.272,1.274,77395.3
1702022400000,1.274,1.287,1.244,1.281,151950.6
1702036800000,1.281,1.282,1.24,1.244,240340.2
1702051200000,1.244,1.26,1.238,1.257,74061.2
1702065600000,1.257,1.269,1.255,1.258,57558.3
1702080000000,1.258,1.275,1.25,1.269,57182.4
1702094400000,1.269,1.288,1.261,1.283,59343.1
1702108800000,1.283,1.289,1.244,1.258,138028.5
1702123200000,1.258,1.274,1.247,1.268,81374.3
1702137600000,1.268,1.269,1.23,1.238,121061.5
1702152000000,1.238,1.242,1.213,1.22,91977.8
1702166400000,1.22,1.246,1.22,1.246,57762.5
1702180800000,1.246,1.253,1.227,1.236,52976.2
1702195200000,1.236,1.239,1.213,1.215,80750.5
1702209600000,1.215,1.247,1.215,1.246,73449.6
1702224000000,1.246,1.258,1.239,1.257,49298.6
1702238400000,1.257,1.263,1.242,1.252,95315.2
1702252800000,1.252,1.256,1.015,1.161,418466.9
1702267200000,1.161,1.168,1.136,1.143,192064.8
1702281600000,1.143,1.157,1.136,1.155,75464.2
1702296000000,1.155,1.165,1.125,1.136,124641.1
1702310400000,1.136,1.145,1.09,1.111,122768.4
1702324800000,1.111,1.134,1.103,1.133,57281.2
1702339200000,1.133,1.165,1.132,1.157,151179.0
1702353600000,1.157,1.163,1.135,1.161,113664.2
1702368000000,1.161,1.163,1.136,1.137,113525.9
1702382400000,1.137,1.158,1.115,1.121,184959.4
1702396800000,1.121,1.124,1.089,1.097,230557.5
1702411200000,1.097,1.133,1.089,1.128,78498.9
1702425600000,1.128,1.131,1.072,1.075,116766.3
1702440000000,1.075,1.097,1.06,1.089,167059.8
1702454400000,1.089,1.101,1.077,1.079,73907.9
1702468800000,1.079,1.114,1.075,1.103,148856.2
1702483200000,1.103,1.127,1.089,1.124,102348.5
1702497600000,1.124,1.144,1.122,1.132,71442.5
1702512000000,1.132,1.154,1.127,1.148,186457.1
1702526400000,1.148,1.163,1.134,1.163,148535.0
1702540800000,1.163,1.19,1.155,1.187,202808.1
1702555200000,1.187,1.191,1.136,1.165,163570.5
1702569600000,1.165,1.18,1.162,1.169,75818.7
1702584000000,1.169,1.196,1.164,1.19,53470.2
1702598400000,1.19,1.19,1.159,1.161,99808.3
1702612800000,1.161,1.162,1.14,1.143,60391.7
1702627200000,1.143,1.156,1.136,1.147,54168.2
1702641600000,1.147,1.149,1.116,1.123,58757.7
1702656000000,1.123,1.139,1.122,1.133,52451.8
1702670400000,1.133,1.139,1.09,1.093,77160.2
1702684800000,1.093,1.134,1.087,1.132,94925.7
1702699200000,1.132,1.133,1.118,1.13,94169.3
1702713600000,1.13,1.143,1.127,1.139,112726.8
1702728000000,1.139,1.148,1.133,1.141,71425.8
1702742400000,1.141,1.147,1.128,1.131,90749.3
1702756800000,1.131,1.139,1.122,1.128,26948.2
1702771200000,1.128,1.135,1.113,1.116,54404.1
1702785600000,1.116,1.121,1.096,1.101,60482.7
1702800000000,1.101,1.122,1.095,1.121,60459.2
1702814400000,1.121,1.123,1.097,1.121,59656.0
1702828800000,1.121,1.138,1.111,1.115,83637.9
1702843200000,1.115,1.121,1.077,1.082,62187.6
1702857600000,1.082,1.092,1.04,1.051,138980.8
1702872000000,1.051,1.058,1.036,1.039,49399.3
1702886400000,1.039,1.047,1.001,1.021,161691.8
1702900800000,1.021,1.049,1.012,1.033,72715.4
1702915200000,1.033,1.043,1.028,1.033,78751.5
1702929600000,1.033,1.071,1.026,1.071,67898.7
1702944000000,1.071,1.093,1.058,1.071,124396.2
1702958400000,1.071,1.077,1.065,1.074,108478.9
1702972800000,1.074,1.083,1.065,1.067,77369.3
1702987200000,1.067,1.07,1.032,1.041,118247.9
1703001600000,1.041,1.048,1.012,1.036,84300.3
1703016000000,1.036,1.039,1.024,1.031,76198.1
1703030400000,1.031,1.043,1.023,1.035,49518.0
1703044800000,1.035,1.054,1.031,1.053,39751.5
1703059200000,1.053,1.065,1.046,1.055,77241.9
1703073600000,1.055,1.095,1.049,1.089,124067.0
1703088000000,1.089,1.092,1.058,1.059,77339.2
1703102400000,1.059,1.06,1.036,1.049,60754.1
1703116800000,1.049,1.056,1.04,1.052,66673.5
1703131200000,1.052,1.07,1.043,1.066,56308.7
1703145600000,1.066,1.084,1.053,1.082,110351.2
1703160000000,1.082,1.1,1.069,1.078,175037.7
1703174400000,1.078,1.085,1.068,1.078,47357.3
1703188800000,1.078,1.111,1.077,1.107,174355.5
1703203200000,1.107,1.13,1.102,1.119,164877.4
1703217600000,1.119,1.138,1.105,1.131,188789.8
1703232000000,1.131,1.204,1.128,1.201,489197.5
1703246400000,1.201,1.218,1.176,1.2,228119.7
1703260800000,1.2,1.202,1.175,1.177,150748.9
1703275200000,1.177,1.191,1.176,1.186,96921.3
1703289600000,1.186,1.195,1.133,1.137,181987.0
1703304000000,1.137,1.152,1.133,1.142,52654.9
1703318400000,1.142,1.152,1.137,1.142,35080.5
1703332800000,1.142,1.161,1.142,1.159,71993.3
1703347200000,1.159,1.189,1.158,1.179,129788.9
1703361600000,1.179,1.187,1.169,1.183,94838.3
1703376000000,1.183,1.193,1.173,1.181,69618.7
1703390400000,1.181,1.186,1.155,1.167,128021.3
1703404800000,1.167,1.167,1.141,1.152,92171.5
1703419200000,1.152,1.251,1.146,1.204,615601.8
1703433600000,1.204,1.217,1.194,1.212,140436.2
1703448000000,1.212,1.217,1.16,1.188,166114.4
1703462400000,1.188,1.209,1.171,1.189,124601.5
1703476800000,1.189,1.22,1.185,1.205,123457.5
1703491200000,1.205,1.213,1.184,1.196,89113.9
1703505600000,1.196,1.227,1.183,1.212,153496.0
1703520000000,1.212,1.212,1.182,1.183,94082.9
1703534400000,1.183,1.185,1.166,1.174,94908.6
1703548800000,1.174,1.178,1.157,1.169,115857.1
1703563200000,1.169,1.173,1.118,1.136,189783.9
1703577600000,1.136,1.144,1.121,1.137,128361.9
1703592000000,1.137,1.155,1.126,1.129,175536.8
1703606400000,1.129,1.137,1.045,1.104,242179.0
1703620800000,1.104,1.115,1.097,1.114,79900.9
1703635200000,1.114,1.12,1.085,1.085,99509.5
1703649600000,1.085,1.11,1.085,1.103,62014.2
1703664000000,1.103,1.185,1.101,1.182,219321.7
1703678400000,1.182,1.258,1.167,1.253,492710.0
1703692800000,1.253,1.306,1.246,1.269,475529.8
1703707200000,1.269,1.275,1.253,1.269,147110.5
1703721600000,1.269,1.302,1.264,1.301,216938.0
1703736000000,1.301,1.317,1.258,1.274,234612.7
1703750400000,1.274,1.278,1.244,1.267,188549.6
1703764800000,1.267,1.274,1.218,1.221,233627.0
1703779200000,1.221,1.241,1.216,1.231,61329.1
1703793600000,1.231,1.235,1.211,1.223,51291.0
1703808000000,1.223,1.243,1.193,1.24,108020.0
1703822400000,1.24,1.24,1.201,1.203,82584.1
1703836800000,1.203,1.268,1.202,1.268,130668.9
1703851200000,1.268,1.271,1.217,1.226,113355.3
1703865600000,1.226,1.232,1.184,1.208,106398.9
1703880000000,1.208,1.208,1.164,1.197,55616.7
1703894400000,1.197,1.209,1.18,1.188,97143.2
1703908800000,1.188,1.214,1.187,1.198,53102.2
1703923200000,1.198,1.2,1.161,1.181,102790.9
1703937600000,1.181,1.223,1.18,1.222,123056.5
1703952000000,1.222,1.244,1.219,1.221,123604.4
1703966400000,1.221,1.224,1.196,1.196,34676.3
1703980800000,1.196,1.21,1.176,1.187,83041.2
1703995200000,1.187,1.205,1.183,1.2,34914.0
1704009600000,1.2,1.227,1.196,1.225,79425.7
1704024000000,1.225,1.242,1.215,1.217,126879.1
1704038400000,1.217,1.223,1.206,1.213,62010.4
1704052800000,1.213,1.216,1.151,1.188,133379.3
1704067200000,1.188,1.208,1.175,1.176,95425.4
1704081600000,1.176,1.184,1.166,1.178,91211.6
1704096000000,1.178,1.185,1.172,1.18,82499.7
1704110400000,1.18,1.203,1.174,1.201,92086.6
1704124800000,1.201,1.238,1.194,1.236,79891.6
1704139200000,1.236,1.259,1.23,1.255,97964.5
1704153600000,1.255,1.271,1.246,1.268,120272.2
1704168000000,1.268,1.29,1.262,1.273,154067.1
1704182400000,1.273,1.306,1.271,1.284,269590.6
1704196800000,1.284,1.288,1.234,1.24,179979.5
1704211200000,1.24,1.25,1.23,1.236,66446.8
1704225600000,1.236,1.249,1.219,1.227,89146.8
1704240000000,1.227,1.297,1.222,1.277,249000.5
1704254400000,1.277,1.293,1.266,1.27,167874.0
1704268800000,1.27,1.302,1.222,1.227,212955.8
1704283200000,1.227,1.228,1.02,1.218,702063.7
1704297600000,1.218,1.326,1.212,1.301,838622.0
1704312000000,1.301,1.377,1.296,1.36,443899.1
1704326400000,1.36,1.366,1.283,1.354,411817.5
1704340800000,1.354,1.5,1.341,1.42,703150.5
1704355200000,1.42,1.448,1.366,1.369,418283.3
1704369600000,1.369,1.46,1.361,1.437,345277.1
1704384000000,1.437,1.565,1.404,1.498,472758.8
1704398400000,1.498,1.51,1.39,1.399,285403.6
1704412800000,1.399,1.429,1.328,1.4,361382.1
1704427200000,1.4,1.443,1.383,1.399,214534.7
1704441600000,1.399,1.447,1.393,1.428,193403.4
1704456000000,1.428,1.476,1.35,1.355,355097.2
1704470400000,1.355,1.36,1.318,1.321,158404.4
1704484800000,1.321,1.418,1.314,1.417,130430.4
1704499200000,1.417,1.438,1.335,1.343,196427.8
1704513600000,1.343,1.346,1.308,1.322,203450.5
1704528000000,1.322,1.405,1.315,1.369,215667.1
1704542400000,1.369,1.369,1.286,1.304,296616.5
1704556800000,1.304,1.307,1.271,1.283,82526.8
1704571200000,1.283,1.291,1.252,1.266,80063.9
1704585600000,1.266,1.303,1.261,1.296,98712.4
1704600000000,1.296,1.324,1.284,1.317,96194.4
1704614400000,1.317,1.349,1.303,1.319,177612.8
1704628800000,1.319,1.348,1.284,1.327,188736.6
1704643200000,1.327,1.344,1.3,1.337,121685.5
1704657600000,1.337,1.343,1.243,1.249,146844.0
1704672000000,1.249,1.254,1.139,1.17,338306.5
1704686400000,1.17,1.216,1.164,1.195,152996.5
1704700800000,1.195,1.205,1.174,1.2,149247.6
1704715200000,1.2,1.244,1.199,1.224,145286.4
1704729600000,1.224,1.279,1.203,1.277,116779.4
1704744000000,1.277,1.279,1.246,1.255,60942.3
1704758400000,1.255,1.281,1.237,1.248,157489.9
1704772800000,1.248,1.29,1.239,1.253,134249.4
1704787200000,1.253,1.258,1.231,1.241,75841.4
1704801600000,1.241,1.246,1.193,1.208,121177.2
1704816000000,1.208,1.211,1.185,1.208,115873.9
1704830400000,1.208,1.34,1.179,1.325,430302.1
1704844800000,1.325,1.414,1.311,1.405,469736.0
1704859200000,1.405,1.467,1.397,1.415,477359.7
1704873600000,1.415,1.488,1.403,1.442,442351.4
1704888000000,1.442,1.487,1.404,1.482,464898.3
1704902400000,1.482,1.609,1.455,1.599,614410.9
1704916800000,1.599,1.728,1.542,1.69,877293.9
1704931200000,1.69,1.748,1.649,1.746,591562.4
1704945600000,1.746,1.798,1.714,1.796,516613.1
1704960000000,1.796,1.895,1.76,1.866,698703.0
1704974400000,1.866,1.925,1.815,1.85,818564.8
1704988800000,1.85,1.914,1.783,1.843,480696.5
1705003200000,1.843,1.919,1.843,1.884,225117.5
1705017600000,1.884,1.901,1.705,1.713,563238.2
1705032000000,1.713,1.76,1.703,1.741,184425.4
1705046400000,1.741,1.919,1.724,1.835,356484.5
1705060800000,1.835,1.941,1.793,1.798,530277.3
1705075200000,1.798,1.857,1.716,1.785,645805.2
1705089600000,1.785,1.828,1.679,1.745,306009.8
1705104000000,1.745,1.834,1.688,1.816,314048.0
1705118400000,1.816,1.817,1.719,1.726,277214.7
1705132800000,1.726,1.741,1.701,1.706,205630.9
1705147200000,1.706,1.74,1.66,1.719,246681.2
1705161600000,1.719,1.721,1.679,1.705,110488.1
1705176000000,1.705,1.718,1.685,1.703,76970.4
1705190400000,1.703,1.828,1.678,1.817,397286.3
1705204800000,1.817,1.825,1.698,1.699,245302.2
1705219200000,1.699,1.711,1.675,1.698,124630.0
1705233600000,1.698,1.706,1.649,1.681,128270.6
1705248000000,1.681,1.685,1.623,1.625,110938.5
1705262400000,1.625,1.644,1.605,1.624,171188.0
1705276800000,1.624,1.692,1.624,1.668,299690.1
1705291200000,1.668,1.683,1.613,1.62,161667.1
1705305600000,1.62,1.746,1.619,1.723,236515.8
1705320000000,1.723,1.727,1.637,1.643,169214.5
1705334400000,1.643,1.747,1.638,1.699,172699.3
1705348800000,1.699,1.711,1.679,1.693,82340.7
1705363200000,1.693,1.764,1.689,1.726,196625.0
1705377600000,1.726,1.727,1.655,1.659,178789.3
1705392000000,1.659,1.753,1.642,1.715,337251.3
1705406400000,1.715,1.964,1.713,1.956,767566.2
1705420800000,1.956,2.049,1.91,2.034,1087637.5
1705435200000,2.034,2.136,2.015,2.078,597777.3
1705449600000,2.078,2.143,2.026,2.032,468872.4
1705464000000,2.032,2.057,1.988,2.004,365580.4
1705478400000,2.004,2.049,1.966,1.966,264816.5
1705492800000,1.966,2.054,1.962,1.977,393337.0
1705507200000,1.977,2.076,1.977,2.03,201825.0
1705521600000,2.03,2.038,2.003,2.01,106831.2
1705536000000,2.01,2.063,1.976,1.984,229988.0
1705550400000,1.984,2.054,1.972,1.981,181405.7
1705564800000,1.981,2.096,1.979,2.076,333585.7
1705579200000,2.076,2.076,1.967,2.022,263583.4
1705593600000,2.022,2.032,1.892,1.907,330995.2
1705608000000,1.907,1.99,1.894,1.925,187757.9
1705622400000,1.925,1.971,1.901,1.913,178171.0
1705636800000,1.913,2.072,1.898,2.022,309079.6
1705651200000,2.022,2.135,1.994,2.131,289975.5
1705665600000,2.131,2.17,2.055,2.084,541536.7
1705680000000,2.084,2.165,1.976,2.155,540372.9
1705694400000,2.155,2.241,2.149,2.162,417557.9
1705708800000,2.162,2.17,2.074,2.108,238705.8
1705723200000,2.108,2.111,2.037,2.068,160770.5
1705737600000,2.068,2.077,2.008,2.057,139069.7
1705752000000,2.057,2.068,2.02,2.033,97360.9
1705766400000,2.033,2.053,2.018,2.024,96713.6
1705780800000,2.024,2.051,2.018,2.041,57383.2
1705795200000,2.041,2.249,2.031,2.203,427511.2
1705809600000,2.203,2.234,2.132,2.227,210862.2
1705824000000,2.227,2.357,2.2,2.314,534555.8
1705838400000,2.314,2.387,2.293,2.333,405387.0
1705852800000,2.333,2.374,2.3,2.361,227879.1
1705867200000,2.361,2.361,2.308,2.315,137195.4
1705881600000,2.315,2.424,2.278,2.328,381808.8
1705896000000,2.328,2.394,2.292,2.313,269639.2
1705910400000,2.313,2.342,2.143,2.143,448845.6
1705924800000,2.143,2.171,2.023,2.095,415642.5
1705939200000,2.095,2.134,2.006,2.069,417114.8
1705953600000,2.069,2.091,1.99,1.994,237335.0
1705968000000,1.994,2.106,1.976,2.017,404364.5
1705982400000,2.017,2.033,1.915,1.939,306926.6
1705996800000,1.939,1.961,1.803,1.894,668505.1
1706011200000,1.894,2.019,1.89,2.013,635716.7
1706025600000,2.013,2.042,1.962,1.97,268230.3
1706040000000,1.97,2.13,1.957,2.114,395489.5
1706054400000,2.114,2.202,2.061,2.07,382289.3
1706068800000,2.07,2.137,2.054,2.094,167154.9
1706083200000,2.094,2.264,2.083,2.23,433093.6
1706097600000,2.23,2.31,2.18,2.304,445447.5
1706112000000,2.304,2.407,2.268,2.345,457594.0
1706126400000,2.345,2.428,2.287,2.402,383231.2
1706140800000,2.402,2.433,2.349,2.395,389503.2
1706155200000,2.395,2.456,2.334,2.434,421506.7
1706169600000,2.434,2.475,2.408,2.41,383043.7
1706184000000,2.41,2.449,2.335,2.366,428358.5
1706198400000,2.366,2.494,2.354,2.487,348808.9
1706212800000,2.487,2.493,2.419,2.447,158432.0
1706227200000,2.447,2.596,2.417,2.503,319700.4
1706241600000,2.503,2.541,2.401,2.421,252704.7
1706256000000,2.421,2.477,2.391,2.408,210730.0
1706270400000,2.408,2.474,2.365,2.423,322451.0
1706284800000,2.423,2.508,2.398,2.437,297807.3
1706299200000,2.437,2.45,2.401,2.404,108049.6
1706313600000,2.404,2.486,2.401,2.414,150891.4
1706328000000,2.414,2.449,2.344,2.357,137731.8
1706342400000,2.357,2.479,2.35,2.365,313165.9
1706356800000,2.365,2.383,2.286,2.321,214749.2
1706371200000,2.321,2.331,2.261,2.273,214015.3
1706385600000,2.273,2.317,2.263,2.302,154975.5
1706400000000,2.302,2.386,2.301,2.335,205139.5
1706414400000,2.335,2.377,2.236,2.24,234020.7
1706428800000,2.24,2.357,2.237,2.325,212284.3
1706443200000,2.325,2.328,2.26,2.271,136081.2
1706457600000,2.271,2.274,2.233,2.234,83450.2
1706472000000,2.234,2.267,2.224,2.24,104915.8
1706486400000,2.24,2.314,2.235,2.267,160597.8
1706500800000,2.267,2.275,2.224,2.228,106516.6
1706515200000,2.228,2.268,2.216,2.252,88724.1
1706529600000,2.252,2.312,2.212,2.305,150452.4
1706544000000,2.305,2.595,2.291,2.541,786970.7
1706558400000,2.541,2.605,2.538,2.596,321117.3
1706572800000,2.596,2.706,2.575,2.635,526679.2
1706587200000,2.635,2.688,2.626,2.652,285727.5
1706601600000,2.652,2.76,2.65,2.713,699982.5
1706616000000,2.713,2.777,2.655,2.767,570619.2
1706630400000,2.767,2.8,2.722,2.754,434889.2
1706644800000,2.754,2.776,2.71,2.73,176212.5
1706659200000,2.73,2.75,2.681,2.685,326715.5
1706673600000,2.685,2.762,2.669,2.736,341049.4
1706688000000,2.736,2.739,2.65,2.685,331323.1
1706702400000,2.685,2.714,2.626,2.7,241674.7
1706716800000,2.7,2.741,2.584,2.592,372951.5
1706731200000,2.592,2.596,2.517,2.559,182228.2
1706745600000,2.559,2.605,2.529,2.542,263770.3
1706760000000,2.542,2.681,2.524,2.617,281494.8
1706774400000,2.617,2.618,2.524,2.537,149994.2
1706788800000,2.537,2.648,2.509,2.599,233272.2
1706803200000,2.599,2.615,2.544,2.556,133684.9
1706817600000,2.556,2.598,2.534,2.551,115585.7
1706832000000,2.551,2.708,2.539,2.681,277235.5
1706846400000,2.681,2.878,2.678,2.855,456002.3
1706860800000,2.855,2.897,2.824,2.875,284048.9
1706875200000,2.875,2.946,2.839,2.938,402279.9
1706889600000,2.938,2.963,2.859,2.891,280035.6
1706904000000,2.891,2.894,2.853,2.875,125884.8
1706918400000,2.875,2.965,2.821,2.829,279044.8
1706932800000,2.829,2.923,2.824,2.891,149978.1
1706947200000,2.891,2.949,2.84,2.891,261184.2
1706961600000,2.891,2.966,2.875,2.939,179490.5
1706976000000,2.939,2.972,2.911,2.934,129638.3
1706990400000,2.934,2.95,2.913,2.935,90001.3
1707004800000,2.935,2.97,2.91,2.953,143444.8
1707019200000,2.953,2.953,2.793,2.793,257834.6
1707033600000,2.793,2.965,2.788,2.936,201318.2
1707048000000,2.936,2.97,2.915,2.929,147022.6
1707062400000,2.929,3.259,2.913,3.087,653565.9
1707076800000,3.087,3.147,3.04,3.043,253040.5
1707091200000,3.043,3.108,3.011,3.102,306761.8
1707105600000,3.102,3.189,3.073,3.165,359773.5
1707120000000,3.165,3.204,3.034,3.05,332847.7
1707134400000,3.05,3.077,2.901,2.901,461337.0
1707148800000,2.901,2.994,2.89,2.938,226257.7
1707163200000,2.938,2.94,2.887,2.899,159082.6
1707177600000,2.899,3.179,2.893,3.176,424646.6
1707192000000,3.176,3.244,3.148,3.231,337720.0
1707206400000,3.231,3.276,3.212,3.219,300804.6
1707220800000,3.219,3.283,3.205,3.212,294362.5
1707235200000,3.212,3.272,3.17,3.186,288767.5
1707249600000,3.186,3.22,3.094,3.148,289427.4
1707264000000,3.148,3.265,3.146,3.228,293810.6
1707278400000,3.228,3.251,3.077,3.157,226551.3
1707292800000,3.157,3.161,3.079,3.142,179693.0
1707307200000,3.142,3.196,3.088,3.145,171384.9
1707321600000,3.145,3.27,3.129,3.235,230971.0
1707336000000,3.235,3.322,2.935,2.946,657302.4
1707350400000,2.946,3.028,2.927,2.948,364096.0
1707364800000,2.948,2.999,2.825,2.828,368164.9
1707379200000,2.828,2.929,2.817,2.927,385855.0
1707393600000,2.927,3.022,2.913,2.979,340332.1
1707408000000,2.979,3.0,2.874,2.874,270592.2
1707422400000,2.874,2.917,2.842,2.843,153979.8
1707436800000,2.843,2.928,2.842,2.864,209929.5
1707451200000,2.864,2.934,2.864,2.884,131528.1
1707465600000,2.884,2.916,2.859,2.906,177481.1
1707480000000,2.906,2.929,2.83,2.876,362791.5
1707494400000,2.876,2.923,2.866,2.921,186099.5
1707508800000,2.921,3.207,2.921,3.172,527032.2
1707523200000,3.172,3.353,3.168,3.335,499786.5
1707537600000,3.335,3.381,3.297,3.301,336807.0
1707552000000,3.301,3.327,3.151,3.197,286889.5
1707566400000,3.197,3.231,3.189,3.196,122407.5
1707580800000,3.196,3.228,3.136,3.137,142987.9
1707595200000,3.137,3.177,3.11,3.112,125635.6
1707609600000,3.112,3.219,3.112,3.2,107268.8
1707624000000,3.2,3.217,3.133,3.173,122470.9
1707638400000,3.173,3.203,3.138,3.185,89579.0
1707652800000,3.185,3.234,3.147,3.224,152928.1
1707667200000,3.224,3.309,3.152,3.19,209875.4
1707681600000,3.19,3.195,3.13,3.138,82326.4
1707696000000,3.138,3.173,3.122,3.137,109152.1
1707710400000,3.137,3.151,3.054,3.067,146590.1
1707724800000,3.067,3.144,3.046,3.137,137725.6
1707739200000,3.137,3.229,3.119,3.187,193205.8
1707753600000,3.187,3.233,3.129,3.142,240852.5
1707768000000,3.142,3.202,3.142,3.202,88484.2
1707782400000,3.202,3.299,3.112,3.155,267732.7
1707796800000,3.155,3.18,3.13,3.131,80504.7
1707811200000,3.131,3.167,3.1,3.124,182479.1
1707825600000,3.124,3.177,3.063,3.151,223053.1
1707840000000,3.151,3.179,3.115,3.164,99100.1
1707854400000,3.164,3.261,3.16,3.222,201193.9
1707868800000,3.222,3.24,3.17,3.24,97946.2
1707883200000,3.24,3.258,3.189,3.252,117054.6
1707897600000,3.252,3.354,3.245,3.286,239313.7
1707912000000,3.286,3.369,3.28,3.32,189751.1
1707926400000,3.32,3.33,3.274,3.308,90096.1
1707940800000,3.308,3.313,3.256,3.266,83625.2
1707955200000,3.266,3.328,3.226,3.255,148062.7
1707969600000,3.255,3.262,3.202,3.217,76600.6
1707984000000,3.217,3.22,3.176,3.18,123968.1
1707998400000,3.18,3.227,3.12,3.133,277939.2
1708012800000,3.133,3.139,3.064,3.108,187124.7
1708027200000,3.108,3.127,3.037,3.101,126474.0
1708041600000,3.101,3.165,3.092,3.122,117007.9
1708056000000,3.122,3.122,3.059,3.066,84023.2
1708070400000,3.066,3.086,3.036,3.068,109059.2
1708084800000,3.068,3.128,2.983,3.116,237158.4
1708099200000,3.116,3.195,3.041,3.042,313128.0
1708113600000,3.042,3.055,3.029,3.044,78479.2
1708128000000,3.044,3.066,2.99,3.009,90920.6
1708142400000,3.009,3.016,2.983,2.986,51761.1
1708156800000,2.986,2.988,2.905,2.937,148812.3
1708171200000,2.937,2.967,2.9,2.939,149222.4
1708185600000,2.939,2.966,2.918,2.958,65665.6
1708200000000,2.958,3.017,2.947,3.005,61134.3
1708214400000,3.005,3.006,2.942,2.965,65176.5
1708228800000,2.965,3.047,2.961,3.039,112660.9
1708243200000,3.039,3.066,3.017,3.035,104156.9
1708257600000,3.035,3.038,3.003,3.022,77394.4
1708272000000,3.022,3.023,2.919,2.944,217966.1
1708286400000,2.944,2.987,2.92,2.935,99209.2
1708300800000,2.935,2.97,2.928,2.956,109221.4
1708315200000,2.956,2.97,2.91,2.963,148428.2
1708329600000,2.963,2.968,2.876,2.907,223522.8
1708344000000,2.907,2.929,2.834,2.863,235417.1
1708358400000,2.863,2.902,2.834,2.853,139703.9
1708372800000,2.853,2.906,2.837,2.851,126731.0
1708387200000,2.851,2.857,2.69,2.691,252589.9
1708401600000,2.691,2.753,2.676,2.704,170835.6
1708416000000,2.704,2.727,2.634,2.701,242797.2
1708430400000,2.701,2.758,2.557,2.627,393682.9
1708444800000,2.627,2.676,2.575,2.676,173527.8
1708459200000,2.676,2.769,2.652,2.745,156299.5
1708473600000,2.745,2.755,2.64,2.656,126137.1
1708488000000,2.656,2.67,2.585,2.593,145356.0
1708502400000,2.593,2.628,2.5,2.505,324173.1
1708516800000,2.505,2.554,2.44,2.518,238634.1
1708531200000,2.518,2.537,2.406,2.427,356242.0
1708545600000,2.427,2.581,2.397,2.568,283115.6
1708560000000,2.568,2.61,2.496,2.589,249507.6
1708574400000,2.589,2.681,2.582,2.68,232243.0
1708588800000,2.68,2.904,2.655,2.79,661816.5
1708603200000,2.79,2.914,2.741,2.789,622372.5
1708617600000,2.789,2.789,2.694,2.705,224222.5
1708632000000,2.705,2.744,2.656,2.682,232789.6
1708646400000,2.682,2.787,2.653,2.678,256298.7
1708660800000,2.678,2.78,2.655,2.778,183077.9
1708675200000,2.778,2.824,2.72,2.817,341128.1
1708689600000,2.817,2.837,2.662,2.662,311711.6
1708704000000,2.662,2.755,2.582,2.729,266231.7
1708718400000,2.729,2.748,2.68,2.708,92089.0
1708732800000,2.708,2.719,2.614,2.668,114089.7
1708747200000,2.668,2.701,2.66,2.671,80628.4
1708761600000,2.671,2.759,2.669,2.732,120161.6
1708776000000,2.732,2.749,2.696,2.725,107212.6
1708790400000,2.725,2.792,2.722,2.763,101466.0
1708804800000,2.763,2.882,2.749,2.863,204708.5
1708819200000,2.863,2.87,2.793,2.838,163261.8
1708833600000,2.838,2.882,2.8,2.827,77961.2
1708848000000,2.827,2.846,2.797,2.826,71896.9
1708862400000,2.826,2.829,2.739,2.74,220928.0
1708876800000,2.74,2.771,2.714,2.753,128202.5
1708891200000,2.753,2.788,2.753,2.772,60292.4
1708905600000,2.772,2.812,2.76,2.798,69439.2
1708920000000,2.798,2.802,2.719,2.72,91753.4
1708934400000,2.72,2.749,2.65,2.674,165707.0
1708948800000,2.674,2.804,2.652,2.803,127014.4
1708963200000,2.803,2.856,2.786,2.851,207983.8
1708977600000,2.851,2.865,2.823,2.849,77400.8
1708992000000,2.849,2.923,2.81,2.841,161623.5
1709006400000,2.841,2.875,2.81,2.816,108532.7
1709020800000,2.816,2.906,2.813,2.902,114184.0
1709035200000,2.902,2.943,2.807,2.814,195032.2
1709049600000,2.814,2.848,2.774,2.811,119043.9
1709064000000,2.811,2.855,2.786,2.839,76321.9
1709078400000,2.839,2.903,2.825,2.864,140715.7
1709092800000,2.864,3.008,2.854,3.007,175307.3
1709107200000,3.007,3.146,2.958,2.987,472944.4
1709121600000,2.987,3.045,2.951,2.965,275162.4
1709136000000,2.965,3.115,2.823,2.884,506345.1
1709150400000,2.884,2.966,2.811,2.955,170887.9
1709164800000,2.955,3.18,2.954,3.082,326377.6
1709179200000,3.082,3.15,3.064,3.11,128273.6
1709193600000,3.11,3.147,3.05,3.136,162300.7
1709208000000,3.136,3.224,3.098,3.193,321436.6
1709222400000,3.193,3.229,3.098,3.212,256106.5
1709236800000,3.212,3.278,3.066,3.163,261525.0
1709251200000,3.163,3.229,3.129,3.158,141389.7
1709265600000,3.158,3.192,3.107,3.109,83929.7
1709280000000,3.109,3.277,3.102,3.252,177745.0
1709294400000,3.252,3.324,3.248,3.279,219966.0
1709308800000,3.279,3.667,3.277,3.609,501220.5
1709323200000,3.609,3.634,3.457,3.462,230513.0
1709337600000,3.462,3.504,3.398,3.41,145071.2
1709352000000,3.41,3.439,3.364,3.409,121983.1
1709366400000,3.409,3.422,3.325,3.353,173533.2
1709380800000,3.353,3.418,3.35,3.358,230937.7
1709395200000,3.358,3.445,3.352,3.426,105870.4
1709409600000,3.426,3.439,3.371,3.413,67302.9
1709424000000,3.413,3.507,3.393,3.481,160343.1
1709438400000,3.481,3.491,3.078,3.258,349742.0
1709452800000,3.258,3.374,3.258,3.31,205379.3
1709467200000,3.31,3.334,3.278,3.297,99273.9
1709481600000,3.297,3.338,3.277,3.295,100805.4
1709496000000,3.295,3.332,3.274,3.298,45968.0
1709510400000,3.298,3.365,3.266,3.273,131357.8
1709524800000,3.273,3.336,3.258,3.289,111225.7
1709539200000,3.289,3.362,3.157,3.193,211905.3
1709553600000,3.193,3.225,3.114,3.173,188890.7
1709568000000,3.173,3.175,3.033,3.126,194414.5
1709582400000,3.126,3.147,3.072,3.096,116163.4
1709596800000,3.096,3.098,2.919,2.977,236575.2
1709611200000,2.977,3.13,2.958,3.019,465245.3
1709625600000,3.019,3.086,2.997,3.012,186650.1
1709640000000,3.012,3.033,2.834,2.894,385388.9
1709654400000,2.894,2.924,2.254,2.55,489930.7
1709668800000,2.55,2.853,2.545,2.827,391459.5
1709683200000,2.827,2.898,2.807,2.853,171887.1
1709697600000,2.853,3.094,2.853,3.091,287420.5
1709712000000,3.091,3.145,3.032,3.055,251005.7
1709726400000,3.055,3.069,2.929,2.989,214909.9
1709740800000,2.989,3.091,2.95,3.055,149791.8
1709755200000,3.055,3.144,3.046,3.101,106485.1
1709769600000,3.101,3.158,3.052,3.078,165067.2
1709784000000,3.078,3.136,3.037,3.128,114089.7
1709798400000,3.128,3.143,3.087,3.104,90908.3
1709812800000,3.104,3.224,3.068,3.213,187102.8
1709827200000,3.213,3.252,3.187,3.233,104306.2
1709841600000,3.233,3.29,3.2,3.236,100594.3
1709856000000,3.236,3.318,3.216,3.224,97402.7
1709870400000,3.224,3.257,3.202,3.203,74551.4
1709884800000,3.203,3.259,3.201,3.231,67274.7
1709899200000,3.231,3.26,3.058,3.075,218102.8
1709913600000,3.075,3.176,3.007,3.1,179915.4
1709928000000,3.1,3.115,3.074,3.083,46679.0
1709942400000,3.083,3.094,3.048,3.083,87840.7
1709956800000,3.083,3.142,3.075,3.128,87114.6
1709971200000,3.128,3.199,3.055,3.174,177770.4
1709985600000,3.174,3.249,3.16,3.196,158291.0
1710000000000,3.196,3.197,3.124,3.126,74045.0
1710014400000,3.126,3.146,3.102,3.115,77206.3
1710028800000,3.115,3.167,3.099,3.126,102979.4
1710043200000,3.126,3.138,3.098,3.115,72033.5
1710057600000,3.115,3.134,3.039,3.053,119185.2
1710072000000,3.053,3.066,2.951,2.994,143178.1
1710086400000,2.994,3.025,2.99,3.011,82740.8
1710100800000,3.011,3.022,2.926,3.019,65935.9
1710115200000,3.019,3.028,2.856,3.015,177103.5
1710129600000,3.015,3.129,2.974,3.119,140354.7
1710144000000,3.119,3.173,3.092,3.121,144556.7
1710158400000,3.121,3.148,3.066,3.068,136916.2
1710172800000,3.068,3.134,3.037,3.103,119238.5
1710187200000,3.103,3.148,3.084,3.135,103203.3
1710201600000,3.135,3.157,3.089,3.09,102345.0
1710216000000,3.09,3.107,2.972,2.988,184135.7
1710230400000,2.988,3.009,2.912,2.962,134062.7
1710244800000,2.962,3.083,2.903,3.03,223241.5
1710259200000,3.03,3.054,2.853,3.026,207291.0
1710273600000,3.026,3.034,2.973,3.027,53000.6
1710288000000,3.027,3.076,3.009,3.071,85414.6
1710302400000,3.071,3.239,3.036,3.214,261702.2
1710316800000,3.214,3.233,3.086,3.093,251996.1
1710331200000,3.093,3.106,2.954,2.976,184678.3
1710345600000,2.976,3.05,2.961,3.015,84245.7
1710360000000,3.015,3.029,2.967,3.003,110556.9
1710374400000,3.003,3.022,2.97,2.979,71697.6
1710388800000,2.979,2.982,2.903,2.921,117562.0
1710403200000,2.921,2.945,2.866,2.891,138138.4
1710417600000,2.891,2.905,2.753,2.777,277338.5
1710432000000,2.777,2.842,2.698,2.768,157573.1
1710446400000,2.768,2.88,2.766,2.872,94176.3
1710460800000,2.872,2.915,2.582,2.707,308908.1
1710475200000,2.707,2.761,2.633,2.735,255026.2
1710489600000,2.735,2.74,2.512,2.635,272854.9
1710504000000,2.635,2.676,2.604,2.643,122114.0
1710518400000,2.643,2.772,2.623,2.682,126366.3
1710532800000,2.682,2.739,2.618,2.737,64878.1
1710547200000,2.737,2.814,2.733,2.811,130155.1
1710561600000,2.811,2.825,2.748,2.821,113106.2
1710576000000,2.821,2.821,2.733,2.766,81863.1
1710590400000,2.766,2.774,2.638,2.695,151937.2
1710604800000,2.695,2.696,2.444,2.486,204699.2
1710619200000,2.486,2.535,2.44,2.519,138284.0
1710633600000,2.519,2.589,2.492,2.585,95153.7
1710648000000,2.585,2.59,2.426,2.5,113143.7
1710662400000,2.5,2.667,2.49,2.628,143854.6
1710676800000,2.628,2.822,2.601,2.797,277540.0
1710691200000,2.797,2.808,2.735,2.771,95869.4
1710705600000,2.771,2.822,2.766,2.794,75565.5
1710720000000,2.794,2.795,2.695,2.74,80937.3
1710734400000,2.74,2.8,2.723,2.772,72184.2
1710748800000,2.772,2.773,2.635,2.673,182501.8
1710763200000,2.673,2.683,2.547,2.59,168285.2
1710777600000,2.59,2.648,2.533,2.551,115893.9
1710792000000,2.551,2.628,2.551,2.59,99019.5
1710806400000,2.59,2.617,2.409,2.48,226915.5
1710820800000,2.48,2.494,2.325,2.436,273289.6
1710835200000,2.436,2.444,2.304,2.439,214600.4
1710849600000,2.439,2.53,2.419,2.522,212650.6
1710864000000,2.522,2.591,2.487,2.581,130630.4
1710878400000,2.581,2.59,2.355,2.412,206064.2
1710892800000,2.412,2.515,2.383,2.406,151242.2
1710907200000,2.406,2.513,2.319,2.504,185491.9
1710921600000,2.504,2.58,2.469,2.574,147660.0
1710936000000,2.574,2.788,2.556,2.631,534870.8
1710950400000,2.631,2.722,2.522,2.691,264801.2
1710964800000,2.691,2.823,2.684,2.761,200742.1
1710979200000,2.761,2.86,2.74,2.777,210268.0
1710993600000,2.777,2.792,2.701,2.749,152678.9
1711008000000,2.749,2.841,2.746,2.8,240297.6
1711022400000,2.8,3.043,2.8,2.934,590688.4
1711036800000,2.934,3.198,2.918,3.001,480253.8
1711051200000,3.001,3.104,2.962,3.063,189056.4
1711065600000,3.063,3.15,2.978,3.088,225045.7
1711080000000,3.088,3.336,3.062,3.203,600435.3
1711094400000,3.203,3.203,3.015,3.028,290079.4
1711108800000,3.028,3.061,2.884,2.983,369221.6
1711123200000,2.983,3.026,2.907,3.015,165413.4
1711137600000,3.015,3.095,2.965,3.083,162863.2
1711152000000,3.083,3.531,3.019,3.453,767909.6
1711166400000,3.453,3.644,3.364,3.618,551334.6
1711180800000,3.618,3.685,3.45,3.46,507838.2
1711195200000,3.46,3.755,3.451,3.678,571847.9
1711209600000,3.678,3.698,3.535,3.593,310919.4
1711224000000,3.593,3.603,3.448,3.461,228418.0
1711238400000,3.461,3.572,3.424,3.489,300724.8
1711252800000,3.489,3.537,3.437,3.528,211976.5
1711267200000,3.528,3.693,3.523,3.687,295516.0
1711281600000,3.687,3.746,3.471,3.484,312425.6
1711296000000,3.484,3.583,3.455,3.506,159319.5
1711310400000,3.506,3.567,3.471,3.561,204189.7
1711324800000,3.561,3.747,3.509,3.742,174408.1
1711339200000,3.742,4.181,3.741,4.069,932290.8
1711353600000,4.069,4.11,3.797,3.811,401589.8
1711368000000,3.811,3.975,3.79,3.951,428663.5
1711382400000,3.951,4.003,3.912,3.947,192093.2
1711396800000,3.947,4.045,3.915,4.005,219215.7
1711411200000,4.005,4.016,3.901,3.91,263120.3
1711425600000,3.91,3.94,3.853,3.914,219123.2
1711440000000,3.914,3.983,3.89,3.936,171192.1
1711454400000,3.936,4.322,3.888,4.236,637207.8
1711468800000,4.236,4.257,3.931,3.936,344753.7
1711483200000,3.936,4.122,3.926,4.036,154886.5
1711497600000,4.036,4.378,4.006,4.253,417910.9
1711512000000,4.253,4.266,3.94,3.955,334242.2
1711526400000,3.955,3.981,3.854,3.918,291229.4
1711540800000,3.918,4.323,3.917,4.121,755714.3
1711555200000,4.121,4.324,4.052,4.131,440662.1
1711569600000,4.131,4.259,4.123,4.162,195006.7
1711584000000,4.162,4.243,4.065,4.101,213943.3
1711598400000,4.101,4.281,4.055,4.227,216528.3
1711612800000,4.227,4.323,4.056,4.074,291754.7
1711627200000,4.074,4.101,3.982,4.101,271949.0
1711641600000,4.101,4.143,4.047,4.128,113860.7
1711656000000,4.128,4.176,4.099,4.137,79811.4
1711670400000,4.137,4.281,4.12,4.147,201745.2
1711684800000,4.147,4.448,4.138,4.184,475446.6
1711699200000,4.184,4.337,4.157,4.193,340083.6
1711713600000,4.193,4.352,4.188,4.306,353181.7
1711728000000,4.306,4.541,4.306,4.518,503314.8
1711742400000,4.518,4.554,4.388,4.397,216800.4
1711756800000,4.397,4.476,4.372,4.413,149745.4
1711771200000,4.413,4.572,4.402,4.48,193048.6
1711785600000,4.48,4.729,4.472,4.719,287069.0
1711800000000,4.719,4.746,4.47,4.474,283449.3
1711814400000,4.474,4.69,4.45,4.573,252737.4
1711828800000,4.573,4.602,4.53,4.559,72771.0
1711843200000,4.559,4.701,4.511,4.62,200094.2
1711857600000,4.62,4.967,4.613,4.961,544933.3
1711872000000,4.961,5.172,4.946,4.998,596569.9
1711886400000,4.998,5.352,4.965,5.285,737309.6
1711900800000,5.285,5.355,5.171,5.264,382315.3
1711915200000,5.264,5.533,5.19,5.503,330901.0
1711929600000,5.503,5.692,5.204,5.229,623852.5
1711944000000,5.229,5.79,5.165,5.711,832400.5
1711958400000,5.711,5.767,5.427,5.489,474564.1
1711972800000,5.489,5.5,5.154,5.223,447422.1
1711987200000,5.223,5.438,5.198,5.276,300374.6
1712001600000,5.276,5.552,5.244,5.33,243669.9
1712016000000,5.33,5.426,4.852,5.28,707825.6
1712030400000,5.28,5.455,5.152,5.324,317679.7
1712044800000,5.324,5.364,4.712,4.901,455354.7
1712059200000,4.901,5.303,4.893,5.159,471378.7
1712073600000,5.159,5.489,5.096,5.464,226230.8
1712088000000,5.464,5.466,5.187,5.237,206047.1
1712102400000,5.237,5.295,4.959,5.108,283109.4
1712116800000,5.108,5.108,4.912,5.051,199699.7
1712131200000,5.051,5.149,5.009,5.089,162853.4
1712145600000,5.089,5.151,4.909,4.953,257125.9
1712160000000,4.953,4.979,4.648,4.673,230409.1
1712174400000,4.673,4.97,4.641,4.861,198257.3
1712188800000,4.861,5.003,4.801,4.974,101356.3
1712203200000,4.974,5.066,4.863,5.029,59941.0
1712217600000,5.029,5.389,4.912,5.388,74333.6
1712232000000,5.388,5.598,5.153,5.588,124118.9
1712246400000,5.588,6.665,5.522,6.415,512528.1
1712260800000,6.415,6.454,6.047,6.248,182617.4
1712275200000,6.248,6.439,6.129,6.289,168098.8
1712289600000,6.289,6.407,6.069,6.256,132163.3
1712304000000,6.256,6.375,5.587,5.589,248539.4
1712318400000,5.589,6.197,5.565,6.077,196961.7
1712332800000,6.077,6.255,5.766,5.889,122036.1
1712347200000,5.889,6.066,5.872,5.96,42751.8
1712361600000,5.96,6.217,5.96,6.039,83012.9
1712376000000,6.039,7.202,6.039,7.14,281202.8
1712390400000,7.14,7.239,7.032,7.057,157372.1
1712404800000,7.057,7.293,6.947,6.957,192858.4
1712419200000,6.957,7.021,6.599,6.601,128955.4
1712433600000,6.601,6.728,6.449,6.455,78110.6
1712448000000,6.455,6.83,6.455,6.537,125328.9
1712462400000,6.537,6.691,6.482,6.536,84594.5
1712476800000,6.536,6.639,6.493,6.562,55877.4
1712491200000,6.562,6.752,6.513,6.732,94212.3
1712505600000,6.732,6.737,6.368,6.465,69290.4
1712520000000,6.465,6.747,6.46,6.729,42916.9
1712534400000,6.729,7.335,6.663,6.811,211324.8
1712548800000,6.811,6.886,6.396,6.439,157163.7
1712563200000,6.439,6.749,6.417,6.522,129968.3
1712577600000,6.522,6.701,6.434,6.462,130322.3
1712592000000,6.462,6.599,6.405,6.426,58419.4
1712606400000,6.426,6.511,6.402,6.46,44841.9
1712620800000,6.46,6.968,6.454,6.927,158855.8
1712635200000,6.927,6.931,6.286,6.465,108323.1
1712649600000,6.465,6.481,6.146,6.186,87809.1
1712664000000,6.186,6.316,6.082,6.306,99982.1
1712678400000,6.306,6.548,6.258,6.545,80292.7
1712692800000,6.545,6.83,6.495,6.526,85912.3
1712707200000,6.526,6.718,6.429,6.718,94986.7
1712721600000,6.718,6.842,6.441,6.442,84959.9
1712736000000,6.442,6.447,6.181,6.258,81639.5
1712750400000,6.258,6.669,6.181,6.545,182814.4
1712764800000,6.545,7.084,6.481,6.829,144560.7
1712779200000,6.829,7.025,6.725,6.989,70777.9
1712793600000,6.989,7.191,6.891,7.136,126824.0
1712808000000,7.136,7.481,7.046,7.386,128640.7
1712822400000,7.386,7.535,7.268,7.277,151028.4
1712836800000,7.277,7.491,7.193,7.35,132527.3
1712851200000,7.35,7.36,6.795,6.801,129262.8
1712865600000,6.801,6.904,6.721,6.726,78610.9
1712880000000,6.726,6.959,6.711,6.915,68287.7
1712894400000,6.915,6.922,6.635,6.775,78326.2
1712908800000,6.775,6.859,6.668,6.669,55445.5
1712923200000,6.669,6.673,6.236,6.484,132439.4
1712937600000,6.484,6.538,5.55,6.135,277044.1
1712952000000,6.135,6.351,6.021,6.022,77687.7
1712966400000,6.022,6.309,5.791,6.222,111199.8
1712980800000,6.222,6.597,6.222,6.293,90240.7
1712995200000,6.293,6.342,6.028,6.061,65195.4
1713009600000,6.061,6.415,6.03,6.257,93039.4
1713024000000,6.257,6.303,5.249,5.413,168902.9
1713038400000,5.413,6.106,4.916,5.883,308146.9
1713052800000,5.883,5.908,5.356,5.522,115914.5
1713067200000,5.522,5.882,5.479,5.726,97227.5
1713081600000,5.726,5.767,5.516,5.594,80081.6
1713096000000,5.594,5.855,5.532,5.829,87748.2
1713110400000,5.829,6.329,5.809,6.229,175309.1
1713124800000,6.229,6.88,6.072,6.826,88010.9
1713139200000,6.826,6.827,6.578,6.683,74796.9
1713153600000,6.683,6.925,6.545,6.704,89591.5
1713168000000,6.704,6.878,6.548,6.766,71390.7
1713182400000,6.766,7.15,6.613,6.911,146571.9
1713196800000,6.911,7.058,6.437,6.616,160163.1
1713211200000,6.616,6.706,6.393,6.495,73792.6
1713225600000,6.495,6.715,6.362,6.431,63581.3
1713240000000,6.431,6.487,6.197,6.221,84442.2
1713254400000,6.221,6.232,5.936,6.07,83112.9
1713268800000,6.07,6.093,5.792,5.799,69958.6
1713283200000,5.799,6.28,5.742,5.903,115499.5
1713297600000,5.903,6.227,5.865,5.95,79590.1
1713312000000,5.95,6.119,5.87,6.055,69940.1
1713326400000,6.055,6.254,6.016,6.136,51261.6
1713340800000,6.136,6.249,5.996,6.0,45061.0
1713355200000,6.0,6.241,5.868,5.901,124175.4
1713369600000,5.901,6.47,5.85,6.168,104893.8
1713384000000,6.168,6.246,6.009,6.018,38771.4
1713398400000,6.018,6.223,5.929,6.154,42514.0
1713412800000,6.154,6.176,5.868,5.91,42014.3
1713427200000,5.91,6.176,5.851,6.079,45996.0
1713441600000,6.079,6.282,5.964,6.161,51529.1
1713456000000,6.161,6.186,5.894,5.991,38415.4
1713470400000,5.991,5.995,5.87,5.947,31211.2
1713484800000,5.947,5.947,5.481,5.808,108710.6
1713499200000,5.808,6.059,5.724,5.899,77090.7
1713513600000,5.899,6.0,5.864,5.945,51843.5
1713528000000,5.945,5.989,5.791,5.871,69255.5
1713542400000,5.871,5.881,5.766,5.846,33244.4
1713556800000,5.846,5.847,5.621,5.712,26609.8
1713571200000,5.712,5.893,5.655,5.757,45622.6
1713585600000,5.757,5.867,5.712,5.854,26757.6
1713600000000,5.854,5.967,5.804,5.871,36421.6
1713614400000,5.871,5.979,5.827,5.951,36975.2
1713628800000,5.951,6.122,5.91,6.064,39622.7
1713643200000,6.064,6.293,6.048,6.291,43287.0
1713657600000,6.291,6.45,6.181,6.188,78490.4
1713672000000,6.188,6.202,6.045,6.08,28813.4
1713686400000,6.08,6.135,6.021,6.05,30772.0
1713700800000,6.05,6.056,5.861,5.91,43727.6
1713715200000,5.91,5.935,5.783,5.907,34365.0
1713729600000,5.907,5.983,5.87,5.891,23132.7
1713744000000,5.891,5.981,5.813,5.914,40530.1
1713758400000,5.914,6.127,5.892,5.997,46619.7
1713772800000,5.997,6.429,5.957,6.234,80467.8
1713787200000,6.234,6.847,6.232,6.7,168614.1
1713801600000,6.7,6.71,6.46,6.531,37902.0
1713816000000,6.531,6.701,6.473,6.654,41397.5
1713830400000,6.654,6.84,6.632,6.66,80613.8
1713844800000,6.66,6.689,6.357,6.394,55760.4
1713859200000,6.394,6.652,6.365,6.626,50221.7
1713873600000,6.626,6.757,6.515,6.568,72061.6
1713888000000,6.568,6.679,6.541,6.639,25436.8
1713902400000,6.639,6.643,6.456,6.494,26122.6
1713916800000,6.494,6.632,6.314,6.332,59873.8
1713931200000,6.332,6.437,6.206,6.219,48604.0
1713945600000,6.219,6.382,6.179,6.358,37930.8
1713960000000,6.358,6.412,6.119,6.177,81604.3
1713974400000,6.177,6.269,6.108,6.184,32977.7
1713988800000,6.184,6.323,6.131,6.287,40935.8
1714003200000,6.287,6.349,6.007,6.063,47600.6
1714017600000,6.063,6.176,5.983,6.059,23187.2
1714032000000,6.059,6.081,5.884,5.943,36195.6
1714046400000,5.943,6.074,5.89,6.04,35902.9
1714060800000,6.04,6.067,5.971,6.018,21439.2
1714075200000,6.018,6.1,5.912,5.913,29009.6
1714089600000,5.913,5.913,5.619,5.758,67191.4
1714104000000,5.758,5.813,5.679,5.715,30043.2
1714118400000,5.715,5.785,5.635,5.657,33418.6
1714132800000,5.657,5.705,5.443,5.551,68340.8
1714147200000,5.551,5.583,5.357,5.404,44756.8
1714161600000,5.404,5.472,5.338,5.38,40946.2
1714176000000,5.38,5.506,5.275,5.393,63482.1
1714190400000,5.393,5.462,5.3,5.397,30194.1
1714204800000,5.397,5.481,5.342,5.396,25358.7
1714219200000,5.396,5.492,5.307,5.334,30259.9
1714233600000,5.334,5.657,5.314,5.416,79786.4
1714248000000,5.416,5.495,5.399,5.476,18695.3
1714262400000,5.476,5.652,5.454,5.567,40604.4
1714276800000,5.567,5.753,5.524,5.75,31719.7
1714291200000,5.75,5.768,5.53,5.572,34745.8
1714305600000,5.572,5.667,5.533,5.623,24285.3
1714320000000,5.623,5.702,5.579,5.641,21844.8
1714334400000,5.641,5.666,5.435,5.457,26560.1
1714348800000,5.457,5.571,5.33,5.334,34540.4
1714363200000,5.334,5.418,5.209,5.267,36104.6
1714377600000,5.267,5.284,5.149,5.187,35670.8
1714392000000,5.187,5.292,5.147,5.217,34554.0
1714406400000,5.217,5.236,4.534,4.948,309798.8
1714420800000,4.948,5.033,4.812,4.859,104306.3
1714435200000,4.859,4.964,4.574,4.631,122724.1
1714449600000,4.631,4.635,4.251,4.491,218755.0
1714464000000,4.491,4.548,4.309,4.318,115824.8
1714478400000,4.318,4.466,4.203,4.265,100761.1
1714492800000,4.265,4.333,4.116,4.22,101709.7
1714507200000,4.22,4.338,4.153,4.228,83514.3
1714521600000,4.228,4.28,4.056,4.247,61850.7
1714536000000,4.247,4.292,4.037,4.156,102183.1
1714550400000,4.156,4.346,4.084,4.17,85876.3
1714564800000,4.17,4.225,4.093,4.112,72322.7
1714579200000,4.112,4.447,4.055,4.22,103100.0
1714593600000,4.22,4.352,4.167,4.302,48302.7
1714608000000,4.302,4.319,4.145,4.243,37367.2
1714622400000,4.243,4.381,4.222,4.225,39817.4
1714636800000,4.225,4.424,4.215,4.417,43565.7
1714651200000,4.417,4.535,4.333,4.473,64788.4
1714665600000,4.473,4.509,4.404,4.508,34175.3
1714680000000,4.508,4.642,4.477,4.54,36905.3
1714694400000,4.54,4.757,4.499,4.676,55430.8
1714708800000,4.676,4.715,4.536,4.536,30350.4
1714723200000,4.536,4.81,4.531,4.66,63339.7
1714737600000,4.66,4.91,4.65,4.865,93441.8
1714752000000,4.865,5.244,4.857,5.032,139624.9
1714766400000,5.032,5.119,5.008,5.027,46895.7
1714780800000,5.027,5.161,5.02,5.088,46101.9
1714795200000,5.088,5.138,5.026,5.056,26975.7
1714809600000,5.056,5.164,4.996,5.046,42418.2
1714824000000,5.046,5.174,5.034,5.139,48904.3
1714838400000,5.139,5.158,5.06,5.148,21656.7
1714852800000,5.148,5.174,5.069,5.084,17736.0
1714867200000,5.084,5.107,4.931,5.015,38539.0
1714881600000,5.015,5.088,4.991,5.048,19180.9
1714896000000,5.048,5.275,5.016,5.24,47050.2
1714910400000,5.24,5.242,5.076,5.126,52814.3
1714924800000,5.126,5.147,5.024,5.045,30494.8
1714939200000,5.045,5.097,5.03,5.05,26873.8
1714953600000,5.05,5.121,4.966,5.019,30162.5
1714968000000,5.019,5.189,5.006,5.184,26411.3
1714982400000,5.184,5.407,5.107,5.126,98337.6
1714996800000,5.126,5.147,4.855,4.949,79291.4
1715011200000,4.949,5.004,4.884,4.944,32397.7
1715025600000,4.944,5.092,4.934,4.992,27838.2
1715040000000,4.992,5.116,4.955,5.023,40407.9
1715054400000,5.023,5.089,4.965,4.991,28071.9
1715068800000,4.991,5.049,4.895,4.9,41554.3
1715083200000,4.9,4.998,4.851,4.94,37075.7
1715097600000,4.94,4.954,4.813,4.869,20729.7
1715112000000,4.869,4.894,4.713,4.713,24607.5
1715126400000,4.713,4.868,4.689,4.826,28554.5
1715140800000,4.826,4.867,4.74,4.798,20997.0
1715155200000,4.798,4.86,4.751,4.821,24463.8
1715169600000,4.821,4.949,4.787,4.829,47110.5
1715184000000,4.829,4.877,4.763,4.797,24361.6
1715198400000,4.797,4.826,4.561,4.63,50789.2
1715212800000,4.63,4.687,4.605,4.684,20260.5
1715227200000,4.684,4.739,4.589,4.593,21799.2
1715241600000,4.593,4.624,4.454,4.507,39841.9
1715256000000,4.507,4.644,4.507,4.625,45164.8
1715270400000,4.625,4.686,4.577,4.66,28352.0
1715284800000,4.66,4.726,4.57,4.647,39201.3
1715299200000,4.647,4.701,4.576,4.672,32887.4
1715313600000,4.672,4.758,4.629,4.747,25981.6
1715328000000,4.747,4.753,4.676,4.741,16374.7
1715342400000,4.741,4.751,4.4,4.431,62467.7
1715356800000,4.431,4.458,4.33,4.381,38267.4
1715371200000,4.381,4.411,4.315,4.349,25567.2
1715385600000,4.349,4.47,4.343,4.411,28606.1
1715400000000,4.411,4.485,4.41,4.484,10269.9
1715414400000,4.484,4.5,4.383,4.406,13643.0
1715428800000,4.406,4.47,4.382,4.427,31461.5
1715443200000,4.427,4.449,4.399,4.412,12001.9
1715457600000,4.412,4.412,4.33,4.343,11501.1
1715472000000,4.343,4.379,4.328,4.34,6629.3
1715486400000,4.34,4.385,4.299,4.313,7756.5
1715500800000,4.313,4.38,4.308,4.316,9788.4
1715515200000,4.316,4.374,4.312,4.36,11763.9
1715529600000,4.36,4.403,4.236,4.267,28786.9
1715544000000,4.267,4.268,4.196,4.207,14531.7
1715558400000,4.207,4.222,3.997,4.06,45923.0
1715572800000,4.06,4.061,3.992,4.048,60424.7
1715587200000,4.048,4.13,3.888,3.969,71095.0
1715601600000,3.969,4.043,3.915,3.979,73353.0
1715616000000,3.979,4.056,3.851,3.967,41963.0
1715630400000,3.967,3.999,3.92,3.932,18919.5
1715644800000,3.932,4.054,3.914,3.934,36412.8
1715659200000,3.934,3.985,3.828,3.929,34976.1
1715673600000,3.929,4.054,3.896,3.986,55804.1
1715688000000,3.986,4.014,3.844,3.889,53523.9
1715702400000,3.889,3.987,3.84,3.935,63937.5
1715716800000,3.935,3.978,3.877,3.878,28347.5
1715731200000,3.878,4.024,3.878,4.01,37861.4
1715745600000,4.01,4.142,3.982,4.132,94185.4
1715760000000,4.132,4.143,4.04,4.111,92432.4
1715774400000,4.111,4.414,4.062,4.369,195013.7
1715788800000,4.369,4.501,4.317,4.487,62941.0
1715803200000,4.487,4.495,4.397,4.416,46560.2
1715817600000,4.416,4.43,4.285,4.329,50267.6
1715832000000,4.329,4.466,4.293,4.434,34943.6
1715846400000,4.434,4.47,4.354,4.446,50379.2
1715860800000,4.446,4.446,4.089,4.143,78492.9
1715875200000,4.143,4.276,4.105,4.249,34580.8
1715889600000,4.249,4.276,4.229,4.256,15412.4
1715904000000,4.256,4.335,4.24,4.309,25240.6
1715918400000,4.309,4.558,4.298,4.524,40951.2
1715932800000,4.524,4.726,4.523,4.706,76758.9
1715947200000,4.706,4.895,4.673,4.813,133348.6
1715961600000,4.813,4.873,4.702,4.794,54248.4
1715976000000,4.794,4.852,4.704,4.737,36770.9
1715990400000,4.737,4.949,4.715,4.926,62561.5
1716004800000,4.926,5.015,4.91,4.977,49800.2
1716019200000,4.977,4.999,4.921,4.969,39632.4
1716033600000,4.969,4.984,4.89,4.976,38381.2
1716048000000,4.976,4.981,4.912,4.968,18410.8
1716062400000,4.968,5.054,4.936,5.036,31899.5
1716076800000,5.036,5.068,4.947,5.029,25597.3
1716091200000,5.029,5.063,4.806,4.876,52942.3
1716105600000,4.876,4.937,4.794,4.821,32320.1
1716120000000,4.821,4.833,4.699,4.732,35838.3
1716134400000,4.732,4.774,4.651,4.714,25501.7
1716148800000,4.714,4.85,4.713,4.812,18983.0
1716163200000,4.812,5.144,4.785,5.081,64995.3
1716177600000,5.081,5.361,5.067,5.23,115066.5
1716192000000,5.23,5.389,5.207,5.324,95901.8
1716206400000,5.324,5.543,5.256,5.531,83807.2
1716220800000,5.531,5.945,5.508,5.927,147270.9
1716235200000,5.927,6.138,5.816,6.022,154588.0
1716249600000,6.022,6.323,5.796,6.218,162078.4
1716264000000,6.218,6.238,6.024,6.147,77784.5
1716278400000,6.147,6.412,6.129,6.219,100353.4
1716292800000,6.219,6.463,6.039,6.298,123424.7
1716307200000,6.298,6.535,6.184,6.237,126945.1
1716321600000,6.237,6.497,6.229,6.42,68864.2
1716336000000,6.42,6.439,6.268,6.355,48056.9
1716350400000,6.355,6.398,6.054,6.085,59639.6
1716364800000,6.085,6.099,5.92,5.979,86521.2
1716379200000,5.979,6.075,5.835,6.031,82203.0
1716393600000,6.031,6.093,5.944,5.991,37559.5
1716408000000,5.991,6.059,5.945,6.016,26256.0
1716422400000,6.016,6.173,5.974,6.091,41444.7
1716436800000,6.091,6.356,6.002,6.301,59379.8
1716451200000,6.301,6.348,6.159,6.285,59745.0
1716465600000,6.285,6.559,5.959,6.18,177696.1
1716480000000,6.18,6.322,5.907,6.177,62694.1
1716494400000,6.177,6.639,5.854,6.21,164698.7
1716508800000,6.21,6.607,6.109,6.547,62632.3
1716523200000,6.547,6.647,6.103,6.155,77223.2
1716537600000,6.155,6.238,5.974,6.181,62033.9
1716552000000,6.181,6.489,6.167,6.391,73357.3
1716566400000,6.391,6.602,6.26,6.591,53310.5
1716580800000,6.591,6.744,6.481,6.696,39876.6
1716595200000,6.696,7.171,6.653,7.149,94902.7
1716609600000,7.149,7.248,6.851,6.943,78040.9
1716624000000,6.943,6.975,6.804,6.923,53184.1
1716638400000,6.923,6.928,6.732,6.806,39332.6
1716652800000,6.806,6.816,6.677,6.69,22475.6
1716667200000,6.69,6.738,6.663,6.712,11499.5
1716681600000,6.712,6.787,6.678,6.731,33801.3
1716696000000,6.731,6.858,6.677,6.854,17573.3
1716710400000,6.854,6.931,6.792,6.896,25348.7
1716724800000,6.896,6.977,6.59,6.768,80769.2
1716739200000,6.768,6.941,6.755,6.926,28521.2
1716753600000,6.926,6.939,6.718,6.759,15086.6
1716768000000,6.759,6.97,6.726,6.945,34358.9
1716782400000,6.945,6.993,6.83,6.922,40491.9
1716796800000,6.922,7.184,6.916,6.973,61976.7
1716811200000,6.973,7.145,6.797,6.897,76634.1
1716825600000,6.897,6.921,6.673,6.752,32923.4
1716840000000,6.752,7.018,6.748,6.879,33874.8
1716854400000,6.879,7.004,6.774,6.834,40181.3
1716868800000,6.834,7.054,6.708,6.839,53361.4
1716883200000,6.839,6.943,6.761,6.78,85781.2
1716897600000,6.78,6.841,6.585,6.591,69709.0
1716912000000,6.591,6.611,6.339,6.593,101633.3
1716926400000,6.593,6.658,6.545,6.558,24554.2
1716940800000,6.558,6.66,6.458,6.474,38116.7
1716955200000,6.474,6.514,6.375,6.378,59802.8
1716969600000,6.378,6.401,6.243,6.289,44534.3
1716984000000,6.289,6.349,6.155,6.217,51781.8
1716998400000,6.217,6.271,6.177,6.243,19292.8
1717012800000,6.243,6.286,6.219,6.231,15957.4
1717027200000,6.231,6.312,6.221,6.257,15915.0
1717041600000,6.257,6.27,6.072,6.11,37108.2
1717056000000,6.11,6.228,6.095,6.162,27176.8
1717070400000,6.162,6.348,6.157,6.298,44626.3
1717084800000,6.298,6.477,6.282,6.345,34769.8
1717099200000,6.345,6.345,6.243,6.256,14201.1
1717113600000,6.256,6.291,6.189,6.19,16588.0
1717128000000,6.19,6.212,6.121,6.18,14739.9
1717142400000,6.18,6.399,6.12,6.351,20298.2
1717156800000,6.351,6.466,6.201,6.206,47854.3
1717171200000,6.206,6.356,6.141,6.322,24334.2
1717185600000,6.322,6.373,6.165,6.175,14727.4
1717200000000,6.175,6.224,6.164,6.184,9525.7
1717214400000,6.184,6.188,6.113,6.117,16130.0
1717228800000,6.117,6.224,6.115,6.154,15491.0
1717243200000,6.154,6.279,6.14,6.226,12646.8
1717257600000,6.226,6.312,6.222,6.237,14107.4
1717272000000,6.237,6.246,6.02,6.094,48979.7
1717286400000,6.094,6.182,6.081,6.114,18066.4
1717300800000,6.114,6.116,6.004,6.008,15421.8
1717315200000,6.008,6.077,5.97,6.074,20854.1
1717329600000,6.074,6.102,5.918,5.969,24175.4
1717344000000,5.969,5.993,5.869,5.887,20704.3
1717358400000,5.887,5.908,5.834,5.85,11933.8
1717372800000,5.85,5.954,5.826,5.863,18039.8
1717387200000,5.863,6.303,5.853,6.279,57243.4
1717401600000,6.279,6.386,6.149,6.176,45056.6
1717416000000,6.176,6.272,6.045,6.14,34673.8
1717430400000,6.14,6.168,6.056,6.163,12209.6
1717444800000,6.163,6.188,6.05,6.054,10036.9
1717459200000,6.054,6.255,6.014,6.237,26403.8
1717473600000,6.237,6.255,6.118,6.145,21484.0
1717488000000,6.145,6.2,6.082,6.094,15376.0
1717502400000,6.094,6.247,6.056,6.228,25618.4
1717516800000,6.228,6.336,6.191,6.203,38050.4
1717531200000,6.203,6.208,6.116,6.126,19591.7
1717545600000,6.126,6.198,6.061,6.094,30981.1
1717560000000,6.094,6.172,6.062,6.147,15521.1
1717574400000,6.147,6.147,6.062,6.091,13387.4
1717588800000,6.091,6.122,6.031,6.115,14391.1
1717603200000,6.115,6.212,6.061,6.203,22448.2
1717617600000,6.203,6.228,6.094,6.167,9549.2
1717632000000,6.167,6.333,6.163,6.218,24278.7
1717646400000,6.218,6.222,6.032,6.08,25049.7
1717660800000,6.08,6.086,5.935,5.948,28515.6
1717675200000,5.948,5.989,5.915,5.946,20258.2
1717689600000,5.946,5.982,5.87,5.871,13270.0
1717704000000,5.871,5.977,5.831,5.941,15244.9
1717718400000,5.941,5.955,5.857,5.912,16909.7
1717732800000,5.912,5.976,5.902,5.944,11818.1
1717747200000,5.944,5.975,5.868,5.97,13425.6
1717761600000,5.97,5.994,5.747,5.774,70247.9
1717776000000,5.774,5.82,4.857,5.378,101910.9
1717790400000,5.378,5.513,5.323,5.503,30359.1
1717804800000,5.503,5.611,5.495,5.58,18772.0
1717819200000,5.58,5.595,5.503,5.568,14189.7
1717833600000,5.568,5.568,5.435,5.46,15162.7
1717848000000,5.46,5.594,5.417,5.519,38201.8
1717862400000,5.519,5.566,5.444,5.492,25781.4
1717876800000,5.492,5.519,5.411,5.414,11752.9
1717891200000,5.414,5.433,5.332,5.37,18669.4
1717905600000,5.37,5.414,5.286,5.338,28058.4
1717920000000,5.338,5.391,5.328,5.366,8995.2
1717934400000,5.366,5.438,5.321,5.337,18581.3
1717948800000,5.337,5.381,5.316,5.359,8001.7
1717963200000,5.359,5.372,5.312,5.358,8483.7
1717977600000,5.358,5.358,5.271,5.281,12155.2
1717992000000,5.281,5.322,5.224,5.234,20912.1
1718006400000,5.234,5.39,5.231,5.37,18498.3
1718020800000,5.37,5.528,5.279,5.496,25772.7
1718035200000,5.496,5.509,5.245,5.245,25457.3
1718049600000,5.245,5.28,5.193,5.224,13941.2
1718064000000,5.224,5.262,5.075,5.128,30157.8
1718078400000,5.128,5.142,5.022,5.083,21632.3
1718092800000,5.083,5.228,5.071,5.135,25152.1
1718107200000,5.135,5.195,4.945,4.966,48710.1
1718121600000,4.966,5.019,4.776,4.965,61627.0
1718136000000,4.965,4.986,4.904,4.932,14492.2
1718150400000,4.932,4.966,4.806,4.928,27880.4
1718164800000,4.928,5.005,4.892,4.96,18517.6
1718179200000,4.96,5.253,4.954,5.16,58604.8
1718193600000,5.16,5.649,5.15,5.557,82616.6
1718208000000,5.557,5.594,5.267,5.3,65721.2
1718222400000,5.3,5.53,5.26,5.49,22783.5
1718236800000,5.49,5.49,5.133,5.201,41231.7
1718251200000,5.201,5.258,5.159,5.249,22557.4
1718265600000,5.249,5.253,5.098,5.108,25575.6
1718280000000,5.108,5.232,4.917,4.939,54684.3
1718294400000,4.939,5.024,4.902,4.998,20214.8
1718308800000,4.998,5.01,4.924,4.961,11301.1
1718323200000,4.961,5.096,4.872,5.033,36495.0
1718337600000,5.033,5.186,5.029,5.147,20485.3
1718352000000,5.147,5.286,5.138,5.278,27962.1
1718366400000,5.278,5.326,5.032,5.038,40005.9
1718380800000,5.038,5.056,4.654,4.705,91054.7
1718395200000,4.705,5.032,4.705,4.92,32876.3
1718409600000,4.92,4.996,4.896,4.916,15935.1
1718424000000,4.916,5.131,4.897,5.114,26710.2
1718438400000,5.114,5.229,5.085,5.218,28566.5
1718452800000,5.218,5.392,5.21,5.283,33128.1
1718467200000,5.283,5.34,5.242,5.285,17387.5
1718481600000,5.285,5.356,5.227,5.345,18738.0
1718496000000,5.345,5.387,5.269,5.316,27330.0
1718510400000,5.316,5.398,5.257,5.369,25259.9
1718524800000,5.369,5.476,5.342,5.432,22727.7
1718539200000,5.432,5.602,5.395,5.593,26533.3
1718553600000,5.593,5.714,5.559,5.662,35312.4
1718568000000,5.662,5.748,5.648,5.726,18639.6
1718582400000,5.726,5.735,5.5,5.501,31024.9
1718596800000,5.501,5.59,5.388,5.39,28717.6
1718611200000,5.39,5.429,5.221,5.413,54136.6
1718625600000,5.413,5.427,5.123,5.203,52490.9
1718640000000,5.203,5.497,5.092,5.431,55044.2
1718654400000,5.431,5.44,5.221,5.224,25199.1
1718668800000,5.224,5.277,4.662,5.104,129755.4
1718683200000,5.104,5.248,5.071,5.144,50033.5
1718697600000,5.144,5.267,5.021,5.049,46771.4
1718712000000,5.049,5.102,4.841,4.935,86707.7
1718726400000,4.935,4.955,4.752,4.883,37549.7
1718740800000,4.883,5.373,4.851,5.338,69232.7
1718755200000,5.338,5.667,5.284,5.644,87485.7
1718769600000,5.644,5.798,5.627,5.746,68191.1
1718784000000,5.746,5.872,5.564,5.833,90499.9
1718798400000,5.833,5.9,5.599,5.69,89888.7
1718812800000,5.69,5.934,5.647,5.834,60042.3
1718827200000,5.834,5.942,5.765,5.829,45577.8
1718841600000,5.829,5.953,5.777,5.856,35293.5
1718856000000,5.856,6.092,5.713,5.879,94236.2
1718870400000,5.879,6.195,5.853,6.087,80626.8
1718884800000,6.087,6.149,5.746,5.843,87284.4
1718899200000,5.843,5.962,5.796,5.922,45392.4
1718913600000,5.922,5.93,5.827,5.867,15464.5
1718928000000,5.867,5.992,5.801,5.84,29627.1
1718942400000,5.84,5.963,5.77,5.793,28513.8
1718956800000,5.793,5.982,5.719,5.903,55627.5
1718971200000,5.903,5.912,5.736,5.833,53148.6
1718985600000,5.833,5.941,5.751,5.904,29109.6
1719000000000,5.904,6.099,5.893,6.081,35411.6
1719014400000,6.081,6.106,5.929,6.075,41600.6
1719028800000,6.075,6.188,6.033,6.14,28107.5
1719043200000,6.14,6.209,6.072,6.162,32525.9
1719057600000,6.162,6.274,6.119,6.216,52695.9
1719072000000,6.216,6.236,6.048,6.078,24259.3
1719086400000,6.078,6.113,6.007,6.009,17184.1
1719100800000,6.009,6.091,5.997,6.037,29839.0
1719115200000,6.037,6.239,6.03,6.231,22662.8
1719129600000,6.231,6.238,6.059,6.062,25222.7
1719144000000,6.062,6.08,5.92,5.937,43911.0
1719158400000,5.937,5.968,5.873,5.912,22607.6
1719172800000,5.912,5.912,5.668,5.67,28467.1
1719187200000,5.67,5.758,5.519,5.529,40177.1
1719201600000,5.529,5.553,5.398,5.415,52309.6
1719216000000,5.415,5.556,5.195,5.53,82809.4
1719230400000,5.53,5.725,5.487,5.525,59796.7
1719244800000,5.525,5.718,5.507,5.684,49685.6
1719259200000,5.684,6.054,5.633,6.024,58398.1
1719273600000,6.024,6.055,5.929,5.96,37374.7
1719288000000,5.96,6.008,5.761,5.77,46858.8
1719302400000,5.77,5.906,5.718,5.852,33947.7
1719316800000,5.852,5.861,5.642,5.739,67142.0
1719331200000,5.739,5.764,5.583,5.677,39687.1
1719345600000,5.677,5.715,5.596,5.652,23224.3
1719360000000,5.652,5.783,5.605,5.638,27857.4
1719374400000,5.638,5.652,5.507,5.585,30106.0
1719388800000,5.585,5.587,5.499,5.506,17620.3
1719403200000,5.506,5.573,5.406,5.471,38382.4
1719417600000,5.471,5.504,5.361,5.503,25261.0
1719432000000,5.503,5.555,5.378,5.389,16530.4
1719446400000,5.389,5.494,5.372,5.466,12965.8
1719460800000,5.466,5.477,5.287,5.306,24508.7
1719475200000,5.306,5.351,5.231,5.341,55190.8
1719489600000,5.341,5.587,5.191,5.196,110048.6
1719504000000,5.196,5.282,5.165,5.214,28467.8
1719518400000,5.214,5.286,5.198,5.276,19832.4
1719532800000,5.276,5.365,5.206,5.27,19556.2
1719547200000,5.27,5.29,5.149,5.176,13748.4
1719561600000,5.176,5.189,5.08,5.185,30677.3
1719576000000,5.185,5.326,5.125,5.215,61828.2
1719590400000,5.215,5.245,4.981,5.0,67064.7
1719604800000,5.0,5.032,4.921,4.936,18239.7
1719619200000,4.936,5.046,4.931,5.022,13973.2
1719633600000,5.022,5.146,4.997,5.106,14662.5
1719648000000,5.106,5.135,5.059,5.1,11496.9
1719662400000,5.1,5.114,5.018,5.028,15430.5
1719676800000,5.028,5.043,4.96,4.97,14594.8
1719691200000,4.97,5.006,4.937,4.967,11907.9
1719705600000,4.967,5.017,4.937,4.956,17552.7
1719720000000,4.956,5.022,4.863,5.011,29450.0
1719734400000,5.011,5.023,4.892,4.893,12916.0
1719748800000,4.893,4.967,4.856,4.945,23045.8
1719763200000,4.945,5.014,4.911,5.008,14676.8
1719777600000,5.008,5.098,4.95,5.066,24534.2
1719792000000,5.066,5.225,5.024,5.183,40584.7
1719806400000,5.183,5.206,5.063,5.089,18946.5
1719820800000,5.089,5.093,4.912,4.923,29487.5
1719835200000,4.923,4.979,4.85,4.97,29912.4
1719849600000,4.97,5.083,4.945,5.051,23556.1
1719864000000,5.051,5.056,4.949,4.986,14293.9
1719878400000,4.986,5.045,4.972,4.976,12668.4
1719892800000,4.976,4.991,4.873,4.878,17009.1
1719907200000,4.878,4.914,4.858,4.883,14820.7
1719921600000,4.883,4.886,4.423,4.442,98145.9
1719936000000,4.442,4.443,4.135,4.338,197384.9
1719950400000,4.338,4.357,4.078,4.093,94570.3
1719964800000,4.093,4.175,4.034,4.115,95791.0
1719979200000,4.115,4.161,4.061,4.105,65382.3
1719993600000,4.105,4.132,3.949,4.093,119811.4
1720008000000,4.093,4.095,3.916,3.923,101664.4
1720022400000,3.923,4.061,3.913,3.931,45708.4
1720036800000,3.931,4.136,3.931,4.134,54207.8
1720051200000,4.134,4.205,3.961,4.088,142501.5
1720065600000,4.088,4.094,3.892,3.913,55902.4
1720080000000,3.913,4.117,3.91,4.068,77399.1
1720094400000,4.068,4.117,3.95,4.099,98451.2
1720108800000,4.099,4.156,4.053,4.058,62527.3
1720123200000,4.058,4.176,3.839,3.874,65743.4
1720137600000,3.874,3.895,3.236,3.322,220533.9
1720152000000,3.322,3.587,3.237,3.512,106237.0
1720166400000,3.512,3.602,3.37,3.601,92215.7
1720180800000,3.601,3.629,3.512,3.575,85837.0
1720195200000,3.575,3.646,3.536,3.587,61438.2
1720209600000,3.587,3.61,3.517,3.531,27263.6
1720224000000,3.531,3.703,3.508,3.609,35447.6
1720238400000,3.609,3.745,3.57,3.73,36258.7
1720252800000,3.73,3.748,3.627,3.707,32281.9
1720267200000,3.707,3.901,3.679,3.869,59799.4
1720281600000,3.869,4.065,3.845,4.02,74142.5
1720296000000,4.02,4.088,3.974,4.005,38609.3
1720310400000,4.005,4.013,3.889,3.962,29344.7
1720324800000,3.962,3.964,3.786,3.836,37212.9
1720339200000,3.836,3.932,3.809,3.883,29778.3
1720353600000,3.883,3.969,3.681,3.733,75008.9
1720368000000,3.733,3.824,3.714,3.76,28282.0
1720382400000,3.76,3.777,3.581,3.596,32622.2
1720396800000,3.596,3.621,3.368,3.449,80179.7
1720411200000,3.449,3.517,3.377,3.388,73663.4
1720425600000,3.388,3.743,3.379,3.626,117143.9
1720440000000,3.626,3.646,3.37,3.416,96579.9
1720454400000,3.416,3.438,3.348,3.399,63551.6
1720468800000,3.399,3.419,3.326,3.339,46931.6
1720483200000,3.339,3.463,3.3,3.424,64219.6
1720497600000,3.424,3.493,3.412,3.454,36923.4
1720512000000,3.454,3.538,3.415,3.465,47426.8
1720526400000,3.465,3.518,3.347,3.437,53415.1
1720540800000,3.437,3.476,3.366,3.471,32466.2
1720555200000,3.471,3.491,3.426,3.475,20936.1
1720569600000,3.475,3.526,3.41,3.524,25109.0
1720584000000,3.524,3.744,3.52,3.731,114509.1
1720598400000,3.731,3.776,3.627,3.652,59446.7
1720612800000,3.652,3.718,3.566,3.675,56713.6
1720627200000,3.675,3.738,3.551,3.589,36114.9
1720641600000,3.589,3.648,3.566,3.629,15041.0
1720656000000,3.629,3.672,3.539,3.579,24104.7
1720670400000,3.579,3.727,3.568,3.688,33150.3
1720684800000,3.688,3.816,3.666,3.794,37076.2
1720699200000,3.794,3.916,3.634,3.649,113066.0
1720713600000,3.649,3.752,3.62,3.678,29603.8
1720728000000,3.678,3.686,3.59,3.596,38860.9
1720742400000,3.596,3.69,3.512,3.667,30178.8
1720756800000,3.667,3.738,3.619,3.685,35655.2
1720771200000,3.685,3.713,3.588,3.664,29227.8
1720785600000,3.664,3.876,3.662,3.861,73827.9
1720800000000,3.861,3.867,3.787,3.8,23587.8
1720814400000,3.8,3.829,3.742,3.829,14732.6
1720828800000,3.829,3.837,3.765,3.767,10396.4
1720843200000,3.767,3.777,3.736,3.753,12007.1
1720857600000,3.753,3.806,3.725,3.764,22397.4
1720872000000,3.764,3.77,3.691,3.742,18830.3
1720886400000,3.742,3.784,3.728,3.774,14694.9
1720900800000,3.774,3.829,3.741,3.784,17663.9
1720915200000,3.784,3.853,3.764,3.785,22600.1
1720929600000,3.785,3.87,3.766,3.859,28525.2
1720944000000,3.859,3.92,3.837,3.88,25363.5
1720958400000,3.88,3.913,3.789,3.912,29590.7
1720972800000,3.912,4.029,3.893,4.028,35483.0
1720987200000,4.028,4.248,4.013,4.223,77194.9
1721001600000,4.223,4.425,4.169,4.381,86797.0
1721016000000,4.381,4.439,4.335,4.422,48630.8
1721030400000,4.422,4.442,4.326,4.379,45746.7
1721044800000,4.379,4.524,4.371,4.437,55832.4
1721059200000,4.437,4.566,4.417,4.444,69367.4
1721073600000,4.444,4.66,4.444,4.601,49785.5
1721088000000,4.601,4.634,4.527,4.567,37500.3
1721102400000,4.567,4.607,4.412,4.433,46483.8
1721116800000,4.433,4.52,4.366,4.504,34992.1
1721131200000,4.504,4.64,4.423,4.637,41978.2
1721145600000,4.637,4.675,4.527,4.6,42576.4
1721160000000,4.6,4.602,4.5,4.568,12645.3
1721174400000,4.568,4.747,4.548,4.703,37446.2
1721188800000,4.703,4.789,4.68,4.75,25087.5
1721203200000,4.75,4.764,4.582,4.584,32640.1
1721217600000,4.584,4.712,4.551,4.594,33879.3
1721232000000,4.594,4.651,4.501,4.63,27155.4
1721246400000,4.63,4.662,4.532,4.533,17638.3
1721260800000,4.533,4.632,4.533,4.605,19611.7
1721275200000,4.605,4.673,4.559,4.614,13439.5
1721289600000,4.614,4.722,4.611,4.72,16209.5
1721304000000,4.72,4.794,4.545,4.549,46269.9
1721318400000,4.549,4.613,4.501,4.538,20067.2
1721332800000,4.538,4.656,4.511,4.615,10959.8
1721347200000,4.615,4.625,4.494,4.621,17835.7
1721361600000,4.621,4.717,4.545,4.549,22994.8
1721376000000,4.549,4.589,4.429,4.469,29768.8
1721390400000,4.469,4.649,4.442,4.616,33112.3
1721404800000,4.616,4.711,4.616,4.67,29658.9
1721419200000,4.67,4.67,4.596,4.608,16452.3
1721433600000,4.608,4.609,4.507,4.551,19742.4
1721448000000,4.551,4.607,4.539,4.56,14628.8
1721462400000,4.56,4.574,4.503,4.503,12653.3
1721476800000,4.503,4.618,4.489,4.618,25289.3
1721491200000,4.618,4.627,4.526,4.574,26875.9
1721505600000,4.574,4.598,4.543,4.567,6890.8
1721520000000,4.567,4.577,4.45,4.459,30452.3
1721534400000,4.459,4.483,4.369,4.395,26385.1
1721548800000,4.395,4.454,4.389,4.434,10667.4
1721563200000,4.434,4.462,4.393,4.416,18278.9
1721577600000,4.416,4.445,4.256,4.395,44446.4
1721592000000,4.395,4.498,4.378,4.48,29731.8
1721606400000,4.48,4.568,4.332,4.341,48668.1
1721620800000,4.341,4.372,4.18,4.184,39778.4
1721635200000,4.184,4.26,4.133,4.247,29945.8
1721649600000,4.247,4.263,4.138,4.157,35962.0
1721664000000,4.157,4.191,4.119,4.16,32181.6
1721678400000,4.16,4.166,4.059,4.098,26435.3
1721692800000,4.098,4.276,4.088,4.227,33895.5
1721707200000,4.227,4.25,4.026,4.095,56822.5
1721721600000,4.095,4.323,4.094,4.221,63839.5
1721736000000,4.221,4.246,4.106,4.127,54765.1
1721750400000,4.127,4.23,3.989,4.159,49912.7
1721764800000,4.159,4.214,4.12,4.149,30619.2
1721779200000,4.149,4.176,4.089,4.134,16140.5
1721793600000,4.134,4.173,4.111,4.139,15761.1
1721808000000,4.139,4.17,4.103,4.108,17286.5
1721822400000,4.108,4.154,3.96,3.962,35583.1
1721836800000,3.962,3.987,3.839,3.884,48325.3
1721851200000,3.884,3.902,3.721,3.768,37931.3
1721865600000,3.768,3.773,3.578,3.592,68039.8
1721880000000,3.592,3.674,3.559,3.633,30273.8
1721894400000,3.633,3.731,3.629,3.724,26892.3
1721908800000,3.724,3.741,3.577,3.657,57061.3
1721923200000,3.657,3.712,3.575,3.632,35773.0
1721937600000,3.632,3.723,3.571,3.696,29037.6
1721952000000,3.696,3.873,3.687,3.861,38566.6
1721966400000,3.861,4.029,3.854,3.962,50753.5
1721980800000,3.962,3.988,3.896,3.924,20018.8
1721995200000,3.924,3.962,3.874,3.938,33668.0
1722009600000,3.938,3.943,3.894,3.925,19151.5
1722024000000,3.925,3.954,3.901,3.917,12792.4
1722038400000,3.917,3.918,3.832,3.836,18423.3
1722052800000,3.836,3.962,3.835,3.941,24495.2
1722067200000,3.941,3.973,3.9,3.954,22412.8
1722081600000,3.954,4.055,3.919,3.95,37813.4
1722096000000,3.95,3.993,3.868,3.924,19545.5
1722110400000,3.924,4.083,3.834,3.971,38838.3
1722124800000,3.971,3.971,3.905,3.906,14054.8
1722139200000,3.906,3.921,3.85,3.888,9799.1
1722153600000,3.888,3.953,3.853,3.913,10951.2
1722168000000,3.913,3.941,3.851,3.874,17735.0
1722182400000,3.874,3.876,3.833,3.833,12963.1
1722196800000,3.833,3.838,3.76,3.803,14379.5
1722211200000,3.803,4.06,3.801,4.023,42930.6
1722225600000,4.023,4.14,4.02,4.108,37475.4
1722240000000,4.108,4.161,4.086,4.127,21432.5
1722254400000,4.127,4.137,3.956,4.007,45339.2
1722268800000,4.007,4.031,3.895,3.948,53976.8
1722283200000,3.948,4.032,3.921,3.925,22364.1
1722297600000,3.925,4.018,3.887,4.017,29293.7
1722312000000,4.017,4.035,3.963,3.97,17689.7
1722326400000,3.97,3.985,3.9,3.9,16228.0
1722340800000,3.9,3.934,3.776,3.836,28527.2
1722355200000,3.836,3.859,3.668,3.698,37800.8
1722369600000,3.698,3.718,3.635,3.688,22224.2
1722384000000,3.688,3.743,3.666,3.723,17904.7
1722398400000,3.723,3.749,3.637,3.662,36981.3
1722412800000,3.662,3.666,3.559,3.585,34807.1
1722427200000,3.585,3.686,3.578,3.602,38009.7
1722441600000,3.602,3.689,3.567,3.592,45633.8
1722456000000,3.592,3.592,3.425,3.456,72291.1
1722470400000,3.456,3.495,3.434,3.469,26486.4
1722484800000,3.469,3.481,3.358,3.363,34561.6
1722499200000,3.363,3.426,3.362,3.387,13315.4
1722513600000,3.387,3.436,3.269,3.295,44696.9
1722528000000,3.295,3.307,3.102,3.184,66759.7
1722542400000,3.184,3.427,3.162,3.404,52883.4
1722556800000,3.404,3.424,3.259,3.335,24332.5
1722571200000,3.335,3.345,3.208,3.271,22829.3
1722585600000,3.271,3.337,3.248,3.308,17938.2
1722600000000,3.308,3.391,2.963,3.063,106282.3
1722614400000,3.063,3.098,2.965,2.997,49033.8
1722628800000,2.997,3.046,2.932,2.979,44264.2
1722643200000,2.979,3.004,2.88,2.978,33122.0
1722657600000,2.978,3.005,2.967,2.975,19596.2
1722672000000,2.975,2.991,2.947,2.983,13765.3
1722686400000,2.983,3.019,2.849,2.854,34725.8
1722700800000,2.854,2.867,2.657,2.659,62923.1
1722715200000,2.659,2.736,2.643,2.697,27993.7
1722729600000,2.697,2.788,2.686,2.764,18352.8
1722744000000,2.764,2.813,2.743,2.747,17790.3
1722758400000,2.747,2.829,2.725,2.813,22528.2
1722772800000,2.813,2.844,2.584,2.59,62350.3
1722787200000,2.59,2.609,2.376,2.584,130978.3
1722801600000,2.584,2.626,2.434,2.441,53628.0
1722816000000,2.441,2.496,2.006,2.085,229417.1
1722830400000,2.085,2.141,1.823,2.051,238550.7
1722844800000,2.051,2.054,1.835,1.915,151832.5
1722859200000,1.915,2.292,1.858,2.276,254255.4
1722873600000,2.276,2.366,2.162,2.217,142764.1
1722888000000,2.217,2.264,2.196,2.197,53328.1
1722902400000,2.197,2.377,2.188,2.296,106266.3
1722916800000,2.296,2.741,2.281,2.738,475960.5
1722931200000,2.738,3.04,2.639,2.773,572644.2
1722945600000,2.773,2.848,2.662,2.721,223681.8
1722960000000,2.721,2.812,2.697,2.754,112848.2
1722974400000,2.754,2.833,2.718,2.736,72735.2
1722988800000,2.736,2.736,2.627,2.672,101644.8
1723003200000,2.672,2.738,2.663,2.685,71328.7
1723017600000,2.685,2.722,2.639,2.648,75160.4
1723032000000,2.648,2.67,2.482,2.583,141713.4
1723046400000,2.583,2.593,2.465,2.486,73775.6
1723060800000,2.486,2.532,2.423,2.486,53786.7
1723075200000,2.486,2.62,2.415,2.554,80753.4
1723089600000,2.554,2.593,2.522,2.525,68381.7
1723104000000,2.525,2.573,2.502,2.547,45155.7
1723118400000,2.547,2.628,2.504,2.614,83337.8
1723132800000,2.614,2.733,2.604,2.709,86237.1
1723147200000,2.709,2.81,2.683,2.773,65526.6
1723161600000,2.773,2.788,2.724,2.774,46537.9
1723176000000,2.774,2.776,2.676,2.713,36435.4
1723190400000,2.713,2.735,2.659,2.678,33928.7
1723204800000,2.678,2.711,2.609,2.616,43672.5
1723219200000,2.616,2.664,2.613,2.649,27334.3
1723233600000,2.649,2.687,2.607,2.681,25628.4
1723248000000,2.681,2.722,2.616,2.622,39773.7
1723262400000,2.622,2.623,2.58,2.601,26521.7
1723276800000,2.601,2.627,2.58,2.623,23646.1
1723291200000,2.623,2.624,2.567,2.569,25551.9
1723305600000,2.569,2.597,2.558,2.589,17101.6
1723320000000,2.589,2.62,2.569,2.595,15287.9
1723334400000,2.595,2.686,2.588,2.648,23009.5
1723348800000,2.648,2.85,2.624,2.845,70517.2
1723363200000,2.845,2.888,2.784,2.792,98723.2
1723377600000,2.792,2.796,2.633,2.649,63709.9
1723392000000,2.649,2.663,2.568,2.568,40044.7
1723406400000,2.568,2.574,2.483,2.502,46133.6
1723420800000,2.502,2.526,2.473,2.501,24222.0
1723435200000,2.501,2.584,2.458,2.582,31102.9
1723449600000,2.582,2.781,2.581,2.768,78640.8
1723464000000,2.768,2.828,2.613,2.789,105397.7
1723478400000,2.789,2.815,2.678,2.716,52848.7
1723492800000,2.716,2.787,2.689,2.771,28429.8
1723507200000,2.771,2.786,2.653,2.662,33613.8
1723521600000,2.662,2.692,2.638,2.664,14680.4
1723536000000,2.664,2.672,2.607,2.643,24899.4
1723550400000,2.643,2.776,2.642,2.739,54952.1
1723564800000,2.739,2.88,2.736,2.877,61920.1
1723579200000,2.877,2.917,2.836,2.901,32540.4
1723593600000,2.901,2.915,2.824,2.842,33297.1
1723608000000,2.842,2.886,2.811,2.833,24070.8
1723622400000,2.833,2.901,2.804,2.872,38063.0
1723636800000,2.872,2.923,2.745,2.819,104082.3
1723651200000,2.819,2.864,2.796,2.835,40115.3
1723665600000,2.835,2.846,2.79,2.819,18227.4
1723680000000,2.819,2.836,2.72,2.728,33206.0
1723694400000,2.728,2.729,2.647,2.66,23568.3
1723708800000,2.66,2.719,2.653,2.715,27906.2
1723723200000,2.715,2.864,2.704,2.808,60367.6
1723737600000,2.808,2.816,2.595,2.635,61767.2
1723752000000,2.635,2.735,2.611,2.689,29566.3
1723766400000,2.689,2.724,2.632,2.657,20766.7
1723780800000,2.657,2.695,2.649,2.683,14130.3
1723795200000,2.683,2.686,2.612,2.62,19997.2
1723809600000,2.62,2.648,2.523,2.554,57405.1
1723824000000,2.554,2.651,2.523,2.635,31354.2
1723838400000,2.635,2.666,2.604,2.614,13207.8
1723852800000,2.614,2.656,2.594,2.605,10609.9
1723867200000,2.605,2.624,2.594,2.62,7267.4
1723881600000,2.62,2.623,2.571,2.58,9765.7
1723896000000,2.58,2.652,2.574,2.619,75517.8
1723910400000,2.619,2.674,2.613,2.671,27297.5
1723924800000,2.671,2.687,2.639,2.67,9398.5
1723939200000,2.67,2.692,2.616,2.66,18645.4
1723953600000,2.66,2.675,2.626,2.658,6489.2
1723968000000,2.658,2.98,2.653,2.966,115700.2
1723982400000,2.966,3.081,2.898,3.061,136874.2
1723996800000,3.061,3.127,2.974,3.03,100194.3
1724011200000,3.03,3.047,2.923,2.929,27633.9
1724025600000,2.929,2.947,2.867,2.877,45580.9
1724040000000,2.877,2.885,2.795,2.797,28142.6
1724054400000,2.797,2.838,2.762,2.793,32180.4
1724068800000,2.793,2.868,2.782,2.811,52706.4
1724083200000,2.811,2.895,2.783,2.87,29811.4
1724097600000,2.87,2.91,2.861,2.883,26909.0
1724112000000,2.883,2.92,2.842,2.849,35039.4
1724126400000,2.849,2.92,2.835,2.881,39268.9
1724140800000,2.881,2.885,2.802,2.804,28287.3
1724155200000,2.804,2.844,2.73,2.748,58437.7
1724169600000,2.748,2.802,2.73,2.793,23348.7
1724184000000,2.793,2.811,2.762,2.765,10739.6
1724198400000,2.765,2.8,2.75,2.789,14310.6
1724212800000,2.789,2.825,2.78,2.817,13063.1
1724227200000,2.817,2.831,2.743,2.754,17800.6
1724241600000,2.754,2.785,2.689,2.736,49076.8
1724256000000,2.736,2.868,2.713,2.864,37470.8
1724270400000,2.864,2.891,2.833,2.84,28369.5
1724284800000,2.84,2.844,2.763,2.822,20333.5
1724299200000,2.822,2.836,2.807,2.83,11331.1
1724313600000,2.83,2.889,2.823,2.876,23828.7
1724328000000,2.876,2.882,2.791,2.805,29865.7
1724342400000,2.805,2.908,2.8,2.88,39427.2
1724356800000,2.88,2.997,2.88,2.953,41673.3
1724371200000,2.953,2.994,2.929,2.939,22581.7
1724385600000,2.939,3.145,2.937,3.053,80734.7
1724400000000,3.053,3.058,2.955,2.957,53200.3
1724414400000,2.957,3.116,2.955,3.053,122716.3
1724428800000,3.053,3.218,3.047,3.193,69635.9
1724443200000,3.193,3.264,3.192,3.216,34925.7
1724457600000,3.216,3.239,3.175,3.22,27966.2
1724472000000,3.22,3.311,3.208,3.302,28780.4
1724486400000,3.302,3.427,3.261,3.322,75435.5
1724500800000,3.322,3.402,3.316,3.36,35395.1
1724515200000,3.36,3.533,3.356,3.467,66234.9
1724529600000,3.467,3.49,3.348,3.459,30760.6
1724544000000,3.459,3.497,3.337,3.389,64490.8
1724558400000,3.389,3.412,3.248,3.266,46414.3
1724572800000,3.266,3.375,3.245,3.336,33623.9
1724587200000,3.336,3.459,3.325,3.409,31432.5
1724601600000,3.409,3.444,3.37,3.396,17141.0
1724616000000,3.396,3.478,3.377,3.389,38801.3
1724630400000,3.389,3.417,3.31,3.365,26171.1
1724644800000,3.365,3.429,3.325,3.349,45777.2
1724659200000,3.349,3.405,3.296,3.349,29045.2
1724673600000,3.349,3.418,3.29,3.36,48964.8
1724688000000,3.36,3.392,3.266,3.3,42288.1
1724702400000,3.3,3.385,3.283,3.33,41986.5
1724716800000,3.33,3.378,3.304,3.356,20620.5
1724731200000,3.356,3.518,3.351,3.503,50038.5
1724745600000,3.503,3.519,3.245,3.275,95957.9
1724760000000,3.275,3.277,3.142,3.175,62600.1
1724774400000,3.175,3.294,3.125,3.24,51490.5
1724788800000,3.24,3.24,2.975,3.118,72366.6
1724803200000,3.118,3.236,3.024,3.221,56560.7
1724817600000,3.221,3.236,3.072,3.075,31266.5
1724832000000,3.075,3.399,3.059,3.311,67236.4
1724846400000,3.311,3.322,3.155,3.178,63339.5
1724860800000,3.178,3.272,3.074,3.186,77265.9
1724875200000,3.186,3.286,3.155,3.203,48327.0
1724889600000,3.203,3.259,3.175,3.2,25751.5
1724904000000,3.2,3.39,3.15,3.336,55284.2
1724918400000,3.336,3.39,3.313,3.334,33038.2
1724932800000,3.334,3.566,3.324,3.498,100925.3
1724947200000,3.498,3.544,3.322,3.344,69084.0
1724961600000,3.344,3.366,3.28,3.302,37774.1
1724976000000,3.302,3.312,3.177,3.188,31841.8
1724990400000,3.188,3.353,3.163,3.296,45171.0
1725004800000,3.296,3.398,3.292,3.333,34558.1
1725019200000,3.333,3.407,3.095,3.11,97700.4
1725033600000,3.11,3.346,3.071,3.223,79483.6
1725048000000,3.223,3.317,3.221,3.285,19121.6
1725062400000,3.285,3.312,3.189,3.2,21892.8
1725076800000,3.2,3.299,3.199,3.24,20764.6
1725091200000,3.24,3.324,3.175,3.303,39326.8
1725105600000,3.303,3.32,3.206,3.237,34427.8
1725120000000,3.237,3.243,3.157,3.175,26893.2
1725134400000,3.175,3.233,3.159,3.192,9597.3
1725148800000,3.192,3.194,3.098,3.145,21193.1
1725163200000,3.145,3.154,3.086,3.134,19195.2
1725177600000,3.134,3.142,3.064,3.108,15766.1
1725192000000,3.108,3.11,2.986,3.066,50856.8
1725206400000,3.066,3.101,2.985,3.077,30612.3
1725220800000,3.077,3.101,2.901,2.938,31584.2
1725235200000,2.938,2.974,2.909,2.949,27854.6
1725249600000,2.949,2.953,2.844,2.866,32299.6
1725264000000,2.866,3.189,2.864,3.099,88816.3
1725278400000,3.099,3.254,3.04,3.143,115583.5
1725292800000,3.143,3.182,3.106,3.139,35767.2
1725307200000,3.139,3.254,3.135,3.182,31599.4
1725321600000,3.182,3.217,3.111,3.112,28605.0
1725336000000,3.112,3.143,3.091,3.135,18072.6
1725350400000,3.135,3.135,3.074,3.099,17268.4
1725364800000,3.099,3.119,2.945,2.95,56962.3
1725379200000,2.95,2.98,2.912,2.932,57463.3
1725393600000,2.932,2.955,2.841,2.846,27731.5
1725408000000,2.846,2.893,2.669,2.8,78138.2
1725422400000,2.8,2.854,2.768,2.836,31425.2
1725436800000,2.836,2.854,2.778,2.796,29990.4
1725451200000,2.796,2.929,2.784,2.918,56194.2
1725465600000,2.918,3.002,2.873,2.881,47251.3
1725480000000,2.881,2.929,2.877,2.894,19223.2
1725494400000,2.894,2.914,2.79,2.795,24007.7
1725508800000,2.795,2.83,2.767,2.821,19740.8
1725523200000,2.821,2.83,2.766,2.783,21115.4
1725537600000,2.783,2.83,2.71,2.726,49147.8
1725552000000,2.726,2.734,2.659,2.673,43687.8
1725566400000,2.673,2.701,2.668,2.683,15965.4
1725580800000,2.683,2.735,2.664,2.7,19064.1
1725595200000,2.7,2.708,2.636,2.674,31015.8
1725609600000,2.674,2.697,2.659,2.695,14699.0
1725624000000,2.695,2.827,2.619,2.678,157593.7
1725638400000,2.678,2.688,2.563,2.584,80090.5
1725652800000,2.584,2.626,2.49,2.62,56569.3
1725667200000,2.62,2.648,2.615,2.623,10899.1
1725681600000,2.623,2.675,2.623,2.673,22571.3
1725696000000,2.673,2.688,2.656,2.673,11353.0
1725710400000,2.673,2.743,2.673,2.729,28927.7
1725724800000,2.729,2.753,2.669,2.739,32513.3
1725739200000,2.739,2.739,2.664,2.7,15502.9
1725753600000,2.7,2.727,2.684,2.725,9683.0
1725768000000,2.725,2.776,2.725,2.754,22869.3
1725782400000,2.754,2.785,2.718,2.719,21052.5
1725796800000,2.719,2.73,2.659,2.666,30894.2
1725811200000,2.666,2.725,2.654,2.711,14212.7
1725825600000,2.711,2.838,2.705,2.766,32494.5
1725840000000,2.766,2.808,2.74,2.782,20039.8
1725854400000,2.782,2.821,2.762,2.817,15556.0
1725868800000,2.817,2.869,2.807,2.836,30633.4
1725883200000,2.836,2.872,2.787,2.857,46595.7
1725897600000,2.857,3.004,2.856,3.0,63402.9
1725912000000,3.0,3.065,2.97,3.025,45718.2
1725926400000,3.025,3.026,2.977,2.989,16752.1
1725940800000,2.989,3.087,2.988,3.066,25615.4
1725955200000,3.066,3.095,3.026,3.092,26416.7
1725969600000,3.092,3.127,3.039,3.054,45371.9
1725984000000,3.054,3.236,3.053,3.213,54204.5
1725998400000,3.213,3.249,3.202,3.213,28435.6
1726012800000,3.213,3.242,3.137,3.165,56674.7
1726027200000,3.165,3.176,3.086,3.166,37942.6
1726041600000,3.166,3.168,3.1,3.155,29175.6
1726056000000,3.155,3.233,3.041,3.149,113937.8
1726070400000,3.149,3.29,3.139,3.234,79338.7
1726084800000,3.234,3.307,3.228,3.3,47667.4
1726099200000,3.3,3.545,3.283,3.516,109273.6
1726113600000,3.516,3.596,3.494,3.563,93429.4
1726128000000,3.563,3.625,3.527,3.532,78276.5
1726142400000,3.532,3.567,3.412,3.417,88210.5
1726156800000,3.417,3.458,3.371,3.418,49878.2
1726171200000,3.418,3.44,3.378,3.429,36588.6
1726185600000,3.429,3.488,3.428,3.445,42078.3
1726200000000,3.445,3.454,3.399,3.419,22111.0
1726214400000,3.419,3.428,3.343,3.357,38441.8
1726228800000,3.357,3.469,3.342,3.45,77891.0
1726243200000,3.45,3.463,3.39,3.442,83585.5
1726257600000,3.442,3.517,3.422,3.45,112455.0
1726272000000,3.45,3.45,3.371,3.415,28906.0
1726286400000,3.415,3.43,3.345,3.348,17752.3
1726300800000,3.348,3.39,3.337,3.365,46408.5
1726315200000,3.365,3.377,3.329,3.355,16459.7
1726329600000,3.355,3.359,3.254,3.302,30748.7
1726344000000,3.302,3.339,3.296,3.329,34603.9
1726358400000,3.329,3.385,3.32,3.35,29707.2
1726372800000,3.35,3.358,3.327,3.357,18909.2
1726387200000,3.357,3.366,3.305,3.359,40655.0
1726401600000,3.359,3.443,3.344,3.386,99997.2
1726416000000,3.386,3.397,3.31,3.346,47179.4
1726430400000,3.346,3.35,3.236,3.271,32796.6
1726444800000,3.271,3.294,3.152,3.223,44620.9
1726459200000,3.223,3.277,3.211,3.272,38956.3
1726473600000,3.272,3.312,3.227,3.263,39348.8
1726488000000,3.263,3.264,3.165,3.2,30448.9
1726502400000,3.2,3.228,3.166,3.182,25087.5
1726516800000,3.182,3.239,3.166,3.224,13969.9
1726531200000,3.224,3.232,3.157,3.2,15222.7
1726545600000,3.2,3.299,3.195,3.298,21573.7
1726560000000,3.298,3.341,3.284,3.294,50093.2
1726574400000,3.294,3.417,3.286,3.398,106886.9
1726588800000,3.398,3.411,3.277,3.303,49612.6
1726603200000,3.303,3.34,3.291,3.334,40334.9
1726617600000,3.334,3.336,3.271,3.289,28143.5
1726632000000,3.289,3.294,3.22,3.232,33749.8
1726646400000,3.232,3.233,3.136,3.164,50686.8
1726660800000,3.164,3.193,3.111,3.12,35327.3
1726675200000,3.12,3.346,3.102,3.24,99335.9
1726689600000,3.24,3.428,3.214,3.427,52420.2
1726704000000,3.427,3.566,3.423,3.466,136884.1
1726718400000,3.466,3.499,3.442,3.474,60302.0
1726732800000,3.474,3.495,3.398,3.461,94882.4
1726747200000,3.461,3.495,3.424,3.436,60346.1
1726761600000,3.436,3.513,3.432,3.441,60674.3
1726776000000,3.441,3.475,3.418,3.443,25315.2
1726790400000,3.443,3.557,3.336,3.556,52692.8
1726804800000,3.556,3.66,3.545,3.59,109492.3
1726819200000,3.59,3.593,3.504,3.534,60348.9
1726833600000,3.534,3.769,3.532,3.664,190351.6
1726848000000,3.664,3.675,3.552,3.623,43988.8
1726862400000,3.623,3.647,3.591,3.611,23499.3
1726876800000,3.611,3.613,3.493,3.498,37691.7
1726891200000,3.498,3.526,3.438,3.517,39470.5
1726905600000,3.517,3.522,3.459,3.488,21242.0
1726920000000,3.488,3.571,3.468,3.546,36787.4
1726934400000,3.546,3.584,3.522,3.575,21227.2
1726948800000,3.575,3.689,3.533,3.674,32563.9
1726963200000,3.674,4.362,3.674,4.26,554328.8
1726977600000,4.26,4.439,4.235,4.264,175259.3
1726992000000,4.264,4.3,4.131,4.134,99468.3
1727006400000,4.134,4.168,4.034,4.115,134456.7
1727020800000,4.115,4.159,4.066,4.144,43718.8
1727035200000,4.144,4.17,4.01,4.089,61726.3
1727049600000,4.089,4.269,3.949,4.182,206372.2
1727064000000,4.182,4.182,3.899,3.909,114322.1
1727078400000,3.909,3.986,3.884,3.909,57873.2
1727092800000,3.909,3.96,3.864,3.939,75824.2
1727107200000,3.939,4.057,3.937,4.013,77561.6
1727121600000,4.013,4.022,3.954,3.966,35222.3
1727136000000,3.966,3.971,3.858,3.922,61424.6
1727150400000,3.922,4.135,3.902,4.109,71476.3
1727164800000,4.109,4.194,4.072,4.154,89053.4
1727179200000,4.154,4.195,3.982,4.013,70309.2
1727193600000,4.013,4.202,4.008,4.162,75242.1
1727208000000,4.162,4.235,4.136,4.14,52919.2
1727222400000,4.14,4.191,4.076,4.183,57231.8
1727236800000,4.183,4.187,4.078,4.134,46049.6
1727251200000,4.134,4.284,4.128,4.25,73705.2
1727265600000,4.25,4.261,4.128,4.153,57697.3
1727280000000,4.153,4.192,4.084,4.102,41368.9
1727294400000,4.102,4.137,4.043,4.079,21334.4
1727308800000,4.079,4.355,4.078,4.303,138365.3
1727323200000,4.303,4.43,4.249,4.3,100794.4
1727337600000,4.3,4.438,4.282,4.407,76843.1
1727352000000,4.407,4.528,4.379,4.506,102866.0
1727366400000,4.506,4.565,4.444,4.522,107712.8
1727380800000,4.522,4.613,4.495,4.511,53947.3
1727395200000,4.511,4.577,4.398,4.573,90381.4
1727409600000,4.573,4.66,4.504,4.526,90113.7
1727424000000,4.526,4.555,4.412,4.457,57432.4
1727438400000,4.457,4.559,4.42,4.538,54351.4
1727452800000,4.538,4.737,4.53,4.6,95904.4
1727467200000,4.6,4.688,4.582,4.644,35357.4
1727481600000,4.644,4.681,4.555,4.568,39927.6
1727496000000,4.568,4.57,4.477,4.48,29777.1
1727510400000,4.48,4.536,4.45,4.503,32815.0
1727524800000,4.503,4.516,4.461,4.486,22485.7
1727539200000,4.486,4.487,4.443,4.471,16858.1
1727553600000,4.471,4.484,4.428,4.473,10485.3
1727568000000,4.473,4.475,4.404,4.456,21477.9
1727582400000,4.456,4.456,4.303,4.311,30506.1
1727596800000,4.311,4.361,4.302,4.325,17927.4
1727611200000,4.325,4.364,4.269,4.346,32909.1
1727625600000,4.346,4.397,4.301,4.394,29728.4
1727640000000,4.394,4.404,4.307,4.346,35363.9
1727654400000,4.346,4.381,4.209,4.266,61965.9
1727668800000,4.266,4.269,4.182,4.25,33327.1
1727683200000,4.25,4.252,4.125,4.182,47677.5
1727697600000,4.182,4.266,4.173,4.207,35405.0
1727712000000,4.207,4.298,4.201,4.278,43094.4
1727726400000,4.278,4.337,4.185,4.226,29748.4
1727740800000,4.226,4.344,4.179,4.325,35631.9
1727755200000,4.325,4.364,4.309,4.309,23072.0
1727769600000,4.309,4.322,4.221,4.255,25907.7
1727784000000,4.255,4.276,3.85,3.999,120420.1
1727798400000,3.999,4.027,3.716,3.9,139728.5
1727812800000,3.9,3.95,3.818,3.871,58540.9
1727827200000,3.871,3.989,3.833,3.951,27769.0
1727841600000,3.951,3.952,3.869,3.913,26995.9
1727856000000,3.913,3.943,3.761,3.825,43439.9
1727870400000,3.825,3.917,3.766,3.887,60848.9
1727884800000,3.887,3.931,3.705,3.749,54795.4
1727899200000,3.749,3.801,3.672,3.675,37099.6
1727913600000,3.675,3.825,3.647,3.825,41955.2
1727928000000,3.825,3.897,3.731,3.738,47158.4
1727942400000,3.738,3.759,3.616,3.721,58357.6
1727956800000,3.721,3.785,3.601,3.683,75212.7
1727971200000,3.683,3.699,3.577,3.697,41242.0
1727985600000,3.697,3.701,3.619,3.682,20975.5
1728000000000,3.682,3.732,3.635,3.693,32770.0
1728014400000,3.693,3.778,3.693,3.761,19241.0
1728028800000,3.761,3.807,3.731,3.779,26537.9
1728043200000,3.779,3.88,3.747,3.875,71704.6
1728057600000,3.875,3.944,3.826,3.864,52742.0
1728072000000,3.864,3.866,3.805,3.825,21663.9
1728086400000,3.825,3.863,3.771,3.787,19163.2
1728100800000,3.787,3.886,3.779,3.848,12855.9
1728115200000,3.848,3.87,3.815,3.834,10598.6
1728129600000,3.834,3.854,3.789,3.831,14378.4
1728144000000,3.831,3.832,3.752,3.76,12223.1
1728158400000,3.76,3.823,3.739,3.808,11097.9
1728172800000,3.808,3.835,3.781,3.793,8965.2
1728187200000,3.793,3.834,3.786,3.818,7945.2
1728201600000,3.818,3.87,3.805,3.858,16005.4
1728216000000,3.858,3.938,3.849,3.893,23614.2
1728230400000,3.893,3.92,3.853,3.857,16417.2
1728244800000,3.857,3.886,3.814,3.877,10599.2
1728259200000,3.877,4.026,3.858,3.976,43938.3
1728273600000,3.976,4.003,3.948,3.969,18237.7
1728288000000,3.969,4.004,3.828,3.904,51398.8
1728302400000,3.904,4.037,3.869,3.979,59081.6
1728316800000,3.979,4.045,3.91,3.979,41903.3
1728331200000,3.979,3.986,3.87,3.879,34862.4
1728345600000,3.879,3.965,3.87,3.943,31798.8
1728360000000,3.943,3.964,3.818,3.858,27679.2
1728374400000,3.858,3.877,3.817,3.862,15333.6
1728388800000,3.862,3.9,3.766,3.816,45391.4
1728403200000,3.816,3.882,3.783,3.837,26105.1
1728417600000,3.837,3.893,3.808,3.833,16331.4
1728432000000,3.833,3.905,3.802,3.871,16611.3
1728446400000,3.871,3.943,3.848,3.942,30435.1
1728460800000,3.942,4.036,3.925,4.024,40638.3
1728475200000,4.024,4.04,3.866,4.022,95497.7
1728489600000,4.022,4.03,3.803,3.826,50246.5
1728504000000,3.826,3.826,3.685,3.724,51010.2
1728518400000,3.724,3.757,3.691,3.74,18937.7
1728532800000,3.74,3.812,3.732,3.76,15038.3
1728547200000,3.76,3.804,3.677,3.803,26340.5
1728561600000,3.803,3.811,3.658,3.709,52780.4
1728576000000,3.709,3.75,3.609,3.659,46923.0
1728590400000,3.659,3.73,3.648,3.729,17401.7
1728604800000,3.729,3.81,3.704,3.801,19637.1
1728619200000,3.801,3.869,3.784,3.865,20914.9
1728633600000,3.865,3.941,3.863,3.928,25689.2
1728648000000,3.928,4.018,3.928,3.986,64645.5
1728662400000,3.986,4.039,3.955,4.003,37366.3
1728676800000,4.003,4.04,3.996,4.016,15809.7
1728691200000,4.016,4.056,3.974,4.001,25422.8
1728705600000,4.001,4.04,4.001,4.032,17004.5
1728720000000,4.032,4.099,4.016,4.053,26122.7
1728734400000,4.053,4.213,4.041,4.188,44905.3
1728748800000,4.188,4.24,4.156,4.181,35620.1
1728763200000,4.181,4.207,4.158,4.175,16200.8
1728777600000,4.175,4.21,4.071,4.074,27559.0
1728792000000,4.074,4.135,4.051,4.074,16325.6
1728806400000,4.074,4.08,3.965,3.967,28461.6
1728820800000,3.967,4.012,3.913,3.936,23759.9
1728835200000,3.936,4.0,3.928,3.979,18903.3
1728849600000,3.979,4.081,3.975,4.061,19534.2
1728864000000,4.061,4.186,3.991,4.159,33295.6
1728878400000,4.159,4.393,4.154,4.319,93705.5
1728892800000,4.319,4.361,4.249,4.35,48887.4
1728907200000,4.35,4.46,4.335,4.451,86283.4
1728921600000,4.451,4.468,4.328,4.355,38531.5
1728936000000,4.355,4.418,4.333,4.358,22131.6
1728950400000,4.358,4.364,4.265,4.268,28212.0
1728964800000,4.268,4.323,4.214,4.287,29026.9
1728979200000,4.287,4.359,4.164,4.185,50287.3
1728993600000,4.185,4.453,4.06,4.154,120021.8
1729008000000,4.154,4.285,4.152,4.223,34719.4
1729022400000,4.223,4.25,4.143,4.236,21534.3
1729036800000,4.236,4.346,4.206,4.289,48129.8
1729051200000,4.289,4.404,4.229,4.293,56838.6
1729065600000,4.293,4.369,4.266,4.332,52743.0
1729080000000,4.332,4.387,4.226,4.256,45291.1
1729094400000,4.256,4.266,4.165,4.21,29971.8
1729108800000,4.21,4.274,4.203,4.22,16255.1
1729123200000,4.22,4.338,4.22,4.324,27394.8
1729137600000,4.324,4.329,4.168,4.189,27090.9
1729152000000,4.189,4.191,4.066,4.068,34148.9
1729166400000,4.068,4.255,4.061,4.251,48402.9
1729180800000,4.251,4.252,4.085,4.135,42507.0
1729195200000,4.135,4.197,4.133,4.195,16921.6
1729209600000,4.195,4.263,4.133,4.173,23371.6
1729224000000,4.173,4.274,4.155,4.274,27582.5
1729238400000,4.274,4.327,4.253,4.303,24931.4
1729252800000,4.303,4.452,4.272,4.438,51300.5
1729267200000,4.438,4.474,4.377,4.446,32982.3
1729281600000,4.446,4.56,4.421,4.559,32655.6
1729296000000,4.559,4.653,4.474,4.644,51153.2
1729310400000,4.644,4.795,4.632,4.654,91458.3
1729324800000,4.654,4.745,4.654,4.689,40206.4
1729339200000,4.689,4.782,4.687,4.747,52202.5
1729353600000,4.747,4.783,4.689,4.774,38954.9
1729368000000,4.774,4.941,4.767,4.856,54960.1
1729382400000,4.856,4.904,4.741,4.767,45608.7
1729396800000,4.767,4.811,4.684,4.69,32380.2
1729411200000,4.69,4.745,4.685,4.692,15185.5
1729425600000,4.692,4.807,4.671,4.763,42634.7
1729440000000,4.763,4.793,4.731,4.768,12525.8
1729454400000,4.768,5.057,4.756,5.033,73199.4
1729468800000,5.033,5.134,4.961,5.014,58510.0
1729483200000,5.014,5.11,4.961,4.961,45503.1
1729497600000,4.961,4.985,4.765,4.802,54885.1
1729512000000,4.802,4.84,4.732,4.796,40875.1
1729526400000,4.796,4.83,4.707,4.809,26437.2
1729540800000,4.809,4.839,4.787,4.796,14849.1
1729555200000,4.796,4.899,4.704,4.798,36674.1
1729569600000,4.798,4.85,4.79,4.795,12746.5
1729584000000,4.795,4.844,4.745,4.8,27204.0
1729598400000,4.8,4.843,4.715,4.79,45801.9
1729612800000,4.79,4.834,4.739,4.802,20454.3
1729627200000,4.802,4.882,4.793,4.88,20838.5
1729641600000,4.88,4.98,4.82,4.899,42469.5
1729656000000,4.899,4.911,4.767,4.772,19143.9
1729670400000,4.772,4.795,4.636,4.664,39156.6
1729684800000,4.664,4.759,4.608,4.661,46273.4
1729699200000,4.661,4.667,4.501,4.642,46661.9
1729713600000,4.642,4.699,4.596,4.684,17356.8
1729728000000,4.684,4.952,4.622,4.91,56841.4
1729742400000,4.91,5.048,4.868,4.962,52441.3
1729756800000,4.962,5.129,4.827,4.916,66811.2
1729771200000,4.916,4.956,4.766,4.776,51852.7
1729785600000,4.776,4.949,4.74,4.949,40141.9
1729800000000,4.949,5.083,4.911,4.931,56415.2
1729814400000,4.931,4.934,4.689,4.694,38714.9
1729828800000,4.694,4.704,4.55,4.625,51056.5
1729843200000,4.625,4.72,4.58,4.667,32998.9
1729857600000,4.667,4.712,4.592,4.631,32393.5
1729872000000,4.631,4.683,4.452,4.454,71907.3
1729886400000,4.454,4.504,4.103,4.376,91113.8
1729900800000,4.376,4.407,4.285,4.335,42492.3
1729915200000,4.335,4.456,4.327,4.439,26711.2
1729929600000,4.439,4.561,4.428,4.554,23995.2
1729944000000,4.554,4.577,4.43,4.455,26236.7
1729958400000,4.455,4.525,4.446,4.522,17359.0
1729972800000,4.522,4.588,4.49,4.506,14971.7
1729987200000,4.506,4.535,4.461,4.503,9906.6
1730001600000,4.503,4.524,4.472,4.51,8089.6
1730016000000,4.51,4.556,4.461,4.503,14760.9
1730030400000,4.503,4.579,4.481,4.559,19668.8
1730044800000,4.559,4.579,4.483,4.495,12881.1
1730059200000,4.495,4.591,4.472,4.511,26078.2
1730073600000,4.511,4.525,4.372,4.38,20228.2
1730088000000,4.38,4.569,4.316,4.543,41413.8
1730102400000,4.543,4.607,4.483,4.547,34319.6
1730116800000,4.547,4.574,4.421,4.423,40485.0
1730131200000,4.423,4.488,4.381,4.431,30151.7
1730145600000,4.431,4.655,4.429,4.607,36257.0
1730160000000,4.607,4.862,4.607,4.824,59132.3
1730174400000,4.824,4.974,4.817,4.903,44862.5
1730188800000,4.903,5.107,4.903,5.073,79567.7
1730203200000,5.073,5.136,5.034,5.099,81618.8
1730217600000,5.099,5.175,5.018,5.028,51895.7
1730232000000,5.028,5.069,4.972,5.037,26543.0
1730246400000,5.037,5.091,4.91,5.066,30684.0
1730260800000,5.066,5.182,5.045,5.122,41946.7
1730275200000,5.122,5.256,5.094,5.115,71587.9
1730289600000,5.115,5.235,5.035,5.106,85937.4
1730304000000,5.106,5.158,5.06,5.12,32272.9
1730318400000,5.12,5.177,5.074,5.096,39382.2
1730332800000,5.096,5.216,5.092,5.098,42926.5
1730347200000,5.098,5.115,4.956,5.013,31315.4
1730361600000,5.013,5.018,4.939,4.967,20275.3
1730376000000,4.967,4.967,4.776,4.827,54411.5
1730390400000,4.827,4.838,4.74,4.771,27816.8
1730404800000,4.771,4.808,4.751,4.767,18445.0
1730419200000,4.767,4.835,4.683,4.793,32085.1
1730433600000,4.793,4.827,4.655,4.689,32855.0
1730448000000,4.689,4.893,4.688,4.88,30468.2
1730462400000,4.88,5.049,4.715,4.782,79987.0
1730476800000,4.782,4.898,4.771,4.845,45881.4
1730491200000,4.845,4.881,4.737,4.848,26838.5
1730505600000,4.848,4.893,4.768,4.777,18646.1
1730520000000,4.777,4.778,4.722,4.742,13195.0
1730534400000,4.742,4.76,4.671,4.679,13208.5
1730548800000,4.679,4.689,4.578,4.595,36087.8
1730563200000,4.595,4.626,4.563,4.606,12366.1
1730577600000,4.606,4.617,4.545,4.587,10105.4
1730592000000,4.587,4.612,4.431,4.481,29227.6
1730606400000,4.481,4.533,4.468,4.513,12793.2
1730620800000,4.513,4.531,4.451,4.455,18116.1
1730635200000,4.455,4.473,4.215,4.269,65721.1
1730649600000,4.269,4.342,4.233,4.325,32955.7
1730664000000,4.325,4.47,4.3,4.405,29174.2
1730678400000,4.405,4.594,4.334,4.526,40648.7
1730692800000,4.526,4.577,4.435,4.437,19992.0
1730707200000,4.437,4.516,4.401,4.471,24439.1
1730721600000,4.471,4.547,4.326,4.34,43646.0
1730736000000,4.34,4.348,4.219,4.22,41993.9
1730750400000,4.22,4.23,4.043,4.111,64713.9
1730764800000,4.111,4.175,4.081,4.123,38242.2
1730779200000,4.123,4.211,4.112,4.184,34130.7
1730793600000,4.184,4.222,4.129,4.167,35788.4
1730808000000,4.167,4.385,4.125,4.245,96146.7
1730822400000,4.245,4.365,4.184,4.2,55526.7
1730836800000,4.2,4.297,4.179,4.25,27637.9
1730851200000,4.25,4.814,4.243,4.71,131354.7
1730865600000,4.71,5.028,4.674,4.849,149820.6
1730880000000,4.849,4.94,4.735,4.932,79831.4
1730894400000,4.932,4.981,4.851,4.934,70073.3
1730908800000,4.934,5.062,4.934,5.061,61820.8
1730923200000,5.061,5.21,5.032,5.131,52742.7
1730937600000,5.131,5.465,5.061,5.315,150849.3
1730952000000,5.315,5.327,5.101,5.196,70288.9
1730966400000,5.196,5.208,5.077,5.08,39830.0
1730980800000,5.08,5.275,5.021,5.268,58877.4
1730995200000,5.268,5.406,5.194,5.402,72566.7
1731009600000,5.402,5.494,5.332,5.452,60779.8
1731024000000,5.452,5.692,5.417,5.442,95902.2
1731038400000,5.442,5.501,5.378,5.408,32751.3
1731052800000,5.408,5.426,5.358,5.396,33241.4
1731067200000,5.396,5.499,5.294,5.338,57935.0
1731081600000,5.338,5.359,5.155,5.288,73736.6
1731096000000,5.288,5.309,5.205,5.259,33270.2
1731110400000,5.259,5.338,5.182,5.192,39100.9
1731124800000,5.192,5.583,5.174,5.384,89249.3
1731139200000,5.384,5.453,5.371,5.404,54369.5
1731153600000,5.404,5.418,5.23,5.306,77003.9
1731168000000,5.306,5.451,5.216,5.375,66114.9
1731182400000,5.375,5.646,5.37,5.573,64201.3
1731196800000,5.573,5.577,5.396,5.466,61680.7
1731211200000,5.466,5.679,5.453,5.536,96923.2
1731225600000,5.536,5.66,5.51,5.652,71993.3
1731240000000,5.652,5.66,5.44,5.572,116896.9
1731254400000,5.572,5.654,5.386,5.424,79975.6
1731268800000,5.424,5.472,5.121,5.391,99143.0
1731283200000,5.391,5.755,5.351,5.745,106230.6
1731297600000,5.745,5.755,5.417,5.522,98288.7
1731312000000,5.522,5.841,5.512,5.835,85440.8
1731326400000,5.835,6.395,5.659,6.106,320489.5
1731340800000,6.106,6.134,5.872,5.902,188541.8
1731355200000,5.902,5.984,5.693,5.923,111691.2
1731369600000,5.923,5.926,5.706,5.793,89641.7
1731384000000,5.793,5.809,5.655,5.809,73479.7
1731398400000,5.809,5.853,5.135,5.384,198387.9
1731412800000,5.384,5.435,5.21,5.346,81730.1
1731427200000,5.346,5.59,5.259,5.534,81321.9
1731441600000,5.534,5.638,5.47,5.544,57107.4
1731456000000,5.544,5.606,5.269,5.273,111265.7
1731470400000,5.273,5.348,5.051,5.205,83199.0
1731484800000,5.205,5.311,5.135,5.282,116341.8
1731499200000,5.282,5.681,5.242,5.63,193677.6
1731513600000,5.63,5.679,5.345,5.346,120132.3
1731528000000,5.346,5.434,5.223,5.415,75946.0
1731542400000,5.415,5.444,5.277,5.394,85975.6
1731556800000,5.394,5.511,5.345,5.44,77397.5
1731571200000,5.44,5.47,5.156,5.219,54880.4
1731585600000,5.219,5.258,4.981,5.042,84095.4
1731600000000,5.042,5.257,5.013,5.208,87440.8
1731614400000,5.208,5.247,5.045,5.136,95592.9
1731628800000,5.136,5.218,5.075,5.152,68438.0
1731643200000,5.152,5.163,4.954,5.074,69526.9
1731657600000,5.074,5.224,5.012,5.223,61832.3
1731672000000,5.223,5.257,5.0,5.014,54524.1
1731686400000,5.014,5.152,4.988,5.12,60873.3
1731700800000,5.12,5.291,5.114,5.259,51129.7
1731715200000,5.259,5.421,5.192,5.421,67031.2
1731729600000,5.421,5.423,5.288,5.305,27692.4
1731744000000,5.305,5.479,5.296,5.476,34172.7
1731758400000,5.476,5.515,5.244,5.288,47763.4
1731772800000,5.288,5.492,5.254,5.449,42008.9
1731787200000,5.449,5.473,5.377,5.431,26124.8
1731801600000,5.431,5.508,5.104,5.268,69894.0
1731816000000,5.268,5.494,5.26,5.479,62016.7
1731830400000,5.479,5.533,5.338,5.34,41270.4
1731844800000,5.34,5.403,5.224,5.252,45770.1
1731859200000,5.252,5.308,5.16,5.22,34552.8
1731873600000,5.22,5.244,5.098,5.165,29108.3
1731888000000,5.165,5.27,5.136,5.245,25949.3
1731902400000,5.245,5.336,5.2,5.298,34407.8
1731916800000,5.298,5.308,5.133,5.136,23090.4
1731931200000,5.136,5.349,5.112,5.323,57241.9
1731945600000,5.323,5.464,5.234,5.335,61327.0
1731960000000,5.335,5.457,5.297,5.437,33279.2
1731974400000,5.437,5.486,5.326,5.33,27670.9
1731988800000,5.33,5.335,5.216,5.238,21313.9
1732003200000,5.238,5.257,5.157,5.229,24096.9
1732017600000,5.229,5.29,5.127,5.205,50206.4
1732032000000,5.205,5.233,5.146,5.149,34516.5
1732046400000,5.149,5.163,4.966,5.078,55152.7
1732060800000,5.078,5.078,4.878,4.944,35410.0
1732075200000,4.944,4.995,4.902,4.965,23457.7
1732089600000,4.965,5.102,4.952,5.033,33561.5
1732104000000,5.033,5.154,4.962,5.126,29905.1
1732118400000,5.126,5.137,4.805,4.888,55849.1
1732132800000,4.888,4.981,4.852,4.891,17490.2
1732147200000,4.891,4.98,4.723,4.831,34077.0
1732161600000,4.831,4.981,4.824,4.934,33890.1
1732176000000,4.934,4.976,4.83,4.878,31626.5
1732190400000,4.878,5.381,4.867,5.162,114637.5
1732204800000,5.162,5.303,5.162,5.213,42643.1
1732219200000,5.213,5.253,5.157,5.211,19619.0
1732233600000,5.211,5.251,5.133,5.23,30646.8
1732248000000,5.23,5.302,5.152,5.159,21439.8
1732262400000,5.159,5.214,4.991,5.042,53206.3
1732276800000,5.042,5.103,4.893,5.02,52365.1
1732291200000,5.02,5.047,4.915,4.957,19774.3
1732305600000,4.957,5.158,4.937,5.157,28515.1
1732320000000,5.157,5.242,5.107,5.199,38699.9
1732334400000,5.199,5.374,5.194,5.343,44307.1
1732348800000,5.343,5.409,5.264,5.285,26712.2
1732363200000,5.285,5.559,5.271,5.479,50596.9
1732377600000,5.479,5.531,5.233,5.354,73451.7
1732392000000,5.354,5.432,5.211,5.358,41957.9
1732406400000,5.358,5.547,5.329,5.547,36376.1
1732420800000,5.547,5.592,5.463,5.562,32779.2
1732435200000,5.562,5.585,5.191,5.195,66880.7
1732449600000,5.195,5.249,4.962,5.014,95680.6
1732464000000,5.014,5.208,4.992,5.162,41169.8
1732478400000,5.162,5.46,5.145,5.416,46687.0
1732492800000,5.416,5.5,5.258,5.406,50961.3
1732507200000,5.406,5.456,5.351,5.407,25084.5
1732521600000,5.407,5.712,5.399,5.593,65161.2
1732536000000,5.593,5.621,5.221,5.585,92720.9
1732550400000,5.585,5.62,5.294,5.343,55344.6
1732564800000,5.343,5.475,5.141,5.233,70919.6
1732579200000,5.233,5.347,5.196,5.253,40777.4
1732593600000,5.253,5.288,5.077,5.108,45860.0
1732608000000,5.108,5.114,4.759,4.888,95032.9
1732622400000,4.888,5.007,4.795,4.871,78864.5
1732636800000,4.871,4.977,4.761,4.881,69539.8
1732651200000,4.881,5.023,4.864,5.014,36279.9
1732665600000,5.014,5.13,4.944,5.114,32888.1
1732680000000,5.114,5.416,5.098,5.341,75336.6
1732694400000,5.341,5.386,5.239,5.356,38317.8
1732708800000,5.356,5.491,5.261,5.444,103511.1
1732723200000,5.444,5.588,5.414,5.53,82868.1
1732737600000,5.53,5.654,5.484,5.64,59592.9
1732752000000,5.64,5.654,5.377,5.451,76308.0
1732766400000,5.451,5.529,5.394,5.428,25334.8
1732780800000,5.428,5.608,5.39,5.484,47298.5
1732795200000,5.484,5.546,5.307,5.312,37022.4
1732809600000,5.312,5.469,5.301,5.444,25669.1
1732824000000,5.444,5.571,5.396,5.487,28617.5
1732838400000,5.487,5.54,5.401,5.518,29381.2
1732852800000,5.518,5.554,5.419,5.431,23465.0
1732867200000,5.431,5.564,5.43,5.564,20497.6
1732881600000,5.564,5.612,5.448,5.521,37259.4
1732896000000,5.521,5.556,5.434,5.499,25674.2
1732910400000,5.499,5.635,5.496,5.624,21212.1
1732924800000,5.624,5.861,5.503,5.86,76445.1
1732939200000,5.86,5.896,5.769,5.844,46646.7
1732953600000,5.844,5.868,5.589,5.637,46904.7
1732968000000,5.637,5.793,5.634,5.77,37136.7
1732982400000,5.77,5.803,5.726,5.767,20310.9
1732996800000,5.767,5.828,5.75,5.753,16974.4
1733011200000,5.753,5.805,5.59,5.724,41517.9
1733025600000,5.724,5.896,5.708,5.869,50126.6
1733040000000,5.869,5.924,5.734,5.747,35244.1
1733054400000,5.747,5.887,5.737,5.827,27432.9
1733068800000,5.827,5.862,5.763,5.795,19305.2
1733083200000,5.795,5.876,5.684,5.848,33166.0
1733097600000,5.848,6.078,5.824,5.86,100200.0
1733112000000,5.86,5.934,5.629,5.679,79817.0
1733126400000,5.679,5.679,5.365,5.439,81464.1
1733140800000,5.439,5.79,5.419,5.78,68889.9
1733155200000,5.78,5.795,5.459,5.604,58039.8
1733169600000,5.604,5.806,5.587,5.806,45978.9
1733184000000,5.806,6.121,5.762,6.118,111104.3
1733198400000,6.118,6.191,5.896,5.96,77362.2
1733212800000,5.96,6.062,5.883,5.963,64038.2
1733227200000,5.963,6.006,5.394,5.812,152178.6
1733241600000,5.812,6.046,5.808,6.013,73720.0
1733256000000,6.013,6.3,6.002,6.232,81781.9
1733270400000,6.232,6.543,6.226,6.53,132966.0
1733284800000,6.53,6.752,6.524,6.698,82987.7
1733299200000,6.698,6.843,6.572,6.647,103821.5
1733313600000,6.647,6.977,6.528,6.862,103918.8
1733328000000,6.862,6.864,6.438,6.622,110044.3
1733342400000,6.622,6.76,6.33,6.41,83096.8
1733356800000,6.41,6.572,6.104,6.417,119416.2
1733371200000,6.417,6.511,6.322,6.438,40125.9
1733385600000,6.438,6.601,6.42,6.572,38770.7
1733400000000,6.572,6.579,6.335,6.394,64882.2
1733414400000,6.394,6.514,6.212,6.221,53985.7
1733428800000,6.221,6.266,5.894,6.18,95015.6
1733443200000,6.18,6.81,6.142,6.793,158721.9
1733457600000,6.793,6.893,6.662,6.715,66079.5
1733472000000,6.715,6.757,6.521,6.571,51419.8
1733486400000,6.571,6.885,6.387,6.768,89831.8
1733500800000,6.768,7.009,6.739,6.949,91986.5
1733515200000,6.949,7.003,6.779,6.841,34953.7
1733529600000,6.841,6.931,6.746,6.929,33981.0
1733544000000,6.929,7.146,6.856,6.897,90033.2
1733558400000,6.897,6.911,6.763,6.88,35247.5
1733572800000,6.88,6.917,6.793,6.855,18326.2
1733587200000,6.855,6.857,6.729,6.755,23762.4
1733601600000,6.755,6.797,6.717,6.734,14366.0
1733616000000,6.734,6.867,6.729,6.733,23948.3
1733630400000,6.733,6.755,6.61,6.71,33047.2
1733644800000,6.71,6.713,6.516,6.641,39547.1
1733659200000,6.641,6.748,6.596,6.705,19470.0
1733673600000,6.705,6.715,6.571,6.678,17995.3
1733688000000,6.678,6.77,6.652,6.744,15797.7
1733702400000,6.744,6.746,6.383,6.453,46381.5
1733716800000,6.453,6.506,6.271,6.329,33758.1
1733731200000,6.329,6.33,6.074,6.125,57462.0
1733745600000,6.125,6.388,6.061,6.153,56966.2
1733760000000,6.153,6.218,6.077,6.08,43535.6
1733774400000,6.08,6.109,4.954,5.693,241238.0
1733788800000,5.693,5.851,5.323,5.566,86246.4
1733803200000,5.566,5.905,5.465,5.854,51835.6
1733817600000,5.854,5.969,5.787,5.915,61603.0
1733832000000,5.915,5.934,5.519,5.527,130894.6
1733846400000,5.527,5.799,5.433,5.789,105928.7
1733860800000,5.789,5.925,5.76,5.877,33420.9
1733875200000,5.877,5.911,5.618,5.825,44445.8
1733889600000,5.825,5.859,5.684,5.686,18478.2
1733904000000,5.686,5.944,5.677,5.91,28354.3
1733918400000,5.91,6.218,5.907,6.159,56096.3
1733932800000,6.159,6.201,5.985,6.109,84471.3
1733947200000,6.109,6.166,6.091,6.127,15784.6
1733961600000,6.127,6.342,6.074,6.296,52380.5
1733976000000,6.296,6.37,6.206,6.221,42775.6
1733990400000,6.221,6.291,6.059,6.084,33714.0
1734004800000,6.084,6.237,6.039,6.12,64247.4
1734019200000,6.12,6.234,5.922,5.943,55532.4
1734033600000,5.943,6.081,5.877,6.08,32993.9
1734048000000,6.08,6.144,5.95,6.137,31642.0
1734062400000,6.137,6.142,5.898,5.946,37220.6
1734076800000,5.946,6.09,5.922,6.011,32358.2
1734091200000,6.011,6.071,5.866,5.877,36887.5
1734105600000,5.877,5.974,5.864,5.931,31116.5
1734120000000,5.931,6.027,5.841,5.938,37866.8
1734134400000,5.938,6.096,5.916,5.962,33255.5
1734148800000,5.962,6.018,5.913,5.947,11149.9
1734163200000,5.947,6.004,5.841,5.869,13634.8
1734177600000,5.869,5.88,5.731,5.782,23446.0
1734192000000,5.782,5.789,5.638,5.72,13024.2
1734206400000,5.72,5.867,5.661,5.859,24063.5
1734220800000,5.859,5.973,5.796,5.86,23741.7
1734235200000,5.86,5.951,5.734,5.79,22593.1
1734249600000,5.79,5.888,5.776,5.878,17258.0
1734264000000,5.878,6.0,5.846,5.984,26999.0
1734278400000,5.984,6.059,5.937,5.981,24410.4
1734292800000,5.981,6.2,5.809,6.171,41281.4
1734307200000,6.171,6.279,6.01,6.024,54082.2
1734321600000,6.024,6.167,6.007,6.133,17087.7
1734336000000,6.133,6.158,6.007,6.014,43031.8
1734350400000,6.014,6.394,5.951,6.266,90814.7
1734364800000,6.266,6.449,6.17,6.397,66135.5
1734379200000,6.397,6.444,6.265,6.301,26792.9
1734393600000,6.301,6.349,6.146,6.341,41964.3
1734408000000,6.341,6.345,6.023,6.033,43113.4
1734422400000,6.033,6.229,6.032,6.161,29707.1
1734436800000,6.161,6.188,5.909,5.939,46221.8
1734451200000,5.939,6.112,5.891,6.071,22257.8
1734465600000,6.071,6.171,5.945,6.029,38559.3
1734480000000,6.029,6.184,5.967,6.104,42314.0
1734494400000,6.104,6.267,5.968,6.236,50227.6
1734508800000,6.236,6.386,6.158,6.383,56573.3
1734523200000,6.383,6.41,6.076,6.197,60407.0
1734537600000,6.197,6.487,6.145,6.248,92901.0
1734552000000,6.248,6.298,5.693,5.697,144696.4
1734566400000,5.697,5.816,5.405,5.756,91485.8
1734580800000,5.756,5.851,5.71,5.782,29460.3
1734595200000,5.782,5.856,5.684,5.784,29189.1
1734609600000,5.784,5.784,5.397,5.477,63829.0
1734624000000,5.477,5.482,4.829,4.921,199516.6
1734638400000,4.921,5.023,4.76,4.828,113630.2
1734652800000,4.828,5.018,4.742,4.902,58070.1
1734667200000,4.902,4.944,4.65,4.7,67686.9
1734681600000,4.7,4.704,4.13,4.154,179676.3
1734696000000,4.154,4.762,4.144,4.705,117952.6
1734710400000,4.705,5.328,4.667,5.316,105871.7
1734724800000,5.316,5.445,5.052,5.439,59583.7
1734739200000,5.439,5.449,5.316,5.346,29208.2
1734753600000,5.346,5.597,5.346,5.516,30389.9
1734768000000,5.516,5.555,5.308,5.365,28890.6
1734782400000,5.365,5.377,5.065,5.184,56035.6
1734796800000,5.184,5.188,4.958,5.034,40579.1
1734811200000,5.034,5.09,4.955,5.055,27207.8
1734825600000,5.055,5.125,4.94,5.048,28411.2
1734840000000,5.048,5.057,4.877,4.989,24581.7
1734854400000,4.989,5.145,4.989,5.082,16935.7
1734868800000,5.082,5.136,4.864,4.945,39260.8
1734883200000,4.945,5.041,4.856,4.875,27502.6
1734897600000,4.875,5.02,4.825,4.947,26822.8
1734912000000,4.947,5.102,4.808,5.087,33432.6
1734926400000,5.087,5.111,4.885,4.982,27022.3
1734940800000,4.982,5.084,4.952,5.041,16198.6
1734955200000,5.041,5.117,4.92,4.933,31842.5
1734969600000,4.933,5.117,4.926,5.05,33556.9
1734984000000,5.05,5.38,5.046,5.277,44346.6
1734998400000,5.277,5.289,5.111,5.208,23021.0
1735012800000,5.208,5.31,5.191,5.226,16503.9
1735027200000,5.226,5.265,5.136,5.223,17182.2
1735041600000,5.223,5.442,5.184,5.397,25287.3
1735056000000,5.397,5.447,5.311,5.311,14678.8
1735070400000,5.311,5.386,5.236,5.369,14786.6
1735084800000,5.369,5.369,5.269,5.293,10779.4
1735099200000,5.293,5.368,5.256,5.263,9677.2
1735113600000,5.263,5.41,5.223,5.232,21052.4
1735128000000,5.232,5.322,5.213,5.229,18378.7
1735142400000,5.229,5.278,5.171,5.266,11554.4
1735156800000,5.266,5.316,5.196,5.313,10869.0
1735171200000,5.313,5.35,5.183,5.224,20790.0
1735185600000,5.224,5.224,5.133,5.137,13952.8
1735200000000,5.137,5.144,4.944,4.979,25312.5
1735214400000,4.979,4.983,4.867,4.887,32798.6
1735228800000,4.887,4.937,4.832,4.883,14212.9
1735243200000,4.883,4.934,4.824,4.889,8255.9
1735257600000,4.889,5.073,4.86,5.035,26174.3
1735272000000,5.035,5.138,4.963,4.992,22045.2
1735286400000,4.992,5.287,4.992,5.285,25799.3
1735300800000,5.285,5.346,5.104,5.136,42598.2
1735315200000,5.136,5.314,5.107,5.288,27086.8
1735329600000,5.288,5.293,5.15,5.266,23841.6
1735344000000,5.266,5.283,5.156,5.208,16442.4
1735358400000,5.208,5.294,5.164,5.173,19947.8
1735372800000,5.173,5.247,5.131,5.182,15413.9
1735387200000,5.182,5.388,5.15,5.305,31906.3
1735401600000,5.305,5.443,5.297,5.381,14426.5
1735416000000,5.381,5.472,5.36,5.441,11082.6
1735430400000,5.441,5.449,5.343,5.398,9783.3
1735444800000,5.398,5.438,5.349,5.434,5495.2
1735459200000,5.434,5.446,5.373,5.373,8246.8
1735473600000,5.373,5.422,5.297,5.389,21054.5
1735488000000,5.389,5.404,5.335,5.344,12872.4
1735502400000,5.344,5.344,5.188,5.274,22667.0
1735516800000,5.274,5.516,5.255,5.357,28558.3
1735531200000,5.357,5.427,5.294,5.422,22062.2
1735545600000,5.422,5.469,5.351,5.462,10484.7
1735560000000,5.462,5.497,5.123,5.124,53321.5
1735574400000,5.124,5.237,5.024,5.174,46528.8
1735588800000,5.174,5.238,5.069,5.081,36186.0
1735603200000,5.081,5.084,4.936,4.943,29491.1
1735617600000,4.943,4.964,4.889,4.905,11981.6
1735632000000,4.905,5.056,4.899,5.018,19119.1
1735646400000,5.018,5.235,4.982,5.117,32035.8
1735660800000,5.117,5.138,4.924,4.955,19208.1
1735675200000,4.955,4.98,4.859,4.865,12109.6
1735689600000,4.865,4.973,4.859,4.941,7375.3
1735704000000,4.941,4.941,4.88,4.913,4993.6
1735718400000,4.913,4.913,4.805,4.846,12937.8
1735732800000,4.846,5.009,4.826,5.006,16673.7
1735747200000,5.006,5.067,4.919,5.051,15258.5
1735761600000,5.051,5.123,5.042,5.081,13319.2
1735776000000,5.081,5.227,5.068,5.192,21701.8
1735790400000,5.192,5.354,5.185,5.354,22530.4
1735804800000,5.354,5.429,5.311,5.389,28090.2
1735819200000,5.389,5.416,5.274,5.29,18402.4
1735833600000,5.29,5.348,5.216,5.282,14120.6
1735848000000,5.282,5.325,5.2,5.255,8539.9
1735862400000,5.255,5.292,5.213,5.257,9838.7
1735876800000,5.257,5.259,5.136,5.136,8914.4
1735891200000,5.136,5.276,5.114,5.264,11714.6
1735905600000,5.264,5.507,5.257,5.499,33493.2
1735920000000,5.499,5.588,5.479,5.567,26108.7
1735934400000,5.567,5.59,5.513,5.545,14166.9
1735948800000,5.545,5.577,5.451,5.503,14607.5
1735963200000,5.503,5.505,5.444,5.485,9293.6
1735977600000,5.485,5.49,5.38,5.423,12833.0
1735992000000,5.423,5.554,5.384,5.394,22051.6
1736006400000,5.394,5.46,5.39,5.428,9425.5
1736020800000,5.428,5.484,5.414,5.418,8796.5
1736035200000,5.418,5.447,5.341,5.374,10068.0
1736049600000,5.374,5.418,5.353,5.354,5405.9
1736064000000,5.354,5.364,5.264,5.296,13620.5
1736078400000,5.296,5.316,5.217,5.267,10922.0
1736092800000,5.267,5.316,5.231,5.316,12478.7
1736107200000,5.316,5.4,5.293,5.383,11205.6
1736121600000,5.383,5.425,5.258,5.38,26838.0
1736136000000,5.38,5.417,5.297,5.314,9684.6
1736150400000,5.314,5.361,5.257,5.359,10268.5
1736164800000,5.359,5.497,5.282,5.497,18551.9
1736179200000,5.497,5.542,5.344,5.409,13573.0
1736193600000,5.409,5.442,5.34,5.373,5930.7
1736208000000,5.373,5.409,5.258,5.28,14431.1
1736222400000,5.28,5.29,5.238,5.244,5541.5
1736236800000,5.244,5.28,5.135,5.168,9238.4
1736251200000,5.168,5.214,4.886,4.933,69123.1
1736265600000,4.933,4.979,4.779,4.799,33315.9
1736280000000,4.799,4.856,4.742,4.746,25771.2
1736294400000,4.746,4.8,4.584,4.609,29874.0
1736308800000,4.609,4.635,4.414,4.486,28473.1
1736323200000,4.486,4.53,4.37,4.417,23710.5
1736337600000,4.417,4.44,4.234,4.268,72447.2
1736352000000,4.268,4.303,4.029,4.184,86662.5
1736366400000,4.184,4.29,4.148,4.263,26005.1
1736380800000,4.263,4.335,4.182,4.193,32490.6
1736395200000,4.193,4.226,4.065,4.068,12874.4
1736409600000,4.068,4.207,4.061,4.163,24603.5
1736424000000,4.163,4.193,3.901,4.164,70644.2
1736438400000,4.164,4.182,3.928,3.933,34725.9
1736452800000,3.933,4.003,3.864,3.934,38863.6
1736467200000,3.934,4.039,3.898,4.016,35292.1
1736481600000,4.016,4.191,3.982,4.149,27398.5
1736496000000,4.149,4.183,4.092,4.122,25295.9
1736510400000,4.122,4.131,3.871,3.963,68241.9
1736524800000,3.963,4.09,3.893,4.011,38736.3
1736539200000,4.011,4.013,3.917,3.938,23361.5
1736553600000,3.938,3.951,3.823,3.834,32667.8
1736568000000,3.834,3.93,3.823,3.892,12705.6
1736582400000,3.892,3.964,3.855,3.946,10814.6
1736596800000,3.946,3.955,3.852,3.869,14309.9
1736611200000,3.869,3.883,3.834,3.869,17193.9
1736625600000,3.869,4.013,3.852,3.933,23433.9
1736640000000,3.933,3.959,3.898,3.933,9289.5
1736654400000,3.933,3.944,3.898,3.936,12810.1
1736668800000,3.936,3.938,3.862,3.929,12680.8
1736683200000,3.929,4.085,3.911,4.054,21515.5
1736697600000,4.054,4.073,3.991,4.0,15869.1
1736712000000,4.0,4.021,3.9,3.954,14053.2
1736726400000,3.954,4.148,3.773,3.798,64403.0
1736740800000,3.798,3.872,3.698,3.747,23381.6
1736755200000,3.747,3.755,3.402,3.402,85330.6
1736769600000,3.402,3.682,3.4,3.603,96244.2
1736784000000,3.603,3.616,3.425,3.535,40988.4
1736798400000,3.535,3.804,3.504,3.732,78674.4
1736812800000,3.732,3.796,3.686,3.752,26235.4
1736827200000,3.752,3.817,3.734,3.738,10151.2
1736841600000,3.738,3.896,3.738,3.767,29653.7
1736856000000,3.767,3.869,3.709,3.798,40453.6
1736870400000,3.798,3.835,3.753,3.803,20698.9
1736884800000,3.803,3.874,3.768,3.837,15700.6
1736899200000,3.837,3.866,3.731,3.804,26342.2
1736913600000,3.804,3.828,3.726,3.757,9543.4
1736928000000,3.757,3.782,3.626,3.658,25184.9
1736942400000,3.658,3.985,3.614,3.938,84796.5
1736956800000,3.938,4.045,3.896,4.035,35377.6
1736971200000,4.035,4.085,3.962,4.035,30083.2
1736985600000,4.035,4.044,3.856,3.886,38305.4
1737000000000,3.886,3.905,3.857,3.873,11820.5
1737014400000,3.873,3.883,3.756,3.849,24282.0
1737028800000,3.849,3.937,3.737,3.835,51218.7
1737043200000,3.835,3.909,3.832,3.906,23976.4
1737057600000,3.906,3.922,3.777,3.8,19256.5
1737072000000,3.8,3.976,3.79,3.942,38084.5
1737086400000,3.942,4.02,3.923,3.986,15272.6
1737100800000,3.986,4.148,3.986,4.133,33410.6
1737115200000,4.133,4.378,4.098,4.237,152624.1
1737129600000,4.237,4.319,4.21,4.257,38509.1
1737144000000,4.257,4.394,4.252,4.351,37108.1
1737158400000,4.351,4.409,4.137,4.154,38286.1
1737172800000,4.154,4.19,3.971,3.986,40880.6
1737187200000,3.986,4.109,3.934,4.085,34364.2
1737201600000,4.085,4.149,4.029,4.086,40760.6
1737216000000,4.086,4.133,3.975,4.026,39839.1
1737230400000,4.026,4.06,3.939,4.018,20767.9
1737244800000,4.018,4.137,3.993,4.051,24775.2
1737259200000,4.051,4.055,3.878,3.88,27587.6
1737273600000,3.88,3.882,3.625,3.671,100730.1
1737288000000,3.671,4.157,3.667,4.091,93040.7
1737302400000,4.091,4.164,4.052,4.129,29571.5
1737316800000,4.129,4.149,3.591,3.669,159535.3
1737331200000,3.669,3.704,3.506,3.678,92441.2
1737345600000,3.678,4.035,3.628,3.978,88777.6
1737360000000,3.978,4.109,3.962,4.055,70650.0
1737374400000,4.055,4.056,3.885,3.914,44991.0
1737388800000,3.914,3.978,3.682,3.865,71331.2
1737403200000,3.865,3.929,3.72,3.736,35861.3
1737417600000,3.736,3.749,3.577,3.59,40136.5
1737432000000,3.59,3.624,3.53,3.588,20070.5
1737446400000,3.588,3.759,3.531,3.724,36487.7
1737460800000,3.724,3.772,3.639,3.681,31461.6
1737475200000,3.681,3.897,3.666,3.832,37124.1
1737489600000,3.832,3.867,3.77,3.793,16841.1
1737504000000,3.793,3.873,3.73,3.751,18254.0
1737518400000,3.751,3.772,3.701,3.703,9972.9
1737532800000,3.703,3.736,3.654,3.721,21233.8
1737547200000,3.721,3.735,3.615,3.652,17200.4
1737561600000,3.652,3.699,3.615,3.647,18207.3
1737576000000,3.647,3.679,3.567,3.595,12560.9
1737590400000,3.595,3.595,3.461,3.465,31444.9
1737604800000,3.465,3.51,3.424,3.508,15594.1
1737619200000,3.508,3.518,3.428,3.454,10948.2
1737633600000,3.454,3.622,3.417,3.551,38457.1
1737648000000,3.551,3.648,3.439,3.45,27085.9
1737662400000,3.45,3.613,3.432,3.592,36195.1
1737676800000,3.592,3.62,3.423,3.478,24397.4
1737691200000,3.478,3.695,3.455,3.643,24554.8
1737705600000,3.643,3.797,3.623,3.776,36662.3
1737720000000,3.776,4.022,3.743,3.859,125472.8
1737734400000,3.859,3.875,3.77,3.781,21689.9
1737748800000,3.781,3.801,3.632,3.658,24212.2
1737763200000,3.658,3.75,3.562,3.744,31975.7
1737777600000,3.744,3.744,3.607,3.612,16115.2
1737792000000,3.612,3.683,3.573,3.678,12454.0
1737806400000,3.678,3.766,3.634,3.759,20978.6
1737820800000,3.759,3.79,3.72,3.732,17511.4
1737835200000,3.732,3.766,3.694,3.701,7441.0
1737849600000,3.701,3.824,3.688,3.79,25370.4
1737864000000,3.79,3.858,3.732,3.751,22573.7
1737878400000,3.751,3.781,3.71,3.732,31352.8
1737892800000,3.732,3.958,3.724,3.872,73672.2
1737907200000,3.872,3.908,3.83,3.869,17523.1
1737921600000,3.869,3.89,3.662,3.667,24691.6
1737936000000,3.667,3.693,3.46,3.514,45259.6
1737950400000,3.514,3.518,3.281,3.352,58038.0
1737964800000,3.352,3.438,3.284,3.324,50079.4
1737979200000,3.324,3.547,3.322,3.516,71157.8
1737993600000,3.516,3.531,3.364,3.392,19638.7
1738008000000,3.392,3.601,3.392,3.514,19443.2
1738022400000,3.514,3.593,3.472,3.583,13859.0
1738036800000,3.583,3.621,3.544,3.578,15498.7
1738051200000,3.578,3.584,3.517,3.544,9591.4
1738065600000,3.544,3.557,3.403,3.449,34028.2
1738080000000,3.449,3.454,3.339,3.365,20052.0
1738094400000,3.365,3.378,3.116,3.143,38395.5
1738108800000,3.143,3.313,3.128,3.244,57547.8
1738123200000,3.244,3.304,3.223,3.284,12887.2
1738137600000,3.284,3.301,3.203,3.229,10545.6
1738152000000,3.229,3.251,3.134,3.186,23772.5
1738166400000,3.186,3.333,3.131,3.291,42876.4
1738180800000,3.291,3.443,3.259,3.284,39734.2
1738195200000,3.284,3.402,3.239,3.402,16933.3
1738209600000,3.402,3.427,3.349,3.383,16817.0
1738224000000,3.383,3.571,3.363,3.567,36827.7
1738238400000,3.567,3.66,3.486,3.603,37587.9
1738252800000,3.603,3.66,3.572,3.615,31129.5
1738267200000,3.615,3.624,3.562,3.565,14589.0
1738281600000,3.565,3.617,3.502,3.542,18788.0
1738296000000,3.542,3.637,3.488,3.582,18183.5
1738310400000,3.582,3.83,3.553,3.82,47320.9
1738324800000,3.82,3.975,3.744,3.955,77250.4
1738339200000,3.955,4.02,3.744,3.795,104404.8
1738353600000,3.795,3.795,3.673,3.736,24105.8
1738368000000,3.736,3.793,3.666,3.681,23559.5
1738382400000,3.681,3.729,3.628,3.642,17096.7
1738396800000,3.642,3.661,3.556,3.635,18478.9
1738411200000,3.635,3.655,3.555,3.577,15747.9
1738425600000,3.577,3.598,3.422,3.438,23698.0
1738440000000,3.438,3.445,3.238,3.264,43876.7
1738454400000,3.264,3.362,3.184,3.198,35549.0
1738468800000,3.198,3.286,3.168,3.18,48749.1
1738483200000,3.18,3.216,3.088,3.107,50298.1
1738497600000,3.107,3.205,3.074,3.111,37573.0
1738512000000,3.111,3.115,2.756,2.917,148668.5
1738526400000,2.917,2.965,2.575,2.675,152429.9
1738540800000,2.675,2.678,2.001,2.386,399745.4
1738555200000,2.386,2.621,2.291,2.615,88656.8
1738569600000,2.615,2.66,2.496,2.607,100866.4
1738584000000,2.607,3.174,2.485,3.086,306064.1
1738598400000,3.086,3.101,2.934,3.094,81207.5
1738612800000,3.094,3.186,2.98,3.115,57812.5
1738627200000,3.115,3.231,2.981,3.013,78712.7
1738641600000,3.013,3.058,2.743,2.758,70510.7
1738656000000,2.758,2.965,2.707,2.909,72657.9
1738670400000,2.909,3.073,2.795,2.874,119671.4
1738684800000,2.874,2.989,2.832,2.832,45074.3
1738699200000,2.832,2.862,2.633,2.804,103381.5
1738713600000,2.804,2.87,2.786,2.805,56445.2
1738728000000,2.805,2.875,2.779,2.829,32240.6
1738742400000,2.829,2.898,2.803,2.868,29525.5
1738756800000,2.868,3.097,2.86,2.981,91564.6
1738771200000,2.981,3.035,2.903,3.015,77501.2
1738785600000,3.015,3.055,2.927,3.001,60718.7
1738800000000,3.001,3.043,2.902,3.005,53400.3
1738814400000,3.005,3.097,2.973,3.082,55514.8
1738828800000,3.082,3.115,2.98,3.05,68891.9
1738843200000,3.05,3.167,2.908,2.936,120294.5
1738857600000,2.936,3.007,2.908,2.921,48817.6
1738872000000,2.921,2.991,2.868,2.89,39672.8
1738886400000,2.89,3.044,2.884,3.013,42526.6
1738900800000,3.013,3.063,2.938,3.027,43577.4
1738915200000,3.027,3.324,3.013,3.299,141548.0
1738929600000,3.299,3.785,3.263,3.446,265384.7
1738944000000,3.446,3.45,3.226,3.256,138897.9
1738958400000,3.256,3.264,3.014,3.151,110065.3
1738972800000,3.151,3.31,3.129,3.244,125014.6
1738987200000,3.244,3.294,3.014,3.079,90367.2
1739001600000,3.079,3.081,2.945,2.982,55225.2
1739016000000,2.982,3.064,2.961,2.983,102349.5
1739030400000,2.983,3.288,2.956,3.249,93168.9
1739044800000,3.249,3.252,3.175,3.24,34177.7
1739059200000,3.24,3.319,3.179,3.283,44372.0
1739073600000,3.283,3.311,3.148,3.2,51103.4
1739088000000,3.2,3.225,3.133,3.152,24494.8
1739102400000,3.152,3.196,3.087,3.192,41676.1
1739116800000,3.192,3.245,3.148,3.172,27862.7
1739131200000,3.172,3.236,3.014,3.18,73550.3
1739145600000,3.18,3.279,3.116,3.23,67810.3
1739160000000,3.23,3.432,3.21,3.389,67463.8
1739174400000,3.389,3.454,3.306,3.331,56367.3
1739188800000,3.331,3.399,3.282,3.315,43356.1
1739203200000,3.315,3.491,3.304,3.435,46608.5
1739217600000,3.435,3.536,3.409,3.472,43853.3
1739232000000,3.472,3.693,3.439,3.556,67558.6
1739246400000,3.556,3.748,3.531,3.679,46452.4
1739260800000,3.679,3.718,3.551,3.658,42988.7
1739275200000,3.658,3.66,3.513,3.578,57183.9
1739289600000,3.578,3.599,3.439,3.465,41150.4
1739304000000,3.465,3.663,3.459,3.613,48495.0
1739318400000,3.613,3.679,3.473,3.478,45103.7
1739332800000,3.478,3.549,3.438,3.519,31847.0
1739347200000,3.519,3.572,3.487,3.502,20953.7
1739361600000,3.502,3.554,3.266,3.424,90061.3
1739376000000,3.424,3.602,3.373,3.534,57135.5
1739390400000,3.534,3.709,3.512,3.598,47276.3
1739404800000,3.598,3.625,3.534,3.598,33535.4
1739419200000,3.598,3.607,3.413,3.424,24685.9
1739433600000,3.424,3.462,3.356,3.381,33168.4
1739448000000,3.381,3.398,3.278,3.334,71546.3
1739462400000,3.334,3.405,3.275,3.357,33801.4
1739476800000,3.357,3.433,3.355,3.404,21043.8
1739491200000,3.404,3.538,3.354,3.528,25056.2
1739505600000,3.528,3.591,3.467,3.546,30708.0
1739520000000,3.546,3.596,3.484,3.503,34411.9
1739534400000,3.503,3.635,3.482,3.588,35621.0
1739548800000,3.588,3.681,3.544,3.66,32808.1
1739563200000,3.66,3.738,3.624,3.678,34201.7
1739577600000,3.678,3.8,3.624,3.738,40921.9
1739592000000,3.738,3.769,3.641,3.645,30952.7
1739606400000,3.645,3.719,3.618,3.686,22299.8
1739620800000,3.686,3.713,3.593,3.635,19383.2
1739635200000,3.635,3.69,3.599,3.647,17852.9
1739649600000,3.647,3.667,3.617,3.627,9520.8
1739664000000,3.627,3.644,3.571,3.615,15495.1
1739678400000,3.615,3.621,3.53,3.545,19912.7
1739692800000,3.545,3.587,3.513,3.579,19217.1
1739707200000,3.579,3.618,3.506,3.596,21209.9
1739721600000,3.596,3.655,3.528,3.543,26154.4
1739736000000,3.543,3.611,3.535,3.543,15393.1
1739750400000,3.543,3.568,3.478,3.498,22160.1
1739764800000,3.498,3.498,3.38,3.456,29034.3
1739779200000,3.456,3.666,3.434,3.584,39072.5
1739793600000,3.584,3.723,3.545,3.555,42603.3
1739808000000,3.555,3.555,3.397,3.44,35136.1
1739822400000,3.44,3.514,3.426,3.443,20938.3
1739836800000,3.443,3.456,3.313,3.333,54255.0
1739851200000,3.333,3.354,3.214,3.236,33405.2
1739865600000,3.236,3.268,3.173,3.216,31856.2
1739880000000,3.216,3.329,3.161,3.178,39874.5
1739894400000,3.178,3.202,3.089,3.18,43162.7
1739908800000,3.18,3.239,3.134,3.232,29259.5
1739923200000,3.232,3.263,3.185,3.255,17307.4
1739937600000,3.255,3.308,3.201,3.282,12438.0
1739952000000,3.282,3.346,3.26,3.322,16555.6
1739966400000,3.322,3.323,3.201,3.226,25944.0
1739980800000,3.226,3.295,3.221,3.262,11477.9
1739995200000,3.262,3.324,3.255,3.288,15798.1
1740009600000,3.288,3.442,3.278,3.43,22745.7
1740024000000,3.43,3.483,3.409,3.43,15687.2
1740038400000,3.43,3.488,3.406,3.457,17274.3
1740052800000,3.457,3.492,3.372,3.4,30001.6
1740067200000,3.4,3.548,3.387,3.509,31368.8
1740081600000,3.509,3.558,3.499,3.55,19178.0
1740096000000,3.55,3.572,3.479,3.535,16198.4
1740110400000,3.535,3.648,3.531,3.597,22851.2
1740124800000,3.597,3.701,3.583,3.605,25501.4
1740139200000,3.605,3.727,3.413,3.472,61216.8
1740153600000,3.472,3.574,3.325,3.366,77640.8
1740168000000,3.366,3.426,3.353,3.394,46319.4
1740182400000,3.394,3.451,3.376,3.413,25275.6
1740196800000,3.413,3.441,3.38,3.381,19517.3
1740211200000,3.381,3.51,3.362,3.489,24421.7
1740225600000,3.489,3.513,3.453,3.506,13520.4
1740240000000,3.506,3.56,3.489,3.497,20914.6
1740254400000,3.497,3.506,3.462,3.497,11123.1
1740268800000,3.497,3.517,3.433,3.457,24190.0
1740283200000,3.457,3.572,3.431,3.57,15914.2
1740297600000,3.57,3.572,3.454,3.471,18693.6
1740312000000,3.471,3.534,3.437,3.449,15398.2
1740326400000,3.449,3.498,3.431,3.436,16936.1
1740340800000,3.436,3.44,3.378,3.416,15381.9
1740355200000,3.416,3.449,3.209,3.221,33545.1
1740369600000,3.221,3.282,3.155,3.252,28525.0
1740384000000,3.252,3.263,3.171,3.222,22175.6
1740398400000,3.222,3.241,3.093,3.123,35404.9
1740412800000,3.123,3.184,3.077,3.101,31498.0
1740427200000,3.101,3.163,2.881,2.938,55179.2
1740441600000,2.938,2.98,2.845,2.917,54121.0
1740456000000,2.917,2.946,2.732,2.824,72899.4
1740470400000,2.824,2.914,2.764,2.902,64899.3
1740484800000,2.902,2.926,2.756,2.821,54351.1
1740499200000,2.821,2.868,2.767,2.868,34235.4
1740513600000,2.868,2.951,2.85,2.893,31742.4
1740528000000,2.893,2.95,2.861,2.928,29717.7
1740542400000,2.928,2.962,2.878,2.896,15689.9
1740556800000,2.896,2.932,2.862,2.866,14763.0
1740571200000,2.866,2.897,2.743,2.854,55530.3
1740585600000,2.854,2.868,2.672,2.696,44464.4
1740600000000,2.696,2.833,2.633,2.748,51609.4
1740614400000,2.748,2.794,2.709,2.774,26849.7
1740628800000,2.774,2.881,2.737,2.862,33080.0
1740643200000,2.862,3.029,2.852,2.944,52928.1
1740657600000,2.944,2.949,2.812,2.878,44720.0
1740672000000,2.878,2.914,2.836,2.855,33687.2
1740686400000,2.855,2.94,2.796,2.94,43851.1
1740700800000,2.94,2.955,2.714,2.72,81036.6
1740715200000,2.72,2.744,2.64,2.692,44063.8
1740729600000,2.692,2.817,2.642,2.788,47462.6
1740744000000,2.788,2.949,2.753,2.938,57565.3
1740758400000,2.938,2.951,2.831,2.896,63227.0
1740772800000,2.896,2.916,2.851,2.872,19933.9
1740787200000,2.872,2.91,2.821,2.888,25262.7
1740801600000,2.888,2.918,2.82,2.837,16274.8
1740816000000,2.837,2.873,2.766,2.785,24221.3
1740830400000,2.785,2.811,2.757,2.807,22930.7
1740844800000,2.807,2.873,2.792,2.849,12028.7
1740859200000,2.849,2.89,2.829,2.854,12074.2
1740873600000,2.854,2.857,2.811,2.829,9375.7
1740888000000,2.829,2.845,2.796,2.799,11708.9
1740902400000,2.799,2.849,2.788,2.818,9290.0
1740916800000,2.818,2.899,2.734,2.828,35559.5
1740931200000,2.828,3.093,2.828,3.067,75334.8
1740945600000,3.067,3.128,3.05,3.082,34693.6
1740960000000,3.082,3.087,2.922,2.943,27632.5
1740974400000,2.943,2.969,2.824,2.873,19878.2
1740988800000,2.873,2.875,2.792,2.817,24394.7
1741003200000,2.817,2.866,2.691,2.691,57926.9
1741017600000,2.691,2.707,2.442,2.455,71651.0
1741032000000,2.455,2.518,2.437,2.466,42083.3
1741046400000,2.466,2.491,2.216,2.362,135886.3
1741060800000,2.362,2.42,2.352,2.354,26097.8
1741075200000,2.354,2.389,2.328,2.358,24533.4
1741089600000,2.358,2.429,2.257,2.321,92774.6
1741104000000,2.321,2.488,2.215,2.479,67187.3
1741118400000,2.479,2.524,2.409,2.471,26915.2
1741132800000,2.471,2.488,2.426,2.439,22670.0
1741147200000,2.439,2.546,2.438,2.541,23683.9
1741161600000,2.541,2.631,2.494,2.498,69858.6
1741176000000,2.498,2.528,2.416,2.451,37606.8
1741190400000,2.451,2.527,2.413,2.516,25035.6
1741204800000,2.516,2.546,2.506,2.522,18221.9
1741219200000,2.522,2.559,2.446,2.538,52521.3
1741233600000,2.538,2.654,2.512,2.606,46428.7
1741248000000,2.606,2.647,2.556,2.587,25147.5
1741262400000,2.587,2.595,2.458,2.531,34438.9
1741276800000,2.531,2.544,2.423,2.442,33794.8
1741291200000,2.442,2.493,2.431,2.445,16867.7
1741305600000,2.445,2.476,2.307,2.384,53254.0
1741320000000,2.384,2.437,2.379,2.425,18985.9
1741334400000,2.425,2.487,2.399,2.429,38490.0
1741348800000,2.429,2.553,2.399,2.51,50693.7
1741363200000,2.51,2.539,2.433,2.503,33388.5
1741377600000,2.503,2.512,2.388,2.418,27745.2
1741392000000,2.418,2.43,2.358,2.398,15846.5
1741406400000,2.398,2.428,2.384,2.414,10580.1
1741420800000,2.414,2.424,2.369,2.385,12070.9
1741435200000,2.385,2.433,2.372,2.396,16202.9
1741449600000,2.396,2.434,2.357,2.425,12680.6
1741464000000,2.425,2.428,2.377,2.392,6159.7
1741478400000,2.392,2.399,2.308,2.328,18364.6
1741492800000,2.328,2.342,2.305,2.317,8578.3
1741507200000,2.317,2.32,2.206,2.241,22613.0
1741521600000,2.241,2.253,2.13,2.15,45117.4
1741536000000,2.15,2.155,2.021,2.07,76990.0
1741550400000,2.07,2.096,2.021,2.062,36656.4
1741564800000,2.062,2.138,2.022,2.099,44116.6
1741579200000,2.099,2.129,2.078,2.111,22161.0
1741593600000,2.111,2.196,2.071,2.132,37953.2
1741608000000,2.132,2.151,1.98,2.024,72101.3
1741622400000,2.024,2.035,1.853,1.943,78690.1
1741636800000,1.943,1.971,1.908,1.909,25390.5
1741651200000,1.909,1.981,1.813,1.926,74721.7
1741665600000,1.926,2.02,1.919,2.006,22468.5
1741680000000,2.006,2.067,1.997,2.026,41886.1
1741694400000,2.026,2.06,1.94,2.049,69129.9
1741708800000,2.049,2.142,2.005,2.112,57918.9
1741723200000,2.112,2.122,2.067,2.076,17453.7
1741737600000,2.076,2.123,2.024,2.027,40422.7
1741752000000,2.027,2.099,2.012,2.095,22228.1
1741766400000,2.095,2.147,2.065,2.109,46101.5
1741780800000,2.109,2.133,1.972,2.007,79597.5
1741795200000,2.007,2.07,2.005,2.044,37725.8
1741809600000,2.044,2.079,2.033,2.075,17617.6
1741824000000,2.075,2.101,2.054,2.067,23112.9
1741838400000,2.067,2.076,2.023,2.032,18230.2
1741852800000,2.032,2.087,2.014,2.062,19863.7
1741867200000,2.062,2.087,2.005,2.022,33055.8
1741881600000,2.022,2.027,1.979,2.003,28521.2
1741896000000,2.003,2.047,1.996,2.034,12883.1
1741910400000,2.034,2.069,2.025,2.063,14338.4
1741924800000,2.063,2.068,2.034,2.035,8888.1
1741939200000,2.035,2.093,2.035,2.066,13934.9
1741953600000,2.066,2.19,2.054,2.167,59393.9
1741968000000,2.167,2.199,2.152,2.167,22835.3
1741982400000,2.167,2.174,2.116,2.12,18263.2
1741996800000,2.12,2.142,2.101,2.139,15091.1
1742011200000,2.139,2.182,2.134,2.145,18193.9
1742025600000,2.145,2.19,2.143,2.181,15115.8
1742040000000,2.181,2.195,2.157,2.167,16367.8
1742054400000,2.167,2.197,2.155,2.167,14461.8
1742068800000,2.167,2.208,2.167,2.194,13624.5
1742083200000,2.194,2.198,2.141,2.174,22533.6
1742097600000,2.174,2.224,2.166,2.224,38709.7
1742112000000,2.224,2.235,2.106,2.113,36048.3
1742126400000,2.113,2.143,2.097,2.125,19782.0
1742140800000,2.125,2.172,2.08,2.1,25975.5
1742155200000,2.1,2.109,2.043,2.064,29916.6
1742169600000,2.064,2.106,2.063,2.101,22562.2
1742184000000,2.101,2.145,2.072,2.142,22621.4
1742198400000,2.142,2.176,2.118,2.158,30618.0
1742212800000,2.158,2.292,2.148,2.269,70313.2
1742227200000,2.269,2.394,2.263,2.342,104525.1
1742241600000,2.342,2.357,2.304,2.317,22852.8
1742256000000,2.317,2.318,2.244,2.251,30853.5
1742270400000,2.251,2.329,2.247,2.329,33011.7
1742284800000,2.329,2.418,2.309,2.316,81052.5
1742299200000,2.316,2.36,2.278,2.296,66070.8
1742313600000,2.296,2.37,2.294,2.365,35365.2
1742328000000,2.365,2.4,2.327,2.396,41960.7
1742342400000,2.396,2.403,2.338,2.349,26057.9
1742356800000,2.349,2.369,2.333,2.338,24733.8
1742371200000,2.338,2.514,2.333,2.489,65413.4
1742385600000,2.489,2.491,2.415,2.478,56248.1
1742400000000,2.478,2.511,2.388,2.468,56399.6
1742414400000,2.468,2.546,2.45,2.526,50528.4
1742428800000,2.526,2.541,2.479,2.489,20144.2
1742443200000,2.489,2.521,2.483,2.49,10345.2
1742457600000,2.49,2.517,2.446,2.474,18457.7
1742472000000,2.474,2.488,2.429,2.433,18455.8
1742486400000,2.433,2.655,2.396,2.47,79852.5
1742500800000,2.47,2.529,2.47,2.51,28601.0
1742515200000,2.51,2.602,2.498,2.57,37124.1
1742529600000,2.57,2.587,2.487,2.506,30486.8
1742544000000,2.506,2.521,2.471,2.509,20618.3
1742558400000,2.509,2.531,2.446,2.468,29979.6
1742572800000,2.468,2.572,2.46,2.551,25088.1
1742587200000,2.551,2.581,2.492,2.506,19799.6
1742601600000,2.506,2.586,2.498,2.582,17415.6
1742616000000,2.582,2.728,2.572,2.603,43805.1
1742630400000,2.603,2.654,2.588,2.639,27877.1
1742644800000,2.639,2.705,2.639,2.659,28112.9
1742659200000,2.659,2.707,2.652,2.692,14937.4
1742673600000,2.692,2.695,2.621,2.64,12251.7
1742688000000,2.64,2.733,2.627,2.733,28908.4
1742702400000,2.733,2.778,2.647,2.696,34379.2
1742716800000,2.696,2.779,2.685,2.699,34863.2
1742731200000,2.699,2.717,2.669,2.676,20834.2
1742745600000,2.676,2.677,2.61,2.644,18102.0
1742760000000,2.644,2.679,2.627,2.675,7332.3
1742774400000,2.675,2.703,2.588,2.663,26828.3
1742788800000,2.663,2.76,2.662,2.712,37284.5
1742803200000,2.712,2.808,2.712,2.798,39072.2
1742817600000,2.798,2.801,2.719,2.725,41682.8
1742832000000,2.725,2.825,2.707,2.811,26018.5
1742846400000,2.811,2.854,2.804,2.85,32659.2
1742860800000,2.85,2.913,2.802,2.865,46301.1
1742875200000,2.865,2.876,2.799,2.804,26988.9
1742889600000,2.804,2.954,2.802,2.917,27928.3
1742904000000,2.917,2.959,2.888,2.925,28842.9
1742918400000,2.925,2.986,2.91,2.941,27929.8
1742932800000,2.941,2.957,2.902,2.938,9744.6
1742947200000,2.938,2.953,2.851,2.856,27386.7
1742961600000,2.856,2.916,2.848,2.903,27208.0
1742976000000,2.903,2.96,2.9,2.93,18187.5
1742990400000,2.93,2.938,2.821,2.841,26866.4
1743004800000,2.841,2.905,2.818,2.864,35160.8
1743019200000,2.864,2.917,2.842,2.892,19961.5
1743033600000,2.892,2.989,2.857,2.98,19809.7
1743048000000,2.98,2.998,2.942,2.951,17555.7
1743062400000,2.951,2.974,2.896,2.905,16678.1
1743076800000,2.905,2.955,2.878,2.902,25847.2
1743091200000,2.902,2.929,2.872,2.896,15846.0
1743105600000,2.896,2.927,2.872,2.874,8185.3
1743120000000,2.874,2.898,2.834,2.844,31134.8
1743134400000,2.844,2.853,2.7,2.706,44952.6
1743148800000,2.706,2.77,2.706,2.741,32615.0
1743163200000,2.741,2.756,2.662,2.664,38605.5
1743177600000,2.664,2.683,2.634,2.649,21461.8
1743192000000,2.649,2.734,2.645,2.708,16574.9
1743206400000,2.708,2.761,2.671,2.696,16532.8
1743220800000,2.696,2.7,2.545,2.562,55614.7
1743235200000,2.562,2.626,2.526,2.548,33254.8
1743249600000,2.548,2.594,2.506,2.513,26152.3
1743264000000,2.513,2.534,2.457,2.51,27081.9
1743278400000,2.51,2.515,2.472,2.502,13155.2
1743292800000,2.502,2.574,2.489,2.561,20386.5
1743307200000,2.561,2.626,2.534,2.542,25381.1
1743321600000,2.542,2.57,2.522,2.53,11887.4
1743336000000,2.53,2.602,2.483,2.502,43214.3
1743350400000,2.502,2.548,2.468,2.546,11434.7
1743364800000,2.546,2.571,2.492,2.527,14756.0
1743379200000,2.527,2.609,2.475,2.553,27866.5
1743393600000,2.553,2.592,2.511,2.537,11737.4
1743408000000,2.537,2.551,2.455,2.542,24173.1
1743422400000,2.542,2.712,2.541,2.659,76006.5
1743436800000,2.659,2.706,2.612,2.683,30234.3
1743451200000,2.683,2.749,2.683,2.717,35374.0
1743465600000,2.717,2.856,2.717,2.834,44265.1
1743480000000,2.834,2.921,2.826,2.891,41046.8
1743494400000,2.891,2.925,2.831,2.857,49872.6
1743508800000,2.857,2.973,2.846,2.96,57501.9
1743523200000,2.96,3.021,2.938,2.984,47187.1
1743537600000,2.984,3.08,2.965,3.036,42527.2
1743552000000,3.036,3.071,2.944,3.013,47158.1
1743566400000,3.013,3.081,2.923,2.993,58742.3
1743580800000,2.993,3.076,2.976,3.029,42647.5
1743595200000,3.029,3.308,2.994,3.22,108465.8
1743609600000,3.22,3.273,3.145,3.227,55021.7
1743624000000,3.227,3.33,2.917,2.965,124975.8
1743638400000,2.965,3.085,2.962,3.025,65996.0
1743652800000,3.025,3.04,2.843,2.86,52461.6
1743667200000,2.86,2.906,2.736,2.743,55347.9
1743681600000,2.743,2.866,2.706,2.863,71929.2
1743696000000,2.863,2.918,2.812,2.874,50870.2
1743710400000,2.874,3.195,2.843,3.182,74035.2
1743724800000,3.182,3.258,3.075,3.116,54831.7
1743739200000,3.116,3.197,3.056,3.188,29840.1
1743753600000,3.188,3.255,3.027,3.082,70176.0
1743768000000,3.082,3.156,3.003,3.085,76536.6
1743782400000,3.085,3.19,3.059,3.188,44453.6
1743796800000,3.188,3.241,3.16,3.192,41793.4
1743811200000,3.192,3.292,3.167,3.218,37760.4
1743825600000,3.218,3.248,3.134,3.193,28400.0
1743840000000,3.193,3.213,3.139,3.157,21918.3
1743854400000,3.157,3.168,3.059,3.067,29527.6
1743868800000,3.067,3.117,3.037,3.046,20317.5
1743883200000,3.046,3.075,3.037,3.062,9922.2
1743897600000,3.062,3.132,3.047,3.108,40269.8
1743912000000,3.108,3.113,3.011,3.013,31900.0
1743926400000,3.013,3.055,2.995,3.033,19870.3
1743940800000,3.033,3.05,2.896,2.898,45358.0
1743955200000,2.898,2.901,2.632,2.662,81988.7
1743969600000,2.662,2.731,2.584,2.639,62918.3
1743984000000,2.639,2.707,2.521,2.553,72939.2
1743998400000,2.553,2.588,2.37,2.463,72666.8
1744012800000,2.463,2.697,2.419,2.644,88449.3
1744027200000,2.644,3.026,2.626,2.814,146849.8
1744041600000,2.814,2.873,2.741,2.837,46184.1
1744056000000,2.837,2.946,2.837,2.863,33133.1
1744070400000,2.863,2.91,2.809,2.818,62754.1
1744084800000,2.818,2.905,2.815,2.844,38624.3
1744099200000,2.844,3.029,2.794,3.009,44371.9
1744113600000,3.009,3.158,2.939,3.008,124033.6
1744128000000,3.008,3.008,2.739,2.773,91455.7
1744142400000,2.773,2.825,2.708,2.717,37044.8
1744156800000,2.717,2.82,2.602,2.732,109411.7
1744171200000,2.732,3.002,2.72,2.961,68494.7
1744185600000,2.961,3.014,2.857,2.907,65684.2
1744200000000,2.907,3.061,2.889,2.997,90861.2
1744214400000,2.997,3.441,2.977,3.399,155958.6
1744228800000,3.399,3.461,3.327,3.348,81998.1
1744243200000,3.348,3.41,3.265,3.338,66559.9
1744257600000,3.338,3.375,3.218,3.246,44596.7
1744272000000,3.246,3.339,3.194,3.324,50496.1
1744286400000,3.324,3.417,3.157,3.158,90667.3
1744300800000,3.158,3.241,3.132,3.154,61440.4
1744315200000,3.154,3.219,3.14,3.176,28526.7
1744329600000,3.176,3.371,3.163,3.332,55550.9
1744344000000,3.332,3.408,3.249,3.325,49452.3
1744358400000,3.325,3.475,3.287,3.314,69559.1
1744372800000,3.314,3.387,3.214,3.223,66721.8
1744387200000,3.223,3.367,3.202,3.274,53528.3
1744401600000,3.274,3.312,3.229,3.256,20590.7
1744416000000,3.256,3.258,3.17,3.182,23134.0
1744430400000,3.182,3.337,3.168,3.269,32991.5
1744444800000,3.269,3.308,3.206,3.207,29992.2
1744459200000,3.207,3.422,3.197,3.397,75429.6
1744473600000,3.397,3.575,3.35,3.477,60002.6
1744488000000,3.477,3.545,3.453,3.457,33709.6
1744502400000,3.457,3.534,3.39,3.496,32793.0
1744516800000,3.496,3.497,3.347,3.365,27038.5
1744531200000,3.365,3.393,3.331,3.352,23623.2
1744545600000,3.352,3.373,3.267,3.299,31175.6
1744560000000,3.299,3.397,3.204,3.248,32313.8
1744574400000,3.248,3.291,3.174,3.22,31904.6
1744588800000,3.22,3.304,3.177,3.183,36146.6
1744603200000,3.183,3.214,3.117,3.203,31991.0
1744617600000,3.203,3.331,3.163,3.299,36249.4
1744632000000,3.299,3.34,3.106,3.122,77351.4
1744646400000,3.122,3.203,3.099,3.18,19504.3
1744660800000,3.18,3.184,3.091,3.107,22339.7
1744675200000,3.107,3.199,3.058,3.178,32540.2
1744689600000,3.178,3.206,3.135,3.165,15287.7
1744704000000,3.165,3.223,3.15,3.183,19576.8
1744718400000,3.183,3.242,3.094,3.122,33385.8
1744732800000,3.122,3.127,3.031,3.053,28198.8
1744747200000,3.053,3.074,3.013,3.046,11282.8
1744761600000,3.046,3.154,3.023,3.124,22083.2
1744776000000,3.124,3.187,3.08,3.085,29530.7
1744790400000,3.085,3.226,3.058,3.213,36923.6
1744804800000,3.213,3.234,3.146,3.176,40907.2
1744819200000,3.176,3.229,3.082,3.172,33786.2
1744833600000,3.172,3.183,3.109,3.146,15737.6
1744848000000,3.146,3.236,3.115,3.136,35615.9
1744862400000,3.136,3.217,3.128,3.151,19442.4
1744876800000,3.151,3.171,3.037,3.09,36424.9
1744891200000,3.09,3.11,2.983,3.053,37442.7
1744905600000,3.053,3.205,3.034,3.077,44111.3
1744920000000,3.077,3.125,3.074,3.11,16199.0
1744934400000,3.11,3.115,3.045,3.066,15721.8
1744948800000,3.066,3.141,3.03,3.14,17354.1
1744963200000,3.14,3.192,3.107,3.142,25084.3
1744977600000,3.142,3.17,3.087,3.096,18229.6
1744992000000,3.096,3.155,3.09,3.153,9333.4
1745006400000,3.153,3.18,3.144,3.174,16334.1
1745020800000,3.174,3.209,3.135,3.207,12608.2
1745035200000,3.207,3.219,3.146,3.169,15822.5
1745049600000,3.169,3.193,3.101,3.139,15299.5
1745064000000,3.139,3.199,3.126,3.169,13141.6
1745078400000,3.169,3.215,3.131,3.188,17435.4
1745092800000,3.188,3.212,3.171,3.173,7172.8
1745107200000,3.173,3.228,3.153,3.203,10864.5
1745121600000,3.203,3.209,3.1,3.13,12768.7
1745136000000,3.13,3.13,3.046,3.056,23252.8
1745150400000,3.056,3.112,3.042,3.07,20981.7
1745164800000,3.07,3.115,3.065,3.099,7596.5
1745179200000,3.099,3.13,3.087,3.115,9301.6
1745193600000,3.115,3.304,3.111,3.276,51744.7
1745208000000,3.276,3.349,3.271,3.329,25140.0
1745222400000,3.329,3.36,3.273,3.301,20096.3
1745236800000,3.301,3.379,3.268,3.316,35782.7
1745251200000,3.316,3.324,3.174,3.244,33395.2
1745265600000,3.244,3.255,3.208,3.239,15580.7
1745280000000,3.239,3.338,3.18,3.282,30352.5
1745294400000,3.282,3.349,3.213,3.349,22387.3
1745308800000,3.349,3.364,3.299,3.334,20165.3
1745323200000,3.334,3.476,3.319,3.466,47252.5
1745337600000,3.466,3.479,3.36,3.39,25203.8
1745352000000,3.39,3.483,3.356,3.46,30505.0
1745366400000,3.46,3.551,3.432,3.539,27250.3
1745380800000,3.539,3.582,3.455,3.485,35834.5
1745395200000,3.485,3.539,3.459,3.478,29906.1
1745409600000,3.478,3.539,3.271,3.365,96237.2
1745424000000,3.365,3.382,3.265,3.284,35622.7
1745438400000,3.284,3.322,3.255,3.269,23782.8
1745452800000,3.269,3.29,3.13,3.132,45631.4
1745467200000,3.132,3.198,3.127,3.174,18043.1
1745481600000,3.174,3.31,3.117,3.263,45386.7
1745496000000,3.263,3.425,3.243,3.332,50543.0
1745510400000,3.332,3.444,3.295,3.431,36223.1
1745524800000,3.431,3.53,3.422,3.435,31780.2
1745539200000,3.435,3.525,3.314,3.351,58062.3
1745553600000,3.351,3.431,3.343,3.425,14620.8
1745568000000,3.425,3.462,3.343,3.458,42970.3
1745582400000,3.458,3.675,3.365,3.631,98450.2
1745596800000,3.631,3.762,3.59,3.613,57658.1
1745611200000,3.613,3.637,3.556,3.56,19801.0
1745625600000,3.56,3.68,3.554,3.612,22160.7
1745640000000,3.612,3.659,3.567,3.599,15941.8
1745654400000,3.599,3.66,3.463,3.477,52492.0
1745668800000,3.477,3.508,3.425,3.47,27200.0
1745683200000,3.47,3.475,3.432,3.459,11178.1
1745697600000,3.459,3.469,3.431,3.458,11307.5
1745712000000,3.458,3.532,3.408,3.425,29995.2
1745726400000,3.425,3.432,3.316,3.334,21328.1
1745740800000,3.334,3.374,3.314,3.325,17413.3
1745755200000,3.325,3.345,3.258,3.289,19813.2
1745769600000,3.289,3.359,3.261,3.359,13399.3
1745784000000,3.359,3.37,3.293,3.3,19098.9
1745798400000,3.3,3.305,3.191,3.265,29433.1
1745812800000,3.265,3.392,3.265,3.389,25346.5
1745827200000,3.389,3.438,3.329,3.403,33194.8
1745841600000,3.403,3.404,3.251,3.274,35240.6
1745856000000,3.274,3.422,3.24,3.385,22521.5
1745870400000,3.385,3.397,3.35,3.373,12088.0
1745884800000,3.373,3.39,3.34,3.382,15845.5
1745899200000,3.382,3.412,3.33,3.393,12486.5
1745913600000,3.393,3.424,3.349,3.372,22574.2
1745928000000,3.372,3.375,3.306,3.338,12921.6
1745942400000,3.338,3.397,3.305,3.349,24705.6
1745956800000,3.349,3.358,3.269,3.323,17059.7
1745971200000,3.323,3.383,3.315,3.35,16647.1
1745985600000,3.35,3.406,3.344,3.368,12861.1
1746000000000,3.368,3.462,3.359,3.454,17942.7
1746014400000,3.454,3.465,3.225,3.345,41253.3
1746028800000,3.345,3.382,3.288,3.361,23668.1
1746043200000,3.361,3.442,3.356,3.442,12180.2
1746057600000,3.442,3.501,3.43,3.462,23862.5
1746072000000,3.462,3.497,3.438,3.486,10975.2
1746086400000,3.486,3.571,3.483,3.548,34007.7
1746100800000,3.548,3.585,3.49,3.534,29789.6
1746115200000,3.534,3.575,3.512,3.515,12123.7
1746129600000,3.515,3.553,3.501,3.514,13406.4
1746144000000,3.514,3.579,3.511,3.573,16913.0
1746158400000,3.573,3.625,3.542,3.611,27595.9
1746172800000,3.611,3.639,3.592,3.603,16488.0
1746187200000,3.603,3.642,3.568,3.582,23881.9
1746201600000,3.582,3.638,3.534,3.543,13402.0
1746216000000,3.543,3.617,3.534,3.615,11550.8
1746230400000,3.615,3.618,3.538,3.54,9897.8
1746244800000,3.54,3.546,3.449,3.462,20308.3
1746259200000,3.462,3.483,3.429,3.436,23639.4
1746273600000,3.436,3.474,3.436,3.456,8355.9
1746288000000,3.456,3.457,3.377,3.428,11393.0
1746302400000,3.428,3.428,3.303,3.334,34339.8
1746316800000,3.334,3.347,3.287,3.32,16697.2
1746331200000,3.32,3.341,3.265,3.273,16947.6
1746345600000,3.273,3.273,3.215,3.215,25942.3
1746360000000,3.215,3.22,3.17,3.201,28456.8
1746374400000,3.201,3.212,3.176,3.191,12435.4
1746388800000,3.191,3.246,3.188,3.213,9827.2
1746403200000,3.213,3.24,3.165,3.207,15116.7
1746417600000,3.207,3.275,3.196,3.256,9175.1
1746432000000,3.256,3.273,3.156,3.182,24246.3
1746446400000,3.182,3.198,3.148,3.172,16663.2
1746460800000,3.172,3.256,3.169,3.217,18533.8
1746475200000,3.217,3.264,3.17,3.235,13322.5
1746489600000,3.235,3.237,3.138,3.197,26469.9
1746504000000,3.197,3.211,3.181,3.188,12271.7
1746518400000,3.188,3.189,3.083,3.11,21413.6
1746532800000,3.11,3.195,3.101,3.17,14788.8
1746547200000,3.17,3.197,3.108,3.152,37454.0
1746561600000,3.152,3.215,3.091,3.209,15974.2
1746576000000,3.209,3.256,3.171,3.212,31563.4
1746590400000,3.212,3.226,3.186,3.226,12349.2
1746604800000,3.226,3.254,3.208,3.216,14726.1
1746619200000,3.216,3.221,3.148,3.152,19287.5
1746633600000,3.152,3.184,3.117,3.175,21686.6
1746648000000,3.175,3.251,3.172,3.226,13357.2
1746662400000,3.226,3.364,3.182,3.357,27013.6
1746676800000,3.357,3.513,3.357,3.448,38358.1
1746691200000,3.448,3.583,3.448,3.56,45723.7
1746705600000,3.56,3.753,3.557,3.691,65074.3
1746720000000,3.691,3.733,3.61,3.703,53888.2
1746734400000,3.703,3.764,3.597,3.685,62559.0
1746748800000,3.685,3.71,3.633,3.642,27431.0
1746763200000,3.642,3.897,3.612,3.857,46662.7
1746777600000,3.857,3.998,3.839,3.921,71996.7
1746792000000,3.921,3.969,3.758,3.779,46276.7
1746806400000,3.779,3.81,3.71,3.768,24036.2
1746820800000,3.768,3.864,3.735,3.86,21656.6
1746835200000,3.86,3.931,3.817,3.85,18257.6
1746849600000,3.85,4.003,3.819,4.003,24513.6
1746864000000,4.003,4.073,3.832,3.856,40786.6
1746878400000,3.856,3.944,3.839,3.877,36943.4
1746892800000,3.877,4.005,3.861,3.954,26248.8
1746907200000,3.954,4.132,3.916,4.09,25660.4
1746921600000,4.09,4.122,3.965,3.968,31544.3
1746936000000,3.968,4.007,3.77,3.792,32169.7
1746950400000,3.792,3.892,3.784,3.88,25743.8
1746964800000,3.88,3.903,3.8,3.827,34574.4
1746979200000,3.827,3.921,3.787,3.878,16012.9
1746993600000,3.878,3.917,3.84,3.908,9360.9
1747008000000,3.908,4.015,3.869,3.935,24349.5
1747022400000,3.935,4.118,3.87,3.993,25301.3
1747036800000,3.993,4.006,3.869,3.874,22294.4
1747051200000,3.874,3.969,3.754,3.771,36872.8
1747065600000,3.771,3.821,3.633,3.74,43455.4
1747080000000,3.74,3.843,3.721,3.833,12115.9
1747094400000,3.833,3.838,3.655,3.666,20528.4
1747108800000,3.666,3.816,3.654,3.757,22661.3
1747123200000,3.757,3.943,3.757,3.943,49049.7
1747137600000,3.943,4.165,3.929,4.11,87427.3
1747152000000,4.11,4.245,4.033,4.195,43511.0
1747166400000,4.195,4.279,4.126,4.194,26124.2
1747180800000,4.194,4.265,4.075,4.135,25384.0
1747195200000,4.135,4.235,4.102,4.199,16305.6
1747209600000,4.199,4.351,4.144,4.324,50602.0
1747224000000,4.324,4.349,4.117,4.167,50040.9
1747238400000,4.167,4.192,4.054,4.178,20665.0
1747252800000,4.178,4.261,4.169,4.208,17735.8
1747267200000,4.208,4.305,4.043,4.051,35313.5
1747281600000,4.051,4.071,3.72,3.767,64978.5
1747296000000,3.767,3.866,3.76,3.837,45721.7
1747310400000,3.837,3.996,3.788,3.99,53636.4
1747324800000,3.99,4.086,3.928,3.987,29604.9
1747339200000,3.987,4.089,3.91,4.089,38885.8
1747353600000,4.089,4.276,4.062,4.249,51804.2
1747368000000,4.249,4.319,4.201,4.255,37339.4
1747382400000,4.255,4.272,4.151,4.173,33115.1
1747396800000,4.173,4.176,4.035,4.126,32900.2
1747411200000,4.126,4.142,4.042,4.082,12270.1
1747425600000,4.082,4.091,3.918,4.001,25968.7
1747440000000,4.001,4.005,3.866,3.97,22999.1
1747454400000,3.97,4.017,3.912,4.017,16695.6
1747468800000,4.017,4.034,3.941,3.985,16961.5
1747483200000,3.985,4.017,3.877,3.901,24873.6
1747497600000,3.901,3.959,3.853,3.9,16765.1
1747512000000,3.9,3.947,3.858,3.902,7544.6
1747526400000,3.902,3.929,3.88,3.887,6049.0
1747540800000,3.887,4.018,3.883,4.011,14435.2
1747555200000,4.011,4.039,3.965,3.974,14781.7
1747569600000,3.974,4.162,3.943,4.135,19519.8
1747584000000,4.135,4.181,3.904,3.905,27740.9
1747598400000,3.905,4.191,3.854,4.181,30438.2
1747612800000,4.181,4.212,3.969,3.975,29369.1
1747627200000,3.975,4.003,3.834,4.0,37462.8
1747641600000,4.0,4.0,3.896,3.909,15597.7
1747656000000,3.909,4.071,3.838,4.048,35934.7
1747670400000,4.048,4.158,4.002,4.061,32010.0
1747684800000,4.061,4.142,4.026,4.138,14151.8
1747699200000,4.138,4.463,4.135,4.384,78863.7
1747713600000,4.384,4.487,4.359,4.383,43466.9
1747728000000,4.383,4.471,4.282,4.36,44952.3
1747742400000,4.36,4.391,4.27,4.371,37897.6
1747756800000,4.371,4.447,4.322,4.394,30410.2
1747771200000,4.394,4.452,4.349,4.385,16557.0
1747785600000,4.385,4.413,4.287,4.371,21582.3
1747800000000,4.371,4.44,4.334,4.4,22668.6
1747814400000,4.4,4.485,4.356,4.437,39381.7
1747828800000,4.437,4.528,4.404,4.451,31725.5
1747843200000,4.451,4.559,4.261,4.348,43280.8
1747857600000,4.348,4.469,4.293,4.369,20564.4
1747872000000,4.369,4.641,4.359,4.607,32532.0
1747886400000,4.607,4.717,4.555,4.649,32693.1
1747900800000,4.649,4.697,4.567,4.604,24835.9
1747915200000,4.604,4.63,4.554,4.58,19612.4
1747929600000,4.58,4.615,4.525,4.545,13932.8
1747944000000,4.545,4.661,4.514,4.654,14278.9
1747958400000,4.654,4.714,4.586,4.667,22646.0
1747972800000,4.667,4.673,4.49,4.562,22338.5
1747987200000,4.562,4.67,4.4,4.429,32276.8
1748001600000,4.429,4.519,4.299,4.435,49533.2
1748016000000,4.435,4.517,4.367,4.401,21795.6
1748030400000,4.401,4.401,4.235,4.254,20875.2
1748044800000,4.254,4.332,4.244,4.305,17410.1
1748059200000,4.305,4.324,4.262,4.273,10729.7
1748073600000,4.273,4.458,4.255,4.407,22203.6
1748088000000,4.407,4.444,4.372,4.407,17901.2
1748102400000,4.407,4.513,4.378,4.481,12532.8
1748116800000,4.481,4.49,4.399,4.42,10924.0
1748131200000,4.42,4.451,4.288,4.401,19145.1
1748145600000,4.401,4.401,4.325,4.355,6611.9
1748160000000,4.355,4.359,4.25,4.309,15725.8
1748174400000,4.309,4.386,4.28,4.367,14295.5
1748188800000,4.367,4.412,4.307,4.394,12993.5
1748203200000,4.394,4.458,4.339,4.418,12078.6
1748217600000,4.418,4.487,4.389,4.428,21582.8
1748232000000,4.428,4.494,4.399,4.493,14759.0
1748246400000,4.493,4.498,4.428,4.444,11451.1
1748260800000,4.444,4.476,4.359,4.397,16687.8
1748275200000,4.397,4.419,4.3,4.308,22373.8
1748289600000,4.308,4.381,4.299,4.329,10659.3
1748304000000,4.329,4.389,4.253,4.364,15870.1
1748318400000,4.364,4.491,4.36,4.487,12351.4
1748332800000,4.487,4.526,4.43,4.477,15968.6
1748347200000,4.477,4.543,4.434,4.532,22309.1
1748361600000,4.532,4.708,4.512,4.627,28673.1
1748376000000,4.627,4.633,4.548,4.556,10696.3
1748390400000,4.556,4.612,4.455,4.492,34936.5
1748404800000,4.492,4.503,4.452,4.486,7846.4
1748419200000,4.486,4.543,4.447,4.506,17873.2
1748433600000,4.506,4.543,4.386,4.404,18197.0
1748448000000,4.404,4.521,4.403,4.424,10737.4
1748462400000,4.424,4.514,4.423,4.511,9984.0
1748476800000,4.511,4.673,4.465,4.651,32172.8
1748491200000,4.651,4.664,4.545,4.606,14651.9
1748505600000,4.606,4.61,4.538,4.553,12437.2
1748520000000,4.553,4.553,4.348,4.403,29104.2
1748534400000,4.403,4.41,4.332,4.373,26331.5
1748548800000,4.373,4.402,4.305,4.327,7846.0
1748563200000,4.327,4.359,4.161,4.273,30609.8
1748577600000,4.273,4.338,4.173,4.225,21249.5
1748592000000,4.225,4.236,4.141,4.146,20102.7
1748606400000,4.146,4.159,4.056,4.067,29265.6
1748620800000,4.067,4.08,3.922,4.023,30600.2
1748635200000,4.023,4.041,3.931,3.941,29273.4
1748649600000,3.941,3.953,3.807,3.873,30525.2
1748664000000,3.873,3.954,3.847,3.945,12113.2
1748678400000,3.945,3.997,3.917,3.976,11961.6
1748692800000,3.976,4.144,3.97,4.035,32403.1
1748707200000,4.035,4.072,3.99,4.025,17939.5
1748721600000,4.025,4.068,3.99,3.993,11283.1
1748736000000,3.993,4.012,3.915,3.946,11529.4
1748750400000,3.946,4.03,3.946,4.027,2072.9
1748764800000,4.027,4.045,3.912,3.938,3034.6
1748779200000,3.938,4.0,3.892,3.997,2583.3
1748793600000,3.997,4.138,3.994,4.1,4378.5
1748808000000,4.1,4.138,4.079,4.123,1781.8
1748822400000,4.123,4.128,4.02,4.029,2323.5
1748836800000,4.029,4.081,3.997,4.075,1664.8
1748851200000,4.075,4.08,3.951,3.994,3509.6
1748865600000,3.994,4.161,3.983,4.122,6689.3
1748880000000,4.122,4.161,4.078,4.095,2286.2
1748894400000,4.095,4.305,4.095,4.293,3738.5
1748908800000,4.293,4.333,4.248,4.268,4139.1
1748923200000,4.268,4.336,4.213,4.324,4792.1
1748937600000,4.324,4.394,4.274,4.334,3833.1
1748952000000,4.334,4.373,4.276,4.297,4296.9
1748966400000,4.297,4.312,4.263,4.281,1985.2
1748980800000,4.281,4.287,4.178,4.217,4062.7
1748995200000,4.217,4.296,4.185,4.267,3020.5
1749009600000,4.267,4.319,4.257,4.293,1612.7
1749024000000,4.293,4.402,4.285,4.293,4469.5
1749038400000,4.293,4.323,4.204,4.255,8132.1
1749052800000,4.255,4.264,4.178,4.184,2756.3
1749067200000,4.184,4.189,4.082,4.11,4103.1
1749081600000,4.11,4.158,4.082,4.13,2358.5
1749096000000,4.13,4.17,4.062,4.09,2197.9
1749110400000,4.09,4.133,4.075,4.109,1959.4
1749124800000,4.109,4.199,4.015,4.085,7124.7
1749139200000,4.085,4.098,3.912,3.958,7277.8
1749153600000,3.958,3.995,3.803,3.981,11466.8
1749168000000,3.981,4.142,3.944,4.112,8424.8
1749182400000,4.112,4.122,4.052,4.055,3527.3
1749196800000,4.055,4.088,4.032,4.04,3289.0
1749211200000,4.04,4.139,4.019,4.061,5386.1
1749225600000,4.061,4.074,3.968,3.983,3998.2
1749240000000,3.983,4.042,3.983,4.005,1564.4
1749254400000,4.005,4.054,3.979,4.042,2194.6
1749268800000,4.042,4.064,4.01,4.056,1899.0
1749283200000,4.056,4.08,4.019,4.059,2021.5
1749297600000,4.059,4.122,4.051,4.12,2729.3
1749312000000,4.12,4.133,4.073,4.11,2260.2
1749326400000,4.11,4.135,4.082,4.106,1188.1
1749340800000,4.106,4.111,4.046,4.068,6059.8
1749355200000,4.068,4.084,4.027,4.051,1413.1
1749369600000,4.051,4.072,4.004,4.031,1544.9
1749384000000,4.031,4.068,3.999,4.063,2242.9
1749398400000,4.063,4.122,4.061,4.103,1951.2
1749412800000,4.103,4.116,4.037,4.063,1556.1
1749427200000,4.063,4.067,3.973,3.982,3339.9
1749441600000,3.982,3.987,3.907,3.959,2981.6
1749456000000,3.959,4.122,3.934,4.112,5381.2
1749470400000,4.112,4.194,4.097,4.168,6286.1
1749484800000,4.168,4.253,4.155,4.172,3637.6
1749499200000,4.172,4.346,4.172,4.327,5616.9
1749513600000,4.327,4.387,4.314,4.322,4689.6
1749528000000,4.322,4.4,4.303,4.356,3757.4
1749542400000,4.356,4.497,4.3,4.49,5221.9
1749556800000,4.49,4.556,4.322,4.378,9504.5
1749571200000,4.378,4.449,4.342,4.375,4887.2
1749585600000,4.375,4.474,4.354,4.474,4240.8
1749600000000,4.474,4.494,4.429,4.478,4697.2
1749614400000,4.478,4.551,4.476,4.526,3509.7
1749628800000,4.526,4.543,4.402,4.424,3611.9
1749643200000,4.424,4.531,4.318,4.377,15205.5
1749657600000,4.377,4.391,4.069,4.07,13083.9
1749672000000,4.07,4.125,3.988,4.019,13936.1
1749686400000,4.019,4.02,3.905,3.934,12297.2
1749700800000,3.934,3.966,3.904,3.909,5513.3
1749715200000,3.909,3.943,3.86,3.861,7419.8
1749729600000,3.861,4.127,3.859,4.016,10517.7
1749744000000,4.016,4.097,3.917,3.926,7090.3
1749758400000,3.926,3.942,3.836,3.858,5078.3
1749772800000,3.858,3.859,3.425,3.619,36438.9
1749787200000,3.619,3.735,3.574,3.735,9032.7
1749801600000,3.735,3.868,3.65,3.845,10827.9
1749816000000,3.845,3.89,3.664,3.756,13590.5
1749830400000,3.756,3.828,3.696,3.735,9899.3
1749844800000,3.735,3.888,3.735,3.819,4419.8
1749859200000,3.819,3.873,3.79,3.862,4100.0
1749873600000,3.862,3.885,3.778,3.801,3123.2
1749888000000,3.801,3.809,3.729,3.749,2100.3
1749902400000,3.749,3.77,3.683,3.707,6753.3
1749916800000,3.707,3.739,3.662,3.681,3968.1
1749931200000,3.681,3.745,3.655,3.706,3105.0
1749945600000,3.706,3.735,3.685,3.688,2303.9
1749960000000,3.688,3.728,3.656,3.669,3211.1
1749974400000,3.669,3.679,3.622,3.657,2661.0
1749988800000,3.657,3.716,3.648,3.679,3407.7
1750003200000,3.679,3.708,3.639,3.652,1434.7
1750017600000,3.652,3.7,3.592,3.697,2363.1
1750032000000,3.697,3.789,3.636,3.756,3845.6
1750046400000,3.756,3.85,3.754,3.814,3559.4
1750060800000,3.814,3.816,3.75,3.768,2166.5
1750075200000,3.768,3.994,3.74,3.935,10397.2
1750089600000,3.935,4.154,3.935,4.117,9550.3
1750104000000,4.117,4.12,3.975,4.075,13824.5
1750118400000,4.075,4.11,3.942,4.078,13359.4
1750132800000,4.078,4.08,3.946,3.955,4931.1
1750147200000,3.955,3.959,3.849,3.861,6262.9
1750161600000,3.861,3.891,3.738,3.779,7105.6
1750176000000,3.779,4.004,3.772,3.964,12512.5
1750190400000,3.964,3.978,3.893,3.927,4905.7
1750204800000,3.927,4.0,3.92,3.942,5192.5
1750219200000,3.942,4.009,3.739,3.784,10198.6
1750233600000,3.784,3.805,3.662,3.692,7306.0
1750248000000,3.692,3.772,3.616,3.7,8995.7
1750262400000,3.7,3.82,3.646,3.719,9320.4
1750276800000,3.719,3.804,3.702,3.774,5073.2
1750291200000,3.774,3.83,3.743,3.806,3338.2
1750305600000,3.806,3.81,3.747,3.777,1961.0
1750320000000,3.777,3.816,3.751,3.754,2217.0
1750334400000,3.754,3.776,3.68,3.683,3073.3
1750348800000,3.683,3.882,3.681,3.854,8407.9
1750363200000,3.854,3.927,3.826,3.886,4900.7
1750377600000,3.886,3.946,3.849,3.861,3238.7
1750392000000,3.861,3.885,3.806,3.877,4356.4
1750406400000,3.877,3.912,3.826,3.839,3318.2
1750420800000,3.839,3.856,3.719,3.721,6074.7
1750435200000,3.721,3.747,3.592,3.739,10525.5
1750449600000,3.739,3.781,3.65,3.655,4409.4
1750464000000,3.655,3.697,3.645,3.676,2526.2
1750478400000,3.676,3.688,3.645,3.652,1948.1
1750492800000,3.652,3.715,3.643,3.672,2615.9
1750507200000,3.672,3.68,3.527,3.569,5688.6
1750521600000,3.569,3.591,3.498,3.502,4102.2
1750536000000,3.502,3.559,3.404,3.497,8370.9
1750550400000,3.497,3.558,3.438,3.477,7230.1
1750564800000,3.477,3.543,3.456,3.47,2196.1
1750579200000,3.47,3.483,3.397,3.412,4078.8
1750593600000,3.412,3.435,3.195,3.204,22860.4
1750608000000,3.204,3.277,3.14,3.181,9438.0
1750622400000,3.181,3.295,3.101,3.271,10694.4
1750636800000,3.271,3.319,3.243,3.28,5751.3
1750651200000,3.28,3.352,3.253,3.317,5518.4
1750665600000,3.317,3.336,3.262,3.276,4451.5
1750680000000,3.276,3.396,3.252,3.281,8997.4
1750694400000,3.281,3.366,3.151,3.362,12718.8
1750708800000,3.362,3.62,3.344,3.589,14382.0
1750723200000,3.589,3.623,3.543,3.604,7978.6
1750737600000,3.604,3.665,3.555,3.559,5850.2
1750752000000,3.559,3.601,3.495,3.513,4980.9
1750766400000,3.513,3.57,3.483,3.526,6189.8
1750780800000,3.526,3.612,3.457,3.493,5845.2
1750795200000,3.493,3.545,3.477,3.545,2039.4
1750809600000,3.545,3.608,3.513,3.538,3624.2
1750824000000,3.538,3.55,3.491,3.518,2339.9
1750838400000,3.518,3.527,3.436,3.47,4430.7
1750852800000,3.47,3.501,3.381,3.384,9671.2
1750867200000,3.384,3.431,3.36,3.419,3973.2
1750881600000,3.419,3.446,3.343,3.358,3336.2
1750896000000,3.358,3.487,3.351,3.443,4937.8
1750910400000,3.443,3.458,3.396,3.438,1744.0
1750924800000,3.438,3.449,3.364,3.369,2002.0
1750939200000,3.369,3.37,3.28,3.325,5429.0
1750953600000,3.325,3.377,3.309,3.359,3089.5
1750968000000,3.359,3.432,3.311,3.339,4746.2
1750982400000,3.339,3.406,3.28,3.385,3380.1
1750996800000,3.385,3.426,3.35,3.355,1552.8
1751011200000,3.355,3.472,3.355,3.455,6944.0
1751025600000,3.455,3.479,3.383,3.447,4576.6
1751040000000,3.447,3.495,3.341,3.385,4025.2
1751054400000,3.385,3.452,3.378,3.442,1999.0
1751068800000,3.442,3.473,3.43,3.456,1411.5
1751083200000,3.456,3.522,3.446,3.522,1741.0
1751097600000,3.522,3.545,3.504,3.528,3046.7
1751112000000,3.528,3.535,3.48,3.527,1818.9
1751126400000,3.527,3.556,3.508,3.531,1594.8
1751140800000,3.531,3.575,3.521,3.567,1198.3
1751155200000,3.567,3.577,3.517,3.522,1630.2
1751169600000,3.522,3.551,3.512,3.551,1035.6
1751184000000,3.551,3.611,3.541,3.61,1703.0
1751198400000,3.61,3.61,3.553,3.563,1850.3
1751212800000,3.563,3.607,3.551,3.578,1234.4
1751227200000,3.578,3.726,3.559,3.712,4257.6
1751241600000,3.712,3.733,3.653,3.655,3501.8
1751256000000,3.655,3.67,3.595,3.64,3243.4
1751270400000,3.64,3.661,3.573,3.612,3113.2
1751284800000,3.612,3.619,3.509,3.563,7084.0
1751299200000,3.563,3.578,3.438,3.526,5115.7
1751313600000,3.526,3.534,3.451,3.457,2422.3
1751328000000,3.457,3.481,3.429,3.454,2268.6
1751342400000,3.454,3.481,3.434,3.473,2598.3
1751356800000,3.473,3.475,3.418,3.438,2026.4
1751371200000,3.438,3.441,3.371,3.414,4383.0
1751385600000,3.414,3.454,3.28,3.281,3579.8
1751400000000,3.281,3.324,3.247,3.307,3614.0
1751414400000,3.307,3.339,3.267,3.334,2691.5
1751428800000,3.334,3.369,3.317,3.347,1596.8
1751443200000,3.347,3.427,3.347,3.402,3724.8
1751457600000,3.402,3.505,3.358,3.498,5493.5
1751472000000,3.498,3.591,3.487,3.568,6200.4
1751486400000,3.568,3.598,3.522,3.525,3441.7
1751500800000,3.525,3.565,3.514,3.52,2140.4
1751515200000,3.52,3.639,3.52,3.638,2791.0
1751529600000,3.638,3.662,3.577,3.599,4215.9
1751544000000,3.599,3.632,3.477,3.481,6414.8
1751558400000,3.481,3.528,3.472,3.514,2142.0
1751572800000,3.514,3.545,3.514,3.525,1263.9
1751587200000,3.525,3.561,3.466,3.475,2565.2
1751601600000,3.475,3.478,3.356,3.362,2967.5
1751616000000,3.362,3.392,3.337,3.364,2555.0
1751630400000,3.364,3.374,3.24,3.26,5473.6
1751644800000,3.26,3.295,3.237,3.276,3254.3
1751659200000,3.276,3.355,3.272,3.333,2471.0
1751673600000,3.333,3.375,3.326,3.362,1558.1
1751688000000,3.362,3.379,3.341,3.364,1034.4
1751702400000,3.364,3.368,3.337,3.344,1384.2
1751716800000,3.344,3.347,3.305,3.308,3136.3
1751731200000,3.308,3.331,3.283,3.308,1098.7
1751745600000,3.308,3.36,3.304,3.348,930.6
1751760000000,3.348,3.348,3.29,3.309,1029.5
1751774400000,3.309,3.351,3.306,3.321,4028.7
1751788800000,3.321,3.326,3.299,3.324,1370.0
1751803200000,3.324,3.417,3.312,3.391,2683.5
1751817600000,3.391,3.404,3.356,3.39,1466.9
1751832000000,3.39,3.467,3.387,3.422,2306.6
1751846400000,3.422,3.468,3.4,3.458,1233.7
1751860800000,3.458,3.468,3.391,3.413,1656.3
1751875200000,3.413,3.423,3.373,3.382,2300.8
1751889600000,3.382,3.443,3.369,3.378,3305.9
1751904000000,3.378,3.405,3.331,3.388,2788.0
1751918400000,3.388,3.402,3.34,3.398,1455.4
1751932800000,3.398,3.41,3.347,3.353,2486.0
1751947200000,3.353,3.386,3.341,3.372,1588.7
1751961600000,3.372,3.401,3.361,3.392,1793.9
1751976000000,3.392,3.417,3.338,3.342,2043.2
1751990400000,3.342,3.495,3.336,3.474,3242.6
1752004800000,3.474,3.477,3.428,3.451,1610.1
1752019200000,3.451,3.466,3.401,3.406,2271.2
1752033600000,3.406,3.498,3.403,3.45,3661.5
1752048000000,3.45,3.475,3.429,3.457,1894.9
1752062400000,3.457,3.666,3.455,3.624,11308.3
1752076800000,3.624,3.789,3.619,3.762,5915.9
1752091200000,3.762,3.771,3.696,3.713,5208.6
1752105600000,3.713,3.741,3.694,3.716,2737.0
1752120000000,3.716,3.748,3.67,3.735,3382.6
1752134400000,3.735,3.749,3.7,3.727,1960.6
1752148800000,3.727,3.783,3.692,3.739,3143.4
1752163200000,3.739,3.929,3.732,3.916,5920.1
1752177600000,3.916,4.099,3.908,4.052,8496.6
1752192000000,4.052,4.068,3.97,4.061,4871.0
1752206400000,4.061,4.109,3.938,4.003,10119.0
1752220800000,4.003,4.2,4.003,4.118,7340.9
1752235200000,4.118,4.156,3.988,3.994,5399.3
1752249600000,3.994,4.115,3.973,4.1,4107.8
1752264000000,4.1,4.1,3.874,3.947,6465.4
1752278400000,3.947,3.981,3.894,3.943,2793.9
1752292800000,3.943,3.961,3.87,3.948,1886.2
1752307200000,3.948,3.97,3.908,3.914,1834.1
1752321600000,3.914,3.926,3.72,3.739,11162.0
1752336000000,3.739,3.85,3.729,3.842,1893.0
1752350400000,3.842,3.854,3.793,3.85,1214.1
1752364800000,3.85,3.884,3.835,3.878,1381.7
1752379200000,3.878,3.947,3.85,3.935,1903.9
1752393600000,3.935,3.947,3.856,3.911,3132.5
1752408000000,3.911,4.01,3.897,3.944,3883.0
1752422400000,3.944,3.986,3.892,3.948,1727.4
1752436800000,3.948,3.99,3.876,3.921,2773.8
1752451200000,3.921,4.098,3.91,4.083,4061.9
1752465600000,4.083,4.156,4.01,4.094,10979.4
1752480000000,4.094,4.225,4.046,4.158,8763.0
1752494400000,4.158,4.168,3.957,3.98,6400.2
1752508800000,3.98,4.067,3.924,3.946,4007.1
1752523200000,3.946,4.056,3.901,4.045,4435.8
1752537600000,4.045,4.048,3.813,3.854,7835.7
1752552000000,3.854,3.973,3.825,3.87,5544.5
1752566400000,3.87,3.93,3.839,3.924,5100.8
1752580800000,3.924,4.048,3.853,3.936,8541.0
1752595200000,3.936,4.04,3.919,3.923,6154.8
1752609600000,3.923,4.077,3.909,4.067,4881.3
1752624000000,4.067,4.121,4.004,4.016,4899.8
1752638400000,4.016,4.138,3.988,4.121,4044.8
1752652800000,4.121,4.161,4.101,4.134,3761.6
1752667200000,4.134,4.294,4.11,4.22,8969.2
1752681600000,4.22,4.382,4.19,4.311,7503.6
1752696000000,4.311,4.348,4.193,4.21,5363.6
1752710400000,4.21,4.274,4.058,4.091,6482.5
1752724800000,4.091,4.278,4.079,4.257,4602.1
1752739200000,4.257,4.324,4.192,4.192,5143.8
1752753600000,4.192,4.262,4.152,4.231,5152.9
1752768000000,4.231,4.236,4.091,4.105,6623.8
1752782400000,4.105,4.245,4.032,4.171,6883.8
1752796800000,4.171,4.32,4.136,4.274,6545.7
1752811200000,4.274,4.521,4.251,4.468,11884.3
1752825600000,4.468,4.588,4.415,4.584,11764.3
1752840000000,4.584,4.656,4.392,4.466,13531.9
1752854400000,4.466,4.57,4.36,4.373,6391.9
1752868800000,4.373,4.495,4.312,4.472,6305.0
1752883200000,4.472,4.568,4.354,4.556,6944.5
1752897600000,4.556,4.586,4.489,4.489,3667.2
1752912000000,4.489,4.5,4.41,4.458,2613.0
1752926400000,4.458,4.511,4.411,4.444,2572.4
1752940800000,4.444,4.499,4.405,4.478,2193.7
1752955200000,4.478,4.51,4.417,4.471,2136.5
1752969600000,4.471,4.608,4.455,4.579,4950.0
1752984000000,4.579,4.626,4.542,4.618,2797.0
1752998400000,4.618,4.678,4.588,4.676,7021.4
1753012800000,4.676,4.71,4.591,4.706,5299.2
1753027200000,4.706,5.007,4.702,4.714,27229.6
1753041600000,4.714,4.732,4.533,4.619,5628.3
1753056000000,4.619,4.712,4.511,4.71,7347.2
1753070400000,4.71,4.779,4.668,4.731,4251.5
1753084800000,4.731,4.762,4.679,4.717,3996.0
1753099200000,4.717,4.864,4.693,4.758,7944.4
1753113600000,4.758,4.764,4.468,4.494,8750.8
1753128000000,4.494,4.618,4.468,4.594,5953.5
1753142400000,4.594,4.636,4.409,4.5,10584.2
1753156800000,4.5,4.506,4.339,4.393,8089.8
1753171200000,4.393,4.538,4.322,4.519,6813.8
1753185600000,4.519,5.0,4.466,4.825,18117.7
1753200000000,4.825,4.882,4.684,4.699,7686.3
1753214400000,4.699,4.88,4.695,4.867,4690.5
1753228800000,4.867,4.886,4.766,4.785,5817.9
1753243200000,4.785,4.845,4.69,4.719,5954.3
1753257600000,4.719,4.76,4.603,4.638,6825.7
1753272000000,4.638,4.648,4.412,4.566,10233.2
1753286400000,4.566,4.566,4.345,4.393,7205.5
1753300800000,4.393,4.409,4.235,4.387,5862.5
1753315200000,4.387,4.544,4.354,4.501,5243.1
1753329600000,4.501,4.534,4.144,4.301,11473.6
1753344000000,4.301,4.407,4.268,4.393,6040.1
1753358400000,4.393,4.5,4.275,4.443,6491.5
1753372800000,4.443,4.487,4.325,4.42,5188.6
1753387200000,4.42,4.436,4.26,4.27,3830.2
1753401600000,4.27,4.272,4.124,4.179,6622.9
1753416000000,4.179,4.338,4.153,4.29,5494.8
1753430400000,4.29,4.65,4.28,4.591,14565.2
1753444800000,4.591,4.626,4.367,4.418,7458.3
1753459200000,4.418,4.469,4.376,4.428,3680.1
1753473600000,4.428,4.519,4.421,4.483,5081.6
1753488000000,4.483,4.546,4.454,4.475,4507.5
1753502400000,4.475,4.509,4.441,4.441,2523.2
1753516800000,4.441,4.506,4.438,4.439,2874.8
1753531200000,4.439,4.466,4.394,4.41,3564.8
1753545600000,4.41,4.482,4.38,4.476,2471.3
1753560000000,4.476,4.518,4.43,4.441,2530.3
1753574400000,4.441,4.469,4.422,4.432,2743.3
1753588800000,4.432,4.503,4.389,4.399,4033.7
1753603200000,4.399,4.438,4.354,4.4,2844.4
1753617600000,4.4,4.431,4.377,4.42,1871.6
1753632000000,4.42,4.481,4.401,4.402,7345.7
1753646400000,4.402,4.497,4.391,4.426,5378.7
1753660800000,4.426,4.521,4.365,4.521,7355.4
1753675200000,4.521,4.635,4.51,4.619,6313.7
1753689600000,4.619,4.737,4.615,4.698,8570.6
1753704000000,4.698,4.702,4.332,4.37,10931.3
1753718400000,4.37,4.473,4.3,4.441,8466.9
1753732800000,4.441,4.532,4.369,4.524,5354.8
1753747200000,4.524,4.571,4.319,4.43,7318.4
1753761600000,4.43,4.562,4.342,4.542,5221.6
1753776000000,4.542,4.544,4.411,4.428,4330.8
1753790400000,4.428,4.476,4.199,4.236,7716.4
1753804800000,4.236,4.341,4.211,4.29,3890.2
1753819200000,4.29,4.373,4.241,4.37,3870.4
1753833600000,4.37,4.496,4.297,4.454,5837.9
1753848000000,4.454,4.491,4.383,4.425,5997.6
1753862400000,4.425,4.455,4.282,4.304,5135.7
1753876800000,4.304,4.408,4.236,4.329,12576.0
1753891200000,4.329,4.417,4.151,4.324,14829.2
1753905600000,4.324,4.421,4.251,4.322,9942.8
1753920000000,4.322,4.42,4.304,4.399,5136.0
1753934400000,4.399,4.484,4.381,4.432,16167.9
1753948800000,4.432,4.572,4.43,4.5,22117.1
1753963200000,4.5,4.551,4.34,4.379,27830.9
1753977600000,4.379,4.454,4.201,4.206,20898.7
1753992000000,4.206,4.213,4.031,4.037,32221.5
1754006400000,4.037,4.066,3.872,4.006,40644.6
1754020800000,4.006,4.006,3.898,3.93,12972.3
1754035200000,3.93,4.008,3.851,3.992,26800.3
1754049600000,3.992,4.081,3.883,3.978,28475.6
1754064000000,3.978,4.01,3.903,3.933,17458.8
1754078400000,3.933,3.979,3.773,3.913,28837.3
1754092800000,3.913,4.0,3.911,3.999,10515.2
1754107200000,3.999,4.014,3.872,3.958,8725.6
1754121600000,3.958,3.962,3.866,3.948,14748.3
1754136000000,3.948,3.963,3.854,3.868,18095.6
1754150400000,3.868,3.938,3.662,3.703,61715.6
1754164800000,3.703,3.784,3.695,3.733,27645.9
1754179200000,3.733,3.816,3.697,3.805,33814.0
1754193600000,3.805,3.844,3.796,3.827,24621.1
1754208000000,3.827,3.942,3.827,3.901,23875.9
1754222400000,3.901,4.011,3.884,3.938,40058.1
1754236800000,3.938,3.973,3.918,3.951,13722.5
1754251200000,3.951,4.025,3.929,3.975,17174.4
1754265600000,3.975,4.06,3.969,4.005,27587.8
1754280000000,4.005,4.049,3.962,4.042,14553.4
1754294400000,4.042,4.061,3.993,4.008,14284.2
1754308800000,4.008,4.128,4.001,4.118,37211.8
1754323200000,4.118,4.156,4.022,4.029,20176.3
1754337600000,4.029,4.099,4.022,4.057,18026.9
1754352000000,4.057,4.059,3.963,3.966,19748.1
1754366400000,3.966,3.981,3.868,3.871,22512.6
1754380800000,3.871,3.967,3.855,3.918,16056.7
1754395200000,3.918,3.977,3.786,3.8,33603.5
1754409600000,3.8,3.861,3.796,3.818,13630.0
1754424000000,3.818,3.88,3.769,3.872,14760.2
1754438400000,3.872,3.873,3.756,3.795,16689.9
1754452800000,3.795,3.993,3.776,3.985,15338.8
1754467200000,3.985,3.999,3.861,3.869,17073.4
1754481600000,3.869,3.968,3.821,3.965,15787.8
1754496000000,3.965,4.071,3.937,4.058,26035.4
1754510400000,4.058,4.061,4.001,4.011,12994.6
1754524800000,4.011,4.037,3.983,4.009,6205.8
1754539200000,4.009,4.095,3.99,4.087,14625.7
1754553600000,4.087,4.378,4.086,4.295,64158.8
1754568000000,4.295,4.474,4.285,4.431,54606.8
1754582400000,4.431,4.656,4.325,4.643,44309.2
1754596800000,4.643,5.133,4.639,5.02,120255.2
1754611200000,5.02,5.244,4.924,5.156,98087.3
1754625600000,5.156,5.249,5.081,5.186,44289.5
1754640000000,5.186,5.367,5.116,5.311,58470.7
1754654400000,5.311,5.454,5.239,5.391,52075.1
1754668800000,5.391,5.498,5.283,5.445,48535.3
1754683200000,5.445,5.502,5.384,5.43,30362.4
1754697600000,5.43,5.533,5.371,5.463,32762.2
1754712000000,5.463,5.582,5.3,5.358,39419.4
1754726400000,5.358,5.531,5.348,5.501,23258.0
1754740800000,5.501,5.678,5.471,5.641,34098.0
1754755200000,5.641,5.714,5.561,5.676,26321.1
1754769600000,5.676,5.83,5.642,5.672,24324.5
1754784000000,5.672,5.76,5.47,5.502,24458.9
1754798400000,5.502,5.584,5.415,5.435,18638.2
1754812800000,5.435,5.518,5.389,5.391,19909.6
1754827200000,5.391,5.535,5.373,5.522,17293.0
1754841600000,5.522,5.525,5.467,5.498,5969.0
1754856000000,5.498,5.502,5.422,5.466,7237.4
1754870400000,5.466,5.993,5.364,5.44,57891.7
1754884800000,5.44,5.634,5.41,5.422,20417.8
1754899200000,5.422,5.422,5.248,5.284,22445.1
1754913600000,5.284,5.688,5.272,5.604,35116.5
1754928000000,5.604,5.611,5.316,5.34,15033.5
1754942400000,5.34,5.54,5.231,5.431,17924.3
1754956800000,5.431,5.56,5.396,5.492,8995.8
1754971200000,5.492,5.557,5.408,5.463,5970.1
1754985600000,5.463,5.538,5.295,5.379,6536.1
1755000000000,5.379,5.683,5.341,5.664,14025.6
1755014400000,5.664,5.714,5.55,5.593,6637.6
1755028800000,5.593,5.749,5.567,5.732,6213.9
1755043200000,5.732,5.793,5.455,5.537,11495.6
1755057600000,5.537,5.581,5.414,5.484,5862.4
1755072000000,5.484,5.788,5.458,5.72,20967.2
1755086400000,5.72,5.894,5.491,5.604,16131.3
1755100800000,5.604,5.731,5.545,5.586,13356.2
1755115200000,5.586,5.695,5.554,5.65,7819.9
1755129600000,5.65,5.679,5.545,5.615,8126.4
1755144000000,5.615,5.654,5.284,5.312,12616.6
1755158400000,5.312,5.37,5.245,5.329,2497.0
1755172800000,5.312,5.629,5.057,5.609,30545.1
1755187200000,5.609,5.652,5.412,5.454,9572.7
1755201600000,5.454,5.52,5.346,5.434,5129.9
1755216000000,5.434,5.543,5.428,5.47,6432.8
1755230400000,5.47,5.497,5.345,5.436,8717.9
1755244800000,5.436,5.596,5.418,5.427,9724.1
1755259200000,5.427,5.53,5.255,5.278,10130.8
1755273600000,5.278,5.398,5.21,5.265,11212.6
1755288000000,5.265,5.383,5.25,5.286,5393.2
1755302400000,5.286,5.431,5.286,5.384,4618.0
1755316800000,5.384,5.396,5.323,5.349,2272.7
1755331200000,5.349,5.378,5.272,5.296,5837.9
1755345600000,5.296,5.391,5.288,5.365,4254.9
1755360000000,5.365,5.446,5.356,5.411,1772.0
1755374400000,5.411,5.451,5.388,5.444,2812.4
1755388800000,5.444,5.493,5.412,5.487,2072.5
1755403200000,5.487,5.549,5.485,5.524,4160.8
1755417600000,5.524,5.723,5.508,5.658,6019.1
1755432000000,5.658,5.755,5.574,5.715,5872.3
1755446400000,5.715,5.746,5.566,5.58,5433.2
1755460800000,5.58,5.646,5.537,5.545,2926.3
1755475200000,5.545,5.559,5.282,5.341,10851.8
1755489600000,5.341,5.456,5.264,5.28,10752.9
1755504000000,5.28,5.386,5.239,5.304,6195.3
1755518400000,5.304,5.486,5.29,5.4,8593.7
1755532800000,5.4,5.466,5.342,5.42,3669.4
1755547200000,5.42,5.458,5.325,5.343,2592.0
1755561600000,5.343,5.42,5.22,5.233,5397.7
1755576000000,5.233,5.278,5.202,5.258,2256.5
1755590400000,5.258,5.388,5.224,5.373,3462.5
1755604800000,5.373,5.405,5.085,5.226,7706.9
1755619200000,5.226,5.245,5.091,5.107,3719.5
1755633600000,5.107,5.18,5.072,5.092,4072.4
1755648000000,5.092,5.205,5.057,5.185,3045.1
1755662400000,5.185,5.291,5.185,5.238,3848.0
1755676800000,5.238,5.277,5.115,5.155,2389.9
1755691200000,5.155,5.354,5.105,5.3,9387.5
1755705600000,5.3,5.43,5.286,5.417,4375.3
1755720000000,5.417,5.51,5.394,5.494,5145.7
1755734400000,5.494,5.498,5.363,5.384,4612.5
1755748800000,5.384,5.473,5.337,5.431,2732.0
1755763200000,5.431,5.525,5.361,5.444,4871.9
1755777600000,5.444,5.526,5.373,5.424,5813.8
1755792000000,5.424,5.476,5.327,5.405,3424.2
1755806400000,5.405,5.492,5.378,5.426,1218.2
1755820800000,5.426,5.583,5.403,5.539,3729.9
1755835200000,5.539,5.646,5.507,5.575,9779.1
1755849600000,5.575,5.658,5.44,5.44,7256.9
1755864000000,5.44,5.763,5.328,5.729,26413.7
1755878400000,5.729,5.94,5.729,5.901,8039.6
1755892800000,5.901,5.968,5.832,5.882,4183.1
1755907200000,5.882,5.997,5.78,5.79,6279.7
1755921600000,5.79,5.928,5.769,5.808,6927.3
1755936000000,5.808,5.902,5.785,5.872,2055.7
1755950400000,5.872,6.283,5.839,6.129,17865.4
1755964800000,6.129,6.18,6.077,6.084,3507.8
1755979200000,6.084,6.165,6.036,6.099,2546.4
1755993600000,6.099,6.176,6.025,6.043,3478.2
1756008000000,6.043,6.06,5.92,5.923,4135.4
1756022400000,5.923,5.998,5.821,5.824,2211.8
1756036800000,5.824,6.031,5.808,5.957,5279.2
1756051200000,5.957,6.259,5.931,6.037,8976.5
1756065600000,6.037,6.046,5.839,5.898,4612.3
1756080000000,5.898,5.938,5.761,5.801,4039.2
1756094400000,5.801,5.808,5.44,5.44,7942.3
1756108800000,5.44,5.526,5.396,5.463,6245.3
1756123200000,5.463,5.509,5.391,5.418,4984.3
1756137600000,5.418,5.436,5.203,5.22,4246.7
1756152000000,5.22,5.254,5.088,5.143,5856.9
1756166400000,5.143,5.242,5.088,5.236,3455.2
1756180800000,5.287,5.337,5.235,5.264,2312.4
1756195200000,5.264,5.329,5.238,5.275,1436.1
1756209600000,5.275,5.689,5.243,5.373,11088.4
1756224000000,5.373,5.394,5.065,5.191,13058.8
1756238400000,5.191,5.283,5.127,5.204,4765.4
1756252800000,5.204,5.245,5.102,5.196,4288.4
1756267200000,5.196,5.229,5.099,5.123,3632.7
1756281600000,5.123,5.198,5.088,5.192,2607.1
1756296000000,5.192,5.298,5.162,5.275,4235.6
1756310400000,5.275,5.275,5.114,5.138,2498.6
1756324800000,5.138,5.229,5.073,5.099,4392.6
1756339200000,5.099,5.131,5.035,5.103,3416.6
1756353600000,5.103,5.198,5.093,5.151,2131.6
1756368000000,5.151,5.217,5.106,5.127,2406.1
1756382400000,5.127,5.19,5.073,5.101,5329.5
1756396800000,5.101,5.115,4.865,4.879,7250.3
1756411200000,4.879,4.943,4.857,4.9,4738.9
1756425600000,4.9,4.91,4.802,4.872,5443.0
1756440000000,4.872,4.881,4.739,4.767,7232.5
1756454400000,4.767,4.854,4.671,4.703,8613.8
1756468800000,4.703,4.806,4.638,4.686,11998.7
1756483200000,4.686,4.725,4.588,4.63,4611.3
1756497600000,4.63,4.663,4.587,4.642,2477.6
1756512000000,4.642,4.734,4.579,4.71,4451.7
1756526400000,4.71,4.8,4.687,4.79,2706.8
1756540800000,4.79,4.8,4.692,4.712,1826.1
1756555200000,4.712,4.762,4.658,4.75,3894.7
1756569600000,4.75,4.794,4.724,4.787,4494.6
1756584000000,4.787,4.837,4.774,4.809,1941.8
1756598400000,4.809,4.859,4.788,4.825,3084.8
1756612800000,4.825,4.833,4.782,4.819,6402.6
1756627200000,4.819,4.879,4.795,4.877,1886.0
1756641600000,4.877,4.879,4.638,4.663,9034.1
1756656000000,4.663,4.706,4.642,4.668,2413.9
1756670400000,4.668,4.69,4.602,4.614,1520.4
1756684800000,4.614,4.631,4.498,4.546,6873.0
1756699200000,4.546,4.633,4.493,4.631,5138.8
1756713600000,4.631,4.675,4.548,4.554,2967.6
1756728000000,4.554,4.587,4.489,4.505,3076.1
1756742400000,4.505,4.521,4.439,4.497,3411.5
1756756800000,4.497,4.51,4.389,4.503,4274.2
1756771200000,4.503,4.57,4.472,4.563,4278.0
1756785600000,4.563,4.617,4.553,4.568,4648.2
1756800000000,4.568,4.63,4.55,4.562,4080.5
1756814400000,4.562,4.653,4.346,4.527,20249.9
1756828800000,4.527,4.584,4.473,4.5,6047.4
1756843200000,4.5,4.592,4.481,4.559,3527.9
1756857600000,4.559,4.625,4.496,4.579,5334.6
1756872000000,4.579,4.585,4.505,4.533,2239.2
1756886400000,4.533,4.633,4.501,4.607,8710.4
1756900800000,4.607,4.784,4.575,4.761,11640.7
1756915200000,4.761,4.81,4.724,4.782,5601.0
1756929600000,4.782,4.783,4.731,4.752,4379.8
1756944000000,4.752,4.786,4.655,4.659,4169.2
1756958400000,4.659,4.757,4.598,4.751,7028.8
1756972800000,4.751,4.779,4.668,4.719,9286.0
1756987200000,4.719,4.738,4.516,4.519,17690.5
1757001600000,4.519,4.561,4.463,4.481,5879.2
1757016000000,4.481,4.557,4.473,4.493,8563.2
1757030400000,4.493,4.543,4.465,4.542,3790.5
1757044800000,4.542,4.697,4.503,4.696,8930.1
1757059200000,4.696,4.766,4.617,4.729,8980.3
1757073600000,4.729,4.825,4.568,4.615,24629.8
1757088000000,4.615,4.749,4.577,4.749,10342.5
1757102400000,4.749,4.778,4.695,4.728,6524.7
1757116800000,4.728,4.767,4.709,4.747,2822.8
1757131200000,4.747,4.748,4.652,4.677,5940.2
1757145600000,4.677,4.708,4.636,4.663,5114.4
1757160000000,4.663,4.704,4.617,4.618,7175.3
1757174400000,4.618,4.654,4.587,4.594,3954.1
1757188800000,4.594,4.619,4.59,4.596,1749.4
1757203200000,4.596,4.647,4.591,4.622,4019.9
1757217600000,4.622,4.66,4.621,4.634,2445.4
1757232000000,4.634,4.684,4.623,4.679,3015.6
1757246400000,4.679,4.691,4.623,4.63,5450.2
1757260800000,4.63,4.652,4.586,4.641,3449.9
1757275200000,4.641,4.681,4.616,4.639,3185.2
1757289600000,4.639,4.82,4.632,4.786,13444.6
1757304000000,4.786,4.8,4.727,4.756,11505.1
1757318400000,4.756,4.898,4.745,4.848,16608.3
1757332800000,4.848,4.979,4.832,4.96,18354.4
1757347200000,4.96,4.987,4.807,4.821,17226.5
1757361600000,4.821,4.912,4.788,4.84,9226.3
1757376000000,4.84,4.879,4.733,4.785,16012.6
1757390400000,4.785,4.967,4.766,4.96,21465.7
1757404800000,4.96,4.998,4.887,4.918,24113.4
1757419200000,4.918,4.971,4.697,4.707,38937.9
1757433600000,4.707,4.737,4.674,4.696,21290.8
1757448000000,4.696,4.748,4.651,4.737,12273.2
1757462400000,4.737,4.804,4.684,4.718,32125.1
1757476800000,4.718,4.734,4.68,4.723,22120.1
1757491200000,4.723,4.795,4.713,4.755,21335.0
1757505600000,4.755,4.962,4.732,4.897,50243.2
1757520000000,4.897,4.909,4.703,4.723,21864.2
1757534400000,4.723,4.806,4.716,4.79,11339.8
1757548800000,4.79,4.95,4.767,4.946,21984.5
1757563200000,4.946,5.089,4.913,5.027,60159.8
1757577600000,5.027,5.107,4.957,4.974,37204.9
1757592000000,4.974,5.051,4.901,4.98,46808.0
1757606400000,4.98,5.149,4.98,5.134,27912.7
1757620800000,5.134,5.349,5.114,5.348,52551.4
1757635200000,5.348,5.356,5.188,5.213,56836.8
1757649600000,5.213,5.246,5.176,5.2,32160.3
1757664000000,5.2,5.208,5.143,5.167,23494.9
1757678400000,5.167,5.235,5.127,5.202,27567.1
1757692800000,5.202,5.302,5.191,5.299,20702.7
1757707200000,5.299,5.336,5.232,5.264,32161.1
1757721600000,5.264,5.288,5.197,5.263,32809.6
1757736000000,5.263,5.272,5.214,5.26,38593.0
1757750400000,5.26,5.333,5.255,5.283,24479.6
1757764800000,5.283,5.287,5.134,5.144,45272.7
1757779200000,5.144,5.185,5.089,5.16,41333.9
1757793600000,5.16,5.218,5.16,5.185,15943.2
1757808000000,5.185,5.27,5.134,5.146,27805.6
1757822400000,5.146,5.176,5.092,5.111,29884.3
1757836800000,5.111,5.139,5.027,5.036,31562.6
1757851200000,5.036,5.062,4.927,4.957,50990.5
1757865600000,4.957,5.046,4.946,5.027,14633.0
1757880000000,5.027,5.093,5.013,5.057,21141.3
1757894400000,5.057,5.091,4.978,5.083,32495.5
1757908800000,5.083,5.136,4.985,5.002,51423.8
1757923200000,5.002,5.003,4.86,4.907,66153.8
1757937600000,4.907,4.942,4.805,4.863,92220.2
1757952000000,4.863,4.902,4.809,4.896,35949.5
1757966400000,4.896,4.943,4.89,4.932,33179.3
1757980800000,4.932,4.952,4.881,4.886,25217.4
1757995200000,4.886,4.948,4.845,4.912,27666.4
1758009600000,4.912,4.97,4.912,4.924,26411.9
1758024000000,4.924,4.954,4.727,4.831,159077.5
1758038400000,4.831,5.004,4.82,4.973,90026.3
1758052800000,4.973,5.073,4.957,4.977,59751.5
1758067200000,4.977,5.034,4.955,4.992,44588.6
1758081600000,4.992,5.08,4.933,5.04,48509.7
1758096000000,5.04,5.044,4.935,4.98,28005.5
1758110400000,4.98,5.026,4.924,4.939,36570.2
1758124800000,4.939,5.079,4.897,5.069,110205.3
1758139200000,5.069,5.248,4.994,5.194,92798.1
1758153600000,5.194,5.248,5.154,5.198,55739.0
1758168000000,5.198,5.209,5.087,5.114,55778.6
1758182400000,5.114,5.163,5.091,5.112,40671.6
1758196800000,5.112,5.3,5.076,5.283,65682.1
1758211200000,5.283,5.33,5.254,5.296,31905.0
1758225600000,5.296,5.344,5.248,5.272,23442.0
1758240000000,5.272,5.421,5.173,5.176,53831.9
1758254400000,5.176,5.195,5.107,5.132,53603.4
1758268800000,5.132,5.155,5.009,5.026,44291.8
1758283200000,5.026,5.093,4.931,4.97,50987.0
1758297600000,4.97,5.069,4.965,5.053,26098.7
1758312000000,5.053,5.194,5.051,5.152,58552.0
1758326400000,5.152,5.192,5.084,5.168,46436.5
1758340800000,5.168,5.222,5.139,5.192,30507.4
1758355200000,5.192,5.196,5.037,5.057,35109.9
1758369600000,5.057,5.164,5.04,5.132,18289.3
1758384000000,5.132,5.154,5.076,5.088,18565.9
1758398400000,5.088,5.112,5.059,5.077,12270.9
1758412800000,5.077,5.117,5.038,5.089,14598.4
1758427200000,5.089,5.12,5.054,5.08,17324.4
1758441600000,5.08,5.085,4.998,5.03,16868.8
1758456000000,5.03,5.094,5.03,5.083,11638.5
1758470400000,5.083,5.113,5.0,5.035,21652.7
1758484800000,5.035,5.054,4.99,5.012,18855.0
1758499200000,5.012,5.03,4.803,4.853,61503.5
1758513600000,4.853,4.853,4.477,4.673,129073.9
1758528000000,4.673,4.747,4.63,4.74,71331.1
1758542400000,4.74,4.86,4.737,4.748,50006.3
1758556800000,4.748,4.836,4.736,4.781,66773.6
1758571200000,4.781,4.907,4.771,4.885,26414.4
1758585600000,4.885,4.91,4.697,4.793,52076.5
1758600000000,4.793,4.902,4.726,4.874,33591.6
1758614400000,4.874,4.921,4.857,4.894,25936.3
1758628800000,4.894,4.923,4.805,4.856,28680.6
1758643200000,4.856,4.895,4.704,4.716,43121.9
1758657600000,4.716,4.772,4.698,4.699,18529.0
1758672000000,4.699,4.773,4.652,4.668,26751.4
1758686400000,4.668,4.775,4.58,4.766,51702.5
1758700800000,4.766,4.834,4.737,4.812,26695.5
1758715200000,4.812,4.889,4.786,4.841,38570.2
1758729600000,4.841,4.873,4.765,4.775,23998.4
1758744000000,4.775,4.785,4.731,4.742,10243.9
1758758400000,4.742,4.758,4.641,4.737,49020.6
1758772800000,4.737,4.771,4.593,4.6,72684.1
1758787200000,4.6,4.671,4.555,4.564,29179.0
1758801600000,4.564,4.649,4.486,4.591,55730.2
1758816000000,4.591,4.596,4.295,4.527,87913.4
1758830400000,4.527,4.539,4.395,4.427,43321.2
1758844800000,4.427,4.652,4.412,4.634,62730.3
1758859200000,4.634,4.64,4.528,4.588,26856.6
1758873600000,4.588,4.607,4.447,4.516,36590.4
1758888000000,4.516,4.614,4.465,4.57,50036.8
1758902400000,4.57,4.699,4.565,4.675,45282.5
1758916800000,4.675,4.69,4.624,4.667,16614.1
1758931200000,4.667,4.684,4.62,4.654,12568.9
1758945600000,4.654,4.734,4.64,4.713,24223.8
1758960000000,4.713,4.713,4.617,4.624,22798.2
1758974400000,4.624,4.668,4.584,4.644,17486.0
1758988800000,4.644,4.647,4.567,4.596,17533.9
1759003200000,4.596,4.646,4.573,4.608,9566.9
1759017600000,4.608,4.61,4.542,4.567,13970.1
1759032000000,4.567,4.584,4.535,4.567,9347.3
1759046400000,4.567,4.598,4.529,4.543,15662.1
1759060800000,4.543,4.639,4.51,4.624,27673.3
1759075200000,4.624,4.709,4.623,4.688,24178.8
1759089600000,4.688,4.832,4.682,4.825,23044.4
1759104000000,4.825,4.829,4.691,4.722,39244.2
1759118400000,4.722,4.725,4.671,4.715,15027.8
1759132800000,4.715,4.74,4.653,4.68,20852.8
1759147200000,4.68,4.835,4.628,4.722,56399.2
1759161600000,4.722,4.752,4.663,4.727,19641.8
1759176000000,4.727,4.794,4.725,4.738,15384.4
1759190400000,4.738,4.751,4.671,4.678,27917.5
1759204800000,4.678,4.703,4.642,4.663,18456.9
1759219200000,4.663,4.674,4.586,4.611,29793.9
1759233600000,4.611,4.652,4.521,4.567,32621.5
1759248000000,4.567,4.569,4.143,4.518,242211.3
1759262400000,4.518,4.555,4.451,4.471,44704.1
1759276800000,4.471,4.482,4.362,4.366,39210.8
1759291200000,4.366,4.458,4.365,4.395,32905.4
1759305600000,4.395,4.706,4.389,4.687,66859.0
1759320000000,4.687,4.774,4.657,4.756,34068.6
1759334400000,4.756,4.808,4.745,4.789,29643.4
1759348800000,4.789,4.835,4.748,4.833,25098.6
1759363200000,4.833,4.929,4.811,4.882,34887.3
1759377600000,4.882,4.991,4.873,4.924,32571.9
1759392000000,4.924,4.982,4.897,4.91,42556.7
1759406400000,4.91,4.978,4.847,4.918,58921.0
1759420800000,4.918,5.101,4.918,5.074,59232.5
1759435200000,5.074,5.1,4.978,5.014,44463.1
1759449600000,5.014,5.03,4.934,4.976,28255.4
1759464000000,4.976,5.014,4.897,4.905,35223.9
1759478400000,4.905,4.954,4.886,4.918,16709.7
1759492800000,4.918,4.964,4.851,4.953,40186.0
1759507200000,4.953,5.013,4.793,4.85,66680.3
1759521600000,4.85,4.891,4.827,4.878,14363.3
1759536000000,4.878,4.88,4.78,4.798,29370.2
1759550400000,4.798,4.848,4.795,4.824,16305.2
1759564800000,4.824,4.838,4.741,4.758,19246.1
1759579200000,4.758,4.787,4.69,4.704,19949.2
1759593600000,4.704,4.761,4.693,4.742,10494.5
1759608000000,4.742,4.789,4.739,4.767,11369.1
1759622400000,4.767,4.879,4.727,4.845,24946.4
1759636800000,4.845,4.915,4.838,4.91,22552.2
1759651200000,4.91,4.928,4.779,4.808,32744.5
1759665600000,4.808,4.808,4.738,4.748,25701.8
1759680000000,4.748,4.761,4.666,4.671,19531.7
1759694400000,4.671,4.713,4.658,4.697,9033.1
1759708800000,4.697,4.756,4.672,4.743,22151.0
1759723200000,4.743,4.794,4.698,4.736,14173.3
1759737600000,4.736,4.869,4.736,4.847,23094.1
1759752000000,4.847,4.955,4.847,4.926,50266.4
1759766400000,4.926,5.047,4.924,5.034,31644.6
1759780800000,5.034,5.042,4.983,5.017,21377.3
1759795200000,5.017,5.05,4.955,4.99,17454.5
1759809600000,4.99,5.088,4.985,5.032,29440.7
1759824000000,5.032,5.152,4.965,5.107,51849.2
1759838400000,5.107,5.161,4.837,4.866,83925.5
1759852800000,4.866,4.933,4.796,4.822,45301.1
1759867200000,4.822,4.907,4.781,4.801,31802.0
1759881600000,4.801,4.893,4.734,4.743,31276.7
1759896000000,4.743,4.764,4.682,4.724,30878.5
1759910400000,4.724,4.775,4.698,4.719,25123.2
1759924800000,4.719,4.789,4.668,4.708,31656.9
1759939200000,4.708,4.89,4.697,4.802,36808.9
1759953600000,4.802,4.806,4.697,4.713,38029.9
1759968000000,4.713,4.724,4.524,4.572,35227.4
1759982400000,4.572,4.596,4.53,4.546,18002.1
1759996800000,4.546,4.546,4.424,4.479,50671.6
1760011200000,4.479,4.538,4.391,4.434,40473.0
1760025600000,4.434,4.481,4.378,4.464,40182.2
1760040000000,4.464,4.549,4.457,4.545,26829.9
1760054400000,4.545,4.564,4.469,4.507,22727.5
1760068800000,4.507,4.576,4.476,4.491,25878.0
1760083200000,4.491,4.527,4.47,4.498,13858.1
1760097600000,4.498,4.53,4.236,4.29,57949.5
1760112000000,4.29,4.312,4.121,4.166,49014.0
1760126400000,4.166,4.188,1.657,3.539,488264.6
1760140800000,3.539,3.67,3.381,3.503,150746.0
1760155200000,3.503,3.622,3.488,3.556,70933.0
1760169600000,3.556,3.726,3.539,3.666,54391.4
1760184000000,3.666,3.669,3.533,3.566,70788.4
1760198400000,3.566,3.641,3.44,3.465,42985.0
1760212800000,3.465,3.48,3.313,3.351,60839.3
1760227200000,3.351,3.406,3.274,3.369,38336.6
1760241600000,3.369,3.444,3.363,3.396,34305.1
1760256000000,3.396,3.418,3.298,3.327,47783.2
1760270400000,3.327,3.688,3.323,3.681,83839.5
1760284800000,3.681,3.857,3.678,3.853,61453.6
1760299200000,3.853,3.946,3.812,3.878,63048.0
1760313600000,3.878,3.878,3.728,3.75,31362.0
1760328000000,3.75,3.874,3.725,3.842,24824.3
1760342400000,3.842,3.928,3.709,3.751,52217.8
1760356800000,3.751,3.893,3.711,3.79,76040.1
1760371200000,3.79,3.889,3.743,3.873,106330.9
1760385600000,3.873,3.896,3.841,3.875,33756.5
1760400000000,3.875,3.908,3.763,3.765,51437.6
1760414400000,3.765,3.778,3.474,3.537,76173.4
1760428800000,3.537,3.559,3.425,3.522,51427.5
1760443200000,3.522,3.667,3.422,3.662,71961.8
1760457600000,3.662,3.738,3.602,3.656,57737.5
1760472000000,3.656,3.675,3.599,3.601,32683.2
1760486400000,3.601,3.627,3.527,3.544,36584.2
1760500800000,3.544,3.588,3.492,3.584,34028.7
1760515200000,3.584,3.641,3.479,3.499,60156.1
1760529600000,3.499,3.506,3.355,3.374,78229.7
1760544000000,3.374,3.398,3.303,3.321,45642.5
1760558400000,3.321,3.337,3.24,3.273,41306.7
1760572800000,3.273,3.41,3.259,3.342,34997.8
1760587200000,3.342,3.363,3.286,3.302,31098.6
1760601600000,3.302,3.408,3.201,3.406,65396.8
1760616000000,3.406,3.43,3.248,3.263,71717.2
1760630400000,3.263,3.371,3.167,3.203,77844.2
1760644800000,3.203,3.237,3.147,3.23,31529.5
1760659200000,3.23,3.27,3.213,3.241,22348.2
1760673600000,3.241,3.243,2.932,2.949,79622.0
1760688000000,2.949,3.122,2.924,3.091,108328.5
1760702400000,3.091,3.136,3.002,3.134,71494.9
1760716800000,3.134,3.189,3.096,3.135,32873.4
1760731200000,3.135,3.198,3.121,3.149,18205.4
1760745600000,3.149,3.198,3.136,3.184,20949.7
1760760000000,3.184,3.269,3.147,3.208,21214.7
1760774400000,3.208,3.239,3.189,3.236,18822.6
1760788800000,3.236,3.24,3.17,3.194,14672.9
1760803200000,3.194,3.273,3.165,3.271,15871.7
1760817600000,3.271,3.287,3.224,3.235,12515.8
1760832000000,3.235,3.297,3.2,3.286,12496.8
1760846400000,3.286,3.288,3.208,3.226,8127.3
1760860800000,3.226,3.304,3.17,3.256,41467.0
1760875200000,3.256,3.32,3.229,3.264,32249.9
1760889600000,3.264,3.28,3.203,3.211,28470.1
1760904000000,3.211,3.256,3.196,3.207,20516.0
1760918400000,3.207,3.254,3.125,3.248,33764.6
1760932800000,3.248,3.312,3.231,3.297,31147.1
1760947200000,3.297,3.336,3.213,3.22,40099.8
1760961600000,3.22,3.237,3.131,3.193,44775.4
1760976000000,3.193,3.201,3.131,3.188,22567.9
1760990400000,3.188,3.218,3.181,3.19,9358.7
1761004800000,3.19,3.203,3.122,3.126,14477.3
1761019200000,3.126,3.133,3.067,3.094,46390.4
1761033600000,3.094,3.134,3.066,3.123,25151.8
1761048000000,3.123,3.381,3.108,3.349,67644.2
1761062400000,3.349,3.359,3.242,3.287,48144.3
1761076800000,3.287,3.292,3.109,3.119,33161.2
1761091200000,3.119,3.15,3.078,3.094,31221.9
1761105600000,3.094,3.123,3.055,3.102,23991.3
1761120000000,3.102,3.155,3.074,3.135,26918.7
1761134400000,3.135,3.148,3.036,3.089,51108.3
1761148800000,3.089,3.114,3.029,3.058,21766.4
1761163200000,3.058,3.066,2.935,3.033,31800.1
1761177600000,3.033,3.088,3.021,3.072,17471.0
1761192000000,3.072,3.148,3.067,3.123,15288.1
1761206400000,3.123,3.237,3.121,3.152,55498.0
1761220800000,3.152,3.158,3.108,3.139,26813.4
1761235200000,3.139,3.193,3.081,3.092,32496.5
1761249600000,3.092,3.102,3.062,3.097,20688.2
1761264000000,3.097,3.11,3.064,3.076,15264.1
1761278400000,3.076,3.147,3.064,3.092,30624.5
1761292800000,3.092,3.125,3.077,3.111,30632.5
1761307200000,3.111,3.219,3.094,3.112,39078.6
1761321600000,3.112,3.225,3.089,3.212,21184.1
1761336000000,3.212,3.255,3.207,3.22,16647.3
1761350400000,3.22,3.222,3.171,3.175,16066.1
1761364800000,3.175,3.193,3.149,3.159,8655.2
1761379200000,3.159,3.184,3.154,3.161,15326.6
1761393600000,3.161,3.208,3.157,3.195,14875.6
1761408000000,3.195,3.216,3.169,3.212,9660.8
1761422400000,3.212,3.224,3.192,3.209,7846.9
1761436800000,3.209,3.213,3.151,3.163,30272.5
1761451200000,3.163,3.256,3.159,3.252,17008.9
1761465600000,3.252,3.339,3.252,3.327,23077.9
1761480000000,3.327,3.352,3.304,3.32,22284.1
1761494400000,3.32,3.442,3.299,3.421,35850.1
1761508800000,3.421,3.462,3.384,3.45,19225.8
1761523200000,3.45,3.585,3.446,3.522,52046.4
1761537600000,3.522,3.586,3.496,3.505,16228.3
1761552000000,3.505,3.556,3.382,3.395,34874.9
1761566400000,3.395,3.412,3.328,3.359,32565.0
1761580800000,3.359,3.409,3.337,3.339,24628.1
1761595200000,3.339,3.34,3.267,3.283,18781.5
1761609600000,3.283,3.33,3.259,3.275,17859.2
1761624000000,3.275,3.315,3.241,3.283,12930.8
1761638400000,3.283,3.313,3.247,3.29,23382.5
1761652800000,3.29,3.379,3.25,3.299,23238.7
1761667200000,3.299,3.317,3.21,3.226,14989.7
1761681600000,3.226,3.245,3.148,3.223,26640.7
1761696000000,3.223,3.272,3.208,3.254,21041.8
1761710400000,3.254,3.284,3.234,3.257,16366.5
1761724800000,3.257,3.28,3.223,3.272,12404.3
1761739200000,3.272,3.283,3.175,3.191,16098.9
1761753600000,3.191,3.277,3.113,3.22,36491.3
1761768000000,3.22,3.296,3.2,3.285,28798.2
1761782400000,3.285,3.322,3.264,3.28,20373.9
1761796800000,3.28,3.337,3.212,3.318,45928.5
1761811200000,3.318,3.319,3.201,3.206,19038.0
1761825600000,3.206,3.209,3.004,3.018,83603.0
1761840000000,3.018,3.047,2.907,2.917,46245.3
1761854400000,2.917,3.056,2.911,3.05,19175.4
1761868800000,3.05,3.105,3.038,3.089,16640.7
1761883200000,3.089,3.138,3.062,3.078,19654.3
1761897600000,3.078,3.105,3.034,3.102,40322.7
1761912000000,3.102,3.12,3.051,3.08,28603.3
1761926400000,3.08,3.112,2.986,3.109,28210.1
1761940800000,3.109,3.117,3.055,3.062,6946.2
1761955200000,3.062,3.118,3.048,3.116,5077.6
1761969600000,3.116,3.139,3.085,3.137,6240.2
1761984000000,3.137,3.183,3.133,3.156,12660.3
1761998400000,3.156,3.162,3.1,3.134,9552.2
1762012800000,3.134,3.148,3.107,3.131,7331.5
1762027200000,3.131,3.17,3.095,3.129,4989.0
1762041600000,3.129,3.129,3.089,3.094,5465.4
1762056000000,3.094,3.136,3.087,3.126,11763.7
1762070400000,3.126,3.127,3.037,3.09,14896.8
1762084800000,3.09,3.095,2.995,3.014,15927.6
1762099200000,3.014,3.048,2.989,3.014,8488.7
1762113600000,3.014,3.062,2.996,3.053,10132.8
1762128000000,3.053,3.064,2.852,2.857,20217.8
1762142400000,2.857,2.892,2.767,2.803,34566.1
1762156800000,2.803,2.826,2.736,2.769,34657.0
1762171200000,2.769,2.853,2.602,2.661,57210.3
1762185600000,2.661,2.791,2.643,2.716,33459.1
1762200000000,2.716,2.728,2.654,2.72,23562.7
1762214400000,2.72,2.773,2.698,2.764,23676.1
1762228800000,2.764,2.775,2.607,2.615,43044.2
1762243200000,2.615,2.717,2.609,2.67,29941.1
1762257600000,2.67,2.812,2.63,2.695,31933.3
1762272000000,2.695,2.716,2.537,2.566,56202.9
1762286400000,2.566,2.652,2.46,2.63,81596.2
1762300800000,2.63,2.686,2.501,2.65,70768.3
1762315200000,2.65,2.69,2.63,2.681,29352.4
1762329600000,2.681,2.681,2.587,2.64,38065.1
1762344000000,2.64,2.724,2.634,2.722,24920.6
1762358400000,2.722,2.752,2.691,2.725,13224.3
1762372800000,2.725,2.743,2.693,2.725,13980.6
1762387200000,2.725,2.725,2.669,2.705,19529.7
1762401600000,2.705,2.72,2.654,2.667,9564.5
1762416000000,2.667,2.687,2.649,2.667,9832.7
1762430400000,2.667,2.677,2.559,2.567,37455.4
1762444800000,2.567,2.639,2.532,2.603,33753.7
1762459200000,2.603,2.634,2.573,2.597,15167.7
1762473600000,2.597,2.644,2.566,2.61,25401.7
1762488000000,2.61,2.66,2.584,2.659,13471.3
1762502400000,2.659,2.695,2.549,2.568,45036.6
1762516800000,2.568,2.725,2.503,2.712,77546.8
1762531200000,2.712,2.853,2.701,2.829,70269.9
1762545600000,2.829,2.847,2.774,2.776,28115.5
1762560000000,2.776,2.816,2.726,2.755,23641.0
1762574400000,2.755,2.779,2.669,2.734,28617.5
1762588800000,2.734,2.804,2.712,2.777,23771.7
1762603200000,2.777,2.855,2.706,2.72,40857.6
1762617600000,2.72,2.764,2.697,2.736,14315.3
1762632000000,2.736,2.779,2.723,2.77,5197.7
1762646400000,2.77,2.772,2.653,2.673,19344.4
1762660800000,2.673,2.741,2.667,2.735,5934.3
1762675200000,2.735,2.737,2.659,2.703,19469.5
1762689600000,2.703,2.801,2.697,2.777,38353.4
1762704000000,2.777,2.821,2.764,2.82,10876.0
1762718400000,2.82,2.83,2.771,2.802,9743.5
1762732800000,2.802,2.881,2.776,2.86,25868.4
1762747200000,2.86,2.889,2.845,2.869,10782.4
1762761600000,2.869,2.908,2.807,2.889,27614.9
1762776000000,2.889,2.904,2.798,2.823,24100.7
1762790400000,2.823,2.88,2.778,2.861,14653.2
1762804800000,2.861,2.978,2.837,2.919,40065.9
1762819200000,2.919,2.986,2.881,2.916,37682.9
1762833600000,2.916,2.933,2.797,2.799,20082.7
1762848000000,2.799,2.842,2.793,2.813,12858.0
1762862400000,2.813,2.83,2.749,2.76,48321.5
1762876800000,2.76,2.806,2.709,2.713,26391.4
1762891200000,2.713,2.717,2.659,2.673,27376.2
1762905600000,2.673,2.719,2.652,2.714,10189.4
1762920000000,2.714,2.739,2.691,2.694,11474.6
1762934400000,2.694,2.802,2.694,2.786,23966.0
1762948800000,2.786,2.804,2.66,2.672,25918.1
1762963200000,2.672,2.677,2.566,2.588,29182.9
1762977600000,2.588,2.63,2.576,2.584,8706.0
1762992000000,2.584,2.671,2.581,2.65,16732.6
1763006400000,2.65,2.715,2.631,2.674,27801.7
1763020800000,2.674,2.692,2.641,2.679,19624.5
1763035200000,2.679,2.697,2.608,2.626,21843.2
1763049600000,2.626,2.632,2.448,2.459,48652.9
1763064000000,2.459,2.533,2.421,2.504,25243.2
1763078400000,2.504,2.522,2.453,2.466,15694.3
1763092800000,2.466,2.466,2.364,2.429,33128.3
1763107200000,2.429,2.441,2.311,2.324,38301.7
1763121600000,2.324,2.335,2.242,2.268,106314.2
1763136000000,2.268,2.354,2.222,2.23,89737.9
1763150400000,2.23,2.231,2.078,2.11,136002.5
1763164800000,2.11,2.212,2.103,2.2,99873.0
1763179200000,2.2,2.244,2.186,2.24,26467.1
1763193600000,2.24,2.262,2.183,2.212,23705.9
1763208000000,2.212,2.275,2.2,2.25,18638.5
1763222400000,2.25,2.42,2.232,2.405,41965.7
1763236800000,2.405,2.42,2.302,2.329,42869.0
1763251200000,2.329,2.364,2.287,2.351,32658.3
1763265600000,2.351,2.379,2.333,2.358,16597.8
1763280000000,2.358,2.36,2.296,2.297,24638.7
1763294400000,2.297,2.379,2.256,2.259,67445.0
1763308800000,2.259,2.459,2.241,2.374,166655.4
1763323200000,2.374,2.501,2.297,2.433,54012.0
1763337600000,2.433,2.478,2.386,2.465,55075.6
1763352000000,2.465,2.515,2.405,2.492,38710.6
1763366400000,2.492,2.525,2.455,2.466,40937.3
1763380800000,2.466,2.467,2.332,2.34,47673.0
1763395200000,2.34,2.354,2.209,2.223,48129.9
1763409600000,2.223,2.295,2.21,2.275,46472.3
1763424000000,2.275,2.382,2.265,2.37,54669.7
1763438400000,2.37,2.381,2.316,2.329,38090.1
1763452800000,2.329,2.364,2.324,2.347,19559.3
1763467200000,2.347,2.462,2.323,2.413,41613.2
1763481600000,2.413,2.465,2.405,2.46,23760.6
1763496000000,2.46,2.464,2.407,2.421,11462.3
1763510400000,2.421,2.442,2.395,2.404,14763.2
1763524800000,2.404,2.43,2.349,2.412,21755.3
1763539200000,2.412,2.46,2.379,2.398,23417.2
1763553600000,2.398,2.459,2.358,2.373,37884.7
1763568000000,2.373,2.394,2.248,2.264,53257.8
1763582400000,2.264,2.403,2.26,2.39,22882.3
1763596800000,2.39,2.416,2.376,2.4,13259.3
1763611200000,2.4,2.42,2.379,2.404,14974.3
1763625600000,2.404,2.41,2.365,2.401,11664.9
1763640000000,2.401,2.435,2.35,2.368,33261.5
1763654400000,2.368,2.373,2.228,2.283,55926.5
1763668800000,2.283,2.34,2.265,2.286,20836.8
1763683200000,2.286,2.342,2.23,2.252,34012.8
1763697600000,2.252,2.269,2.039,2.125,60771.3
1763712000000,2.125,2.157,2.055,2.069,46566.5
1763726400000,2.069,2.145,2.022,2.107,59930.7
1763740800000,2.107,2.205,2.067,2.158,36690.5
1763755200000,2.158,2.178,2.09,2.144,30318.5
1763769600000,2.144,2.162,2.127,2.138,16457.5
1763784000000,2.138,2.145,2.087,2.139,12442.3
1763798400000,2.139,2.149,2.093,2.143,17455.6
1763812800000,2.143,2.202,2.113,2.153,34660.1
1763827200000,2.153,2.21,2.146,2.171,27987.4
1763841600000,2.171,2.184,2.133,2.161,12864.7
1763856000000,2.161,2.2,2.135,2.185,18541.6
1763870400000,2.185,2.214,2.175,2.188,31358.8
1763884800000,2.188,2.202,2.17,2.199,13140.8
1763899200000,2.199,2.243,2.189,2.219,29777.1
1763913600000,2.219,2.255,2.199,2.248,19424.2
1763928000000,2.248,2.266,2.219,2.23,24670.9
1763942400000,2.23,2.267,2.189,2.237,40599.7
1763956800000,2.237,2.269,2.204,2.223,22922.8
1763971200000,2.223,2.284,2.188,2.271,25100.0
1763985600000,2.271,2.297,2.226,2.265,51973.8
1764000000000,2.265,2.407,2.265,2.39,35519.8
1764014400000,2.39,2.446,2.375,2.423,32510.6
1764028800000,2.423,2.469,2.408,2.423,26754.5
1764043200000,2.423,2.543,2.418,2.478,40977.2
1764057600000,2.478,2.502,2.44,2.473,45545.5
1764072000000,2.473,2.5,2.398,2.431,39541.0
1764086400000,2.431,2.487,2.417,2.442,23203.1
1764100800000,2.442,2.491,2.44,2.473,15107.4
1764115200000,2.473,2.491,2.441,2.445,16629.9
1764129600000,2.445,2.518,2.445,2.517,14211.2
1764144000000,2.517,2.571,2.501,2.512,51005.2
1764158400000,2.512,2.626,2.463,2.607,57887.7
1764172800000,2.607,2.773,2.607,2.692,72494.6
1764187200000,2.692,2.759,2.664,2.755,33511.8
1764201600000,2.755,2.755,2.685,2.729,40635.9
1764216000000,2.729,2.744,2.697,2.734,17269.1
1764230400000,2.734,2.818,2.711,2.788,44347.4
1764244800000,2.788,2.834,2.682,2.719,62142.2
1764259200000,2.719,2.747,2.695,2.739,27216.0
1764273600000,2.739,2.762,2.725,2.747,14499.0
1764288000000,2.747,2.772,2.699,2.764,19474.8
1764302400000,2.764,2.789,2.727,2.74,18871.0
1764316800000,2.74,2.887,2.74,2.82,44189.3
1764331200000,2.82,2.878,2.814,2.852,24199.7
1764345600000,2.852,2.853,2.762,2.791,24980.6
1764360000000,2.791,2.796,2.736,2.752,11965.6
1764374400000,2.752,2.767,2.739,2.748,7211.6
1764388800000,2.748,2.788,2.725,2.728,12899.0
1764403200000,2.728,2.754,2.706,2.748,9790.1
1764417600000,2.748,2.751,2.705,2.713,7195.3
1764432000000,2.713,2.727,2.686,2.702,13590.6
1764446400000,2.702,2.712,2.668,2.671,11435.5
1764460800000,2.671,2.691,2.637,2.651,31527.0
1764475200000,2.651,2.653,2.597,2.623,21037.0
1764489600000,2.623,2.643,2.611,2.616,15844.3
1764504000000,2.616,2.685,2.61,2.675,20459.6
1764518400000,2.675,2.717,2.674,2.687,11428.1
1764532800000,2.687,2.708,2.653,2.657,10005.0
1764547200000,2.657,2.664,2.452,2.458,80332.1
1764561600000,2.458,2.503,2.42,2.502,35354.2
1764576000000,2.502,2.506,2.454,2.46,29529.9
1764590400000,2.46,2.488,2.379,2.416,65604.5
1764604800000,2.416,2.423,2.378,2.395,25339.3
1764619200000,2.395,2.497,2.395,2.473,25933.0
1764633600000,2.473,2.5,2.446,2.49,16184.9
1764648000000,2.49,2.56,2.478,2.486,21746.3
1764662400000,2.486,2.486,2.441,2.478,15969.2
1764676800000,2.478,2.707,2.476,2.7,57740.1
1764691200000,2.7,2.712,2.621,2.623,27919.1
1764705600000,2.623,2.663,2.585,2.643,23097.5
1764720000000,2.643,2.689,2.635,2.667,24981.0
1764734400000,2.667,2.744,2.636,2.642,36437.7
1764748800000,2.642,2.683,2.639,2.666,15628.7
1764763200000,2.666,2.681,2.603,2.651,29755.6
1764777600000,2.651,2.708,2.646,2.686,17531.2
1764792000000,2.686,2.774,2.67,2.743,18127.6
1764806400000,2.743,2.754,2.692,2.696,20500.9
1764820800000,2.696,2.702,2.657,2.674,16020.3
1764835200000,2.674,2.698,2.654,2.68,14293.5
1764849600000,2.68,2.709,2.623,2.669,33389.5
1764864000000,2.669,2.68,2.548,2.62,39574.1
1764878400000,2.62,2.644,2.598,2.616,14339.7
1764892800000,2.616,2.634,2.569,2.576,32372.9
1764907200000,2.576,2.582,2.545,2.574,11072.6
1764921600000,2.574,2.576,2.509,2.522,13619.8
1764936000000,2.522,2.537,2.471,2.493,20120.1
1764950400000,2.493,2.494,2.373,2.399,26911.7
1764964800000,2.399,2.442,2.393,2.419,9536.6
1764979200000,2.419,2.44,2.395,2.437,7644.0
1764993600000,2.437,2.439,2.413,2.425,3213.5
1765008000000,2.425,2.433,2.406,2.417,5092.2
1765022400000,2.417,2.456,2.403,2.432,11148.5
1765036800000,2.432,2.446,2.401,2.407,8302.4
1765051200000,2.407,2.433,2.397,2.409,4996.1
1765065600000,2.409,2.425,2.399,2.42,5621.8
1765080000000,2.42,2.421,2.386,2.4,5252.0
1765094400000,2.4,2.417,2.375,2.404,9478.1
1765108800000,2.404,2.418,2.319,2.405,21823.0
1765123200000,2.405,2.47,2.373,2.464,22580.8
1765137600000,2.464,2.467,2.331,2.365,24267.2
1765152000000,2.365,2.429,2.357,2.415,11602.5
1765166400000,2.415,2.448,2.412,2.444,6566.1
1765180800000,2.444,2.477,2.434,2.445,15264.8
1765195200000,2.445,2.45,2.367,2.385,24991.8
1765209600000,2.385,2.412,2.357,2.372,15200.1
1765224000000,2.372,2.413,2.372,2.392,6184.3
1765238400000,2.392,2.398,2.34,2.371,10131.0
1765252800000,2.371,2.374,2.279,2.288,21688.7
1765267200000,2.288,2.304,2.274,2.3,13522.0
1765281600000,2.3,2.414,2.286,2.389,28068.5
1765296000000,2.389,2.47,2.389,2.416,34610.2
1765310400000,2.416,2.416,2.306,2.353,24378.1
1765324800000,2.353,2.367,2.299,2.309,14213.1
1765339200000,2.309,2.353,2.299,2.35,8827.4
1765353600000,2.35,2.377,2.319,2.335,11920.2
1765368000000,2.335,2.383,2.335,2.369,14039.6
1765382400000,2.369,2.465,2.367,2.44,37954.8
1765396800000,2.44,2.536,2.376,2.385,51896.3
1765411200000,2.385,2.393,2.254,2.265,31655.7
1765425600000,2.265,2.314,2.259,2.28,9169.6
1765440000000,2.28,2.294,2.256,2.282,13860.3
1765454400000,2.282,2.296,2.214,2.244,27642.2
1765468800000,2.244,2.299,2.226,2.266,32959.6
1765483200000,2.266,2.34,2.264,2.296,17899.2
1765497600000,2.296,2.306,2.256,2.272,8627.0
1765512000000,2.272,2.31,2.265,2.286,6708.6
1765526400000,2.286,2.301,2.273,2.292,5446.5
1765540800000,2.292,2.303,2.155,2.164,45221.4
1765555200000,2.164,2.193,2.145,2.179,20954.0
1765569600000,2.179,2.216,2.175,2.21,6934.8
1765584000000,2.21,2.22,2.192,2.195,6917.1
1765598400000,2.195,2.206,2.164,2.175,6485.4
1765612800000,2.175,2.192,2.162,2.173,7884.2
1765627200000,2.173,2.19,2.149,2.183,9018.3
1765641600000,2.183,2.196,2.163,2.178,8632.0
1765656000000,2.178,2.194,2.173,2.18,4899.2
1765670400000,2.18,2.184,2.158,2.161,4844.8
1765684800000,2.161,2.162,2.117,2.139,16973.0
1765699200000,2.139,2.149,2.104,2.13,7378.7
1765713600000,2.13,2.154,2.113,2.115,5945.3
1765728000000,2.115,2.134,2.093,2.103,11962.3
1765742400000,2.103,2.112,2.07,2.1,12178.8
1765756800000,2.1,2.16,2.096,2.123,12486.2
1765771200000,2.123,2.147,2.115,2.127,13334.3
1765785600000,2.127,2.142,2.106,2.139,6042.1
1765800000000,2.139,2.139,1.995,2.019,44862.0
1765814400000,2.019,2.029,1.956,1.999,39020.4
1765828800000,1.999,2.027,1.981,2.026,14184.6
1765843200000,2.026,2.026,1.971,1.99,18011.1
1765857600000,1.99,1.996,1.958,1.974,12559.6
1765872000000,1.974,2.017,1.974,2.01,7143.7
1765886400000,2.01,2.031,1.968,1.99,25090.3
1765900800000,1.99,2.04,1.983,2.028,20013.9
1765915200000,2.028,2.041,2.011,2.039,8174.6
1765929600000,2.039,2.054,2.014,2.034,16029.2
1765944000000,2.034,2.038,2.002,2.011,6152.2
1765958400000,2.011,2.011,1.959,1.974,11431.3
1765972800000,1.974,2.058,1.948,1.977,45276.6
1765987200000,1.977,1.995,1.845,1.876,66476.1
1766001600000,1.876,1.893,1.812,1.832,27729.6
1766016000000,1.832,1.843,1.775,1.798,36687.9
1766030400000,1.798,1.817,1.792,1.8,11175.0
1766044800000,1.8,1.867,1.796,1.864,48727.8
1766059200000,1.864,1.95,1.856,1.93,41028.7
1766073600000,1.93,1.93,1.745,1.754,57239.2
1766088000000,1.754,1.796,1.752,1.764,20261.1
1766102400000,1.764,1.8,1.728,1.784,41744.3
1766116800000,1.784,1.809,1.747,1.804,39703.9
1766131200000,1.804,1.821,1.791,1.814,20856.3
1766145600000,1.814,1.848,1.778,1.782,55295.7
1766160000000,1.782,1.828,1.76,1.81,67893.2
1766174400000,1.81,1.855,1.795,1.824,42989.8
1766188800000,1.824,1.901,1.818,1.859,22842.6
1766203200000,1.859,1.896,1.846,1.892,12993.4
1766217600000,1.892,1.962,1.884,1.946,52475.3
1766232000000,1.946,1.97,1.846,1.941,67680.8
1766246400000,1.941,1.96,1.914,1.916,18738.6
1766260800000,1.916,1.925,1.904,1.923,11743.5
1766275200000,1.923,1.923,1.883,1.902,11343.3
1766289600000,1.902,1.923,1.884,1.921,13280.4
1766304000000,1.921,1.942,1.907,1.917,24506.1
1766318400000,1.917,1.923,1.847,1.875,28698.2
1766332800000,1.875,1.897,1.856,1.894,22914.7
1766347200000,1.894,1.901,1.87,1.886,12544.2
1766361600000,1.886,1.925,1.826,1.867,35173.9
1766376000000,1.867,1.893,1.864,1.871,16762.3
1766390400000,1.871,1.902,1.87,1.9,16306.8
1766404800000,1.9,1.924,1.879,1.91,34983.6
1766419200000,1.91,1.917,1.812,1.821,23847.8
1766433600000,1.821,1.838,1.816,1.826,12576.0
1766448000000,1.826,1.833,1.781,1.79,22868.3
1766462400000,1.79,1.803,1.76,1.766,31587.8
1766476800000,1.766,1.766,1.743,1.744,28693.3
1766491200000,1.744,1.744,1.687,1.701,55257.8
1766505600000,1.701,1.723,1.677,1.709,36246.1
1766520000000,1.709,1.713,1.671,1.691,24863.5
1766534400000,1.691,1.724,1.677,1.68,26923.3
1766548800000,1.68,1.69,1.655,1.678,17749.6
1766563200000,1.678,1.708,1.677,1.703,13348.3
1766577600000,1.703,1.718,1.672,1.718,20515.6
1766592000000,1.718,1.76,1.716,1.74,29777.9
1766606400000,1.74,1.754,1.728,1.75,14553.4
1766620800000,1.75,1.766,1.735,1.763,8769.1
1766635200000,1.763,1.79,1.754,1.776,23402.2
1766649600000,1.776,1.781,1.72,1.747,23099.3
1766664000000,1.747,1.783,1.738,1.754,16476.1
1766678400000,1.754,1.773,1.74,1.77,23289.9
1766692800000,1.77,1.774,1.705,1.713,15264.3
1766707200000,1.713,1.805,1.704,1.794,36909.2
1766721600000,1.794,1.89,1.778,1.782,95594.5
1766736000000,1.782,1.794,1.767,1.777,20245.4
1766750400000,1.777,1.847,1.772,1.802,75292.5
1766764800000,1.802,1.818,1.782,1.814,22254.1
1766779200000,1.814,1.832,1.805,1.831,10516.5
1766793600000,1.831,1.888,1.818,1.883,34995.5
1766808000000,1.883,1.904,1.861,1.889,25501.8
1766822400000,1.889,1.911,1.856,1.879,23580.0
1766836800000,1.879,1.88,1.848,1.866,17241.7
1766851200000,1.866,1.877,1.858,1.874,7730.9
1766865600000,1.874,1.912,1.866,1.9,15303.6
1766880000000,1.9,1.906,1.876,1.901,15505.8
1766894400000,1.901,1.91,1.887,1.89,12444.8
1766908800000,1.89,1.895,1.876,1.885,14394.0
1766923200000,1.885,1.915,1.873,1.904,14267.0
1766937600000,1.904,1.923,1.865,1.875,25054.5
1766952000000,1.875,1.888,1.862,1.886,13645.7
1766966400000,1.886,1.952,1.877,1.947,32630.8
1766980800000,1.947,1.955,1.898,1.912,22211.9
1766995200000,1.912,1.927,1.877,1.878,29266.1
1767009600000,1.878,1.922,1.844,1.895,52155.7
1767024000000,1.895,1.901,1.867,1.877,14322.2
1767038400000,1.877,1.887,1.861,1.866,8993.3
1767052800000,1.866,1.88,1.843,1.86,22383.3
1767067200000,1.86,1.862,1.84,1.85,15563.2
1767081600000,1.85,1.889,1.849,1.865,20212.0
1767096000000,1.865,1.889,1.843,1.882,33252.2
1767110400000,1.882,1.896,1.845,1.859,30513.8
1767124800000,1.859,1.868,1.845,1.855,7022.0
1767139200000,1.855,1.887,1.846,1.876,19593.8
1767153600000,1.876,1.905,1.873,1.905,18926.6
1767168000000,1.905,1.935,1.902,1.933,24477.9
1767182400000,1.933,1.95,1.881,1.887,47402.5
1767196800000,1.887,1.897,1.853,1.872,28080.0
1767211200000,1.872,1.904,1.862,1.883,19096.5
1767225600000,1.883,1.9,1.878,1.891,19597.2
1767240000000,1.891,1.942,1.873,1.904,32722.5
1767254400000,1.904,1.966,1.904,1.959,24582.6
1767268800000,1.959,1.959,1.93,1.944,30648.7
1767283200000,1.944,2.008,1.935,2.006,32474.1
1767297600000,2.006,2.047,1.998,2.032,21935.5
1767312000000,2.032,2.076,2.024,2.069,18110.4
1767326400000,2.069,2.074,2.04,2.045,15571.8
1767340800000,2.045,2.147,2.042,2.091,44306.4
1767355200000,2.091,2.151,2.085,2.119,48948.1
1767369600000,2.119,2.195,2.111,2.195,48198.4
1767384000000,2.195,2.215,2.169,2.185,33345.1
1767398400000,2.185,2.251,2.183,2.242,28199.0
1767412800000,2.242,2.256,2.137,2.143,32434.4
1767427200000,2.143,2.201,2.134,2.177,20664.9
1767441600000,2.177,2.196,2.167,2.183,22641.5
1767456000000,2.183,2.237,2.182,2.228,20466.3
1767470400000,2.228,2.233,2.199,2.217,13243.2
1767484800000,2.217,2.246,2.203,2.213,21649.7
1767499200000,2.213,2.224,2.177,2.198,12026.7
1767513600000,2.198,2.227,2.154,2.224,25312.9
1767528000000,2.224,2.232,2.198,2.223,22468.3
1767542400000,2.223,2.263,2.18,2.195,22913.2
1767556800000,2.195,2.225,2.19,2.205,9566.4
1767571200000,2.205,2.258,2.194,2.22,24233.1
1767585600000,2.22,2.222,2.162,2.201,16487.9
1767600000000,2.201,2.215,2.154,2.203,26945.8
1767614400000,2.203,2.247,2.169,2.243,24809.1
1767628800000,2.243,2.333,2.202,2.313,43482.4
1767643200000,2.313,2.358,2.296,2.339,31737.4
1767657600000,2.339,2.359,2.303,2.329,18904.5
1767672000000,2.329,2.359,2.277,2.277,19505.4
1767686400000,2.277,2.324,2.273,2.312,31734.7
1767700800000,2.312,2.387,2.306,2.325,46184.5
1767715200000,2.325,2.329,2.198,2.26,58242.8
1767729600000,2.26,2.34,2.26,2.333,17520.1
1767744000000,2.333,2.333,2.244,2.266,15691.2
1767758400000,2.266,2.278,2.235,2.275,16686.5
1767772800000,2.275,2.281,2.216,2.254,14453.9
1767787200000,2.254,2.254,2.138,2.162,40979.2
1767801600000,2.162,2.188,2.146,2.183,16262.6
1767816000000,2.183,2.188,2.151,2.177,8552.5
1767830400000,2.177,2.204,2.154,2.158,19053.0
1767844800000,2.158,2.181,2.108,2.142,22208.4
1767859200000,2.142,2.158,2.084,2.103,40841.7
1767873600000,2.103,2.178,2.067,2.175,35871.3
1767888000000,2.175,2.187,2.124,2.13,23861.1
1767902400000,2.13,2.137,2.099,2.107,33154.8
1767916800000,2.107,2.137,2.048,2.083,30128.4
1767931200000,2.083,2.094,2.064,2.079,11862.1
1767945600000,2.079,2.085,2.038,2.05,13612.4
1767960000000,2.05,2.131,2.031,2.106,32781.5
1767974400000,2.106,2.159,2.05,2.062,25957.0
1767988800000,2.062,2.104,2.059,2.091,11963.4
1768003200000,2.091,2.095,2.071,2.074,6676.9
1768017600000,2.074,2.076,2.054,2.075,5980.2
1768032000000,2.075,2.093,2.067,2.092,11462.5
1768046400000,2.092,2.103,2.076,2.085,9156.7
1768060800000,2.085,2.085,2.055,2.084,7115.7
1768075200000,2.084,2.09,2.051,2.067,5486.6
1768089600000,2.067,2.111,2.063,2.106,7429.2
1768104000000,2.106,2.159,2.09,2.149,16058.7
1768118400000,2.149,2.175,2.133,2.137,25777.9
1768132800000,2.137,2.154,2.105,2.119,18417.7
1768147200000,2.119,2.215,2.117,2.203,34766.6
1768161600000,2.203,2.212,2.156,2.2,50903.7
1768176000000,2.2,2.231,2.145,2.182,42948.7
1768190400000,2.182,2.242,2.168,2.17,41047.4
1768204800000,2.17,2.18,2.123,2.147,22684.9
1768219200000,2.147,2.173,2.103,2.161,18024.9
1768233600000,2.161,2.182,2.122,2.147,14841.2
1768248000000,2.147,2.163,2.098,2.115,14491.0
1768262400000,2.115,2.136,2.111,2.129,10076.0
1768276800000,2.129,2.182,2.129,2.16,13194.0
1768291200000,2.16,2.188,2.155,2.187,10288.8
1768305600000,2.187,2.22,2.173,2.216,30754.6
1768320000000,2.216,2.233,2.192,2.212,27108.9
1768334400000,2.212,2.29,2.197,2.255,40844.7
1768348800000,2.255,2.281,2.239,2.281,21584.8
1768363200000,2.281,2.281,2.241,2.256,21687.1
1768377600000,2.256,2.296,2.234,2.24,20936.0
1768392000000,2.24,2.3,2.227,2.287,25870.6
1768406400000,2.287,2.331,2.243,2.287,33296.9
1768420800000,2.287,2.314,2.241,2.244,17085.9
1768435200000,2.244,2.25,2.168,2.174,29301.4
1768449600000,2.174,2.222,2.171,2.212,13377.0
1768464000000,2.212,2.24,2.192,2.192,12454.9
1768478400000,2.192,2.2,2.098,2.136,48264.1
1768492800000,2.136,2.153,2.087,2.105,27021.1
1768507200000,2.105,2.122,2.082,2.119,9426.6
1768521600000,2.119,2.139,2.104,2.126,8435.7
1768536000000,2.126,2.148,2.104,2.141,6435.7
1768550400000,2.141,2.154,2.124,2.129,8570.5
1768564800000,2.129,2.137,2.06,2.077,15704.1
1768579200000,2.077,2.115,2.073,2.095,12641.5
1768593600000,2.095,2.144,2.087,2.125,16609.1
1768608000000,2.125,2.136,2.115,2.127,7560.3
1768622400000,2.127,2.13,2.115,2.118,3382.1
1768636800000,2.118,2.126,2.105,2.107,10875.8
1768651200000,2.107,2.137,2.1,2.136,11707.3
1768665600000,2.136,2.139,2.108,2.124,11017.8
1768680000000,2.124,2.129,2.097,2.106,4105.2
1768694400000,2.106,2.119,2.081,2.094,4784.8
1768708800000,2.094,2.095,2.077,2.087,5307.8
1768723200000,2.087,2.111,2.081,2.108,2529.1
1768737600000,2.108,2.132,2.101,2.111,9494.8
1768752000000,2.111,2.122,2.086,2.093,17651.6
1768766400000,2.093,2.106,1.973,1.976,25149.1
1768780800000,1.976,1.976,1.783,1.885,116943.3
1768795200000,1.885,1.895,1.861,1.873,37163.9
1768809600000,1.873,1.897,1.865,1.891,27693.2
1768824000000,1.891,1.923,1.879,1.919,24012.6
1768838400000,1.919,1.978,1.914,1.971,29243.2
1768852800000,1.971,1.983,1.919,1.953,18714.8
1768867200000,1.953,2.067,1.943,2.047,67477.8
1768881600000,2.047,2.086,1.969,1.975,93065.1
1768896000000,1.975,1.976,1.878,1.88,103561.0
1768910400000,1.88,1.962,1.879,1.916,99560.2
1768924800000,1.916,1.925,1.849,1.882,83122.9
1768939200000,1.882,1.954,1.872,1.936,67645.8
1768953600000,1.936,1.954,1.883,1.916,46756.9
1768968000000,1.916,1.955,1.912,1.917,41215.9
1768982400000,1.917,2.029,1.9,2.015,54037.7
1768996800000,2.015,2.125,1.944,2.073,130409.5
1769011200000,2.073,2.168,1.945,2.162,121625.5
1769025600000,2.162,2.166,2.051,2.06,42217.3
1769040000000,2.06,2.148,2.06,2.138,49087.4
1769054400000,2.138,2.201,2.11,2.161,66664.0
1769068800000,2.161,2.235,2.152,2.162,69220.3
1769083200000,2.162,2.162,2.053,2.101,87732.4
1769097600000,2.101,2.155,2.086,2.134,48958.8
1769112000000,2.134,2.199,2.111,2.171,40273.0
1769126400000,2.171,2.188,2.131,2.142,37923.6
1769140800000,2.142,2.158,2.122,2.151,22528.3
1769155200000,2.151,2.158,2.098,2.103,34853.5
1769169600000,2.103,2.117,2.034,2.077,59822.9
1769184000000,2.077,2.122,2.038,2.054,70958.8
1769198400000,2.054,2.063,2.008,2.02,37689.6
1769212800000,2.02,2.027,1.993,1.997,26911.4
1769227200000,1.997,2.028,1.996,2.005,13677.6
1769241600000,2.005,2.015,1.99,2.004,18762.0
1769256000000,2.004,2.029,1.991,2.013,18796.5
1769270400000,2.013,2.064,2.001,2.029,17469.4
1769284800000,2.029,2.029,1.996,2.01,13923.5
1769299200000,2.01,2.046,2.004,2.009,18810.5
1769313600000,2.009,2.016,1.961,1.975,32763.4
1769328000000,1.975,2.011,1.969,1.987,20136.9
1769342400000,1.987,1.991,1.951,1.966,22062.8
1769356800000,1.966,1.966,1.817,1.825,80048.0
1769371200000,1.825,1.857,1.818,1.848,39302.5
1769385600000,1.848,1.907,1.845,1.889,31046.4
1769400000000,1.889,1.925,1.883,1.923,15408.6
1769414400000,1.923,1.931,1.886,1.901,19200.9
1769428800000,1.901,1.96,1.897,1.927,28984.3
1769443200000,1.927,1.976,1.925,1.934,29732.7
1769457600000,1.934,1.948,1.923,1.933,17338.0
1769472000000,1.933,1.948,1.927,1.933,23882.2
1769486400000,1.933,1.942,1.885,1.894,25119.5
1769500800000,1.894,1.899,1.873,1.881,13177.6
1769515200000,1.881,1.907,1.869,1.903,22646.2
1769529600000,1.903,1.919,1.85,1.869,24729.6
1769544000000,1.869,1.925,1.864,1.911,21922.9
1769558400000,1.911,1.973,1.892,1.949,28898.5
1769572800000,1.949,1.967,1.925,1.96,29449.1
1769587200000,1.96,2.047,1.96,2.044,39076.5
1769601600000,2.044,2.083,1.986,2.004,72041.5
1769616000000,2.004,2.038,1.991,2.016,38428.5
1769630400000,2.016,2.033,1.987,2.014,27011.0
1769644800000,2.014,2.024,1.937,1.953,35231.6
1769659200000,1.953,1.974,1.949,1.973,14402.1
1769673600000,1.973,1.996,1.944,1.948,31109.8
1769688000000,1.948,1.973,1.856,1.891,47777.4
1769702400000,1.891,1.965,1.869,1.891,56182.2
1769716800000,1.891,1.94,1.884,1.923,22005.0
1769731200000,1.923,1.932,1.843,1.864,58266.8
1769745600000,1.864,1.885,1.788,1.812,44210.5
1769760000000,1.812,1.853,1.794,1.847,23147.1
1769774400000,1.847,1.854,1.792,1.821,46726.0
1769788800000,1.821,1.848,1.769,1.784,69756.9
1769803200000,1.784,1.784,1.737,1.757,58608.6
1769817600000,1.757,1.761,1.724,1.735,26373.3
1769832000000,1.735,1.749,1.698,1.701,37834.4
1769846400000,1.701,1.704,1.652,1.665,62634.1
1769860800000,1.665,1.667,1.581,1.608,123519.6
1769875200000,1.608,1.63,1.457,1.585,184684.0
1769889600000,1.585,1.617,1.561,1.6,34095.6
1769904000000,1.6,1.632,1.589,1.628,28618.5
1769918400000,1.628,1.659,1.613,1.642,99310.7
1769932800000,1.642,1.66,1.617,1.625,32217.1
1769947200000,1.625,1.626,1.541,1.563,73698.0
1769961600000,1.563,1.599,1.545,1.572,37266.5
1769976000000,1.572,1.589,1.512,1.56,53980.8
1769990400000,1.56,1.627,1.51,1.57,65446.3
1770004800000,1.57,1.595,1.505,1.556,51634.4
1770019200000,1.556,1.603,1.548,1.548,34193.0
1770033600000,1.548,1.626,1.548,1.619,88040.0
1770048000000,1.619,1.628,1.584,1.588,36347.4
1770062400000,1.588,1.595,1.565,1.568,16692.9
1770076800000,1.568,1.57,1.514,1.548,34465.6
1770091200000,1.548,1.567,1.516,1.539,26670.9
1770105600000,1.539,1.563,1.51,1.527,29867.0
1770120000000,1.527,1.579,1.511,1.574,50008.0
1770134400000,1.574,1.575,1.46,1.532,179161.9
1770148800000,1.532,1.62,1.507,1.516,68896.8
1770163200000,1.516,1.579,1.508,1.565,47165.6
1770177600000,1.565,1.572,1.54,1.562,20616.7
1770192000000,1.562,1.569,1.526,1.536,29120.6
1770206400000,1.536,1.545,1.465,1.478,50847.7
1770220800000,1.478,1.511,1.449,1.507,80516.0
1770235200000,1.507,1.512,1.439,1.458,35498.4
1770249600000,1.458,1.46,1.381,1.383,81977.1
1770264000000,1.383,1.397,1.354,1.36,52993.9
1770278400000,1.36,1.413,1.335,1.343,73695.5
1770292800000,1.343,1.357,1.228,1.253,178100.6
1770307200000,1.253,1.28,1.177,1.194,151746.3
1770321600000,1.194,1.204,1.126,1.139,168171.9
1770336000000,1.139,1.182,1.031,1.143,188014.9
1770350400000,1.143,1.206,1.139,1.157,41782.1
1770364800000,1.157,1.204,1.145,1.204,49443.8
1770379200000,1.204,1.242,1.186,1.23,62082.3
1770393600000,1.23,1.291,1.223,1.254,66047.7
1770408000000,1.254,1.266,1.221,1.239,48415.1
1770422400000,1.239,1.239,1.192,1.226,47635.9
1770436800000,1.226,1.236,1.141,1.145,50707.0
1770451200000,1.145,1.162,1.139,1.151,40764.1
1770465600000,1.151,1.213,1.148,1.209,60396.1
1770480000000,1.209,1.264,1.204,1.214,102288.4
1770494400000,1.214,1.228,1.208,1.215,10034.4
1770508800000,1.215,1.219,1.199,1.204,8959.8
1770523200000,1.204,1.212,1.191,1.206,9852.4
1770537600000,1.206,1.234,1.196,1.222,47986.1
1770552000000,1.222,1.226,1.182,1.188,44374.3
1770566400000,1.188,1.192,1.158,1.188,23371.7
1770580800000,1.188,1.19,1.152,1.167,20271.9
1770595200000,1.167,1.17,1.146,1.165,21708.8
1770609600000,1.165,1.169,1.137,1.139,22647.7
1770624000000,1.139,1.141,1.09,1.106,49293.3
1770638400000,1.106,1.145,1.105,1.137,36079.9
1770652800000,1.137,1.16,1.126,1.147,39124.2
1770667200000,1.147,1.151,1.123,1.132,15798.7
1770681600000,1.132,1.149,1.111,1.118,23775.1
1770696000000,1.118,1.131,1.099,1.12,21553.5
1770710400000,1.12,1.155,1.118,1.142,34755.1
1770724800000,1.142,1.161,1.116,1.129,58785.0
1770739200000,1.129,1.142,1.114,1.127,21639.1
1770753600000,1.127,1.137,1.121,1.134,18608.9
1770768000000,1.134,1.155,1.126,1.135,30232.4
1770782400000,1.135,1.137,1.093,1.096,29302.8
1770796800000,1.096,1.106,1.086,1.103,19497.9
1770811200000,1.103,1.155,1.086,1.103,52695.6
1770825600000,1.103,1.125,1.089,1.111,28896.6
1770840000000,1.111,1.131,1.09,1.102,19072.1
1770854400000,1.102,1.131,1.098,1.127,17289.1
1770868800000,1.127,1.149,1.12,1.148,21911.5
1770883200000,1.148,1.157,1.128,1.157,45528.5
1770897600000,1.157,1.161,1.126,1.129,45589.2
1770912000000,1.129,1.137,1.099,1.119,34575.9
1770926400000,1.119,1.148,1.112,1.143,20993.2
1770940800000,1.143,1.149,1.124,1.134,15169.5
1770955200000,1.134,1.134,1.109,1.125,11126.6
1770969600000,1.125,1.142,1.124,1.135,11733.1
1770984000000,1.135,1.193,1.124,1.165,45669.3
1770998400000,1.165,1.192,1.163,1.176,26698.3
1771012800000,1.176,1.195,1.171,1.183,13015.6
1771027200000,1.183,1.258,1.181,1.252,87254.0
1771041600000,1.252,1.307,1.231,1.3,116240.9
1771056000000,1.3,1.346,1.268,1.276,191864.6
1771070400000,1.276,1.302,1.252,1.295,65937.2
1771084800000,1.295,1.332,1.274,1.318,41262.8
1771099200000,1.318,1.321,1.289,1.296,23805.4
1771113600000,1.296,1.302,1.266,1.285,26745.7
1771128000000,1.285,1.325,1.285,1.325,22532.3
1771142400000,1.325,1.329,1.281,1.291,40255.1
1771156800000,1.291,1.291,1.244,1.259,51370.5
1771171200000,1.259,1.259,1.215,1.228,45571.5
1771185600000,1.228,1.257,1.222,1.255,14261.6
1771200000000,1.255,1.266,1.234,1.246,10268.8
1771214400000,1.246,1.256,1.234,1.245,10546.7
1771228800000,1.245,1.259,1.23,1.244,14713.2
1771243200000,1.244,1.277,1.208,1.215,44201.4
1771257600000,1.215,1.237,1.212,1.233,14356.1
1771272000000,1.233,1.255,1.23,1.25,11628.1
1771286400000,1.25,1.25,1.227,1.229,7969.4
1771300800000,1.229,1.235,1.216,1.225,6976.9
1771315200000,1.225,1.233,1.203,1.209,22586.4
1771329600000,1.209,1.232,1.178,1.206,57486.8
1771344000000,1.206,1.241,1.194,1.218,22129.2
1771358400000,1.218,1.229,1.207,1.219,15715.7
1771372800000,1.219,1.224,1.207,1.221,14236.7
1771387200000,1.221,1.228,1.214,1.223,9304.6
1771401600000,1.223,1.231,1.2,1.209,21745.1
1771416000000,1.209,1.276,1.203,1.264,128412.2
1771430400000,1.264,1.264,1.179,1.188,47711.2
1771444800000,1.188,1.206,1.183,1.195,17801.4
1771459200000,1.195,1.202,1.178,1.197,12373.9
1771473600000,1.197,1.208,1.187,1.198,11770.6
1771488000000,1.198,1.198,1.175,1.177,16266.5
1771502400000,1.177,1.184,1.146,1.161,44944.7
1771516800000,1.161,1.183,1.145,1.182,30935.7
1771531200000,1.182,1.194,1.174,1.192,17363.8
1771545600000,1.192,1.214,1.19,1.208,9169.5
1771560000000,1.208,1.209,1.189,1.197,15180.8
1771574400000,1.197,1.209,1.185,1.19,16011.5
1771588800000,1.19,1.223,1.158,1.217,62307.5
1771603200000,1.217,1.231,1.185,1.216,60747.5
1771617600000,1.216,1.226,1.206,1.22,9663.1
1771632000000,1.22,1.23,1.214,1.22,9294.5
1771646400000,1.22,1.223,1.21,1.214,12668.3
1771660800000,1.214,1.242,1.212,1.237,12505.2
1771675200000,1.237,1.256,1.224,1.242,14573.7
1771689600000,1.242,1.242,1.223,1.229,8982.1
1771704000000,1.229,1.234,1.218,1.221,7913.0
1771718400000,1.221,1.221,1.194,1.199,9827.9
1771732800000,1.199,1.204,1.195,1.199,10046.6
1771747200000,1.199,1.232,1.194,1.222,54330.3
1771761600000,1.222,1.225,1.186,1.195,15990.4
1771776000000,1.195,1.196,1.181,1.185,6872.4
1771790400000,1.185,1.203,1.18,1.202,7363.1
1771804800000,1.202,1.204,1.112,1.129,55143.2
1771819200000,1.129,1.157,1.125,1.151,10835.7
1771833600000,1.151,1.191,1.147,1.18,24887.3
1771848000000,1.18,1.23,1.177,1.212,99586.1
1771862400000,1.212,1.238,1.164,1.185,33991.8
1771876800000,1.185,1.203,1.172,1.188,16426.7
1771891200000,1.188,1.205,1.167,1.179,26932.0
1771905600000,1.179,1.22,1.17,1.191,44641.5
1771920000000,1.191,1.191,1.169,1.181,21875.0
1771934400000,1.181,1.224,1.163,1.207,47111.9
1771948800000,1.207,1.219,1.182,1.188,40669.1
1771963200000,1.188,1.195,1.17,1.191,33595.6
1771977600000,1.191,1.254,1.181,1.247,34718.7
1771992000000,1.247,1.252,1.228,1.249,20694.1
1772006400000,1.249,1.287,1.248,1.286,26096.6
1772020800000,1.286,1.313,1.278,1.306,39672.5
1772035200000,1.306,1.319,1.294,1.308,24323.8
1772049600000,1.308,1.336,1.263,1.284,36650.2
1772064000000,1.284,1.304,1.278,1.294,20205.1
1772078400000,1.294,1.315,1.288,1.288,12694.6
1772092800000,1.288,1.325,1.284,1.288,27114.7
1772107200000,1.288,1.327,1.277,1.3,60985.6
1772121600000,1.3,1.306,1.26,1.297,36980.4
1772136000000,1.297,1.309,1.29,1.302,12525.9
1772150400000,1.302,1.305,1.284,1.302,16818.1
1772164800000,1.302,1.329,1.301,1.326,19138.8
1772179200000,1.326,1.356,1.274,1.28,47646.7
1772193600000,1.28,1.288,1.266,1.28,26170.0
1772208000000,1.28,1.282,1.244,1.255,24118.9
1772222400000,1.255,1.258,1.224,1.254,12506.5
1772236800000,1.254,1.374,1.25,1.252,154236.2
1772251200000,1.252,1.254,1.18,1.21,47970.5
1772265600000,1.21,1.21,1.171,1.18,34542.6
1772280000000,1.18,1.234,1.18,1.214,41387.4
1772294400000,1.214,1.287,1.207,1.266,101112.0
1772308800000,1.266,1.301,1.258,1.29,40334.3
1772323200000,1.29,1.392,1.281,1.325,65167.3
1772337600000,1.325,1.342,1.31,1.323,28071.7
1772352000000,1.323,1.325,1.29,1.295,19328.9
1772366400000,1.295,1.306,1.268,1.286,31222.0
1772380800000,1.286,1.297,1.255,1.256,26144.5
1772395200000,1.256,1.274,1.234,1.258,18813.4
1772409600000,1.258,1.298,1.258,1.294,14996.1
1772424000000,1.294,1.303,1.261,1.269,13965.3
1772438400000,1.269,1.294,1.256,1.28,18012.8
1772452800000,1.28,1.355,1.263,1.333,46283.4
1772467200000,1.333,1.355,1.307,1.32,32818.6
1772481600000,1.32,1.335,1.309,1.319,12586.9
1772496000000,1.319,1.32,1.295,1.303,12980.7
1772510400000,1.303,1.304,1.274,1.28,20315.6
1772524800000,1.28,1.284,1.256,1.268,17845.8
1772539200000,1.268,1.289,1.253,1.276,20739.1
1772553600000,1.276,1.299,1.261,1.278,26837.5
1772568000000,1.278,1.279,1.25,1.266,19868.6
1772582400000,1.266,1.273,1.243,1.253,17028.8
1772596800000,1.253,1.281,1.244,1.279,17057.8
1772611200000,1.279,1.321,1.273,1.291,57086.9
1772625600000,1.291,1.331,1.272,1.33,47894.6
1772640000000,1.33,1.335,1.296,1.318,41171.3
1772654400000,1.318,1.323,1.29,1.303,18817.0
1772668800000,1.303,1.312,1.289,1.301,17806.2
1772683200000,1.301,1.319,1.282,1.286,13962.3
1772697600000,1.286,1.326,1.281,1.313,13846.4
1772712000000,1.313,1.322,1.285,1.294,26287.3
1772726400000,1.294,1.294,1.257,1.268,24067.3
1772740800000,1.268,1.29,1.264,1.278,12617.4
1772755200000,1.278,1.286,1.265,1.285,9396.3
1772769600000,1.285,1.288,1.268,1.276,12208.3
1772784000000,1.276,1.277,1.252,1.252,15624.5
1772798400000,1.252,1.258,1.209,1.222,45821.2
1772812800000,1.222,1.225,1.199,1.221,15789.3
1772827200000,1.221,1.223,1.209,1.215,7090.0
1772841600000,1.215,1.236,1.215,1.227,80760.4
1772856000000,1.227,1.229,1.205,1.213,15065.3
1772870400000,1.213,1.227,1.209,1.221,9665.6
1772884800000,1.221,1.226,1.21,1.214,8055.6
1772899200000,1.214,1.229,1.206,1.21,14878.2
1772913600000,1.21,1.214,1.196,1.204,7387.0
1772928000000,1.204,1.204,1.173,1.181,18658.8
1772942400000,1.181,1.194,1.172,1.191,8222.3
1772956800000,1.191,1.215,1.187,1.195,10160.0
1772971200000,1.195,1.203,1.178,1.183,9956.8
1772985600000,1.183,1.207,1.174,1.204,6468.1
1773000000000,1.204,1.211,1.169,1.179,27856.0
1773014400000,1.179,1.214,1.178,1.198,27929.5
1773028800000,1.198,1.226,1.197,1.208,14776.4
1773043200000,1.208,1.222,1.197,1.205,12547.5
1773057600000,1.205,1.226,1.205,1.222,19560.1
1773072000000,1.222,1.241,1.213,1.226,17862.8
1773086400000,1.226,1.236,1.213,1.217,11261.0
1773100800000,1.217,1.239,1.207,1.226,21072.7
1773115200000,1.226,1.268,1.225,1.266,23859.0
1773129600000,1.266,1.284,1.258,1.278,37833.0
1773144000000,1.278,1.312,1.259,1.302,46464.7
1773158400000,1.302,1.311,1.27,1.276,28114.3
1773172800000,1.276,1.292,1.267,1.28,10627.9
1773187200000,1.28,1.28,1.258,1.26,14915.6
1773201600000,1.26,1.267,1.246,1.26,14979.3
1773216000000,1.26,1.272,1.255,1.264,7860.0
1773230400000,1.264,1.296,1.26,1.273,20083.6
1773244800000,1.273,1.292,1.268,1.288,15170.5
1773259200000,1.288,1.299,1.284,1.291,6808.7
1773273600000,1.291,1.308,1.284,1.286,26421.2
1773288000000,1.286,1.308,1.276,1.306,19077.2
1773302400000,1.306,1.323,1.301,1.306,31533.6
1773316800000,1.306,1.31,1.218,1.234,190448.6
1773331200000,1.234,1.267,1.23,1.262,35386.7
1773345600000,1.262,1.274,1.255,1.26,22693.7
1773360000000,1.26,1.302,1.26,1.3,41166.1
1773374400000,1.3,1.304,1.28,1.285,17980.8
1773388800000,1.285,1.305,1.278,1.292,34822.5
1773403200000,1.292,1.329,1.29,1.296,61633.4
1773417600000,1.296,1.309,1.278,1.281,36947.5
1773432000000,1.281,1.291,1.269,1.276,18541.4
1773446400000,1.276,1.296,1.262,1.268,48339.7
1773460800000,1.268,1.272,1.247,1.25,16607.3
1773475200000,1.25,1.259,1.246,1.258,5021.7
1773489600000,1.258,1.262,1.246,1.252,9776.3
1773504000000,1.252,1.254,1.246,1.249,7430.2
1773518400000,1.249,1.269,1.245,1.267,6644.2
1773532800000,1.267,1.278,1.25,1.262,14776.2
1773547200000,1.262,1.271,1.257,1.266,8156.6
1773561600000,1.266,1.276,1.263,1.268,7532.0
1773576000000,1.268,1.274,1.258,1.272,13585.1
1773590400000,1.272,1.283,1.261,1.278,12925.1
1773604800000,1.278,1.303,1.273,1.292,24305.3
1773619200000,1.292,1.315,1.282,1.302,23953.0
1773633600000,1.302,1.342,1.301,1.335,33055.6
1773648000000,1.335,1.351,1.321,1.331,60266.7
1773662400000,1.331,1.363,1.325,1.343,46633.1
1773676800000,1.343,1.379,1.339,1.372,44972.4
1773691200000,1.372,1.389,1.367,1.379,28099.0
1773705600000,1.379,1.389,1.356,1.363,24963.9
1773720000000,1.363,1.367,1.336,1.356,30426.9
1773734400000,1.356,1.362,1.344,1.352,14930.0
1773748800000,1.352,1.357,1.331,1.342,22415.6
1773763200000,1.342,1.361,1.34,1.35,10265.7
1773777600000,1.35,1.365,1.343,1.344,8665.8
1773792000000,1.344,1.347,1.33,1.332,14780.4
1773806400000,1.332,1.342,1.322,1.327,8173.5
1773820800000,1.327,1.336,1.298,1.305,15919.0
1773835200000,1.305,1.305,1.246,1.258,41032.4
1773849600000,1.258,1.27,1.242,1.254,22712.8
1773864000000,1.254,1.264,1.241,1.262,10621.3
1773878400000,1.262,1.286,1.251,1.273,12347.5
1773892800000,1.273,1.273,1.235,1.243,8215.7
1773907200000,1.243,1.256,1.238,1.246,8070.8
1773921600000,1.246,1.253,1.223,1.241,28734.8
1773936000000,1.241,1.248,1.228,1.241,7775.9
1773950400000,1.241,1.251,1.238,1.246,5790.4
1773964800000,1.246,1.287,1.243,1.28,30416.7
1773979200000,1.28,1.287,1.262,1.268,26504.4
1773993600000,1.268,1.28,1.262,1.269,13121.9
1774008000000,1.269,1.273,1.252,1.266,17844.7
1774022400000,1.266,1.272,1.247,1.256,15222.1
1774036800000,1.256,1.276,1.245,1.268,9687.4
1774051200000,1.268,1.271,1.257,1.265,5416.8
1774065600000,1.265,1.276,1.263,1.267,4972.2
1774080000000,1.267,1.274,1.26,1.263,4933.6
1774094400000,1.263,1.265,1.245,1.262,18320.1
1774108800000,1.262,1.264,1.249,1.251,3458.6
1774123200000,1.251,1.254,1.204,1.212,17546.3
1774137600000,1.212,1.226,1.196,1.209,25429.8
1774152000000,1.209,1.218,1.202,1.202,8773.1
1774166400000,1.202,1.211,1.18,1.18,20683.9
1774180800000,1.18,1.197,1.18,1.192,7257.2
1774195200000,1.192,1.197,1.175,1.179,6187.8
1774209600000,1.179,1.183,1.157,1.164,13570.6
1774224000000,1.164,1.184,1.16,1.176,5553.8
1774238400000,1.176,1.182,1.15,1.153,17361.8
1774252800000,1.153,1.205,1.136,1.179,37554.1
1774267200000,1.179,1.219,1.17,1.185,69561.9
1774281600000,1.185,1.228,1.183,1.218,16723.5
1774296000000,1.218,1.247,1.212,1.239,34285.3
1774310400000,1.239,1.25,1.216,1.226,36051.8
1774324800000,1.226,1.263,1.216,1.259,27098.7
1774339200000,1.259,1.274,1.228,1.24,28595.1
1774353600000,1.24,1.242,1.211,1.229,21558.2
1774368000000,1.229,1.237,1.211,1.218,12985.7
1774382400000,1.218,1.247,1.217,1.244,10940.4
1774396800000,1.244,1.249,1.231,1.239,15174.4
1774411200000,1.239,1.258,1.235,1.255,19627.5
1774425600000,1.255,1.323,1.255,1.312,75808.1
1774440000000,1.312,1.317,1.277,1.292,42934.7
1774454400000,1.292,1.304,1.282,1.291,29475.7
1774468800000,1.291,1.297,1.282,1.29,15790.3
1774483200000,1.29,1.296,1.269,1.27,21983.3
1774497600000,1.27,1.275,1.237,1.248,24398.4
1774512000000,1.248,1.249,1.211,1.215,31377.4
1774526400000,1.215,1.235,1.21,1.213,27815.5
1774540800000,1.213,1.215,1.187,1.189,21572.7
1774555200000,1.189,1.214,1.187,1.202,13036.0
1774569600000,1.202,1.21,1.195,1.2,7378.0
1774584000000,1.2,1.2,1.189,1.193,5857.0
1774598400000,1.193,1.197,1.147,1.155,22097.7
1774612800000,1.155,1.178,1.151,1.165,44221.2
1774627200000,1.165,1.177,1.16,1.173,18020.6
1774641600000,1.173,1.178,1.161,1.169,12541.7
1774656000000,1.169,1.169,1.148,1.154,22114.7
1774670400000,1.154,1.167,1.149,1.167,5824.0
1774684800000,1.167,1.176,1.164,1.169,11963.0
1774699200000,1.169,1.184,1.159,1.175,20835.2
1774713600000,1.175,1.184,1.169,1.17,6893.5
1774728000000,1.17,1.174,1.141,1.144,13826.8
1774742400000,1.144,1.154,1.139,1.15,14402.6
1774756800000,1.15,1.15,1.133,1.134,11726.9
1774771200000,1.134,1.139,1.123,1.127,9960.6
1774785600000,1.127,1.127,1.113,1.121,16252.0
1774800000000,1.121,1.123,1.112,1.118,7265.1
1774814400000,1.118,1.128,1.091,1.112,16869.0
1774828800000,1.112,1.151,1.11,1.148,15365.8
1774843200000,1.148,1.159,1.144,1.157,17936.1
1774857600000,1.157,1.166,1.143,1.149,13843.8
1774872000000,1.149,1.153,1.135,1.147,12407.8
1774886400000,1.147,1.148,1.106,1.112,12260.8
1774900800000,1.112,1.124,1.108,1.117,8623.0
1774915200000,1.117,1.145,1.114,1.131,12469.8
1774929600000,1.131,1.136,1.12,1.129,8430.2
1774944000000,1.129,1.129,1.096,1.111,12873.1
1774958400000,1.111,1.126,1.098,1.108,17440.6
1774972800000,1.108,1.129,1.085,1.096,46518.1
1774987200000,1.096,1.116,1.088,1.115,27444.8
1775001600000,1.115,1.128,1.102,1.125,31179.0
1775016000000,1.125,1.151,1.116,1.133,19593.8
1775030400000,1.133,1.135,1.121,1.135,16543.6
1775044800000,1.135,1.159,1.132,1.143,24968.4
1775059200000,1.143,1.152,1.132,1.141,17030.0
1775073600000,1.141,1.147,1.131,1.135,6922.6
1775088000000,1.135,1.146,1.083,1.087,30136.3
1775102400000,1.087,1.09,1.075,1.085,15537.6
1775116800000,1.085,1.09,1.077,1.079,30474.1
1775131200000,1.079,1.103,1.07,1.096,39173.2
1775145600000,1.096,1.102,1.08,1.088,23609.3
1775160000000,1.088,1.094,1.076,1.084,15875.1
1775174400000,1.084,1.09,1.076,1.079,8541.9
1775188800000,1.079,1.101,1.079,1.096,12363.4
1775203200000,1.096,1.103,1.088,1.09,12669.0
1775217600000,1.09,1.098,1.076,1.079,17197.0
1775232000000,1.079,1.088,1.058,1.065,16328.8
1775246400000,1.065,1.071,1.059,1.067,6366.1
1775260800000,1.067,1.069,1.059,1.062,12292.2
1775275200000,1.062,1.067,1.05,1.053,15202.5
1775289600000,1.053,1.054,1.04,1.042,16550.3
1775304000000,1.042,1.059,1.036,1.053,25070.4
1775318400000,1.053,1.06,1.041,1.059,18361.0
1775332800000,1.059,1.06,1.051,1.056,8141.3
1775347200000,1.056,1.059,1.02,1.025,72137.6
1775361600000,1.025,1.025,0.999,1.001,44248.1
1775376000000,1.001,1.004,0.978,0.985,29497.7
1775390400000,0.985,1.002,0.968,0.992,78619.0
1775404800000,0.992,0.997,0.978,0.984,27837.4
1775419200000,0.984,1.021,0.983,1.017,33012.3
1775433600000,1.017,1.054,1.017,1.044,37751.4
1775448000000,1.044,1.063,1.039,1.051,31259.0
1775462400000,1.051,1.084,1.049,1.069,75751.8
1775476800000,1.069,1.08,1.055,1.058,45439.1
1775491200000,1.058,1.062,1.034,1.037,19822.3
1775505600000,1.037,1.04,1.011,1.016,21590.4
1775520000000,1.016,1.02,0.997,1.002,31116.3
1775534400000,1.002,1.015,0.997,1.006,22933.6
1775548800000,1.006,1.014,0.992,0.998,18534.2
1775563200000,0.998,0.999,0.977,0.992,66428.3
1775577600000,0.992,1.014,0.99,1.014,21524.0
1775592000000,1.014,1.084,1.012,1.079,70496.3
1775606400000,1.079,1.093,1.061,1.067,80292.8
1775620800000,1.067,1.076,1.06,1.074,42839.2
1775635200000,1.074,1.079,1.056,1.064,20375.5
1775649600000,1.064,1.072,1.039,1.048,24263.2
1775664000000,1.048,1.06,1.028,1.032,17672.1
1775678400000,1.032,1.041,1.016,1.021,24533.6
1775692800000,1.021,1.024,1.009,1.024,22911.2
1775707200000,1.024,1.035,1.017,1.032,14114.2
1775721600000,1.032,1.054,1.029,1.038,28215.5
1775736000000,1.038,1.067,1.036,1.062,18517.4
1775750400000,1.062,1.088,1.06,1.075,26572.9
1775764800000,1.075,1.094,1.063,1.064,40436.0
1775779200000,1.064,1.08,1.056,1.065,14894.7
1775793600000,1.065,1.081,1.054,1.056,32144.6
1775808000000,1.056,1.063,1.052,1.056,26297.1
1775822400000,1.056,1.084,1.053,1.069,24804.7
1775836800000,1.069,1.094,1.069,1.092,15470.7
1775851200000,1.092,1.1,1.08,1.086,18667.7
1775865600000,1.086,1.088,1.072,1.077,18528.7
1775880000000,1.077,1.082,1.07,1.079,25754.4
1775894400000,1.079,1.101,1.075,1.097,25903.5
1775908800000,1.097,1.108,1.08,1.096,27597.9
1775923200000,1.096,1.142,1.095,1.139,51822.4
1775937600000,1.139,1.143,1.121,1.127,27907.9
1775952000000,1.127,1.131,1.078,1.084,43216.2
1775966400000,1.084,1.09,1.06,1.06,23243.1
1775980800000,1.06,1.068,1.053,1.066,13458.6
1775995200000,1.066,1.071,1.048,1.053,24513.6
1776009600000,1.053,1.066,1.047,1.052,16106.8
1776024000000,1.052,1.06,1.034,1.038,17507.3
1776038400000,1.038,1.063,1.037,1.06,10351.5
1776052800000,1.06,1.066,1.043,1.043,21693.8
1776067200000,1.043,1.053,1.04,1.049,13158.2
1776081600000,1.049,1.081,1.044,1.063,20803.7
1776096000000,1.063,1.08,1.054,1.078,18747.3
1776110400000,1.078,1.111,1.064,1.106,37355.1
1776124800000,1.106,1.11,1.078,1.083,36445.3
1776139200000,1.083,1.087,1.071,1.071,12644.1
1776153600000,1.071,1.087,1.07,1.076,23968.4
1776168000000,1.076,1.098,1.067,1.068,32523.4
1776182400000,1.068,1.069,1.029,1.042,27674.6
1776196800000,1.042,1.055,1.038,1.054,14020.3
1776211200000,1.054,1.065,1.042,1.045,14305.2
1776225600000,1.045,1.054,1.035,1.038,9773.4
1776240000000,1.038,1.073,1.038,1.067,24056.9
1776254400000,1.067,1.09,1.055,1.078,31488.9
1776268800000,1.078,1.111,1.076,1.105,26217.2
1776283200000,1.105,1.111,1.091,1.097,21586.1
1776297600000,1.097,1.13,1.085,1.129,34193.7
1776312000000,1.129,1.173,1.125,1.163,79580.5
1776326400000,1.163,1.176,1.148,1.161,34735.4
1776340800000,1.161,1.217,1.148,1.217,91755.4
1776355200000,1.217,1.305,1.196,1.296,102925.7
1776369600000,1.296,1.302,1.259,1.278,51907.2
1776384000000,1.278,1.3,1.254,1.255,62997.7
1776398400000,1.255,1.321,1.237,1.312,70613.1
1776412800000,1.312,1.357,1.303,1.327,145772.3
1776427200000,1.327,1.446,1.324,1.383,252810.1
1776441600000,1.383,1.452,1.373,1.429,107428.5
1776456000000,1.429,1.48,1.409,1.43,80650.2
1776470400000,1.43,1.489,1.385,1.433,95904.9
1776484800000,1.433,1.462,1.423,1.451,56374.2
1776499200000,1.451,1.466,1.34,1.348,147247.6
1776513600000,1.348,1.408,1.34,1.406,71232.5
1776528000000,1.406,1.407,1.36,1.372,55306.3
1776542400000,1.372,1.386,1.357,1.359,38341.4
1776556800000,1.359,1.371,1.322,1.33,69589.5
1776571200000,1.33,1.34,1.296,1.311,37688.7
1776585600000,1.311,1.338,1.292,1.332,25426.7
1776600000000,1.332,1.339,1.296,1.31,35529.3
1776614400000,1.31,1.315,1.27,1.28,31175.2
1776628800000,1.28,1.281,1.235,1.237,32330.3
1776643200000,1.237,1.292,1.237,1.284,34088.4
1776657600000,1.284,1.296,1.262,1.274,37307.1
1776672000000,1.274,1.284,1.266,1.273,14098.4
1776686400000,1.273,1.318,1.262,1.318,43292.8
1776700800000,1.318,1.353,1.316,1.342,40386.4
1776715200000,1.342,1.378,1.323,1.328,44022.2
1776729600000,1.328,1.346,1.312,1.324,17430.8
1776744000000,1.324,1.368,1.315,1.362,25322.7
1776758400000,1.362,1.403,1.354,1.381,64055.7
1776772800000,1.381,1.382,1.339,1.353,52340.3
1776787200000,1.353,1.366,1.317,1.317,34159.3
1776801600000,1.317,1.344,1.31,1.339,33448.1
1776816000000,1.339,1.374,1.339,1.355,37646.2
1776830400000,1.355,1.401,1.354,1.371,28020.5
1776844800000,1.371,1.374,1.338,1.351,23658.9
1776859200000,1.351,1.352,1.319,1.345,54672.2
1776873600000,1.345,1.382,1.339,1.345,35626.9
1776888000000,1.345,1.351,1.321,1.321,13426.2
1776902400000,1.321,1.337,1.293,1.299,28601.2
1776916800000,1.299,1.314,1.295,1.3,17890.9
1776931200000,1.3,1.303,1.279,1.285,26831.1
1776945600000,1.285,1.321,1.283,1.315,21377.7
1776960000000,1.315,1.318,1.278,1.29,14445.6
1776974400000,1.29,1.31,1.29,1.309,7503.4
1776988800000,1.309,1.317,1.29,1.294,14487.0
1777003200000,1.294,1.311,1.288,1.303,8409.8
1777017600000,1.303,1.335,1.302,1.331,13886.7
1777032000000,1.331,1.339,1.301,1.317,56452.6
1777046400000,1.317,1.32,1.274,1.28,77359.2
1777060800000,1.28,1.293,1.275,1.29,20707.5
1777075200000,1.29,1.294,1.274,1.284,21113.8
1777089600000,1.284,1.294,1.28,1.286,12110.6
1777104000000,1.286,1.296,1.276,1.278,27105.1
1777118400000,1.278,1.285,1.267,1.269,12509.2
1777132800000,1.269,1.28,1.261,1.269,15264.9
1777147200000,1.269,1.286,1.267,1.284,6409.7
1777161600000,1.284,1.284,1.269,1.272,6510.4
1777176000000,1.272,1.298,1.271,1.296,23218.2
1777190400000,1.296,1.313,1.286,1.306,35669.2
1777204800000,1.306,1.309,1.287,1.309,16475.0
1777219200000,1.309,1.335,1.304,1.331,28026.7
1777233600000,1.331,1.345,1.318,1.336,23894.0
1777248000000,1.336,1.37,1.33,1.358,26762.0
1777262400000,1.358,1.364,1.3,1.315,48569.4
1777276800000,1.315,1.35,1.312,1.344,29167.5
1777291200000,1.344,1.352,1.288,1.295,54580.4
1777305600000,1.295,1.306,1.284,1.292,33917.6
1777320000000,1.292,1.321,1.291,1.32,8960.3
1777334400000,1.32,1.325,1.304,1.316,8453.1
1777348800000,1.316,1.33,1.302,1.31,16645.2
1777363200000,1.31,1.312,1.29,1.292,11148.8
1777377600000,1.292,1.315,1.28,1.315,28354.9
1777392000000,1.315,1.368,1.311,1.364,40421.2
1777406400000,1.364,1.375,1.335,1.343,22919.4
1777420800000,1.343,1.361,1.328,1.361,19331.1
1777435200000,1.361,1.389,1.357,1.376,25607.7
1777449600000,1.376,1.398,1.356,1.359,34132.7
1777464000000,1.359,1.359,1.308,1.316,33790.1
1777478400000,1.316,1.325,1.277,1.302,35639.3
1777492800000,1.302,1.325,1.3,1.319,10103.4
1777507200000,1.319,1.323,1.258,1.262,53176.0
1777521600000,1.262,1.263,1.24,1.255,14754.2
1777536000000,1.255,1.307,1.244,1.301,37738.4
1777550400000,1.301,1.351,1.283,1.343,96969.4
1777564800000,1.343,1.368,1.333,1.354,43828.3
1777579200000,1.354,1.434,1.352,1.427,99177.0
1777593600000,1.427,1.465,1.386,1.44,114569.8
1777608000000,1.44,1.519,1.438,1.517,141004.1
1777622400000,1.517,1.578,1.469,1.566,170686.3
1777636800000,1.566,1.584,1.508,1.574,232369.6
1777651200000,1.574,1.605,1.491,1.558,216857.1
1777665600000,1.558,1.59,1.511,1.575,95771.1
1777680000000,1.575,1.591,1.519,1.535,72817.2
1777694400000,1.535,1.546,1.522,1.53,42356.0
1777708800000,1.53,1.548,1.509,1.542,47926.7
1777723200000,1.542,1.596,1.531,1.571,72115.0
1777737600000,1.571,1.62,1.568,1.595,60122.3
1777752000000,1.595,1.635,1.591,1.601,37897.4
1777766400000,1.601,1.608,1.574,1.586,34626.2
1777780800000,1.586,1.587,1.564,1.58,26776.1
1777795200000,1.58,1.635,1.573,1.596,50132.1
1777809600000,1.596,1.61,1.569,1.575,30562.3
1777824000000,1.575,1.613,1.57,1.597,30234.4
1777838400000,1.597,1.623,1.585,1.588,22252.7
1777852800000,1.588,1.63,1.571,1.629,46194.9
1777867200000,1.629,1.716,1.627,1.694,65277.4
1777881600000,1.694,1.8,1.668,1.782,207124.5
1777896000000,1.782,1.859,1.694,1.852,365752.2
1777910400000,1.852,1.915,1.799,1.884,153341.9
1777924800000,1.884,1.931,1.856,1.888,75366.0
1777939200000,1.888,1.921,1.829,1.846,109409.9
1777953600000,1.846,1.854,1.822,1.844,36962.1
1777968000000,1.844,1.905,1.83,1.872,81701.4
1777982400000,1.872,1.982,1.872,1.972,123643.8
1777996800000,1.972,1.994,1.881,1.937,131232.7
1778011200000,1.937,2.007,1.916,1.969,83643.3
1778025600000,1.969,2.093,1.878,1.906,211664.6
1778040000000,1.906,1.946,1.871,1.917,55917.7
1778054400000,1.917,1.918,1.848,1.9,127584.8
1778068800000,1.9,1.958,1.84,1.894,110771.9
1778083200000,1.894,1.944,1.885,1.903,33254.3
1778097600000,1.903,1.96,1.901,1.948,24198.6
1778112000000,1.948,1.977,1.904,1.915,82415.0
1778126400000,1.915,1.923,1.821,1.875,86077.3
1778140800000,1.875,1.908,1.841,1.908,63169.0
1778155200000,1.908,1.913,1.825,1.838,73225.3
1778169600000,1.838,1.966,1.835,1.907,95554.8
1778184000000,1.907,1.931,1.84,1.872,33474.3
1778198400000,1.872,1.949,1.869,1.942,29707.7
1778212800000,1.942,1.989,1.925,1.974,52609.7
1778227200000,1.974,2.069,1.954,2.035,76900.0
1778241600000,2.035,2.095,1.998,2.068,128992.2
1778256000000,2.068,2.129,2.045,2.058,73886.5
1778270400000,2.058,2.091,2.026,2.073,28308.8
1778284800000,2.073,2.154,2.052,2.138,65014.2
1778299200000,2.138,2.142,2.069,2.084,25441.8
1778313600000,2.084,2.091,2.035,2.076,42151.7
1778328000000,2.076,2.1,2.0,2.021,70164.0
1778342400000,2.021,2.051,2.015,2.032,35078.1
1778356800000,2.032,2.037,2.007,2.013,7669.1
1778371200000,2.013,2.026,2.001,2.014,10846.9
1778385600000,2.014,2.015,1.977,2.0,25478.4
1778400000000,2.0,2.032,1.993,2.013,19881.9
1778414400000,2.013,2.033,1.962,1.98,45419.8
1778428800000,1.98,2.028,1.979,2.012,42631.9
1778443200000,2.012,2.023,1.929,1.978,33407.4
1778457600000,1.978,1.984,1.886,1.898,55115.6
1778472000000,1.898,1.931,1.892,1.895,16047.2
1778486400000,1.895,1.955,1.888,1.945,32042.8
1778500800000,1.945,1.973,1.903,1.971,49699.2
1778515200000,1.971,2.151,1.939,2.147,94040.0
1778529600000,2.147,2.192,2.109,2.146,169190.1
1778544000000,2.146,2.199,2.097,2.169,94379.1
1778558400000,2.169,2.174,2.016,2.027,67886.5
1778572800000,2.027,2.064,1.971,2.062,78778.0
1778587200000,2.062,2.099,1.982,2.042,146206.3
1778601600000,2.042,2.042,1.984,2.03,57504.6
1778616000000,2.03,2.081,2.019,2.031,40006.0
1778630400000,2.031,2.143,2.031,2.13,60375.1
1778644800000,2.13,2.167,2.096,2.106,46977.8
1778659200000,2.106,2.123,2.061,2.07,40031.3
1778673600000,2.07,2.074,1.957,1.964,73457.8
1778688000000,1.964,2.048,1.963,1.999,49461.7
1778702400000,1.999,2.012,1.943,1.954,41689.4
1778716800000,1.954,1.968,1.934,1.966,24260.1
1778731200000,1.966,2.023,1.955,1.98,38725.3
1778745600000,1.98,2.008,1.952,1.954,23905.3
1778760000000,1.954,2.024,1.943,2.004,38425.9
1778774400000,2.004,2.091,1.993,2.007,47925.7
1778788800000,2.007,2.029,1.978,2.021,28645.0
1778803200000,2.021,2.09,2.021,2.085,50356.4
1778817600000,2.085,2.092,2.009,2.068,41208.5
1778832000000,2.068,2.07,2.014,2.055,29054.4
1778846400000,2.055,2.064,1.937,2.01,85027.6
1778860800000,2.01,2.05,1.995,2.004,33862.9
1778875200000,2.004,2.01,1.972,1.978,10769.9
1778889600000,1.978,2.01,1.961,1.977,45610.3
1778904000000,1.977,1.982,1.85,1.861,36860.6
1778918400000,1.861,1.923,1.824,1.825,62984.2
1778932800000,1.825,1.84,1.806,1.812,30388.4
1778947200000,1.812,1.845,1.812,1.841,15723.5
1778961600000,1.841,1.851,1.826,1.834,8567.3
1778976000000,1.834,1.902,1.804,1.892,30522.0
1778990400000,1.892,1.904,1.883,1.9,29021.0
1779004800000,1.9,1.903,1.861,1.871,16378.2
1779019200000,1.871,1.879,1.846,1.854,15723.9
1779033600000,1.854,1.907,1.838,1.899,20559.4
1779048000000,1.899,1.913,1.789,1.837,38996.4
1779062400000,1.837,1.845,1.802,1.824,34555.2
1779076800000,1.824,1.843,1.8,1.807,20729.9
1779091200000,1.807,1.825,1.771,1.801,23472.5
1779105600000,1.801,1.818,1.736,1.772,39852.2
1779120000000,1.772,1.784,1.72,1.772,28858.9
1779134400000,1.772,1.86,1.762,1.84,35302.4
1779148800000,1.84,1.872,1.824,1.833,26091.4
1779163200000,1.833,1.843,1.808,1.832,8513.0
1779177600000,1.832,1.848,1.786,1.794,21238.0
1779192000000,1.794,1.822,1.773,1.78,19049.5
1779206400000,1.78,1.791,1.741,1.745,19467.7
1779220800000,1.745,1.752,1.717,1.721,10156.8
1779235200000,1.721,1.741,1.706,1.719,29516.3
1779249600000,1.719,1.775,1.717,1.757,10163.7
1779264000000,1.757,1.77,1.736,1.739,14398.5
1779278400000,1.739,1.842,1.731,1.833,46204.9
1779292800000,1.833,1.911,1.832,1.893,67612.6
1779307200000,1.893,1.908,1.84,1.846,44749.8
1779321600000,1.846,1.922,1.843,1.888,44143.8
1779336000000,1.888,1.902,1.873,1.883,19508.4
1779350400000,1.883,1.912,1.81,1.811,46397.4
1779364800000,1.811,1.843,1.806,1.832,29941.9
1779379200000,1.832,1.908,1.832,1.899,36148.4
1779393600000,1.899,1.914,1.876,1.903,16903.7
1779408000000,1.903,1.993,1.885,1.993,38034.0
1779422400000,1.993,2.006,1.93,1.954,41743.0
1779436800000,1.954,1.976,1.906,1.914,27537.4
1779451200000,1.914,1.926,1.87,1.905,32962.6
1779465600000,1.905,1.943,1.835,1.845,68449.1
1779480000000,1.845,1.869,1.823,1.833,22141.8
1779494400000,1.833,1.871,1.821,1.866,13457.1
1779508800000,1.866,1.867,1.735,1.746,49659.9
1779523200000,1.746,1.757,1.727,1.736,28756.8
1779537600000,1.736,1.808,1.731,1.801,24603.7
1779552000000,1.801,1.851,1.794,1.824,19397.9
1779566400000,1.824,1.896,1.815,1.892,34761.1
1779580800000,1.892,1.897,1.844,1.848,13737.5
1779595200000,1.848,1.902,1.84,1.867,18758.0
1779609600000,1.867,1.884,1.831,1.836,14938.1
1779624000000,1.836,1.841,1.783,1.818,26506.7
1779638400000,1.818,1.827,1.802,1.818,5574.1
1779652800000,1.818,1.829,1.765,1.822,27050.2
1779667200000,1.822,1.85,1.819,1.835,12379.4
1779681600000,1.835,1.867,1.831,1.866,8975.0
1779696000000,1.866,1.891,1.863,1.876,15348.0
1779710400000,1.876,1.975,1.872,1.963,89789.5
1779724800000,1.963,2.002,1.925,1.94,49483.5
1779739200000,1.94,1.948,1.908,1.921,15106.5
1779753600000,1.921,1.923,1.868,1.9,22586.8
1779768000000,1.9,1.936,1.885,1.91,21610.8
1779782400000,1.91,1.948,1.889,1.902,37579.7
1779796800000,1.902,1.971,1.883,1.905,47055.2
1779811200000,1.905,1.91,1.807,1.825,56268.4
1779825600000,1.825,1.834,1.789,1.792,24748.1
1779840000000,1.792,1.817,1.784,1.796,24877.1
1779854400000,1.796,1.807,1.745,1.757,59921.3
1779868800000,1.757,1.773,1.678,1.689,41935.4
1779883200000,1.689,1.717,1.643,1.661,89244.8
1779897600000,1.661,1.669,1.615,1.625,43451.4
1779912000000,1.625,1.626,1.57,1.576,53445.6
1779926400000,1.576,1.588,1.527,1.535,47124.0
1779940800000,1.535,1.556,1.521,1.542,30879.5
1779955200000,1.542,1.57,1.511,1.535,46782.6
1779969600000,1.535,1.539,1.463,1.488,82063.3
1779984000000,1.488,1.524,1.468,1.468,62729.9
1779998400000,1.468,1.483,1.451,1.458,42861.5
1780012800000,1.458,1.476,1.429,1.435,54878.8
1780027200000,1.435,1.48,1.431,1.444,57480.1
1780041600000,1.444,1.446,1.396,1.418,73107.3
1780056000000,1.418,1.455,1.351,1.437,123565.9
1780070400000,1.437,1.472,1.406,1.418,47876.9
1780084800000,1.418,1.421,1.38,1.383,38813.9
1780099200000,1.383,1.397,1.359,1.363,41437.2
1780113600000,1.363,1.369,1.339,1.348,48343.4
1780128000000,1.348,1.348,1.329,1.334,47415.6
1780142400000,1.334,1.338,1.318,1.323,55138.2
1780156800000,1.323,1.359,1.315,1.355,43950.4
1780171200000,1.355,1.36,1.32,1.34,39314.4
1780185600000,1.34,1.391,1.34,1.37,68468.6
1780200000000,1.37,1.397,1.351,1.355,29071.8
1780214400000,1.355,1.36,1.334,1.346,20743.5
1780228800000,1.346,1.368,1.33,1.343,23179.9
1780243200000,1.343,1.355,1.312,1.355,19928.0
1780257600000,1.355,1.378,1.352,1.372,20916.3
1780272000000,1.372,1.383,1.337,1.36,25434.4
1780286400000,1.36,1.367,1.32,1.322,21037.9
1780300800000,1.322,1.355,1.315,1.345,22858.3
1780315200000,1.345,1.391,1.324,1.384,70096.5
1780329600000,1.384,1.456,1.366,1.45,93352.0
1780344000000,1.45,1.459,1.401,1.423,71223.8
1780358400000,1.423,1.456,1.376,1.451,55993.0
1780372800000,1.451,1.451,1.384,1.401,29593.7
1780387200000,1.401,1.431,1.377,1.412,50049.0
1780401600000,1.412,1.433,1.304,1.326,106827.9
1780416000000,1.326,1.382,1.294,1.329,68434.8
1780430400000,1.329,1.361,1.286,1.312,61701.2
1780444800000,1.312,1.362,1.312,1.326,53285.6
1780459200000,1.326,1.404,1.326,1.395,48376.4
1780473600000,1.395,1.439,1.387,1.426,37269.4
1780488000000,1.426,1.448,1.38,1.395,66251.1
1780502400000,1.395,1.397,1.356,1.366,50203.9
1780516800000,1.366,1.393,1.329,1.344,97589.0
1780531200000,1.344,1.354,1.201,1.322,153842.5
1780545600000,1.322,1.382,1.3,1.311,64111.1
1780560000000,1.311,1.342,1.274,1.342,78609.9
1780574400000,1.342,1.393,1.331,1.355,76063.2
1780588800000,1.355,1.362,1.322,1.322,28091.0
1780603200000,1.322,1.327,1.289,1.321,29342.1
1780617600000,1.321,1.333,1.247,1.282,55754.3
1780632000000,1.282,1.301,1.168,1.238,103381.5
1780646400000,1.238,1.253,1.21,1.216,42307.5
1780660800000,1.216,1.239,1.17,1.179,53399.8
1780675200000,1.179,1.22,1.151,1.206,51744.6
1780689600000,1.206,1.258,1.189,1.228,33937.9
1780704000000,1.228,1.247,1.193,1.202,15449.8
1780718400000,1.202,1.228,1.15,1.217,42631.8
1780732800000,1.217,1.249,1.206,1.221,27511.4
1780747200000,1.221,1.231,1.19,1.196,16342.1
1780761600000,1.196,1.207,1.179,1.193,22597.1
1780776000000,1.193,1.224,1.189,1.22,11985.9
1780790400000,1.22,1.255,1.214,1.246,18807.0
1780804800000,1.246,1.263,1.235,1.258,20193.9
1780819200000,1.258,1.274,1.239,1.249,18181.7
1780833600000,1.249,1.261,1.222,1.252,24256.1
1780848000000,1.252,1.255,1.217,1.223,18316.9
1780862400000,1.223,1.278,1.221,1.269,23920.3
1780876800000,1.269,1.288,1.253,1.27,18060.3
1780891200000,1.27,1.276,1.236,1.268,31805.8
1780905600000,1.268,1.292,1.255,1.282,24787.0
1780920000000,1.282,1.298,1.27,1.28,23938.6
1780934400000,1.28,1.296,1.273,1.279,12469.7
1780948800000,1.279,1.312,1.265,1.274,22098.5
1780963200000,1.274,1.277,1.239,1.25,25022.9
1780977600000,1.25,1.283,1.245,1.276,11028.6
1780992000000,1.276,1.277,1.258,1.273,8246.9
1781006400000,1.273,1.28,1.225,1.228,30682.8
1781020800000,1.228,1.258,1.213,1.255,19524.6
1781035200000,1.255,1.268,1.244,1.25,7188.8
1781049600000,1.25,1.256,1.199,1.205,32225.7
1781064000000,1.205,1.207,1.187,1.195,16818.5
1781078400000,1.195,1.196,1.172,1.183,18157.3
1781092800000,1.183,1.242,1.176,1.237,25730.1
1781107200000,1.237,1.238,1.182,1.184,12724.0
1781121600000,1.184,1.187,1.154,1.175,17456.6
1781136000000,1.175,1.223,1.172,1.219,18065.5
1781150400000,1.219,1.237,1.216,1.229,30834.7
1781164800000,1.229,1.249,1.226,1.238,19408.5
1781179200000,1.238,1.239,1.213,1.221,20111.6
1781193600000,1.221,1.26,1.201,1.252,38181.2
1781208000000,1.252,1.262,1.242,1.246,8191.6
1781222400000,1.246,1.27,1.245,1.262,16732.5
1781236800000,1.262,1.273,1.23,1.242,17469.6
1781251200000,1.242,1.271,1.242,1.262,11871.3
1781265600000,1.262,1.283,1.234,1.247,44261.8
1781280000000,1.247,1.279,1.24,1.268,33134.0
1781294400000,1.268,1.276,1.243,1.254,14999.5
1781308800000,1.254,1.278,1.249,1.271,13995.9
1781323200000,1.271,1.299,1.259,1.298,17699.1
1781337600000,1.298,1.342,1.294,1.33,29805.3
1781352000000,1.33,1.34,1.321,1.332,27979.0
1781366400000,1.332,1.334,1.31,1.322,12826.1
1781380800000,1.322,1.339,1.316,1.321,6405.6
1781395200000,1.321,1.335,1.311,1.333,30927.3
1781409600000,1.333,1.363,1.315,1.363,32473.3
1781424000000,1.363,1.378,1.328,1.333,40868.9
1781438400000,1.333,1.335,1.286,1.296,26218.8
1781452800000,1.296,1.321,1.295,1.31,12062.7
1781467200000,1.31,1.391,1.31,1.387,39019.8
1781481600000,1.387,1.397,1.376,1.387,14771.3
1781496000000,1.387,1.407,1.377,1.387,16210.4
1781510400000,1.387,1.405,1.372,1.396,16824.8
1781524800000,1.396,1.427,1.389,1.421,38874.2
1781539200000,1.421,1.436,1.372,1.375,25085.5
1781553600000,1.375,1.384,1.339,1.353,24659.8
1781568000000,1.353,1.362,1.323,1.358,17648.8
1781582400000,1.358,1.406,1.342,1.398,44672.4
1781596800000,1.398,1.423,1.395,1.413,40043.8
1781611200000,1.413,1.42,1.353,1.377,39255.9
1781625600000,1.377,1.405,1.363,1.396,18775.7
1781640000000,1.396,1.407,1.389,1.399,14815.7
1781654400000,1.399,1.491,1.397,1.478,77231.1
1781668800000,1.478,1.534,1.471,1.534,88255.6
1781683200000,1.534,1.539,1.46,1.463,74326.0
1781697600000,1.463,1.502,1.447,1.5,33888.5
1781712000000,1.5,1.518,1.433,1.44,43769.1
1781726400000,1.44,1.464,1.418,1.46,20522.0
1781740800000,1.46,1.477,1.44,1.457,22509.8
1781755200000,1.457,1.465,1.413,1.455,29482.1
1781769600000,1.455,1.496,1.432,1.441,29682.7
1781784000000,1.441,1.46,1.359,1.368,57523.9
1781798400000,1.368,1.383,1.336,1.378,33733.6
1781812800000,1.378,1.408,1.378,1.407,29899.8
1781827200000,1.407,1.407,1.353,1.372,33790.9
1781841600000,1.372,1.382,1.335,1.346,22634.8
1781856000000,1.346,1.356,1.336,1.34,8788.9
1781870400000,1.34,1.395,1.336,1.378,20961.3
1781884800000,1.378,1.389,1.359,1.364,9980.7
1781899200000,1.364,1.389,1.357,1.387,6496.0
1781913600000,1.387,1.395,1.36,1.374,14700.0
1781928000000,1.374,1.406,1.368,1.385,31328.1
1781942400000,1.385,1.408,1.364,1.364,46495.3
1781956800000,1.364,1.395,1.342,1.387,22137.5
1781971200000,1.387,1.397,1.367,1.374,7969.4
1781985600000,1.374,1.424,1.369,1.411,15100.0
1782000000000,1.411,1.465,1.404,1.457,22680.3
1782014400000,1.457,1.495,1.45,1.454,50766.0
1782028800000,1.454,1.488,1.444,1.451,47606.6
1782043200000,1.451,1.464,1.435,1.464,22625.1
1782057600000,1.464,1.482,1.444,1.451,21929.8
1782072000000,1.451,1.453,1.386,1.395,30768.4
1782086400000,1.395,1.466,1.395,1.431,19910.3
1782100800000,1.431,1.444,1.415,1.441,12512.3
1782115200000,1.441,1.453,1.424,1.452,46864.0
1782129600000,1.452,1.472,1.397,1.397,36813.0
1782144000000,1.397,1.404,1.362,1.37,29170.6
1782158400000,1.37,1.378,1.348,1.359,16335.0
1782172800000,1.359,1.382,1.345,1.382,19369.3
1782187200000,1.382,1.382,1.316,1.329,36443.1
1782201600000,1.329,1.33,1.284,1.311,39815.2
1782216000000,1.311,1.333,1.295,1.3,14886.7
1782230400000,1.3,1.319,1.298,1.305,11796.4
1782244800000,1.305,1.314,1.295,1.31,6603.6
1782259200000,1.31,1.322,1.274,1.276,16196.8
1782273600000,1.276,1.287,1.268,1.276,11388.5
1782288000000,1.276,1.285,1.257,1.275,15139.4
1782302400000,1.275,1.277,1.219,1.225,30895.1
1782316800000,1.225,1.244,1.184,1.227,45985.4
1782331200000,1.227,1.266,1.224,1.26,15848.5
1782345600000,1.26,1.27,1.244,1.266,8119.6
1782360000000,1.266,1.299,1.248,1.291,58759.0
1782374400000,1.291,1.305,1.273,1.286,30019.6
1782388800000,1.286,1.298,1.197,1.254,47864.3
1782403200000,1.254,1.27,1.228,1.242,56278.3
1782417600000,1.242,1.254,1.231,1.244,26320.6
1782432000000,1.244,1.247,1.205,1.246,22384.2
1782446400000,1.246,1.268,1.229,1.261,7919.8
1782460800000,1.261,1.271,1.217,1.22,13855.9
1782475200000,1.22,1.244,1.199,1.236,24246.0
1782489600000,1.236,1.284,1.235,1.265,32711.7
1782504000000,1.265,1.285,1.264,1.272,17727.3
1782518400000,1.272,1.283,1.261,1.269,12771.9
1782532800000,1.269,1.296,1.255,1.255,42263.3
1782547200000,1.255,1.258,1.24,1.246,6464.9
1782561600000,1.246,1.286,1.245,1.28,15552.9
1782576000000,1.28,1.286,1.241,1.245,21320.1
1782590400000,1.245,1.252,1.228,1.24,14744.8
1782604800000,1.24,1.249,1.232,1.246,3664.4
1782619200000,1.246,1.255,1.228,1.255,10854.2
1782633600000,1.255,1.269,1.244,1.252,10768.0
1782648000000,1.252,1.258,1.24,1.246,8900.7
1782662400000,1.246,1.255,1.226,1.237,9744.3
1782676800000,1.237,1.264,1.226,1.262,7354.9
1782691200000,1.262,1.289,1.233,1.286,16198.7
1782705600000,1.286,1.32,1.264,1.316,78915.4
1782720000000,1.316,1.336,1.294,1.297,39252.1
1782734400000,1.297,1.364,1.29,1.343,43301.8
1782748800000,1.343,1.39,1.332,1.363,60333.7
1782763200000,1.363,1.372,1.341,1.351,17090.3
1782777600000,1.351,1.355,1.329,1.344,16814.9
1782792000000,1.344,1.353,1.332,1.339,16163.8
1782806400000,1.339,1.341,1.301,1.304,20968.2
1782820800000,1.304,1.321,1.278,1.29,29640.5
1782835200000,1.29,1.319,1.283,1.308,13364.5
1782849600000,1.308,1.319,1.298,1.318,8822.1
1782864000000,1.318,1.359,1.286,1.357,24629.7
1782878400000,1.357,1.357,1.31,1.315,12461.6
1782892800000,1.315,1.358,1.311,1.351,20262.1
1782907200000,1.351,1.384,1.315,1.38,27582.2
1782921600000,1.38,1.391,1.358,1.362,14822.9
1782936000000,1.362,1.443,1.358,1.427,51144.2
1782950400000,1.427,1.488,1.415,1.479,33907.9
1782964800000,1.479,1.493,1.447,1.456,27959.1
1782979200000,1.456,1.52,1.453,1.511,49569.4
1782993600000,1.511,1.529,1.479,1.486,22782.2
1783008000000,1.486,1.547,1.473,1.524,67684.3
1783022400000,1.524,1.529,1.501,1.514,14040.2
1783036800000,1.514,1.546,1.507,1.518,10717.1
1783051200000,1.518,1.524,1.499,1.505,5128.8
1783065600000,1.505,1.508,1.484,1.492,14383.1
1783080000000,1.492,1.503,1.477,1.483,13958.2
1783094400000,1.483,1.498,1.478,1.495,25843.8
1783108800000,1.495,1.502,1.479,1.479,16704.4
1783123200000,1.479,1.481,1.436,1.451,42770.3
1783137600000,1.451,1.488,1.447,1.471,15832.5
1783152000000,1.471,1.472,1.447,1.453,11477.0
1783166400000,1.453,1.494,1.453,1.486,17688.5
1783180800000,1.486,1.489,1.462,1.463,12089.3
1783195200000,1.463,1.479,1.457,1.464,24244.5
1783209600000,1.464,1.464,1.437,1.442,12442.9
1783224000000,1.442,1.464,1.421,1.435,27508.8
1783238400000,1.435,1.453,1.387,1.401,118649.1
1783252800000,1.401,1.427,1.396,1.415,12623.1
1783267200000,1.415,1.427,1.409,1.415,12741.6
1783281600000,1.415,1.435,1.401,1.42,49806.6
1783296000000,1.42,1.423,1.397,1.401,7632.2
1783310400000,1.401,1.403,1.382,1.385,5809.1
1783324800000,1.385,1.418,1.372,1.407,32923.0
1783339200000,1.407,1.451,1.382,1.448,48263.6
1783353600000,1.448,1.461,1.438,1.454,19267.3
1783368000000,1.454,1.481,1.436,1.438,42668.0
1783382400000,1.438,1.452,1.404,1.406,10011.8
1783396800000,1.406,1.431,1.391,1.417,13602.2
1783411200000,1.417,1.478,1.411,1.477,20281.3
1783425600000,1.477,1.521,1.467,1.521,77194.6
1783440000000,1.521,1.53,1.483,1.501,35706.0
1783454400000,1.501,1.508,1.457,1.48,35326.8
1783468800000,1.48,1.507,1.462,1.486,24581.5
1783483200000,1.486,1.542,1.475,1.532,43772.0
1783497600000,1.532,1.539,1.467,1.501,44700.6
1783512000000,1.501,1.519,1.486,1.504,32797.3
1783526400000,1.504,1.55,1.494,1.498,34914.8
1783540800000,1.498,1.504,1.477,1.496,25415.8
1783555200000,1.496,1.515,1.483,1.504,19846.1
1783569600000,1.504,1.608,1.494,1.597,46309.3
1783584000000,1.597,1.6,1.57,1.585,34622.8
1783598400000,1.585,1.587,1.519,1.526,31833.1
1783612800000,1.526,1.538,1.508,1.529,12687.5
1783627200000,1.529,1.535,1.514,1.52,5632.1
1783641600000,1.52,1.579,1.512,1.558,23773.8
1783656000000,1.558,1.561,1.519,1.526,10978.8
1783670400000,1.526,1.563,1.523,1.546,15459.8
1783684800000,1.546,1.552,1.481,1.497,29102.2
1783699200000,1.497,1.515,1.494,1.509,6927.9
1783713600000,1.509,1.527,1.496,1.511,9077.8
1783728000000,1.511,1.568,1.499,1.564,19378.1
1783742400000,1.564,1.586,1.537,1.547,17901.6
1783756800000,1.547,1.579,1.543,1.574,8737.9
1783771200000,1.574,1.603,1.557,1.567,14919.8
1783785600000,1.567,1.586,1.563,1.582,8952.6
1783800000000,1.582,1.585,1.525,1.529,13384.0
1783814400000,1.529,1.552,1.52,1.546,9570.2
1783828800000,1.546,1.548,1.517,1.524,7421.3
1783843200000,1.524,1.538,1.515,1.524,11144.3
1783857600000,1.524,1.55,1.519,1.548,7166.5
1783872000000,1.548,1.554,1.527,1.544,9489.1
1783886400000,1.544,1.564,1.531,1.535,9241.2
1783900800000,1.535,1.575,1.486,1.495,22295.6
1783915200000,1.495,1.51,1.488,1.507,9859.0
1783929600000,1.507,1.516,1.491,1.502,10409.9
1783944000000,1.502,1.511,1.465,1.486,27277.3
1783958400000,1.486,1.496,1.448,1.462,18383.4
1783972800000,1.462,1.464,1.441,1.464,7678.9
1783987200000,1.464,1.475,1.449,1.458,7731.3
1784001600000,1.458,1.483,1.457,1.467,4476.6
1784016000000,1.467,1.485,1.463,1.475,6990.4
1784030400000,1.475,1.538,1.472,1.515,34283.6
1784044800000,1.515,1.52,1.5,1.516,12679.8
1784059200000,1.516,1.596,1.509,1.578,31057.3
1784073600000,1.578,1.578,1.537,1.55,9620.8
1784088000000,1.55,1.562,1.535,1.535,19049.3
1784102400000,1.535,1.59,1.53,1.573,20526.0
1784116800000,1.573,1.636,1.566,1.6,30973.0
1784131200000,1.6,1.617,1.575,1.595,15913.2
1784145600000,1.595,1.617,1.587,1.588,7660.2
1784160000000,1.588,1.622,1.574,1.622,9808.9
1784174400000,1.622,1.655,1.595,1.605,23308.0
1784188800000,1.605,1.606,1.575,1.59,18100.5
1784203200000,1.59,1.613,1.566,1.601,15250.5
1784217600000,1.601,1.608,1.566,1.58,19877.7
1784232000000,1.58,1.603,1.539,1.552,12001.8
1784246400000,1.552,1.579,1.532,1.569,11515.6
1784260800000,1.569,1.573,1.524,1.525,9444.4
1784275200000,1.525,1.546,1.512,1.536,7223.2
1784289600000,1.536,1.554,1.502,1.554,22583.4
1784304000000,1.554,1.567,1.528,1.534,9452.4
1784318400000,1.534,1.559,1.532,1.539,14452.7
1784332800000,1.539,1.556,1.526,1.556,19600.1
1784347200000,1.556,1.559,1.526,1.528,5073.4
1784361600000,1.528,1.53,1.508,1.52,7748.7
1784376000000,1.52,1.528,1.509,1.518,4597.3
1784390400000,1.518,1.532,1.511,1.517,5838.5
1784404800000,1.517,1.542,1.517,1.532,6488.0
1784419200000,1.532,1.556,1.528,1.536,7927.8
1784433600000,1.536,1.54,1.519,1.52,2888.1
1784448000000,1.52,1.534,1.512,1.517,7060.4
1784462400000,1.517,1.555,1.513,1.548,20360.0
1784476800000,1.548,1.573,1.528,1.573,18546.2
1784491200000,1.573,1.586,1.56,1.581,8077.5
1784505600000,1.581,1.592,1.557,1.562,6826.4
1784520000000,1.562,1.562,1.524,1.538,8760.8
1784534400000,1.538,1.598,1.529,1.595,21532.9
1784548800000,1.595,1.618,1.582,1.618,27253.0
1784563200000,1.618,1.627,1.603,1.611,16102.7
1784577600000,1.611,1.63,1.59,1.594,11519.6
1784592000000,1.594,1.643,1.59,1.641,15528.1
1784606400000,1.641,1.667,1.637,1.667,16220.1
1784620800000,1.667,1.676,1.638,1.659,25939.4
1784635200000,1.659,1.678,1.64,1.644,25300.0
1784649600000,1.644,1.65,1.613,1.614,12968.5
1784664000000,1.614,1.615,1.595,1.605,9589.2
1784678400000,1.605,1.639,1.603,1.612,15934.7
1784692800000,1.612,1.62,1.577,1.581,9052.3
1784707200000,1.581,1.608,1.579,1.589,12394.9
1784721600000,1.589,1.625,1.58,1.614,14932.3
1784736000000,1.614,1.664,1.611,1.62,19792.0
1784750400000,1.62,1.633,1.603,1.633,11080.8
1784764800000,1.633,1.642,1.605,1.632,10512.0
1784779200000,1.632,1.639,1.596,1.599,6153.7
1784793600000,1.599,1.606,1.578,1.583,15202.6
1784808000000,1.583,1.584,1.551,1.566,13497.3
1784822400000,1.566,1.581,1.55,1.567,17447.9
1784836800000,1.567,1.587,1.566,1.575,4314.2
1784851200000,1.575,1.594,1.558,1.587,11258.7
1784865600000,1.587,1.599,1.579,1.582,10645.9
1784880000000,1.582,1.582,1.545,1.553,11042.3
1784894400000,1.553,1.553,1.502,1.527,21736.8
1784908800000,1.527,1.53,1.5,1.506,10252.6
1784923200000,1.506,1.51,1.476,1.477,10989.2
1784937600000,1.477,1.485,1.467,1.471,10604.4
1784952000000,1.471,1.476,1.455,1.459,12548.2
1784966400000,1.459,1.477,1.456,1.47,6622.8
1784980800000,1.47,1.482,1.461,1.473,5153.2
1784995200000,1.473,1.49,1.471,1.483,6079.6
1785009600000,1.483,1.489,1.478,1.484,2072.3
1785024000000,1.484,1.491,1.473,1.485,4446.4
1785038400000,1.485,1.496,1.472,1.475,11497.5
1785052800000,1.475,1.488,1.472,1.486,4608.6
1785067200000,1.486,1.532,1.484,1.53,15619.2
1785081600000,1.53,1.535,1.517,1.52,9860.2
1785096000000,1.52,1.566,1.519,1.559,11160.1
1785110400000,1.559,1.563,1.534,1.542,8247.4
1785124800000,1.542,1.575,1.539,1.558,6521.2
1785139200000,1.558,1.568,1.55,1.553,4258.4
1785153600000,1.553,1.574,1.509,1.524,15882.3
1785168000000,1.524,1.559,1.516,1.548,17639.2
1785182400000,1.548,1.552,1.485,1.495,23113.5
1785196800000,1.495,1.506,1.471,1.487,14292.0
1785211200000,1.487,1.49,1.476,1.481,3108.5
1785225600000,1.481,1.483,1.45,1.457,12375.9
1785240000000,1.457,1.498,1.436,1.498,19956.6
1785254400000,1.498,1.503,1.471,1.48,5425.6
1785268800000,1.48,1.493,1.464,1.478,4980.5
1785283200000,1.478,1.484,1.446,1.447,13051.5
1785297600000,1.447,1.473,1.44,1.468,12123.6
1785312000000,1.468,1.482,1.453,1.456,8077.9
1785326400000,1.456,1.456,1.417,1.421,12412.1
1785340800000,1.421,1.444,1.399,1.402,16906.8
1785355200000,1.402,1.425,1.381,1.423,8492.8
1785369600000,1.423,1.441,1.412,1.413,5469.1
1785384000000,1.413,1.413,1.393,1.393,8227.6
1785398400000,1.393,1.435,1.393,1.432,11249.0
1785412800000,1.432,1.457,1.431,1.432,16203.7
1785427200000,1.432,1.453,1.428,1.441,11491.4
1785441600000,1.441,1.447,1.425,1.434,11167.1
1785456000000,1.434,1.443,1.407,1.42,10139.6
1785470400000,1.42,1.427,1.408,1.417,4228.7
1785484800000,1.417,1.422,1.397,1.411,4814.3
1785499200000,1.411,1.429,1.399,1.423,14220.5
1785513600000,1.423,1.462,1.422,1.445,13063.3
1785528000000,1.445,1.449,1.435,1.436,4794.8
1785542400000,1.436,1.442,1.427,1.429,4149.8
1785556800000,1.429,1.463,1.427,1.442,29153.4
1785571200000,1.442,1.445,1.412,1.414,8386.6
1785585600000,1.414,1.418,1.4,1.403,8210.8
1785600000000,1.403,1.409,1.365,1.378,14443.1
1785614400000,1.378,1.393,1.374,1.385,4509.1
1785628800000,1.385,1.407,1.385,1.403,7060.9
1785643200000,1.403,1.416,1.398,1.403,6795.4
1785657600000,1.403,1.404,1.376,1.378,8525.3
1785672000000,1.378,1.386,1.366,1.367,10034.4
1785686400000,1.367,1.386,1.364,1.385,8515.4
1785700800000,1.385,1.398,1.372,1.386,7267.9
1785715200000,1.386,1.386,1.34,1.344,7021.5
1785729600000,1.344,1.349,1.337,1.346,9287.4
1785744000000,1.346,1.367,1.339,1.353,5624.5
1785758400000,1.353,1.381,1.351,1.374,9303.3
1785772800000,1.374,1.391,1.369,1.369,6093.4
1785787200000,1.369,1.381,1.362,1.369,5576.5
1785801600000,1.369,1.37,1.353,1.363,4446.0
1785816000000,1.363,1.371,1.344,1.353,4208.9
1785830400000,1.353,1.357,1.343,1.353,4014.3
1785844800000,1.353,1.357,1.335,1.351,12977.1
1785859200000,1.351,1.355,1.339,1.348,7154.7
1785873600000,1.348,1.363,1.339,1.349,7059.5
1785888000000,1.349,1.395,1.337,1.379,19975.9
1785902400000,1.379,1.408,1.367,1.389,17113.3
1785916800000,1.389,1.397,1.379,1.38,3711.5
1785931200000,1.38,1.396,1.358,1.375,15781.1
1785945600000,1.375,1.442,1.375,1.42,21530.0
1785960000000,1.42,1.435,1.389,1.395,11269.8
1785974400000,1.395,1.401,1.376,1.386,5787.4
1785988800000,1.386,1.396,1.376,1.377,5234.0
1786003200000,1.377,1.383,1.348,1.355,7336.5
1786017600000,1.355,1.376,1.343,1.37,6160.5
1786032000000,1.37,1.378,1.358,1.358,4446.1
1786046400000,1.358,1.369,1.356,1.367,4330.6
1786060800000,1.367,1.368,1.347,1.347,7595.5
1786075200000,1.347,1.361,1.341,1.358,4191.0
1786089600000,1.358,1.377,1.357,1.368,10337.6
1786104000000,1.368,1.383,1.352,1.364,10135.8
1786118400000,1.364,1.387,1.353,1.387,7839.8
1786132800000,1.387,1.396,1.372,1.392,8019.6
1786147200000,1.392,1.392,1.374,1.381,2835.7
1786161600000,1.381,1.387,1.368,1.373,6029.7
1786176000000,1.373,1.39,1.372,1.389,3860.4
1786190400000,1.389,1.416,1.381,1.407,8059.8
1786204800000,1.407,1.421,1.401,1.419,5210.5
1786219200000,1.419,1.419,1.398,1.402,4534.3
1786233600000,1.402,1.409,1.395,1.404,4297.6
1786248000000,1.404,1.413,1.394,1.401,6626.8
1786262400000,1.401,1.406,1.371,1.373,9216.3
1786276800000,1.373,1.397,1.364,1.397,7198.4
1786291200000,1.397,1.398,1.378,1.385,3141.4
1786305600000,1.385,1.397,1.358,1.362,5433.8
1786320000000,1.362,1.381,1.355,1.363,10735.1
1786334400000,1.363,1.387,1.361,1.382,4843.2
1786348800000,1.382,1.393,1.365,1.393,9295.2
1786363200000,1.393,1.396,1.354,1.365,9607.7
1786377600000,1.365,1.367,1.351,1.361,7697.7
1786392000000,1.361,1.364,1.349,1.354,3045.9
1786406400000,1.354,1.365,1.352,1.358,6969.9
1786420800000,1.358,1.358,1.34,1.348,4536.4
1786435200000,1.348,1.359,1.341,1.357,10985.6
1786449600000,1.357,1.363,1.313,1.322,26730.8
1786464000000,1.322,1.352,1.311,1.35,18338.5
1786478400000,1.35,1.36,1.344,1.348,6009.6
1786492800000,1.348,1.351,1.334,1.339,5411.8
1786507200000,1.339,1.351,1.327,1.335,6509.7
1786521600000,1.335,1.354,1.331,1.349,9462.7
1786536000000,1.349,1.355,1.316,1.331,14714.6
1786550400000,1.331,1.337,1.326,1.327,5225.9
1786564800000,1.327,1.335,1.309,1.333,5866.3
1786579200000,1.333,1.345,1.317,1.332,7450.8
1786593600000,1.332,1.362,1.33,1.349,5596.9
1786608000000,1.349,1.361,1.343,1.345,5455.3
1786622400000,1.345,1.36,1.335,1.336,11593.7
1786636800000,1.336,1.368,1.322,1.354,10280.2
1786651200000,1.354,1.356,1.346,1.349,2717.4
1786665600000,1.349,1.356,1.347,1.347,3611.3
1786680000000,1.347,1.356,1.33,1.33,3573.0
1786694400000,1.33,1.34,1.321,1.321,6398.8
1786708800000,1.321,1.336,1.313,1.327,16245.7
1786723200000,1.327,1.334,1.289,1.3,31884.7
1786737600000,1.3,1.304,1.284,1.304,6595.9
1786752000000,1.304,1.31,1.302,1.304,4481.6
1786766400000,1.304,1.315,1.301,1.31,7855.9
1786780800000,1.31,1.333,1.309,1.322,5271.2
1786795200000,1.322,1.325,1.312,1.32,4133.1
1786809600000,1.32,1.321,1.308,1.312,3904.0
1786824000000,1.312,1.318,1.303,1.304,2711.4
1786838400000,1.304,1.304,1.294,1.299,3722.8
1786852800000,1.299,1.3,1.287,1.294,4220.8
1786867200000,1.294,1.294,1.284,1.286,4902.8
1786881600000,1.286,1.302,1.283,1.3,5127.8
1786896000000,1.3,1.324,1.264,1.266,42967.1
1786910400000,1.266,1.271,1.252,1.256,9746.0
1786924800000,1.256,1.278,1.251,1.274,7146.0
1786939200000,1.274,1.301,1.273,1.294,11037.9
1786953600000,1.294,1.296,1.284,1.29,6541.2
1786968000000,1.29,1.318,1.282,1.317,9274.4
1786982400000,1.317,1.326,1.314,1.319,13218.3
1786996800000,1.319,1.333,1.316,1.326,4188.7
1787011200000,1.326,1.334,1.3,1.318,6034.3
1787025600000,1.318,1.355,1.312,1.348,19838.9
1787040000000,1.348,1.363,1.337,1.349,12174.9
1787054400000,1.349,1.361,1.336,1.353,13114.5
1787068800000,1.353,1.357,1.333,1.333,13672.1
1787083200000,1.333,1.336,1.323,1.324,15267.5
1787097600000,1.324,1.325,1.303,1.308,24078.7
1787112000000,1.308,1.316,1.295,1.301,18167.8
1787126400000,1.301,1.306,1.285,1.295,27341.9
1787140800000,1.295,1.389,1.294,1.367,52713.2
1787155200000,1.367,1.387,1.34,1.38,37883.0
1787169600000,1.38,1.453,1.379,1.452,34435.4
1787184000000,1.452,1.521,1.437,1.485,62038.5
1787198400000,1.485,1.494,1.453,1.462,53757.0
1787212800000,1.462,1.505,1.428,1.465,122355.3
1787227200000,1.465,1.496,1.438,1.491,34186.8
1787241600000,1.491,1.517,1.466,1.469,21492.9
1787256000000,1.469,1.525,1.46,1.515,30821.6
1787270400000,1.515,1.566,1.503,1.558,37995.5
1787284800000,1.558,1.592,1.532,1.586,32216.8
1787299200000,1.586,1.618,1.552,1.575,59077.6
1787313600000,1.575,1.619,1.568,1.613,41300.2
1787328000000,1.613,1.648,1.593,1.606,33620.5
1787342400000,1.606,1.68,1.599,1.655,27480.2
1787356800000,1.655,1.744,1.635,1.735,42824.7
1787371200000,1.735,1.768,1.528,1.665,99212.5
1787385600000,1.665,1.681,1.592,1.65,24900.3
1787400000000,1.65,1.676,1.635,1.64,12618.5
1787414400000,1.64,1.74,1.64,1.714,18417.1
1787428800000,1.714,1.72,1.661,1.679,11428.2
1787443200000,1.679,1.711,1.605,1.608,27253.9
1787457600000,1.608,1.636,1.582,1.634,19486.4
1787472000000,1.634,1.771,1.629,1.755,39083.6
1787486400000,1.755,1.982,1.744,1.929,187532.4
1787500800000,1.929,1.952,1.878,1.881,58754.5
1787515200000,1.881,1.917,1.85,1.864,37087.3
1787529600000,1.864,1.864,1.794,1.813,34875.6
1787544000000,1.813,1.859,1.772,1.785,54541.8
1787558400000,1.785,1.834,1.769,1.822,34317.7
1787572800000,1.822,1.846,1.771,1.816,39189.6
1787587200000,1.816,1.834,1.735,1.75,50323.1
1787601600000,1.75,1.78,1.744,1.769,20316.1
1787616000000,1.769,1.815,1.753,1.775,37604.1
1787630400000,1.775,1.835,1.767,1.784,30207.6
1787644800000,1.784,1.805,1.763,1.767,12567.6
1787659200000,1.767,1.77,1.714,1.741,27296.5
1787673600000,1.741,1.747,1.721,1.739,8607.2
1787688000000,1.739,1.74,1.674,1.714,18370.4
1787702400000,1.714,1.76,1.709,1.735,9915.0
1787716800000,1.735,1.757,1.731,1.747,6129.4
1787731200000,1.747,1.762,1.707,1.729,9344.6
1787745600000,1.729,1.738,1.684,1.707,22218.8
1787760000000,1.707,1.721,1.687,1.71,9166.6
1787774400000,1.71,1.756,1.689,1.754,11227.7
1787788800000,1.754,1.754,1.711,1.725,13360.8
1787803200000,1.725,1.755,1.703,1.755,7797.4
1787817600000,1.755,1.799,1.754,1.763,20087.8
1787832000000,1.763,1.797,1.755,1.792,10127.7
1787846400000,1.792,1.81,1.77,1.784,15257.5
1787860800000,1.784,1.809,1.775,1.781,7809.4
1787875200000,1.781,1.827,1.735,1.749,20493.3
1787889600000,1.749,1.754,1.728,1.734,4701.4
1787904000000,1.734,1.752,1.713,1.747,7521.4
1787918400000,1.747,1.779,1.71,1.712,16207.0
1787932800000,1.712,1.712,1.667,1.687,25036.8
1787947200000,1.687,1.705,1.681,1.7,9688.1
1787961600000,1.7,1.71,1.698,1.71,943.8
