time,open,high,low,close,volume
1642435200000,142.14,142.46,138.84,139.83,45542.01
1642449600000,139.82,140.23,137.11,139.85,28609.15
1642464000000,139.85,141.79,138.96,139.16,31161.05
1642478400000,139.23,140.83,138.16,140.14,15963.67
1642492800000,140.14,140.31,136.09,137.72,27828.71
1642507200000,137.61,138.22,134.42,136.57,39094.65
1642521600000,136.6,137.8,135.67,137.01,27877.75
1642536000000,137.04,142.63,136.39,141.24,35897.89
1642550400000,141.39,142.62,137.07,137.95,36644.04
1642564800000,137.99,139.09,134.11,134.39,25481.51
1642579200000,134.39,136.3,132.86,136.15,39574.8
1642593600000,136.12,138.59,135.54,136.96,34606.23
1642608000000,136.86,138.0,135.38,136.76,30664.06
1642622400000,136.67,137.41,135.08,135.23,25950.51
1642636800000,135.26,137.16,134.53,137.03,19251.75
1642651200000,137.09,137.8,136.23,137.37,8214.13
1642665600000,137.41,138.17,135.67,137.83,15255.47
1642680000000,137.84,143.45,136.97,142.98,44108.28
1642694400000,143.13,143.84,139.74,140.01,40660.36
1642708800000,140.01,140.29,126.17,127.56,71655.09
1642723200000,127.48,128.66,121.1,124.25,161181.03
1642737600000,124.28,126.76,123.87,126.47,31955.07
1642752000000,126.5,126.82,121.34,122.18,52590.14
1642766400000,122.2,122.71,115.57,121.92,82640.34
1642780800000,121.95,126.81,120.18,120.3,103086.2
1642795200000,120.37,121.98,106.26,112.28,172955.87
1642809600000,112.16,114.07,108.41,109.58,72671.91
1642824000000,109.57,110.38,98.41,100.46,162797.07
1642838400000,100.43,103.73,87.87,98.65,289285.11
1642852800000,98.63,103.25,92.95,93.02,119975.41
1642867200000,93.1,98.45,88.64,90.62,227239.36
1642881600000,90.64,97.15,89.8,94.54,132678.31
1642896000000,94.56,99.16,93.28,94.34,80437.71
1642910400000,94.36,101.59,93.58,101.17,66687.29
1642924800000,101.18,104.67,99.88,101.91,69614.44
1642939200000,101.86,103.14,96.26,98.79,56128.98
1642953600000,98.8,99.68,94.01,94.75,58254.04
1642968000000,94.72,101.86,94.28,99.8,73615.19
1642982400000,99.8,99.85,91.37,92.12,121199.81
1642996800000,92.14,92.82,86.11,86.66,89150.03
1643011200000,86.68,89.38,81.78,83.93,209207.48
1643025600000,83.93,88.0,80.84,87.34,240061.72
1643040000000,87.41,91.45,83.65,89.65,164251.76
1643054400000,89.56,96.15,89.56,91.92,114562.71
1643068800000,91.88,92.01,87.93,90.03,57321.13
1643083200000,90.13,90.69,87.47,89.93,54622.63
1643097600000,89.94,94.51,89.87,91.59,85342.96
1643112000000,91.64,94.74,90.44,92.83,86810.62
1643126400000,92.84,99.9,92.71,96.12,90585.11
1643140800000,96.12,96.3,91.96,94.63,57065.93
1643155200000,94.68,95.33,91.41,94.75,60503.05
1643169600000,94.74,96.94,93.71,94.51,36519.32
1643184000000,94.46,98.18,94.45,98.06,105014.93
1643198400000,98.12,101.94,96.13,98.84,87841.27
1643212800000,98.79,104.32,96.43,98.24,186586.0
1643227200000,98.19,98.19,89.32,92.06,132628.62
1643241600000,92.12,93.59,85.78,86.76,129309.5
1643256000000,86.77,89.85,86.41,88.82,64595.36
1643270400000,88.73,91.36,88.31,91.23,50717.79
1643284800000,91.23,94.55,90.78,92.35,86692.95
1643299200000,92.38,93.4,89.11,89.87,60604.2
1643313600000,89.85,90.63,85.76,89.57,74277.88
1643328000000,89.6,92.89,88.72,92.46,70355.17
1643342400000,92.58,93.54,89.53,89.65,50127.05
1643356800000,89.65,90.97,87.62,88.54,45453.74
1643371200000,88.64,91.37,87.23,91.15,56666.4
1643385600000,91.09,93.04,90.13,91.66,73216.83
1643400000000,91.63,93.45,90.27,91.39,51254.91
1643414400000,91.3,93.68,90.55,92.08,48666.55
1643428800000,92.16,97.25,91.99,97.19,59073.78
1643443200000,97.16,97.62,95.28,96.32,37237.59
1643457600000,96.31,98.86,93.96,95.01,64444.58
1643472000000,94.97,95.73,93.52,95.21,41793.68
1643486400000,95.24,96.79,94.66,96.18,49876.73
1643500800000,96.19,96.37,93.63,94.5,46035.21
1643515200000,94.55,97.57,94.37,96.71,32180.86
1643529600000,96.72,97.07,95.08,96.37,20655.88
1643544000000,96.35,96.5,93.92,95.07,18701.8
1643558400000,95.12,95.86,91.77,92.07,30731.65
1643572800000,92.07,94.23,91.43,93.35,33138.56
1643587200000,93.27,93.58,89.36,90.79,62392.1
1643601600000,90.73,90.76,89.24,90.31,27295.97
1643616000000,90.31,91.68,89.99,91.4,18603.48
1643630400000,91.42,95.92,90.38,95.35,63801.76
1643644800000,95.36,98.68,94.97,98.36,70471.85
1643659200000,98.36,101.31,97.45,99.46,52933.33
1643673600000,99.46,107.97,99.06,106.95,84550.73
1643688000000,106.93,107.51,104.58,105.46,42206.67
1643702400000,105.47,108.93,103.91,106.44,73120.81
1643716800000,106.37,110.79,106.02,108.68,79934.08
1643731200000,108.68,113.54,107.95,107.99,94067.84
1643745600000,107.97,112.19,107.9,110.06,56353.09
1643760000000,110.07,112.32,108.29,110.7,55410.31
1643774400000,110.69,110.72,107.63,108.53,40418.94
1643788800000,108.52,110.54,108.27,110.03,23216.0
1643803200000,110.07,112.26,105.38,105.93,92414.8
1643817600000,105.9,111.82,103.68,110.07,98309.13
1643832000000,110.06,110.17,97.05,101.81,227723.76
1643846400000,101.86,103.08,96.73,97.36,95123.9
1643860800000,97.36,99.55,97.19,99.4,45334.77
1643875200000,99.42,99.96,94.07,97.32,118731.49
1643889600000,97.33,98.97,94.36,98.24,129367.65
1643904000000,98.31,99.14,95.91,96.79,54622.02
1643918400000,96.76,102.14,95.92,101.9,86524.47
1643932800000,101.85,103.8,100.36,102.41,49313.06
1643947200000,102.37,106.81,101.72,104.9,85981.65
1643961600000,104.95,106.86,104.56,104.85,51269.89
1643976000000,104.85,109.7,101.75,107.21,165053.56
1643990400000,107.18,111.37,107.02,110.64,111697.33
1644004800000,110.6,112.75,109.38,112.55,46947.22
1644019200000,112.56,114.28,110.26,113.98,56345.76
1644033600000,113.97,118.57,113.6,115.67,66566.62
1644048000000,115.59,116.84,114.53,114.98,38704.83
1644062400000,115.0,117.11,114.24,116.11,36266.35
1644076800000,116.06,116.34,110.88,113.5,69750.85
1644091200000,113.44,115.73,112.84,113.72,24578.44
1644105600000,113.72,115.73,113.71,114.5,16858.08
1644120000000,114.47,114.92,112.23,114.26,31135.65
1644134400000,114.26,116.03,113.59,114.39,22400.58
1644148800000,114.41,115.87,111.62,113.06,49968.38
1644163200000,113.07,114.49,112.09,112.86,20011.61
1644177600000,112.89,115.46,112.11,115.3,29319.6
1644192000000,115.31,119.6,112.81,119.23,59175.15
1644206400000,119.17,119.95,117.05,117.32,43163.64
1644220800000,117.34,117.86,115.5,117.44,29947.44
1644235200000,117.51,121.69,116.64,121.36,59340.8
1644249600000,121.33,121.85,119.29,120.1,51225.49
1644264000000,120.06,120.97,116.61,117.4,36946.52
1644278400000,117.51,118.93,115.56,117.45,41462.74
1644292800000,117.45,120.25,116.9,117.81,56963.91
1644307200000,117.75,117.86,112.19,114.29,56819.08
1644321600000,114.25,114.31,110.45,112.05,55497.49
1644336000000,112.15,112.66,110.33,110.83,45623.97
1644350400000,110.85,114.72,109.63,113.34,41228.17
1644364800000,113.42,115.05,110.9,111.17,40270.93
1644379200000,111.21,111.91,109.4,111.51,25346.19
1644393600000,111.52,113.67,110.46,113.34,29208.14
1644408000000,113.32,117.07,112.89,113.24,45204.39
1644422400000,113.24,115.62,112.59,115.03,34311.01
1644436800000,115.08,116.36,113.69,114.01,25725.99
1644451200000,114.01,114.08,110.6,110.97,30381.01
1644465600000,111.04,112.47,110.8,112.33,17022.8
1644480000000,112.4,114.89,112.1,113.83,34251.39
1644494400000,113.79,114.12,105.78,111.91,139618.62
1644508800000,111.91,112.87,108.16,108.78,70188.49
1644523200000,108.88,109.43,105.76,106.17,27258.22
1644537600000,106.14,106.57,103.65,104.71,47080.07
1644552000000,104.64,105.79,103.3,105.7,19229.4
1644566400000,105.69,106.44,104.48,105.57,14598.51
1644580800000,105.53,108.08,105.05,106.78,25548.73
1644595200000,106.84,107.06,99.32,99.71,60713.85
1644609600000,99.71,100.04,95.18,96.47,51043.12
1644624000000,96.47,98.44,95.42,96.88,17959.14
1644638400000,96.82,97.6,92.89,93.76,43112.59
1644652800000,93.79,96.16,93.76,96.05,25676.57
1644667200000,96.1,96.14,93.6,94.98,25595.62
1644681600000,94.98,99.74,94.68,97.13,37760.63
1644696000000,97.18,98.27,94.4,95.94,29121.8
1644710400000,95.84,97.34,95.15,95.93,16599.38
1644724800000,95.95,96.69,95.26,96.37,13917.21
1644739200000,96.33,96.96,95.53,96.18,20656.5
1644753600000,96.18,96.88,95.43,95.6,21699.44
1644768000000,95.66,95.7,91.39,92.23,37077.7
1644782400000,92.31,94.08,91.97,92.82,13842.05
1644796800000,92.86,93.71,90.8,93.51,40392.24
1644811200000,93.5,94.85,92.75,94.78,22627.92
1644825600000,94.81,94.91,91.91,93.1,24510.3
1644840000000,93.18,97.8,92.39,96.53,40190.31
1644854400000,96.65,97.88,93.37,94.32,36852.44
1644868800000,94.32,97.15,93.66,96.32,22493.07
1644883200000,96.39,102.37,96.36,101.26,43351.58
1644897600000,101.32,102.26,100.41,102.03,25205.45
1644912000000,102.04,103.68,101.4,102.45,53759.85
1644926400000,102.45,103.26,100.8,102.75,36007.94
1644940800000,102.78,103.25,100.83,101.58,30369.17
1644955200000,101.57,105.7,101.01,105.48,28799.01
1644969600000,105.47,105.58,102.54,102.84,21423.06
1644984000000,102.84,104.4,100.82,104.16,18382.81
1644998400000,104.24,104.37,101.51,102.51,17566.52
1645012800000,102.51,102.74,98.4,99.06,32151.71
1645027200000,99.08,103.52,98.31,103.27,42474.1
1645041600000,103.27,103.47,101.6,101.87,15625.66
1645056000000,101.81,102.76,99.14,99.22,20399.32
1645070400000,99.21,100.93,98.11,100.93,20380.2
1645084800000,100.93,101.07,97.96,99.06,33891.49
1645099200000,99.06,99.66,96.63,97.32,38045.34
1645113600000,97.36,97.76,93.04,94.86,54547.79
1645128000000,94.92,94.92,92.31,93.53,29306.66
1645142400000,93.6,95.48,92.8,94.35,21466.54
1645156800000,94.42,95.46,93.84,95.16,9550.08
1645171200000,95.19,96.34,93.67,93.93,27071.22
1645185600000,93.96,94.79,90.2,90.91,44376.15
1645200000000,90.89,91.94,89.37,90.99,42582.86
1645214400000,91.03,91.39,89.38,89.93,18943.88
1645228800000,89.9,92.17,89.8,91.2,9349.64
1645243200000,91.2,92.64,91.07,92.11,11882.94
1645257600000,92.15,92.32,88.65,89.44,31126.81
1645272000000,89.45,91.06,88.72,91.01,19627.3
1645286400000,91.01,92.12,89.7,89.86,19255.85
1645300800000,89.87,91.71,89.57,91.28,10233.34
1645315200000,91.28,91.44,87.97,88.4,25418.99
1645329600000,88.45,88.63,85.64,87.36,38982.44
1645344000000,87.41,90.1,85.79,89.2,48320.71
1645358400000,89.26,90.86,87.48,89.48,43500.38
1645372800000,89.45,93.41,89.27,91.99,45054.64
1645387200000,91.99,93.85,90.3,90.67,65753.63
1645401600000,90.65,95.25,90.53,93.89,60064.52
1645416000000,93.85,95.74,93.81,95.51,25244.36
1645430400000,95.45,96.09,88.25,89.15,61016.59
1645444800000,89.05,92.14,86.96,89.63,106462.43
1645459200000,89.6,90.26,86.3,87.47,77472.44
1645473600000,87.51,88.22,82.73,82.95,65360.92
1645488000000,82.99,84.57,81.09,81.6,60267.15
1645502400000,81.63,83.79,81.41,82.13,42246.46
1645516800000,82.19,85.95,81.91,85.18,36205.07
1645531200000,85.13,87.49,84.26,85.84,46966.57
1645545600000,85.86,86.5,83.85,86.24,42474.94
1645560000000,86.23,87.06,84.79,86.43,23614.59
1645574400000,86.43,88.72,86.11,87.2,42842.26
1645588800000,87.2,89.94,86.95,89.1,44397.45
1645603200000,89.17,93.18,88.78,92.0,56638.35
1645617600000,92.09,93.31,89.14,89.72,71255.4
1645632000000,89.74,92.13,87.6,88.12,51014.82
1645646400000,88.06,88.23,84.41,84.56,60393.89
1645660800000,84.61,85.77,76.19,77.6,111123.18
1645675200000,77.53,84.06,75.36,82.09,185125.96
1645689600000,82.08,84.48,79.39,81.36,114925.93
1645704000000,81.41,86.13,79.49,85.0,91951.7
1645718400000,84.93,91.31,83.39,90.84,99622.6
1645732800000,90.85,93.52,86.77,89.31,93259.88
1645747200000,89.31,90.78,87.64,89.62,47773.07
1645761600000,89.69,89.83,86.83,88.73,39459.65
1645776000000,88.67,89.39,86.98,89.22,53909.94
1645790400000,89.22,92.13,87.9,90.98,81119.96
1645804800000,91.01,91.95,88.87,89.56,50023.16
1645819200000,89.55,95.0,89.05,92.73,66488.68
1645833600000,92.74,95.04,92.19,92.79,47809.15
1645848000000,92.77,93.58,90.55,92.01,22772.21
1645862400000,92.01,92.93,90.12,90.66,36078.1
1645876800000,90.62,92.0,90.17,91.26,17196.0
1645891200000,91.24,91.62,89.28,90.72,24338.57
1645905600000,90.73,92.56,89.59,90.19,24046.88
1645920000000,90.2,90.65,86.32,87.05,31694.1
1645934400000,87.01,89.21,86.62,88.83,10596.31
1645948800000,88.78,90.85,88.1,90.74,17774.37
1645963200000,90.81,92.17,88.43,91.2,50919.01
1645977600000,91.21,91.26,84.54,84.85,47843.13
1645992000000,84.78,86.51,84.15,85.6,42347.42
1646006400000,85.6,88.0,84.22,86.72,28471.43
1646020800000,86.68,88.65,84.75,88.13,25663.31
1646035200000,88.18,91.11,88.12,90.73,48537.68
1646049600000,90.72,96.67,88.92,95.57,93707.15
1646064000000,95.59,96.96,94.32,96.12,58048.76
1646078400000,96.22,102.59,95.88,99.66,66712.32
1646092800000,99.63,101.04,96.19,97.31,47657.85
1646107200000,97.4,97.91,95.17,96.93,24694.35
1646121600000,96.92,98.46,94.32,97.75,47680.88
1646136000000,97.78,101.95,96.72,97.95,102123.34
1646150400000,97.82,99.04,96.1,97.74,27554.52
1646164800000,97.72,99.31,96.85,98.62,24022.55
1646179200000,98.69,105.13,96.82,104.28,57665.46
1646193600000,104.3,105.26,101.26,102.31,49717.8
1646208000000,102.36,106.4,101.21,104.62,51873.73
1646222400000,104.58,105.2,100.23,101.63,82346.1
1646236800000,101.64,103.35,99.89,100.89,37559.02
1646251200000,100.93,101.95,99.93,100.69,18204.53
1646265600000,100.75,101.69,97.78,98.36,34803.17
1646280000000,98.34,100.71,97.92,99.78,23325.59
1646294400000,99.81,101.18,98.77,99.77,47895.85
1646308800000,99.73,100.92,95.09,95.83,87184.41
1646323200000,95.94,96.22,94.07,94.91,81196.83
1646337600000,94.83,96.41,94.11,95.64,58097.75
1646352000000,95.63,95.9,90.55,91.54,97349.38
1646366400000,91.49,92.24,90.88,91.96,25247.67
1646380800000,91.97,93.8,90.55,93.13,34814.74
1646395200000,93.18,93.76,90.72,91.34,67367.68
1646409600000,91.33,92.83,88.39,88.68,45255.36
1646424000000,88.66,89.36,87.0,88.36,33809.55
1646438400000,88.33,88.36,86.0,87.68,29276.18
1646452800000,87.68,89.21,86.87,88.88,19003.44
1646467200000,88.88,89.12,87.85,88.75,19346.23
1646481600000,88.72,89.76,87.84,89.17,19639.74
1646496000000,89.1,91.18,89.1,90.18,35425.51
1646510400000,90.16,90.48,89.1,89.64,15772.93
1646524800000,89.65,89.91,87.5,87.65,17740.51
1646539200000,87.68,88.88,86.67,88.36,18545.26
1646553600000,88.37,88.4,85.84,86.97,27642.31
1646568000000,86.97,88.2,86.52,87.29,18080.54
1646582400000,87.3,88.23,84.92,85.35,25539.62
1646596800000,85.4,86.55,84.11,84.53,31224.51
1646611200000,84.59,84.73,81.48,82.31,49427.01
1646625600000,82.3,83.34,81.23,81.84,23450.5
1646640000000,81.85,83.28,81.33,83.16,25709.84
1646654400000,83.15,86.68,83.15,85.06,52238.89
1646668800000,85.0,86.01,80.05,80.35,55376.85
1646683200000,80.38,82.94,79.93,81.7,35435.63
1646697600000,81.7,84.55,81.33,83.45,28032.4
1646712000000,83.46,84.15,82.54,83.04,25205.99
1646726400000,83.04,84.91,82.67,83.89,33832.45
1646740800000,83.94,84.52,81.8,82.77,38831.56
1646755200000,82.82,85.03,81.4,82.92,69025.11
1646769600000,82.9,83.16,81.42,82.26,24239.12
1646784000000,82.33,88.49,81.95,88.1,62446.13
1646798400000,88.1,89.64,87.01,89.24,53627.55
1646812800000,89.2,89.9,87.91,88.22,34689.7
1646827200000,88.17,89.25,86.58,88.92,54534.45
1646841600000,88.93,89.41,86.06,86.98,42170.0
1646856000000,86.99,88.81,86.12,88.07,24110.71
1646870400000,88.05,88.57,85.33,85.33,37950.03
1646884800000,85.33,85.5,81.99,82.65,49439.75
1646899200000,82.66,83.16,81.9,82.1,29339.53
1646913600000,82.09,83.93,80.77,81.92,69803.53
1646928000000,81.92,82.71,81.71,82.49,33981.67
1646942400000,82.45,84.0,82.05,82.84,22300.03
1646956800000,82.9,83.14,80.79,81.96,33691.82
1646971200000,81.98,82.59,80.26,82.25,35092.17
1646985600000,82.27,83.84,81.24,83.3,37847.69
1647000000000,83.3,84.25,81.37,81.68,45672.52
1647014400000,81.75,81.76,80.43,80.59,37209.92
1647028800000,80.54,81.57,80.06,80.71,15254.4
1647043200000,80.66,82.71,80.6,81.83,17278.19
1647057600000,81.82,82.45,81.33,81.69,15917.83
1647072000000,81.66,81.75,80.61,81.1,19462.63
1647086400000,81.12,82.3,80.95,81.71,21070.84
1647100800000,81.72,82.34,81.56,81.61,21321.75
1647115200000,81.66,82.17,81.3,81.37,10245.41
1647129600000,81.41,82.56,81.05,82.54,19684.23
1647144000000,82.56,83.15,81.7,81.76,27138.66
1647158400000,81.74,81.84,80.85,81.08,24464.84
1647172800000,81.07,81.67,80.06,81.15,51832.28
1647187200000,81.15,81.43,80.33,80.46,13816.58
1647201600000,80.41,80.46,77.73,78.72,60523.75
1647216000000,78.76,79.92,78.03,79.53,28449.38
1647230400000,79.53,81.65,79.5,80.92,33870.24
1647244800000,80.95,82.25,80.85,80.92,21285.44
1647259200000,80.91,81.43,80.14,80.94,34136.29
1647273600000,80.92,81.0,78.53,79.92,41114.76
1647288000000,79.91,81.42,79.18,81.2,33156.91
1647302400000,81.23,81.5,79.34,79.64,26021.25
1647316800000,79.6,80.37,78.78,79.34,18726.72
1647331200000,79.3,80.35,78.99,80.1,25150.29
1647345600000,80.1,81.22,79.64,81.02,22517.1
1647360000000,81.01,85.95,80.71,84.56,59146.06
1647374400000,84.57,85.15,82.77,82.87,36359.83
1647388800000,82.83,86.32,82.2,82.39,72794.23
1647403200000,82.35,82.88,81.55,82.79,25870.98
1647417600000,82.81,84.56,82.73,84.25,34869.08
1647432000000,84.31,84.85,82.77,83.93,31460.25
1647446400000,83.92,86.02,82.23,85.79,67596.03
1647460800000,85.79,87.97,85.57,87.78,40666.97
1647475200000,87.82,89.17,86.96,88.02,47267.62
1647489600000,88.01,88.94,86.76,87.19,34631.35
1647504000000,87.2,87.77,86.6,87.67,25769.54
1647518400000,87.68,90.69,87.56,89.36,63816.29
1647532800000,89.37,90.79,88.67,90.7,48128.35
1647547200000,90.79,90.98,87.69,87.83,43191.23
1647561600000,87.84,88.1,85.66,85.92,46875.48
1647576000000,85.9,87.09,85.57,85.79,24280.24
1647590400000,85.8,86.61,84.46,84.93,37735.62
1647604800000,84.96,88.25,84.68,88.25,41446.08
1647619200000,88.25,92.22,88.25,91.08,61806.99
1647633600000,91.04,91.69,88.91,89.76,44174.65
1647648000000,89.79,92.33,89.35,90.22,30396.45
1647662400000,90.26,90.8,89.28,89.33,22053.6
1647676800000,89.38,90.98,89.27,90.72,15098.43
1647691200000,90.72,94.22,90.44,94.02,52349.32
1647705600000,94.01,94.53,92.36,92.65,40901.18
1647720000000,92.59,93.39,91.2,92.35,34489.71
1647734400000,92.35,92.53,90.37,90.79,31745.0
1647748800000,90.8,91.53,90.36,91.0,13839.43
1647763200000,90.98,91.64,89.63,89.9,25989.74
1647777600000,89.9,90.63,88.98,89.24,30120.92
1647792000000,89.18,89.87,87.92,89.48,30730.15
1647806400000,89.48,90.28,88.33,88.59,25570.7
1647820800000,88.6,89.18,86.79,87.68,34672.22
1647835200000,87.73,89.74,87.57,89.69,21881.51
1647849600000,89.67,91.09,89.41,89.84,34633.26
1647864000000,89.87,91.23,88.62,89.61,55052.27
1647878400000,89.61,89.66,87.52,88.72,28916.95
1647892800000,88.72,89.2,88.26,88.62,17188.23
1647907200000,88.61,91.71,88.0,91.03,42190.58
1647921600000,91.0,92.38,89.53,90.28,44006.48
1647936000000,90.29,92.18,90.05,92.01,27273.53
1647950400000,91.98,93.91,91.02,92.59,48020.81
1647964800000,92.59,93.57,91.41,91.41,33023.17
1647979200000,91.41,92.41,90.29,90.47,28391.42
1647993600000,90.45,91.29,89.25,90.13,26317.62
1648008000000,90.13,91.77,89.7,91.18,25375.31
1648022400000,91.13,91.75,90.62,91.29,25632.24
1648036800000,91.35,96.3,90.94,95.63,58542.67
1648051200000,95.68,96.08,92.59,92.83,47733.98
1648065600000,92.8,95.18,92.67,94.91,21057.43
1648080000000,94.91,95.94,93.47,94.67,36401.43
1648094400000,94.63,97.56,94.62,97.12,31298.48
1648108800000,97.12,101.79,96.7,99.99,62190.51
1648123200000,100.01,102.11,98.27,101.6,72779.59
1648137600000,101.6,103.65,100.64,102.92,43583.57
1648152000000,102.93,103.47,101.52,102.3,25717.41
1648166400000,102.29,104.69,100.85,103.51,51080.87
1648180800000,103.52,104.84,102.69,102.87,29155.9
1648195200000,102.86,104.41,101.54,104.2,34441.31
1648209600000,104.22,104.47,99.71,100.23,44296.82
1648224000000,100.22,100.78,97.07,98.45,53276.31
1648238400000,98.46,99.25,97.82,98.6,22696.05
1648252800000,98.55,99.22,97.66,99.01,19888.96
1648267200000,98.96,101.46,98.58,101.26,24513.03
1648281600000,101.26,101.48,99.98,100.36,20890.69
1648296000000,100.36,101.92,99.74,101.15,21622.86
1648310400000,101.16,103.27,101.08,102.66,29729.81
1648324800000,102.73,103.33,101.24,101.77,20326.22
1648339200000,101.77,102.99,101.37,101.8,19434.12
1648353600000,101.79,102.42,101.1,102.19,14149.83
1648368000000,102.26,102.43,100.24,100.45,17805.36
1648382400000,100.44,101.55,98.79,101.46,27339.28
1648396800000,101.49,103.37,100.96,103.17,29522.5
1648411200000,103.18,107.44,101.86,107.01,66556.85
1648425600000,107.05,107.63,105.23,106.85,37405.97
1648440000000,106.83,111.87,105.93,108.87,52246.6
1648454400000,108.98,111.64,107.68,110.04,39968.29
1648468800000,110.09,113.82,109.27,109.87,70742.32
1648483200000,109.9,112.95,108.89,111.36,49926.48
1648497600000,111.38,113.0,105.49,105.85,57932.78
1648512000000,105.85,110.45,105.55,109.16,39973.38
1648526400000,109.12,111.69,108.61,109.89,36420.08
1648540800000,109.89,113.65,109.86,113.32,52579.19
1648555200000,113.34,115.68,111.28,111.6,81436.91
1648569600000,111.58,114.12,108.96,113.92,74808.05
1648584000000,113.84,113.93,109.3,111.66,36962.1
1648598400000,111.66,111.66,107.15,110.71,42581.65
1648612800000,110.7,112.85,109.62,112.39,39759.59
1648627200000,112.38,112.89,110.74,112.21,27142.92
1648641600000,112.29,125.13,111.56,122.67,158351.41
1648656000000,122.67,125.02,119.77,121.21,68054.56
1648670400000,121.19,121.42,119.13,120.76,36240.55
1648684800000,120.76,123.81,119.97,121.21,33702.99
1648699200000,121.21,123.53,120.44,123.24,23385.48
1648713600000,123.24,127.94,122.47,127.21,49533.95
1648728000000,127.2,129.44,121.46,125.31,130844.51
1648742400000,125.25,127.45,121.79,122.98,101545.51
1648756800000,123.12,125.56,122.27,122.85,46432.15
1648771200000,122.85,124.95,117.55,121.89,76913.22
1648785600000,121.89,126.41,119.9,126.39,51756.98
1648800000000,126.39,127.07,124.02,124.41,38658.85
1648814400000,124.39,133.64,122.18,132.71,136362.64
1648828800000,132.71,137.52,132.21,137.33,65638.16
1648843200000,137.34,138.35,133.5,134.44,55410.24
1648857600000,134.55,137.23,133.09,134.79,59310.27
1648872000000,134.85,136.3,134.17,135.82,27094.86
1648886400000,135.76,138.46,135.03,137.68,35716.36
1648900800000,137.62,143.48,136.29,137.98,103182.87
1648915200000,137.87,140.47,134.45,135.95,78042.01
1648929600000,135.9,137.47,131.59,132.5,51620.14
1648944000000,132.5,136.16,130.68,135.47,62918.91
1648958400000,135.42,138.89,135.42,137.49,42605.61
1648972800000,137.58,141.02,136.34,139.11,53157.56
1648987200000,139.11,139.98,135.59,136.05,43835.76
1649001600000,136.1,136.89,134.18,135.3,36443.04
1649016000000,135.33,139.43,135.09,136.87,46150.06
1649030400000,136.88,137.34,134.19,135.36,36542.16
1649044800000,135.33,138.27,134.9,137.04,57999.23
1649059200000,137.06,137.81,133.27,134.78,53446.85
1649073600000,134.74,135.41,128.43,129.25,72019.06
1649088000000,129.29,131.5,125.9,130.08,62114.82
1649102400000,130.15,133.03,129.08,132.16,44767.74
1649116800000,132.2,133.94,129.76,133.31,35347.92
1649131200000,133.42,134.2,131.47,133.38,30621.25
1649145600000,133.38,134.82,131.52,134.55,34042.03
1649160000000,134.63,136.59,129.28,131.47,92728.96
1649174400000,131.51,133.58,129.32,131.2,66932.76
1649188800000,131.04,131.46,126.15,126.8,48522.96
1649203200000,126.82,126.92,120.2,123.7,86136.39
1649217600000,123.72,127.36,123.08,125.57,36688.46
1649232000000,125.57,125.78,119.38,121.62,62420.88
1649246400000,121.58,123.2,114.88,117.57,126236.73
1649260800000,117.62,119.91,114.72,118.82,137992.62
1649275200000,118.83,119.55,112.21,112.98,69808.95
1649289600000,112.94,114.87,110.91,113.71,97064.68
1649304000000,113.77,116.4,113.1,115.92,41158.76
1649318400000,115.96,117.62,113.87,117.41,59868.24
1649332800000,117.43,118.48,111.8,113.32,98786.14
1649347200000,113.3,118.53,112.8,117.75,77006.34
1649361600000,117.73,119.93,116.83,118.54,37207.37
1649376000000,118.53,122.37,118.07,122.06,67694.07
1649390400000,122.16,122.32,116.81,119.1,59788.52
1649404800000,119.09,120.19,114.95,115.28,82618.06
1649419200000,115.28,118.45,112.98,116.49,122770.55
1649433600000,116.55,116.84,112.79,113.57,87660.8
1649448000000,113.48,113.94,108.18,109.86,77524.65
1649462400000,109.87,111.76,108.34,109.48,55879.52
1649476800000,109.5,111.15,109.05,110.65,57537.28
1649491200000,110.64,111.14,109.1,110.45,42367.29
1649505600000,110.55,111.76,109.39,109.51,48897.28
1649520000000,109.58,111.54,109.33,109.88,43986.78
1649534400000,109.87,113.65,109.6,112.87,38426.21
1649548800000,112.92,113.91,111.37,113.46,40495.43
1649563200000,113.46,113.58,111.46,111.66,37393.37
1649577600000,111.62,112.2,109.82,111.12,37197.57
1649592000000,111.02,112.56,110.53,112.37,39099.28
1649606400000,112.43,115.96,111.95,114.59,43472.69
1649620800000,114.65,115.29,110.6,111.06,53678.68
1649635200000,110.98,111.9,108.39,109.95,60932.39
1649649600000,109.88,111.3,109.6,111.16,47859.5
1649664000000,111.04,111.79,103.42,103.95,127759.53
1649678400000,103.99,104.76,101.3,101.52,110785.46
1649692800000,101.52,103.81,100.5,101.43,81478.01
1649707200000,101.36,102.59,98.2,99.66,84415.21
1649721600000,99.62,101.06,98.39,99.7,55842.9
1649736000000,99.66,103.22,99.32,103.02,42768.81
1649750400000,103.01,105.67,102.27,105.52,59170.69
1649764800000,105.5,109.27,104.82,105.96,127968.93
1649779200000,105.96,107.03,100.39,101.06,73432.58
1649793600000,101.04,103.61,100.83,103.28,52545.42
1649808000000,103.18,105.01,101.92,103.72,46228.15
1649822400000,103.72,104.82,103.02,103.98,42864.75
1649836800000,104.07,104.26,101.07,101.07,57276.21
1649851200000,101.07,105.96,100.13,105.1,127768.86
1649865600000,105.1,105.93,103.74,103.96,64933.47
1649880000000,103.96,105.44,103.71,104.96,35959.59
1649894400000,104.97,107.29,104.59,105.66,50236.78
1649908800000,105.66,107.65,105.62,106.45,42319.48
1649923200000,106.45,107.23,103.35,103.66,59456.3
1649937600000,103.67,105.74,101.14,101.27,93122.01
1649952000000,101.32,101.94,98.85,99.64,87785.51
1649966400000,99.62,101.25,99.15,100.75,31646.13
1649980800000,100.75,102.09,99.62,102.06,26704.05
1649995200000,102.06,102.45,100.6,101.82,33706.08
1650009600000,101.86,102.08,100.9,101.7,31324.35
1650024000000,101.71,102.87,99.85,102.33,47843.65
1650038400000,102.27,102.77,100.28,100.44,45702.38
1650052800000,100.44,101.38,100.39,101.28,21086.83
1650067200000,101.36,102.02,100.95,101.05,21079.55
1650081600000,101.06,101.88,101.0,101.41,15936.16
1650096000000,101.46,102.73,101.13,101.89,37098.2
1650110400000,101.84,103.47,100.78,100.99,41665.31
1650124800000,100.97,102.68,100.8,102.04,29055.24
1650139200000,102.03,102.87,101.8,102.11,28433.8
1650153600000,102.09,102.31,101.07,101.53,21510.69
1650168000000,101.52,102.24,101.38,101.92,17172.23
1650182400000,101.91,102.48,101.81,102.44,20678.01
1650196800000,102.47,105.21,102.35,105.05,53378.14
1650211200000,105.08,105.41,102.82,104.03,55675.46
1650225600000,104.01,104.22,99.7,100.17,66925.03
1650240000000,100.2,101.7,99.95,101.17,34936.86
1650254400000,101.12,101.3,95.1,96.38,115212.18
1650268800000,96.38,97.22,94.76,96.78,60723.74
1650283200000,96.79,99.13,96.79,98.68,90758.47
1650297600000,98.61,102.27,97.16,101.17,113948.85
1650312000000,101.19,102.61,101.06,102.32,46477.28
1650326400000,102.34,103.8,101.27,101.38,49382.16
1650340800000,101.42,102.58,101.11,101.9,36217.85
1650355200000,101.92,103.49,101.51,102.38,62151.94
1650369600000,102.37,108.51,102.31,106.49,99122.18
1650384000000,106.52,107.14,105.38,106.91,60571.53
1650398400000,106.88,108.76,105.82,108.58,58686.2
1650412800000,108.52,109.46,107.09,108.24,57889.57
1650427200000,108.2,108.55,106.71,107.05,45907.95
1650441600000,107.06,110.87,106.66,110.44,90899.99
1650456000000,110.44,110.72,104.85,105.72,125787.38
1650470400000,105.72,106.62,104.32,105.94,80101.39
1650484800000,105.99,107.54,105.05,105.54,41512.18
1650499200000,105.58,107.15,105.36,107.01,25774.86
1650513600000,107.03,107.6,105.36,106.87,39983.54
1650528000000,106.93,109.0,105.81,108.43,66813.15
1650542400000,108.43,109.92,107.71,107.77,114826.38
1650556800000,107.73,107.78,104.32,104.37,89318.17
1650571200000,104.36,104.37,100.02,101.76,91177.93
1650585600000,101.73,103.08,101.46,102.48,41748.93
1650600000000,102.49,103.53,101.37,102.59,43516.21
1650614400000,102.67,102.94,100.16,102.16,52057.34
1650628800000,102.16,102.73,99.43,99.75,85358.76
1650643200000,99.75,101.93,99.29,100.89,56485.37
1650657600000,101.02,101.71,100.03,100.51,30104.26
1650672000000,100.5,101.01,99.35,99.86,28984.15
1650686400000,99.89,101.25,98.37,101.2,40045.64
1650700800000,101.16,102.02,100.74,101.5,37848.86
1650715200000,101.56,102.53,100.85,102.09,54977.77
1650729600000,102.1,102.83,101.49,102.04,35344.25
1650744000000,102.09,102.45,100.29,100.54,29359.45
1650758400000,100.65,101.56,100.27,101.32,24262.1
1650772800000,101.33,101.98,101.2,101.77,18914.3
1650787200000,101.79,102.23,100.9,101.13,28194.01
1650801600000,101.16,101.5,99.91,100.12,45062.13
1650816000000,100.15,101.21,98.64,100.53,53753.41
1650830400000,100.53,100.67,99.02,99.16,30082.17
1650844800000,99.19,99.4,96.24,97.98,75760.0
1650859200000,98.06,98.3,94.48,95.12,45497.73
1650873600000,95.09,96.91,94.53,96.76,44857.34
1650888000000,96.79,98.18,95.93,96.99,50824.81
1650902400000,96.95,100.77,96.83,100.7,60693.59
1650916800000,100.7,101.57,99.87,101.02,23711.15
1650931200000,101.04,101.93,100.28,100.92,18881.64
1650945600000,100.95,101.5,100.2,100.87,26354.83
1650960000000,100.91,101.57,99.83,100.53,35181.56
1650974400000,100.52,101.06,96.43,96.58,64768.93
1650988800000,96.49,97.73,95.67,96.61,65280.07
1651003200000,96.62,97.48,94.68,95.8,44534.29
1651017600000,95.73,97.18,94.94,96.81,26722.96
1651032000000,96.81,99.44,96.65,99.34,21705.27
1651046400000,99.42,100.1,98.12,99.19,38795.25
1651060800000,99.21,100.69,96.91,98.12,68202.38
1651075200000,98.19,98.98,96.87,97.46,41137.12
1651089600000,97.45,98.89,97.25,98.37,22301.77
1651104000000,98.38,99.88,97.99,99.15,21977.3
1651118400000,99.19,100.0,98.59,99.51,21095.68
1651132800000,99.5,100.5,99.04,99.86,28206.01
1651147200000,99.86,100.11,96.39,97.56,88606.45
1651161600000,97.53,100.17,96.91,98.72,63351.19
1651176000000,98.74,99.09,97.39,98.22,36740.9
1651190400000,98.22,98.65,97.03,97.31,22615.3
1651204800000,97.25,98.01,96.82,97.83,22332.91
1651219200000,97.88,98.01,95.16,95.63,77983.64
1651233600000,95.65,96.99,95.25,96.2,69508.25
1651248000000,96.18,96.36,92.42,92.95,69021.73
1651262400000,92.96,94.47,92.67,94.0,31921.8
1651276800000,93.99,94.95,93.73,94.15,21076.56
1651291200000,94.16,94.94,93.73,94.09,19832.8
1651305600000,94.06,94.52,93.62,93.91,26750.01
1651320000000,93.92,94.2,91.53,92.31,40093.5
1651334400000,92.28,92.59,90.37,91.63,42858.82
1651348800000,91.58,91.58,81.97,84.67,95317.01
1651363200000,84.68,88.42,84.22,88.07,63038.04
1651377600000,88.04,89.84,87.14,88.88,27918.24
1651392000000,88.93,89.92,87.81,88.25,22615.22
1651406400000,88.32,90.36,87.08,90.0,38294.29
1651420800000,90.08,93.03,87.13,88.01,45419.77
1651435200000,88.01,90.47,87.83,89.68,31209.41
1651449600000,89.68,90.79,88.7,89.38,17279.12
1651464000000,89.41,90.76,89.09,89.76,17783.43
1651478400000,89.76,90.02,86.34,86.76,22920.06
1651492800000,86.76,88.89,86.3,87.66,42962.85
1651507200000,87.67,87.91,85.14,87.24,22792.72
1651521600000,87.28,88.43,86.36,87.49,9358.76
1651536000000,87.51,88.62,86.75,88.62,10591.84
1651550400000,88.62,88.77,87.9,88.33,13380.84
1651564800000,88.33,88.71,87.27,88.52,20556.85
1651579200000,88.48,88.55,86.78,87.19,23212.54
1651593600000,87.21,87.41,84.87,85.47,34478.35
1651608000000,85.43,86.54,84.72,85.9,18513.83
1651622400000,85.87,86.72,85.53,86.16,12776.01
1651636800000,86.15,87.46,85.57,87.39,17307.51
1651651200000,87.41,88.72,87.08,88.4,33981.09
1651665600000,88.46,88.73,86.38,87.14,30445.08
1651680000000,87.24,92.12,86.58,91.6,89716.13
1651694400000,91.58,93.0,91.39,92.82,27744.63
1651708800000,92.77,95.2,92.75,94.28,26607.59
1651723200000,94.32,94.54,92.85,93.22,15752.02
1651737600000,93.18,93.35,92.11,92.36,22426.93
1651752000000,92.33,92.96,84.29,85.0,88408.26
1651766400000,85.0,86.2,81.39,83.85,87099.81
1651780800000,83.74,85.34,83.1,84.56,30307.46
1651795200000,84.53,84.79,82.59,82.84,18012.17
1651809600000,82.84,83.42,81.05,82.49,38572.53
1651824000000,82.47,83.6,80.44,81.2,53841.1
1651838400000,81.29,83.15,80.0,81.81,104500.89
1651852800000,81.78,82.45,81.06,81.94,43179.02
1651867200000,81.96,82.39,81.38,81.64,17122.32
1651881600000,81.67,81.95,80.41,80.51,12261.93
1651896000000,80.54,80.92,79.15,80.44,33841.69
1651910400000,80.44,82.0,80.28,81.78,49456.83
1651924800000,81.79,82.27,80.92,82.06,53900.83
1651939200000,82.1,82.21,81.25,81.42,45533.79
1651953600000,81.43,81.44,77.21,78.88,89744.33
1651968000000,78.85,79.36,76.0,76.94,78792.49
1651982400000,76.98,78.58,76.96,77.9,41028.85
1651996800000,77.94,79.33,77.81,79.07,34254.33
1652011200000,79.07,79.31,76.8,77.13,73121.9
1652025600000,77.2,78.08,73.75,76.44,100989.28
1652040000000,76.36,76.52,74.71,75.35,43493.59
1652054400000,75.35,77.17,73.79,75.29,71895.1
1652068800000,75.31,76.04,73.39,73.98,62160.24
1652083200000,73.95,75.22,70.82,72.2,110895.59
1652097600000,72.19,73.05,69.28,69.87,167772.73
1652112000000,69.87,70.31,62.95,65.14,271782.59
1652126400000,65.16,68.38,61.85,62.25,166754.85
1652140800000,62.22,66.57,60.15,64.5,236656.21
1652155200000,64.49,72.95,64.12,69.01,194676.48
1652169600000,69.01,72.0,68.47,71.52,130833.11
1652184000000,71.56,74.01,67.33,69.46,168453.65
1652198400000,69.47,71.07,67.24,67.54,130652.71
1652212800000,67.54,67.67,63.29,66.86,155776.9
1652227200000,66.9,68.28,65.02,66.25,110170.19
1652241600000,66.24,68.41,60.71,62.57,183485.34
1652256000000,62.57,66.36,61.06,61.41,202253.86
1652270400000,61.41,63.86,48.11,55.49,713694.58
1652284800000,55.53,56.71,47.11,47.92,336241.69
1652299200000,47.91,50.96,43.38,50.96,328428.41
1652313600000,50.91,54.23,45.18,45.24,265230.6
1652328000000,45.24,46.68,37.49,44.74,445691.33
1652342400000,44.69,47.87,41.55,43.96,243738.07
1652356800000,43.96,49.29,42.76,44.76,233969.66
1652371200000,44.76,48.0,43.41,44.74,138908.48
1652385600000,44.72,45.61,41.55,44.59,141073.67
1652400000000,44.62,52.02,43.9,50.44,136438.54
1652414400000,50.41,53.81,48.93,49.09,130454.35
1652428800000,49.11,53.23,49.03,53.1,139607.22
1652443200000,53.1,56.32,51.91,53.05,156260.71
1652457600000,53.05,54.19,49.74,51.5,99070.41
1652472000000,51.45,51.87,48.28,48.97,53882.98
1652486400000,48.89,53.83,48.6,51.74,92450.12
1652500800000,51.74,53.34,50.58,50.77,57680.0
1652515200000,50.8,51.51,47.43,48.06,67407.19
1652529600000,48.06,49.15,46.18,46.38,64938.65
1652544000000,46.41,50.67,45.94,49.38,76784.13
1652558400000,49.39,52.92,49.34,52.4,65550.99
1652572800000,52.4,52.75,49.67,50.2,44077.53
1652587200000,50.19,52.54,49.9,51.47,46281.52
1652601600000,51.49,53.64,50.85,53.47,43731.91
1652616000000,53.42,54.73,52.25,52.91,63184.75
1652630400000,52.91,55.65,52.73,55.29,62738.27
1652644800000,55.29,59.27,55.04,58.81,104114.7
1652659200000,58.75,58.79,55.33,56.06,55810.39
1652673600000,56.06,56.38,53.21,53.77,72817.12
1652688000000,53.78,55.19,52.61,53.85,63831.75
1652702400000,53.87,55.43,51.94,53.26,96102.8
1652716800000,53.28,55.46,52.3,53.99,76285.75
1652731200000,54.01,55.77,53.24,53.75,54611.99
1652745600000,53.76,56.13,53.72,55.8,47788.26
1652760000000,55.78,57.64,55.14,55.82,56159.21
1652774400000,55.81,57.06,55.46,55.7,51833.39
1652788800000,55.7,58.19,54.38,55.16,90111.14
1652803200000,55.15,56.08,53.09,55.15,102302.23
1652817600000,55.1,57.59,55.04,57.05,48887.36
1652832000000,57.04,57.84,54.91,55.13,35315.26
1652846400000,55.09,56.23,54.81,55.39,40416.36
1652860800000,55.43,55.51,53.82,54.13,40400.84
1652875200000,54.17,54.28,49.73,50.43,98758.74
1652889600000,50.4,51.97,49.85,51.74,82601.33
1652904000000,51.74,51.74,49.38,49.86,43911.18
1652918400000,49.92,50.94,48.28,50.62,62640.02
1652932800000,50.62,52.22,50.21,51.06,41203.64
1652947200000,51.06,51.51,48.29,51.21,77228.81
1652961600000,51.2,54.05,50.35,53.25,151178.67
1652976000000,53.21,53.54,51.63,51.64,62419.95
1652990400000,51.64,52.64,50.69,52.2,58024.95
1653004800000,52.22,53.52,51.46,51.53,79322.3
1653019200000,51.52,52.33,50.63,52.11,84680.84
1653033600000,52.09,53.58,51.85,53.21,72357.85
1653048000000,53.2,53.25,49.33,49.42,112141.75
1653062400000,49.44,50.27,47.84,50.15,149478.2
1653076800000,50.15,50.75,49.36,49.47,89007.95
1653091200000,49.42,50.13,48.47,50.1,87948.15
1653105600000,50.1,50.37,49.47,50.04,74461.38
1653120000000,50.03,50.17,48.98,49.46,69130.45
1653134400000,49.4,50.82,49.02,50.7,101705.71
1653148800000,50.71,51.17,49.93,50.24,72372.05
1653163200000,50.24,50.63,49.49,50.31,56197.22
1653177600000,50.31,50.71,49.93,50.15,42863.92
1653192000000,50.17,50.5,49.67,50.26,58717.48
1653206400000,50.26,51.92,50.22,51.53,122615.4
1653220800000,51.47,52.87,51.37,51.81,108534.68
1653235200000,51.78,52.2,51.17,51.41,58453.1
1653249600000,51.44,53.14,51.33,52.55,59291.69
1653264000000,52.49,53.13,51.84,52.21,57674.44
1653278400000,52.22,54.34,51.95,53.59,96137.16
1653292800000,53.59,54.66,52.97,54.03,90669.06
1653307200000,54.0,54.6,52.27,53.88,109052.03
1653321600000,53.88,54.38,50.01,50.08,137909.26
1653336000000,50.08,51.04,48.64,49.14,104468.64
1653350400000,49.13,49.98,48.92,49.87,40591.81
1653364800000,49.88,50.31,49.42,49.88,43255.45
1653379200000,49.85,49.96,48.72,49.51,29867.85
1653393600000,49.5,50.56,47.14,50.14,81171.06
1653408000000,50.12,50.81,48.6,49.09,177680.99
1653422400000,49.09,50.08,48.78,49.68,80964.37
1653436800000,49.68,50.53,49.04,50.3,123511.9
1653451200000,50.3,50.36,48.59,48.81,101622.55
1653465600000,48.84,49.34,47.62,47.72,131123.35
1653480000000,47.71,48.87,47.59,48.3,154583.98
1653494400000,48.29,49.11,47.82,48.27,135687.92
1653508800000,48.33,48.87,47.89,47.97,89023.05
1653523200000,47.97,48.63,47.9,48.18,84251.16
1653537600000,48.2,48.33,45.65,46.43,155528.54
1653552000000,46.41,46.46,43.21,43.75,288562.14
1653566400000,43.71,45.82,41.73,45.08,396440.16
1653580800000,45.1,46.61,43.94,44.07,210400.24
1653595200000,44.06,44.81,43.3,43.45,137429.23
1653609600000,43.4,43.91,41.21,42.67,267187.72
1653624000000,42.68,42.87,39.93,41.1,304998.7
1653638400000,41.04,42.24,40.57,41.55,213204.28
1653652800000,41.6,43.58,41.3,42.17,275361.48
1653667200000,42.16,42.33,40.47,41.87,256414.75
1653681600000,41.87,42.58,40.62,41.15,117182.08
1653696000000,41.16,42.43,40.36,41.32,197586.77
1653710400000,41.33,42.17,41.12,41.72,123040.61
1653724800000,41.72,41.96,41.15,41.62,114940.72
1653739200000,41.59,43.48,41.47,42.98,143044.94
1653753600000,43.01,44.72,42.62,44.39,145085.76
1653768000000,44.38,45.03,43.75,44.27,76672.0
1653782400000,44.28,44.4,42.16,42.39,113636.17
1653796800000,42.38,42.65,41.83,42.48,63195.01
1653811200000,42.48,44.15,42.35,44.04,136056.88
1653825600000,44.1,45.63,44.08,44.71,105306.43
1653840000000,44.7,45.29,44.1,44.26,63197.46
1653854400000,44.23,45.14,44.19,44.94,54087.67
1653868800000,44.96,46.6,44.29,45.95,154187.74
1653883200000,45.96,47.34,45.57,47.08,151999.17
1653897600000,47.09,47.2,45.88,46.05,109449.41
1653912000000,46.04,46.63,44.97,45.83,178187.47
1653926400000,45.88,46.32,45.43,45.67,88509.77
1653940800000,45.67,48.3,45.48,47.21,258041.03
1653955200000,47.22,48.19,46.24,47.68,157133.98
1653969600000,47.69,47.81,45.92,46.37,137398.35
1653984000000,46.37,46.89,45.98,46.6,119337.8
1653998400000,46.6,46.75,44.59,46.36,242032.0
1654012800000,46.35,46.76,45.24,45.54,173125.77
1654027200000,45.57,46.19,45.43,45.73,91492.33
1654041600000,45.75,46.11,44.71,44.81,107143.45
1654056000000,44.8,45.2,44.37,44.62,103390.21
1654070400000,44.59,45.27,44.26,44.61,82308.11
1654084800000,44.63,45.66,42.84,42.92,203541.6
1654099200000,42.95,43.09,40.8,41.31,245447.47
1654113600000,41.3,41.36,39.55,40.12,140413.97
1654128000000,40.12,40.21,38.72,38.83,170387.23
1654142400000,38.86,40.06,38.16,39.64,148800.93
1654156800000,39.68,41.16,39.5,41.02,139252.23
1654171200000,41.01,41.19,39.68,40.72,261040.78
1654185600000,40.73,41.02,39.94,40.42,120963.07
1654200000000,40.45,41.56,40.42,40.87,89839.12
1654214400000,40.88,41.51,40.45,41.17,71382.07
1654228800000,41.18,41.19,40.31,40.34,66002.2
1654243200000,40.35,40.44,37.96,38.27,154872.14
1654257600000,38.27,38.64,37.69,38.02,133732.37
1654272000000,38.04,38.57,37.8,38.2,96302.4
1654286400000,38.17,38.93,37.95,38.25,64344.51
1654300800000,38.28,38.34,35.78,36.26,155376.93
1654315200000,36.28,37.45,36.21,37.34,56516.08
1654329600000,37.36,37.87,36.89,36.96,62666.21
1654344000000,36.99,38.16,36.58,37.75,97452.93
1654358400000,37.75,38.17,37.37,37.54,54081.11
1654372800000,37.51,39.46,37.46,38.97,72013.07
1654387200000,39.0,39.45,37.89,38.28,72587.97
1654401600000,38.27,39.32,37.99,38.83,71816.58
1654416000000,38.85,39.94,38.72,39.5,95270.13
1654430400000,39.49,39.86,38.78,39.81,54792.77
1654444800000,39.8,40.18,39.23,39.62,58046.33
1654459200000,39.63,40.07,38.43,38.53,85669.69
1654473600000,38.54,41.93,38.37,41.8,165727.12
1654488000000,41.8,43.88,41.54,43.02,151372.78
1654502400000,43.0,44.76,42.95,43.96,145428.8
1654516800000,43.88,44.11,42.33,42.87,154988.74
1654531200000,42.87,42.88,41.57,42.22,114924.57
1654545600000,42.2,43.21,41.13,42.39,100310.5
1654560000000,42.42,42.64,38.73,39.57,244536.94
1654574400000,39.59,39.64,38.86,39.32,68810.26
1654588800000,39.31,39.64,37.18,38.09,155400.83
1654603200000,38.06,39.62,37.68,39.14,145283.85
1654617600000,39.13,41.13,38.66,40.43,103138.64
1654632000000,40.42,41.36,38.45,39.33,143437.46
1654646400000,39.33,40.89,38.33,38.64,157247.65
1654660800000,38.6,39.53,38.31,39.29,69109.54
1654675200000,39.26,39.69,38.99,39.37,47623.11
1654689600000,39.34,40.13,38.75,39.71,79053.69
1654704000000,39.72,39.85,38.44,38.79,70870.35
1654718400000,38.79,39.35,38.7,38.81,43021.59
1654732800000,38.82,39.2,38.47,39.14,42082.31
1654747200000,39.14,39.52,38.91,39.51,30124.67
1654761600000,39.52,41.95,39.34,41.24,147207.85
1654776000000,41.22,41.4,39.81,40.34,63834.32
1654790400000,40.34,41.39,39.58,39.64,59890.61
1654804800000,39.65,40.13,39.47,39.96,38101.79
1654819200000,39.97,40.87,39.09,40.31,70346.15
1654833600000,40.31,40.79,40.08,40.35,29281.35
1654848000000,40.33,40.63,38.96,39.34,61404.74
1654862400000,39.33,39.69,37.52,38.01,103963.46
1654876800000,37.97,38.05,37.03,37.27,98277.49
1654891200000,37.27,38.03,36.84,37.14,47993.71
1654905600000,37.15,37.71,37.0,37.55,32971.24
1654920000000,37.58,37.9,37.16,37.66,54188.26
1654934400000,37.69,37.74,35.19,35.49,127528.78
1654948800000,35.48,35.75,33.21,33.74,153913.07
1654963200000,33.75,34.76,33.37,34.14,82455.62
1654977600000,34.16,34.67,33.66,33.88,58106.79
1654992000000,33.91,34.3,31.54,32.33,164387.74
1655006400000,32.33,33.16,31.1,33.15,135352.14
1655020800000,33.13,33.8,32.32,32.73,76489.36
1655035200000,32.77,34.46,31.41,34.0,182247.19
1655049600000,34.01,34.26,32.3,32.59,104497.07
1655064000000,32.65,32.8,30.59,30.6,128878.28
1655078400000,30.59,31.08,27.7,28.84,261078.42
1655092800000,28.84,29.67,27.25,27.54,145514.76
1655107200000,27.54,28.36,26.08,26.9,250184.84
1655121600000,26.83,28.21,26.15,27.9,273772.23
1655136000000,27.92,29.37,27.45,28.31,200782.7
1655150400000,28.31,29.82,27.03,28.57,210382.06
1655164800000,28.59,29.14,25.9,28.91,249971.79
1655179200000,28.88,32.18,28.09,31.04,194936.62
1655193600000,31.04,31.11,28.68,29.1,142458.19
1655208000000,29.04,31.36,28.41,31.11,186435.81
1655222400000,31.0,31.16,29.08,29.42,138657.46
1655236800000,29.47,30.02,28.04,29.58,114051.15
1655251200000,29.6,30.26,28.67,28.77,104551.93
1655265600000,28.79,28.8,27.41,27.65,124261.92
1655280000000,27.64,29.15,26.81,28.89,193551.01
1655294400000,28.9,29.98,28.68,29.51,151229.79
1655308800000,29.5,32.91,28.15,31.47,386286.88
1655323200000,31.51,34.79,31.07,34.74,158865.51
1655337600000,34.72,35.97,33.75,33.81,118430.27
1655352000000,33.85,34.22,32.46,32.65,98820.22
1655366400000,32.61,32.97,30.75,31.3,135406.95
1655380800000,31.24,32.52,30.09,31.29,205385.53
1655395200000,31.29,32.59,30.48,30.84,192754.22
1655409600000,30.86,31.56,29.57,30.11,100171.59
1655424000000,30.13,31.29,29.27,30.05,95196.94
1655438400000,30.04,31.93,29.96,31.61,94679.91
1655452800000,31.62,32.11,31.01,31.56,63127.73
1655467200000,31.58,32.03,30.86,31.25,100984.88
1655481600000,31.18,32.1,30.98,31.15,74651.76
1655496000000,31.15,31.73,30.6,30.71,50276.51
1655510400000,30.69,31.27,29.8,30.07,63489.52
1655524800000,30.07,30.43,28.17,28.49,139739.25
1655539200000,28.49,30.65,27.86,29.96,212886.6
1655553600000,29.99,30.42,29.54,29.81,78110.43
1655568000000,29.86,30.6,28.09,28.09,181657.11
1655582400000,28.11,32.03,27.18,31.99,261970.08
1655596800000,32.0,32.3,29.79,30.16,87865.66
1655611200000,30.17,30.59,28.87,29.18,92278.61
1655625600000,29.19,32.96,28.76,32.39,149361.42
1655640000000,32.41,33.59,31.57,33.46,138403.11
1655654400000,33.45,34.23,32.02,33.22,129473.21
1655668800000,33.29,35.34,33.07,34.22,92252.3
1655683200000,34.22,34.55,31.84,32.28,146297.22
1655697600000,32.29,32.8,31.75,32.32,80101.75
1655712000000,32.31,36.88,32.19,36.35,259225.7
1655726400000,36.35,36.67,34.52,35.26,191077.31
1655740800000,35.29,35.29,33.97,34.47,143077.79
1655755200000,34.47,35.71,33.82,35.26,115438.55
1655769600000,35.27,35.84,34.23,35.22,124109.18
1655784000000,35.22,37.63,34.8,36.83,169023.06
1655798400000,36.85,38.5,36.74,37.17,122794.33
1655812800000,37.19,39.12,36.97,37.97,142488.35
1655827200000,37.94,38.6,36.56,36.62,109250.26
1655841600000,36.6,36.82,35.67,36.39,75314.36
1655856000000,36.41,36.7,34.56,34.71,97098.62
1655870400000,34.68,35.25,33.77,33.88,122275.45
1655884800000,33.87,36.08,33.68,35.51,106711.34
1655899200000,35.45,36.84,34.57,34.77,172898.75
1655913600000,34.77,35.32,33.95,34.41,137349.03
1655928000000,34.43,35.07,33.89,34.06,109713.77
1655942400000,34.12,35.84,33.95,35.18,97694.84
1655956800000,35.17,36.62,35.04,35.98,108510.09
1655971200000,35.97,37.45,35.76,36.89,139066.21
1655985600000,36.92,37.71,36.09,37.19,151672.85
1656000000000,37.22,38.4,36.28,37.59,226425.56
1656014400000,37.58,38.59,37.26,38.18,130867.4
1656028800000,38.18,39.58,37.69,38.96,103182.63
1656043200000,38.93,39.3,37.79,38.35,69813.32
1656057600000,38.37,40.47,38.08,40.26,143553.9
1656072000000,40.28,41.28,39.79,40.07,138779.51
1656086400000,40.09,41.14,39.46,41.14,84757.35
1656100800000,41.13,42.89,40.91,41.93,134385.4
1656115200000,41.93,42.43,40.72,41.43,68998.76
1656129600000,41.38,42.33,41.0,42.14,64540.63
1656144000000,42.14,42.59,41.75,41.83,48126.98
1656158400000,41.87,42.07,39.78,39.86,106407.95
1656172800000,39.88,40.91,39.77,40.34,74125.31
1656187200000,40.37,42.57,40.1,42.25,97165.5
1656201600000,42.24,42.47,40.78,41.44,78365.75
1656216000000,41.44,41.8,40.82,41.32,78881.28
1656230400000,41.31,42.18,40.61,42.08,94443.22
1656244800000,42.09,42.42,40.03,40.61,101406.84
1656259200000,40.64,40.91,39.63,40.66,83104.9
1656273600000,40.69,41.37,39.18,39.41,121430.06
1656288000000,39.34,40.28,38.95,40.15,91706.39
1656302400000,40.17,40.83,39.66,40.63,70842.31
1656316800000,40.65,41.22,40.3,40.33,280011.72
1656331200000,40.33,40.44,38.3,38.76,493693.61
1656345600000,38.75,39.15,37.95,38.34,277181.09
1656360000000,38.38,39.13,38.32,38.5,162406.6
1656374400000,38.51,38.94,37.02,37.73,187831.61
1656388800000,37.75,38.69,37.58,38.59,52431.3
1656403200000,38.61,39.69,38.48,39.26,117267.7
1656417600000,39.21,39.89,37.05,37.08,153338.25
1656432000000,37.05,37.19,35.66,35.91,153228.39
1656446400000,35.92,36.65,35.12,35.32,99378.09
1656460800000,35.32,36.09,35.06,35.51,97407.67
1656475200000,35.48,35.69,34.48,35.32,129574.35
1656489600000,35.32,35.75,34.35,34.93,121605.76
1656504000000,34.98,35.13,33.64,34.7,152885.88
1656518400000,34.66,34.7,33.14,34.49,153257.08
1656532800000,34.5,35.1,33.54,34.02,130721.1
1656547200000,34.03,34.17,32.55,33.01,111391.97
1656561600000,33.02,33.24,31.59,31.92,159208.84
1656576000000,31.89,32.1,31.24,31.65,152287.5
1656590400000,31.64,32.29,30.97,32.08,158896.36
1656604800000,32.08,32.83,31.56,32.02,114820.51
1656619200000,32.02,33.87,31.5,33.74,167548.45
1656633600000,33.75,35.37,33.5,33.68,204733.04
1656648000000,33.67,33.76,32.35,33.16,168475.93
1656662400000,33.17,33.55,31.85,32.35,111216.67
1656676800000,32.33,33.11,32.06,32.32,124632.89
1656691200000,32.33,33.46,32.25,33.23,97567.1
1656705600000,33.23,33.94,32.68,32.84,85814.59
1656720000000,32.84,33.41,32.07,32.19,101279.34
1656734400000,32.15,32.85,32.13,32.45,61611.51
1656748800000,32.46,32.76,31.89,32.74,67939.83
1656763200000,32.76,33.35,32.62,32.88,108735.57
1656777600000,32.88,33.47,32.72,33.16,76026.54
1656792000000,33.14,34.12,32.93,33.36,64576.27
1656806400000,33.38,33.6,32.73,33.05,43703.8
1656820800000,33.09,33.6,32.38,32.86,94405.27
1656835200000,32.86,33.12,32.53,32.92,43257.76
1656849600000,32.93,33.02,32.17,32.36,55678.78
1656864000000,32.35,33.52,32.31,33.42,39420.64
1656878400000,33.46,33.65,33.16,33.41,64165.53
1656892800000,33.43,33.85,32.65,32.65,83199.96
1656907200000,32.65,33.07,32.47,32.78,52899.67
1656921600000,32.79,34.37,32.75,34.37,103744.65
1656936000000,34.38,34.9,33.79,34.32,105148.31
1656950400000,34.3,35.13,34.16,34.85,66762.59
1656964800000,34.85,36.91,34.76,36.73,142135.87
1656979200000,36.71,36.95,35.21,35.82,106129.83
1656993600000,35.82,36.28,35.62,35.94,80949.4
1657008000000,35.92,35.94,33.85,33.99,138307.11
1657022400000,33.95,34.07,33.16,33.84,137800.41
1657036800000,33.84,36.05,33.64,35.7,150798.92
1657051200000,35.69,36.38,35.2,35.39,133150.76
1657065600000,35.39,36.04,34.84,35.53,112512.84
1657080000000,35.53,36.4,35.31,35.98,133954.13
1657094400000,35.94,36.65,35.63,35.64,90128.78
1657108800000,35.64,36.49,35.36,35.76,108291.85
1657123200000,35.74,36.76,35.71,36.24,162042.5
1657137600000,36.24,37.6,35.98,37.03,97943.1
1657152000000,37.07,37.39,36.73,37.12,66324.53
1657166400000,37.1,37.12,36.42,36.82,69247.42
1657180800000,36.81,37.4,36.67,37.24,55670.63
1657195200000,37.24,38.54,36.78,38.29,119603.02
1657209600000,38.29,39.24,38.1,38.99,145101.82
1657224000000,39.06,39.06,38.17,38.47,67053.51
1657238400000,38.47,39.67,38.1,38.65,99384.9
1657252800000,38.62,38.76,37.21,37.5,108923.83
1657267200000,37.5,37.62,36.58,37.18,105376.99
1657281600000,37.17,38.77,36.49,38.55,163522.78
1657296000000,38.57,39.32,37.97,38.99,100795.64
1657310400000,38.98,39.14,38.03,38.11,69838.65
1657324800000,38.1,38.83,37.82,38.31,72659.03
1657339200000,38.3,38.86,38.25,38.63,54109.26
1657353600000,38.61,38.84,38.07,38.21,48211.8
1657368000000,38.2,38.35,37.8,38.07,48708.61
1657382400000,38.06,38.89,37.99,38.38,56111.29
1657396800000,38.39,38.5,37.96,38.08,39167.58
1657411200000,38.06,38.11,37.12,37.36,74361.21
1657425600000,37.36,37.52,37.16,37.3,41462.95
1657440000000,37.32,37.36,36.67,36.93,46914.49
1657454400000,36.94,37.1,36.3,36.66,73944.57
1657468800000,36.66,37.26,36.42,37.26,58122.96
1657483200000,37.26,37.4,36.54,36.7,45839.19
1657497600000,36.72,36.72,35.37,35.8,83020.56
1657512000000,35.8,35.85,34.8,35.16,65577.95
1657526400000,35.18,35.64,35.07,35.14,50899.11
1657540800000,35.15,35.76,34.66,35.18,85976.36
1657555200000,35.21,35.66,35.08,35.32,61428.16
1657569600000,35.36,35.44,33.28,33.45,92677.22
1657584000000,33.44,33.98,33.26,33.62,75276.04
1657598400000,33.61,34.11,33.3,33.49,83571.33
1657612800000,33.47,34.14,33.17,33.95,105530.8
1657627200000,33.96,34.61,33.77,34.23,117510.72
1657641600000,34.23,34.47,32.75,32.97,94639.45
1657656000000,32.96,33.3,32.62,32.7,56342.12
1657670400000,32.7,33.22,32.41,33.03,63862.6
1657684800000,33.05,33.73,32.98,33.68,66970.74
1657699200000,33.71,34.11,33.64,33.98,92605.49
1657713600000,33.96,34.43,31.84,33.24,312118.22
1657728000000,33.22,34.04,33.02,33.65,119481.04
1657742400000,33.64,35.06,33.5,34.95,99071.66
1657756800000,34.91,35.3,34.54,34.6,95455.76
1657771200000,34.58,34.71,34.21,34.32,85144.32
1657785600000,34.35,34.46,33.61,33.82,119566.81
1657800000000,33.82,35.2,33.65,35.14,202078.61
1657814400000,35.16,37.06,34.86,36.38,196873.81
1657828800000,36.41,37.28,36.37,37.18,86220.45
1657843200000,37.15,37.87,36.59,37.34,88419.46
1657857600000,37.36,37.52,36.56,37.46,122490.33
1657872000000,37.44,38.45,37.43,37.74,100097.62
1657886400000,37.74,38.54,37.39,37.71,129356.4
1657900800000,37.7,38.84,37.08,38.8,108661.66
1657915200000,38.79,39.07,37.27,37.4,85098.27
1657929600000,37.39,37.52,36.78,37.2,63492.76
1657944000000,37.21,37.26,36.38,36.46,59468.53
1657958400000,36.42,36.89,36.39,36.76,39940.87
1657972800000,36.76,37.97,36.64,37.96,92923.21
1657987200000,37.96,40.37,37.9,39.42,161586.41
1658001600000,39.42,39.91,38.86,39.59,64299.57
1658016000000,39.61,40.48,39.3,39.91,85040.64
1658030400000,39.86,41.07,39.86,40.37,108038.57
1658044800000,40.37,40.57,39.32,39.77,84032.72
1658059200000,39.79,39.87,39.07,39.29,81771.49
1658073600000,39.29,39.78,38.32,39.04,84862.05
1658088000000,39.03,39.52,38.53,38.57,52382.82
1658102400000,38.62,40.85,38.58,40.59,94973.82
1658116800000,40.56,42.47,40.29,42.17,146969.07
1658131200000,42.17,42.65,41.33,41.59,109021.63
1658145600000,41.6,42.55,41.22,42.35,104447.21
1658160000000,42.35,42.44,39.73,40.04,155866.16
1658174400000,40.04,44.02,39.82,43.55,105845.38
1658188800000,43.55,45.98,42.81,43.03,257037.91
1658203200000,43.03,44.11,42.58,43.44,154970.08
1658217600000,43.46,45.86,43.25,45.55,144326.49
1658232000000,45.54,47.3,45.29,46.58,221694.21
1658246400000,46.58,47.23,45.41,45.44,146883.45
1658260800000,45.47,46.07,44.65,44.9,94087.58
1658275200000,44.9,45.76,44.08,45.5,116678.66
1658289600000,45.49,46.03,44.44,44.46,110112.24
1658304000000,44.43,45.6,43.77,45.33,134456.61
1658318400000,45.31,46.27,44.9,45.38,186871.76
1658332800000,45.38,45.44,43.14,43.23,153031.48
1658347200000,43.23,43.53,41.35,42.05,152893.4
1658361600000,42.06,42.44,39.93,40.03,179187.32
1658376000000,40.03,41.47,39.69,41.05,430848.12
1658390400000,41.05,41.86,40.66,41.73,355297.9
1658404800000,41.73,42.41,40.87,41.87,411664.28
1658419200000,41.88,43.86,41.85,43.77,335506.36
1658433600000,43.77,44.02,42.56,43.14,287457.54
1658448000000,43.12,43.49,42.3,42.67,221740.01
1658462400000,42.66,43.44,42.12,43.04,307357.1
1658476800000,43.04,44.3,42.89,44.11,284225.88
1658491200000,44.12,44.18,41.55,41.72,313323.05
1658505600000,41.69,41.88,40.06,40.21,329640.6
1658520000000,40.2,41.07,40.15,40.53,425295.5
1658534400000,40.54,41.48,40.12,41.11,278009.33
1658548800000,41.1,41.89,41.03,41.35,372765.64
1658563200000,41.32,41.5,39.56,39.62,273888.85
1658577600000,39.62,40.46,39.39,40.22,363833.54
1658592000000,40.21,40.37,38.65,39.37,405585.57
1658606400000,39.37,40.2,39.2,39.97,301957.27
1658620800000,39.98,40.41,39.5,39.59,394449.5
1658635200000,39.58,41.14,39.52,40.73,663487.34
1658649600000,40.73,41.35,40.25,40.91,375477.0
1658664000000,40.88,41.31,40.14,41.18,430772.37
1658678400000,41.2,41.26,40.63,40.85,495039.18
1658692800000,40.85,42.06,40.74,40.95,269216.01
1658707200000,40.94,41.09,37.77,38.07,329181.34
1658721600000,38.07,38.72,37.81,38.58,390895.9
1658736000000,38.58,39.24,38.36,38.87,340739.83
1658750400000,38.85,39.32,38.3,38.5,312035.78
1658764800000,38.5,38.97,37.35,37.92,415168.55
1658779200000,37.92,38.94,36.59,36.61,349461.85
1658793600000,36.61,36.82,35.57,36.21,340694.85
1658808000000,36.2,36.46,35.49,35.66,423362.14
1658822400000,35.65,36.22,35.36,35.81,366346.67
1658836800000,35.79,36.26,34.92,34.99,294121.27
1658851200000,35.0,35.58,34.7,35.02,354283.24
1658865600000,35.05,36.31,34.81,36.25,358259.67
1658880000000,36.28,36.35,35.7,35.78,426510.7
1658894400000,35.78,37.15,35.77,36.82,288598.48
1658908800000,36.83,37.05,36.33,36.42,287550.46
1658923200000,36.39,37.41,36.22,37.15,277675.36
1658937600000,37.15,40.26,36.45,39.37,533161.3
1658952000000,39.4,40.53,39.31,40.26,424033.85
1658966400000,40.26,40.46,39.05,39.7,528660.74
1658980800000,39.72,39.97,39.28,39.32,301528.11
1658995200000,39.33,40.82,39.28,40.55,483151.65
1659009600000,40.55,42.08,39.26,41.92,419477.43
1659024000000,41.92,42.94,41.77,42.12,262233.88
1659038400000,42.11,44.15,42.09,42.89,562191.57
1659052800000,42.89,43.52,42.41,43.49,379321.28
1659067200000,43.5,44.38,42.75,43.06,288992.81
1659081600000,43.05,43.27,41.41,41.91,313313.16
1659096000000,41.91,43.43,41.18,42.65,354594.16
1659110400000,42.66,42.69,41.27,41.81,280542.12
1659124800000,41.8,43.07,41.55,41.9,317516.56
1659139200000,41.9,42.45,41.46,41.9,328800.73
1659153600000,41.9,42.47,41.51,42.33,329408.05
1659168000000,42.33,43.05,41.87,42.42,303134.71
1659182400000,42.41,46.3,42.23,46.24,478320.61
1659196800000,46.27,46.61,44.87,45.07,308526.03
1659211200000,45.06,45.46,43.45,43.82,276074.52
1659225600000,43.82,44.11,43.03,43.23,335093.84
1659240000000,43.23,44.41,43.2,43.86,248949.9
1659254400000,43.88,44.72,43.3,44.43,259307.72
1659268800000,44.42,44.57,43.66,44.1,265039.59
1659283200000,44.1,45.15,42.88,43.77,229262.91
1659297600000,43.76,43.88,42.25,42.36,290347.58
1659312000000,42.36,43.21,42.15,43.0,257904.36
1659326400000,42.99,43.1,42.29,42.93,219738.85
1659340800000,42.94,43.09,41.65,42.19,178966.02
1659355200000,42.22,42.94,41.39,42.51,121873.09
1659369600000,42.49,42.52,40.6,41.1,107582.04
1659384000000,41.1,41.87,40.81,41.67,80082.85
1659398400000,41.67,42.08,39.99,40.24,99259.86
1659412800000,40.24,40.63,39.96,40.53,75583.94
1659427200000,40.52,40.78,39.84,40.56,97893.21
1659441600000,40.55,41.65,39.94,41.45,140192.61
1659456000000,41.46,42.41,40.97,41.15,106276.23
1659470400000,41.16,41.48,39.53,39.75,86901.72
1659484800000,39.76,40.08,37.47,38.54,318097.45
1659499200000,38.54,39.39,38.21,38.3,125329.89
1659513600000,38.3,39.94,38.3,39.64,97152.57
1659528000000,39.64,40.94,39.61,40.16,169985.22
1659542400000,40.15,40.68,39.81,40.1,72864.4
1659556800000,40.1,40.24,38.23,38.55,88638.91
1659571200000,38.54,39.66,38.44,39.35,101451.29
1659585600000,39.36,39.69,38.58,39.18,88335.47
1659600000000,39.19,39.29,38.59,38.63,68966.91
1659614400000,38.63,39.82,38.36,38.85,114951.78
1659628800000,38.89,38.98,37.97,38.39,81692.77
1659643200000,38.4,39.0,38.2,38.81,45257.99
1659657600000,38.83,40.14,38.72,40.08,64115.42
1659672000000,40.09,40.55,39.69,40.05,61548.18
1659686400000,40.06,41.03,39.85,41.02,66963.0
1659700800000,40.98,41.31,39.65,40.03,142476.43
1659715200000,40.03,40.12,39.46,39.94,71803.85
1659729600000,39.93,40.73,39.77,40.58,76778.17
1659744000000,40.58,40.69,40.19,40.49,45387.31
1659758400000,40.53,40.67,40.25,40.39,45586.6
1659772800000,40.39,40.85,40.27,40.28,42819.38
1659787200000,40.29,40.54,40.19,40.45,35722.92
1659801600000,40.44,40.86,39.87,40.79,43262.97
1659816000000,40.82,40.88,39.97,40.05,39350.04
1659830400000,40.05,40.24,39.24,39.79,41809.68
1659844800000,39.77,40.18,39.74,40.01,41143.95
1659859200000,39.98,40.15,39.72,40.13,47704.52
1659873600000,40.14,40.6,40.11,40.34,42268.47
1659888000000,40.33,40.76,40.28,40.55,50983.47
1659902400000,40.58,41.54,40.49,40.61,48929.91
1659916800000,40.62,42.04,40.57,41.91,89429.38
1659931200000,41.92,42.78,41.86,42.65,68079.97
1659945600000,42.67,43.4,42.42,43.37,90409.48
1659960000000,43.39,43.67,42.43,42.5,96002.39
1659974400000,42.5,42.55,42.06,42.49,48108.1
1659988800000,42.49,43.12,41.81,42.2,53579.69
1660003200000,42.19,42.44,41.55,42.42,51520.98
1660017600000,42.42,42.73,42.24,42.53,47966.2
1660032000000,42.53,42.59,40.7,40.85,75363.3
1660046400000,40.85,41.43,39.77,40.15,77532.53
1660060800000,40.15,40.46,39.96,40.08,42974.2
1660075200000,40.07,40.7,40.03,40.34,30584.98
1660089600000,40.34,40.34,39.17,39.3,91082.87
1660104000000,39.3,39.8,39.17,39.7,63342.01
1660118400000,39.68,40.17,39.66,40.02,59987.54
1660132800000,40.02,42.42,39.86,42.11,181150.69
1660147200000,42.12,42.42,41.23,41.33,84350.66
1660161600000,41.3,42.84,41.3,42.43,67589.65
1660176000000,42.45,44.05,42.35,43.79,105949.88
1660190400000,43.82,45.08,43.82,44.5,114978.23
1660204800000,44.49,44.6,43.75,44.11,67840.11
1660219200000,44.09,45.28,43.4,43.5,148084.59
1660233600000,43.49,43.98,42.89,43.33,79660.91
1660248000000,43.35,43.47,42.41,42.8,63086.61
1660262400000,42.79,43.62,42.22,43.4,64290.68
1660276800000,43.39,43.64,42.83,43.13,55015.21
1660291200000,43.11,43.77,42.16,42.34,69670.26
1660305600000,42.34,43.27,42.3,43.21,68598.56
1660320000000,43.2,44.8,42.99,44.67,66895.59
1660334400000,44.67,45.5,44.35,45.44,53359.82
1660348800000,45.45,47.72,45.3,47.44,78855.74
1660363200000,47.44,48.35,46.94,47.19,50209.06
1660377600000,47.2,47.74,46.4,46.7,44447.43
1660392000000,46.71,47.07,46.07,46.26,54145.67
1660406400000,46.27,46.76,46.1,46.33,59012.1
1660420800000,46.32,47.32,46.21,46.58,48124.44
1660435200000,46.58,47.57,46.1,46.76,63456.44
1660449600000,46.73,48.03,46.57,47.75,52158.39
1660464000000,47.76,47.77,46.62,46.71,50631.15
1660478400000,46.73,46.74,45.82,46.01,58580.84
1660492800000,46.02,46.08,44.5,45.13,51814.61
1660507200000,45.11,45.8,44.78,44.9,59788.39
1660521600000,44.83,47.21,44.41,46.43,58736.11
1660536000000,46.46,46.61,43.57,43.86,68933.57
1660550400000,43.81,44.43,43.28,43.85,70661.59
1660564800000,43.8,44.53,43.35,44.47,44271.69
1660579200000,44.5,44.74,43.68,43.84,49682.58
1660593600000,43.83,44.11,42.79,43.72,79248.63
1660608000000,43.69,44.17,42.58,43.63,70857.75
1660622400000,43.66,43.76,42.79,43.29,80669.84
1660636800000,43.29,44.27,43.16,43.97,56526.02
1660651200000,43.98,44.2,42.65,43.41,80587.91
1660665600000,43.42,43.58,42.59,43.12,69930.52
1660680000000,43.16,43.48,42.87,43.12,53988.02
1660694400000,43.12,44.08,42.98,43.96,65243.52
1660708800000,44.01,44.68,43.04,43.14,69980.51
1660723200000,43.13,43.42,42.65,42.77,48241.9
1660737600000,42.75,42.79,40.78,41.08,101818.78
1660752000000,41.11,41.85,40.69,40.77,51833.39
1660766400000,40.78,41.11,40.21,40.51,53616.73
1660780800000,40.51,41.02,40.16,40.79,50953.4
1660795200000,40.83,41.04,40.56,40.92,54119.69
1660809600000,40.93,41.39,40.71,41.31,52772.64
1660824000000,41.33,41.64,40.71,41.16,47959.63
1660838400000,41.16,41.24,40.4,40.77,60330.91
1660852800000,40.78,41.22,39.39,39.51,83524.7
1660867200000,39.52,39.57,37.87,38.32,115501.48
1660881600000,38.3,38.4,35.28,36.66,106612.42
1660896000000,36.67,36.68,35.58,36.34,64289.43
1660910400000,36.33,37.16,36.1,36.93,71112.01
1660924800000,36.94,37.77,36.77,37.18,59693.79
1660939200000,37.19,37.28,35.64,35.84,67174.31
1660953600000,35.83,36.83,35.79,36.59,79071.22
1660968000000,36.58,37.24,36.48,37.04,55445.22
1660982400000,37.05,37.1,36.42,36.6,62422.57
1660996800000,36.61,36.92,36.22,36.49,57365.05
1661011200000,36.49,36.57,34.42,34.44,62478.5
1661025600000,34.47,35.34,34.24,35.26,78058.52
1661040000000,35.27,35.64,35.05,35.12,79159.4
1661054400000,35.15,35.44,34.56,35.44,89013.61
1661068800000,35.43,36.23,35.39,36.19,63130.24
1661083200000,36.15,36.29,35.64,36.02,49769.51
1661097600000,36.04,36.55,35.87,36.34,50737.65
1661112000000,36.36,37.03,35.98,36.46,61658.84
1661126400000,36.48,36.54,36.08,36.13,73600.94
1661140800000,36.12,36.31,34.86,34.91,58845.57
1661155200000,34.92,34.94,33.79,34.65,86556.42
1661169600000,34.67,34.86,33.94,34.81,69191.79
1661184000000,34.81,35.01,34.02,34.59,60576.19
1661198400000,34.59,35.55,34.5,35.45,75740.81
1661212800000,35.44,35.56,35.12,35.21,69013.28
1661227200000,35.23,35.4,34.27,34.95,78312.33
1661241600000,34.95,35.71,34.86,35.67,71439.15
1661256000000,35.71,36.08,35.2,35.7,65412.68
1661270400000,35.71,35.76,35.2,35.4,78180.34
1661284800000,35.44,35.88,35.33,35.65,61393.23
1661299200000,35.68,35.71,34.34,34.64,77592.86
1661313600000,34.6,35.33,34.51,34.91,87149.45
1661328000000,34.91,35.41,34.87,35.38,62376.76
1661342400000,35.4,36.07,35.2,36.02,57326.44
1661356800000,36.03,36.37,35.7,35.85,52779.86
1661371200000,35.85,36.06,34.91,34.93,78431.07
1661385600000,34.92,35.66,34.91,35.24,66623.21
1661400000000,35.25,36.26,35.19,36.25,64174.76
1661414400000,36.23,36.35,35.96,36.33,69395.88
1661428800000,36.3,36.46,35.4,35.72,64401.46
1661443200000,35.73,35.85,35.43,35.77,61483.65
1661457600000,35.77,35.96,35.09,35.31,79535.86
1661472000000,35.28,35.28,34.55,35.12,98791.13
1661486400000,35.14,35.22,34.43,34.69,77979.85
1661500800000,34.67,34.79,33.93,34.25,64909.8
1661515200000,34.22,35.77,33.06,33.26,120628.46
1661529600000,33.28,33.38,32.6,32.94,65833.37
1661544000000,32.95,33.13,31.39,31.76,76291.12
1661558400000,31.72,32.02,31.54,31.88,74394.22
1661572800000,31.87,32.22,31.16,32.22,64165.8
1661587200000,32.2,32.22,31.79,31.99,68654.43
1661601600000,31.98,32.06,31.1,31.36,81011.94
1661616000000,31.38,31.44,30.88,31.3,58366.78
1661630400000,31.34,31.65,31.07,31.53,59581.25
1661644800000,31.5,31.76,31.18,31.42,80919.47
1661659200000,31.41,31.83,31.29,31.79,49843.89
1661673600000,31.79,32.03,31.53,31.76,61739.46
1661688000000,31.76,31.92,31.24,31.84,51714.38
1661702400000,31.84,32.19,31.68,31.71,66446.09
1661716800000,31.69,31.9,30.22,30.43,94450.7
1661731200000,30.43,30.94,30.04,30.71,83290.82
1661745600000,30.71,30.78,30.13,30.56,46284.43
1661760000000,30.57,30.75,30.34,30.68,75424.39
1661774400000,30.67,32.28,30.63,31.8,110406.78
1661788800000,31.81,31.92,31.45,31.54,86374.06
1661803200000,31.54,32.61,31.5,32.43,90992.28
1661817600000,32.43,32.49,31.87,32.31,53976.68
1661832000000,32.3,33.03,32.28,32.76,49652.94
1661846400000,32.76,33.13,32.63,32.72,41165.86
1661860800000,32.75,32.84,30.96,31.22,69528.51
1661875200000,31.22,32.0,30.66,31.53,69556.8
1661889600000,31.54,32.1,31.33,31.45,51356.5
1661904000000,31.45,32.62,31.44,32.43,46399.94
1661918400000,32.43,32.86,32.21,32.32,41666.21
1661932800000,32.33,32.78,31.96,32.58,36367.93
1661947200000,32.58,32.92,31.6,31.95,55015.51
1661961600000,31.92,32.33,31.47,32.12,40613.05
1661976000000,32.17,32.47,31.21,31.52,37022.37
1661990400000,31.47,31.74,31.0,31.23,52380.12
1662004800000,31.25,31.53,30.86,31.05,44497.66
1662019200000,31.07,31.56,30.86,31.46,40032.28
1662033600000,31.5,31.51,30.47,30.76,53610.79
1662048000000,30.75,31.08,30.51,31.06,40532.81
1662062400000,31.04,31.78,31.01,31.59,31847.24
1662076800000,31.59,31.79,31.13,31.58,38289.29
1662091200000,31.62,31.93,31.44,31.63,33289.5
1662105600000,31.63,31.68,31.27,31.54,28542.48
1662120000000,31.56,32.36,31.47,32.25,61274.83
1662134400000,32.31,32.33,30.77,31.05,55237.27
1662148800000,31.03,31.26,30.91,31.23,29122.35
1662163200000,31.2,31.25,30.87,30.97,33996.97
1662177600000,30.92,31.25,30.82,31.03,27377.49
1662192000000,31.03,31.2,30.91,31.03,23554.46
1662206400000,31.05,31.26,31.01,31.14,23173.04
1662220800000,31.13,31.2,30.85,31.0,22534.44
1662235200000,30.97,31.21,30.93,31.12,27077.08
1662249600000,31.12,31.66,31.09,31.42,45906.13
1662264000000,31.4,31.52,31.1,31.13,33041.77
1662278400000,31.13,31.85,31.04,31.85,23109.33
1662292800000,31.85,31.98,31.48,31.8,31746.86
1662307200000,31.79,31.94,31.66,31.72,24790.39
1662321600000,31.78,32.18,31.72,32.15,26204.97
1662336000000,32.14,32.48,32.07,32.11,35598.49
1662350400000,32.09,32.17,31.5,31.68,40764.22
1662364800000,31.68,31.72,31.17,31.27,31449.25
1662379200000,31.25,31.92,31.19,31.83,31849.86
1662393600000,31.83,32.0,31.71,31.72,27871.24
1662408000000,31.74,32.39,31.72,32.2,34670.82
1662422400000,32.2,33.53,32.16,32.68,56603.97
1662436800000,32.69,33.23,32.53,32.95,32069.21
1662451200000,32.97,33.29,32.78,33.23,26737.65
1662465600000,33.26,33.84,32.43,33.77,56859.42
1662480000000,33.77,33.81,30.78,31.02,95526.18
1662494400000,31.03,31.31,30.48,30.86,49843.0
1662508800000,30.88,31.17,30.35,30.86,35218.7
1662523200000,30.85,31.16,30.72,31.08,29222.75
1662537600000,31.1,31.3,30.98,31.16,25795.74
1662552000000,31.17,31.56,30.87,31.5,43241.43
1662566400000,31.48,32.33,31.42,31.96,38146.0
1662580800000,31.98,32.92,31.96,32.67,45918.17
1662595200000,32.7,32.82,32.27,32.44,31629.95
1662609600000,32.44,32.75,32.04,32.37,40904.02
1662624000000,32.35,33.25,32.32,32.89,40243.94
1662638400000,32.92,33.94,32.19,33.38,83190.83
1662652800000,33.4,33.45,32.91,33.45,46656.88
1662667200000,33.44,33.8,33.34,33.58,28803.06
1662681600000,33.59,34.81,33.57,34.71,44609.71
1662696000000,34.73,35.51,34.67,35.35,51455.28
1662710400000,35.35,35.93,35.15,35.36,43829.71
1662724800000,35.39,35.9,34.85,34.96,45703.36
1662739200000,34.99,35.12,34.44,34.82,38981.32
1662753600000,34.8,35.16,34.3,34.69,34103.1
1662768000000,34.71,34.98,34.32,34.72,35761.41
1662782400000,34.7,35.14,34.3,34.31,32609.96
1662796800000,34.37,34.83,34.36,34.73,28958.07
1662811200000,34.75,34.92,34.33,34.52,29353.41
1662825600000,34.5,34.99,34.32,34.89,30597.51
1662840000000,34.9,35.4,34.63,35.05,43502.8
1662854400000,35.07,35.28,34.71,34.77,28153.79
1662868800000,34.79,34.92,34.09,34.62,31625.95
1662883200000,34.62,34.81,34.46,34.76,22498.58
1662897600000,34.76,35.23,34.55,35.21,34480.2
1662912000000,35.21,35.97,35.18,35.26,48476.82
1662926400000,35.28,35.53,34.34,35.0,45382.88
1662940800000,35.01,36.27,34.42,34.88,56554.01
1662955200000,34.88,35.47,34.61,35.45,40528.72
1662969600000,35.45,38.12,35.32,37.68,116424.37
1662984000000,37.7,38.33,36.88,37.13,62844.04
1662998400000,37.13,37.84,36.83,37.62,45714.2
1663012800000,37.67,37.79,37.2,37.45,36010.73
1663027200000,37.45,38.88,36.72,38.76,72906.87
1663041600000,38.77,38.94,38.16,38.54,58355.48
1663056000000,38.55,38.88,38.18,38.45,41215.31
1663070400000,38.44,38.82,34.47,34.71,185964.27
1663084800000,34.72,35.29,33.29,34.09,66350.85
1663099200000,34.1,34.32,32.95,33.02,53277.46
1663113600000,33.0,33.79,32.7,33.62,52701.89
1663128000000,33.61,33.9,32.86,33.17,38619.19
1663142400000,33.15,33.64,32.97,33.21,44647.57
1663156800000,33.21,33.68,32.92,33.55,61982.66
1663171200000,33.55,33.59,32.75,33.47,51003.97
1663185600000,33.47,34.32,33.29,34.09,38443.97
1663200000000,34.11,34.12,32.91,33.06,35944.12
1663214400000,33.07,34.81,32.79,34.68,56727.4
1663228800000,34.68,34.78,33.72,33.92,38379.59
1663243200000,33.94,34.03,32.45,32.98,54647.96
1663257600000,32.99,33.65,32.85,33.45,29018.54
1663272000000,33.46,33.77,32.78,33.08,43941.63
1663286400000,33.08,33.23,32.52,32.86,32557.67
1663300800000,32.83,33.08,32.81,32.85,23991.77
1663315200000,32.83,33.11,32.35,33.07,30649.39
1663329600000,33.08,33.11,31.89,32.28,41924.66
1663344000000,32.26,32.28,31.54,32.15,32212.6
1663358400000,32.11,32.38,32.07,32.24,26415.5
1663372800000,32.23,32.94,32.21,32.66,34880.91
1663387200000,32.7,33.05,32.56,32.82,30989.7
1663401600000,32.84,32.97,32.63,32.65,26299.22
1663416000000,32.63,33.3,32.53,33.27,27920.47
1663430400000,33.29,33.6,33.12,33.26,30425.82
1663444800000,33.26,33.87,33.2,33.71,35521.1
1663459200000,33.72,33.86,33.27,33.38,38787.07
1663473600000,33.39,33.86,33.37,33.8,27797.64
1663488000000,33.82,33.97,33.01,33.34,35123.18
1663502400000,33.36,33.48,32.78,32.93,33559.6
1663516800000,32.92,32.98,32.09,32.43,49131.43
1663531200000,32.43,32.43,30.88,31.07,62056.76
1663545600000,31.1,31.75,30.54,30.89,72774.32
1663560000000,30.89,31.64,30.87,31.13,52776.35
1663574400000,31.13,31.44,30.64,31.27,41732.42
1663588800000,31.25,32.51,31.21,31.91,63890.9
1663603200000,31.92,32.96,31.7,32.8,56359.06
1663617600000,32.8,33.06,32.58,32.65,42796.14
1663632000000,32.62,32.87,31.94,32.43,42655.42
1663646400000,32.42,32.72,32.12,32.32,49740.61
1663660800000,32.33,32.51,31.93,32.2,39730.1
1663675200000,32.19,32.55,31.6,32.54,59843.68
1663689600000,32.52,32.55,31.48,31.82,51701.61
1663704000000,31.87,31.98,31.32,31.44,37384.79
1663718400000,31.42,31.97,31.33,31.84,32683.48
1663732800000,31.84,32.02,31.45,31.75,33847.14
1663747200000,31.75,32.07,31.41,32.07,33194.25
1663761600000,32.02,32.31,31.26,31.51,37899.3
1663776000000,31.48,33.44,30.83,31.57,110979.77
1663790400000,31.57,31.66,30.06,30.65,42868.16
1663804800000,30.68,31.12,30.59,31.01,48044.67
1663819200000,31.01,31.75,31.01,31.71,29447.9
1663833600000,31.71,32.42,31.71,32.36,42060.08
1663848000000,32.38,32.49,31.62,31.92,33300.83
1663862400000,31.9,32.85,31.56,32.47,48597.47
1663876800000,32.5,32.73,32.1,32.42,29989.53
1663891200000,32.43,33.21,32.17,33.02,37146.2
1663905600000,32.99,33.28,32.56,32.56,30498.68
1663920000000,32.56,32.67,31.56,31.71,33050.6
1663934400000,31.74,32.25,31.21,31.61,36960.94
1663948800000,31.59,31.92,31.26,31.92,47069.74
1663963200000,31.91,33.94,31.91,33.66,63855.21
1663977600000,33.66,34.47,33.43,34.0,37582.68
1663992000000,34.0,34.04,33.53,33.76,26565.45
1664006400000,33.76,34.75,33.58,34.47,43919.38
1664020800000,34.49,34.59,33.58,33.7,27849.9
1664035200000,33.7,34.15,33.28,34.07,25755.81
1664049600000,34.08,34.08,33.16,33.41,39612.39
1664064000000,33.41,33.67,33.38,33.65,24413.01
1664078400000,33.67,34.04,33.63,33.94,24072.92
1664092800000,33.99,33.99,33.49,33.66,27576.16
1664107200000,33.64,33.78,32.84,33.25,28605.83
1664121600000,33.25,33.35,32.6,32.73,25329.61
1664136000000,32.74,32.74,31.89,32.33,36732.14
1664150400000,32.31,32.69,32.06,32.51,32756.98
1664164800000,32.48,32.58,31.89,32.44,22645.69
1664179200000,32.46,33.29,32.15,32.52,28887.21
1664193600000,32.54,33.42,32.28,33.09,25024.89
1664208000000,33.09,33.92,32.72,33.72,27254.41
1664222400000,33.73,33.93,33.35,33.86,30139.69
1664236800000,33.86,34.97,33.76,34.75,65977.2
1664251200000,34.74,35.01,34.5,34.54,41872.71
1664265600000,34.54,34.93,34.36,34.68,24684.21
1664280000000,34.69,35.39,34.32,34.35,72370.98
1664294400000,34.36,34.54,32.1,32.63,105583.29
1664308800000,32.6,32.91,32.37,32.71,25511.83
1664323200000,32.7,32.91,31.67,32.33,54038.75
1664337600000,32.33,32.58,31.89,32.3,34719.18
1664352000000,32.34,32.82,31.87,32.48,66760.04
1664366400000,32.49,33.13,32.42,33.1,87576.81
1664380800000,33.1,33.73,32.8,33.59,71285.87
1664395200000,33.6,33.78,33.14,33.25,40043.06
1664409600000,33.25,33.88,32.99,33.71,44783.38
1664424000000,33.73,33.94,33.15,33.39,36418.2
1664438400000,33.35,33.92,33.23,33.76,47326.98
1664452800000,33.78,34.19,32.69,34.11,123502.44
1664467200000,34.09,34.4,33.43,33.85,93323.47
1664481600000,33.88,34.11,33.64,33.94,24062.95
1664496000000,33.94,34.3,33.76,34.07,57032.63
1664510400000,34.07,34.33,33.88,34.22,17529.24
1664524800000,34.26,34.62,33.91,33.95,27448.8
1664539200000,33.97,35.21,33.45,34.65,91321.44
1664553600000,34.62,34.82,33.64,33.74,46781.31
1664568000000,33.71,33.86,32.67,33.26,56204.1
1664582400000,33.21,33.24,32.74,33.09,28574.81
1664596800000,33.09,33.11,32.8,33.01,30973.95
1664611200000,33.02,33.16,32.84,33.02,16647.82
1664625600000,33.01,33.1,32.83,32.97,12049.7
1664640000000,32.97,33.01,32.38,32.67,29053.63
1664654400000,32.65,32.67,32.42,32.47,13204.38
1664668800000,32.47,32.95,32.42,32.82,14213.07
1664683200000,32.82,33.0,32.77,32.82,9720.73
1664697600000,32.82,32.89,32.13,32.54,23554.38
1664712000000,32.55,32.59,32.24,32.4,18392.1
1664726400000,32.4,32.81,32.37,32.71,14982.44
1664740800000,32.73,32.77,31.92,32.06,32395.91
1664755200000,32.05,32.49,31.75,32.3,15457.78
1664769600000,32.33,32.43,32.0,32.23,17946.35
1664784000000,32.23,32.49,32.15,32.49,13938.76
1664798400000,32.49,33.12,32.44,32.81,54908.2
1664812800000,32.85,33.2,32.69,32.94,34270.74
1664827200000,32.93,33.24,32.75,32.92,30366.19
1664841600000,32.92,33.13,32.85,33.08,10660.82
1664856000000,33.09,33.77,32.99,33.7,36352.55
1664870400000,33.71,33.86,33.42,33.65,17970.68
1664884800000,33.65,34.37,33.56,34.16,43326.77
1664899200000,34.18,34.24,33.82,34.12,26564.52
1664913600000,34.1,34.37,33.93,34.09,16311.87
1664928000000,34.1,34.34,33.9,34.09,13244.61
1664942400000,34.08,34.29,33.96,34.13,10884.35
1664956800000,34.13,34.14,33.46,33.53,23835.58
1664971200000,33.54,33.68,33.21,33.68,28821.8
1664985600000,33.67,34.26,33.62,33.87,37236.71
1665000000000,33.87,34.13,33.67,34.06,18696.84
1665014400000,34.06,34.47,34.05,34.34,28651.96
1665028800000,34.32,34.44,33.91,34.05,22236.66
1665043200000,34.05,34.13,33.87,34.13,15476.01
1665057600000,34.13,34.28,33.6,33.86,39091.53
1665072000000,33.85,34.01,33.61,33.66,32263.22
1665086400000,33.65,33.78,33.26,33.35,19364.11
1665100800000,33.35,33.75,33.33,33.64,9665.48
1665115200000,33.62,33.72,33.17,33.36,18208.82
1665129600000,33.34,33.46,33.18,33.37,15920.3
1665144000000,33.35,33.39,32.46,32.9,80663.65
1665158400000,32.91,33.03,32.67,32.95,30458.39
1665172800000,32.96,33.12,32.83,33.0,12292.18
1665187200000,32.99,33.07,32.77,32.85,8952.37
1665201600000,32.84,32.99,32.75,32.97,8336.24
1665216000000,32.98,33.02,32.84,32.94,7611.61
1665230400000,32.94,32.97,32.72,32.81,10591.44
1665244800000,32.82,32.99,32.69,32.71,10530.66
1665259200000,32.71,32.8,32.38,32.59,26953.88
1665273600000,32.55,32.63,32.45,32.49,7249.36
1665288000000,32.48,32.76,32.47,32.74,7738.5
1665302400000,32.72,32.93,32.63,32.84,9077.18
1665316800000,32.84,33.12,32.8,33.08,14304.39
1665331200000,33.1,33.12,32.87,32.97,9956.61
1665345600000,32.97,32.98,32.64,32.9,15848.33
1665360000000,32.93,33.44,32.85,33.03,13070.06
1665374400000,33.02,33.12,32.79,32.92,8698.71
1665388800000,32.91,32.93,32.41,32.69,33956.55
1665403200000,32.73,32.89,32.43,32.63,30304.37
1665417600000,32.61,32.65,32.3,32.48,27100.59
1665432000000,32.49,32.55,31.91,31.94,20993.95
1665446400000,31.97,31.97,31.06,31.37,45445.82
1665460800000,31.39,31.6,31.3,31.55,16995.15
1665475200000,31.55,31.62,31.29,31.54,18509.41
1665489600000,31.54,31.72,31.1,31.59,35704.77
1665504000000,31.6,31.84,31.16,31.17,33322.76
1665518400000,31.18,31.38,30.44,30.79,33857.4
1665532800000,30.8,31.1,30.7,30.95,14486.82
1665547200000,30.96,31.41,30.91,31.25,14606.42
1665561600000,31.23,31.52,31.17,31.24,8583.4
1665576000000,31.26,31.33,30.94,31.3,25929.54
1665590400000,31.28,31.3,30.88,31.14,13316.48
1665604800000,31.14,31.27,31.1,31.13,6631.19
1665619200000,31.18,31.21,30.55,30.76,14123.41
1665633600000,30.77,30.78,29.35,29.73,95924.63
1665648000000,29.73,29.92,28.28,28.81,143884.0
1665662400000,28.82,29.91,27.94,29.68,177169.68
1665676800000,29.68,30.9,29.61,30.56,40992.5
1665691200000,30.56,30.87,30.51,30.51,14452.83
1665705600000,30.51,31.86,30.4,31.62,59126.62
1665720000000,31.65,31.95,31.24,31.36,36121.8
1665734400000,31.35,31.51,31.18,31.23,23472.43
1665748800000,31.25,31.79,30.83,30.83,59432.75
1665763200000,30.83,30.9,30.0,30.18,43348.87
1665777600000,30.18,30.28,29.65,29.98,23948.78
1665792000000,30.02,30.17,29.89,30.08,19564.84
1665806400000,30.1,30.18,29.87,30.04,14046.77
1665820800000,30.06,30.06,29.58,29.97,29855.09
1665835200000,29.98,30.08,29.74,29.93,18639.13
1665849600000,29.95,30.06,29.78,29.88,11511.3
1665864000000,29.84,29.87,29.45,29.57,12435.82
1665878400000,29.55,29.92,29.54,29.76,6348.97
1665892800000,29.79,29.92,29.7,29.79,9496.98
1665907200000,29.8,30.02,29.75,29.92,7858.26
1665921600000,29.97,30.03,29.82,29.98,6702.47
1665936000000,29.96,30.37,29.84,30.36,13310.98
1665950400000,30.37,30.5,29.91,30.18,20500.32
1665964800000,30.16,30.24,29.86,29.99,11722.18
1665979200000,30.02,30.36,29.96,30.31,11933.6
1665993600000,30.3,30.74,30.18,30.56,20859.09
1666008000000,30.53,31.18,30.45,30.95,32181.42
1666022400000,30.94,30.97,30.59,30.79,18688.23
1666036800000,30.81,31.26,30.78,31.21,18554.28
1666051200000,31.23,31.45,30.91,31.11,20512.58
1666065600000,31.09,31.23,30.94,31.12,17571.39
1666080000000,31.12,31.13,30.44,30.86,23602.74
1666094400000,30.85,31.0,30.16,30.32,45615.91
1666108800000,30.33,30.5,29.76,30.07,37152.23
1666123200000,30.08,30.46,30.05,30.17,14131.0
1666137600000,30.14,30.25,29.9,30.01,15965.14
1666152000000,30.03,30.06,29.79,30.04,15070.87
1666166400000,30.01,30.17,29.8,29.94,16276.7
1666180800000,29.92,30.01,29.59,29.97,37233.72
1666195200000,30.01,30.01,29.55,29.74,24057.7
1666209600000,29.74,29.82,28.59,28.88,38093.33
1666224000000,28.84,28.99,28.46,28.95,30928.75
1666238400000,28.94,29.35,28.89,29.25,38955.06
1666252800000,29.26,29.45,29.17,29.34,13126.61
1666267200000,29.34,29.42,28.99,29.17,23214.47
1666281600000,29.16,29.16,28.08,28.27,51252.94
1666296000000,28.29,28.39,28.0,28.04,22082.27
1666310400000,28.05,28.23,27.54,28.1,35111.63
1666324800000,28.15,28.2,27.87,27.94,21624.38
1666339200000,27.94,27.97,27.25,27.49,42803.39
1666353600000,27.49,27.69,26.86,27.56,94852.55
1666368000000,27.56,28.24,27.55,28.18,42008.13
1666382400000,28.18,28.27,27.89,28.09,15338.02
1666396800000,28.1,28.16,27.69,27.8,9765.26
1666411200000,27.81,27.88,27.51,27.76,15811.19
1666425600000,27.77,28.0,27.74,27.98,17051.65
1666440000000,27.97,28.19,27.84,28.0,26431.81
1666454400000,28.0,28.07,27.66,27.8,19834.69
1666468800000,27.8,28.18,27.75,28.01,17017.18
1666483200000,28.01,28.55,27.92,28.34,30833.93
1666497600000,28.36,28.55,28.24,28.42,18750.89
1666512000000,28.42,28.5,27.96,27.99,29357.62
1666526400000,27.99,28.14,27.77,27.94,27359.94
1666540800000,27.95,29.01,27.93,28.8,69320.26
1666555200000,28.82,29.42,28.75,29.26,52218.01
1666569600000,29.26,29.47,28.6,28.61,39854.48
1666584000000,28.61,28.76,28.38,28.52,37336.07
1666598400000,28.52,29.17,28.47,29.12,27015.72
1666612800000,29.14,29.17,28.2,28.45,56237.34
1666627200000,28.45,28.58,28.18,28.41,26872.76
1666641600000,28.41,28.57,28.23,28.3,15923.13
1666656000000,28.3,28.51,28.12,28.48,12750.38
1666670400000,28.48,28.58,28.36,28.43,7662.03
1666684800000,28.43,28.47,28.08,28.21,12737.97
1666699200000,28.21,29.77,28.11,29.68,65454.22
1666713600000,29.68,32.28,29.67,31.49,265996.58
1666728000000,31.49,31.56,30.74,30.88,78275.99
1666742400000,30.88,31.34,30.82,31.14,40675.96
1666756800000,31.13,31.51,31.01,31.35,23113.12
1666771200000,31.35,31.87,31.14,31.26,48053.14
1666785600000,31.26,32.1,30.65,31.41,138837.6
1666800000000,31.42,31.66,30.97,31.27,31611.28
1666814400000,31.26,31.58,31.0,31.29,47835.83
1666828800000,31.28,31.6,31.06,31.45,33218.12
1666843200000,31.45,32.32,31.42,31.64,71694.92
1666857600000,31.64,31.82,31.23,31.38,20025.17
1666872000000,31.37,32.07,31.2,31.3,182194.12
1666886400000,31.3,31.58,31.12,31.42,61873.84
1666900800000,31.42,31.49,30.46,30.59,152491.19
1666915200000,30.58,30.85,30.41,30.66,60167.06
1666929600000,30.67,30.72,30.12,30.2,18278.35
1666944000000,30.2,30.62,30.19,30.44,16887.09
1666958400000,30.44,31.29,30.15,31.11,48568.39
1666972800000,31.11,32.24,31.06,32.01,55655.25
1666987200000,32.01,32.53,31.97,32.05,31640.08
1667001600000,32.05,33.0,31.88,32.91,33222.34
1667016000000,32.91,33.27,32.54,33.27,37061.08
1667030400000,33.27,33.81,32.91,32.99,48217.18
1667044800000,32.98,33.37,32.74,33.14,27267.7
1667059200000,33.14,33.7,32.78,32.95,38906.39
1667073600000,32.95,33.12,32.63,32.87,11980.96
1667088000000,32.88,33.24,32.73,33.02,11422.21
1667102400000,33.02,33.51,32.75,33.43,19771.57
1667116800000,33.43,33.51,32.41,32.7,28021.3
1667131200000,32.7,32.7,32.15,32.19,21338.32
1667145600000,32.19,32.46,32.04,32.36,15465.57
1667160000000,32.36,33.12,31.93,32.91,29947.25
1667174400000,32.91,33.34,32.44,32.82,26024.66
1667188800000,32.82,33.46,32.81,33.39,25774.42
1667203200000,33.39,34.36,33.16,34.06,52050.45
1667217600000,34.06,34.14,32.66,33.0,71974.1
1667232000000,33.0,33.21,32.56,32.57,24532.25
1667246400000,32.57,32.75,32.22,32.58,18975.52
1667260800000,32.58,32.99,32.52,32.63,14494.75
1667275200000,32.63,33.21,32.59,33.03,15939.34
1667289600000,33.03,33.39,32.84,32.91,25162.54
1667304000000,32.92,33.12,32.29,32.48,31031.77
1667318400000,32.48,32.58,32.18,32.24,24324.26
1667332800000,32.23,32.41,32.18,32.23,9375.2
1667347200000,32.23,32.36,31.96,32.27,18321.89
1667361600000,32.29,32.39,31.55,31.75,17565.87
1667376000000,31.75,31.94,31.13,31.32,25632.63
1667390400000,31.32,31.53,31.16,31.34,26585.43
1667404800000,31.34,32.94,30.82,30.92,142049.02
1667419200000,30.91,31.03,30.26,30.82,36903.96
1667433600000,30.81,31.79,30.64,31.67,29690.99
1667448000000,31.67,32.23,31.66,31.66,28599.18
1667462400000,31.66,32.04,31.16,31.24,19415.36
1667476800000,31.25,31.55,30.9,31.2,28830.35
1667491200000,31.2,31.43,31.18,31.28,10399.93
1667505600000,31.28,31.41,30.63,30.84,16993.96
1667520000000,30.86,31.91,30.67,31.91,24366.86
1667534400000,31.91,32.55,31.7,32.4,26386.76
1667548800000,32.4,32.73,32.18,32.32,16354.59
1667563200000,32.33,33.97,31.89,33.13,75723.7
1667577600000,33.13,33.51,32.73,33.49,31302.04
1667592000000,33.49,34.18,33.4,33.75,20747.43
1667606400000,33.75,35.0,33.68,34.71,30402.59
1667620800000,34.71,35.57,34.52,35.22,24825.16
1667635200000,35.22,35.52,34.82,35.41,21855.22
1667649600000,35.41,38.05,34.4,37.24,109842.93
1667664000000,37.24,38.74,35.8,37.07,149712.21
1667678400000,37.08,37.3,36.5,36.87,45489.33
1667692800000,36.87,37.04,35.66,36.01,60549.15
1667707200000,36.0,36.22,35.54,36.14,25480.24
1667721600000,36.14,36.39,35.58,35.76,40581.22
1667736000000,35.76,35.98,35.04,35.07,28583.15
1667750400000,35.08,35.37,33.74,34.17,53688.45
1667764800000,34.17,34.17,32.37,32.63,53119.82
1667779200000,32.63,33.11,32.15,32.45,34813.08
1667793600000,32.45,32.55,30.73,30.79,68134.7
1667808000000,30.8,31.91,30.7,31.62,50064.87
1667822400000,31.62,32.82,30.88,32.8,85393.38
1667836800000,32.8,32.84,31.89,32.41,52384.88
1667851200000,32.41,32.47,28.17,29.61,187905.97
1667865600000,29.61,29.7,26.08,26.53,161897.32
1667880000000,26.53,28.57,25.02,27.97,298165.63
1667894400000,27.97,29.03,27.8,28.02,87528.73
1667908800000,28.01,28.49,26.68,27.7,114751.21
1667923200000,27.7,31.64,20.06,23.84,931710.49
1667937600000,23.83,24.7,22.68,24.36,343540.29
1667952000000,24.36,24.36,21.28,22.12,238423.28
1667966400000,22.12,22.16,19.19,19.31,470229.39
1667980800000,19.31,20.41,16.27,20.05,983388.4
1667995200000,20.05,20.72,15.79,16.14,710345.34
1668009600000,16.15,17.41,12.62,13.85,766150.01
1668024000000,13.86,14.84,12.43,14.07,502583.98
1668038400000,14.07,16.0,13.24,15.28,407073.81
1668052800000,15.28,16.0,14.58,15.36,313800.76
1668067200000,15.36,15.36,13.2,14.12,452953.36
1668081600000,14.13,18.48,14.05,17.72,656817.29
1668096000000,17.72,18.84,16.28,17.28,322393.87
1668110400000,17.27,18.46,16.95,17.63,175561.96
1668124800000,17.64,18.09,15.85,16.4,147349.53
1668139200000,16.4,17.63,16.18,17.25,115052.86
1668153600000,17.25,18.25,17.11,18.11,93576.97
1668168000000,18.11,18.21,15.19,16.48,236431.14
1668182400000,16.46,16.6,15.88,16.22,84584.17
1668196800000,16.22,16.45,15.43,16.41,94744.75
1668211200000,16.41,16.47,15.76,15.84,41195.96
1668225600000,15.84,15.88,14.75,15.46,112360.69
1668240000000,15.46,15.65,15.09,15.28,50103.67
1668254400000,15.28,15.46,14.81,14.84,48062.68
1668268800000,14.84,15.21,14.8,15.13,27069.93
1668283200000,15.13,15.14,14.5,14.59,33832.53
1668297600000,14.59,14.7,14.06,14.54,49971.06
1668312000000,14.54,14.62,13.5,13.98,63018.28
1668326400000,13.98,13.99,13.39,13.81,49115.25
1668340800000,13.81,14.39,13.62,14.03,46712.44
1668355200000,14.03,14.18,13.62,13.97,25747.1
1668369600000,13.97,14.01,13.07,13.19,46894.83
1668384000000,13.19,13.34,12.1,13.0,77377.93
1668398400000,13.0,14.88,12.49,14.55,158521.26
1668412800000,14.55,14.95,14.23,14.27,84121.05
1668427200000,14.26,14.93,13.53,13.74,85563.87
1668441600000,13.74,14.18,13.29,13.75,46689.59
1668456000000,13.75,14.18,13.63,14.0,38736.42
1668470400000,14.0,14.41,13.86,14.2,38349.21
1668484800000,14.2,14.63,13.89,14.47,23623.82
1668499200000,14.46,14.87,14.44,14.57,28851.48
1668513600000,14.57,15.03,14.13,14.36,56727.45
1668528000000,14.36,14.6,14.08,14.34,29023.41
1668542400000,14.34,14.4,14.18,14.32,16141.4
1668556800000,14.32,14.61,14.13,14.53,16346.73
1668571200000,14.53,14.56,14.3,14.37,10377.95
1668585600000,14.37,14.6,14.1,14.18,21773.08
1668600000000,14.17,14.19,13.71,13.79,26995.06
1668614400000,13.77,14.2,13.68,14.12,19145.29
1668628800000,14.12,14.39,14.09,14.28,14132.57
1668643200000,14.28,14.48,14.22,14.24,14882.76
1668657600000,14.24,14.41,14.07,14.26,14982.64
1668672000000,14.26,14.31,14.09,14.21,11416.08
1668686400000,14.21,14.22,12.95,13.53,109885.12
1668700800000,13.52,13.72,13.34,13.45,28477.24
1668715200000,13.45,13.78,13.44,13.63,12606.82
1668729600000,13.63,13.85,13.57,13.73,11939.1
1668744000000,13.73,13.74,13.59,13.62,15877.18
1668758400000,13.62,13.72,13.47,13.6,11184.4
1668772800000,13.6,13.65,13.3,13.38,16166.44
1668787200000,13.38,13.41,13.03,13.16,18263.78
1668801600000,13.16,13.29,13.13,13.26,8833.49
1668816000000,13.27,13.27,12.66,12.88,13515.82
1668830400000,12.88,12.98,12.73,12.85,11248.79
1668844800000,12.85,12.97,12.77,12.84,9268.24
1668859200000,12.84,12.89,12.6,12.72,21005.64
1668873600000,12.71,12.86,12.67,12.79,11296.83
1668888000000,12.79,12.94,12.75,12.84,10198.99
1668902400000,12.83,12.9,12.69,12.89,9338.19
1668916800000,12.89,13.54,12.89,13.08,23233.23
1668931200000,13.08,13.09,12.59,12.59,17155.0
1668945600000,12.59,13.08,12.51,13.01,43824.16
1668960000000,13.01,13.03,12.71,12.78,12692.03
1668974400000,12.77,12.8,12.15,12.24,25956.17
1668988800000,12.25,12.27,11.58,11.76,40516.12
1669003200000,11.78,11.98,11.67,11.72,19870.34
1669017600000,11.72,11.89,11.57,11.8,21497.26
1669032000000,11.81,12.14,11.75,11.9,25016.36
1669046400000,11.9,12.07,11.31,11.43,44481.67
1669060800000,11.43,11.96,11.39,11.85,31495.88
1669075200000,11.87,12.01,11.58,11.62,15603.47
1669089600000,11.62,11.7,11.31,11.51,17801.7
1669104000000,11.49,11.52,11.02,11.04,27955.99
1669118400000,11.05,12.04,10.95,12.03,54162.39
1669132800000,12.04,12.13,11.69,11.84,24095.29
1669147200000,11.84,12.47,11.83,12.41,27494.55
1669161600000,12.4,13.4,12.39,13.08,48868.06
1669176000000,13.08,13.23,12.85,13.14,23576.76
1669190400000,13.14,13.44,12.95,13.33,36239.98
1669204800000,13.34,13.37,12.73,13.06,25998.52
1669219200000,13.06,14.42,12.99,14.03,62898.25
1669233600000,14.02,14.45,13.89,14.36,33886.49
1669248000000,14.36,14.95,14.02,14.59,38132.95
1669262400000,14.59,14.59,14.22,14.44,20623.63
1669276800000,14.44,14.45,13.88,14.06,24274.57
1669291200000,14.06,14.5,14.01,14.42,30554.06
1669305600000,14.42,14.77,14.35,14.43,20318.4
1669320000000,14.43,14.63,14.31,14.56,12126.54
1669334400000,14.56,14.58,13.98,14.16,21680.16
1669348800000,14.16,14.25,13.94,14.2,12324.52
1669363200000,14.22,14.43,14.02,14.3,14092.21
1669377600000,14.3,14.4,14.07,14.16,13101.19
1669392000000,14.15,14.22,13.98,14.19,13677.23
1669406400000,14.19,14.27,14.04,14.07,10723.5
1669420800000,14.07,14.56,14.02,14.37,16142.85
1669435200000,14.37,14.45,14.24,14.43,7381.17
1669449600000,14.44,14.91,14.36,14.74,17380.74
1669464000000,14.74,14.79,14.4,14.45,13312.98
1669478400000,14.45,14.46,14.11,14.21,18006.87
1669492800000,14.22,14.27,13.97,14.16,9869.47
1669507200000,14.17,14.33,14.08,14.29,6465.34
1669521600000,14.27,14.42,14.22,14.33,15210.37
1669536000000,14.33,14.37,14.2,14.32,8045.42
1669550400000,14.32,14.41,14.18,14.4,12885.0
1669564800000,14.41,14.42,14.23,14.29,7955.49
1669579200000,14.29,14.41,14.07,14.08,10676.93
1669593600000,14.11,14.17,12.81,13.12,56657.55
1669608000000,13.12,13.5,13.05,13.42,18359.95
1669622400000,13.42,13.52,13.3,13.47,18625.88
1669636800000,13.47,13.51,13.12,13.21,16860.3
1669651200000,13.21,13.72,13.0,13.35,31053.81
1669665600000,13.35,13.43,13.3,13.35,13922.92
1669680000000,13.35,13.55,13.18,13.45,11732.89
1669694400000,13.45,13.86,13.44,13.72,19465.8
1669708800000,13.72,13.92,13.61,13.66,13308.56
1669723200000,13.65,13.67,13.37,13.45,13623.42
1669737600000,13.45,13.46,13.3,13.41,9742.19
1669752000000,13.41,13.45,13.31,13.35,8708.88
1669766400000,13.36,13.95,13.33,13.53,25369.81
1669780800000,13.53,13.74,13.53,13.73,14676.94
1669795200000,13.73,13.76,13.64,13.72,11317.0
1669809600000,13.72,13.75,13.5,13.57,19819.41
1669824000000,13.56,13.81,13.25,13.66,29027.77
1669838400000,13.66,14.27,13.61,14.12,28723.62
1669852800000,14.12,14.16,13.83,13.92,14602.89
1669867200000,13.91,13.97,13.8,13.83,9563.84
1669881600000,13.83,13.92,13.75,13.81,11290.59
1669896000000,13.81,13.91,13.49,13.61,28202.18
1669910400000,13.61,13.64,13.52,13.55,17053.71
1669924800000,13.54,13.56,13.41,13.5,16319.29
1669939200000,13.5,13.66,13.37,13.44,11566.3
1669953600000,13.44,13.55,13.35,13.53,8273.14
1669968000000,13.52,13.65,13.48,13.61,18424.42
1669982400000,13.61,13.79,13.41,13.52,32907.67
1669996800000,13.53,13.67,13.47,13.66,11395.37
1670011200000,13.67,13.77,13.66,13.72,11441.17
1670025600000,13.72,13.75,13.57,13.61,9669.1
1670040000000,13.62,13.68,13.53,13.55,10412.24
1670054400000,13.56,13.59,13.47,13.52,8667.16
1670068800000,13.52,13.61,13.48,13.58,7364.2
1670083200000,13.58,13.61,13.51,13.54,9503.13
1670097600000,13.54,13.56,13.25,13.31,12915.36
1670112000000,13.31,13.53,13.28,13.43,9310.5
1670126400000,13.44,13.51,13.42,13.45,5671.72
1670140800000,13.45,13.48,13.35,13.37,5371.2
1670155200000,13.37,13.5,13.35,13.48,12080.12
1670169600000,13.46,13.58,13.43,13.54,13180.97
1670184000000,13.55,13.72,13.53,13.69,13587.32
1670198400000,13.69,14.14,13.64,13.91,30635.3
1670212800000,13.91,14.01,13.86,13.94,12923.55
1670227200000,13.94,14.08,13.92,14.01,18497.99
1670241600000,14.01,14.03,13.7,13.76,17713.36
1670256000000,13.77,14.0,13.61,13.68,33393.74
1670270400000,13.67,13.98,13.65,13.84,22365.34
1670284800000,13.84,14.27,13.82,14.15,26153.84
1670299200000,14.15,14.34,14.03,14.13,24535.35
1670313600000,14.14,14.17,13.9,13.98,22630.6
1670328000000,13.99,14.09,13.9,13.98,14767.86
1670342400000,13.98,14.06,13.91,14.0,17140.29
1670356800000,14.0,14.29,13.99,14.25,32540.38
1670371200000,14.26,14.36,14.04,14.05,12382.03
1670385600000,14.05,14.08,13.6,13.63,22545.07
1670400000000,13.63,13.72,13.47,13.64,18676.82
1670414400000,13.64,13.73,13.61,13.69,15962.77
1670428800000,13.69,13.73,13.56,13.6,7338.28
1670443200000,13.6,13.62,13.5,13.52,9315.64
1670457600000,13.52,13.54,13.37,13.46,11506.38
1670472000000,13.46,13.54,13.3,13.51,15510.03
1670486400000,13.52,13.57,13.4,13.52,9640.74
1670500800000,13.52,13.61,13.44,13.57,8355.03
1670515200000,13.57,13.76,13.52,13.74,8330.77
1670529600000,13.73,13.76,13.62,13.69,7104.86
1670544000000,13.69,13.76,13.62,13.72,7228.87
1670558400000,13.74,13.75,13.63,13.7,4550.95
1670572800000,13.69,14.0,13.63,13.87,17750.24
1670587200000,13.87,13.91,13.71,13.83,15038.36
1670601600000,13.83,13.85,13.58,13.64,11897.06
1670616000000,13.62,13.65,13.53,13.61,6552.29
1670630400000,13.6,13.67,13.56,13.63,3609.92
1670644800000,13.62,13.69,13.62,13.64,4914.55
1670659200000,13.64,13.66,13.58,13.59,4292.74
1670673600000,13.61,13.66,13.57,13.65,5126.45
1670688000000,13.65,13.69,13.6,13.65,3468.98
1670702400000,13.65,13.7,13.56,13.57,3465.69
1670716800000,13.58,13.66,13.54,13.65,2606.2
1670731200000,13.65,13.67,13.61,13.64,2149.7
1670745600000,13.64,13.67,13.6,13.64,2496.6
1670760000000,13.64,13.74,13.61,13.66,6781.97
1670774400000,13.68,13.78,13.63,13.72,4737.16
1670788800000,13.72,13.73,13.4,13.44,11282.51
1670803200000,13.44,13.49,12.85,12.94,16996.61
1670817600000,12.94,13.03,12.93,12.99,5876.46
1670832000000,13.0,13.2,12.95,13.16,8561.98
1670846400000,13.16,13.18,13.02,13.11,10527.89
1670860800000,13.11,13.22,13.08,13.21,14877.87
1670875200000,13.21,13.36,13.2,13.3,9577.48
1670889600000,13.3,13.36,13.07,13.1,7972.78
1670904000000,13.08,13.16,12.8,12.98,12134.01
1670918400000,12.98,13.32,12.93,13.31,13831.11
1670932800000,13.31,14.12,13.19,13.73,49379.35
1670947200000,13.73,13.82,13.6,13.79,9917.73
1670961600000,13.78,13.9,13.75,13.89,9717.34
1670976000000,13.89,13.99,13.84,13.95,7986.38
1670990400000,13.96,14.02,13.82,13.9,6103.86
1671004800000,13.9,14.0,13.89,13.96,7324.88
1671019200000,13.96,14.53,13.94,14.47,25533.52
1671033600000,14.47,14.93,14.18,14.31,59983.65
1671048000000,14.31,14.47,14.09,14.14,17471.35
1671062400000,14.14,14.49,13.9,14.37,19584.5
1671076800000,14.38,14.38,14.16,14.16,7996.28
1671091200000,14.17,14.21,14.05,14.12,8790.0
1671105600000,14.12,14.15,13.92,14.01,13945.95
1671120000000,14.01,14.12,13.9,14.11,8077.47
1671134400000,14.12,14.18,13.95,14.04,7991.33
1671148800000,14.04,14.15,13.91,14.05,6750.28
1671163200000,14.05,14.11,13.94,14.08,4742.64
1671177600000,14.1,14.1,13.38,13.51,21480.09
1671192000000,13.51,13.52,13.02,13.05,20874.29
1671206400000,13.05,13.08,12.67,12.99,25531.42
1671220800000,12.99,13.08,12.05,12.26,32017.34
1671235200000,12.27,12.37,11.94,12.24,17335.62
1671249600000,12.26,12.54,12.2,12.43,13102.04
1671264000000,12.44,12.48,12.29,12.31,11959.37
1671278400000,12.31,12.36,12.21,12.33,7118.0
1671292800000,12.33,12.34,12.18,12.28,6001.19
1671307200000,12.28,12.53,12.25,12.5,6254.93
1671321600000,12.5,12.54,12.39,12.49,4069.21
1671336000000,12.49,12.6,12.43,12.45,8514.93
1671350400000,12.45,12.49,12.29,12.4,5258.5
1671364800000,12.4,12.44,12.29,12.33,3976.65
1671379200000,12.32,12.52,12.3,12.45,5996.43
1671393600000,12.45,12.59,12.37,12.4,7320.67
1671408000000,12.4,12.56,12.19,12.24,10551.43
1671422400000,12.24,12.33,12.19,12.23,5947.2
1671436800000,12.23,12.37,12.22,12.3,5924.52
1671451200000,12.29,12.34,12.18,12.2,8281.58
1671465600000,12.2,12.23,11.94,12.02,15935.26
1671480000000,12.02,12.14,11.7,11.95,10824.3
1671494400000,11.94,12.29,11.86,12.19,8765.23
1671508800000,12.19,12.43,12.17,12.33,5932.23
1671523200000,12.33,12.42,12.3,12.36,4223.35
1671537600000,12.36,12.46,12.21,12.35,10799.04
1671552000000,12.35,12.37,12.15,12.25,6856.14
1671566400000,12.25,12.33,12.22,12.27,5363.76
1671580800000,12.28,12.3,12.08,12.1,6455.76
1671595200000,12.1,12.11,11.95,12.04,5990.18
1671609600000,12.04,12.16,11.99,12.13,5630.18
1671624000000,12.12,12.13,11.97,12.07,8221.63
1671638400000,12.07,12.08,11.96,11.98,4496.42
1671652800000,11.97,12.21,11.93,12.14,7878.23
1671667200000,12.13,12.18,12.09,12.13,3715.29
1671681600000,12.14,12.15,12.01,12.07,3754.48
1671696000000,12.07,12.17,12.05,12.13,5467.74
1671710400000,12.12,12.16,11.76,11.78,12295.81
1671724800000,11.78,11.89,11.7,11.84,6312.23
1671739200000,11.84,12.09,11.71,11.81,14523.86
1671753600000,11.82,12.09,11.74,12.01,9614.11
1671768000000,12.01,12.02,11.87,11.91,6380.66
1671782400000,11.9,11.96,11.82,11.88,5986.45
1671796800000,11.88,11.96,11.79,11.86,14449.81
1671811200000,11.86,11.88,11.81,11.86,3743.3
1671825600000,11.86,11.88,11.76,11.79,3733.24
1671840000000,11.79,11.8,11.74,11.79,3960.5
1671854400000,11.79,11.81,11.12,11.4,27407.13
1671868800000,11.4,11.4,11.22,11.33,11192.39
1671883200000,11.33,11.41,11.29,11.39,4679.39
1671897600000,11.39,11.54,11.36,11.54,7496.24
1671912000000,11.54,11.59,11.37,11.43,5105.49
1671926400000,11.45,11.5,11.42,11.44,3033.9
1671940800000,11.45,11.53,11.4,11.47,3880.71
1671955200000,11.47,11.49,11.37,11.4,3351.6
1671969600000,11.4,11.41,11.24,11.34,6154.6
1671984000000,11.34,11.38,11.26,11.37,4159.29
1671998400000,11.37,11.43,11.31,11.37,3632.62
1672012800000,11.37,11.46,11.25,11.41,6454.18
1672027200000,11.41,11.43,11.26,11.31,6084.67
1672041600000,11.3,11.34,11.26,11.33,5135.02
1672056000000,11.33,11.36,11.13,11.19,9150.4
1672070400000,11.18,11.23,11.06,11.2,9671.34
1672084800000,11.2,11.33,11.18,11.31,6560.61
1672099200000,11.32,11.42,11.26,11.28,6683.34
1672113600000,11.28,11.3,11.19,11.22,4082.3
1672128000000,11.22,11.24,11.12,11.16,7589.19
1672142400000,11.16,11.19,10.74,10.79,28003.9
1672156800000,10.78,11.0,10.71,11.0,21677.4
1672171200000,11.0,11.13,10.94,11.07,9754.15
1672185600000,11.08,11.1,10.7,10.77,11360.19
1672200000000,10.77,10.8,9.69,10.11,60235.8
1672214400000,10.11,10.17,9.85,10.03,20119.51
1672228800000,10.02,10.33,9.87,9.95,39311.91
1672243200000,9.95,10.09,9.8,9.81,19345.23
1672257600000,9.81,9.92,9.43,9.76,34621.72
1672272000000,9.76,9.88,9.55,9.76,20811.84
1672286400000,9.76,9.78,9.56,9.62,10930.67
1672300800000,9.62,9.65,9.27,9.47,27645.22
1672315200000,9.47,9.52,9.34,9.41,26364.78
1672329600000,9.4,9.42,8.71,8.79,50112.5
1672344000000,8.79,10.79,8.03,9.64,161289.64
1672358400000,9.65,10.21,9.41,9.54,91796.67
1672372800000,9.54,9.73,9.12,9.15,53689.92
1672387200000,9.15,9.24,9.03,9.12,29707.63
1672401600000,9.12,9.97,9.11,9.59,60329.57
1672416000000,9.59,10.01,9.51,9.86,40454.69
1672430400000,9.86,10.05,9.71,9.88,33543.72
1672444800000,9.88,10.02,9.76,9.77,19291.9
1672459200000,9.76,9.86,9.69,9.84,8323.04
1672473600000,9.84,9.92,9.77,9.87,11211.58
1672488000000,9.87,10.18,9.87,10.14,25053.44
1672502400000,10.14,10.18,9.95,10.07,13372.73
1672516800000,10.07,10.11,9.88,9.97,9968.84
1672531200000,9.97,10.07,9.9,9.96,8886.11
1672545600000,9.95,9.98,9.72,9.79,9387.58
1672560000000,9.79,9.97,9.72,9.94,10192.44
1672574400000,9.94,9.97,9.82,9.87,8735.68
1672588800000,9.87,10.05,9.86,9.98,10605.91
1672603200000,9.98,10.05,9.95,9.99,8029.09
1672617600000,9.99,10.01,9.84,10.0,9294.13
1672632000000,10.0,11.96,9.94,11.1,66071.71
1672646400000,11.1,11.35,10.92,11.02,46491.17
1672660800000,11.03,11.22,11.01,11.13,25306.58
1672675200000,11.13,11.45,11.09,11.28,16348.54
1672689600000,11.28,11.42,11.21,11.28,16581.56
1672704000000,11.28,11.36,11.02,11.21,20508.9
1672718400000,11.21,12.01,11.2,11.93,55282.47
1672732800000,11.93,12.01,11.68,11.86,25191.96
1672747200000,11.85,13.26,11.8,13.09,164346.51
1672761600000,13.09,13.85,12.75,12.95,104169.5
1672776000000,12.95,13.46,12.95,13.38,37569.4
1672790400000,13.38,14.01,13.25,13.59,89621.73
1672804800000,13.61,14.18,13.33,14.14,55648.93
1672819200000,14.13,14.13,13.61,13.66,37717.26
1672833600000,13.66,13.73,13.19,13.38,47345.06
1672848000000,13.38,13.62,13.11,13.2,41101.97
1672862400000,13.2,13.62,12.87,13.43,33629.36
1672876800000,13.43,13.44,13.07,13.21,25444.93
1672891200000,13.21,13.47,13.14,13.24,22760.9
1672905600000,13.24,13.29,12.97,13.26,19592.34
1672920000000,13.26,13.37,13.06,13.28,34413.68
1672934400000,13.28,13.44,13.07,13.4,14660.82
1672948800000,13.4,13.86,13.39,13.44,37447.07
1672963200000,13.44,13.57,13.18,13.22,25557.3
1672977600000,13.22,13.25,13.05,13.1,17893.97
1672992000000,13.1,13.26,12.9,12.99,19017.71
1673006400000,12.99,13.19,12.73,13.17,30442.74
1673020800000,13.16,13.4,13.08,13.38,21376.39
1673035200000,13.38,13.56,13.19,13.51,17487.86
1673049600000,13.51,13.51,13.28,13.32,13627.57
1673064000000,13.31,13.34,13.22,13.28,8767.35
1673078400000,13.28,13.3,13.13,13.19,7436.38
1673092800000,13.19,13.3,13.14,13.26,6691.7
1673107200000,13.27,13.27,13.16,13.23,4937.23
1673121600000,13.21,13.25,13.06,13.11,7058.26
1673136000000,13.11,13.38,12.89,13.34,28986.61
1673150400000,13.34,13.41,13.24,13.33,7970.82
1673164800000,13.31,13.74,13.3,13.54,23770.7
1673179200000,13.54,13.93,13.44,13.88,26639.05
1673193600000,13.88,13.9,13.5,13.54,20163.13
1673208000000,13.54,14.79,13.52,14.46,44528.24
1673222400000,14.46,16.7,14.32,16.04,147609.13
1673236800000,16.04,16.51,15.95,16.36,61136.79
1673251200000,16.36,16.75,16.1,16.38,50050.19
1673265600000,16.38,17.44,16.11,17.14,86721.49
1673280000000,17.14,17.36,16.27,16.32,70902.6
1673294400000,16.32,16.62,16.06,16.28,40694.72
1673308800000,16.28,16.57,15.62,15.97,42173.38
1673323200000,15.97,16.26,15.88,15.91,32075.52
1673337600000,15.91,16.3,15.8,16.06,32823.53
1673352000000,16.06,16.45,15.86,16.23,42264.75
1673366400000,16.23,16.46,16.03,16.38,26203.68
1673380800000,16.38,16.68,16.16,16.21,31434.77
1673395200000,16.21,16.31,15.92,16.03,23038.02
1673409600000,16.03,16.15,15.89,16.1,17200.57
1673424000000,16.11,16.14,15.97,16.04,12024.45
1673438400000,16.04,16.04,15.35,15.42,40245.68
1673452800000,15.42,16.09,15.32,15.99,30956.12
1673467200000,16.0,16.56,15.79,16.35,38377.66
1673481600000,16.35,16.94,16.15,16.44,48893.97
1673496000000,16.43,16.5,16.2,16.26,18956.19
1673510400000,16.26,16.26,15.95,16.08,19347.28
1673524800000,16.08,16.47,15.64,15.98,62136.66
1673539200000,15.98,16.76,15.91,16.55,53066.12
1673553600000,16.55,16.68,16.33,16.59,28586.06
1673568000000,16.59,16.79,16.33,16.7,20394.53
1673582400000,16.7,17.31,16.7,16.91,65551.1
1673596800000,16.91,17.09,16.59,16.7,27575.19
1673611200000,16.7,16.86,16.49,16.83,21920.86
1673625600000,16.83,17.15,16.55,17.14,25676.16
1673640000000,17.15,18.57,17.01,18.29,95153.25
1673654400000,18.3,22.79,18.21,21.93,179190.97
1673668800000,21.93,24.71,21.8,23.58,149758.09
1673683200000,23.58,23.92,21.35,22.36,101456.06
1673697600000,22.35,23.5,21.85,22.33,81919.07
1673712000000,22.33,23.36,22.17,23.06,61450.61
1673726400000,23.06,24.71,22.54,24.25,50795.33
1673740800000,24.26,24.98,22.63,23.06,90755.43
1673755200000,23.06,23.15,22.2,22.63,27807.18
1673769600000,22.63,23.06,22.04,22.91,33581.99
1673784000000,22.91,23.82,22.73,23.69,51883.41
1673798400000,23.68,23.76,23.0,23.37,40462.89
1673812800000,23.37,23.4,22.78,22.9,28100.49
1673827200000,22.91,24.11,22.49,23.24,45579.14
1673841600000,23.24,24.9,23.11,24.25,56142.97
1673856000000,24.25,24.27,22.9,23.37,43985.75
1673870400000,23.38,23.52,22.24,23.08,40148.49
1673884800000,23.08,23.78,22.89,23.55,33740.67
1673899200000,23.55,24.16,23.33,23.59,24303.73
1673913600000,23.59,23.8,22.87,23.22,27463.51
1673928000000,23.21,23.72,23.16,23.43,21418.02
1673942400000,23.42,23.9,23.37,23.75,20648.25
1673956800000,23.75,23.92,23.17,23.28,39187.68
1673971200000,23.28,23.53,23.06,23.43,19773.45
1673985600000,23.43,23.63,22.73,22.88,19892.32
1674000000000,22.88,23.3,22.66,23.04,37579.34
1674014400000,23.04,23.31,22.88,22.99,15002.77
1674028800000,22.99,23.01,22.21,22.54,23540.44
1674043200000,22.54,23.61,20.91,21.76,59268.5
1674057600000,21.76,22.24,20.44,21.78,98089.61
1674072000000,21.78,21.86,20.73,20.82,43889.64
1674086400000,20.82,21.49,20.77,21.34,33212.49
1674100800000,21.34,21.76,21.29,21.31,12045.04
1674115200000,21.31,21.49,20.86,20.96,15983.09
1674129600000,20.96,21.13,20.48,21.05,40938.61
1674144000000,21.05,21.71,20.87,21.65,29737.35
1674158400000,21.65,21.8,21.33,21.42,18457.76
1674172800000,21.42,21.61,21.05,21.34,18094.68
1674187200000,21.34,21.39,20.99,21.08,13515.69
1674201600000,21.08,21.26,20.96,21.18,9701.53
1674216000000,21.18,21.52,21.13,21.41,16458.88
1674230400000,21.41,23.33,21.4,23.27,58347.34
1674244800000,23.26,25.79,23.26,25.52,118434.3
1674259200000,25.51,25.84,24.42,24.86,70040.4
1674273600000,24.86,25.66,24.74,25.53,36124.74
1674288000000,25.53,26.45,24.39,25.19,90021.88
1674302400000,25.19,25.6,25.08,25.23,49978.06
1674316800000,25.23,26.0,25.16,25.67,41656.04
1674331200000,25.65,25.68,24.57,24.61,21972.67
1674345600000,24.61,25.29,24.47,24.97,27104.31
1674360000000,24.97,25.38,24.89,25.13,19274.53
1674374400000,25.13,25.32,24.86,24.9,20958.66
1674388800000,24.89,25.35,24.68,24.97,33128.69
1674403200000,24.97,25.22,24.74,24.87,23160.09
1674417600000,24.88,24.89,23.54,24.26,39205.89
1674432000000,24.27,24.89,24.14,24.52,25527.94
1674446400000,24.53,24.75,24.36,24.47,10733.66
1674460800000,24.47,24.77,24.2,24.63,21645.05
1674475200000,24.63,24.67,23.79,24.18,52175.89
1674489600000,24.18,24.72,24.0,24.19,29260.28
1674504000000,24.19,24.49,24.07,24.33,12060.16
1674518400000,24.33,25.17,24.11,24.98,26522.73
1674532800000,24.98,25.02,24.67,24.81,16273.18
1674547200000,24.82,24.88,24.36,24.48,23530.19
1674561600000,24.48,24.58,24.07,24.46,24463.37
1674576000000,24.46,24.5,24.1,24.45,10688.88
1674590400000,24.45,24.48,22.31,22.79,48023.08
1674604800000,22.78,22.98,22.3,22.94,30129.52
1674619200000,22.94,23.42,22.9,23.29,16858.61
1674633600000,23.29,23.39,23.02,23.14,13020.44
1674648000000,23.14,24.48,22.77,23.33,60854.3
1674662400000,23.34,23.77,23.25,23.73,19874.2
1674676800000,23.73,25.35,23.73,24.53,62595.64
1674691200000,24.53,25.16,24.45,24.8,27138.57
1674705600000,24.82,24.93,24.32,24.4,17489.06
1674720000000,24.4,24.62,24.15,24.34,11691.55
1674734400000,24.32,25.03,24.12,24.27,40451.66
1674748800000,24.27,24.69,23.82,24.45,27405.45
1674763200000,24.43,24.58,24.21,24.35,10418.14
1674777600000,24.35,24.51,23.37,23.75,25725.38
1674792000000,23.74,24.03,23.69,24.03,7377.83
1674806400000,24.03,24.1,23.64,23.75,15203.58
1674820800000,23.74,24.15,23.41,23.84,28876.56
1674835200000,23.83,24.57,23.82,24.46,18132.18
1674849600000,24.46,24.89,24.04,24.42,21274.72
1674864000000,24.42,24.8,24.32,24.51,13711.18
1674878400000,24.51,25.16,24.24,24.35,20449.54
1674892800000,24.35,24.46,24.21,24.32,12773.32
1674907200000,24.31,24.33,23.79,24.19,22209.55
1674921600000,24.17,24.27,23.98,24.14,8059.03
1674936000000,24.14,24.16,23.79,24.0,8738.34
1674950400000,24.01,24.67,23.76,24.12,23873.32
1674964800000,24.13,24.19,24.04,24.18,5448.5
1674979200000,24.18,24.49,24.09,24.34,10969.49
1674993600000,24.34,24.76,24.23,24.66,21070.98
1675008000000,24.66,26.52,24.47,26.3,88698.71
1675022400000,26.3,26.74,25.98,26.07,34552.34
1675036800000,26.07,26.29,25.28,25.45,27644.32
1675051200000,25.46,25.6,25.28,25.38,13637.23
1675065600000,25.37,25.53,23.84,24.08,55796.39
1675080000000,24.08,24.76,23.94,24.39,29866.27
1675094400000,24.38,24.62,23.16,23.6,39988.97
1675108800000,23.6,24.01,23.37,23.97,15812.74
1675123200000,23.97,24.28,23.69,24.03,14352.89
1675137600000,24.03,24.15,23.73,24.12,13912.01
1675152000000,24.12,24.13,23.5,23.74,11078.08
1675166400000,23.74,24.34,23.64,24.09,23003.54
1675180800000,24.09,24.44,24.03,24.23,15862.44
1675195200000,24.21,24.25,23.64,23.95,21933.61
1675209600000,23.95,24.03,23.69,23.89,9235.77
1675224000000,23.89,24.02,23.48,23.58,12993.59
1675238400000,23.58,23.58,23.22,23.53,18502.53
1675252800000,23.53,23.64,22.73,22.83,27218.13
1675267200000,22.83,24.39,22.52,24.2,58338.8
1675281600000,24.2,25.16,24.1,25.01,52025.2
1675296000000,25.01,25.71,24.98,25.28,33761.85
1675310400000,25.28,25.37,24.75,24.87,18687.76
1675324800000,24.86,25.01,24.81,24.96,12240.89
1675339200000,24.96,25.23,24.6,24.98,25453.62
1675353600000,24.98,26.09,24.89,25.08,35209.51
1675368000000,25.08,25.25,24.13,24.32,18700.52
1675382400000,24.32,24.49,24.08,24.34,10663.2
1675396800000,24.34,24.53,24.27,24.33,6999.77
1675411200000,24.34,24.52,24.14,24.51,7797.63
1675425600000,24.5,25.01,24.08,24.84,31057.06
1675440000000,24.84,24.98,24.36,24.39,12257.6
1675454400000,24.39,24.79,24.27,24.68,9210.54
1675468800000,24.68,24.8,24.44,24.47,5330.53
1675483200000,24.47,24.53,24.31,24.51,3656.53
1675497600000,24.51,24.64,24.43,24.61,4197.32
1675512000000,24.61,24.94,24.56,24.7,6124.11
1675526400000,24.7,24.79,24.54,24.68,6874.1
1675540800000,24.68,24.74,24.25,24.37,8222.81
1675555200000,24.36,24.44,24.12,24.29,8906.12
1675569600000,24.29,24.46,24.26,24.36,3710.61
1675584000000,24.36,24.44,24.17,24.21,4971.62
1675598400000,24.21,24.24,23.32,23.65,33310.44
1675612800000,23.66,23.71,23.25,23.39,19506.71
1675627200000,23.39,23.66,23.09,23.47,10945.93
1675641600000,23.44,23.7,23.27,23.4,5346.99
1675656000000,23.4,23.47,22.94,23.37,13241.78
1675670400000,23.35,23.41,23.08,23.35,5617.44
1675684800000,23.35,23.49,22.84,23.47,11946.95
1675699200000,23.47,23.57,23.17,23.37,11738.53
1675713600000,23.37,23.37,22.57,22.71,13941.54
1675728000000,22.71,23.14,22.6,23.07,6584.79
1675742400000,23.06,23.32,23.04,23.22,6036.5
1675756800000,23.22,23.43,23.1,23.36,8398.09
1675771200000,23.36,23.41,22.96,23.03,10098.14
1675785600000,23.03,23.79,22.68,23.27,37589.97
1675800000000,23.27,23.91,23.15,23.84,16353.63
1675814400000,23.82,24.2,23.8,23.89,11696.66
1675828800000,23.89,23.95,23.64,23.82,7672.3
1675843200000,23.82,23.82,23.55,23.73,6522.99
1675857600000,23.73,23.91,23.28,23.3,18890.7
1675872000000,23.28,23.47,22.86,23.1,29118.75
1675886400000,23.09,23.26,22.94,23.23,6926.32
1675900800000,23.23,23.34,22.0,22.36,24724.14
1675915200000,22.36,22.88,22.27,22.77,8653.46
1675929600000,22.76,22.91,22.7,22.79,7809.81
1675944000000,22.78,22.94,22.58,22.66,10472.88
1675958400000,22.65,22.68,21.55,21.82,23082.68
1675972800000,21.82,21.83,20.06,20.49,30737.78
1675987200000,20.49,20.89,20.34,20.78,20041.15
1676001600000,20.78,21.07,20.53,21.07,11832.36
1676016000000,21.07,21.16,20.66,20.68,11497.17
1676030400000,20.7,21.01,20.47,20.73,18883.23
1676044800000,20.72,20.98,20.56,20.9,12462.31
1676059200000,20.9,20.93,19.71,20.13,17132.59
1676073600000,20.13,20.47,20.13,20.41,8448.38
1676088000000,20.4,20.45,20.22,20.34,3752.05
1676102400000,20.34,20.37,20.24,20.3,3104.91
1676116800000,20.3,20.6,20.28,20.51,6323.94
1676131200000,20.51,20.52,20.26,20.35,5098.85
1676145600000,20.37,20.88,20.32,20.81,6686.82
1676160000000,20.81,20.84,20.63,20.66,3426.04
1676174400000,20.66,21.0,20.61,20.85,5520.3
1676188800000,20.85,21.06,20.83,21.04,6647.95
1676203200000,21.03,21.52,20.76,21.41,13673.57
1676217600000,21.39,22.5,21.36,22.04,27915.45
1676232000000,22.05,22.2,21.13,21.51,20476.61
1676246400000,21.5,21.6,20.52,20.94,27529.11
1676260800000,20.93,21.25,20.91,21.13,5729.61
1676275200000,21.13,21.14,20.1,20.46,11188.89
1676289600000,20.46,20.71,20.39,20.39,5132.49
1676304000000,20.4,20.53,19.78,20.43,7808.54
1676318400000,20.43,20.8,20.26,20.77,4663.93
1676332800000,20.75,21.03,20.67,20.81,4032.58
1676347200000,20.79,21.07,20.76,21.02,2713.05
1676361600000,21.03,21.56,20.77,21.34,9708.41
1676376000000,21.35,22.31,20.9,21.89,23350.47
1676390400000,21.89,22.05,21.64,22.01,9161.52
1676404800000,22.01,22.03,21.56,21.82,4624.73
1676419200000,21.82,21.9,21.48,21.6,3053.95
1676433600000,21.6,21.68,21.51,21.54,1727.96
1676448000000,21.54,22.21,21.48,22.11,4435.49
1676462400000,22.11,22.69,22.11,22.43,9683.02
1676476800000,22.43,22.98,22.27,22.94,6942.8
1676491200000,22.94,23.96,22.9,23.87,13314.35
1676505600000,23.87,24.12,23.56,23.8,8562.34
1676520000000,23.8,23.92,23.55,23.7,4987.91
1676534400000,23.7,23.88,23.5,23.56,3402.62
1676548800000,23.56,23.81,23.07,23.8,10501.38
1676563200000,23.8,24.07,23.38,23.6,9692.27
1676577600000,23.6,23.6,22.26,22.29,11108.74
1676592000000,22.29,22.79,22.09,22.72,4755.84
1676606400000,22.72,22.81,22.58,22.59,2956.82
1676620800000,22.59,22.72,22.51,22.63,2707.31
1676635200000,22.63,22.97,22.47,22.79,7343.19
1676649600000,22.78,23.46,22.59,23.45,6094.59
1676664000000,23.45,23.49,22.72,23.14,7057.87
1676678400000,23.14,23.59,23.14,23.32,2872.25
1676692800000,23.31,23.45,23.12,23.2,1804.14
1676707200000,23.2,23.27,22.94,23.05,3074.3
1676721600000,23.05,23.52,23.0,23.43,3200.91
1676736000000,23.43,23.9,23.41,23.49,5421.33
1676750400000,23.49,23.65,23.28,23.45,3694.42
1676764800000,23.45,23.57,23.22,23.28,1720.9
1676779200000,23.3,23.93,23.28,23.53,4029.78
1676793600000,23.53,23.7,23.46,23.68,2760.1
1676808000000,23.67,25.2,23.67,25.2,16956.13
1676822400000,25.19,25.37,24.05,24.63,18993.13
1676836800000,24.63,25.55,24.06,24.84,13913.81
1676851200000,24.84,26.24,24.14,26.15,16056.83
1676865600000,26.16,27.06,25.86,26.55,10897.47
1676880000000,26.55,26.67,26.1,26.4,8714.37
1676894400000,26.4,26.7,26.23,26.54,5038.88
1676908800000,26.54,26.56,25.62,26.36,6014.8
1676923200000,26.36,26.38,25.93,26.26,2321.63
1676937600000,26.27,26.59,25.82,26.14,4161.97
1676952000000,26.14,26.28,25.73,26.03,2348.71
1676966400000,26.02,26.23,24.99,25.09,7993.99
1676980800000,25.09,25.37,24.86,25.07,4501.34
1676995200000,25.07,25.49,24.72,25.24,4171.12
1677009600000,25.25,25.46,24.56,24.99,6837.03
1677024000000,24.99,25.23,23.82,24.47,6156.41
1677038400000,24.47,24.48,23.51,23.83,4470.2
1677052800000,23.83,23.85,23.29,23.58,4924.55
1677067200000,23.58,23.8,23.32,23.67,4480.32
1677081600000,23.66,24.12,23.43,23.79,9858.59
1677096000000,23.79,24.35,23.49,24.18,2513.54
1677110400000,24.18,24.62,23.94,24.45,4396.5
1677124800000,24.44,24.55,24.24,24.49,2120.86
1677139200000,24.49,24.61,23.64,23.78,3479.0
1677153600000,23.77,24.42,23.63,23.88,4939.07
1677168000000,23.88,24.07,23.69,24.04,2593.09
1677182400000,24.04,24.2,23.73,23.92,1782.08
1677196800000,23.91,24.12,23.75,23.81,1870.4
1677211200000,23.81,24.1,23.77,23.98,1561.44
1677225600000,23.98,24.06,23.57,23.81,2156.26
1677240000000,23.81,24.02,23.01,23.08,5262.5
1677254400000,23.06,23.09,22.58,23.03,5441.39
1677268800000,23.03,23.32,22.5,23.08,3004.08
1677283200000,23.08,23.31,22.94,22.94,2009.44
1677297600000,22.95,23.18,22.86,22.99,2056.62
1677312000000,22.99,23.04,22.7,22.81,2047.03
1677326400000,22.81,22.84,22.07,22.34,3687.33
1677340800000,22.34,22.51,21.7,21.91,3714.18
1677355200000,21.9,22.43,21.43,22.38,3950.38
1677369600000,22.36,22.67,22.21,22.64,1375.37
1677384000000,22.64,22.78,22.45,22.74,1134.18
1677398400000,22.73,22.92,22.63,22.85,1506.19
1677412800000,22.85,22.94,22.57,22.92,1558.77
1677427200000,22.91,23.33,22.69,23.31,2771.73
1677441600000,23.31,23.47,22.96,23.25,2830.46
1677456000000,23.25,23.26,23.0,23.04,1459.5
1677470400000,23.04,23.05,22.79,22.91,1691.74
1677484800000,22.91,22.97,22.69,22.82,1775.47
1677499200000,22.82,23.38,22.7,23.05,3640.49
1677513600000,23.05,23.11,22.33,22.55,3162.44
1677528000000,22.55,22.78,22.39,22.68,1654.85
1677542400000,22.68,22.74,22.45,22.62,1080.37
1677556800000,22.63,22.63,22.12,22.13,1664.69
1677571200000,22.13,22.32,22.11,22.21,1137.49
1677585600000,22.21,22.62,22.2,22.54,1691.42
1677600000000,22.54,22.69,22.19,22.21,1423.4
1677614400000,22.21,22.24,21.82,21.91,2116.17
1677628800000,21.91,22.38,21.69,22.32,1823.25
1677643200000,22.33,22.64,22.29,22.57,1402.68
1677657600000,22.57,22.84,22.55,22.63,1449.88
1677672000000,22.63,22.8,22.53,22.64,1617.27
1677686400000,22.64,22.66,22.14,22.17,1757.2
1677700800000,22.16,22.54,22.13,22.52,1740.77
1677715200000,22.51,22.64,21.92,22.04,1734.31
1677729600000,22.05,22.16,21.88,22.0,1258.37
1677744000000,21.99,22.13,21.95,22.08,1054.93
1677758400000,22.09,22.09,21.72,21.81,2264.84
1677772800000,21.81,22.11,21.74,22.11,974.25
1677787200000,22.09,22.13,21.98,22.03,950.12
1677801600000,22.03,22.06,20.39,20.86,6610.89
1677816000000,20.86,21.18,20.79,21.08,1438.65
1677830400000,21.08,21.19,21.05,21.15,1090.17
1677844800000,21.15,21.39,21.08,21.27,1953.48
1677859200000,21.27,21.4,21.19,21.39,1138.98
1677873600000,21.39,21.48,21.23,21.37,1138.35
1677888000000,21.37,21.56,21.32,21.38,920.08
1677902400000,21.36,21.4,21.09,21.18,757.31
1677916800000,21.18,21.21,21.09,21.13,752.48
1677931200000,21.14,21.2,20.99,21.01,896.11
1677945600000,21.01,21.08,20.64,20.69,1189.58
1677960000000,20.69,20.94,20.27,20.93,2046.41
1677974400000,20.93,21.64,20.93,21.28,2719.41
1677988800000,21.28,21.38,21.25,21.28,520.29
1678003200000,21.28,21.33,21.19,21.25,534.77
1678017600000,21.25,21.31,21.18,21.28,718.53
1678032000000,21.29,21.32,21.07,21.12,721.82
1678046400000,21.12,21.27,20.9,20.96,1267.01
1678060800000,20.95,21.03,20.73,20.9,41705.61
1678075200000,20.9,20.9,20.61,20.8,473344.99
1678089600000,20.8,20.82,20.68,20.71,879.55
1678104000000,20.7,21.03,20.61,21.0,1423.64
1678118400000,21.0,21.11,20.8,20.82,1250.41
1678132800000,20.82,20.82,20.49,20.62,1388.03
1678147200000,20.62,20.9,20.48,20.82,1204.01
1678161600000,20.82,20.87,20.72,20.74,740.21
1678176000000,20.74,20.76,20.31,20.36,1403.92
1678190400000,20.34,20.59,19.98,20.42,7807.07
1678204800000,20.42,20.49,20.02,20.05,2480.08
1678219200000,20.07,20.26,19.77,20.23,2147.01
1678233600000,20.23,20.34,19.82,19.99,1734.37
1678248000000,19.99,20.05,19.19,19.24,3253.59
1678262400000,19.22,19.47,19.18,19.39,1877.46
1678276800000,19.38,19.39,18.69,19.21,6413.32
1678291200000,19.21,19.35,18.53,18.73,4031.13
1678305600000,18.73,18.91,18.16,18.41,4341.93
1678320000000,18.41,18.65,18.41,18.62,2933.9
1678334400000,18.61,18.72,18.51,18.55,1229.83
1678348800000,18.55,18.59,18.3,18.54,2016.59
1678363200000,18.56,18.62,18.2,18.4,4808.57
1678377600000,18.4,18.44,17.51,17.69,7201.77
1678392000000,17.69,17.69,16.77,17.3,10024.06
1678406400000,17.3,17.34,16.84,17.2,4432.73
1678420800000,17.2,17.21,16.66,17.01,3891.55
1678435200000,16.99,17.03,16.04,16.75,7193.88
1678449600000,16.73,17.88,16.65,17.69,10828.51
1678464000000,17.69,17.93,17.47,17.76,3859.51
1678478400000,17.76,18.32,17.51,18.22,3088.86
1678492800000,18.21,18.83,18.08,18.23,5265.91
1678507200000,18.24,18.26,17.02,17.08,4483.45
1678521600000,17.08,17.71,16.99,17.36,7854.36
1678536000000,17.36,17.48,17.12,17.17,2275.68
1678550400000,17.17,17.91,17.05,17.9,3281.63
1678564800000,17.9,18.16,17.89,18.07,3211.35
1678579200000,18.07,18.1,17.83,17.97,1579.02
1678593600000,17.97,18.05,17.76,17.8,1514.45
1678608000000,17.81,18.23,17.79,18.12,1475.07
1678622400000,18.11,18.13,17.79,17.87,2190.12
1678636800000,17.86,18.77,17.83,18.4,6212.21
1678651200000,18.4,20.46,18.39,20.21,30237.24
1678665600000,20.2,20.52,19.47,19.57,6936.7
1678680000000,19.57,19.79,19.53,19.75,2946.47
1678694400000,19.75,19.76,18.98,19.24,24424.22
1678708800000,19.24,21.41,18.93,20.67,15369.22
1678723200000,20.68,20.93,20.38,20.52,5913.69
1678737600000,20.52,20.62,20.19,20.35,2924.52
1678752000000,20.35,20.44,20.18,20.37,3069.72
1678766400000,20.37,20.62,19.96,20.02,8066.49
1678780800000,20.02,20.18,19.78,20.12,2858.82
1678795200000,20.12,22.05,20.09,21.87,14320.87
1678809600000,21.87,21.94,20.43,20.91,8258.76
1678824000000,20.91,20.98,20.3,20.88,4254.04
1678838400000,20.88,21.17,20.64,21.02,2554.82
1678852800000,21.0,21.4,21.0,21.23,1961.14
1678867200000,21.23,21.24,20.23,20.58,3482.81
1678881600000,20.57,20.89,19.15,19.3,9164.87
1678896000000,19.29,19.37,18.75,19.05,7444.52
1678910400000,19.05,19.43,18.99,19.24,2366.56
1678924800000,19.22,19.43,18.93,19.28,2383.18
1678939200000,19.28,19.57,19.07,19.52,2192.46
1678953600000,19.53,19.73,19.3,19.69,2755.87
1678968000000,19.68,19.7,19.08,19.58,3728.45
1678982400000,19.58,19.85,19.34,19.77,3186.29
1678996800000,19.77,19.79,19.31,19.72,1879.27
1679011200000,19.71,20.23,19.45,19.99,2912.38
1679025600000,19.99,20.21,19.91,20.02,2278.86
1679040000000,20.02,20.67,19.98,20.66,3456.07
1679054400000,20.66,20.67,19.87,20.0,9902.25
1679068800000,19.99,20.57,19.95,20.52,3360.29
1679083200000,20.52,21.63,20.36,21.61,5790.31
1679097600000,21.61,22.86,21.32,22.7,9372.84
1679112000000,22.7,22.81,22.14,22.21,3798.9
1679126400000,22.2,22.44,21.83,22.43,3264.2
1679140800000,22.43,22.46,21.52,21.87,4346.44
1679155200000,21.87,22.32,21.28,21.97,4712.41
1679169600000,21.97,22.11,21.11,21.16,3057.65
1679184000000,21.16,21.79,21.16,21.77,1853.2
1679198400000,21.77,21.87,21.24,21.51,3306.98
1679212800000,21.51,21.72,21.29,21.67,2126.69
1679227200000,21.67,22.08,21.54,22.04,2541.54
1679241600000,22.07,22.38,22.0,22.24,4377.5
1679256000000,22.24,22.27,21.77,21.81,3079.72
1679270400000,21.81,22.9,21.69,21.74,6698.03
1679284800000,21.74,23.1,21.42,23.07,6765.93
1679299200000,23.07,23.54,22.98,23.29,7326.28
1679313600000,23.29,23.84,22.99,23.19,6847.7
1679328000000,23.21,23.35,21.89,22.13,7140.56
1679342400000,22.13,22.73,22.1,22.14,3268.51
1679356800000,22.13,22.64,22.06,22.42,3936.63
1679371200000,22.4,22.57,21.76,21.99,3060.35
1679385600000,21.99,22.45,21.58,22.42,4347.71
1679400000000,22.4,23.26,22.4,22.95,6079.11
1679414400000,22.95,23.13,22.18,22.5,4548.65
1679428800000,22.5,22.61,22.3,22.56,2483.09
1679443200000,22.56,22.59,22.07,22.36,2162.49
1679457600000,22.36,22.5,22.28,22.31,1916.34
1679472000000,22.31,22.64,22.15,22.49,3227.08
1679486400000,22.49,23.02,22.39,22.66,4277.74
1679500800000,22.66,22.89,21.03,21.13,13399.46
1679515200000,21.15,21.79,21.03,21.45,5603.85
1679529600000,21.45,21.55,21.15,21.32,2266.91
1679544000000,21.32,21.67,21.25,21.64,1654.05
1679558400000,21.64,21.78,21.62,21.71,1504.25
1679572800000,21.71,22.59,21.44,22.35,8471.67
1679587200000,22.37,22.68,21.76,22.06,5717.97
1679601600000,22.06,22.22,21.95,22.17,1898.26
1679616000000,22.17,22.25,22.04,22.07,1201.53
1679630400000,22.07,22.14,21.93,21.97,1196.02
1679644800000,21.97,22.03,21.52,21.68,4859.65
1679659200000,21.66,21.67,21.05,21.2,7997.15
1679673600000,21.2,21.27,20.32,20.73,9503.98
1679688000000,20.73,20.77,20.39,20.64,2841.42
1679702400000,20.64,20.86,20.58,20.72,1407.1
1679716800000,20.72,20.82,20.57,20.66,874.22
1679731200000,20.66,20.67,20.46,20.64,1638.98
1679745600000,20.66,20.92,20.6,20.87,1852.96
1679760000000,20.87,20.88,20.15,20.16,2253.68
1679774400000,20.16,20.4,20.15,20.38,1244.0
1679788800000,20.38,20.71,20.33,20.7,1097.52
1679803200000,20.7,20.82,20.66,20.75,681.24
1679817600000,20.74,20.91,20.69,20.81,1232.03
1679832000000,20.81,21.08,20.8,20.82,1955.72
1679846400000,20.82,20.97,20.7,20.92,1129.91
1679860800000,20.91,21.04,20.8,20.98,1005.59
1679875200000,20.99,21.01,20.63,20.7,1575.07
1679889600000,20.71,20.74,20.43,20.46,1307.41
1679904000000,20.46,20.63,20.4,20.61,1327.23
1679918400000,20.61,20.65,19.4,19.76,6102.17
1679932800000,19.76,19.91,19.65,19.72,2556.25
1679947200000,19.72,19.89,19.65,19.87,1270.38
1679961600000,19.87,19.94,19.66,19.75,1222.67
1679976000000,19.77,20.05,19.71,19.91,1237.08
1679990400000,19.93,20.13,19.67,20.07,1876.73
1680004800000,20.07,20.37,19.88,20.26,2891.77
1680019200000,20.24,20.81,20.11,20.72,3157.52
1680033600000,20.73,20.76,20.29,20.46,1626.47
1680048000000,20.46,20.81,20.44,20.68,7422.62
1680062400000,20.67,21.23,20.65,21.18,3118.4
1680076800000,21.17,21.5,21.15,21.16,3849.83
1680091200000,21.16,21.3,21.0,21.2,2496.13
1680105600000,21.2,21.23,21.01,21.18,1759.32
1680120000000,21.18,21.26,20.98,21.14,1459.03
1680134400000,21.14,21.61,20.69,21.06,4898.89
1680148800000,21.05,21.2,20.91,21.03,1891.83
1680163200000,21.03,21.05,20.58,20.72,2278.6
1680177600000,20.7,20.74,20.49,20.55,2937.97
1680192000000,20.55,20.56,20.18,20.44,2803.78
1680206400000,20.44,20.72,20.39,20.5,1975.64
1680220800000,20.5,20.7,20.41,20.57,1331.93
1680235200000,20.57,20.58,20.09,20.25,1928.07
1680249600000,20.24,20.38,20.24,20.33,1252.51
1680264000000,20.33,20.94,20.28,20.89,3403.61
1680278400000,20.89,20.96,20.75,20.93,1831.83
1680292800000,20.93,21.43,20.86,21.21,2951.56
1680307200000,21.21,21.29,20.98,21.05,1674.98
1680321600000,21.03,21.22,20.91,21.0,1354.27
1680336000000,20.99,21.11,20.94,21.04,1030.75
1680350400000,21.04,21.09,20.92,20.95,871.06
1680364800000,20.97,21.05,20.8,20.92,1156.53
1680379200000,20.92,21.2,20.92,21.11,907.73
1680393600000,21.11,21.14,20.91,20.98,710.15
1680408000000,20.97,21.24,20.94,21.16,1142.63
1680422400000,21.16,21.22,21.01,21.03,738.47
1680436800000,21.03,21.04,20.51,20.57,2459.62
1680451200000,20.57,20.63,20.29,20.37,1988.68
1680465600000,20.37,20.58,20.33,20.55,1064.0
1680480000000,20.55,20.57,20.03,20.08,2162.52
1680494400000,20.07,20.25,20.02,20.21,1101.29
1680508800000,20.21,20.53,20.21,20.42,1999.36
1680523200000,20.42,20.55,20.12,20.28,1821.48
1680537600000,20.28,20.9,20.21,20.87,3908.78
1680552000000,20.87,20.94,20.1,20.47,3832.3
1680566400000,20.47,20.53,20.34,20.44,969.49
1680580800000,20.44,20.62,20.38,20.56,1000.34
1680595200000,20.56,20.94,20.46,20.91,2179.98
1680609600000,20.91,21.21,20.74,20.83,3085.44
1680624000000,20.83,20.97,20.79,20.93,977.21
1680638400000,20.93,21.03,20.89,20.94,908.93
1680652800000,20.94,21.3,20.88,21.09,2103.14
1680667200000,21.1,21.26,21.07,21.2,1176.2
1680681600000,21.19,21.24,21.11,21.2,1070.99
1680696000000,21.2,21.27,20.61,20.79,3401.16
1680710400000,20.79,20.92,20.68,20.88,1228.96
1680724800000,20.88,20.98,20.82,20.96,801.94
1680739200000,20.96,20.98,20.59,20.77,1087.77
1680753600000,20.77,20.79,20.68,20.68,552.39
1680768000000,20.68,20.74,20.47,20.63,1469.34
1680782400000,20.64,20.76,20.51,20.73,1379.11
1680796800000,20.73,20.8,20.67,20.73,865.5
1680811200000,20.73,20.77,20.56,20.6,644.88
1680825600000,20.59,20.72,20.46,20.56,1194.55
1680840000000,20.55,20.57,20.28,20.33,1122.36
1680854400000,20.31,20.43,20.24,20.36,826.32
1680868800000,20.35,20.58,20.33,20.54,1068.49
1680883200000,20.54,20.59,20.42,20.52,576.53
1680897600000,20.52,20.54,20.41,20.44,410.71
1680912000000,20.44,20.51,20.34,20.47,577.09
1680926400000,20.49,20.73,20.45,20.65,855.39
1680940800000,20.65,20.69,20.57,20.61,382.48
1680955200000,20.61,20.62,20.4,20.47,675.51
1680969600000,20.48,20.49,20.13,20.22,1331.01
1680984000000,20.22,20.24,19.87,20.0,2318.38
1680998400000,20.0,20.2,19.98,20.14,676.25
1681012800000,20.14,20.19,19.93,20.02,676.79
1681027200000,20.02,20.14,19.98,20.13,586.27
1681041600000,20.13,20.26,20.02,20.09,782.11
1681056000000,20.09,20.34,20.05,20.31,1683.2
1681070400000,20.31,20.38,20.26,20.32,623.95
1681084800000,20.32,20.37,20.18,20.23,557.61
1681099200000,20.23,20.3,20.18,20.26,331.31
1681113600000,20.27,20.34,20.23,20.29,580.16
1681128000000,20.3,20.3,20.14,20.24,910.59
1681142400000,20.25,20.68,20.21,20.65,2014.32
1681156800000,20.65,20.91,20.58,20.9,1551.4
1681171200000,20.88,21.24,20.78,21.22,2715.54
1681185600000,21.22,22.62,21.19,22.48,8338.05
1681200000000,22.47,22.57,22.27,22.27,3242.33
1681214400000,22.27,23.44,22.19,23.34,7478.66
1681228800000,23.34,23.62,23.15,23.48,5902.2
1681243200000,23.48,23.49,22.91,23.02,3504.91
1681257600000,23.02,23.48,22.37,22.57,5627.24
1681272000000,22.56,23.98,22.53,23.71,7186.02
1681286400000,23.71,23.82,23.34,23.46,3984.69
1681300800000,23.46,24.4,23.32,23.58,10570.45
1681315200000,23.59,24.32,23.58,23.92,7358.1
1681329600000,23.92,24.17,23.68,23.83,2597.45
1681344000000,23.83,24.06,23.69,23.97,2973.48
1681358400000,23.96,24.21,23.9,24.18,2035.72
1681372800000,24.17,24.47,23.97,24.29,4555.1
1681387200000,24.29,25.23,24.27,24.6,8272.24
1681401600000,24.6,24.82,24.44,24.77,2654.18
1681416000000,24.77,24.78,24.37,24.4,1847.7
1681430400000,24.4,25.28,24.27,25.14,6871.83
1681444800000,25.14,25.41,24.91,24.93,3572.37
1681459200000,24.93,25.07,24.86,24.97,2124.52
1681473600000,24.96,25.03,23.87,23.89,5090.53
1681488000000,23.88,24.66,23.81,24.47,3775.57
1681502400000,24.47,24.91,24.43,24.79,2145.65
1681516800000,24.78,24.79,24.21,24.32,1856.8
1681531200000,24.32,24.44,24.06,24.42,1406.52
1681545600000,24.42,24.47,24.27,24.39,2018.08
1681560000000,24.39,24.5,24.23,24.37,1730.2
1681574400000,24.37,24.39,23.91,24.02,2522.69
1681588800000,24.02,24.09,23.88,24.06,1174.16
1681603200000,24.06,24.41,23.88,24.3,2053.48
1681617600000,24.31,24.41,24.2,24.28,982.07
1681632000000,24.28,24.32,24.05,24.1,1034.05
1681646400000,24.12,24.29,24.05,24.26,1022.3
1681660800000,24.26,24.76,24.22,24.61,2202.56
1681675200000,24.6,25.43,24.35,25.34,6101.04
1681689600000,25.34,25.92,24.87,25.77,6515.3
1681704000000,25.77,25.89,25.15,25.17,2889.61
1681718400000,25.17,25.31,24.74,24.88,2893.0
1681732800000,24.88,25.39,24.39,24.49,5370.4
1681747200000,24.49,24.82,24.41,24.74,1837.2
1681761600000,24.74,24.79,24.53,24.58,1187.56
1681776000000,24.58,24.61,24.07,24.39,2402.05
1681790400000,24.38,25.09,24.32,25.06,2245.11
1681804800000,25.06,25.38,24.93,25.33,2375.54
1681819200000,25.33,25.35,24.91,24.94,2751.88
1681833600000,24.94,25.02,24.49,24.66,2001.4
1681848000000,24.67,24.84,24.64,24.81,1168.3
1681862400000,24.81,24.93,24.57,24.62,1264.19
1681876800000,24.62,24.74,24.33,24.38,2230.18
1681891200000,24.38,24.4,21.94,23.2,11693.33
1681905600000,23.2,23.48,23.0,23.35,3964.46
1681920000000,23.35,23.42,22.92,23.03,2314.57
1681934400000,23.03,23.09,22.21,22.66,3362.6
1681948800000,22.66,23.05,22.44,22.81,1884.59
1681963200000,22.81,23.01,22.63,22.64,2781.46
1681977600000,22.64,22.8,22.28,22.31,2811.2
1681992000000,22.31,23.11,22.06,22.12,4088.95
1682006400000,22.12,22.37,21.65,21.78,6226.9
1682020800000,21.8,22.24,21.74,22.16,1604.36
1682035200000,22.16,22.34,22.05,22.25,1081.28
1682049600000,22.27,22.3,21.87,22.23,1789.56
1682064000000,22.22,22.33,21.99,22.05,1300.11
1682078400000,22.05,22.24,21.85,21.89,2111.5
1682092800000,21.89,21.94,21.07,21.26,5560.91
1682107200000,21.25,21.37,21.06,21.27,2729.78
1682121600000,21.27,21.38,21.11,21.37,1122.41
1682136000000,21.37,21.44,21.29,21.33,554.34
1682150400000,21.32,21.36,21.21,21.33,551.69
1682164800000,21.33,21.68,21.32,21.68,1731.74
1682179200000,21.68,21.89,21.62,21.77,1670.34
1682193600000,21.79,21.93,21.75,21.84,1109.67
1682208000000,21.85,21.86,21.5,21.67,848.22
1682222400000,21.67,22.13,21.65,22.09,1332.48
1682236800000,22.09,22.15,21.93,22.07,1770.17
1682251200000,22.07,22.19,21.54,21.6,1993.5
1682265600000,21.61,21.68,21.0,21.24,2935.16
1682280000000,21.24,21.49,21.15,21.47,1026.91
1682294400000,21.47,21.95,21.29,21.7,2168.83
1682308800000,21.68,21.75,21.24,21.32,1780.53
1682323200000,21.32,21.68,21.19,21.68,1562.4
1682337600000,21.68,21.96,21.35,21.38,2396.3
1682352000000,21.38,21.52,21.06,21.31,2358.64
1682366400000,21.31,21.45,21.29,21.4,858.3
1682380800000,21.4,21.44,20.88,20.92,1801.15
1682395200000,20.91,21.1,20.89,20.93,1411.89
1682409600000,20.93,21.0,20.79,20.98,1857.74
1682424000000,20.98,21.11,20.81,20.88,2336.36
1682438400000,20.88,21.23,20.83,21.16,2045.14
1682452800000,21.15,21.92,21.15,21.88,2633.26
1682467200000,21.89,22.02,21.76,21.79,1229.29
1682481600000,21.79,22.12,21.77,21.91,1645.36
1682496000000,21.91,22.57,21.89,22.45,3028.71
1682510400000,22.45,22.91,22.43,22.68,5369.02
1682524800000,22.68,22.78,20.89,21.11,6686.03
1682539200000,21.13,21.48,20.42,21.27,6059.0
1682553600000,21.27,22.02,21.23,21.61,4540.31
1682568000000,21.61,21.94,21.57,21.69,1867.63
1682582400000,21.69,21.72,21.58,21.64,1355.5
1682596800000,21.64,22.4,21.4,22.22,4716.44
1682611200000,22.24,22.45,22.07,22.36,2888.33
1682625600000,22.36,22.44,22.19,22.29,1941.52
1682640000000,22.3,22.62,22.18,22.3,1455.96
1682654400000,22.3,22.59,22.27,22.56,1086.6
1682668800000,22.56,22.8,22.38,22.53,2027.62
1682683200000,22.53,22.68,22.22,22.32,2289.81
1682697600000,22.32,23.41,22.32,23.36,7014.5
1682712000000,23.37,23.43,23.1,23.37,2120.3
1682726400000,23.37,23.42,23.21,23.32,1564.38
1682740800000,23.31,23.37,23.17,23.26,879.4
1682755200000,23.26,23.36,23.22,23.3,1104.58
1682769600000,23.3,23.81,23.26,23.38,4387.54
1682784000000,23.38,23.42,22.97,23.28,1749.34
1682798400000,23.3,23.33,22.99,23.15,2094.18
1682812800000,23.14,23.18,23.03,23.13,805.92
1682827200000,23.13,23.44,23.1,23.4,1121.6
1682841600000,23.4,23.67,23.37,23.51,1377.41
1682856000000,23.51,23.92,23.4,23.67,2257.05
1682870400000,23.67,23.82,23.06,23.17,3093.97
1682884800000,23.17,23.19,22.76,22.77,2829.16
1682899200000,22.79,22.87,21.98,22.13,4764.95
1682913600000,22.12,22.34,22.06,22.29,1272.54
1682928000000,22.29,22.33,22.18,22.21,1120.85
1682942400000,22.2,22.26,21.79,21.85,2437.79
1682956800000,21.85,22.02,21.61,21.72,2550.41
1682971200000,21.72,22.01,21.66,21.96,1271.28
1682985600000,21.96,21.96,21.78,21.84,769.52
1683000000000,21.84,21.96,21.79,21.95,640.56
1683014400000,21.95,21.97,21.85,21.95,1238.55
1683028800000,21.94,22.28,21.81,22.23,3526.92
1683043200000,22.23,22.36,22.13,22.32,1502.5
1683057600000,22.3,22.35,22.21,22.24,1228.91
1683072000000,22.26,22.28,21.81,21.86,1735.02
1683086400000,21.87,21.96,21.72,21.77,1741.89
1683100800000,21.78,21.8,21.38,21.45,2064.13
1683115200000,21.44,21.5,21.25,21.37,3305.23
1683129600000,21.37,21.65,21.32,21.46,3259.36
1683144000000,21.46,22.24,21.45,22.18,2989.21
1683158400000,22.19,22.42,22.18,22.26,2179.19
1683172800000,22.24,22.33,22.17,22.17,924.48
1683187200000,22.17,22.42,22.13,22.27,1208.52
1683201600000,22.27,22.32,21.82,21.85,2720.34
1683216000000,21.85,21.92,21.66,21.77,1464.96
1683230400000,21.77,21.79,21.65,21.71,704.02
1683244800000,21.71,22.06,21.67,21.94,1479.35
1683259200000,21.94,22.02,21.72,21.8,1283.22
1683273600000,21.8,21.98,21.74,21.97,1042.38
1683288000000,21.97,22.42,21.66,22.32,3555.77
1683302400000,22.3,22.89,22.27,22.86,4087.56
1683316800000,22.86,23.01,22.8,22.82,1510.11
1683331200000,22.82,23.18,22.69,22.75,2217.51
1683345600000,22.75,22.79,22.6,22.65,1269.95
1683360000000,22.67,22.68,22.48,22.62,1228.64
1683374400000,22.62,22.65,21.62,21.79,3708.85
1683388800000,21.79,22.11,21.75,22.02,1307.69
1683403200000,22.02,22.03,21.89,21.92,605.36
1683417600000,21.92,21.97,21.78,21.83,1285.93
1683432000000,21.83,22.07,21.82,22.02,507.46
1683446400000,22.02,22.17,21.99,22.11,1027.1
1683460800000,22.11,22.49,22.09,22.42,1909.18
1683475200000,22.42,22.71,22.42,22.51,2644.87
1683489600000,22.51,22.58,21.69,21.71,3427.15
1683504000000,21.71,21.75,20.81,21.25,4055.51
1683518400000,21.25,21.38,20.99,21.17,2034.68
1683532800000,21.16,21.28,21.1,21.26,2372.91
1683547200000,21.26,21.33,21.13,21.21,2318.98
1683561600000,21.2,21.22,20.06,20.43,5703.58
1683576000000,20.44,20.69,20.35,20.67,1868.9
1683590400000,20.65,20.77,20.57,20.67,1243.64
1683604800000,20.66,20.73,20.46,20.64,1236.47
1683619200000,20.64,20.76,20.52,20.75,1354.68
1683633600000,20.75,20.94,20.57,20.59,2281.67
1683648000000,20.59,20.79,20.47,20.58,1569.48
1683662400000,20.57,20.67,20.48,20.62,1002.87
1683676800000,20.62,20.83,20.58,20.71,1295.95
1683691200000,20.71,20.77,20.59,20.6,1215.04
1683705600000,20.6,20.71,20.54,20.7,1042.67
1683720000000,20.7,21.25,20.66,21.09,4418.94
1683734400000,21.09,21.16,19.94,20.97,7102.06
1683748800000,20.97,21.22,20.9,20.97,2551.47
1683763200000,20.97,20.98,20.58,20.61,1237.83
1683777600000,20.6,20.7,20.58,20.6,680.93
1683792000000,20.6,20.63,20.38,20.53,1217.58
1683806400000,20.53,20.7,19.96,20.15,4484.64
1683820800000,20.15,20.17,19.74,20.03,4222.99
1683835200000,20.05,20.29,20.0,20.22,1133.42
1683849600000,20.22,20.23,19.88,19.97,1132.62
1683864000000,19.98,20.16,19.86,20.14,1305.12
1683878400000,20.14,20.3,20.08,20.26,1097.66
1683892800000,20.26,20.67,20.24,20.34,2356.49
1683907200000,20.34,20.47,19.97,20.45,2754.27
1683921600000,20.45,20.89,20.4,20.87,2324.39
1683936000000,20.87,21.14,20.84,21.1,1507.45
1683950400000,21.11,21.2,20.97,21.18,1286.67
1683964800000,21.18,21.23,21.09,21.11,906.79
1683979200000,21.11,21.15,20.84,20.87,1321.74
1683993600000,20.87,21.06,20.84,20.95,898.36
1684008000000,20.95,21.0,20.89,20.89,829.41
1684022400000,20.89,20.93,20.64,20.91,1974.94
1684036800000,20.91,21.14,20.87,21.08,881.79
1684051200000,21.1,21.14,21.0,21.01,361.94
1684065600000,21.01,21.21,20.91,21.18,1121.33
1684080000000,21.18,21.23,20.92,20.96,985.25
1684094400000,20.96,20.98,20.86,20.92,605.98
1684108800000,20.92,21.24,20.66,21.18,3081.52
1684123200000,21.2,21.45,21.15,21.34,2061.79
1684137600000,21.34,21.46,21.31,21.33,1330.08
1684152000000,21.33,21.44,21.24,21.42,1425.1
1684166400000,21.4,21.43,21.18,21.18,1457.56
1684180800000,21.18,21.19,20.99,21.03,1324.79
1684195200000,21.03,21.07,20.72,20.83,1623.6
1684209600000,20.83,21.02,20.81,21.0,1211.73
1684224000000,21.0,21.07,20.86,20.91,934.71
1684238400000,20.91,20.93,20.71,20.77,1932.49
1684252800000,20.78,20.81,20.52,20.56,1425.06
1684267200000,20.56,20.71,20.48,20.69,2496.25
1684281600000,20.69,21.02,20.61,20.96,1226.6
1684296000000,20.96,21.01,20.6,20.61,1555.82
1684310400000,20.61,20.7,20.52,20.54,1404.91
1684324800000,20.54,20.67,20.48,20.56,1510.51
1684339200000,20.56,21.09,20.54,21.08,2558.8
1684353600000,21.08,21.16,20.94,21.1,1571.91
1684368000000,21.1,21.13,20.94,21.04,1537.38
1684382400000,21.04,21.06,20.78,20.88,1472.02
1684396800000,20.88,20.97,20.73,20.83,1422.72
1684411200000,20.83,20.83,20.49,20.5,2122.68
1684425600000,20.5,20.62,20.14,20.35,3129.59
1684440000000,20.35,20.48,20.32,20.4,869.11
1684454400000,20.4,20.42,20.3,20.36,830.66
1684468800000,20.36,20.44,20.31,20.4,528.45
1684483200000,20.4,20.46,20.38,20.42,666.47
1684497600000,20.42,20.53,20.27,20.39,1425.05
1684512000000,20.4,20.51,20.37,20.4,779.28
1684526400000,20.4,20.43,20.36,20.39,389.35
1684540800000,20.39,20.41,20.2,20.27,657.9
1684555200000,20.27,20.32,20.12,20.2,701.13
1684569600000,20.2,20.26,20.12,20.21,550.52
1684584000000,20.2,20.3,20.18,20.26,441.71
1684598400000,20.26,20.3,20.23,20.27,580.71
1684612800000,20.27,20.3,20.19,20.29,474.38
1684627200000,20.29,20.34,20.24,20.28,451.97
1684641600000,20.28,20.33,20.25,20.28,295.95
1684656000000,20.28,20.36,20.11,20.18,933.97
1684670400000,20.18,20.21,19.88,19.97,2407.07
1684684800000,19.97,20.0,19.88,19.98,1224.36
1684699200000,19.98,20.0,19.39,19.64,2978.05
1684713600000,19.64,19.69,19.33,19.52,1794.52
1684728000000,19.52,19.74,19.49,19.69,898.27
1684742400000,19.69,19.86,19.67,19.83,1246.02
1684756800000,19.83,19.97,19.6,19.68,1899.07
1684771200000,19.7,19.73,19.59,19.7,1107.01
1684785600000,19.7,19.75,19.56,19.57,1056.61
1684800000000,19.57,20.13,19.45,20.1,3024.44
1684814400000,20.1,20.13,19.75,19.83,1461.51
1684828800000,19.83,19.89,19.74,19.88,1187.51
1684843200000,19.88,20.07,19.86,20.01,1596.73
1684857600000,20.01,20.1,19.91,19.98,1794.8
1684872000000,19.98,20.07,19.96,20.03,1011.04
1684886400000,20.03,20.05,19.5,19.55,2077.32
1684900800000,19.55,19.57,19.43,19.46,1372.2
1684915200000,19.47,19.59,19.38,19.41,998.53
1684929600000,19.41,19.45,18.84,19.12,3095.81
1684944000000,19.12,19.25,19.04,19.2,1287.98
1684958400000,19.2,19.31,19.18,19.21,833.92
1684972800000,19.21,19.35,18.83,19.33,2183.07
1684987200000,19.33,19.44,19.28,19.33,960.43
1685001600000,19.33,19.38,19.29,19.37,990.56
1685016000000,19.37,19.52,19.24,19.25,1212.0
1685030400000,19.25,19.38,19.23,19.35,953.98
1685044800000,19.35,19.37,19.23,19.27,490.3
1685059200000,19.27,19.32,19.23,19.25,548.55
1685073600000,19.25,19.33,19.14,19.25,769.33
1685088000000,19.25,19.36,19.23,19.31,650.1
1685102400000,19.31,19.51,19.27,19.43,1141.87
1685116800000,19.43,19.49,19.35,19.44,585.44
1685131200000,19.44,19.49,19.4,19.4,351.12
1685145600000,19.4,19.45,19.35,19.45,294.72
1685160000000,19.45,19.59,19.39,19.52,543.86
1685174400000,19.52,19.59,19.47,19.52,541.42
1685188800000,19.52,19.6,19.47,19.56,637.14
1685203200000,19.56,19.65,19.54,19.62,928.54
1685217600000,19.62,20.49,19.61,20.37,4506.11
1685232000000,20.38,20.73,20.3,20.45,3170.31
1685246400000,20.45,20.53,20.43,20.47,740.37
1685260800000,20.47,20.61,20.4,20.55,1260.51
1685275200000,20.55,20.62,20.41,20.48,991.28
1685289600000,20.48,20.93,20.44,20.78,2344.02
1685304000000,20.78,21.15,20.72,20.84,3263.95
1685318400000,20.84,20.92,20.72,20.75,1832.08
1685332800000,20.75,20.78,20.6,20.69,999.5
1685347200000,20.69,20.79,20.64,20.72,1156.58
1685361600000,20.72,20.74,20.47,20.47,1736.11
1685376000000,20.47,20.53,20.32,20.5,2192.81
1685390400000,20.49,20.63,20.46,20.57,819.02
1685404800000,20.57,21.11,20.5,20.92,3075.26
1685419200000,20.92,20.94,20.71,20.8,1391.66
1685433600000,20.8,21.33,20.78,21.26,2356.55
1685448000000,21.26,21.34,20.94,21.01,2848.14
1685462400000,21.01,21.37,20.86,21.34,2418.8
1685476800000,21.34,21.36,21.16,21.23,866.67
1685491200000,21.23,21.35,21.01,21.09,1163.79
1685505600000,21.09,21.11,20.56,20.69,3014.59
1685520000000,20.69,20.77,20.57,20.63,1172.96
1685534400000,20.63,20.65,20.43,20.51,1494.99
1685548800000,20.51,20.68,20.48,20.64,871.44
1685563200000,20.64,20.78,20.62,20.76,626.4
1685577600000,20.76,20.93,20.48,20.66,2065.63
1685592000000,20.66,20.71,20.55,20.6,698.74
1685606400000,20.6,20.71,20.59,20.68,653.55
1685620800000,20.68,20.86,20.66,20.68,1432.1
1685635200000,20.68,20.81,20.58,20.69,1379.26
1685649600000,20.68,20.71,20.47,20.52,664.23
1685664000000,20.52,20.74,20.36,20.72,1223.99
1685678400000,20.72,21.08,20.69,20.98,1888.56
1685692800000,20.98,21.24,20.95,21.21,1569.14
1685707200000,21.21,21.24,21.01,21.14,1557.28
1685721600000,21.14,21.31,21.04,21.27,1280.06
1685736000000,21.27,21.32,21.22,21.31,980.61
1685750400000,21.31,21.32,21.08,21.17,1422.68
1685764800000,21.17,21.18,21.0,21.12,609.18
1685779200000,21.12,21.18,21.09,21.15,931.91
1685793600000,21.15,21.19,21.09,21.19,591.44
1685808000000,21.19,21.29,21.1,21.11,1028.07
1685822400000,21.11,21.13,21.01,21.13,593.73
1685836800000,21.13,21.27,21.08,21.23,710.47
1685851200000,21.23,21.76,21.2,21.65,2248.4
1685865600000,21.65,21.67,21.53,21.65,990.91
1685880000000,21.65,22.11,21.64,22.0,3240.84
1685894400000,22.0,22.24,21.95,22.2,2313.5
1685908800000,22.2,22.24,21.83,21.87,2108.7
1685923200000,21.87,21.99,21.56,21.58,18838.84
1685937600000,21.58,21.63,21.47,21.6,21849.82
1685952000000,21.6,21.66,21.5,21.58,17675.14
1685966400000,21.58,21.6,19.96,19.96,80926.58
1685980800000,19.96,20.46,19.3,19.98,116667.45
1685995200000,19.98,20.11,19.74,20.05,26121.74
1686009600000,20.05,20.06,19.75,19.95,17184.14
1686024000000,19.95,20.09,19.9,20.05,22738.49
1686038400000,20.07,20.09,19.87,19.9,20465.09
1686052800000,19.9,20.04,19.28,19.92,167561.07
1686067200000,19.92,20.6,19.9,20.56,111195.74
1686081600000,20.56,20.64,20.28,20.42,48558.28
1686096000000,20.42,20.47,20.07,20.17,44120.49
1686110400000,20.17,20.24,20.0,20.0,24928.71
1686124800000,20.0,20.07,19.63,19.93,55088.31
1686139200000,19.93,19.95,19.29,19.34,55938.48
1686153600000,19.35,19.35,18.66,18.99,72933.23
1686168000000,18.99,18.99,18.57,18.67,41649.74
1686182400000,18.67,18.87,18.3,18.47,31165.21
1686196800000,18.47,18.73,18.42,18.64,22003.97
1686211200000,18.64,18.79,18.56,18.75,17928.98
1686225600000,18.75,18.95,18.72,18.88,31440.8
1686240000000,18.88,18.92,18.59,18.83,17100.37
1686254400000,18.83,19.05,18.78,18.91,14476.63
1686268800000,18.91,18.92,18.63,18.74,15689.87
1686283200000,18.74,18.78,18.55,18.6,13146.6
1686297600000,18.6,19.31,18.56,19.25,28480.8
1686312000000,19.25,19.31,18.56,18.66,43471.23
1686326400000,18.66,18.67,17.31,17.43,82852.73
1686340800000,17.41,17.75,17.16,17.39,52751.84
1686355200000,17.39,17.4,16.06,16.33,107588.0
1686369600000,16.32,16.45,12.78,14.44,323015.43
1686384000000,14.44,15.0,14.29,14.93,116055.58
1686398400000,14.93,14.93,14.44,14.79,90750.91
1686412800000,14.79,15.81,14.56,15.28,147328.62
1686427200000,15.3,15.85,15.18,15.63,56838.97
1686441600000,15.63,15.77,15.42,15.59,40111.57
1686456000000,15.59,15.71,15.33,15.42,42725.85
1686470400000,15.44,15.71,15.33,15.56,40961.76
1686484800000,15.56,15.66,15.16,15.23,51126.49
1686499200000,15.23,16.14,15.19,16.01,80397.03
1686513600000,16.01,16.11,15.43,15.56,50068.56
1686528000000,15.56,15.57,14.96,15.08,52237.55
1686542400000,15.08,15.28,15.02,15.09,27327.22
1686556800000,15.09,15.64,15.04,15.41,46418.09
1686571200000,15.41,15.45,15.18,15.23,33418.23
1686585600000,15.23,15.3,14.79,14.95,61966.22
1686600000000,14.95,15.34,14.93,15.23,37485.56
1686614400000,15.23,15.49,15.04,15.35,38426.37
1686628800000,15.35,15.49,15.15,15.45,22942.52
1686643200000,15.45,15.64,15.38,15.62,42793.97
1686657600000,15.62,15.96,14.78,14.84,82292.37
1686672000000,14.84,15.11,14.8,14.98,31435.87
1686686400000,14.99,15.06,14.88,15.01,22683.14
1686700800000,15.01,15.28,14.94,15.23,16110.15
1686715200000,15.23,15.26,15.04,15.07,16692.58
1686729600000,15.07,15.23,15.04,15.21,7130.93
1686744000000,15.21,15.26,15.05,15.09,4837.3
1686758400000,15.09,15.33,14.96,15.12,13641.62
1686772800000,15.11,15.13,14.12,14.5,18589.96
1686787200000,14.5,15.01,14.4,14.89,9629.61
1686801600000,14.89,14.92,14.67,14.82,7076.45
1686816000000,14.83,14.88,14.49,14.7,11268.78
1686830400000,14.7,14.76,14.4,14.51,10435.99
1686844800000,14.51,14.79,14.21,14.75,10893.64
1686859200000,14.75,15.03,14.62,14.77,9237.2
1686873600000,14.77,14.85,14.63,14.81,2419.3
1686888000000,14.81,14.98,14.79,14.87,3417.35
1686902400000,14.87,14.92,14.55,14.59,4522.35
1686916800000,14.59,15.04,14.41,14.98,9290.01
1686931200000,14.98,15.44,14.89,15.26,10506.53
1686945600000,15.26,15.41,15.24,15.34,4050.43
1686960000000,15.34,15.41,15.19,15.39,3178.92
1686974400000,15.39,16.1,15.35,15.84,12453.73
1686988800000,15.84,15.92,15.74,15.79,4701.1
1687003200000,15.79,15.89,15.61,15.69,4844.31
1687017600000,15.69,15.8,15.64,15.69,3963.3
1687032000000,15.69,15.74,15.6,15.67,1967.69
1687046400000,15.67,15.69,15.47,15.58,3086.61
1687060800000,15.58,15.68,15.51,15.6,2404.88
1687075200000,15.6,15.72,15.5,15.7,2872.42
1687089600000,15.7,15.8,15.63,15.76,3103.49
1687104000000,15.76,15.8,15.7,15.78,2528.54
1687118400000,15.78,15.8,15.32,15.41,7757.01
1687132800000,15.41,15.56,15.36,15.5,2799.82
1687147200000,15.5,15.55,15.43,15.44,1943.13
1687161600000,15.44,15.55,15.4,15.52,5969.99
1687176000000,15.53,15.66,15.46,15.54,13714.85
1687190400000,15.54,15.94,15.45,15.81,36884.59
1687204800000,15.81,16.1,15.81,16.06,20201.09
1687219200000,16.06,16.27,16.01,16.05,27498.94
1687233600000,16.05,16.1,15.93,15.98,9172.13
1687248000000,15.98,16.01,15.82,15.92,10371.29
1687262400000,15.92,16.05,15.75,15.93,23828.37
1687276800000,15.93,16.47,15.86,16.35,53791.08
1687291200000,16.34,16.66,16.29,16.6,26618.42
1687305600000,16.6,17.15,16.52,16.78,42698.27
1687320000000,16.78,16.94,16.68,16.84,24335.75
1687334400000,16.84,16.87,16.68,16.79,20335.08
1687348800000,16.79,17.05,16.61,16.92,45982.01
1687363200000,16.92,17.24,16.87,17.11,51564.05
1687377600000,17.11,17.35,17.0,17.28,24714.46
1687392000000,17.28,17.7,17.21,17.57,27247.9
1687406400000,17.57,17.58,17.19,17.35,28747.48
1687420800000,17.35,17.42,16.68,16.86,45679.77
1687435200000,16.86,17.14,16.71,16.88,34997.68
1687449600000,16.88,17.12,16.82,16.93,26701.59
1687464000000,16.93,16.95,16.56,16.66,14496.45
1687478400000,16.66,16.78,16.56,16.76,16786.41
1687492800000,16.76,16.84,16.71,16.76,12353.69
1687507200000,16.78,16.83,16.59,16.62,17317.79
1687521600000,16.62,17.0,16.22,16.97,79031.89
1687536000000,16.97,17.22,16.86,17.08,79570.29
1687550400000,17.08,17.48,16.94,17.13,35107.64
1687564800000,17.13,17.5,17.07,17.41,38398.73
1687579200000,17.41,17.42,17.05,17.09,17198.17
1687593600000,17.09,17.33,17.09,17.22,14204.37
1687608000000,17.22,17.37,16.56,16.64,40933.82
1687622400000,16.62,16.8,16.47,16.71,27215.28
1687636800000,16.71,16.71,16.43,16.62,13955.7
1687651200000,16.62,16.97,16.59,16.96,14746.23
1687665600000,16.95,17.33,16.94,17.28,25857.31
1687680000000,17.28,17.36,17.06,17.2,24651.83
1687694400000,17.2,17.27,16.79,17.12,35126.98
1687708800000,17.12,17.26,16.9,16.96,25599.57
1687723200000,16.96,17.09,16.85,16.95,11506.05
1687737600000,16.95,16.97,16.59,16.74,28343.91
1687752000000,16.74,17.04,16.63,16.96,16394.85
1687766400000,16.95,16.98,16.74,16.93,14271.14
1687780800000,16.93,17.1,16.75,16.85,23046.67
1687795200000,16.85,16.86,16.19,16.33,47448.26
1687809600000,16.33,16.35,15.92,16.25,22479.86
1687824000000,16.25,16.48,16.15,16.46,18501.12
1687838400000,16.46,16.69,16.37,16.69,19601.47
1687852800000,16.69,16.74,16.52,16.68,19807.56
1687867200000,16.68,16.84,16.38,16.42,38723.9
1687881600000,16.42,16.79,16.37,16.73,25649.34
1687896000000,16.73,16.88,16.52,16.61,25679.21
1687910400000,16.59,16.63,16.17,16.38,38258.61
1687924800000,16.38,16.38,15.88,15.96,37742.15
1687939200000,15.96,16.21,15.93,16.19,17930.43
1687953600000,16.19,16.46,16.1,16.35,35260.76
1687968000000,16.35,16.39,15.64,15.91,45172.36
1687982400000,15.91,16.07,15.8,15.99,22919.21
1687996800000,15.99,16.14,15.88,16.0,14521.63
1688011200000,15.99,16.32,15.98,16.28,14449.88
1688025600000,16.28,18.24,16.25,18.05,168205.01
1688040000000,18.05,18.18,17.32,17.66,105180.78
1688054400000,17.66,17.78,17.56,17.74,45299.95
1688068800000,17.75,18.02,17.48,17.95,44100.42
1688083200000,17.95,19.02,17.9,18.93,120205.34
1688097600000,18.93,19.1,18.4,18.74,66024.2
1688112000000,18.75,18.97,18.6,18.87,44048.36
1688126400000,18.87,19.51,17.05,18.26,190733.36
1688140800000,18.26,19.96,18.19,19.12,115620.69
1688155200000,19.11,19.33,18.88,18.9,33217.19
1688169600000,18.89,18.99,18.21,18.33,49649.43
1688184000000,18.33,18.46,17.95,18.43,53385.75
1688198400000,18.43,18.49,18.21,18.34,22259.39
1688212800000,18.34,18.55,18.31,18.44,21561.14
1688227200000,18.44,18.47,18.27,18.37,14113.43
1688241600000,18.37,18.69,18.35,18.66,14652.92
1688256000000,18.66,18.86,18.56,18.79,41291.62
1688270400000,18.79,19.45,18.61,19.2,56920.88
1688284800000,19.2,19.35,19.05,19.08,29501.34
1688299200000,19.08,19.34,18.88,19.3,50554.38
1688313600000,19.3,19.46,19.13,19.33,30410.94
1688328000000,19.33,19.69,19.29,19.46,29259.53
1688342400000,19.46,19.6,19.23,19.53,21881.01
1688356800000,19.53,19.57,19.27,19.43,18976.86
1688371200000,19.43,19.49,19.35,19.42,15905.83
1688385600000,19.42,19.46,19.0,19.29,41850.46
1688400000000,19.31,19.34,19.06,19.29,26160.51
1688414400000,19.3,19.33,18.92,19.21,26215.44
1688428800000,19.21,19.46,19.17,19.34,18992.54
1688443200000,19.34,19.36,19.09,19.12,13330.74
1688457600000,19.12,19.23,19.09,19.22,11262.0
1688472000000,19.22,19.89,19.2,19.81,51168.68
1688486400000,19.83,19.85,19.35,19.52,37526.84
1688500800000,19.52,19.56,19.15,19.18,21659.29
1688515200000,19.18,19.3,19.16,19.29,9418.14
1688529600000,19.29,19.36,19.23,19.36,10046.65
1688544000000,19.36,19.36,18.37,18.71,43709.98
1688558400000,18.71,18.88,18.5,18.59,27272.62
1688572800000,18.59,18.86,18.54,18.62,15010.56
1688587200000,18.62,18.99,18.56,18.95,12286.33
1688601600000,18.95,19.7,18.94,19.49,57507.73
1688616000000,19.49,19.7,19.33,19.62,28453.25
1688630400000,19.62,20.3,19.55,19.88,80677.77
1688644800000,19.88,19.9,18.88,19.67,100268.44
1688659200000,19.67,20.91,19.56,20.87,121271.65
1688673600000,20.87,20.94,19.66,19.66,87268.65
1688688000000,19.66,20.46,19.5,20.21,62108.89
1688702400000,20.21,20.27,19.37,19.45,53771.65
1688716800000,19.46,20.28,19.33,20.19,84094.8
1688731200000,20.19,21.57,20.19,21.22,170812.98
1688745600000,21.22,21.48,21.1,21.42,75330.81
1688760000000,21.42,21.77,21.21,21.48,39141.64
1688774400000,21.48,21.95,21.45,21.72,44005.18
1688788800000,21.72,22.0,21.37,21.95,65847.11
1688803200000,21.95,22.44,21.84,21.93,78134.79
1688817600000,21.93,21.97,21.47,21.53,54222.88
1688832000000,21.53,21.96,21.48,21.62,53329.04
1688846400000,21.62,21.95,21.48,21.86,27565.7
1688860800000,21.86,22.32,21.6,21.7,48682.15
1688875200000,21.7,21.84,21.46,21.54,23695.27
1688889600000,21.54,21.84,21.53,21.67,26308.92
1688904000000,21.67,21.82,21.21,21.28,48858.7
1688918400000,21.28,21.37,21.2,21.3,18503.36
1688932800000,21.3,21.44,21.05,21.35,27176.36
1688947200000,21.35,21.35,20.84,21.25,62406.52
1688961600000,21.25,21.27,20.64,20.74,34917.25
1688976000000,20.74,20.83,20.54,20.76,36314.39
1688990400000,20.76,21.24,20.64,21.12,42323.55
1689004800000,21.13,21.58,20.94,21.54,37882.19
1689019200000,21.54,21.75,21.14,21.31,72425.85
1689033600000,21.31,21.75,21.21,21.68,38164.8
1689048000000,21.68,22.19,21.66,22.11,49709.3
1689062400000,22.11,22.14,21.88,22.04,29516.04
1689076800000,22.04,22.31,21.93,22.12,60862.52
1689091200000,22.13,22.16,21.9,22.0,24848.92
1689105600000,22.0,22.08,21.79,22.07,27971.79
1689120000000,22.07,22.24,21.88,21.92,28803.51
1689134400000,21.92,22.15,21.88,22.05,18961.37
1689148800000,22.05,22.19,21.96,22.12,24287.97
1689163200000,22.12,22.79,21.98,22.39,136133.41
1689177600000,22.39,22.44,21.8,21.9,58659.94
1689192000000,21.9,22.11,21.82,21.98,32883.32
1689206400000,21.98,22.0,21.6,21.64,30352.81
1689220800000,21.64,21.92,21.49,21.78,33326.34
1689235200000,21.78,22.41,21.74,22.37,40272.44
1689249600000,22.37,25.44,22.18,24.05,190194.63
1689264000000,24.05,26.75,24.05,26.17,409032.34
1689278400000,26.17,26.17,25.4,25.98,86006.73
1689292800000,26.0,32.16,25.67,28.58,367579.9
1689307200000,28.58,28.83,28.3,28.74,97014.25
1689321600000,28.74,29.63,27.72,28.1,133765.13
1689336000000,28.12,28.26,27.43,28.15,75905.78
1689350400000,28.15,28.19,25.65,26.03,188765.12
1689364800000,26.03,26.84,25.31,26.73,94519.74
1689379200000,26.71,27.88,26.52,27.23,147451.64
1689393600000,27.21,28.9,27.17,28.74,121425.38
1689408000000,28.74,29.06,28.55,28.95,85185.73
1689422400000,28.95,29.01,27.49,27.59,91546.26
1689436800000,27.59,28.11,27.11,27.91,71669.12
1689451200000,27.91,27.93,27.21,27.43,35950.13
1689465600000,27.43,27.88,26.52,27.06,90505.39
1689480000000,27.04,27.87,27.03,27.69,42678.86
1689494400000,27.69,28.25,27.66,28.08,51866.03
1689508800000,28.08,28.56,27.95,28.09,62869.24
1689523200000,28.08,28.13,27.4,27.44,47152.5
1689537600000,27.44,27.74,27.16,27.39,43723.36
1689552000000,27.39,28.37,27.26,28.07,59466.32
1689566400000,28.07,28.41,27.51,27.62,46764.69
1689580800000,27.62,27.64,26.63,27.12,76069.84
1689595200000,27.12,27.4,26.52,26.99,67505.28
1689609600000,26.99,27.21,25.65,26.15,109979.41
1689624000000,26.15,26.97,26.11,26.82,70139.32
1689638400000,26.83,27.03,26.42,26.59,34012.22
1689652800000,26.59,26.61,25.73,25.77,61254.25
1689667200000,25.77,26.06,24.95,25.05,91265.91
1689681600000,25.08,25.62,24.81,25.51,65090.48
1689696000000,25.51,25.71,24.96,25.32,44674.31
1689710400000,25.32,25.52,25.09,25.52,19268.55
1689724800000,25.5,26.52,25.37,26.43,48502.2
1689739200000,26.43,26.48,26.13,26.21,26237.83
1689753600000,26.21,26.45,25.79,26.42,31845.16
1689768000000,26.42,26.65,25.92,26.32,51561.36
1689782400000,26.34,26.88,26.21,26.78,48013.85
1689796800000,26.78,26.91,26.32,26.37,43061.96
1689811200000,26.37,26.76,26.21,26.54,26966.29
1689825600000,26.54,26.87,26.33,26.86,28617.82
1689840000000,26.84,27.32,26.83,27.18,46338.13
1689854400000,27.18,27.21,25.64,25.7,71894.87
1689868800000,25.72,25.75,25.28,25.38,45482.52
1689883200000,25.38,25.64,25.09,25.43,33329.37
1689897600000,25.43,25.61,25.15,25.52,25791.98
1689912000000,25.52,25.54,25.2,25.22,21189.91
1689926400000,25.22,25.44,25.13,25.24,24154.53
1689940800000,25.24,25.55,25.24,25.32,35780.02
1689955200000,25.32,25.95,25.2,25.78,40377.5
1689969600000,25.78,25.86,25.5,25.56,19758.14
1689984000000,25.56,25.95,25.48,25.84,20686.42
1689998400000,25.84,25.9,25.58,25.79,9793.29
1690012800000,25.79,25.87,25.47,25.62,16107.5
1690027200000,25.62,25.73,25.52,25.67,11003.15
1690041600000,25.67,25.73,25.27,25.35,20225.01
1690056000000,25.35,25.37,24.14,24.52,43678.52
1690070400000,24.52,24.74,24.21,24.7,26902.97
1690084800000,24.7,24.83,24.64,24.69,17189.88
1690099200000,24.69,24.82,24.65,24.67,10694.2
1690113600000,24.67,24.72,24.55,24.64,13066.1
1690128000000,24.64,25.19,24.64,24.89,34040.97
1690142400000,24.89,24.98,24.56,24.76,15938.25
1690156800000,24.76,24.81,24.29,24.35,19761.67
1690171200000,24.35,24.62,24.14,24.6,14693.8
1690185600000,24.6,24.63,23.03,23.65,64181.89
1690200000000,23.65,23.66,22.93,23.23,53186.13
1690214400000,23.23,23.52,23.13,23.34,25337.65
1690228800000,23.34,23.55,23.27,23.39,22746.88
1690243200000,23.39,23.49,23.18,23.4,17452.76
1690257600000,23.4,23.41,23.04,23.09,17311.25
1690272000000,23.09,23.33,23.04,23.21,13812.15
1690286400000,23.21,23.52,22.76,23.27,46081.95
1690300800000,23.27,23.44,23.13,23.21,20229.97
1690315200000,23.22,23.34,23.17,23.28,12105.53
1690329600000,23.28,23.69,23.19,23.54,29842.69
1690344000000,23.54,23.6,23.41,23.45,15163.17
1690358400000,23.45,23.95,23.44,23.82,34197.08
1690372800000,23.82,24.98,23.8,24.91,78060.07
1690387200000,24.91,25.59,24.57,25.38,104839.64
1690401600000,25.38,25.52,25.1,25.19,39188.67
1690416000000,25.19,25.44,24.72,24.89,43371.62
1690430400000,24.89,25.29,24.89,25.09,26481.74
1690444800000,25.05,25.43,24.95,25.34,30205.4
1690459200000,25.36,25.59,25.12,25.17,53391.73
1690473600000,25.19,25.3,24.78,24.9,41305.27
1690488000000,24.9,25.21,24.8,25.1,16702.39
1690502400000,25.1,25.34,24.86,24.93,18683.44
1690516800000,24.93,24.99,24.6,24.64,19408.79
1690531200000,24.64,24.8,24.58,24.68,15736.89
1690545600000,24.66,25.53,24.66,25.26,49516.96
1690560000000,25.26,25.41,24.9,25.08,24422.56
1690574400000,25.07,25.11,24.88,24.88,11419.26
1690588800000,24.88,25.16,24.81,25.12,14626.04
1690603200000,25.12,25.2,25.06,25.09,14678.25
1690617600000,25.09,25.14,24.97,25.0,13785.84
1690632000000,25.0,25.18,24.96,25.04,15139.0
1690646400000,25.04,25.32,25.02,25.24,17583.29
1690660800000,25.24,25.34,25.16,25.19,9376.2
1690675200000,25.19,25.24,25.06,25.08,12061.35
1690689600000,25.08,25.13,24.91,24.99,10213.88
1690704000000,24.99,25.03,24.87,24.96,11018.52
1690718400000,24.96,25.06,24.77,24.93,20457.59
1690732800000,24.9,24.98,23.91,24.2,40261.56
1690747200000,24.22,24.28,23.61,24.26,40611.61
1690761600000,24.26,24.72,24.14,24.59,29530.77
1690776000000,24.61,24.64,24.4,24.47,17586.01
1690790400000,24.49,24.56,24.39,24.5,15213.28
1690804800000,24.5,24.67,23.98,23.99,40736.49
1690819200000,23.99,24.15,23.59,23.69,32797.76
1690833600000,23.69,23.9,23.62,23.76,23117.99
1690848000000,23.76,23.96,22.9,23.42,52001.92
1690862400000,23.4,23.59,23.3,23.53,22076.06
1690876800000,23.53,23.59,23.34,23.37,14575.01
1690891200000,23.38,23.47,22.9,23.26,38773.0
1690905600000,23.26,23.74,23.18,23.61,27991.1
1690920000000,23.61,24.0,23.49,23.99,25181.52
1690934400000,23.99,24.23,23.71,23.73,38798.92
1690948800000,23.73,23.79,23.64,23.66,15367.84
1690963200000,23.66,23.7,23.49,23.67,18376.25
1690977600000,23.67,23.77,23.15,23.29,33599.55
1690992000000,23.29,23.31,22.91,23.2,43356.26
1691006400000,23.2,23.29,23.06,23.18,15333.39
1691020800000,23.18,23.35,23.12,23.21,12853.69
1691035200000,23.21,23.25,22.55,22.71,36100.67
1691049600000,22.71,22.91,22.53,22.77,28628.65
1691064000000,22.77,23.05,22.66,22.82,27401.66
1691078400000,22.82,23.06,22.74,22.9,21231.99
1691092800000,22.9,23.05,22.54,22.65,24119.17
1691107200000,22.65,22.75,22.53,22.71,21158.38
1691121600000,22.71,22.96,22.66,22.93,18030.48
1691136000000,22.93,23.05,22.87,22.91,13178.11
1691150400000,22.91,23.51,22.87,23.35,47873.62
1691164800000,23.35,23.45,22.86,22.95,34313.48
1691179200000,22.97,23.06,22.56,22.85,27494.86
1691193600000,22.85,22.85,22.55,22.71,19155.22
1691208000000,22.71,22.84,22.52,22.79,9332.76
1691222400000,22.79,22.89,22.75,22.83,9035.63
1691236800000,22.83,22.85,22.54,22.6,18870.0
1691251200000,22.6,22.66,22.3,22.59,24446.94
1691265600000,22.59,22.67,22.52,22.62,7188.46
1691280000000,22.62,22.86,22.6,22.81,14178.17
1691294400000,22.81,23.06,22.81,23.03,20278.66
1691308800000,23.03,23.41,22.96,23.21,35278.51
1691323200000,23.21,23.23,22.85,23.03,22812.04
1691337600000,23.03,23.24,22.96,23.19,25324.42
1691352000000,23.19,23.35,23.12,23.23,16979.87
1691366400000,23.23,23.59,23.07,23.36,26924.49
1691380800000,23.36,23.4,23.06,23.13,16669.82
1691395200000,23.13,23.18,23.04,23.12,11803.63
1691409600000,23.12,23.2,22.62,22.73,36334.18
1691424000000,22.73,23.0,22.41,22.92,57151.14
1691438400000,22.93,23.14,22.87,23.06,15180.91
1691452800000,23.06,23.19,23.03,23.11,13767.69
1691467200000,23.11,23.33,23.08,23.2,22513.46
1691481600000,23.2,23.34,23.16,23.33,15787.2
1691496000000,23.33,23.84,23.24,23.74,50547.25
1691510400000,23.74,24.72,23.7,24.53,82012.87
1691524800000,24.53,24.68,24.1,24.19,48063.55
1691539200000,24.19,24.47,24.19,24.27,24779.13
1691553600000,24.27,24.57,24.24,24.55,16284.13
1691568000000,24.53,24.92,24.51,24.83,47825.25
1691582400000,24.83,24.92,24.5,24.62,58676.73
1691596800000,24.6,24.61,24.3,24.36,27371.09
1691611200000,24.34,24.42,24.17,24.4,18823.86
1691625600000,24.4,24.49,24.27,24.28,15174.42
1691640000000,24.28,24.34,24.19,24.29,13749.16
1691654400000,24.29,24.47,24.27,24.41,13725.05
1691668800000,24.41,24.83,24.38,24.56,48364.26
1691683200000,24.56,24.61,24.41,24.54,15759.89
1691697600000,24.54,24.71,24.54,24.63,21035.35
1691712000000,24.63,24.86,24.6,24.74,20283.73
1691726400000,24.74,24.87,24.52,24.54,14994.84
1691740800000,24.54,24.58,24.43,24.5,12099.75
1691755200000,24.5,24.8,24.41,24.58,29459.36
1691769600000,24.58,24.66,24.37,24.47,16808.24
1691784000000,24.47,24.63,24.42,24.6,26844.68
1691798400000,24.6,24.71,24.43,24.49,13150.68
1691812800000,24.49,24.55,24.39,24.51,15140.5
1691827200000,24.51,24.58,24.48,24.54,6418.9
1691841600000,24.52,24.67,24.5,24.63,10582.15
1691856000000,24.63,24.88,24.6,24.73,20688.24
1691870400000,24.73,25.16,24.7,24.93,23995.4
1691884800000,24.93,24.97,24.73,24.87,15435.27
1691899200000,24.87,24.92,24.7,24.79,10078.3
1691913600000,24.79,24.84,24.69,24.74,10496.04
1691928000000,24.76,24.78,24.54,24.59,21001.91
1691942400000,24.59,24.67,24.47,24.63,25788.35
1691956800000,24.63,24.67,24.28,24.29,17598.05
1691971200000,24.29,24.46,24.13,24.41,28844.43
1691985600000,24.41,24.52,24.35,24.41,8857.14
1692000000000,24.41,24.55,24.38,24.51,19124.02
1692014400000,24.51,24.85,24.35,24.79,20548.07
1692028800000,24.79,25.23,24.59,24.8,51393.21
1692043200000,24.81,25.19,24.78,25.13,17890.73
1692057600000,25.13,25.31,24.92,24.98,28119.2
1692072000000,24.98,25.09,24.78,24.87,20578.69
1692086400000,24.87,25.04,24.77,24.85,27380.58
1692100800000,24.85,24.96,24.73,24.77,19643.57
1692115200000,24.77,24.8,23.8,24.09,59026.84
1692129600000,24.1,24.14,23.75,23.9,34324.61
1692144000000,23.9,24.03,23.68,23.73,27821.84
1692158400000,23.72,23.77,23.42,23.49,33620.84
1692172800000,23.49,23.56,23.28,23.51,18237.34
1692187200000,23.49,23.51,23.0,23.09,33237.03
1692201600000,23.1,23.58,22.95,23.38,40034.56
1692216000000,23.38,23.41,22.42,22.81,60391.6
1692230400000,22.81,23.36,22.52,23.33,37194.53
1692244800000,23.33,23.35,23.22,23.26,10672.29
1692259200000,23.26,23.31,23.03,23.08,13717.49
1692273600000,23.08,23.36,22.65,22.82,64626.25
1692288000000,22.85,23.26,22.67,23.13,37420.03
1692302400000,23.13,23.17,19.95,21.71,153826.35
1692316800000,21.71,21.99,21.36,21.52,32918.73
1692331200000,21.52,22.15,21.43,22.05,27884.87
1692345600000,22.05,22.14,21.83,21.99,17329.31
1692360000000,22.0,22.03,21.61,21.66,33293.4
1692374400000,21.64,21.71,20.96,21.33,58908.76
1692388800000,21.33,21.47,21.27,21.33,23020.65
1692403200000,21.33,21.63,21.31,21.42,12371.49
1692417600000,21.42,21.79,21.38,21.77,20736.26
1692432000000,21.77,21.84,21.62,21.65,10772.39
1692446400000,21.65,21.94,21.63,21.93,13594.11
1692460800000,21.93,22.12,21.82,21.9,19259.69
1692475200000,21.9,21.92,21.75,21.87,9005.84
1692489600000,21.87,21.93,21.75,21.81,7416.77
1692504000000,21.81,21.84,21.62,21.73,6760.76
1692518400000,21.72,21.98,21.67,21.93,10278.5
1692532800000,21.93,22.0,21.69,21.8,10643.09
1692547200000,21.8,21.85,21.62,21.82,10442.89
1692561600000,21.82,21.91,21.75,21.8,7670.14
1692576000000,21.8,21.81,21.4,21.42,15197.17
1692590400000,21.42,21.66,21.35,21.37,11909.32
1692604800000,21.37,21.4,21.03,21.18,24617.59
1692619200000,21.18,21.37,20.38,20.76,45320.41
1692633600000,20.76,21.35,20.71,21.27,26974.63
1692648000000,21.27,21.37,21.21,21.24,10326.04
1692662400000,21.24,21.27,21.07,21.12,9297.11
1692676800000,21.12,21.16,20.98,21.14,10373.3
1692691200000,21.14,21.17,20.96,21.0,7948.76
1692705600000,21.0,21.05,20.64,20.71,28406.03
1692720000000,20.71,20.75,20.05,20.11,66359.26
1692734400000,20.11,20.65,19.35,20.55,57882.53
1692748800000,20.55,20.72,20.49,20.61,15599.71
1692763200000,20.61,20.85,20.53,20.77,17620.61
1692777600000,20.77,20.87,20.64,20.66,18697.9
1692792000000,20.66,20.94,20.41,20.93,32634.05
1692806400000,20.93,21.63,20.88,21.53,75235.47
1692820800000,21.53,21.78,21.32,21.68,26981.38
1692835200000,21.68,21.81,21.61,21.76,10845.94
1692849600000,21.76,22.02,21.68,21.73,19779.35
1692864000000,21.73,21.9,21.64,21.8,12382.98
1692878400000,21.8,21.8,21.04,21.04,40597.67
1692892800000,21.04,21.19,20.77,20.92,34909.19
1692907200000,20.94,21.07,20.69,21.05,17451.12
1692921600000,21.05,21.06,20.5,20.72,15190.21
1692936000000,20.72,20.75,20.45,20.57,12150.42
1692950400000,20.57,20.75,20.56,20.68,9427.57
1692964800000,20.68,20.87,20.27,20.34,41878.0
1692979200000,20.34,20.45,20.11,20.23,23369.64
1692993600000,20.23,20.41,20.19,20.4,16260.69
1693008000000,20.4,20.41,20.23,20.39,8214.87
1693022400000,20.39,20.42,20.23,20.33,7959.93
1693036800000,20.33,20.35,20.26,20.31,5118.42
1693051200000,20.31,20.38,20.21,20.37,6713.7
1693065600000,20.37,20.38,20.22,20.33,6034.05
1693080000000,20.33,20.37,20.26,20.27,3153.46
1693094400000,20.27,20.37,20.26,20.31,4466.4
1693108800000,20.31,20.41,20.28,20.39,3402.91
1693123200000,20.39,20.72,20.37,20.57,19045.83
1693137600000,20.57,20.9,20.56,20.75,11636.05
1693152000000,20.75,20.78,20.57,20.77,10610.77
1693166400000,20.77,20.82,20.64,20.79,6669.1
1693180800000,20.79,20.79,20.45,20.49,9638.36
1693195200000,20.49,20.5,20.23,20.38,10741.96
1693209600000,20.38,20.39,20.06,20.35,14418.7
1693224000000,20.35,20.78,20.34,20.53,20509.38
1693238400000,20.53,20.69,20.39,20.49,14294.08
1693252800000,20.49,20.62,20.39,20.57,13171.41
1693267200000,20.57,20.75,20.45,20.5,10511.71
1693281600000,20.5,20.53,20.24,20.28,11874.23
1693296000000,20.28,20.33,20.12,20.17,12512.05
1693310400000,20.17,22.03,20.12,21.32,130968.24
1693324800000,21.32,21.94,21.21,21.59,56497.95
1693339200000,21.59,21.94,21.58,21.77,41040.0
1693353600000,21.77,21.97,21.47,21.63,20140.13
1693368000000,21.63,21.74,21.56,21.63,8451.47
1693382400000,21.63,21.69,21.4,21.42,16724.57
1693396800000,21.42,21.5,20.69,20.82,53284.14
1693411200000,20.82,20.84,20.62,20.7,15278.63
1693425600000,20.7,20.88,20.68,20.83,7062.92
1693440000000,20.83,20.83,20.62,20.65,7331.84
1693454400000,20.65,20.83,20.64,20.79,7519.57
1693468800000,20.79,21.03,20.67,20.9,15210.55
1693483200000,20.9,20.91,20.24,20.34,31707.3
1693497600000,20.34,20.34,19.45,19.82,81725.4
1693512000000,19.82,19.83,19.46,19.73,21717.84
1693526400000,19.73,19.93,19.7,19.88,8156.21
1693540800000,19.88,19.92,19.78,19.8,18620.66
1693555200000,19.8,19.89,19.75,19.84,9990.15
1693569600000,19.84,19.91,19.31,19.4,34554.14
1693584000000,19.4,19.54,19.04,19.27,40926.04
1693598400000,19.27,19.5,19.22,19.33,13667.1
1693612800000,19.33,19.58,19.31,19.56,12321.13
1693627200000,19.56,19.63,19.46,19.57,9560.44
1693641600000,19.57,19.64,19.51,19.57,8085.75
1693656000000,19.57,19.67,19.38,19.57,16626.71
1693670400000,19.57,19.6,19.15,19.39,16867.84
1693684800000,19.39,19.54,19.37,19.49,8360.09
1693699200000,19.49,19.65,19.46,19.62,9657.97
1693713600000,19.62,19.63,19.49,19.52,5059.83
1693728000000,19.52,19.53,19.34,19.41,8708.24
1693742400000,19.41,19.55,19.32,19.35,11381.86
1693756800000,19.35,19.56,19.26,19.47,9451.19
1693771200000,19.47,19.62,19.44,19.58,8047.0
1693785600000,19.58,20.02,19.57,19.77,25469.48
1693800000000,19.77,19.85,19.65,19.78,23171.4
1693814400000,19.78,19.87,19.58,19.6,13686.97
1693828800000,19.6,19.63,19.24,19.42,29972.84
1693843200000,19.42,19.53,19.35,19.43,7107.65
1693857600000,19.43,19.51,19.18,19.51,12853.29
1693872000000,19.51,19.54,19.06,19.21,22939.18
1693886400000,19.21,19.45,19.21,19.41,14685.94
1693900800000,19.41,19.61,19.27,19.55,33283.14
1693915200000,19.55,20.58,19.51,20.41,91430.44
1693929600000,20.41,20.57,20.19,20.24,32891.27
1693944000000,20.24,20.34,20.06,20.28,15408.44
1693958400000,20.28,20.38,20.11,20.15,21246.44
1693972800000,20.15,20.15,19.7,19.75,27333.41
1693987200000,19.75,19.85,19.71,19.76,16372.82
1694001600000,19.76,19.82,19.18,19.4,51766.4
1694016000000,19.4,19.85,19.16,19.48,46792.68
1694030400000,19.48,19.65,19.47,19.63,10501.93
1694044800000,19.63,19.79,19.58,19.76,18390.06
1694059200000,19.76,19.81,19.56,19.56,18428.01
1694073600000,19.56,19.58,19.35,19.39,16221.71
1694088000000,19.39,19.59,19.34,19.51,17467.04
1694102400000,19.51,19.74,19.51,19.66,24510.47
1694116800000,19.66,19.99,19.63,19.91,24428.14
1694131200000,19.91,20.26,19.85,20.02,17787.65
1694145600000,20.02,20.07,19.84,19.9,16998.36
1694160000000,19.9,19.91,19.38,19.54,24186.44
1694174400000,19.54,19.68,19.51,19.54,18995.16
1694188800000,19.54,19.56,19.4,19.56,13731.86
1694203200000,19.56,19.63,19.5,19.6,5206.97
1694217600000,19.6,19.61,19.48,19.55,3835.49
1694232000000,19.55,19.58,19.46,19.48,5175.76
1694246400000,19.48,19.56,19.46,19.56,5349.01
1694260800000,19.56,19.59,19.48,19.52,5384.7
1694275200000,19.52,19.56,19.4,19.44,8721.37
1694289600000,19.44,19.52,19.42,19.45,4872.3
1694304000000,19.45,19.45,19.21,19.22,17423.27
1694318400000,19.22,19.22,17.99,18.53,102626.12
1694332800000,18.53,18.54,18.27,18.35,27405.28
1694347200000,18.35,18.44,17.81,18.21,59740.12
1694361600000,18.21,18.25,17.83,18.2,42631.52
1694376000000,18.2,18.58,18.15,18.24,30049.06
1694390400000,18.24,18.44,18.0,18.36,38682.63
1694404800000,18.36,18.41,18.17,18.2,21941.99
1694419200000,18.2,18.22,17.39,17.65,55749.23
1694433600000,17.65,17.97,17.37,17.84,68090.14
1694448000000,17.84,17.98,17.44,17.52,30292.29
1694462400000,17.52,17.74,17.44,17.73,23904.56
1694476800000,17.73,18.51,17.59,18.2,44991.6
1694491200000,18.2,18.27,17.88,17.98,39983.72
1694505600000,17.98,18.77,17.95,18.3,57037.29
1694520000000,18.3,18.4,17.93,18.01,55038.72
1694534400000,18.01,18.29,17.71,17.94,34871.14
1694548800000,17.94,18.04,17.88,17.92,10603.53
1694563200000,17.92,18.16,17.8,17.84,19087.74
1694577600000,17.84,18.53,17.72,17.89,41077.67
1694592000000,17.89,18.28,17.86,18.17,26222.07
1694606400000,18.17,18.52,17.98,18.37,38238.17
1694620800000,18.37,18.53,17.9,18.35,60088.13
1694635200000,18.35,18.49,18.27,18.39,17260.28
1694649600000,18.39,19.32,18.39,18.92,72799.0
1694664000000,18.92,18.94,18.64,18.79,19245.02
1694678400000,18.79,18.89,18.56,18.86,43514.5
1694692800000,18.86,19.17,18.76,18.99,41635.5
1694707200000,18.99,19.11,18.89,19.03,29258.54
1694721600000,19.03,19.08,18.8,18.83,13827.61
1694736000000,18.83,19.16,18.73,19.14,12633.17
1694750400000,19.14,19.27,19.04,19.07,12053.48
1694764800000,19.07,19.23,19.02,19.02,12178.52
1694779200000,19.02,19.06,18.75,18.87,18235.38
1694793600000,18.87,18.9,18.57,18.75,17394.87
1694808000000,18.75,19.47,18.69,19.15,30142.65
1694822400000,19.15,19.44,19.07,19.22,19209.34
1694836800000,19.22,19.36,19.08,19.1,13967.33
1694851200000,19.1,19.22,19.05,19.16,9757.42
1694865600000,19.16,19.19,18.88,18.98,11895.96
1694880000000,18.98,19.12,18.94,18.96,7745.99
1694894400000,18.96,19.13,18.95,19.12,10913.07
1694908800000,19.12,19.13,18.75,19.02,12421.39
1694923200000,19.02,19.04,18.91,18.91,4614.62
1694937600000,18.91,19.1,18.89,19.05,7359.9
1694952000000,19.05,19.09,18.97,18.98,5440.95
1694966400000,18.98,19.0,18.76,18.9,9749.95
1694980800000,18.9,18.91,18.66,18.81,14716.44
1694995200000,18.81,19.26,18.61,19.22,29488.87
1695009600000,19.22,19.29,19.01,19.12,25580.79
1695024000000,19.12,19.74,19.09,19.57,34258.3
1695038400000,19.57,20.13,19.55,19.97,46532.64
1695052800000,19.97,20.04,19.52,19.79,42465.44
1695067200000,19.79,19.88,19.62,19.64,9933.99
1695081600000,19.64,19.97,19.6,19.96,14326.47
1695096000000,19.96,19.98,19.76,19.81,7500.54
1695110400000,19.81,20.38,19.78,20.2,35699.79
1695124800000,20.2,20.2,19.84,20.13,35987.54
1695139200000,20.13,20.15,19.85,19.93,50551.07
1695153600000,19.93,20.07,19.86,20.03,9869.23
1695168000000,20.03,20.24,19.87,19.9,12769.64
1695182400000,19.9,19.96,19.82,19.94,12953.94
1695196800000,19.94,20.16,19.9,20.07,15844.84
1695211200000,20.07,20.35,19.92,20.2,28050.91
1695225600000,20.2,20.51,19.91,20.13,40667.72
1695240000000,20.13,20.44,20.1,20.3,19105.48
1695254400000,20.3,20.3,19.94,20.17,25037.39
1695268800000,20.17,20.17,19.77,19.91,19191.74
1695283200000,19.91,19.95,19.52,19.59,46507.7
1695297600000,19.59,19.63,19.3,19.6,35812.13
1695312000000,19.6,19.69,19.55,19.64,10946.04
1695326400000,19.64,19.64,19.44,19.46,10721.53
1695340800000,19.46,19.67,19.25,19.67,15498.26
1695355200000,19.67,19.72,19.56,19.63,16451.55
1695369600000,19.63,19.78,19.61,19.68,15102.37
1695384000000,19.68,19.7,19.47,19.47,13329.22
1695398400000,19.47,19.5,19.32,19.37,21353.35
1695412800000,19.37,19.47,19.17,19.43,13180.54
1695427200000,19.43,19.56,19.31,19.38,13940.69
1695441600000,19.38,19.51,19.33,19.51,5028.7
1695456000000,19.51,19.52,19.45,19.51,6555.52
1695470400000,19.51,19.51,19.32,19.32,7885.21
1695484800000,19.32,19.48,19.31,19.46,6177.89
1695499200000,19.46,19.48,19.4,19.47,5332.52
1695513600000,19.47,19.64,19.46,19.56,10183.75
1695528000000,19.56,19.63,19.51,19.61,5233.09
1695542400000,19.61,19.66,19.55,19.59,4997.12
1695556800000,19.59,19.64,19.45,19.52,10775.55
1695571200000,19.52,19.64,19.45,19.47,11927.56
1695585600000,19.47,19.51,19.21,19.36,11907.52
1695600000000,19.36,19.58,19.11,19.48,19505.0
1695614400000,19.48,19.53,19.36,19.48,11330.85
1695628800000,19.48,19.56,19.42,19.53,11140.3
1695643200000,19.53,19.66,19.45,19.57,19224.82
1695657600000,19.57,19.72,19.48,19.53,15149.05
1695672000000,19.53,19.56,19.36,19.41,8596.65
1695686400000,19.41,19.51,19.3,19.45,12712.1
1695700800000,19.45,19.49,19.32,19.33,20265.47
1695715200000,19.33,19.42,19.26,19.38,11983.02
1695729600000,19.38,19.4,19.14,19.17,15172.77
1695744000000,19.17,19.28,19.14,19.23,11156.46
1695758400000,19.23,19.25,18.86,19.02,24799.0
1695772800000,19.02,19.12,18.95,19.02,11316.4
1695787200000,19.02,19.04,18.91,18.95,7052.7
1695801600000,18.95,19.46,18.89,19.39,33775.99
1695816000000,19.39,19.44,18.78,18.94,42409.06
1695830400000,18.94,19.02,18.75,18.98,18506.94
1695844800000,18.98,19.14,18.9,19.12,9428.29
1695859200000,19.12,19.41,19.09,19.22,19043.26
1695873600000,19.22,19.27,19.19,19.23,11543.21
1695888000000,19.23,19.3,19.13,19.16,15884.8
1695902400000,19.16,19.61,19.16,19.61,29778.08
1695916800000,19.61,19.71,19.44,19.7,42015.18
1695931200000,19.7,19.97,19.59,19.96,21686.08
1695945600000,19.96,20.32,19.86,20.2,34919.16
1695960000000,20.2,20.34,20.07,20.28,21937.28
1695974400000,20.28,20.29,20.05,20.08,16854.58
1695988800000,20.08,20.44,20.04,20.33,39433.84
1696003200000,20.33,20.35,20.09,20.25,15050.97
1696017600000,20.25,20.34,20.2,20.29,9871.41
1696032000000,20.29,20.43,20.21,20.23,12048.08
1696046400000,20.23,20.33,20.09,20.31,9039.53
1696060800000,20.31,20.38,20.27,20.3,8244.58
1696075200000,20.3,21.61,20.28,21.42,93151.19
1696089600000,21.42,21.78,21.27,21.41,44748.96
1696104000000,21.41,21.44,21.25,21.38,10984.0
1696118400000,21.38,21.41,21.15,21.21,16794.93
1696132800000,21.21,21.39,21.18,21.37,11072.72
1696147200000,21.37,24.16,21.36,22.99,119676.42
1696161600000,22.99,23.42,22.85,23.09,53414.4
1696176000000,23.09,23.11,22.46,22.74,37810.33
1696190400000,22.74,24.47,22.6,23.87,86584.17
1696204800000,23.87,24.32,23.59,24.11,46247.13
1696219200000,24.11,24.73,23.97,24.33,57654.35
1696233600000,24.33,24.5,23.81,23.83,37840.69
1696248000000,23.83,24.46,23.61,24.05,72337.81
1696262400000,24.05,24.25,23.13,23.84,66160.81
1696276800000,23.84,23.84,22.93,23.37,35162.04
1696291200000,23.37,23.73,23.32,23.65,25704.65
1696305600000,23.65,24.23,23.51,23.84,43845.42
1696320000000,23.84,24.42,23.79,23.93,46655.49
1696334400000,23.93,24.75,23.78,23.99,100684.45
1696348800000,23.99,24.32,23.47,23.51,43430.31
1696363200000,23.51,23.74,23.23,23.59,35904.69
1696377600000,23.59,23.64,22.82,23.11,52120.42
1696392000000,23.11,23.21,22.8,23.16,18804.73
1696406400000,23.16,23.83,23.12,23.58,32395.88
1696420800000,23.58,23.63,22.7,22.71,44646.17
1696435200000,22.71,23.27,22.62,22.93,41737.34
1696449600000,22.93,23.29,22.88,23.13,13229.42
1696464000000,23.13,23.74,23.06,23.22,26445.1
1696478400000,23.22,23.47,22.85,22.99,20758.52
1696492800000,22.99,23.33,22.91,23.23,19172.69
1696507200000,23.23,23.57,22.64,22.82,50169.74
1696521600000,22.82,23.04,22.57,22.79,31826.02
1696536000000,22.79,22.84,22.63,22.68,19379.68
1696550400000,22.68,23.32,22.66,23.19,25063.43
1696564800000,23.19,23.43,22.96,23.33,20958.87
1696579200000,23.33,23.54,23.09,23.19,44465.76
1696593600000,23.19,23.66,22.71,23.5,69557.05
1696608000000,23.5,23.73,23.35,23.43,38089.54
1696622400000,23.43,23.74,23.33,23.41,22076.37
1696636800000,23.41,23.72,23.36,23.68,18926.22
1696651200000,23.68,24.18,23.48,23.54,35957.06
1696665600000,23.54,23.82,23.38,23.49,33274.3
1696680000000,23.49,23.56,23.31,23.34,8994.63
1696694400000,23.34,23.44,23.1,23.12,7553.27
1696708800000,23.12,23.33,23.11,23.28,2518.64
1696723200000,23.28,23.61,23.19,23.53,9415.22
1696737600000,23.53,23.56,23.22,23.33,4142.85
1696752000000,23.33,23.51,23.17,23.23,5671.55
1696766400000,23.23,23.48,23.09,23.47,5407.98
1696780800000,23.47,23.54,23.28,23.33,5525.92
1696795200000,23.33,23.48,23.19,23.23,3605.23
1696809600000,23.23,23.3,23.11,23.25,4572.56
1696824000000,23.25,23.35,22.87,22.98,6351.93
1696838400000,22.98,23.0,22.08,22.17,24903.85
1696852800000,22.17,22.38,22.09,22.21,9955.8
1696867200000,22.21,22.41,21.62,22.19,22860.89
1696881600000,22.19,22.24,22.02,22.1,4450.07
1696896000000,22.1,22.24,21.9,22.15,5974.36
1696910400000,22.15,22.38,22.06,22.34,3578.46
1696924800000,22.34,22.44,22.12,22.13,7590.28
1696939200000,22.13,22.46,21.95,21.99,9868.72
1696953600000,21.99,22.06,21.71,22.02,10112.97
1696968000000,22.02,22.18,21.82,22.11,5145.14
1696982400000,22.11,22.27,21.76,21.99,10585.56
1696996800000,21.99,22.34,21.97,22.03,8592.94
1697011200000,22.03,22.4,22.01,22.15,9124.29
1697025600000,22.15,22.31,21.92,21.99,9685.59
1697040000000,21.99,22.02,21.64,21.9,9516.22
1697054400000,21.9,22.01,21.77,22.0,3326.73
1697068800000,22.0,22.03,21.52,21.7,11177.87
1697083200000,21.7,21.85,21.66,21.66,5007.26
1697097600000,21.66,21.67,21.18,21.5,14391.58
1697112000000,21.5,21.52,21.26,21.28,8506.95
1697126400000,21.28,21.37,20.98,21.23,13998.8
1697140800000,21.23,21.33,21.15,21.29,3536.32
1697155200000,21.29,21.45,21.14,21.14,4343.88
1697169600000,21.14,21.44,21.13,21.4,4750.51
1697184000000,21.4,21.55,21.33,21.49,4605.64
1697198400000,21.49,21.6,21.36,21.43,7416.99
1697212800000,21.43,21.59,21.41,21.56,4460.76
1697227200000,21.56,22.19,21.56,21.84,16545.92
1697241600000,21.84,22.04,21.8,22.02,5498.46
1697256000000,22.02,22.11,21.96,22.05,3467.89
1697270400000,22.05,22.28,21.93,21.97,7126.01
1697284800000,21.97,22.08,21.87,22.07,3424.78
1697299200000,22.07,22.08,21.99,22.04,1928.86
1697313600000,22.04,22.05,21.94,22.0,1646.46
1697328000000,22.0,22.16,21.85,21.95,3431.1
1697342400000,21.95,21.97,21.88,21.93,1995.01
1697356800000,21.93,22.03,21.83,21.88,5599.51
1697371200000,21.88,21.92,21.68,21.73,4992.25
1697385600000,21.73,21.96,21.7,21.91,3996.83
1697400000000,21.91,22.09,21.85,21.93,5300.97
1697414400000,21.93,22.21,21.9,22.11,4109.43
1697428800000,22.11,22.85,22.1,22.81,13801.41
1697443200000,22.81,23.15,22.64,23.14,14451.37
1697457600000,23.14,24.72,22.91,23.17,61244.7
1697472000000,23.17,24.12,23.14,23.84,19417.9
1697486400000,23.84,24.18,23.67,23.96,13968.26
1697500800000,23.96,24.32,23.79,24.01,12558.41
1697515200000,24.01,24.2,23.78,24.08,9597.58
1697529600000,24.08,24.53,24.06,24.09,17649.71
1697544000000,24.09,24.17,23.48,23.91,18701.96
1697558400000,23.91,24.37,23.75,24.16,12956.62
1697572800000,24.16,24.22,23.91,23.94,8930.76
1697587200000,23.94,24.09,23.82,24.03,5810.88
1697601600000,24.03,24.41,23.89,23.91,13700.66
1697616000000,23.91,24.13,23.8,23.82,6045.47
1697630400000,23.82,23.9,23.64,23.7,8830.8
1697644800000,23.7,23.77,23.59,23.71,5274.18
1697659200000,23.71,23.72,23.38,23.41,13243.44
1697673600000,23.41,23.56,23.13,23.44,8612.86
1697688000000,23.44,23.88,23.44,23.84,6363.41
1697702400000,23.84,24.28,23.72,24.27,15205.98
1697716800000,24.27,24.88,24.06,24.78,27307.34
1697731200000,24.78,25.66,24.69,25.17,39625.7
1697745600000,25.17,25.23,24.75,24.92,11962.97
1697760000000,24.92,25.7,24.74,25.66,19694.1
1697774400000,25.66,26.51,25.62,26.25,24838.48
1697788800000,26.25,27.47,26.25,26.89,39151.66
1697803200000,26.89,27.12,26.57,26.89,19586.51
1697817600000,26.89,27.03,26.33,26.87,19071.08
1697832000000,26.87,27.34,26.73,27.02,12189.94
1697846400000,27.02,27.12,26.67,26.82,11382.16
1697860800000,26.82,28.38,26.68,28.08,32249.22
1697875200000,28.08,29.92,27.86,29.51,40959.92
1697889600000,29.51,29.64,28.64,29.05,35823.69
1697904000000,29.05,29.9,28.89,29.5,28264.62
1697918400000,29.5,30.27,29.26,29.34,28047.25
1697932800000,29.34,29.91,29.21,29.72,17199.21
1697947200000,29.72,29.98,28.23,28.82,25817.22
1697961600000,28.82,29.02,28.11,28.33,22058.94
1697976000000,28.33,28.88,28.31,28.42,14112.86
1697990400000,28.42,29.13,28.41,28.7,11469.94
1698004800000,28.7,29.31,28.68,29.04,13410.64
1698019200000,29.04,30.65,28.76,30.64,41021.76
1698033600000,30.64,31.35,29.92,30.1,43251.55
1698048000000,30.1,30.33,29.36,29.71,26555.07
1698062400000,29.71,29.86,28.82,28.98,26119.98
1698076800000,28.98,29.97,28.9,29.92,31952.39
1698091200000,29.92,32.78,29.76,31.9,56467.44
1698105600000,31.9,32.55,31.27,31.42,52478.64
1698120000000,31.42,31.75,30.67,31.23,25275.13
1698134400000,31.23,31.97,31.16,31.83,19376.69
1698148800000,31.83,32.59,30.52,30.9,56097.56
1698163200000,30.9,31.18,30.04,30.52,32291.41
1698177600000,30.52,30.78,29.55,30.18,28102.21
1698192000000,30.18,32.19,30.01,31.03,32076.14
1698206400000,31.03,31.84,30.68,30.98,18591.73
1698220800000,30.98,32.26,30.8,32.21,30573.93
1698235200000,32.21,33.86,32.21,33.42,57950.84
1698249600000,33.42,33.56,32.28,32.76,37656.05
1698264000000,32.76,33.05,31.87,32.44,20769.93
1698278400000,32.44,32.78,31.76,32.74,18058.59
1698292800000,32.74,33.27,32.03,32.85,16415.71
1698307200000,32.85,32.96,31.62,31.84,23901.44
1698321600000,31.84,32.38,30.93,31.32,31748.8
1698336000000,31.32,31.66,30.75,31.55,16874.19
1698350400000,31.55,33.23,31.48,32.77,24457.85
1698364800000,32.77,32.84,31.84,32.38,16583.87
1698379200000,32.38,32.87,32.14,32.34,12805.41
1698393600000,32.34,33.08,32.18,32.6,18434.69
1698408000000,32.6,33.32,31.94,32.23,31425.36
1698422400000,32.23,32.46,31.28,31.94,26141.98
1698436800000,31.94,32.25,31.46,31.73,14176.84
1698451200000,31.73,32.36,31.66,32.35,6991.06
1698465600000,32.35,32.45,32.07,32.27,6722.81
1698480000000,32.27,32.5,32.08,32.21,7292.07
1698494400000,32.21,32.22,31.65,32.02,11102.56
1698508800000,32.02,32.08,31.52,31.58,8011.21
1698523200000,31.58,31.97,31.37,31.63,7219.29
1698537600000,31.63,31.82,31.3,31.56,6442.44
1698552000000,31.56,32.34,31.51,32.27,12237.33
1698566400000,32.27,32.36,32.14,32.27,7210.5
1698580800000,32.27,32.68,32.19,32.62,11159.98
1698595200000,32.62,33.16,32.56,32.99,17555.32
1698609600000,32.99,33.02,32.53,32.83,9227.93
1698624000000,32.83,33.02,32.53,32.74,13594.23
1698638400000,32.74,32.97,32.3,32.57,11944.23
1698652800000,32.57,35.12,32.5,34.94,62512.02
1698667200000,34.94,35.29,34.54,35.05,25126.79
1698681600000,35.05,35.05,34.26,34.88,17273.79
1698696000000,34.88,34.98,34.5,34.93,8998.24
1698710400000,34.93,36.47,34.86,35.77,34597.4
1698724800000,35.77,36.58,35.61,35.7,26745.74
1698739200000,35.7,36.94,35.62,36.58,28991.02
1698753600000,36.58,36.65,35.65,36.11,28875.32
1698768000000,36.11,36.42,35.85,36.27,15334.66
1698782400000,36.27,38.58,36.24,38.41,38285.27
1698796800000,38.41,38.76,37.91,38.28,25980.83
1698811200000,38.28,39.33,37.88,38.46,25534.3
1698825600000,38.46,39.77,38.03,39.26,44991.74
1698840000000,39.26,41.67,38.88,40.68,80521.49
1698854400000,40.68,46.71,40.42,42.03,131989.34
1698868800000,42.03,43.8,40.62,41.17,62149.86
1698883200000,41.17,42.8,41.12,42.6,34060.56
1698897600000,42.6,43.43,41.14,43.13,30998.15
1698912000000,43.13,44.53,42.54,44.47,36419.37
1698926400000,44.47,44.5,40.09,40.1,71554.95
1698940800000,40.1,41.54,38.7,41.39,68401.91
1698955200000,41.39,42.09,39.54,40.22,37468.82
1698969600000,40.22,40.24,38.06,38.97,43408.11
1698984000000,38.97,39.1,38.07,39.01,23388.21
1698998400000,39.01,39.73,38.11,39.13,36567.7
1699012800000,39.13,40.13,38.8,39.79,37889.75
1699027200000,39.79,40.02,38.55,39.17,28705.65
1699041600000,39.17,39.88,39.06,39.46,19620.53
1699056000000,39.46,41.2,39.05,41.13,33424.44
1699070400000,41.13,42.02,40.44,41.72,32311.03
1699084800000,41.72,42.64,41.29,41.52,29513.38
1699099200000,41.52,42.18,40.9,41.27,23783.98
1699113600000,41.27,41.85,41.05,41.4,10428.43
1699128000000,41.4,42.68,41.32,42.39,17136.39
1699142400000,42.39,42.84,41.74,42.54,15716.16
1699156800000,42.54,42.56,41.47,41.57,15127.85
1699171200000,41.57,41.78,41.14,41.64,11191.96
1699185600000,41.64,41.85,40.52,40.73,16657.27
1699200000000,40.73,41.57,40.65,40.76,11138.16
1699214400000,40.76,41.52,40.18,41.17,11762.36
1699228800000,41.17,41.8,40.92,41.11,12363.49
1699243200000,41.11,41.2,39.69,39.93,20165.32
1699257600000,39.93,40.7,39.69,40.31,12661.67
1699272000000,40.31,40.68,39.92,40.24,15518.85
1699286400000,40.24,40.49,39.9,40.47,12606.41
1699300800000,40.47,42.18,40.06,42.15,20194.89
1699315200000,42.15,42.26,40.11,40.8,26112.85
1699329600000,40.8,41.65,40.69,41.55,14083.3
1699344000000,41.55,41.72,40.51,41.1,19602.35
1699358400000,41.1,42.07,40.75,41.19,29080.18
1699372800000,41.19,44.36,41.05,43.87,52752.42
1699387200000,43.87,44.64,42.8,42.96,27464.79
1699401600000,42.96,43.46,42.28,43.34,14309.01
1699416000000,43.34,43.75,43.0,43.5,10607.68
1699430400000,43.5,43.85,43.12,43.33,13024.16
1699444800000,43.33,43.59,42.35,42.75,16448.78
1699459200000,42.75,43.57,42.53,43.09,14057.81
1699473600000,43.09,43.47,42.65,43.13,17738.91
1699488000000,43.13,44.13,42.53,44.08,26521.15
1699502400000,44.08,44.58,43.83,43.9,21534.17
1699516800000,43.9,47.38,43.87,47.12,47212.74
1699531200000,47.12,48.83,45.81,46.37,68576.06
1699545600000,46.37,46.77,41.59,44.41,59973.0
1699560000000,44.41,45.71,43.11,45.3,22606.22
1699574400000,45.3,47.94,45.08,47.39,31328.44
1699588800000,47.39,48.83,46.81,47.55,27057.32
1699603200000,47.55,51.12,46.6,50.66,55052.27
1699617600000,50.66,51.95,48.68,50.87,63183.56
1699632000000,50.87,54.94,50.67,54.1,61484.79
1699646400000,54.1,57.47,53.09,56.69,47586.33
1699660800000,56.69,57.66,54.51,55.8,48498.13
1699675200000,55.8,55.91,53.58,54.22,27022.52
1699689600000,54.22,55.79,53.83,55.25,22041.9
1699704000000,55.25,63.85,55.05,60.9,91159.15
1699718400000,60.9,62.45,58.15,60.51,48344.91
1699732800000,60.51,60.51,55.41,56.33,41051.72
1699747200000,56.33,57.88,54.55,57.37,46200.7
1699761600000,57.37,61.88,56.51,61.1,48292.59
1699776000000,61.1,61.38,58.46,59.99,34646.21
1699790400000,59.99,60.35,57.77,58.61,29320.4
1699804800000,58.61,58.72,55.54,56.03,28638.48
1699819200000,56.03,57.48,55.65,56.29,22261.96
1699833600000,56.29,59.35,55.15,57.0,35758.42
1699848000000,57.0,59.42,56.69,58.25,28660.01
1699862400000,58.25,59.57,56.54,57.01,25886.3
1699876800000,57.01,59.79,54.44,55.68,61245.68
1699891200000,55.68,56.86,52.59,54.64,41968.2
1699905600000,54.64,54.65,51.52,51.65,35416.03
1699920000000,51.65,54.81,51.31,54.07,34178.27
1699934400000,54.07,55.41,53.82,55.19,24477.96
1699948800000,55.19,55.78,52.04,52.66,27691.22
1699963200000,52.66,57.92,52.08,56.16,76156.89
1699977600000,56.16,56.94,52.32,55.1,49562.12
1699992000000,55.1,57.46,54.81,56.81,31385.19
1700006400000,56.81,57.9,56.18,56.26,22945.29
1700020800000,56.26,59.59,56.26,59.16,29471.63
1700035200000,59.16,63.46,58.82,63.01,47530.95
1700049600000,63.01,63.8,61.43,62.42,55048.58
1700064000000,62.42,65.71,60.8,65.32,61109.79
1700078400000,65.32,67.03,64.2,65.48,42507.8
1700092800000,65.48,66.65,64.46,65.9,33281.24
1700107200000,65.9,68.15,64.83,65.72,34492.69
1700121600000,65.72,66.07,63.38,64.02,42387.45
1700136000000,64.02,64.66,60.56,61.58,60124.15
1700150400000,61.58,62.83,59.07,62.3,44960.31
1700164800000,62.3,62.85,56.43,57.79,54551.11
1700179200000,57.79,60.54,57.67,58.95,38541.1
1700193600000,58.95,59.93,58.04,58.15,25293.54
1700208000000,58.15,59.0,56.52,58.18,32859.91
1700222400000,58.18,59.6,54.15,55.03,53295.44
1700236800000,55.03,58.72,54.42,57.59,47435.24
1700251200000,57.59,59.3,57.51,58.51,20339.22
1700265600000,58.51,58.58,56.36,56.67,20558.87
1700280000000,56.67,57.41,54.73,56.37,24633.51
1700294400000,56.37,57.61,56.07,56.96,16170.18
1700308800000,56.96,58.31,55.55,58.04,27322.84
1700323200000,58.04,59.33,57.58,59.05,29625.37
1700337600000,59.05,59.28,58.03,58.54,14471.07
1700352000000,58.54,58.54,56.65,58.23,17094.63
1700366400000,58.23,60.89,57.79,60.4,26619.86
1700380800000,60.4,61.75,59.46,59.86,32541.05
1700395200000,59.86,60.32,59.12,59.98,18424.83
1700409600000,59.98,61.26,59.45,61.19,18696.89
1700424000000,61.19,62.06,60.22,61.14,22079.38
1700438400000,61.14,61.29,59.78,59.94,18729.22
1700452800000,59.94,60.15,59.15,59.85,12586.42
1700467200000,59.85,61.02,59.33,60.04,18399.02
1700481600000,60.04,60.61,57.99,59.01,28155.76
1700496000000,59.01,59.37,56.69,57.57,34654.83
1700510400000,57.57,57.75,56.04,56.55,22769.47
1700524800000,56.55,57.35,55.14,56.01,21335.54
1700539200000,56.01,56.41,55.34,55.39,14215.12
1700553600000,55.39,57.08,55.37,56.27,16557.11
1700568000000,56.27,56.61,52.82,55.12,44199.29
1700582400000,55.12,56.18,52.41,54.79,49988.25
1700596800000,54.79,55.68,51.28,51.7,46926.56
1700611200000,51.7,54.45,51.48,54.37,26413.53
1700625600000,54.37,55.26,53.95,54.68,17155.63
1700640000000,54.68,55.19,54.4,54.52,16564.09
1700654400000,54.52,55.67,54.07,54.93,25827.44
1700668800000,54.93,57.63,54.42,57.32,33472.61
1700683200000,57.32,58.86,56.96,57.53,28452.18
1700697600000,57.53,58.46,57.04,57.67,17103.32
1700712000000,57.67,58.48,57.54,57.81,11779.72
1700726400000,57.81,58.95,57.24,57.95,15975.86
1700740800000,57.95,59.59,56.46,56.63,30929.36
1700755200000,56.63,57.26,56.17,56.37,10945.35
1700769600000,56.37,56.97,56.33,56.51,7848.52
1700784000000,56.51,57.56,56.24,57.29,9866.15
1700798400000,57.29,57.4,56.7,57.34,6540.19
1700812800000,57.34,58.74,57.11,58.04,18000.63
1700827200000,58.04,58.49,57.24,58.14,16352.21
1700841600000,58.14,58.41,56.85,57.16,13156.58
1700856000000,57.16,57.57,56.54,56.89,7829.68
1700870400000,56.89,59.76,55.71,58.8,30981.69
1700884800000,58.8,58.94,58.46,58.6,8466.4
1700899200000,58.6,58.81,57.36,57.79,11518.7
1700913600000,57.79,58.71,57.69,58.56,8773.2
1700928000000,58.56,59.66,58.38,59.03,11251.97
1700942400000,59.03,59.26,58.63,58.84,5379.55
1700956800000,58.84,59.04,58.04,58.31,6173.18
1700971200000,58.31,58.61,58.19,58.42,4429.19
1700985600000,58.42,58.61,57.79,57.86,6855.4
1701000000000,57.86,58.08,56.71,57.12,15000.74
1701014400000,57.12,57.26,56.17,57.2,13832.15
1701028800000,57.2,58.59,57.04,57.56,11435.13
1701043200000,57.56,58.03,56.19,56.6,9656.7
1701057600000,56.6,57.31,55.55,55.92,12033.96
1701072000000,55.92,56.26,54.72,55.03,16427.59
1701086400000,55.03,55.19,53.94,53.96,17124.27
1701100800000,53.96,55.11,53.51,54.1,16856.84
1701115200000,54.1,55.14,53.71,55.06,12432.21
1701129600000,55.06,55.39,54.65,54.94,8972.09
1701144000000,54.94,55.29,53.96,55.1,14867.49
1701158400000,55.1,56.31,54.68,56.2,16437.14
1701172800000,56.2,56.43,55.44,56.05,16907.13
1701187200000,56.05,58.37,55.98,58.05,33520.97
1701201600000,58.05,58.61,57.61,58.18,14011.91
1701216000000,58.18,58.82,57.77,58.52,15570.75
1701230400000,58.52,59.61,58.23,59.35,21995.25
1701244800000,59.35,61.76,59.35,60.62,37070.95
1701259200000,60.62,61.57,59.18,60.07,31239.98
1701273600000,60.07,60.37,58.93,60.06,19149.5
1701288000000,60.06,60.22,58.7,59.29,14324.5
1701302400000,59.29,60.72,58.81,60.43,15876.97
1701316800000,60.43,61.2,59.68,60.0,13965.71
1701331200000,60.0,60.9,59.28,60.81,12454.23
1701345600000,60.81,61.66,59.23,59.56,21459.55
1701360000000,59.56,59.97,58.99,59.97,10947.64
1701374400000,59.97,60.14,58.98,59.27,10307.31
1701388800000,59.27,61.04,58.59,60.77,19475.53
1701403200000,60.77,61.26,60.25,60.87,14037.45
1701417600000,60.87,61.87,60.72,61.04,17162.59
1701432000000,61.04,61.17,59.74,60.14,15012.44
1701446400000,60.14,61.06,59.91,60.51,20611.69
1701460800000,60.51,60.67,59.63,59.79,11081.03
1701475200000,59.79,61.11,59.64,60.99,10822.97
1701489600000,60.99,62.61,60.83,62.03,17573.9
1701504000000,62.03,62.45,61.65,62.15,12425.21
1701518400000,62.15,62.53,61.5,61.91,13785.84
1701532800000,61.91,63.27,61.43,62.97,17990.18
1701547200000,62.97,63.87,62.72,63.7,16368.27
1701561600000,63.7,65.5,63.52,64.08,27402.0
1701576000000,64.08,64.32,63.52,63.95,10869.21
1701590400000,63.95,64.13,63.08,63.51,10723.56
1701604800000,63.51,63.59,62.48,62.98,13953.08
1701619200000,62.98,63.04,62.27,62.92,8593.06
1701633600000,62.92,64.06,62.56,63.0,15150.07
1701648000000,63.0,64.85,62.96,64.23,21313.41
1701662400000,64.23,65.22,63.58,63.71,22500.13
1701676800000,63.71,64.31,59.98,62.09,40928.14
1701691200000,62.09,62.23,59.99,60.55,29490.68
1701705600000,60.55,61.26,60.36,61.0,15037.57
1701720000000,61.0,62.05,60.7,61.6,15024.09
1701734400000,61.6,62.13,59.71,60.6,19616.0
1701748800000,60.6,60.64,59.15,59.68,19064.19
1701763200000,59.68,60.41,59.46,60.16,11734.34
1701777600000,60.16,61.61,60.02,60.98,17616.99
1701792000000,60.98,62.55,60.44,61.37,28281.17
1701806400000,61.37,61.58,60.24,60.99,14031.84
1701820800000,60.99,64.42,60.99,64.33,50360.34
1701835200000,64.33,64.62,62.63,63.39,27382.35
1701849600000,63.39,66.62,62.04,63.04,63027.61
1701864000000,63.04,63.71,62.4,62.6,25750.06
1701878400000,62.6,64.41,62.52,64.4,17104.41
1701892800000,64.4,64.56,61.57,61.87,24153.08
1701907200000,61.87,63.94,61.67,62.91,16582.15
1701921600000,62.91,63.8,62.84,63.37,11796.13
1701936000000,63.37,64.25,61.84,64.23,36328.15
1701950400000,64.23,66.14,63.65,65.83,41849.8
1701964800000,65.83,67.43,64.57,64.76,43008.65
1701979200000,64.76,69.38,64.67,67.75,51013.07
1701993600000,67.75,72.24,67.75,71.46,50061.48
1702008000000,71.46,72.82,70.89,71.42,39937.86
1702022400000,71.42,73.74,70.51,72.96,30877.04
1702036800000,72.96,74.18,71.74,72.05,36687.94
1702051200000,72.05,74.06,72.05,72.29,27003.48
1702065600000,72.29,75.27,72.29,74.97,21688.43
1702080000000,74.97,75.48,72.95,74.16,22519.93
1702094400000,74.16,77.72,73.7,77.01,32549.59
1702108800000,77.01,77.46,74.68,77.08,35012.9
1702123200000,77.08,77.42,75.18,75.58,26758.95
1702137600000,75.58,75.81,72.75,74.12,24332.02
1702152000000,74.12,74.26,71.72,72.3,22694.24
1702166400000,72.3,73.96,72.28,73.03,15314.47
1702180800000,73.03,73.57,71.68,72.48,17839.8
1702195200000,72.48,72.71,70.72,71.45,22095.62
1702209600000,71.45,74.6,71.4,73.7,24563.09
1702224000000,73.7,74.06,72.2,73.43,13968.98
1702238400000,73.43,74.84,73.34,74.84,17890.89
1702252800000,74.84,74.94,64.48,70.91,70794.25
1702267200000,70.91,71.16,67.98,68.47,36010.59
1702281600000,68.47,69.92,67.78,69.68,25197.27
1702296000000,69.68,69.8,66.96,69.29,36463.96
1702310400000,69.29,70.81,67.99,69.33,49935.48
1702324800000,69.33,70.56,67.79,70.28,25774.44
1702339200000,70.28,72.38,70.27,71.19,27282.25
1702353600000,71.19,71.74,69.66,71.74,18971.43
1702368000000,71.74,72.18,70.54,70.63,20800.47
1702382400000,70.63,71.75,68.26,68.42,34147.03
1702396800000,68.42,68.74,65.79,67.59,33419.69
1702411200000,67.59,69.05,66.97,68.58,15275.91
1702425600000,68.58,68.75,65.17,65.49,30845.25
1702440000000,65.49,66.24,63.73,64.9,27725.09
1702454400000,64.9,66.56,64.83,65.38,16355.05
1702468800000,65.38,68.13,65.2,67.57,23356.01
1702483200000,67.57,70.54,66.84,70.33,26836.46
1702497600000,70.33,72.55,70.15,70.63,29692.52
1702512000000,70.63,71.01,69.7,70.08,14343.05
1702526400000,70.08,71.91,69.74,71.51,16411.35
1702540800000,71.51,73.62,71.1,73.53,20441.88
1702555200000,73.53,73.81,68.41,71.65,37325.98
1702569600000,71.65,74.44,71.64,73.29,27278.5
1702584000000,73.29,76.2,72.71,75.66,26173.18
1702598400000,75.66,75.81,74.03,74.35,19372.1
1702612800000,74.35,77.01,74.35,76.62,29690.73
1702627200000,76.62,79.24,76.2,79.1,36226.08
1702641600000,79.1,79.48,75.27,76.08,34134.87
1702656000000,76.08,77.43,73.73,76.92,28043.67
1702670400000,76.92,77.19,72.16,72.53,23016.81
1702684800000,72.53,74.37,71.28,74.23,25693.08
1702699200000,74.23,74.55,73.68,74.36,11889.98
1702713600000,74.36,75.12,73.81,75.11,11313.2
1702728000000,75.11,77.24,74.95,77.12,22207.72
1702742400000,77.12,77.16,73.82,74.14,19106.39
1702756800000,74.14,74.53,72.9,73.75,14583.91
1702771200000,73.75,74.08,72.61,73.53,13430.34
1702785600000,73.53,74.19,72.08,72.37,13136.9
1702800000000,72.37,73.3,71.91,73.07,10474.81
1702814400000,73.07,73.26,71.43,72.64,16843.81
1702828800000,72.64,75.01,72.29,73.58,23691.83
1702843200000,73.58,74.15,70.51,70.83,18125.7
1702857600000,70.83,71.93,68.61,69.91,24974.32
1702872000000,69.91,70.17,68.74,68.92,15329.23
1702886400000,68.92,69.92,67.05,68.95,28565.73
1702900800000,68.95,71.8,68.28,70.73,25985.38
1702915200000,70.73,72.66,70.45,72.36,15523.68
1702929600000,72.36,75.42,71.7,74.39,23553.2
1702944000000,74.39,76.01,73.88,75.29,19281.64
1702958400000,75.29,76.33,75.03,75.72,18458.53
1702972800000,75.72,76.07,74.53,74.63,14759.2
1702987200000,74.63,75.09,72.84,73.69,19854.02
1703001600000,73.69,74.34,71.85,74.24,20630.03
1703016000000,74.24,75.39,72.34,73.01,20130.34
1703030400000,73.01,75.07,72.96,74.92,22999.51
1703044800000,74.92,76.14,74.39,76.08,17744.11
1703059200000,76.08,78.54,75.54,77.07,33131.95
1703073600000,77.07,81.18,76.39,80.65,41668.46
1703088000000,80.65,84.09,79.13,81.07,51221.32
1703102400000,81.07,82.4,79.31,82.19,34602.39
1703116800000,82.19,84.63,81.11,83.39,34976.77
1703131200000,83.39,87.1,83.08,86.85,33123.92
1703145600000,86.85,88.32,85.09,87.05,33994.07
1703160000000,87.05,88.66,85.68,87.49,33224.53
1703174400000,87.49,95.21,87.48,92.84,62097.6
1703188800000,92.84,95.48,91.22,93.84,37045.07
1703203200000,93.84,99.39,93.11,97.75,54872.88
1703217600000,97.75,99.27,92.29,93.74,49070.98
1703232000000,93.74,95.18,90.43,93.78,42831.39
1703246400000,93.78,96.78,92.07,96.35,35283.71
1703260800000,96.35,97.58,93.4,96.86,32916.62
1703275200000,96.86,98.37,95.88,97.93,19447.83
1703289600000,97.93,98.18,93.35,93.74,24811.48
1703304000000,93.74,96.47,92.87,95.33,14590.87
1703318400000,95.33,96.35,94.75,95.83,13720.61
1703332800000,95.83,97.23,95.32,96.73,19902.85
1703347200000,96.73,103.72,96.17,102.83,50067.84
1703361600000,102.83,109.94,101.59,107.87,47543.37
1703376000000,107.87,116.87,107.33,116.21,53605.81
1703390400000,116.21,117.99,110.05,114.47,48885.27
1703404800000,114.47,114.64,107.73,110.29,40034.62
1703419200000,110.29,114.39,109.11,113.58,36424.94
1703433600000,113.58,116.74,112.38,115.2,32269.14
1703448000000,115.2,115.44,109.6,112.44,36891.27
1703462400000,112.44,113.01,108.08,112.04,29307.79
1703476800000,112.04,114.4,111.63,112.89,18281.28
1703491200000,112.89,113.58,109.78,111.77,19345.83
1703505600000,111.77,123.89,110.38,123.25,59910.7
1703520000000,123.25,126.28,121.03,121.33,48238.06
1703534400000,121.33,121.79,116.49,120.86,38008.56
1703548800000,120.86,121.28,116.77,119.34,25560.0
1703563200000,119.34,120.62,110.95,113.45,50583.39
1703577600000,113.45,115.59,111.24,114.83,31915.72
1703592000000,114.83,117.06,110.45,110.56,37532.12
1703606400000,110.56,112.86,102.25,106.68,62165.07
1703620800000,106.68,112.92,106.22,112.43,31673.09
1703635200000,112.43,113.55,107.92,108.55,26253.1
1703649600000,108.55,112.74,108.46,111.39,19622.56
1703664000000,111.39,115.26,111.0,112.77,27365.89
1703678400000,112.77,113.19,106.37,107.85,42310.83
1703692800000,107.85,110.42,104.75,109.02,39588.59
1703707200000,109.02,110.68,106.51,106.95,18459.37
1703721600000,106.95,109.59,103.12,104.46,32865.98
1703736000000,104.46,106.4,102.31,105.87,26792.05
1703750400000,105.87,106.14,103.22,104.83,24935.74
1703764800000,104.83,105.03,97.24,99.74,55620.23
1703779200000,99.74,101.58,98.43,101.11,25905.74
1703793600000,101.11,103.91,98.87,101.83,25381.45
1703808000000,101.83,105.86,99.44,104.93,35474.11
1703822400000,104.93,108.54,104.19,105.11,27032.56
1703836800000,105.11,109.86,105.04,107.53,30756.97
1703851200000,107.53,109.71,104.51,105.99,31334.52
1703865600000,105.99,107.9,102.64,105.89,34507.74
1703880000000,105.89,106.28,102.79,106.19,14158.7
1703894400000,106.19,107.41,102.96,103.49,13576.88
1703908800000,103.49,104.81,103.19,103.43,11064.98
1703923200000,103.43,103.47,100.72,102.14,16699.62
1703937600000,102.14,104.31,102.08,104.21,14010.66
1703952000000,104.21,104.87,102.65,103.27,12803.68
1703966400000,103.27,104.26,101.28,101.85,8268.98
1703980800000,101.85,102.85,99.6,100.65,11749.92
1703995200000,100.65,104.82,100.48,103.98,12193.91
1704009600000,103.98,105.09,103.44,104.21,11169.97
1704024000000,104.21,105.17,102.2,102.52,11858.55
1704038400000,102.52,104.43,102.34,103.78,7775.97
1704052800000,103.78,105.01,99.84,101.68,17294.77
1704067200000,101.68,104.71,101.58,103.02,13138.82
1704081600000,103.02,103.92,101.52,102.49,8234.38
1704096000000,102.49,104.86,101.84,104.28,12510.65
1704110400000,104.28,106.31,103.92,105.98,17242.78
1704124800000,105.98,108.99,105.88,108.76,19227.04
1704139200000,108.76,109.87,107.26,109.87,15072.33
1704153600000,109.87,113.09,108.52,111.37,28417.87
1704168000000,111.37,114.64,110.94,114.47,19177.0
1704182400000,114.47,116.9,112.7,113.81,33055.95
1704196800000,113.81,114.3,107.73,109.68,31998.03
1704211200000,109.68,110.43,106.75,107.66,21834.33
1704225600000,107.66,108.84,106.09,106.7,14535.76
1704240000000,106.7,108.64,106.58,108.05,12834.08
1704254400000,108.05,109.84,107.15,107.8,17378.85
1704268800000,107.8,109.33,102.49,103.39,32870.22
1704283200000,103.39,103.41,85.12,101.83,102902.81
1704297600000,101.83,103.09,95.33,97.39,44966.3
1704312000000,97.39,100.41,97.27,98.53,18482.99
1704326400000,98.53,101.94,97.62,101.1,19269.9
1704340800000,101.1,101.62,98.79,98.88,15889.34
1704355200000,98.88,99.24,96.65,98.46,17974.47
1704369600000,98.46,104.35,98.17,103.73,30915.56
1704384000000,103.73,106.81,101.62,105.22,28538.01
1704398400000,105.22,108.0,104.46,104.89,23000.11
1704412800000,104.89,105.35,98.74,100.94,26667.21
1704427200000,100.94,102.13,100.1,101.16,15807.15
1704441600000,101.16,103.05,99.28,99.62,21078.19
1704456000000,99.62,101.35,96.97,97.99,27116.08
1704470400000,97.99,98.73,95.36,98.0,21286.99
1704484800000,98.0,100.42,97.89,99.92,12941.33
1704499200000,99.92,100.24,97.81,98.67,9177.74
1704513600000,98.67,98.87,91.61,94.48,28969.72
1704528000000,94.48,95.64,93.77,94.5,12515.37
1704542400000,94.5,96.4,92.89,95.13,13961.83
1704556800000,95.13,97.19,94.59,95.05,17352.81
1704571200000,95.05,95.61,92.26,93.77,13331.28
1704585600000,93.77,96.25,91.14,92.88,17991.16
1704600000000,92.88,95.55,92.84,95.25,17479.48
1704614400000,95.25,95.56,92.94,94.53,12177.42
1704628800000,94.53,96.71,93.39,93.98,16622.21
1704643200000,93.98,94.95,93.07,94.74,10382.72
1704657600000,94.74,95.27,87.81,89.39,27032.47
1704672000000,89.39,90.82,85.23,87.23,38117.57
1704686400000,87.23,90.73,86.96,89.71,21724.97
1704700800000,89.71,92.19,88.81,92.18,18396.05
1704715200000,92.18,95.5,92.17,94.68,38733.13
1704729600000,94.68,99.87,93.81,99.29,43601.98
1704744000000,99.29,99.45,96.49,97.85,16943.93
1704758400000,97.85,99.77,95.35,99.74,25718.82
1704772800000,99.74,103.89,99.52,101.85,30232.33
1704787200000,101.85,102.62,99.62,101.91,19084.17
1704801600000,101.91,102.3,96.03,99.8,31794.43
1704816000000,99.8,101.39,98.4,99.3,18485.09
1704830400000,99.3,104.72,95.69,99.33,42190.05
1704844800000,99.33,100.17,97.58,99.64,14411.1
1704859200000,99.64,100.35,98.09,98.13,7788.19
1704873600000,98.13,98.21,96.32,97.36,13748.08
1704888000000,97.36,97.66,91.79,94.74,36768.27
1704902400000,94.74,98.24,94.02,96.31,25666.05
1704916800000,96.31,105.45,93.25,101.99,65858.89
1704931200000,101.99,102.12,99.21,100.28,22442.61
1704945600000,100.28,101.67,98.05,99.71,17965.97
1704960000000,99.71,104.54,99.59,104.43,24705.09
1704974400000,104.43,107.12,99.53,100.78,62680.19
1704988800000,100.78,101.57,97.75,101.39,28842.62
1705003200000,101.39,102.32,99.1,99.9,13886.72
1705017600000,99.9,100.28,97.52,97.77,12932.95
1705032000000,97.77,100.44,97.7,98.82,12010.3
1705046400000,98.82,99.06,97.65,98.26,13688.0
1705060800000,98.26,99.25,95.13,95.34,25456.4
1705075200000,95.34,96.66,92.74,95.19,26255.99
1705089600000,95.19,95.87,87.07,92.05,34723.33
1705104000000,92.05,92.6,89.57,91.05,15065.59
1705118400000,91.05,93.26,90.97,92.56,9663.77
1705132800000,92.56,93.15,91.56,92.2,7505.05
1705147200000,92.2,93.3,91.15,92.86,10578.56
1705161600000,92.86,95.65,91.62,94.84,12410.67
1705176000000,94.84,96.99,94.75,95.83,19239.18
1705190400000,95.83,96.96,94.37,96.93,14448.42
1705204800000,96.93,98.79,96.02,98.28,14076.02
1705219200000,98.28,98.55,96.6,96.75,9309.53
1705233600000,96.75,99.7,96.31,99.47,15658.06
1705248000000,99.47,102.82,96.09,96.14,35082.23
1705262400000,96.14,97.67,93.75,93.85,23205.25
1705276800000,93.85,96.9,93.85,95.89,11271.9
1705291200000,95.89,96.76,95.04,95.59,9318.74
1705305600000,95.59,95.93,94.5,95.47,8828.66
1705320000000,95.47,95.75,93.1,93.47,14312.73
1705334400000,93.47,96.66,93.3,96.02,13153.17
1705348800000,96.02,96.45,93.35,94.34,9492.72
1705363200000,94.34,96.2,94.34,96.15,8740.51
1705377600000,96.15,98.19,95.34,97.73,10142.31
1705392000000,97.73,98.24,96.33,96.69,14212.12
1705406400000,96.69,97.69,94.23,97.27,19547.64
1705420800000,97.27,97.8,96.15,96.78,8843.93
1705435200000,96.78,98.68,96.7,97.61,11213.65
1705449600000,97.61,101.02,97.36,99.97,18587.45
1705464000000,99.97,100.3,97.15,97.34,11964.62
1705478400000,97.34,102.74,96.73,101.97,27105.76
1705492800000,101.97,102.67,99.3,99.41,28572.73
1705507200000,99.41,101.18,97.38,100.78,24772.6
1705521600000,100.78,102.31,100.08,102.12,17736.49
1705536000000,102.12,103.54,99.6,99.9,18569.18
1705550400000,99.9,101.45,99.82,100.75,15798.21
1705564800000,100.75,101.25,98.4,98.94,14198.33
1705579200000,98.94,99.2,97.82,98.25,10737.86
1705593600000,98.25,98.3,91.56,92.33,40311.69
1705608000000,92.33,94.84,92.26,94.35,16865.72
1705622400000,94.35,94.74,91.52,93.09,14830.12
1705636800000,93.09,95.33,92.88,94.48,9792.52
1705651200000,94.48,95.42,93.81,94.75,8742.9
1705665600000,94.75,94.78,90.79,91.21,22450.37
1705680000000,91.21,94.65,87.09,94.14,46827.15
1705694400000,94.14,94.95,92.76,93.62,14037.15
1705708800000,93.62,94.21,92.09,93.6,9907.18
1705723200000,93.6,93.69,91.84,91.89,9323.54
1705737600000,91.89,92.29,91.16,92.03,10161.32
1705752000000,92.03,92.2,90.26,90.88,8745.38
1705766400000,90.88,92.52,90.78,92.02,8215.86
1705780800000,92.02,93.38,91.83,92.84,7791.82
1705795200000,92.84,93.24,91.89,92.94,5362.29
1705809600000,92.94,93.04,91.9,92.38,5217.39
1705824000000,92.38,93.88,92.25,93.15,9346.03
1705838400000,93.15,93.65,92.07,92.47,8321.87
1705852800000,92.47,92.84,91.71,92.46,5307.01
1705867200000,92.46,92.57,90.84,91.06,7171.53
1705881600000,91.06,91.86,88.3,89.3,16277.4
1705896000000,89.3,90.12,88.26,89.21,10144.31
1705910400000,89.21,89.21,86.35,88.38,20426.01
1705924800000,88.38,89.95,85.75,87.26,23835.54
1705939200000,87.26,87.62,82.17,83.68,40663.85
1705953600000,83.68,86.31,83.25,83.81,22085.54
1705968000000,83.81,85.86,83.65,85.21,11848.4
1705982400000,85.21,85.92,82.33,82.82,11637.46
1705996800000,82.82,83.45,79.08,80.16,41591.23
1706011200000,80.16,83.35,79.01,82.71,38768.74
1706025600000,82.71,83.83,80.91,80.97,25970.24
1706040000000,80.97,84.39,80.37,84.33,17560.7
1706054400000,84.33,85.72,83.44,83.53,22097.28
1706068800000,83.53,86.8,83.35,86.17,15453.57
1706083200000,86.17,88.5,85.98,87.19,22082.2
1706097600000,87.19,87.93,85.29,87.0,23219.29
1706112000000,87.0,87.83,85.62,86.34,14555.14
1706126400000,86.34,89.39,85.95,88.79,14146.79
1706140800000,88.79,89.6,87.75,88.37,13529.72
1706155200000,88.37,88.61,86.78,88.21,11088.31
1706169600000,88.21,89.27,86.6,89.02,14365.57
1706184000000,89.02,89.26,86.06,86.46,16270.37
1706198400000,86.46,88.12,85.14,87.76,15099.11
1706212800000,87.76,87.84,86.51,86.91,6540.84
1706227200000,86.91,88.22,86.05,87.94,11343.45
1706241600000,87.94,88.45,86.77,87.02,5721.95
1706256000000,87.02,92.36,87.0,91.97,26137.69
1706270400000,91.97,92.64,90.17,92.38,16670.1
1706284800000,92.38,93.68,92.25,92.86,17132.02
1706299200000,92.86,93.65,91.75,92.28,11283.32
1706313600000,92.28,93.69,92.12,92.69,10640.89
1706328000000,92.69,92.77,90.81,91.21,8680.0
1706342400000,91.21,92.24,90.73,92.06,8584.87
1706356800000,92.06,92.94,91.7,92.83,6927.85
1706371200000,92.83,93.37,92.24,93.13,8455.22
1706385600000,93.13,94.44,92.9,94.23,7745.15
1706400000000,94.23,96.7,93.43,96.65,14982.56
1706414400000,96.65,97.32,95.27,95.73,16085.91
1706428800000,95.73,99.39,95.58,98.39,21462.65
1706443200000,98.39,98.55,96.71,97.07,24562.45
1706457600000,97.07,97.88,94.25,94.52,14993.78
1706472000000,94.52,96.29,93.51,95.98,14466.2
1706486400000,95.98,98.94,95.11,97.9,16927.84
1706500800000,97.9,98.02,96.26,96.73,10778.57
1706515200000,96.73,97.94,96.28,97.42,10046.03
1706529600000,97.42,100.2,95.55,99.88,23848.12
1706544000000,99.88,101.73,99.01,100.55,32020.08
1706558400000,100.55,101.92,100.54,101.63,11452.88
1706572800000,101.63,103.74,101.02,102.16,26707.64
1706587200000,102.16,103.37,101.78,102.88,13119.83
1706601600000,102.88,106.36,102.49,106.06,25754.05
1706616000000,106.06,106.38,103.52,104.76,39551.17
1706630400000,104.76,105.61,103.34,105.28,22729.06
1706644800000,105.28,105.54,101.07,101.42,18589.71
1706659200000,101.42,101.89,98.69,101.14,28756.97
1706673600000,101.14,101.76,100.09,101.61,13733.16
1706688000000,101.61,101.88,97.43,99.16,25299.66
1706702400000,99.16,101.83,97.62,101.47,31859.23
1706716800000,101.47,102.68,99.68,100.98,27930.13
1706731200000,100.98,101.17,95.95,96.97,29992.37
1706745600000,96.97,97.64,93.39,93.63,31369.09
1706760000000,93.63,95.74,93.18,94.94,16899.53
1706774400000,94.94,96.71,94.65,95.45,14410.4
1706788800000,95.45,97.5,94.8,96.04,23748.34
1706803200000,96.04,97.9,94.91,97.83,22769.02
1706817600000,97.83,98.05,96.96,97.81,9389.39
1706832000000,97.81,99.99,97.43,99.06,21233.78
1706846400000,99.06,101.48,98.46,101.19,14639.77
1706860800000,101.19,102.28,99.98,101.99,14084.28
1706875200000,101.99,102.5,98.42,101.31,29263.95
1706889600000,101.31,102.12,98.4,99.42,16137.72
1706904000000,99.42,100.78,98.94,100.57,7698.04
1706918400000,100.57,101.19,99.23,99.26,10488.06
1706932800000,99.26,100.05,98.71,99.1,6500.97
1706947200000,99.1,99.35,98.43,98.65,7417.59
1706961600000,98.65,98.92,96.64,98.0,13907.53
1706976000000,98.0,98.71,97.29,98.11,9080.1
1706990400000,98.11,98.42,97.62,97.93,4621.94
1707004800000,97.93,98.54,96.95,98.36,8297.09
1707019200000,98.36,98.36,96.19,96.5,9608.62
1707033600000,96.5,98.21,95.95,97.91,10120.95
1707048000000,97.91,98.36,97.24,97.61,6192.04
1707062400000,97.61,97.69,96.18,96.37,9247.31
1707076800000,96.37,96.97,95.14,95.49,10192.02
1707091200000,95.49,96.17,94.21,96.03,13297.06
1707105600000,96.03,97.92,95.85,97.66,11551.81
1707120000000,97.66,98.22,97.0,97.85,10743.37
1707134400000,97.85,98.64,95.28,95.59,16815.75
1707148800000,95.59,96.49,95.34,95.97,9770.86
1707163200000,95.97,96.07,94.3,95.66,10647.86
1707177600000,95.66,96.74,95.28,96.01,9814.75
1707192000000,96.01,96.08,95.02,95.8,6019.73
1707206400000,95.8,96.3,93.16,94.32,22325.83
1707220800000,94.32,95.8,93.38,95.73,21708.99
1707235200000,95.73,97.63,95.19,97.58,13875.55
1707249600000,97.58,97.84,96.75,96.88,10077.22
1707264000000,96.88,97.4,95.54,95.55,8268.2
1707278400000,95.55,96.16,95.06,95.55,7594.96
1707292800000,95.55,95.96,94.67,95.15,10520.92
1707307200000,95.15,96.61,95.09,96.27,11143.52
1707321600000,96.27,98.06,96.16,97.09,15652.25
1707336000000,97.09,101.52,97.08,101.1,28643.85
1707350400000,101.1,102.48,100.94,101.82,17068.1
1707364800000,101.82,102.0,100.56,100.81,10754.32
1707379200000,100.81,102.26,100.78,101.3,12769.5
1707393600000,101.3,105.0,101.05,104.8,26477.13
1707408000000,104.8,104.91,101.75,102.33,17218.65
1707422400000,102.33,103.34,102.33,102.74,7994.97
1707436800000,102.74,105.77,102.74,104.35,17880.16
1707451200000,104.35,105.68,103.81,105.3,10112.05
1707465600000,105.3,106.36,104.33,105.86,19911.19
1707480000000,105.86,106.88,104.14,105.65,33548.92
1707494400000,105.65,106.46,104.38,104.99,19741.46
1707508800000,104.99,109.05,104.89,106.92,23303.02
1707523200000,106.92,110.64,106.86,110.63,17574.02
1707537600000,110.63,110.8,108.73,108.82,12162.76
1707552000000,108.82,109.6,107.27,108.14,16315.94
1707566400000,108.14,108.75,107.2,108.54,11150.46
1707580800000,108.54,109.54,107.83,109.22,9290.24
1707595200000,109.22,110.4,108.67,109.0,13275.3
1707609600000,109.0,109.69,107.81,109.49,10248.23
1707624000000,109.49,109.87,108.8,109.2,8412.31
1707638400000,109.2,110.27,108.62,109.69,10511.44
1707652800000,109.69,110.6,108.73,108.88,10527.22
1707667200000,108.88,109.06,107.79,108.2,8682.77
1707681600000,108.2,108.73,107.27,107.51,7446.65
1707696000000,107.51,109.28,104.63,106.29,19803.78
1707710400000,106.29,106.36,104.71,105.93,9820.15
1707724800000,105.93,106.3,103.48,104.19,13366.43
1707739200000,104.19,108.94,103.85,108.86,24222.28
1707753600000,108.86,111.24,107.61,109.83,33780.82
1707768000000,109.83,112.19,109.71,111.69,16454.78
1707782400000,111.69,114.92,111.68,113.03,23314.83
1707796800000,113.03,114.56,112.99,114.02,9065.93
1707811200000,114.02,115.05,112.93,114.08,14397.64
1707825600000,114.08,114.15,108.98,110.32,29083.99
1707840000000,110.32,112.26,108.35,111.54,18532.65
1707854400000,111.54,113.71,111.49,112.43,13165.5
1707868800000,112.43,112.52,110.7,111.87,8712.88
1707883200000,111.87,113.25,111.26,113.09,7937.16
1707897600000,113.09,116.33,112.8,115.69,27099.99
1707912000000,115.69,118.68,115.1,116.93,28407.55
1707926400000,116.93,117.02,115.09,116.1,14235.04
1707940800000,116.1,117.26,115.92,116.98,7851.85
1707955200000,116.98,118.33,115.98,117.29,13916.19
1707969600000,117.29,117.29,114.67,115.06,11538.16
1707984000000,115.06,116.96,114.78,116.05,11155.17
1707998400000,116.05,117.22,113.09,114.0,28654.39
1708012800000,114.0,115.0,113.0,114.0,15500.91
1708027200000,114.0,114.33,111.58,113.5,13049.6
1708041600000,113.5,114.2,112.2,113.83,9261.99
1708056000000,113.83,113.94,111.48,111.5,9334.36
1708070400000,111.5,112.63,110.16,112.14,14855.95
1708084800000,112.14,113.13,108.02,109.64,23836.31
1708099200000,109.64,110.4,108.23,108.66,10711.89
1708113600000,108.66,110.65,108.41,110.35,5378.6
1708128000000,110.35,111.0,109.22,109.84,6243.07
1708142400000,109.84,110.38,108.68,110.33,7069.68
1708156800000,110.33,110.76,108.43,109.38,10924.57
1708171200000,109.38,109.49,105.68,107.22,19550.34
1708185600000,107.22,107.99,106.53,107.99,5146.03
1708200000000,107.99,109.61,107.79,108.93,6363.49
1708214400000,108.93,109.71,107.57,108.35,7329.23
1708228800000,108.35,109.67,108.1,109.18,6620.62
1708243200000,109.18,112.9,108.88,111.78,17687.85
1708257600000,111.78,112.42,110.74,112.29,8548.48
1708272000000,112.29,113.98,111.76,112.75,11260.53
1708286400000,112.75,113.58,111.93,112.23,8607.11
1708300800000,112.23,112.87,111.26,111.73,7178.29
1708315200000,111.73,113.59,111.2,113.28,8465.7
1708329600000,113.28,113.42,110.91,112.7,12867.7
1708344000000,112.7,114.81,111.77,113.7,22515.38
1708358400000,113.7,114.11,111.54,111.96,12793.73
1708372800000,111.96,113.0,111.16,111.52,6677.89
1708387200000,111.52,112.06,109.17,109.49,10787.66
1708401600000,109.49,111.0,109.05,109.4,9821.31
1708416000000,109.4,110.76,108.13,110.36,14042.57
1708430400000,110.36,110.69,103.41,106.54,36709.74
1708444800000,106.54,107.54,104.78,107.31,19512.74
1708459200000,107.31,109.64,106.78,108.34,11155.68
1708473600000,108.34,108.4,106.46,106.61,8909.81
1708488000000,106.61,107.0,104.52,104.9,9086.54
1708502400000,104.9,105.55,102.35,102.74,18213.88
1708516800000,102.74,104.32,101.08,103.82,21160.02
1708531200000,103.82,104.43,100.28,101.99,15202.79
1708545600000,101.99,105.63,101.44,105.06,15499.18
1708560000000,105.06,105.14,102.13,103.63,9936.59
1708574400000,103.63,105.37,103.27,105.03,13664.18
1708588800000,105.03,107.05,104.89,105.83,15123.91
1708603200000,105.83,106.12,103.19,105.42,12100.92
1708617600000,105.42,105.43,103.4,103.6,9440.88
1708632000000,103.6,105.27,101.59,101.76,13218.18
1708646400000,101.76,102.83,101.07,101.77,9144.12
1708660800000,101.77,103.11,101.43,101.92,6787.47
1708675200000,101.92,102.95,101.26,102.67,8570.14
1708689600000,102.67,102.87,100.26,100.26,17883.03
1708704000000,100.26,101.64,98.7,101.4,15353.81
1708718400000,101.4,101.74,98.92,99.9,7476.78
1708732800000,99.9,100.71,98.53,100.24,8999.19
1708747200000,100.24,102.21,100.21,102.21,6441.65
1708761600000,102.21,102.75,101.59,102.13,10159.88
1708776000000,102.13,102.52,101.75,101.99,4827.13
1708790400000,101.99,104.1,101.92,104.05,8483.12
1708804800000,104.05,104.75,103.73,104.04,6033.56
1708819200000,104.04,104.38,102.22,103.37,7834.07
1708833600000,103.37,103.64,102.79,103.03,6312.28
1708848000000,103.03,103.12,102.11,102.8,5371.62
1708862400000,102.8,103.73,102.34,102.77,7692.33
1708876800000,102.77,103.66,102.24,103.36,5725.36
1708891200000,103.36,104.28,103.07,103.47,7750.99
1708905600000,103.47,104.72,102.3,103.43,9424.18
1708920000000,103.43,104.2,102.99,103.3,6535.59
1708934400000,103.3,104.09,100.66,100.95,13723.61
1708948800000,100.95,104.98,100.34,104.97,20048.18
1708963200000,104.97,110.21,104.59,109.64,38209.66
1708977600000,109.64,110.78,108.48,109.89,16269.4
1708992000000,109.89,112.24,109.3,110.22,34048.23
1709006400000,110.22,111.4,109.2,110.46,12972.04
1709020800000,110.46,112.07,110.45,111.44,13653.77
1709035200000,111.44,111.73,106.26,106.8,30334.35
1709049600000,106.8,108.41,105.35,108.36,21355.4
1709064000000,108.36,109.29,107.59,108.34,9644.35
1709078400000,108.34,109.27,107.31,107.62,10941.11
1709092800000,107.62,110.1,107.55,110.05,10322.8
1709107200000,110.05,114.94,109.27,111.38,46793.1
1709121600000,111.38,113.27,110.57,113.02,38802.79
1709136000000,113.02,116.8,108.16,111.36,85626.13
1709150400000,111.36,118.98,110.16,118.95,39761.67
1709164800000,118.95,124.27,117.35,123.52,52763.3
1709179200000,123.52,125.97,122.17,125.54,34412.47
1709193600000,125.54,132.97,125.27,129.2,69159.3
1709208000000,129.2,134.58,127.14,132.32,44781.24
1709222400000,132.32,132.96,126.41,130.18,41224.23
1709236800000,130.18,131.86,122.61,125.61,30983.55
1709251200000,125.61,137.1,125.61,133.96,43847.83
1709265600000,133.96,137.73,131.66,131.9,26688.22
1709280000000,131.9,135.4,130.97,135.35,20367.41
1709294400000,135.35,135.4,130.32,131.16,27667.95
1709308800000,131.16,133.37,129.55,130.98,25213.36
1709323200000,130.98,131.7,129.41,129.45,18841.1
1709337600000,129.45,131.61,127.36,129.99,23458.19
1709352000000,129.99,130.63,127.87,129.17,12981.08
1709366400000,129.17,130.47,127.37,128.73,17032.38
1709380800000,128.73,130.37,127.45,127.91,16156.04
1709395200000,127.91,130.71,127.53,130.57,10584.53
1709409600000,130.57,131.33,128.29,130.04,11191.9
1709424000000,130.04,130.67,128.31,130.14,15362.59
1709438400000,130.14,130.54,124.44,126.81,20141.55
1709452800000,126.81,131.26,125.27,128.77,26146.0
1709467200000,128.77,129.57,127.6,129.28,14775.51
1709481600000,129.28,131.08,128.83,130.18,11524.61
1709496000000,130.18,132.04,129.56,130.21,10971.02
1709510400000,130.21,132.93,128.49,128.94,22540.51
1709524800000,128.94,129.83,128.56,129.55,10365.94
1709539200000,129.55,134.88,129.41,132.53,35189.32
1709553600000,132.53,133.65,129.5,131.77,25159.84
1709568000000,131.77,131.96,127.46,129.58,34322.38
1709582400000,129.58,133.29,128.21,133.25,21067.24
1709596800000,133.25,133.27,129.25,130.07,25147.44
1709611200000,130.07,132.73,127.79,129.54,35424.67
1709625600000,129.54,132.09,128.91,130.75,16700.63
1709640000000,130.75,142.75,130.71,139.21,72177.72
1709654400000,139.21,140.46,107.59,119.23,102060.62
1709668800000,119.23,127.28,116.3,125.37,73325.91
1709683200000,125.37,126.79,120.14,122.39,25726.98
1709697600000,122.39,133.23,122.35,133.18,37930.92
1709712000000,133.18,134.86,129.25,131.92,30441.64
1709726400000,131.92,132.12,125.44,128.2,43494.96
1709740800000,128.2,131.91,128.1,130.76,21727.28
1709755200000,130.76,132.33,130.08,130.76,13761.6
1709769600000,130.76,141.72,130.6,138.2,51234.29
1709784000000,138.2,140.0,136.12,138.25,25057.62
1709798400000,138.25,144.38,138.1,140.23,37064.93
1709812800000,140.23,148.97,139.18,145.95,52341.72
1709827200000,145.95,149.21,145.33,148.75,23231.23
1709841600000,148.75,148.89,143.58,143.82,17763.46
1709856000000,143.82,146.41,143.28,144.25,14371.28
1709870400000,144.25,145.47,142.12,144.47,15587.52
1709884800000,144.47,149.07,144.45,148.97,16977.07
1709899200000,148.97,152.56,144.52,145.44,46809.62
1709913600000,145.44,150.62,142.1,147.74,37508.43
1709928000000,147.74,149.0,143.46,144.78,18345.52
1709942400000,144.78,146.92,144.59,145.77,14000.42
1709956800000,145.77,149.08,145.42,148.26,13355.73
1709971200000,148.26,148.71,145.09,146.9,12549.88
1709985600000,146.9,147.18,145.1,147.08,10503.74
1710000000000,147.08,147.15,143.72,145.3,13501.6
1710014400000,145.3,146.61,144.08,144.28,6488.35
1710028800000,144.28,148.24,143.88,146.64,13825.34
1710043200000,146.64,148.52,146.53,148.29,8535.66
1710057600000,148.29,148.55,144.96,145.42,15790.14
1710072000000,145.42,145.82,141.46,142.93,22944.8
1710086400000,142.93,145.25,142.85,145.1,10423.14
1710100800000,145.1,145.29,140.48,144.37,12761.58
1710115200000,144.37,144.43,137.14,141.16,32536.37
1710129600000,141.16,148.2,139.8,147.81,25695.99
1710144000000,147.81,150.2,147.61,148.34,29178.16
1710158400000,148.34,149.98,145.75,147.12,27237.66
1710172800000,147.12,148.23,145.83,146.65,17481.9
1710187200000,146.65,149.21,146.5,148.83,9245.49
1710201600000,148.83,154.94,147.2,150.94,29121.4
1710216000000,150.94,154.44,149.45,151.9,26236.88
1710230400000,151.9,153.1,148.14,150.46,22232.98
1710244800000,150.46,151.92,147.4,150.23,35284.93
1710259200000,150.23,150.87,141.69,149.84,41250.16
1710273600000,149.84,151.21,147.03,151.06,16115.29
1710288000000,151.06,151.54,148.82,149.3,12350.32
1710302400000,149.3,152.92,148.85,150.75,20472.71
1710316800000,150.75,154.58,150.53,153.8,19628.69
1710331200000,153.8,159.47,149.97,157.28,44458.96
1710345600000,157.28,161.78,156.69,161.42,26443.85
1710360000000,161.42,166.65,159.56,163.89,23055.19
1710374400000,163.89,169.19,163.17,167.4,31638.79
1710388800000,167.4,169.9,165.26,168.36,21473.15
1710403200000,168.36,173.98,168.29,173.1,32944.67
1710417600000,173.1,173.33,164.38,167.69,54874.97
1710432000000,167.69,170.11,159.37,162.41,51310.97
1710446400000,162.41,178.34,162.11,176.63,36034.64
1710460800000,176.63,186.65,171.19,176.05,81320.42
1710475200000,176.05,181.94,171.67,176.08,68110.03
1710489600000,176.08,177.16,165.29,170.0,70275.76
1710504000000,170.0,184.69,168.23,181.77,67511.12
1710518400000,181.77,188.9,178.33,183.28,51030.34
1710532800000,183.28,185.5,175.38,183.87,38450.79
1710547200000,183.87,189.05,180.51,187.62,28838.31
1710561600000,187.62,193.65,185.34,192.89,39236.29
1710576000000,192.89,197.86,190.62,192.71,42451.64
1710590400000,192.71,196.0,187.94,195.17,45188.68
1710604800000,195.17,195.42,178.79,180.08,56685.0
1710619200000,180.08,185.81,177.0,182.04,50440.15
1710633600000,182.04,189.28,181.85,186.45,40999.61
1710648000000,186.45,188.67,178.71,181.93,41674.42
1710662400000,181.93,193.69,179.89,191.87,37918.19
1710676800000,191.87,195.9,188.57,195.58,31266.53
1710691200000,195.58,198.15,192.37,195.72,21395.89
1710705600000,195.72,204.63,195.65,201.92,33756.06
1710720000000,201.92,205.35,193.82,203.87,33053.94
1710734400000,203.87,204.86,200.24,203.21,22290.51
1710748800000,203.21,210.0,198.44,208.12,58883.3
1710763200000,208.12,209.29,198.56,203.9,49271.01
1710777600000,203.9,206.15,195.55,198.34,40973.81
1710792000000,198.34,204.69,195.45,195.9,24679.24
1710806400000,195.9,198.58,180.3,184.37,55747.11
1710820800000,184.37,188.93,179.34,186.14,45858.93
1710835200000,186.14,186.24,170.98,177.78,63891.12
1710849600000,177.78,185.81,174.74,182.9,54169.0
1710864000000,182.9,186.25,180.09,181.47,37507.37
1710878400000,181.47,181.89,166.13,169.87,49683.03
1710892800000,169.87,176.91,169.41,169.81,36509.68
1710907200000,169.81,174.09,162.59,173.45,38851.63
1710921600000,173.45,175.2,169.5,172.14,26336.39
1710936000000,172.14,176.74,170.12,170.62,39209.35
1710950400000,170.62,184.54,165.59,182.45,53887.0
1710964800000,182.45,193.11,181.8,191.85,41154.43
1710979200000,191.85,195.54,189.47,190.33,28389.79
1710993600000,190.33,192.21,184.84,188.65,29873.8
1711008000000,188.65,191.34,186.34,189.04,20562.45
1711022400000,189.04,191.34,183.91,185.24,25949.65
1711036800000,185.24,187.83,177.13,177.99,31525.82
1711051200000,177.99,181.86,175.96,179.41,18230.35
1711065600000,179.41,181.82,174.2,179.01,21489.48
1711080000000,179.01,180.73,177.61,179.12,15164.92
1711094400000,179.12,180.11,171.76,172.04,18150.79
1711108800000,172.04,173.91,167.69,171.64,31196.04
1711123200000,171.64,173.58,168.86,172.89,12211.67
1711137600000,172.89,175.12,168.27,175.1,12480.01
1711152000000,175.1,177.92,170.5,171.91,17537.58
1711166400000,171.91,177.46,171.5,175.93,8373.18
1711180800000,175.93,177.01,174.12,175.82,9254.16
1711195200000,175.82,178.84,174.52,175.24,13496.31
1711209600000,175.24,176.66,173.9,174.86,8676.09
1711224000000,174.86,175.36,172.59,172.59,8393.31
1711238400000,172.59,177.24,171.7,171.74,12281.79
1711252800000,171.74,173.73,171.39,173.43,6265.02
1711267200000,173.43,175.96,173.22,174.83,8616.77
1711281600000,174.83,177.17,174.62,176.24,9562.55
1711296000000,176.24,176.87,172.53,176.09,11858.63
1711310400000,176.09,186.69,175.51,183.84,23383.58
1711324800000,183.84,185.38,181.06,184.78,15321.51
1711339200000,184.78,189.53,183.86,185.77,15040.11
1711353600000,185.77,191.67,185.72,187.94,15885.97
1711368000000,187.94,194.43,186.45,192.69,26287.54
1711382400000,192.69,194.41,190.44,192.25,17526.93
1711396800000,192.25,192.91,188.46,188.97,13625.13
1711411200000,188.97,191.95,188.19,191.73,10362.63
1711425600000,191.73,196.5,191.38,194.0,16128.48
1711440000000,194.0,196.16,192.2,194.84,12727.63
1711454400000,194.84,195.25,189.45,190.35,20569.19
1711468800000,190.35,191.41,186.23,188.32,17456.38
1711483200000,188.32,192.48,188.27,190.51,10102.1
1711497600000,190.51,192.6,188.78,190.0,11435.88
1711512000000,190.0,190.49,186.15,186.76,10093.27
1711526400000,186.76,188.52,183.64,188.45,14240.04
1711540800000,188.45,191.11,180.18,181.16,41288.11
1711555200000,181.16,184.07,180.27,182.71,13663.94
1711569600000,182.71,186.98,182.58,186.32,11218.09
1711584000000,186.32,187.95,181.0,182.19,13256.7
1711598400000,182.19,187.47,182.08,187.35,9803.43
1711612800000,187.35,188.3,184.83,185.36,10504.98
1711627200000,185.36,189.36,182.76,187.37,15300.53
1711641600000,187.37,187.42,184.57,186.37,8044.08
1711656000000,186.37,190.82,186.23,189.66,12748.75
1711670400000,189.66,190.65,187.68,188.43,11266.2
1711684800000,188.43,189.09,183.48,183.64,9809.19
1711699200000,183.64,186.38,183.54,185.75,8351.12
1711713600000,185.75,189.81,184.3,184.88,18842.73
1711728000000,184.88,187.65,184.55,187.65,9670.47
1711742400000,187.65,193.03,187.37,192.03,17887.31
1711756800000,192.03,194.41,190.8,192.78,13786.86
1711771200000,192.78,199.87,192.58,195.79,25295.02
1711785600000,195.79,198.66,193.5,197.77,12891.22
1711800000000,197.77,198.45,195.12,196.29,8667.15
1711814400000,196.29,197.84,193.48,195.49,8267.86
1711828800000,195.49,196.64,193.4,194.2,7490.75
1711843200000,194.2,197.23,193.73,194.3,7994.13
1711857600000,194.3,197.28,194.04,196.7,6591.96
1711872000000,196.7,197.2,195.47,195.83,5552.05
1711886400000,195.83,197.61,195.56,195.69,5848.05
1711900800000,195.69,200.94,195.54,200.14,11459.34
1711915200000,200.14,203.1,198.5,202.49,11220.41
1711929600000,202.49,204.3,200.86,202.59,12260.62
1711944000000,202.59,203.51,193.36,197.95,26788.5
1711958400000,197.95,197.97,194.85,195.19,12095.53
1711972800000,195.19,197.71,187.07,188.08,23810.85
1711987200000,188.08,193.49,187.38,193.34,12931.26
1712001600000,193.34,193.92,191.83,192.26,7401.56
1712016000000,192.26,192.27,181.83,183.62,26064.43
1712030400000,183.62,186.23,181.15,183.16,14910.09
1712044800000,183.16,183.81,177.56,179.95,15225.76
1712059200000,179.95,182.18,175.96,177.44,16716.48
1712073600000,177.44,186.81,176.93,185.71,18731.98
1712088000000,185.71,186.38,180.75,181.49,15766.37
1712102400000,181.49,188.96,176.97,188.47,20607.33
1712116800000,188.47,191.86,187.0,189.59,17096.83
1712131200000,189.59,191.62,186.5,187.72,11176.07
1712145600000,187.72,191.14,186.55,189.05,13480.03
1712160000000,189.05,190.99,184.17,185.66,12807.36
1712174400000,185.66,186.53,182.13,185.06,7394.63
1712188800000,185.06,187.36,181.11,181.51,11272.89
1712203200000,181.51,185.78,180.22,184.96,8060.8
1712217600000,184.96,186.24,184.46,185.62,5990.17
1712232000000,185.62,189.55,185.42,187.0,14191.52
1712246400000,187.0,190.1,185.51,185.63,10037.31
1712260800000,185.63,185.84,181.03,183.97,13247.56
1712275200000,183.97,185.03,177.64,179.46,10195.23
1712289600000,179.46,180.33,172.91,175.01,20309.6
1712304000000,175.01,177.05,169.15,169.76,16687.02
1712318400000,169.76,177.3,168.0,175.91,20819.79
1712332800000,175.91,176.8,172.48,175.4,7441.63
1712347200000,175.4,176.79,174.15,174.36,4528.13
1712361600000,174.36,176.51,173.58,175.93,6079.46
1712376000000,175.93,178.18,174.94,177.26,6765.44
1712390400000,177.26,178.4,175.36,175.69,5969.0
1712404800000,175.69,177.21,173.83,177.19,5873.07
1712419200000,177.19,178.88,176.63,177.36,7063.38
1712433600000,177.36,179.81,176.77,178.68,11083.97
1712448000000,178.68,182.67,177.3,180.69,9184.89
1712462400000,180.69,181.27,179.22,179.78,4308.92
1712476800000,179.78,180.86,178.7,180.74,3659.31
1712491200000,180.74,182.16,179.52,179.63,7095.9
1712505600000,179.63,182.64,177.75,178.28,7829.72
1712520000000,178.28,180.01,176.91,179.53,4686.32
1712534400000,179.53,179.56,175.32,176.41,7505.03
1712548800000,176.41,181.08,175.79,180.1,7831.25
1712563200000,180.1,184.64,179.73,182.71,18002.6
1712577600000,182.71,183.56,179.39,181.46,11760.17
1712592000000,181.46,182.1,178.57,179.37,8020.59
1712606400000,179.37,181.42,179.18,180.68,4568.37
1712620800000,180.68,180.86,176.89,177.5,6812.08
1712635200000,177.5,178.63,175.09,175.62,9449.44
1712649600000,175.62,176.43,173.45,176.21,8581.76
1712664000000,176.21,176.54,169.17,172.47,12982.13
1712678400000,172.47,177.62,171.78,174.37,10986.36
1712692800000,174.37,175.95,172.18,172.42,5495.29
1712707200000,172.42,173.05,169.3,171.38,11004.83
1712721600000,171.38,173.61,170.91,172.8,6306.81
1712736000000,172.8,172.8,168.34,170.17,9162.79
1712750400000,170.17,170.63,162.31,167.93,25113.98
1712764800000,167.93,173.04,167.04,171.22,14098.06
1712779200000,171.22,175.46,170.26,173.31,9346.21
1712793600000,173.31,173.38,171.13,172.67,6991.87
1712808000000,172.67,175.95,171.69,174.48,8743.59
1712822400000,174.48,175.36,170.18,170.51,8141.86
1712836800000,170.51,175.35,170.12,173.4,20133.92
1712851200000,173.4,176.27,172.03,174.63,10813.64
1712865600000,174.63,175.51,172.04,172.4,5270.13
1712880000000,172.4,174.3,172.36,174.04,6275.39
1712894400000,174.04,175.94,172.96,173.2,8564.54
1712908800000,173.2,173.61,171.43,172.66,4736.7
1712923200000,172.66,172.73,166.59,167.38,13103.61
1712937600000,167.38,167.79,141.47,149.31,53724.2
1712952000000,149.31,154.31,148.79,153.2,22897.86
1712966400000,153.2,153.42,145.52,151.76,25496.14
1712980800000,151.76,154.92,150.62,151.02,21280.17
1712995200000,151.02,153.36,149.51,151.22,10018.04
1713009600000,151.22,152.96,148.4,149.03,16588.75
1713024000000,149.03,149.6,130.13,133.67,60052.14
1713038400000,133.67,143.24,117.35,138.44,102415.97
1713052800000,138.44,140.89,130.54,134.92,42950.47
1713067200000,134.92,144.52,133.87,144.05,29782.5
1713081600000,144.05,145.53,138.28,138.86,21042.78
1713096000000,138.86,143.24,135.55,137.98,30774.42
1713110400000,137.98,143.11,133.52,141.77,35899.54
1713124800000,141.77,152.77,139.87,151.23,27172.8
1713139200000,151.23,151.25,146.43,148.09,18306.16
1713153600000,148.09,156.01,146.12,153.77,23726.59
1713168000000,153.77,154.96,150.86,150.93,15847.85
1713182400000,150.93,152.18,141.51,143.28,31800.33
1713196800000,143.28,144.46,133.7,137.89,37173.93
1713211200000,137.89,140.13,135.47,138.51,13853.01
1713225600000,138.51,140.53,133.65,134.61,18973.91
1713240000000,134.61,138.86,130.48,137.89,21791.87
1713254400000,137.89,138.0,129.99,136.16,23300.92
1713268800000,136.16,136.17,127.46,127.64,35865.45
1713283200000,127.64,135.31,126.52,132.13,34092.68
1713297600000,132.13,137.93,131.65,136.2,13497.21
1713312000000,136.2,138.24,134.91,137.39,12473.39
1713326400000,137.39,142.71,136.7,139.5,27600.98
1713340800000,139.5,140.22,134.05,134.27,13653.58
1713355200000,134.27,134.97,127.62,128.75,41751.64
1713369600000,128.75,137.86,126.95,134.62,31182.72
1713384000000,134.62,137.91,131.64,131.87,17524.52
1713398400000,131.87,136.62,129.72,135.61,17156.57
1713412800000,135.61,136.8,129.08,129.44,18211.69
1713427200000,129.44,136.94,127.66,135.82,23036.11
1713441600000,135.82,141.44,132.0,139.0,32785.18
1713456000000,139.0,141.46,135.62,140.3,15025.75
1713470400000,140.3,143.97,139.58,142.11,12991.58
1713484800000,142.11,142.11,128.54,136.47,48572.94
1713499200000,136.47,146.78,136.19,143.31,51039.1
1713513600000,143.31,145.92,142.65,144.43,23974.95
1713528000000,144.43,147.41,141.81,146.2,22768.25
1713542400000,146.2,147.42,143.74,145.5,15213.01
1713556800000,145.5,145.71,140.22,142.5,13728.46
1713571200000,142.5,143.47,139.69,142.43,15987.63
1713585600000,142.43,144.97,141.63,143.5,11397.68
1713600000000,143.5,143.56,140.09,141.56,9502.58
1713614400000,141.56,147.52,141.01,147.22,11201.2
1713628800000,147.22,151.82,146.35,151.19,18506.59
1713643200000,151.19,152.36,149.13,151.21,8694.99
1713657600000,151.21,153.42,148.12,150.63,13069.97
1713672000000,150.63,151.71,149.93,151.16,7311.74
1713686400000,151.16,152.61,149.63,151.46,9085.1
1713700800000,151.46,151.71,148.53,150.12,9399.73
1713715200000,150.12,150.31,146.8,148.03,9611.85
1713729600000,148.03,150.76,147.51,148.78,7669.74
1713744000000,148.78,151.46,146.73,150.35,16519.37
1713758400000,150.35,156.56,149.99,153.57,19085.03
1713772800000,153.57,154.57,152.32,153.25,9148.58
1713787200000,153.25,154.92,151.59,153.47,13335.5
1713801600000,153.47,156.09,152.48,154.52,10479.4
1713816000000,154.52,158.46,154.13,156.96,9380.18
1713830400000,156.96,159.29,155.47,155.51,10796.66
1713844800000,155.51,156.78,153.08,153.63,11534.29
1713859200000,153.63,155.52,153.19,154.11,8052.22
1713873600000,154.11,159.73,153.61,157.82,16511.97
1713888000000,157.82,159.96,157.17,157.45,8538.36
1713902400000,157.45,157.78,154.59,154.78,8402.78
1713916800000,154.78,158.86,154.46,156.76,12818.66
1713931200000,156.76,159.75,156.3,157.8,13834.79
1713945600000,157.8,159.42,156.54,159.31,8618.62
1713960000000,159.31,159.63,151.16,151.54,26399.46
1713974400000,151.54,153.81,147.51,149.8,21644.7
1713988800000,149.8,150.45,145.63,147.82,12765.01
1714003200000,147.82,149.56,144.84,146.03,14098.19
1714017600000,146.03,148.49,144.79,146.29,11085.82
1714032000000,146.29,147.47,143.2,144.8,14071.99
1714046400000,144.8,148.33,142.14,147.79,18166.1
1714060800000,147.79,149.37,146.57,146.88,14307.12
1714075200000,146.88,148.89,144.75,144.83,12478.89
1714089600000,144.83,145.06,141.51,143.25,14257.98
1714104000000,143.25,144.81,142.43,143.46,6772.86
1714118400000,143.46,144.57,142.29,143.15,7421.98
1714132800000,143.15,146.15,141.17,142.74,15649.98
1714147200000,142.74,144.22,141.73,142.8,6169.1
1714161600000,142.8,143.77,138.84,139.22,7539.04
1714176000000,139.22,140.18,132.92,136.33,18560.32
1714190400000,136.33,137.2,135.6,136.16,6600.38
1714204800000,136.16,136.78,135.29,135.88,5920.41
1714219200000,135.88,139.79,135.71,137.69,9749.63
1714233600000,137.69,142.43,137.48,142.3,14195.57
1714248000000,142.3,143.0,140.03,141.3,6777.35
1714262400000,141.3,144.71,140.81,143.82,7769.43
1714276800000,143.82,144.43,142.92,143.57,11588.44
1714291200000,143.57,143.92,140.96,141.19,7458.53
1714305600000,141.19,142.87,141.08,141.98,7648.87
1714320000000,141.98,143.92,141.82,142.07,4642.53
1714334400000,142.07,142.32,137.1,137.98,7959.92
1714348800000,137.98,138.91,134.7,134.99,9910.42
1714363200000,134.99,136.75,134.05,134.96,8977.81
1714377600000,134.96,136.68,133.71,134.71,10371.21
1714392000000,134.71,137.52,134.0,136.48,12649.5
1714406400000,136.48,136.64,133.46,134.97,15712.48
1714420800000,134.97,138.66,134.08,137.76,8346.46
1714435200000,137.76,139.75,135.01,136.51,9233.47
1714449600000,136.51,136.75,134.68,135.1,15016.77
1714464000000,135.1,135.51,128.3,128.78,18468.61
1714478400000,128.78,130.32,126.78,127.76,17238.77
1714492800000,127.76,127.76,121.31,123.03,22394.58
1714507200000,123.03,128.75,123.01,126.77,12900.99
1714521600000,126.77,127.5,123.85,126.25,12626.51
1714536000000,126.25,126.79,118.76,120.57,23553.33
1714550400000,120.57,123.05,119.0,123.04,18787.25
1714564800000,123.04,124.92,121.47,123.39,14453.28
1714579200000,123.39,135.94,122.67,129.71,38932.16
1714593600000,129.71,135.14,128.86,134.62,15932.51
1714608000000,134.62,134.94,128.7,130.08,15205.45
1714622400000,130.08,134.39,128.29,131.4,13499.9
1714636800000,131.4,138.93,131.11,138.72,20201.63
1714651200000,138.72,140.35,135.09,139.06,20143.1
1714665600000,139.06,139.81,136.99,138.05,9264.01
1714680000000,138.05,140.82,135.59,137.58,11476.35
1714694400000,137.58,141.73,136.76,141.0,12105.38
1714708800000,141.0,141.52,136.86,137.23,9424.92
1714723200000,137.23,139.13,135.98,136.9,9985.66
1714737600000,136.9,143.93,136.5,142.04,33149.81
1714752000000,142.04,143.1,141.15,142.77,6865.76
1714766400000,142.77,144.94,142.48,143.69,9424.52
1714780800000,143.69,144.9,142.27,144.22,7578.57
1714795200000,144.22,146.34,143.74,143.96,12081.66
1714809600000,143.96,149.11,143.92,146.52,9261.66
1714824000000,146.52,148.22,145.64,146.17,14078.34
1714838400000,146.17,147.47,145.35,147.41,5077.92
1714852800000,147.41,147.8,145.84,146.08,6695.88
1714867200000,146.08,147.2,143.22,144.62,8958.77
1714881600000,144.62,145.97,144.16,145.65,7104.68
1714896000000,145.65,146.71,145.14,146.6,3953.99
1714910400000,146.6,148.0,145.39,147.48,6343.66
1714924800000,147.48,147.83,145.71,146.07,4824.87
1714939200000,146.07,146.12,144.74,145.7,3278.38
1714953600000,145.7,148.05,145.44,146.28,5245.3
1714968000000,146.28,149.33,145.94,148.71,6535.75
1714982400000,148.71,156.84,148.71,154.03,24775.41
1714996800000,154.03,156.19,149.93,153.82,21370.08
1715011200000,153.82,154.15,150.92,153.43,10053.74
1715025600000,153.43,155.7,152.54,152.82,7221.19
1715040000000,152.82,158.03,152.01,153.92,13736.12
1715054400000,153.92,156.23,153.17,155.13,8774.33
1715068800000,155.13,159.15,154.88,154.98,14062.38
1715083200000,154.98,157.03,152.21,154.7,14643.6
1715097600000,154.7,155.46,150.83,151.16,10478.53
1715112000000,151.16,152.39,147.94,148.05,8814.7
1715126400000,148.05,149.92,147.24,149.5,7946.56
1715140800000,149.5,149.81,145.8,146.43,13943.88
1715155200000,146.43,146.96,144.84,145.34,8987.3
1715169600000,145.34,148.87,144.45,145.85,12145.78
1715184000000,145.85,149.08,144.69,145.47,12586.84
1715198400000,145.47,145.9,140.04,142.17,13971.85
1715212800000,142.17,144.79,141.97,144.15,6532.35
1715227200000,144.15,145.82,142.63,143.27,10670.6
1715241600000,143.27,143.97,140.65,142.8,8345.13
1715256000000,142.8,147.84,141.65,146.47,13989.93
1715270400000,146.47,150.94,145.79,150.87,11557.08
1715284800000,150.87,153.29,149.29,152.59,10973.51
1715299200000,152.59,154.54,151.38,153.94,7904.92
1715313600000,153.94,155.71,152.32,154.37,8348.25
1715328000000,154.37,155.14,153.0,155.02,6395.15
1715342400000,155.02,155.28,145.74,146.98,22551.98
1715356800000,146.98,148.63,145.36,147.13,13085.49
1715371200000,147.13,148.01,144.61,146.04,6155.83
1715385600000,146.04,147.66,143.38,143.68,8712.33
1715400000000,143.68,146.41,143.57,145.76,4681.12
1715414400000,145.76,145.83,143.17,144.24,4820.67
1715428800000,144.24,146.97,143.9,145.62,6195.73
1715443200000,145.62,146.68,144.93,146.43,4183.65
1715457600000,146.43,146.5,145.14,145.42,2552.07
1715472000000,145.42,146.91,145.22,146.43,2612.89
1715486400000,146.43,147.76,143.74,144.22,4872.97
1715500800000,144.22,146.34,143.88,145.06,4300.29
1715515200000,145.06,145.69,144.04,145.19,4047.73
1715529600000,145.19,146.36,144.39,144.95,3222.11
1715544000000,144.95,145.24,142.6,143.46,3565.38
1715558400000,143.46,145.9,138.41,140.12,14397.07
1715572800000,140.12,144.06,137.9,143.57,12196.57
1715587200000,143.57,147.41,143.55,145.65,16358.68
1715601600000,145.65,148.18,144.84,147.3,9961.69
1715616000000,147.3,150.78,145.82,148.79,15253.12
1715630400000,148.79,149.59,146.79,147.54,4714.09
1715644800000,147.54,148.23,145.76,146.33,6285.13
1715659200000,146.33,149.05,143.75,146.53,10531.42
1715673600000,146.53,147.43,145.4,146.57,6004.99
1715688000000,146.57,148.43,141.89,142.89,18070.27
1715702400000,142.89,144.65,141.89,143.83,10309.22
1715716800000,143.83,143.91,141.94,142.06,3687.08
1715731200000,142.06,144.14,141.28,143.97,5096.03
1715745600000,143.97,144.59,143.15,144.32,7301.97
1715760000000,144.32,146.05,143.15,144.17,8021.93
1715774400000,144.17,154.02,143.67,151.59,30492.75
1715788800000,151.59,154.99,151.06,154.94,14687.99
1715803200000,154.94,158.74,154.28,158.5,16862.36
1715817600000,158.5,163.8,158.16,163.15,16836.21
1715832000000,163.15,163.59,161.35,162.84,9469.28
1715846400000,162.84,164.75,161.82,163.74,8768.36
1715860800000,163.74,163.74,157.64,160.45,17338.78
1715875200000,160.45,160.53,156.65,159.08,14280.02
1715889600000,159.08,159.56,157.44,159.33,4776.49
1715904000000,159.33,162.84,159.33,162.18,9632.84
1715918400000,162.18,169.83,161.01,169.22,21809.42
1715932800000,169.22,169.98,167.23,167.46,10574.74
1715947200000,167.46,170.92,165.8,169.69,11576.24
1715961600000,169.69,172.08,166.2,168.89,13117.52
1715976000000,168.89,169.85,167.36,169.44,4303.72
1715990400000,169.44,174.49,168.66,173.21,10595.62
1716004800000,173.21,173.89,172.1,172.31,4861.39
1716019200000,172.31,176.04,172.13,174.41,10278.77
1716033600000,174.41,174.69,171.71,172.41,9349.22
1716048000000,172.41,172.63,170.37,172.25,7421.06
1716062400000,172.25,173.64,171.63,172.4,4416.07
1716076800000,172.4,175.15,171.99,174.31,5562.79
1716091200000,174.31,175.49,172.36,174.16,5196.08
1716105600000,174.16,174.57,170.83,171.75,7959.84
1716120000000,171.75,171.84,166.0,168.28,12408.48
1716134400000,168.28,171.77,167.27,169.31,8762.96
1716148800000,169.31,171.69,168.35,169.93,5055.39
1716163200000,169.93,173.49,167.63,172.15,9152.42
1716177600000,172.15,178.6,171.8,178.03,20581.88
1716192000000,178.03,179.35,176.22,177.72,10253.51
1716206400000,177.72,179.45,175.33,179.0,8399.1
1716220800000,179.0,188.28,178.12,187.25,22724.3
1716235200000,187.25,187.68,182.26,186.69,21661.92
1716249600000,186.69,188.87,182.85,184.28,15872.05
1716264000000,184.28,185.02,180.24,181.28,15138.19
1716278400000,181.28,183.83,180.4,180.4,9158.22
1716292800000,180.4,181.36,176.01,176.75,17808.25
1716307200000,176.75,178.91,174.38,175.28,11291.74
1716321600000,175.28,178.62,175.16,178.16,7014.52
1716336000000,178.16,179.28,176.52,177.94,6184.32
1716350400000,177.94,182.91,175.05,179.88,13937.1
1716364800000,179.88,181.34,178.07,178.07,7272.42
1716379200000,178.07,182.77,176.24,181.38,14214.65
1716393600000,181.38,183.54,177.39,178.33,12862.02
1716408000000,178.33,180.79,176.31,176.95,15120.81
1716422400000,176.95,179.35,175.63,178.78,6472.41
1716436800000,178.78,178.85,176.26,177.44,10777.62
1716451200000,177.44,177.97,173.1,175.68,15158.21
1716465600000,175.68,176.98,168.89,172.69,21123.96
1716480000000,172.69,175.24,170.55,170.91,9037.74
1716494400000,170.91,181.03,165.39,176.16,30886.03
1716508800000,176.16,176.16,171.54,172.0,12390.47
1716523200000,172.0,172.0,165.13,166.16,20110.55
1716537600000,166.16,166.62,162.51,166.34,14270.78
1716552000000,166.34,169.11,165.11,167.29,14336.51
1716566400000,167.29,170.38,164.74,168.33,9770.5
1716580800000,168.33,168.75,166.67,167.69,3807.43
1716595200000,167.69,169.79,165.92,169.65,5768.03
1716609600000,169.65,170.15,168.16,169.03,3841.31
1716624000000,169.03,170.54,168.38,168.61,6623.97
1716638400000,168.61,168.9,166.58,167.84,6071.63
1716652800000,167.84,168.07,166.42,167.23,4371.53
1716667200000,167.23,168.65,166.56,168.34,3756.91
1716681600000,168.34,168.4,164.86,166.28,6095.36
1716696000000,166.28,167.01,164.59,165.34,6417.2
1716710400000,165.34,165.61,162.24,164.0,10911.26
1716724800000,164.0,165.84,162.39,162.84,9768.96
1716739200000,162.84,163.48,161.19,162.71,9307.99
1716753600000,162.71,164.15,161.01,163.41,5600.37
1716768000000,163.41,166.64,163.3,165.38,9560.53
1716782400000,165.38,166.42,163.84,165.53,6768.42
1716796800000,165.53,168.07,165.01,167.74,8032.43
1716811200000,167.74,171.44,166.69,171.04,12347.82
1716825600000,171.04,172.27,166.99,168.65,10533.12
1716840000000,168.65,171.67,168.37,170.15,5778.49
1716854400000,170.15,172.08,166.06,167.39,11504.18
1716868800000,167.39,167.57,164.94,166.09,7693.46
1716883200000,166.09,170.33,165.89,169.81,8809.73
1716897600000,169.81,173.24,166.72,168.28,20105.24
1716912000000,168.28,170.78,166.04,170.38,9539.28
1716926400000,170.38,170.73,168.32,168.68,3666.51
1716940800000,168.68,172.54,167.45,172.34,6280.84
1716955200000,172.34,173.93,170.8,170.81,8185.19
1716969600000,170.81,171.04,167.63,168.28,9057.98
1716984000000,168.28,169.97,167.17,168.58,10270.69
1716998400000,168.58,171.81,167.62,169.38,10320.35
1717012800000,169.38,169.93,167.86,168.31,4276.27
1717027200000,168.31,170.97,167.9,169.99,5337.04
1717041600000,169.99,170.88,164.24,165.0,11508.2
1717056000000,165.0,167.27,163.56,166.21,7775.61
1717070400000,166.21,169.65,166.01,168.47,9721.19
1717084800000,168.47,172.59,167.96,168.41,12390.17
1717099200000,168.41,168.43,166.22,166.88,5768.45
1717113600000,166.88,167.55,165.62,167.25,3907.6
1717128000000,167.25,167.67,165.02,166.62,4782.94
1717142400000,166.62,168.97,166.04,168.75,5332.79
1717156800000,168.75,170.93,164.76,164.81,15990.51
1717171200000,164.81,167.01,163.97,166.34,6968.94
1717185600000,166.34,167.02,165.13,165.65,3842.73
1717200000000,165.65,167.81,165.65,167.03,3881.82
1717214400000,167.03,167.44,166.42,166.85,2319.72
1717228800000,166.85,167.35,166.58,166.88,2746.63
1717243200000,166.88,167.93,166.79,167.31,3261.46
1717257600000,167.31,167.59,166.86,167.46,2355.9
1717272000000,167.46,167.77,165.7,166.13,3098.21
1717286400000,166.13,167.09,165.51,166.19,3511.77
1717300800000,166.19,166.52,164.94,165.01,3176.84
1717315200000,165.01,166.15,164.03,166.04,4162.99
1717329600000,166.04,166.28,164.62,165.16,3896.75
1717344000000,165.16,165.37,161.33,163.12,8048.09
1717358400000,163.12,163.73,161.74,163.15,3084.37
1717372800000,163.15,165.22,161.8,163.59,5967.66
1717387200000,163.59,165.78,162.73,165.35,4775.82
1717401600000,165.35,166.84,164.53,164.83,4872.51
1717416000000,164.83,167.2,163.01,164.83,11212.94
1717430400000,164.83,166.98,163.6,166.94,7707.61
1717444800000,166.94,167.19,164.43,164.9,3689.21
1717459200000,164.9,166.8,164.35,166.47,3145.59
1717473600000,166.47,166.99,164.92,165.25,4131.89
1717488000000,165.25,165.83,164.47,165.5,3709.76
1717502400000,165.5,167.91,165.32,167.91,8154.24
1717516800000,167.91,170.38,167.79,169.47,10685.21
1717531200000,169.47,171.86,168.3,171.78,4987.81
1717545600000,171.78,174.85,171.12,172.97,10081.08
1717560000000,172.97,174.32,172.32,173.43,5441.12
1717574400000,173.43,174.1,172.11,172.85,5191.63
1717588800000,172.85,175.13,171.17,174.74,9293.24
1717603200000,174.74,175.59,172.51,172.97,7555.21
1717617600000,172.97,173.79,172.75,173.54,2400.79
1717632000000,173.54,174.37,173.17,173.85,2999.42
1717646400000,173.85,174.05,171.55,172.59,4613.26
1717660800000,172.59,173.44,172.14,173.09,3715.68
1717675200000,173.09,173.69,172.41,172.99,4999.9
1717689600000,172.99,173.06,168.73,169.12,8730.77
1717704000000,169.12,170.84,167.55,170.15,7492.44
1717718400000,170.15,170.59,168.99,170.56,4532.73
1717732800000,170.56,172.53,170.44,172.0,5589.57
1717747200000,172.0,172.39,170.94,172.19,3462.59
1717761600000,172.19,172.8,169.16,170.15,7758.48
1717776000000,170.15,170.34,153.06,162.01,35047.96
1717790400000,162.01,163.22,161.04,162.51,5534.48
1717804800000,162.51,163.12,161.89,162.69,4146.33
1717819200000,162.69,163.77,161.44,163.59,3807.81
1717833600000,163.59,163.65,160.08,160.47,4550.64
1717848000000,160.47,161.34,158.29,160.15,8765.41
1717862400000,160.15,161.04,158.83,159.85,4639.67
1717876800000,159.85,159.98,157.38,157.82,3870.12
1717891200000,157.82,158.79,156.53,157.78,3915.28
1717905600000,157.78,159.76,157.27,159.01,3983.23
1717920000000,159.01,159.8,158.69,159.44,2975.07
1717934400000,159.44,161.86,159.22,161.62,7117.83
1717948800000,161.62,163.03,160.56,162.14,4164.21
1717963200000,162.14,162.38,161.28,162.12,2096.6
1717977600000,162.12,162.18,159.67,159.88,2390.78
1717992000000,159.88,160.55,157.47,157.66,4173.11
1718006400000,157.66,160.19,157.54,159.46,4035.65
1718020800000,159.46,163.18,157.71,162.38,7620.8
1718035200000,162.38,162.91,160.06,160.41,5969.65
1718049600000,160.41,160.66,158.3,159.04,5473.13
1718064000000,159.04,159.73,154.87,156.08,11080.02
1718078400000,156.08,156.18,152.47,153.39,10110.25
1718092800000,153.39,155.29,152.75,153.88,7236.15
1718107200000,153.88,154.54,146.36,147.67,17108.3
1718121600000,147.67,149.75,145.21,149.22,12340.12
1718136000000,149.22,150.27,148.08,149.3,5433.87
1718150400000,149.3,149.87,145.46,149.65,7175.01
1718164800000,149.65,151.98,149.59,151.78,4857.82
1718179200000,151.78,153.55,150.97,151.75,6539.32
1718193600000,151.75,161.8,151.65,158.84,21168.83
1718208000000,158.84,159.8,151.17,153.34,21728.38
1718222400000,153.34,155.62,152.81,155.22,5529.14
1718236800000,155.22,155.22,149.66,151.56,8303.3
1718251200000,151.56,152.84,150.8,152.09,4033.65
1718265600000,152.09,152.44,149.08,149.63,6402.37
1718280000000,149.63,152.12,146.14,146.87,11167.72
1718294400000,146.87,148.93,146.24,147.74,6453.41
1718308800000,147.74,148.4,146.05,147.28,6024.72
1718323200000,147.28,148.51,145.9,147.5,5837.23
1718337600000,147.5,148.88,146.81,147.62,5407.24
1718352000000,147.62,148.75,147.19,148.09,4680.06
1718366400000,148.09,148.99,143.0,143.78,11679.6
1718380800000,143.78,144.07,139.68,141.8,17914.22
1718395200000,141.8,145.13,141.44,143.05,6216.32
1718409600000,143.05,144.94,142.93,144.93,3586.23
1718424000000,144.93,145.56,143.65,143.79,5117.22
1718438400000,143.79,144.64,143.02,144.5,2899.08
1718452800000,144.5,145.42,144.03,145.19,3619.37
1718467200000,145.19,145.78,144.12,144.66,3288.28
1718481600000,144.66,145.68,143.87,145.51,2561.15
1718496000000,145.51,145.58,143.89,144.0,2083.44
1718510400000,144.0,145.27,143.08,144.5,3636.01
1718524800000,144.5,145.73,143.83,145.0,2512.02
1718539200000,145.0,148.8,144.81,148.53,6402.08
1718553600000,148.53,149.35,147.61,148.78,4238.7
1718568000000,148.78,151.34,148.39,151.3,5200.39
1718582400000,151.3,151.78,147.09,147.35,5830.14
1718596800000,147.35,149.22,145.81,146.62,8136.42
1718611200000,146.62,147.27,141.67,143.94,10404.9
1718625600000,143.94,144.64,140.78,141.24,9586.4
1718640000000,141.24,146.81,139.86,144.56,12973.44
1718654400000,144.56,144.67,141.45,143.28,7090.87
1718668800000,143.28,143.81,127.97,135.62,41583.81
1718683200000,135.62,137.86,134.76,136.71,10725.48
1718697600000,136.71,138.84,135.61,137.16,10705.75
1718712000000,137.16,137.85,132.88,136.03,19002.98
1718726400000,136.03,136.15,130.42,133.13,10852.05
1718740800000,133.13,138.47,132.04,137.41,13237.94
1718755200000,137.41,141.49,136.1,140.16,12633.16
1718769600000,140.16,141.89,139.5,139.99,8730.14
1718784000000,139.99,140.27,137.01,137.96,7805.17
1718798400000,137.96,138.87,135.53,136.93,6420.55
1718812800000,136.93,139.03,135.63,136.66,10412.16
1718827200000,136.66,136.82,134.48,135.62,8834.96
1718841600000,135.62,137.24,132.61,133.06,8567.93
1718856000000,133.06,138.11,132.54,137.18,11390.53
1718870400000,137.18,141.29,136.43,139.34,9930.9
1718884800000,139.34,139.73,132.56,133.24,12541.91
1718899200000,133.24,135.82,131.91,134.25,7637.57
1718913600000,134.25,134.9,133.43,133.54,4624.9
1718928000000,133.54,134.83,131.72,132.68,7446.96
1718942400000,132.68,133.34,130.66,131.44,7282.7
1718956800000,131.44,132.79,129.69,132.09,8351.19
1718971200000,132.09,133.75,129.41,131.41,11714.15
1718985600000,131.41,133.94,128.76,132.64,8873.7
1719000000000,132.64,135.37,131.94,134.6,6711.26
1719014400000,134.6,135.27,133.01,135.07,4274.0
1719028800000,135.07,136.73,134.53,134.85,6063.08
1719043200000,134.85,134.93,133.73,134.51,3592.32
1719057600000,134.51,134.78,133.91,134.25,3106.41
1719072000000,134.25,134.99,133.92,134.47,2598.97
1719086400000,134.47,134.62,133.16,133.69,1913.19
1719100800000,133.69,135.08,133.59,134.76,3296.74
1719115200000,134.76,134.99,134.23,134.72,1598.98
1719129600000,134.72,134.83,133.49,134.03,2526.08
1719144000000,134.03,134.39,131.44,131.57,4018.52
1719158400000,131.57,132.51,130.43,131.46,4351.29
1719172800000,131.46,131.53,128.23,128.69,8155.78
1719187200000,128.69,129.78,126.01,126.22,10031.36
1719201600000,126.22,126.68,123.22,125.2,15191.07
1719216000000,125.2,127.47,122.01,127.06,18756.32
1719230400000,127.06,129.84,125.66,126.32,13593.55
1719244800000,126.32,130.38,125.85,127.52,16586.12
1719259200000,127.52,132.65,125.15,132.34,13623.68
1719273600000,132.34,136.56,131.21,135.79,10285.95
1719288000000,135.79,136.84,134.71,134.81,9784.36
1719302400000,134.81,139.15,133.49,137.81,12308.72
1719316800000,137.81,139.89,136.5,139.43,12056.09
1719331200000,139.43,139.59,137.03,138.76,8780.28
1719345600000,138.76,139.0,135.93,136.57,6058.56
1719360000000,136.57,140.4,136.14,138.44,8548.15
1719374400000,138.44,138.79,136.33,137.94,6682.12
1719388800000,137.94,138.17,136.04,137.31,5277.75
1719403200000,137.31,139.48,136.08,136.88,7699.22
1719417600000,136.88,137.83,134.85,137.76,6857.59
1719432000000,137.76,138.45,136.27,136.81,4499.13
1719446400000,136.81,137.93,135.62,137.51,4393.67
1719460800000,137.51,137.72,135.21,135.91,4166.8
1719475200000,135.91,139.47,135.54,139.06,7198.96
1719489600000,139.06,151.2,138.53,147.76,41567.77
1719504000000,147.76,149.43,146.61,148.46,7756.33
1719518400000,148.46,150.46,148.07,149.71,5096.21
1719532800000,149.71,150.77,146.59,147.54,8255.04
1719547200000,147.54,147.59,143.8,145.37,7338.95
1719561600000,145.37,146.19,144.78,145.5,4484.14
1719576000000,145.5,146.87,140.89,143.23,16882.55
1719590400000,143.23,143.92,140.16,140.98,10350.61
1719604800000,140.98,141.63,139.02,140.03,5595.0
1719619200000,140.03,142.6,139.97,141.78,4810.2
1719633600000,141.78,142.51,140.14,142.0,4293.49
1719648000000,142.0,143.21,141.5,142.66,4582.02
1719662400000,142.66,143.0,141.33,142.67,3710.24
1719676800000,142.67,142.8,140.91,141.72,2307.7
1719691200000,141.72,141.81,139.68,140.26,2953.85
1719705600000,140.26,141.08,138.16,138.3,4816.64
1719720000000,138.3,141.11,137.14,140.65,6482.66
1719734400000,140.65,141.78,140.35,141.18,4316.94
1719748800000,141.18,143.99,140.59,143.82,5401.98
1719763200000,143.82,145.86,142.76,144.81,5724.17
1719777600000,144.81,147.61,143.89,146.62,7261.88
1719792000000,146.62,149.13,145.98,147.62,7945.72
1719806400000,147.62,148.71,147.18,148.29,4354.52
1719820800000,148.29,149.08,145.88,146.13,7068.44
1719835200000,146.13,148.71,146.04,148.51,8392.69
1719849600000,148.51,149.35,146.6,147.34,6770.36
1719864000000,147.34,148.24,146.01,146.67,3518.62
1719878400000,146.67,149.9,146.14,149.16,4726.73
1719892800000,149.16,149.91,146.98,147.44,5978.58
1719907200000,147.44,150.09,146.89,149.69,5761.25
1719921600000,149.69,151.86,147.23,148.4,11609.61
1719936000000,148.4,153.71,147.66,152.78,10660.01
1719950400000,152.78,155.0,152.34,154.0,6771.65
1719964800000,154.0,154.48,149.22,150.56,10815.53
1719979200000,150.56,150.56,146.4,146.4,10942.53
1719993600000,146.4,147.27,142.78,144.06,13531.58
1720008000000,144.06,144.33,140.94,141.69,13232.51
1720022400000,141.69,143.22,139.16,140.45,10255.98
1720036800000,140.45,142.04,139.14,140.84,8913.93
1720051200000,140.84,142.74,132.31,137.07,23728.08
1720065600000,137.07,137.34,133.82,134.38,7786.04
1720080000000,134.38,135.95,132.3,132.74,12917.0
1720094400000,132.74,135.94,129.61,135.39,20037.79
1720108800000,135.39,135.97,133.67,133.99,8183.67
1720123200000,133.99,135.65,127.21,127.87,11851.74
1720137600000,127.87,129.16,121.02,123.67,35862.9
1720152000000,123.67,127.68,121.08,126.75,24024.23
1720166400000,126.75,130.84,122.09,130.12,21897.23
1720180800000,130.12,134.98,128.36,134.94,22118.39
1720195200000,134.94,136.52,133.72,134.99,11900.23
1720209600000,134.99,135.77,133.96,134.31,4699.8
1720224000000,134.31,137.82,132.34,134.44,8640.85
1720238400000,134.44,137.37,133.56,136.94,5836.96
1720252800000,136.94,140.61,136.45,138.75,11218.91
1720267200000,138.75,142.15,137.81,141.82,10303.21
1720281600000,141.82,143.53,140.74,142.82,6876.46
1720296000000,142.82,144.32,142.19,143.05,5600.18
1720310400000,143.05,143.32,140.32,142.12,6559.79
1720324800000,142.12,142.12,138.07,139.1,6437.84
1720339200000,139.1,140.67,138.76,139.88,3087.05
1720353600000,139.88,140.79,135.58,137.07,7080.44
1720368000000,137.07,139.59,136.77,137.32,3563.75
1720382400000,137.32,137.85,131.24,131.64,6881.12
1720396800000,131.64,132.96,127.78,130.74,14566.21
1720411200000,130.74,133.98,129.89,132.59,7182.61
1720425600000,132.59,141.88,132.35,140.6,18472.84
1720440000000,140.6,141.96,133.53,137.43,19010.62
1720454400000,137.43,138.6,135.06,138.29,6306.46
1720468800000,138.29,141.0,137.33,139.81,6635.65
1720483200000,139.81,141.19,136.46,140.44,7998.77
1720497600000,140.44,143.41,140.1,142.12,8374.52
1720512000000,142.12,144.32,140.27,141.93,8631.0
1720526400000,141.93,143.07,138.62,140.53,6956.97
1720540800000,140.53,143.11,140.09,142.12,5455.87
1720555200000,142.12,143.52,140.86,141.43,3674.89
1720569600000,141.43,141.8,138.6,141.74,4812.54
1720584000000,141.74,146.18,141.69,144.16,9614.34
1720598400000,144.16,144.49,142.28,142.79,6287.69
1720612800000,142.79,143.16,139.98,141.18,15925.98
1720627200000,141.18,142.64,140.32,141.07,4473.75
1720641600000,141.07,142.46,140.21,141.99,3345.78
1720656000000,141.99,143.23,139.09,140.31,7181.94
1720670400000,140.31,142.52,140.11,142.09,5667.99
1720684800000,142.09,143.97,142.09,143.53,6966.66
1720699200000,143.53,146.06,137.69,138.41,20786.67
1720713600000,138.41,139.0,136.41,136.58,10254.61
1720728000000,136.58,137.58,135.65,135.72,10369.43
1720742400000,135.72,138.19,134.06,136.53,11525.8
1720756800000,136.53,137.06,134.53,135.41,7987.16
1720771200000,135.41,135.92,133.97,135.66,10508.87
1720785600000,135.66,139.33,135.45,138.85,13547.68
1720800000000,138.85,140.55,137.73,138.49,15637.61
1720814400000,138.49,139.52,136.66,139.47,4199.64
1720828800000,139.47,139.94,138.29,138.76,3504.94
1720843200000,138.76,139.49,137.95,139.37,2978.43
1720857600000,139.37,140.93,138.44,140.12,5224.39
1720872000000,140.12,140.59,139.28,140.37,4787.16
1720886400000,140.37,140.82,139.22,139.82,3714.57
1720900800000,139.82,143.59,139.11,141.9,7756.69
1720915200000,141.9,145.17,141.88,143.96,12468.0
1720929600000,143.96,145.96,143.89,144.78,9011.5
1720944000000,144.78,146.97,144.72,144.88,12548.52
1720958400000,144.88,146.03,143.44,145.9,9203.71
1720972800000,145.9,145.97,144.61,145.22,3959.94
1720987200000,145.22,148.55,145.09,147.69,9301.93
1721001600000,147.69,152.09,147.01,151.4,13340.4
1721016000000,151.4,154.11,150.73,153.25,10616.03
1721030400000,153.25,154.08,150.96,151.65,11508.75
1721044800000,151.65,154.23,151.63,152.94,9821.18
1721059200000,152.94,156.99,152.54,155.34,16480.56
1721073600000,155.34,159.94,155.22,159.38,12991.43
1721088000000,159.38,160.14,156.14,157.88,15579.89
1721102400000,157.88,158.8,153.7,154.49,16873.01
1721116800000,154.49,157.62,152.58,157.31,12527.18
1721131200000,157.31,161.56,154.48,160.97,37621.62
1721145600000,160.97,162.48,158.94,161.94,63501.57
1721160000000,161.94,162.02,159.07,160.63,31736.6
1721174400000,160.63,163.79,160.05,160.93,42167.0
1721188800000,160.93,162.56,160.08,160.59,28161.02
1721203200000,160.59,163.6,159.54,160.84,50414.02
1721217600000,160.84,162.1,157.83,158.07,48546.92
1721232000000,158.07,158.31,154.68,156.82,54578.07
1721246400000,156.82,157.27,154.88,155.49,22753.05
1721260800000,155.49,159.92,155.49,158.92,36132.93
1721275200000,158.92,160.0,157.07,158.66,28874.35
1721289600000,158.66,159.86,158.17,159.43,24575.53
1721304000000,159.43,161.59,156.03,156.38,65237.88
1721318400000,156.38,157.7,155.14,156.96,44132.68
1721332800000,156.96,160.33,156.37,159.22,22192.74
1721347200000,159.22,161.99,156.18,161.84,40905.43
1721361600000,161.84,165.61,160.67,161.43,75396.43
1721376000000,161.43,163.56,159.21,162.66,58079.07
1721390400000,162.66,169.06,162.28,168.79,101206.04
1721404800000,168.79,172.4,168.28,170.47,89749.83
1721419200000,170.47,170.53,167.94,169.12,24769.77
1721433600000,169.12,171.79,168.27,169.56,27587.78
1721448000000,169.56,170.38,168.51,168.56,19275.08
1721462400000,168.56,169.83,167.66,168.03,17763.62
1721476800000,168.03,169.73,167.28,169.28,21507.95
1721491200000,169.28,174.56,168.88,172.41,58425.58
1721505600000,172.41,175.09,172.41,173.6,28775.97
1721520000000,173.6,175.5,172.78,173.13,23508.91
1721534400000,173.13,173.79,170.98,171.32,24321.21
1721548800000,171.32,172.99,171.25,172.88,16787.32
1721563200000,172.88,176.64,171.37,175.4,53577.09
1721577600000,175.4,178.14,170.44,177.99,101043.78
1721592000000,177.99,185.15,177.43,184.5,96457.34
1721606400000,184.5,184.98,180.76,180.95,41742.5
1721620800000,180.95,181.8,177.66,178.38,44833.11
1721635200000,178.38,180.97,176.73,180.59,51913.42
1721649600000,180.59,181.85,177.01,179.86,67238.42
1721664000000,179.86,182.99,178.62,182.84,37252.14
1721678400000,182.84,183.38,177.12,178.9,43433.34
1721692800000,178.9,180.53,177.15,179.1,27731.94
1721707200000,179.1,179.1,173.76,176.03,60284.53
1721721600000,176.03,178.73,174.12,175.62,59399.68
1721736000000,175.62,178.38,172.19,176.53,77775.17
1721750400000,176.53,176.99,170.51,172.02,73264.13
1721764800000,172.02,174.72,171.17,173.03,28758.63
1721779200000,173.03,174.48,170.98,173.65,33528.82
1721793600000,173.65,174.58,172.22,174.26,31541.47
1721808000000,174.26,178.51,173.67,177.77,49618.02
1721822400000,177.77,182.0,176.22,177.76,83195.14
1721836800000,177.76,182.47,176.45,178.19,85866.56
1721851200000,178.19,180.29,175.58,178.07,46318.88
1721865600000,178.07,179.59,168.25,170.56,122135.59
1721880000000,170.56,172.97,169.29,169.4,47738.93
1721894400000,169.4,171.27,167.07,168.81,51654.76
1721908800000,168.81,172.04,165.72,170.44,81062.63
1721923200000,170.44,172.49,166.66,168.12,60533.27
1721937600000,168.12,172.89,165.44,171.85,52551.42
1721952000000,171.85,176.93,171.69,175.74,66817.82
1721966400000,175.74,177.77,175.61,176.75,34031.29
1721980800000,176.75,180.05,176.75,178.79,33644.69
1721995200000,178.79,183.55,177.5,181.53,64579.9
1722009600000,181.53,182.96,180.72,182.22,26040.54
1722024000000,182.22,183.68,181.12,183.06,20543.44
1722038400000,183.06,184.28,181.33,182.66,20858.94
1722052800000,182.66,186.22,182.53,185.84,31821.26
1722067200000,185.84,187.35,184.3,185.4,35835.34
1722081600000,185.4,188.3,181.55,182.54,71723.93
1722096000000,182.54,183.31,179.49,181.47,50081.7
1722110400000,181.47,186.8,178.13,183.92,84066.28
1722124800000,183.92,186.67,182.4,184.31,29132.98
1722139200000,184.31,184.86,181.17,183.84,26211.15
1722153600000,183.84,185.86,183.02,185.24,25257.14
1722168000000,185.24,186.59,183.79,184.12,41497.89
1722182400000,184.12,185.58,183.14,184.77,19682.08
1722196800000,184.77,185.39,182.62,184.91,18136.25
1722211200000,184.91,193.35,184.41,192.25,82695.05
1722225600000,192.25,193.97,190.0,192.33,46569.31
1722240000000,192.33,192.4,190.33,190.84,28369.02
1722254400000,190.84,193.13,185.66,186.96,73058.56
1722268800000,186.96,187.48,184.21,186.84,53380.99
1722283200000,186.84,186.88,181.58,182.56,40254.02
1722297600000,182.56,183.85,179.31,182.59,55747.35
1722312000000,182.59,184.78,181.26,182.38,40538.03
1722326400000,182.38,182.88,180.08,181.01,25994.47
1722340800000,181.01,182.66,178.71,181.01,55394.49
1722355200000,181.01,181.58,176.28,177.96,44415.42
1722369600000,177.96,179.93,175.42,179.14,32219.6
1722384000000,179.14,181.69,178.09,180.99,24244.37
1722398400000,180.99,183.88,178.11,183.12,40063.29
1722412800000,183.12,184.55,181.36,181.72,30843.06
1722427200000,181.72,184.26,179.74,180.07,48241.84
1722441600000,180.07,182.68,175.16,176.57,58334.74
1722456000000,176.57,176.99,171.62,171.72,63647.73
1722470400000,171.72,172.9,168.54,168.63,60125.22
1722484800000,168.63,169.73,166.04,168.22,67202.16
1722499200000,168.22,169.93,168.02,169.69,42354.24
1722513600000,169.69,171.45,161.31,162.68,108064.06
1722528000000,162.68,162.9,157.93,162.44,107432.25
1722542400000,162.44,168.46,161.21,167.37,69664.8
1722556800000,167.37,169.42,161.56,164.31,48644.57
1722571200000,164.31,165.31,159.06,161.44,49923.23
1722585600000,161.44,165.41,160.42,164.39,47617.96
1722600000000,164.39,167.64,152.86,156.75,155786.03
1722614400000,156.75,157.45,150.05,151.29,75427.03
1722628800000,151.29,155.04,150.01,152.78,87009.19
1722643200000,152.78,154.02,148.71,153.54,83856.92
1722657600000,153.54,153.56,151.19,151.64,41317.79
1722672000000,151.64,152.57,148.36,152.41,53674.37
1722686400000,152.41,153.58,146.05,146.21,71441.91
1722700800000,146.21,147.6,140.01,140.41,136890.77
1722715200000,140.41,143.94,140.07,142.53,63951.06
1722729600000,142.53,146.06,141.87,144.34,53651.92
1722744000000,144.34,144.47,140.6,140.84,36944.38
1722758400000,140.84,144.51,139.6,143.5,47732.14
1722772800000,143.5,145.11,135.01,135.15,116205.48
1722787200000,135.15,142.97,131.35,142.01,241439.41
1722801600000,142.01,143.87,137.36,138.29,81809.04
1722816000000,138.29,139.35,122.0,126.09,407987.39
1722830400000,126.09,130.09,110.01,122.92,605362.73
1722844800000,122.92,123.89,110.56,115.97,242760.64
1722859200000,115.97,132.6,110.08,130.44,459735.9
1722873600000,130.44,135.4,126.79,128.75,192513.6
1722888000000,128.75,135.05,128.34,129.78,97913.42
1722902400000,129.78,141.08,129.41,138.62,140632.0
1722916800000,138.62,143.97,137.53,142.0,94745.48
1722931200000,142.0,142.1,136.42,139.47,111775.06
1722945600000,139.47,146.35,136.16,145.91,164748.94
1722960000000,145.91,148.4,144.99,146.35,96813.62
1722974400000,146.35,149.57,143.28,144.4,87723.94
1722988800000,144.4,151.72,142.36,151.63,128849.14
1723003200000,151.63,154.99,150.53,152.41,116645.6
1723017600000,152.41,154.89,150.77,151.64,91855.98
1723032000000,151.64,154.49,146.32,148.46,175896.76
1723046400000,148.46,149.41,142.36,143.14,105572.29
1723060800000,143.14,147.52,142.38,144.76,82330.75
1723075200000,144.76,156.29,141.42,153.09,140173.58
1723089600000,153.09,155.51,151.48,153.65,66038.7
1723104000000,153.65,155.7,153.0,154.12,52594.43
1723118400000,154.12,160.66,152.59,160.58,159297.63
1723132800000,160.58,162.79,155.19,155.81,92708.48
1723147200000,155.81,163.65,155.37,163.15,102643.91
1723161600000,163.15,163.54,158.26,158.95,66488.94
1723176000000,158.95,159.11,155.72,157.91,50239.26
1723190400000,157.91,159.68,155.39,156.62,41235.98
1723204800000,156.62,157.36,151.15,151.15,88140.72
1723219200000,151.15,154.24,150.8,153.59,41777.86
1723233600000,153.59,157.34,151.51,156.26,54449.25
1723248000000,156.26,158.74,153.28,154.16,45785.33
1723262400000,154.16,155.43,152.64,155.43,21554.69
1723276800000,155.43,155.89,153.61,154.85,23917.21
1723291200000,154.85,155.22,152.81,153.97,30615.42
1723305600000,153.97,155.35,153.01,154.51,28395.3
1723320000000,154.51,155.14,153.66,154.01,13390.07
1723334400000,154.01,156.98,153.66,155.69,26361.66
1723348800000,155.69,156.85,154.81,156.69,20330.12
1723363200000,156.69,157.99,153.04,153.66,36648.77
1723377600000,153.66,153.79,148.05,148.72,72607.3
1723392000000,148.72,149.74,145.64,145.77,47899.16
1723406400000,145.77,145.84,141.2,141.56,87737.16
1723420800000,141.56,144.83,141.21,143.91,53671.39
1723435200000,143.91,146.74,142.22,145.91,54384.4
1723449600000,145.91,150.78,143.58,150.26,94175.7
1723464000000,150.26,150.53,143.04,147.59,120816.19
1723478400000,147.59,148.21,142.96,143.75,47272.39
1723492800000,143.75,147.49,141.85,146.28,46130.15
1723507200000,146.28,147.32,142.94,143.66,48231.95
1723521600000,143.66,147.04,143.0,145.99,28445.08
1723536000000,145.99,146.37,143.26,145.86,37402.64
1723550400000,145.86,147.66,144.67,146.07,47660.72
1723564800000,146.07,149.8,144.88,146.56,60101.91
1723579200000,146.56,147.88,145.72,146.65,21876.91
1723593600000,146.65,147.26,143.58,145.13,38449.81
1723608000000,145.13,145.73,144.17,145.73,27525.43
1723622400000,145.73,149.03,144.84,148.02,40594.56
1723636800000,148.02,152.12,144.62,146.69,141939.09
1723651200000,146.69,147.24,143.77,144.25,45726.45
1723665600000,144.25,144.69,142.41,143.71,25700.89
1723680000000,143.71,145.4,143.18,144.71,29931.9
1723694400000,144.71,144.88,141.09,142.5,40390.04
1723708800000,142.5,143.51,141.3,143.13,31890.45
1723723200000,143.13,146.5,142.1,145.96,71220.28
1723737600000,145.96,147.6,137.82,140.02,114016.13
1723752000000,140.02,144.85,138.72,142.57,60299.94
1723766400000,142.57,144.42,140.75,141.99,46117.3
1723780800000,141.99,144.81,141.61,144.53,33370.05
1723795200000,144.53,144.87,141.81,141.98,39031.32
1723809600000,141.98,142.62,136.34,137.93,97727.46
1723824000000,137.93,141.44,136.12,140.89,93984.47
1723838400000,140.89,141.91,139.01,139.03,27406.93
1723852800000,139.03,140.29,137.64,138.88,28440.16
1723867200000,138.88,139.72,138.63,139.46,12905.16
1723881600000,139.46,140.16,138.13,139.13,23052.37
1723896000000,139.13,141.71,138.94,140.18,45572.42
1723910400000,140.18,141.64,140.11,141.09,19116.57
1723924800000,141.09,141.98,140.69,141.93,12037.86
1723939200000,141.93,143.3,141.02,141.16,29050.66
1723953600000,141.16,141.99,140.58,141.56,13366.79
1723968000000,141.56,147.29,141.31,144.62,51540.07
1723982400000,144.62,146.68,144.01,145.8,46357.54
1723996800000,145.8,146.6,144.32,146.45,27127.65
1724011200000,146.45,147.06,142.32,142.43,29250.71
1724025600000,142.43,143.46,141.61,143.23,36677.81
1724040000000,143.23,143.5,141.92,142.31,30051.62
1724054400000,142.31,143.32,140.35,142.32,40186.75
1724068800000,142.32,144.65,141.68,143.87,51441.28
1724083200000,143.87,146.18,142.61,142.95,46322.06
1724097600000,142.95,144.54,142.76,144.28,33804.24
1724112000000,144.28,147.87,143.45,145.57,48183.43
1724126400000,145.57,148.78,145.41,147.47,47328.58
1724140800000,147.47,147.7,145.18,145.41,33904.74
1724155200000,145.41,146.42,141.01,142.16,70854.87
1724169600000,142.16,144.29,141.67,144.0,31044.77
1724184000000,144.0,144.5,142.23,142.26,22407.15
1724198400000,142.26,143.1,141.58,142.53,20101.85
1724212800000,142.53,143.82,142.24,143.17,18198.29
1724227200000,143.17,143.54,140.97,141.31,28043.83
1724241600000,141.31,142.48,138.83,140.33,64579.87
1724256000000,140.33,143.65,139.68,143.44,41216.07
1724270400000,143.44,144.35,142.1,142.78,38026.69
1724284800000,142.78,143.24,140.64,141.72,30364.16
1724299200000,141.72,143.65,141.44,143.34,18110.93
1724313600000,143.34,144.79,142.65,144.56,33825.39
1724328000000,144.56,144.86,142.03,142.63,38810.37
1724342400000,142.63,143.59,142.41,142.73,16507.21
1724356800000,142.73,143.73,142.69,143.22,14634.26
1724371200000,143.22,145.71,143.18,144.48,32299.32
1724385600000,144.48,145.92,144.39,145.15,24514.08
1724400000000,145.15,145.49,143.41,143.5,21546.95
1724414400000,143.5,147.09,142.71,144.4,67012.28
1724428800000,144.4,150.19,144.08,149.72,94485.21
1724443200000,149.72,154.03,149.68,153.26,75070.39
1724457600000,153.26,154.6,151.98,153.24,56935.48
1724472000000,153.24,155.38,153.16,154.62,39212.08
1724486400000,154.62,158.73,154.34,157.34,55307.63
1724500800000,157.34,159.77,157.02,159.46,39459.83
1724515200000,159.46,162.3,159.32,160.57,72145.15
1724529600000,160.57,161.15,157.29,160.67,48678.36
1724544000000,160.67,160.72,157.38,158.26,37514.64
1724558400000,158.26,159.04,155.26,156.12,42035.07
1724572800000,156.12,157.93,155.81,157.28,29998.05
1724587200000,157.28,159.92,156.93,159.35,36222.68
1724601600000,159.35,160.31,158.49,159.11,27136.59
1724616000000,159.11,161.98,158.44,158.93,40597.52
1724630400000,158.93,160.16,157.42,160.12,29538.09
1724644800000,160.12,161.11,158.35,159.12,32125.27
1724659200000,159.12,161.99,158.51,160.38,44339.87
1724673600000,160.38,161.69,155.96,157.63,77223.58
1724688000000,157.63,159.35,155.56,158.0,52261.97
1724702400000,158.0,159.28,156.41,157.12,32833.16
1724716800000,157.12,158.99,157.04,158.53,24742.54
1724731200000,158.53,159.68,157.34,157.72,29110.18
1724745600000,157.72,158.02,153.35,154.25,52513.57
1724760000000,154.25,155.8,152.78,153.75,59468.39
1724774400000,153.75,155.54,153.26,154.97,32009.17
1724788800000,154.97,155.05,145.07,146.77,105498.69
1724803200000,146.77,148.31,145.38,148.16,40218.54
1724817600000,148.16,148.78,143.79,143.97,55049.32
1724832000000,143.97,148.03,142.77,147.16,64466.26
1724846400000,147.16,148.51,143.23,144.11,65713.85
1724860800000,144.11,145.62,140.59,144.28,85899.71
1724875200000,144.28,146.33,141.61,143.91,39419.24
1724889600000,143.91,145.0,142.98,143.3,24912.5
1724904000000,143.3,145.36,143.17,144.69,34079.36
1724918400000,144.69,146.84,144.39,145.66,33423.45
1724932800000,145.66,147.32,144.74,146.07,46752.69
1724947200000,146.07,146.79,138.59,140.28,72014.23
1724961600000,140.28,141.39,138.06,140.0,35466.09
1724976000000,140.0,141.1,138.43,138.75,32856.13
1724990400000,138.75,139.91,137.27,139.03,44912.78
1725004800000,139.03,140.05,138.4,138.66,26620.44
1725019200000,138.66,140.73,132.51,133.32,110533.7
1725033600000,133.32,137.9,132.13,136.0,89118.68
1725048000000,136.0,138.48,135.66,138.0,27507.58
1725062400000,138.0,139.22,137.51,138.29,22052.07
1725076800000,138.29,138.77,137.41,137.59,11102.55
1725091200000,137.59,137.85,135.8,136.99,25002.28
1725105600000,136.99,137.28,135.59,136.62,15359.12
1725120000000,136.62,136.69,134.6,134.97,15549.0
1725134400000,134.97,136.29,134.52,135.34,15062.9
1725148800000,135.34,135.61,132.89,134.07,23417.75
1725163200000,134.07,134.08,131.1,132.81,33468.86
1725177600000,132.81,132.82,130.19,131.91,36589.52
1725192000000,131.91,134.86,130.06,134.28,43885.65
1725206400000,134.28,135.91,131.89,135.24,30683.41
1725220800000,135.24,136.13,127.77,128.51,76834.63
1725235200000,128.51,130.69,128.28,130.21,48034.34
1725249600000,130.21,130.37,126.93,127.66,54278.93
1725264000000,127.66,132.92,127.26,131.82,66073.49
1725278400000,131.82,133.44,130.01,132.53,42807.97
1725292800000,132.53,133.86,131.72,133.05,24071.94
1725307200000,133.05,135.38,132.82,134.95,29166.75
1725321600000,134.95,137.49,134.22,135.51,34665.39
1725336000000,135.51,135.88,133.54,134.6,28216.51
1725350400000,134.6,134.63,132.78,134.35,23089.55
1725364800000,134.35,135.49,129.34,129.81,55902.94
1725379200000,129.81,132.2,129.32,130.96,30561.57
1725393600000,130.96,131.6,127.16,127.53,46063.54
1725408000000,127.53,128.88,122.62,127.71,100518.52
1725422400000,127.71,131.43,126.58,130.3,43558.69
1725436800000,130.3,130.7,128.12,128.44,33400.91
1725451200000,128.44,134.13,127.89,133.82,86211.94
1725465600000,133.82,134.94,132.59,133.19,39504.14
1725480000000,133.19,134.66,132.89,133.63,17126.89
1725494400000,133.63,134.37,131.29,131.6,24452.26
1725508800000,131.6,134.26,130.85,133.09,31915.26
1725523200000,133.09,133.81,131.7,132.84,26994.96
1725537600000,132.84,135.55,130.17,130.61,75605.18
1725552000000,130.61,131.13,127.91,128.44,51206.53
1725566400000,128.44,129.9,128.18,129.41,20980.73
1725580800000,129.41,131.56,128.67,130.71,24961.41
1725595200000,130.71,131.17,127.43,128.09,30699.42
1725609600000,128.09,131.06,128.02,130.25,32686.49
1725624000000,130.25,134.28,126.87,128.09,128108.22
1725638400000,128.09,128.32,123.94,125.14,109046.26
1725652800000,125.14,125.99,120.4,125.05,123569.61
1725667200000,125.05,125.73,124.13,125.17,22092.23
1725681600000,125.17,128.49,125.1,127.61,48537.62
1725696000000,127.61,127.79,126.7,127.0,21412.6
1725710400000,127.0,129.47,126.9,128.85,30616.51
1725724800000,128.85,129.17,126.27,128.33,36358.18
1725739200000,128.33,128.43,126.44,127.72,15789.17
1725753600000,127.72,128.5,126.91,128.27,15211.04
1725768000000,128.27,130.12,127.86,129.6,22720.67
1725782400000,129.6,130.96,129.2,130.07,33933.31
1725796800000,130.07,130.26,126.61,126.75,40351.76
1725811200000,126.75,129.33,126.64,128.71,21327.54
1725825600000,128.71,131.69,128.35,130.14,32584.36
1725840000000,130.14,131.01,127.94,128.59,33724.85
1725854400000,128.59,129.39,127.53,129.31,20992.8
1725868800000,129.31,131.0,129.21,129.44,36329.67
1725883200000,129.44,130.2,126.97,128.38,58195.3
1725897600000,128.38,134.99,128.26,134.99,111273.33
1725912000000,134.99,137.08,133.73,135.07,53943.0
1725926400000,135.07,135.19,132.8,132.91,26552.56
1725940800000,132.91,135.27,132.52,134.99,22004.49
1725955200000,134.99,135.47,134.03,135.23,25044.38
1725969600000,135.23,136.39,133.37,134.14,47768.45
1725984000000,134.14,137.99,133.78,136.66,49776.53
1725998400000,136.66,136.78,135.17,135.63,21850.29
1726012800000,135.63,135.9,133.31,133.64,37902.63
1726027200000,133.64,133.64,131.1,132.45,45900.91
1726041600000,132.45,132.45,130.37,131.99,27844.63
1726056000000,131.99,133.33,128.21,131.16,81932.78
1726070400000,131.16,133.56,131.1,132.72,51132.49
1726084800000,132.72,133.1,132.02,132.43,17096.99
1726099200000,132.43,135.99,132.38,135.62,43598.43
1726113600000,135.62,136.24,134.31,134.9,23953.23
1726128000000,134.9,135.38,134.22,134.79,19506.22
1726142400000,134.79,136.77,133.43,133.56,48713.47
1726156800000,133.56,135.75,133.5,135.72,33974.51
1726171200000,135.72,136.71,135.08,136.06,20727.65
1726185600000,136.06,136.2,134.37,134.44,17623.35
1726200000000,134.44,134.84,133.74,134.59,16650.33
1726214400000,134.59,134.66,132.51,132.59,28802.66
1726228800000,132.59,136.68,131.71,136.59,69630.54
1726243200000,136.59,138.2,135.97,138.04,59363.41
1726257600000,138.04,139.79,137.93,139.03,37169.16
1726272000000,139.03,139.78,138.5,139.43,22604.65
1726286400000,139.43,139.54,137.4,137.5,26958.64
1726300800000,137.5,137.57,136.52,136.79,20670.79
1726315200000,136.79,138.13,136.57,137.38,18334.24
1726329600000,137.38,137.86,135.6,136.57,20496.4
1726344000000,136.57,137.34,136.57,137.15,10480.51
1726358400000,137.15,137.94,137.06,137.45,11680.13
1726372800000,137.45,137.57,136.83,137.16,11428.53
1726387200000,137.16,137.19,135.2,135.62,20577.31
1726401600000,135.62,136.39,134.67,135.76,29207.72
1726416000000,135.76,135.82,132.96,133.46,48357.36
1726430400000,133.46,133.49,130.44,131.38,37654.98
1726444800000,131.38,131.84,129.26,130.62,38989.94
1726459200000,130.62,131.42,130.41,131.25,19540.56
1726473600000,131.25,132.39,130.69,131.88,23200.03
1726488000000,131.88,132.37,129.97,131.46,39863.93
1726502400000,131.46,131.78,128.95,131.11,61453.55
1726516800000,131.11,131.91,129.96,131.47,18734.36
1726531200000,131.47,131.95,130.3,131.12,18189.54
1726545600000,131.12,132.84,130.73,132.25,15225.68
1726560000000,132.25,133.34,131.76,131.96,24180.03
1726574400000,131.96,135.54,130.93,134.66,48168.43
1726588800000,134.66,134.93,131.06,132.22,37911.84
1726603200000,132.22,132.71,131.21,131.53,14444.05
1726617600000,131.53,132.13,130.23,131.69,17955.76
1726632000000,131.69,131.84,130.61,131.34,19063.95
1726646400000,131.34,131.35,128.12,129.41,30367.5
1726660800000,129.41,130.34,127.12,127.67,42492.42
1726675200000,127.67,133.05,127.25,129.46,71796.19
1726689600000,129.46,134.41,128.47,134.34,31866.35
1726704000000,134.34,138.66,134.28,138.0,63667.26
1726718400000,138.0,139.1,137.61,138.56,40894.71
1726732800000,138.56,139.62,138.28,139.47,30735.94
1726747200000,139.47,142.99,139.47,142.96,57389.21
1726761600000,142.96,144.04,142.47,143.03,43012.75
1726776000000,143.03,143.76,141.07,142.88,34343.63
1726790400000,142.88,144.67,141.19,144.66,28919.24
1726804800000,144.66,152.47,144.46,151.03,83253.14
1726819200000,151.03,151.79,150.01,150.58,41914.69
1726833600000,150.58,151.14,145.93,147.85,71712.47
1726848000000,147.85,148.41,144.82,146.66,37358.89
1726862400000,146.66,147.97,146.31,146.67,21258.16
1726876800000,146.67,147.99,144.99,145.97,25782.04
1726891200000,145.97,147.74,144.62,147.45,23554.73
1726905600000,147.45,147.92,146.45,147.21,15767.2
1726920000000,147.21,149.7,146.72,147.64,27994.15
1726934400000,147.64,148.78,147.19,147.38,26464.83
1726948800000,147.38,149.84,147.22,149.41,14637.66
1726963200000,149.41,149.92,147.13,148.09,21291.19
1726977600000,148.09,148.97,146.37,147.16,17037.89
1726992000000,147.16,147.56,144.15,144.86,27841.75
1727006400000,144.86,145.17,142.64,143.15,24802.44
1727020800000,143.15,145.44,142.42,144.68,22570.51
1727035200000,144.68,145.77,141.13,144.62,35442.4
1727049600000,144.62,149.06,142.14,147.74,45022.45
1727064000000,147.74,148.22,145.18,145.51,27274.61
1727078400000,145.51,145.64,143.11,143.56,38940.51
1727092800000,143.56,145.45,142.59,144.24,45287.07
1727107200000,144.24,145.0,142.76,143.31,27995.85
1727121600000,143.31,145.19,142.43,144.79,24911.96
1727136000000,144.79,146.86,143.1,146.63,40984.27
1727150400000,146.63,147.34,145.36,147.19,26393.53
1727164800000,147.19,148.77,145.96,146.46,37487.61
1727179200000,146.46,148.52,144.17,146.2,54228.79
1727193600000,146.2,148.47,145.78,148.43,36887.06
1727208000000,148.43,153.96,148.37,152.75,63685.74
1727222400000,152.75,153.92,151.07,152.0,45149.59
1727236800000,152.0,152.24,148.98,149.76,33127.38
1727251200000,149.76,151.0,149.44,150.97,22845.75
1727265600000,150.97,153.0,149.72,150.41,31820.17
1727280000000,150.41,151.96,148.86,149.99,33370.68
1727294400000,149.99,150.88,147.31,147.97,21064.38
1727308800000,147.97,149.59,146.58,149.23,29470.26
1727323200000,149.23,151.85,148.72,151.82,27075.24
1727337600000,151.82,153.17,150.49,152.91,42095.26
1727352000000,152.91,157.99,151.35,157.12,93105.81
1727366400000,157.12,158.03,155.36,155.51,45144.73
1727380800000,155.51,156.41,153.95,155.54,27014.45
1727395200000,155.54,156.39,153.94,155.72,29017.57
1727409600000,155.72,158.88,155.63,157.48,42711.35
1727424000000,157.48,159.22,155.74,156.08,39822.74
1727438400000,156.08,161.35,155.52,159.03,78331.94
1727452800000,159.03,159.65,157.08,157.62,39481.71
1727467200000,157.62,158.48,157.31,157.63,12613.21
1727481600000,157.63,159.42,157.62,158.64,18975.24
1727496000000,158.64,158.88,156.17,156.38,25906.68
1727510400000,156.38,157.57,155.01,157.18,27880.25
1727524800000,157.18,158.0,156.21,156.87,20354.4
1727539200000,156.87,157.4,156.42,156.88,10684.12
1727553600000,156.88,157.05,155.64,156.75,9279.87
1727568000000,156.75,158.52,156.23,157.77,19840.69
1727582400000,157.77,158.19,155.13,155.49,35398.42
1727596800000,155.49,156.86,155.1,156.75,16818.27
1727611200000,156.75,157.57,155.65,157.28,21969.06
1727625600000,157.28,159.65,156.68,159.43,22167.45
1727640000000,159.43,161.77,157.9,158.47,44009.39
1727654400000,158.47,159.76,155.25,156.19,52711.23
1727668800000,156.19,157.75,155.26,156.85,28354.96
1727683200000,156.85,156.93,153.74,155.6,40819.68
1727697600000,155.6,157.37,154.11,154.16,33406.07
1727712000000,154.16,155.72,153.97,155.06,24981.61
1727726400000,155.06,156.93,151.74,152.54,33034.18
1727740800000,152.54,155.25,151.49,155.09,24138.06
1727755200000,155.09,157.14,154.82,156.79,23595.05
1727769600000,156.79,157.33,155.99,156.47,26615.73
1727784000000,156.47,156.69,146.26,149.59,84861.04
1727798400000,149.59,149.98,142.56,145.41,86257.03
1727812800000,145.41,146.39,142.3,145.12,55707.05
1727827200000,145.12,148.02,143.43,147.21,34524.35
1727841600000,147.21,148.95,146.23,147.76,26365.87
1727856000000,147.76,148.46,145.19,146.13,32140.59
1727870400000,146.13,147.67,142.75,147.47,44363.12
1727884800000,147.47,148.39,138.62,139.98,64003.98
1727899200000,139.98,141.7,138.62,140.19,32815.12
1727913600000,140.19,142.95,138.69,142.88,41927.98
1727928000000,142.88,142.88,139.87,139.91,19449.23
1727942400000,139.91,140.07,135.26,136.85,53958.13
1727956800000,136.85,138.56,133.12,135.57,65522.46
1727971200000,135.57,137.43,133.65,137.34,27500.62
1727985600000,137.34,137.87,135.25,136.81,21596.82
1728000000000,136.81,138.67,135.96,137.34,23580.02
1728014400000,137.34,139.76,137.28,139.55,23613.25
1728028800000,139.55,141.02,139.18,140.1,34531.01
1728043200000,140.1,142.67,138.12,142.44,66759.21
1728057600000,142.44,144.53,141.86,143.88,34658.3
1728072000000,143.88,144.54,142.61,143.24,14884.29
1728086400000,143.24,144.0,141.72,141.84,24211.95
1728100800000,141.84,144.52,141.59,143.81,16814.09
1728115200000,143.81,144.92,143.3,143.44,18328.26
1728129600000,143.44,144.15,142.51,142.9,15598.93
1728144000000,142.9,143.01,142.03,142.16,15294.93
1728158400000,142.16,142.97,141.07,142.59,15038.66
1728172800000,142.59,143.67,142.01,142.69,12956.83
1728187200000,142.69,143.41,142.1,142.96,8395.85
1728201600000,142.96,144.32,142.64,144.03,15414.88
1728216000000,144.03,146.68,143.96,146.0,27122.51
1728230400000,146.0,146.5,144.89,145.41,23288.49
1728244800000,145.41,146.74,144.32,146.49,16337.75
1728259200000,146.49,150.99,145.89,149.94,43247.52
1728273600000,149.94,150.53,147.94,148.03,35107.4
1728288000000,148.03,149.2,145.66,147.43,29389.95
1728302400000,147.43,152.31,146.39,148.71,58097.47
1728316800000,148.71,149.42,145.5,147.07,36970.87
1728331200000,147.07,147.26,143.51,143.97,29009.35
1728345600000,143.97,145.59,143.51,144.71,24957.48
1728360000000,144.71,145.04,142.18,143.09,27051.88
1728374400000,143.09,144.61,142.68,144.49,20553.86
1728388800000,144.49,145.51,141.17,142.79,39164.04
1728403200000,142.79,144.05,141.76,143.71,22010.45
1728417600000,143.71,144.69,142.67,143.5,11368.4
1728432000000,143.5,145.33,143.1,143.94,19039.28
1728446400000,143.94,144.3,142.69,143.16,16127.83
1728460800000,143.16,143.49,142.48,143.19,16866.28
1728475200000,143.19,143.33,140.23,142.82,39305.92
1728489600000,142.82,142.89,139.84,141.11,26376.52
1728504000000,141.11,141.11,138.67,139.34,20321.01
1728518400000,139.34,140.4,137.69,139.88,17073.08
1728532800000,139.88,140.87,139.49,139.7,11650.82
1728547200000,139.7,140.49,137.45,140.44,25364.53
1728561600000,140.44,140.79,136.21,138.66,38338.52
1728576000000,138.66,139.08,135.53,138.12,36675.1
1728590400000,138.12,139.07,137.18,139.03,19131.64
1728604800000,139.03,141.53,138.72,140.84,20270.58
1728619200000,140.84,142.11,140.65,141.16,24278.27
1728633600000,141.16,142.69,140.99,141.97,20502.02
1728648000000,141.97,145.52,141.89,144.41,41361.1
1728662400000,144.41,146.52,143.93,145.44,31337.2
1728676800000,145.44,146.4,145.16,145.53,18373.75
1728691200000,145.53,146.59,144.72,145.15,16563.96
1728705600000,145.15,145.97,145.15,145.57,14443.27
1728720000000,145.57,147.22,145.47,146.26,16963.73
1728734400000,146.26,147.26,145.71,146.08,44237.19
1728748800000,146.08,147.18,146.08,146.79,13021.21
1728763200000,146.79,147.22,146.35,146.4,11861.54
1728777600000,146.4,147.05,145.14,145.31,14839.67
1728792000000,145.31,146.98,145.27,146.43,9867.44
1728806400000,146.43,148.38,146.41,146.47,23586.3
1728820800000,146.47,148.05,144.48,145.34,28122.46
1728835200000,145.34,146.52,144.71,146.03,16509.16
1728849600000,146.03,148.85,145.65,147.74,18279.09
1728864000000,147.74,152.57,146.81,152.51,42452.06
1728878400000,152.51,153.3,150.91,153.04,43132.64
1728892800000,153.04,154.01,152.05,153.16,37754.94
1728907200000,153.16,158.09,152.6,156.71,66838.1
1728921600000,156.71,156.9,154.67,155.66,40089.7
1728936000000,155.66,158.06,155.42,157.56,21068.33
1728950400000,157.56,158.32,155.22,155.47,29289.84
1728964800000,155.47,156.34,153.71,155.13,28304.1
1728979200000,155.13,155.49,151.81,152.41,38187.49
1728993600000,152.41,159.56,150.32,153.29,109589.87
1729008000000,153.29,156.34,153.08,155.18,44422.91
1729022400000,155.18,155.28,152.32,154.75,29595.96
1729036800000,154.75,156.09,153.01,154.22,28901.9
1729051200000,154.22,154.94,153.02,153.68,57375.54
1729065600000,153.68,158.4,153.41,155.88,43788.0
1729080000000,155.88,156.88,153.87,155.71,42319.3
1729094400000,155.71,155.96,154.12,154.37,25841.67
1729108800000,154.37,155.13,153.67,154.28,18705.66
1729123200000,154.28,155.72,153.77,154.63,23581.79
1729137600000,154.63,154.77,151.61,152.6,33657.92
1729152000000,152.6,153.46,151.12,151.31,26370.15
1729166400000,151.31,153.24,150.83,152.89,37183.98
1729180800000,152.89,152.92,147.67,149.37,40688.75
1729195200000,149.37,150.96,149.28,150.5,15022.89
1729209600000,150.5,153.24,149.63,151.89,24444.12
1729224000000,151.89,154.22,151.89,153.9,18918.76
1729238400000,153.9,154.29,152.86,152.99,15734.7
1729252800000,152.99,155.23,152.15,154.72,29335.46
1729267200000,154.72,156.65,153.66,154.84,27537.06
1729281600000,154.84,155.17,153.78,154.93,11530.42
1729296000000,154.93,156.05,154.21,154.56,22856.77
1729310400000,154.56,155.13,154.13,154.57,11656.83
1729324800000,154.57,155.03,153.63,153.82,13970.62
1729339200000,153.82,157.49,153.8,156.5,24742.49
1729353600000,156.5,156.96,155.33,156.38,19506.15
1729368000000,156.38,159.84,156.14,159.79,29840.64
1729382400000,159.79,160.61,158.15,159.03,30297.79
1729396800000,159.03,160.63,158.59,158.77,21920.83
1729411200000,158.77,159.41,158.39,159.19,10997.95
1729425600000,159.19,161.5,157.59,160.02,45290.77
1729440000000,160.02,161.21,159.31,160.38,22815.54
1729454400000,160.38,167.94,160.15,167.4,62601.28
1729468800000,167.4,170.1,167.22,169.5,60344.63
1729483200000,169.5,171.69,168.59,168.64,44659.25
1729497600000,168.64,169.61,165.73,166.41,46042.41
1729512000000,166.41,167.06,161.0,165.27,69208.77
1729526400000,165.27,168.07,163.03,167.8,47383.49
1729540800000,167.8,168.14,166.07,166.2,29282.04
1729555200000,166.2,167.89,163.01,166.46,40480.59
1729569600000,166.46,168.95,166.19,167.1,25522.6
1729584000000,167.1,169.2,163.6,167.89,54480.68
1729598400000,167.89,170.98,164.84,167.79,82833.69
1729612800000,167.79,169.14,166.02,168.48,35953.19
1729627200000,168.48,169.2,166.9,167.6,39392.35
1729641600000,167.6,167.96,164.5,165.51,33477.29
1729656000000,165.51,166.5,164.35,165.74,29933.19
1729670400000,165.74,166.93,164.16,166.4,34092.67
1729684800000,166.4,169.44,164.97,168.14,60591.4
1729699200000,168.14,173.75,164.71,173.01,90173.41
1729713600000,173.01,174.29,170.04,170.86,39371.56
1729728000000,170.86,175.01,170.51,174.15,46577.1
1729742400000,174.15,175.25,172.79,173.56,32434.66
1729756800000,173.56,174.37,171.01,173.85,42523.39
1729771200000,173.85,177.14,173.73,175.44,59959.3
1729785600000,175.44,177.81,174.69,177.4,35815.08
1729800000000,177.4,179.29,176.5,177.19,32032.94
1729814400000,177.19,177.47,174.38,174.68,30685.81
1729828800000,174.68,175.05,171.5,171.89,39459.59
1729843200000,171.89,174.13,170.74,173.66,49723.18
1729857600000,173.66,177.59,171.26,172.43,55837.88
1729872000000,172.43,173.04,165.19,167.95,83179.45
1729886400000,167.95,168.83,159.13,164.93,77788.36
1729900800000,164.93,165.94,162.45,165.65,47379.99
1729915200000,165.65,169.16,165.33,167.35,41279.02
1729929600000,167.35,170.29,167.33,168.65,28412.49
1729944000000,168.65,169.46,167.26,168.62,29171.35
1729958400000,168.62,172.3,168.37,171.51,27634.27
1729972800000,171.51,173.24,170.66,170.87,24964.28
1729987200000,170.87,173.25,170.27,172.15,22625.23
1730001600000,172.15,173.51,171.67,173.27,17122.25
1730016000000,173.27,175.52,173.17,174.03,31835.31
1730030400000,174.03,177.04,174.02,175.78,38586.44
1730044800000,175.78,177.78,174.75,177.2,37054.23
1730059200000,177.2,178.27,176.61,176.64,21946.96
1730073600000,176.64,177.2,174.79,175.73,29873.05
1730088000000,175.73,176.74,173.15,175.69,39001.98
1730102400000,175.69,178.58,175.62,176.96,36492.66
1730116800000,176.96,177.94,173.31,173.4,55252.86
1730131200000,173.4,178.04,172.47,176.42,47656.79
1730145600000,176.42,179.78,175.76,178.29,41953.74
1730160000000,178.29,182.29,177.15,181.82,57304.74
1730174400000,181.82,182.77,179.53,180.11,29218.4
1730188800000,180.11,181.83,180.01,180.8,24311.95
1730203200000,180.8,180.96,178.38,180.62,50343.01
1730217600000,180.62,183.36,178.11,178.17,56197.75
1730232000000,178.17,180.26,176.42,179.43,30408.79
1730246400000,179.43,180.83,176.94,180.09,24782.52
1730260800000,180.09,181.33,178.2,178.68,21076.01
1730275200000,178.68,179.33,175.32,175.68,31337.66
1730289600000,175.68,177.28,173.2,173.94,48608.73
1730304000000,173.94,175.78,173.34,174.3,29582.79
1730318400000,174.3,177.05,173.15,174.87,30202.21
1730332800000,174.87,176.55,174.11,174.34,22476.34
1730347200000,174.34,175.99,173.17,174.49,25623.72
1730361600000,174.49,176.35,173.32,175.01,20988.52
1730376000000,175.01,175.44,169.32,170.64,47791.79
1730390400000,170.64,170.72,168.54,168.69,29348.35
1730404800000,168.69,170.27,167.57,168.69,27747.07
1730419200000,168.69,169.41,165.39,167.16,41725.32
1730433600000,167.16,167.62,165.06,165.96,22649.89
1730448000000,165.96,168.76,165.56,167.87,25771.51
1730462400000,167.87,173.99,163.59,164.1,71099.63
1730476800000,164.1,167.81,163.7,166.6,33554.34
1730491200000,166.6,167.11,163.94,166.11,15509.34
1730505600000,166.11,168.6,166.05,166.99,14649.17
1730520000000,166.99,167.69,165.67,167.65,11291.57
1730534400000,167.65,167.86,165.88,166.04,12783.49
1730548800000,166.04,166.44,162.12,163.82,33148.17
1730563200000,163.82,165.4,163.01,165.14,21306.64
1730577600000,165.14,166.92,164.95,166.16,14643.04
1730592000000,166.16,166.6,160.85,161.94,35044.29
1730606400000,161.94,164.07,161.8,163.53,15424.85
1730620800000,163.53,164.84,162.66,163.62,18196.97
1730635200000,163.62,164.6,157.88,160.02,48352.83
1730649600000,160.02,161.82,158.07,161.07,29542.61
1730664000000,161.07,163.82,160.51,162.53,26117.7
1730678400000,162.53,165.03,160.49,162.83,28307.33
1730692800000,162.83,163.84,161.36,161.41,23915.67
1730707200000,161.41,164.83,160.08,164.09,34191.26
1730721600000,164.09,164.99,161.63,163.03,33844.78
1730736000000,163.03,163.46,159.15,159.59,31776.62
1730750400000,159.59,159.99,155.12,157.98,41229.06
1730764800000,157.98,159.7,156.87,159.66,34708.33
1730779200000,159.66,162.4,159.36,162.03,28061.59
1730793600000,162.03,163.07,161.04,162.39,28424.04
1730808000000,162.39,167.88,161.84,165.93,53504.38
1730822400000,165.93,169.29,163.46,164.09,43021.78
1730836800000,164.09,167.7,163.33,166.62,28647.39
1730851200000,166.62,184.95,166.41,184.93,158727.95
1730865600000,184.93,188.35,182.7,183.83,151903.95
1730880000000,183.83,186.81,180.12,186.71,87798.14
1730894400000,186.71,188.66,184.27,185.51,92325.14
1730908800000,185.51,188.36,184.75,188.36,46183.99
1730923200000,188.36,190.0,186.43,186.59,57779.1
1730937600000,186.59,191.94,185.89,189.08,55399.84
1730952000000,189.08,190.03,186.01,188.02,35803.01
1730966400000,188.02,189.34,185.97,186.04,27876.9
1730980800000,186.04,192.72,185.97,192.66,38285.51
1730995200000,192.66,197.83,191.0,196.99,69233.23
1731009600000,196.99,197.77,194.14,196.35,29208.51
1731024000000,196.35,201.0,195.65,198.16,66881.78
1731038400000,198.16,200.79,197.4,200.38,38399.64
1731052800000,200.38,204.83,198.1,203.05,56031.19
1731067200000,203.05,204.99,198.42,200.99,61238.87
1731081600000,200.99,202.09,196.22,199.55,56796.92
1731096000000,199.55,200.19,197.11,199.82,25641.15
1731110400000,199.82,200.25,197.22,198.96,26217.25
1731124800000,198.96,202.4,198.96,200.27,29488.76
1731139200000,200.27,203.44,199.92,202.17,27648.66
1731153600000,202.17,202.55,197.36,198.42,43120.94
1731168000000,198.42,199.57,194.97,197.76,36287.49
1731182400000,197.76,201.98,197.41,199.89,29875.08
1731196800000,199.89,204.9,198.69,201.42,53649.66
1731211200000,201.42,208.99,200.92,205.05,90254.1
1731225600000,205.05,207.38,204.06,206.58,46562.52
1731240000000,206.58,213.29,203.48,212.22,98442.48
1731254400000,212.22,215.26,206.27,208.47,87217.87
1731268800000,208.47,213.96,199.74,210.07,88491.67
1731283200000,210.07,212.37,208.14,210.0,66612.79
1731297600000,210.0,210.24,204.17,208.02,73779.98
1731312000000,208.02,217.66,206.61,217.61,79496.68
1731326400000,217.61,220.95,214.48,218.99,110732.42
1731340800000,218.99,222.0,216.29,217.82,88902.6
1731355200000,217.82,224.0,216.67,222.13,92826.49
1731369600000,222.13,222.54,215.19,220.64,81677.44
1731384000000,220.64,221.9,216.16,221.84,65764.78
1731398400000,221.84,225.2,208.66,211.15,143237.7
1731412800000,211.15,213.89,204.72,210.53,114713.78
1731427200000,210.53,215.34,206.68,213.17,61041.81
1731441600000,213.17,215.46,210.09,211.63,54635.05
1731456000000,211.63,213.19,203.12,203.18,67678.31
1731470400000,203.18,207.26,200.73,205.21,90525.02
1731484800000,205.21,209.34,203.86,207.79,60462.61
1731499200000,207.79,217.29,205.98,216.44,173954.26
1731513600000,216.44,220.43,210.32,210.87,138580.23
1731528000000,210.87,215.49,205.94,215.14,77871.36
1731542400000,215.14,219.49,212.11,219.46,68336.36
1731556800000,219.46,220.72,215.17,218.17,69423.25
1731571200000,218.17,222.79,213.52,216.04,77899.81
1731585600000,216.04,217.95,209.25,210.83,93868.27
1731600000000,210.83,217.11,209.86,215.62,59083.51
1731614400000,215.62,215.62,206.79,209.57,59198.47
1731628800000,209.57,212.87,208.04,209.02,50904.82
1731643200000,209.02,210.65,204.49,209.19,46272.31
1731657600000,209.19,213.92,207.83,213.58,41450.62
1731672000000,213.58,215.32,206.72,208.3,70200.79
1731686400000,208.3,213.51,208.04,212.38,45664.25
1731700800000,212.38,220.45,212.25,218.45,63021.45
1731715200000,218.45,221.6,215.89,221.36,43892.33
1731729600000,221.36,221.91,218.46,218.92,38070.92
1731744000000,218.92,219.76,216.62,218.89,34194.61
1731758400000,218.89,221.78,213.74,215.03,72563.94
1731772800000,215.03,216.99,213.38,216.27,40196.68
1731787200000,216.27,217.35,214.02,215.7,27417.32
1731801600000,215.7,221.47,212.11,221.37,61268.38
1731816000000,221.37,239.89,221.37,237.23,168484.64
1731830400000,237.23,242.11,234.29,234.82,86311.41
1731844800000,234.82,235.99,229.58,233.96,79597.12
1731859200000,233.96,235.58,231.22,235.4,45808.0
1731873600000,235.4,238.39,231.6,237.46,54402.85
1731888000000,237.46,244.33,234.02,244.18,64896.59
1731902400000,244.18,245.26,239.51,242.05,74008.32
1731916800000,242.05,248.43,239.75,242.5,78454.65
1731931200000,242.5,244.97,238.07,243.32,86913.06
1731945600000,243.32,243.91,234.3,236.29,88502.31
1731960000000,236.29,240.89,235.71,239.79,49380.86
1731974400000,239.79,243.38,237.55,240.61,38512.27
1731988800000,240.61,244.44,238.72,243.31,46441.61
1732003200000,243.31,246.99,241.94,246.06,61329.83
1732017600000,246.06,247.49,238.36,240.58,77422.74
1732032000000,240.58,244.53,240.1,243.56,50265.77
1732046400000,243.56,244.22,233.49,237.64,60731.44
1732060800000,237.64,237.88,230.41,233.82,58579.93
1732075200000,233.82,236.35,231.48,235.93,40096.26
1732089600000,235.93,238.77,234.86,237.55,46371.2
1732104000000,237.55,242.5,235.51,238.39,72947.22
1732118400000,238.39,239.13,230.96,233.0,69787.46
1732132800000,233.0,238.05,231.74,235.47,42364.84
1732147200000,235.47,238.69,229.68,235.82,55378.28
1732161600000,235.82,242.77,235.67,241.48,77553.77
1732176000000,241.48,243.48,239.95,239.98,50039.31
1732190400000,239.98,252.96,239.96,248.87,151729.62
1732204800000,248.87,259.71,248.31,253.93,118431.39
1732219200000,253.93,257.48,252.9,256.38,45083.38
1732233600000,256.38,264.32,252.38,262.48,71914.7
1732248000000,262.48,262.79,257.84,259.23,48294.76
1732262400000,259.23,260.88,256.24,259.27,39024.33
1732276800000,259.27,260.35,252.49,256.38,65516.7
1732291200000,256.38,256.38,251.49,254.05,41416.28
1732305600000,254.05,257.9,253.29,256.87,29854.56
1732320000000,256.87,257.73,253.35,257.19,42917.83
1732334400000,257.19,263.99,256.91,258.27,64845.26
1732348800000,258.27,259.45,255.84,256.08,30534.83
1732363200000,256.08,263.58,255.93,259.72,61554.85
1732377600000,259.72,260.3,254.16,254.39,60589.04
1732392000000,254.39,256.05,252.71,254.87,30560.54
1732406400000,254.87,259.77,254.5,258.58,29950.27
1732420800000,258.58,259.19,254.09,256.66,21177.93
1732435200000,256.66,256.74,248.01,248.4,40354.56
1732449600000,248.4,250.2,240.96,244.18,64866.34
1732464000000,244.18,250.33,243.67,248.58,30508.42
1732478400000,248.58,254.75,248.15,252.74,27886.66
1732492800000,252.74,253.17,245.71,252.45,27561.64
1732507200000,252.45,254.05,251.66,253.29,28981.63
1732521600000,253.29,256.61,251.27,252.17,33808.59
1732536000000,252.17,252.54,235.26,244.97,87119.56
1732550400000,244.97,246.12,237.33,239.64,49102.6
1732564800000,239.64,241.14,231.22,234.22,52264.59
1732579200000,234.22,239.57,233.57,237.44,37176.04
1732593600000,237.44,239.66,234.98,235.73,27560.97
1732608000000,235.73,236.59,221.81,227.79,84264.89
1732622400000,227.79,232.47,225.82,227.33,65833.15
1732636800000,227.33,232.48,223.44,229.05,46276.93
1732651200000,229.05,232.18,227.41,230.69,30338.96
1732665600000,230.69,233.78,228.15,231.5,30472.5
1732680000000,231.5,234.93,227.53,234.34,43607.8
1732694400000,234.34,237.08,232.05,234.99,36311.13
1732708800000,234.99,240.9,232.62,240.52,50271.33
1732723200000,240.52,241.12,237.76,239.06,33853.52
1732737600000,239.06,243.32,238.79,241.97,32154.62
1732752000000,241.97,245.27,238.11,239.99,37911.03
1732766400000,239.99,241.15,236.71,237.99,31191.3
1732780800000,237.99,239.14,234.38,236.89,30752.82
1732795200000,236.89,237.73,232.83,233.06,35970.61
1732809600000,233.06,237.04,233.06,235.46,25261.5
1732824000000,235.46,238.35,234.9,237.58,14712.76
1732838400000,237.58,243.11,236.55,241.98,29205.92
1732852800000,241.98,242.2,237.59,237.65,29088.08
1732867200000,237.65,245.48,237.65,245.21,28418.5
1732881600000,245.21,246.76,242.11,243.46,43290.11
1732896000000,243.46,244.55,239.97,241.13,35718.92
1732910400000,241.13,245.3,240.95,243.32,19731.31
1732924800000,243.32,243.35,239.15,242.89,25600.73
1732939200000,242.89,245.13,241.57,244.22,25183.45
1732953600000,244.22,245.4,240.06,241.46,29731.13
1732968000000,241.46,243.08,238.65,239.87,28187.97
1732982400000,239.87,240.55,238.82,239.91,16690.55
1732996800000,239.91,241.17,237.5,237.6,20963.24
1733011200000,237.6,239.88,234.1,235.67,29005.38
1733025600000,235.67,236.89,235.04,235.46,18299.16
1733040000000,235.46,238.7,235.35,237.08,27573.14
1733054400000,237.08,239.32,236.15,238.52,26724.87
1733068800000,238.52,239.41,235.05,236.29,23363.31
1733083200000,236.29,239.08,234.31,236.8,30114.71
1733097600000,236.8,238.2,228.02,228.46,61860.93
1733112000000,228.46,230.29,225.94,228.62,59165.96
1733126400000,228.62,228.79,222.91,224.78,55724.1
1733140800000,224.78,229.6,221.65,229.2,64331.94
1733155200000,229.2,229.93,220.07,223.97,63066.22
1733169600000,223.97,225.86,221.22,225.72,39056.74
1733184000000,225.72,229.31,223.15,227.97,54727.28
1733198400000,227.97,230.95,225.15,226.92,49935.5
1733212800000,226.92,228.5,222.91,225.58,36508.0
1733227200000,225.58,226.33,215.01,223.21,109779.72
1733241600000,223.21,228.43,220.27,228.16,53231.62
1733256000000,228.16,239.6,227.73,233.88,104570.39
1733270400000,233.88,240.52,233.88,237.7,64718.86
1733284800000,237.7,240.95,235.84,236.58,36117.97
1733299200000,236.58,237.87,235.02,235.98,36752.96
1733313600000,235.98,236.15,229.92,233.72,50367.75
1733328000000,233.72,234.03,224.67,232.6,60029.1
1733342400000,232.6,236.23,225.85,229.14,52327.07
1733356800000,229.14,238.59,222.95,232.93,77207.69
1733371200000,232.93,238.23,231.4,233.9,50280.47
1733385600000,233.9,242.37,233.51,241.8,54807.07
1733400000000,241.8,244.75,236.22,239.07,87946.08
1733414400000,239.07,242.92,232.35,233.12,62383.63
1733428800000,233.12,240.65,225.01,235.84,95866.44
1733443200000,235.84,247.0,234.4,241.94,88946.28
1733457600000,241.94,242.91,237.69,239.31,152139.45
1733472000000,239.31,240.51,233.62,234.13,41575.44
1733486400000,234.13,239.88,230.93,238.01,67015.74
1733500800000,238.01,240.41,237.05,239.7,45729.22
1733515200000,239.7,240.73,235.35,236.87,31194.43
1733529600000,236.87,237.44,234.12,234.85,25526.06
1733544000000,234.85,236.58,234.32,236.19,18908.33
1733558400000,236.19,239.35,235.01,238.16,30006.06
1733572800000,238.16,243.19,237.28,240.85,45010.47
1733587200000,240.85,242.53,238.88,241.66,34325.65
1733601600000,241.66,243.61,237.96,238.14,37674.89
1733616000000,238.14,241.51,237.61,240.66,25026.31
1733630400000,240.66,241.07,236.6,237.59,24219.49
1733644800000,237.59,237.78,233.23,235.96,31989.86
1733659200000,235.96,237.63,234.48,237.35,25372.09
1733673600000,237.35,237.67,234.09,236.51,22844.85
1733688000000,236.51,237.75,234.6,237.02,19236.11
1733702400000,237.02,237.28,230.18,231.82,38691.29
1733716800000,231.82,232.8,228.27,231.58,38931.79
1733731200000,231.58,231.8,225.36,225.99,41397.31
1733745600000,225.99,231.74,222.99,224.27,65376.38
1733760000000,224.27,226.15,221.7,221.96,44455.32
1733774400000,221.96,225.65,203.01,216.62,193748.99
1733788800000,216.62,221.0,206.96,215.8,89908.09
1733803200000,215.8,218.74,212.17,217.34,40383.31
1733817600000,217.34,218.59,215.09,216.19,33962.98
1733832000000,216.19,218.6,206.27,206.55,97419.95
1733846400000,206.55,212.76,203.22,212.11,100870.42
1733860800000,212.11,216.29,211.33,213.59,35817.46
1733875200000,213.59,219.4,211.51,219.38,66371.95
1733889600000,219.38,220.32,216.95,218.41,30695.65
1733904000000,218.41,225.41,218.3,224.78,44494.5
1733918400000,224.78,230.29,224.07,228.38,71754.12
1733932800000,228.38,230.51,227.3,229.77,42527.15
1733947200000,229.77,230.65,226.79,227.29,22422.82
1733961600000,227.29,231.96,225.67,230.33,37133.32
1733976000000,230.33,232.98,228.98,229.99,36830.78
1733990400000,229.99,233.53,228.31,229.58,28452.28
1734004800000,229.58,233.28,228.62,231.31,42493.03
1734019200000,231.31,234.69,226.6,227.24,46847.44
1734033600000,227.24,229.73,225.71,226.95,28789.79
1734048000000,226.95,228.44,224.27,227.18,29904.35
1734062400000,227.18,227.51,223.16,224.8,27975.19
1734076800000,224.8,227.27,223.89,225.6,20292.22
1734091200000,225.6,226.71,220.69,221.14,45080.25
1734105600000,221.14,223.88,220.6,223.27,37511.46
1734120000000,223.27,224.92,223.07,224.79,19875.96
1734134400000,224.79,227.0,223.69,226.22,20917.87
1734148800000,226.22,227.51,225.14,225.98,17514.59
1734163200000,225.98,226.75,224.17,224.37,16687.62
1734177600000,224.37,224.64,220.45,222.57,68630.1
1734192000000,222.57,222.57,216.73,218.04,32046.64
1734206400000,218.04,220.91,215.15,219.93,28104.28
1734220800000,219.93,221.79,218.87,219.43,17315.98
1734235200000,219.43,221.86,215.69,217.26,21925.59
1734249600000,217.26,220.14,216.48,218.41,17204.74
1734264000000,218.41,221.5,217.38,220.89,29838.8
1734278400000,220.89,222.49,220.5,221.23,18317.35
1734292800000,221.23,225.5,216.22,224.26,38561.58
1734307200000,224.26,227.5,220.46,221.24,43987.85
1734321600000,221.24,223.89,220.6,223.13,22135.27
1734336000000,223.13,223.33,213.61,214.1,48243.84
1734350400000,214.1,218.09,213.25,216.98,50717.48
1734364800000,216.98,221.74,216.81,218.33,44163.17
1734379200000,218.33,218.97,215.86,216.19,23715.83
1734393600000,216.19,216.69,211.4,215.45,36931.92
1734408000000,215.45,216.54,213.04,215.57,24231.34
1734422400000,215.57,223.83,215.5,221.6,46772.98
1734436800000,221.6,227.55,217.03,220.54,82524.1
1734451200000,220.54,228.94,219.86,227.46,70002.5
1734465600000,227.46,228.57,221.65,223.14,39589.27
1734480000000,223.14,226.03,217.13,217.5,45422.48
1734494400000,217.5,218.29,213.55,215.92,41893.58
1734508800000,215.92,218.94,215.31,217.85,28486.11
1734523200000,217.85,218.78,214.64,217.73,37589.59
1734537600000,217.73,218.34,211.69,211.69,45323.36
1734552000000,211.69,212.79,204.81,206.54,117905.33
1734566400000,206.54,209.27,199.4,208.85,81994.46
1734580800000,208.85,212.14,207.23,211.82,28914.66
1734595200000,211.82,211.82,207.96,210.44,28307.77
1734609600000,210.44,211.06,202.41,205.44,52461.26
1734624000000,205.44,206.92,187.01,191.84,146261.0
1734638400000,191.84,198.13,187.67,193.82,79072.07
1734652800000,193.82,199.78,191.71,196.37,50008.54
1734667200000,196.37,197.4,188.11,191.36,52578.12
1734681600000,191.36,191.59,175.29,176.02,196323.03
1734696000000,176.02,191.26,175.84,189.88,131566.47
1734710400000,189.88,193.16,188.29,191.6,55139.43
1734724800000,191.6,194.58,187.92,194.5,52289.42
1734739200000,194.5,196.68,193.06,194.29,33519.99
1734753600000,194.29,201.98,194.2,198.75,44854.35
1734768000000,198.75,198.97,192.2,192.93,37384.85
1734782400000,192.93,193.1,183.22,186.67,92039.95
1734796800000,186.67,187.48,178.41,181.52,56114.1
1734811200000,181.52,183.38,178.72,181.44,43344.42
1734825600000,181.44,183.95,179.96,182.55,39192.22
1734840000000,182.55,184.81,177.89,184.32,40975.73
1734854400000,184.32,186.99,183.72,186.68,26843.13
1734868800000,186.68,187.87,179.05,181.85,41368.64
1734883200000,181.85,184.04,177.85,178.5,33848.51
1734897600000,178.5,182.41,176.91,180.52,36938.85
1734912000000,180.52,187.38,176.48,186.24,61876.84
1734926400000,186.24,187.72,179.91,182.24,37176.69
1734940800000,182.24,186.62,181.74,183.59,28196.11
1734955200000,183.59,185.75,180.73,180.88,42036.74
1734969600000,180.88,189.65,180.74,187.43,41139.76
1734984000000,187.43,193.48,186.73,190.11,45918.65
1734998400000,190.11,190.41,186.13,189.97,24333.25
1735012800000,189.97,191.96,189.29,191.5,16528.16
1735027200000,191.5,193.98,190.56,192.94,27300.86
1735041600000,192.94,199.0,191.28,197.79,45403.84
1735056000000,197.79,198.63,195.14,195.25,42227.33
1735070400000,195.25,198.0,193.35,197.09,17561.28
1735084800000,197.09,201.85,196.4,199.8,33341.65
1735099200000,199.8,200.59,197.69,198.13,18115.61
1735113600000,198.13,200.53,195.04,195.79,24279.3
1735128000000,195.79,199.45,195.05,198.27,19047.55
1735142400000,198.27,199.45,196.15,199.25,15198.46
1735156800000,199.25,200.12,195.6,197.47,17996.39
1735171200000,197.47,199.71,195.71,196.62,22619.95
1735185600000,196.62,196.62,193.35,193.44,23482.4
1735200000000,193.44,193.84,188.23,189.79,29414.46
1735214400000,189.79,190.15,187.58,188.7,19680.39
1735228800000,188.7,190.97,187.39,189.17,17884.93
1735243200000,189.17,190.05,186.6,188.46,16625.63
1735257600000,188.46,190.4,187.27,189.44,17855.74
1735272000000,189.44,191.17,185.76,186.67,19570.23
1735286400000,186.67,194.38,186.65,191.32,28898.41
1735300800000,191.32,191.42,183.31,184.12,24456.66
1735315200000,184.12,187.33,182.82,186.89,17167.14
1735329600000,186.89,186.99,183.13,184.21,14828.52
1735344000000,184.21,186.0,183.81,185.03,12555.81
1735358400000,185.03,186.32,184.26,185.12,12621.71
1735372800000,185.12,187.36,185.0,187.19,12452.49
1735387200000,187.19,191.3,186.5,190.19,20695.33
1735401600000,190.19,195.32,189.64,193.76,22084.59
1735416000000,193.76,196.08,192.71,195.5,19413.97
1735430400000,195.5,195.7,192.42,194.78,17364.9
1735444800000,194.78,197.36,194.07,196.04,15734.96
1735459200000,196.04,197.34,194.88,196.09,15420.73
1735473600000,196.09,197.7,192.91,195.13,21535.26
1735488000000,195.13,195.48,192.16,192.71,14427.08
1735502400000,192.71,192.8,188.57,189.94,20284.89
1735516800000,189.94,194.4,189.08,191.38,21055.01
1735531200000,191.38,193.73,189.59,192.36,16643.11
1735545600000,192.36,194.14,191.54,193.52,16770.69
1735560000000,193.52,194.82,185.99,187.32,34709.59
1735574400000,187.32,196.3,185.9,196.21,34407.98
1735588800000,196.21,196.47,189.11,191.37,24913.09
1735603200000,191.37,192.05,188.33,189.96,19174.1
1735617600000,189.96,190.76,188.04,190.07,18250.54
1735632000000,190.07,194.96,190.0,193.8,30523.63
1735646400000,193.8,198.76,193.01,198.44,36440.37
1735660800000,198.44,199.27,193.22,193.82,27467.07
1735675200000,193.82,194.82,189.2,189.31,26632.15
1735689600000,189.31,192.66,189.09,190.43,20866.56
1735704000000,190.43,190.63,189.33,190.06,14159.96
1735718400000,190.06,191.86,188.0,191.36,18717.1
1735732800000,191.36,192.16,189.15,191.91,19739.44
1735747200000,191.91,193.91,189.25,193.1,19194.0
1735761600000,193.1,195.33,193.09,194.28,18286.52
1735776000000,194.28,199.7,193.43,198.52,36920.32
1735790400000,198.52,206.89,198.52,205.91,48978.95
1735804800000,205.91,208.88,205.68,208.51,31009.43
1735819200000,208.51,210.48,205.5,206.77,41516.76
1735833600000,206.77,209.07,204.69,206.64,24103.41
1735848000000,206.64,208.44,205.2,208.31,16494.56
1735862400000,208.31,208.45,205.64,208.05,19644.56
1735876800000,208.05,209.97,207.09,207.95,27076.88
1735891200000,207.95,215.13,207.6,214.52,47264.46
1735905600000,214.52,218.69,212.09,217.37,52020.67
1735920000000,217.37,219.83,216.47,217.13,39182.37
1735934400000,217.13,218.03,215.81,218.0,22334.3
1735948800000,218.0,218.14,215.69,216.96,25300.75
1735963200000,216.96,217.96,215.62,216.71,20404.79
1735977600000,216.71,216.72,214.41,216.46,21246.14
1735992000000,216.46,217.66,213.54,214.33,32400.07
1736006400000,214.33,215.96,213.73,215.58,14352.63
1736020800000,215.58,217.27,215.41,216.67,13588.59
1736035200000,216.67,218.93,215.27,217.96,30631.63
1736049600000,217.96,219.05,215.97,216.47,20923.18
1736064000000,216.47,216.57,212.94,213.93,22391.83
1736078400000,213.93,214.61,211.62,213.58,32734.29
1736092800000,213.58,214.28,211.49,212.78,21546.39
1736107200000,212.78,214.54,212.53,213.4,14719.43
1736121600000,213.4,216.99,211.56,215.61,26159.19
1736136000000,215.61,216.9,213.9,215.23,22656.03
1736150400000,215.23,216.27,213.23,216.25,18779.39
1736164800000,216.25,222.14,215.77,221.62,55886.88
1736179200000,221.62,223.17,217.34,220.0,37821.45
1736193600000,220.0,220.43,217.55,218.22,17735.53
1736208000000,218.22,219.11,216.23,217.35,21975.85
1736222400000,217.35,217.46,215.5,216.03,18447.95
1736236800000,216.03,216.77,212.9,214.07,32779.0
1736251200000,214.07,214.36,205.37,207.78,78647.36
1736265600000,207.78,209.09,203.53,204.56,45162.17
1736280000000,204.56,204.98,201.81,202.17,30272.85
1736294400000,202.17,203.28,196.71,198.67,48898.94
1736308800000,198.67,199.57,193.14,195.72,51682.84
1736323200000,195.72,198.0,194.45,195.51,39084.27
1736337600000,195.51,199.57,194.87,197.8,41117.91
1736352000000,197.8,197.97,188.34,194.31,59867.03
1736366400000,194.31,198.3,193.66,197.47,22126.52
1736380800000,197.47,199.07,194.15,194.36,27222.75
1736395200000,194.36,195.55,189.76,190.09,29047.34
1736409600000,190.09,192.83,189.12,191.17,27970.9
1736424000000,191.17,193.06,185.08,192.22,55599.07
1736438400000,192.22,192.82,185.72,185.9,33130.77
1736452800000,185.9,187.59,182.02,184.96,44261.05
1736467200000,184.96,189.49,184.95,189.15,26654.92
1736481600000,189.15,193.03,188.38,191.77,31938.0
1736496000000,191.77,192.87,191.13,191.97,33583.23
1736510400000,191.97,192.18,183.51,187.28,68155.94
1736524800000,187.28,192.06,183.85,190.23,38854.47
1736539200000,190.23,190.5,186.72,187.68,19062.49
1736553600000,187.68,188.79,185.61,186.37,21276.97
1736568000000,186.37,187.2,185.16,186.24,21855.71
1736582400000,186.24,186.88,184.03,186.68,42337.47
1736596800000,186.68,188.25,185.87,186.96,20747.45
1736611200000,186.96,188.0,185.66,187.75,14723.82
1736625600000,187.75,191.9,187.49,188.08,21939.15
1736640000000,188.08,188.6,186.54,187.31,25982.62
1736654400000,187.31,187.41,185.59,186.54,12849.88
1736668800000,186.54,186.99,185.17,186.69,12934.46
1736683200000,186.69,191.0,186.17,190.46,19771.75
1736697600000,190.46,190.76,188.63,188.9,16286.38
1736712000000,188.9,189.98,186.59,188.51,15065.32
1736726400000,188.51,191.98,184.21,185.03,33883.25
1736740800000,185.03,186.97,181.51,182.41,30820.96
1736755200000,182.41,182.52,175.23,175.41,66051.31
1736769600000,175.41,180.34,168.93,178.8,108601.55
1736784000000,178.8,179.81,174.46,177.61,43175.79
1736798400000,177.61,183.81,176.61,182.89,37488.69
1736812800000,182.89,184.63,181.88,184.19,30419.84
1736827200000,184.19,186.91,184.19,185.61,25129.88
1736841600000,185.61,190.09,185.6,187.06,33734.37
1736856000000,187.06,190.11,184.7,186.84,41502.3
1736870400000,186.84,187.9,185.75,187.07,26288.39
1736884800000,187.07,188.81,185.83,187.56,15413.94
1736899200000,187.56,189.74,187.03,189.74,23659.48
1736913600000,189.74,190.75,188.35,190.0,19009.49
1736928000000,190.0,190.7,185.84,186.99,27550.22
1736942400000,186.99,198.02,185.99,196.53,72922.75
1736956800000,196.53,202.35,196.44,201.9,43728.13
1736971200000,201.9,206.04,201.9,205.86,41193.65
1736985600000,205.86,206.3,201.36,201.98,31904.13
1737000000000,201.98,203.5,201.5,203.14,18354.43
1737014400000,203.14,212.79,198.47,212.79,64136.04
1737028800000,212.79,217.14,205.5,209.07,127729.37
1737043200000,209.07,215.45,208.86,214.19,66225.17
1737057600000,214.19,214.54,208.53,211.11,29474.4
1737072000000,211.11,215.33,209.84,211.1,35986.56
1737086400000,211.1,213.83,210.94,213.27,26999.93
1737100800000,213.27,219.69,213.22,218.77,52432.04
1737115200000,218.77,222.1,216.4,218.59,69350.05
1737129600000,218.59,221.93,215.66,217.17,36994.71
1737144000000,217.17,221.22,216.45,219.52,39675.34
1737158400000,219.52,228.79,217.29,220.57,96456.16
1737172800000,220.57,238.09,219.86,232.89,239545.92
1737187200000,232.89,244.97,230.76,238.93,181226.61
1737201600000,238.93,260.0,238.91,257.85,168464.71
1737216000000,257.85,270.61,242.51,255.35,298522.77
1737230400000,255.35,264.67,247.23,261.96,98836.89
1737244800000,261.96,264.98,252.24,255.59,93222.26
1737259200000,255.59,277.93,254.17,271.58,240902.34
1737273600000,271.58,295.75,266.28,286.13,342839.35
1737288000000,286.13,289.69,262.98,270.59,231814.19
1737302400000,270.59,275.4,264.05,269.5,88647.95
1737316800000,269.5,278.42,237.79,252.38,371826.61
1737331200000,252.38,252.73,229.45,241.4,271252.85
1737345600000,241.4,264.3,239.0,261.9,177183.05
1737360000000,261.9,273.23,256.65,260.59,128611.01
1737374400000,260.59,261.74,250.08,254.06,112426.01
1737388800000,254.06,256.76,232.54,246.27,183346.79
1737403200000,246.27,250.97,241.52,242.18,62475.56
1737417600000,242.18,245.02,232.11,237.86,102279.19
1737432000000,237.86,239.15,230.01,236.84,74793.12
1737446400000,236.84,242.15,235.58,239.44,65116.57
1737460800000,239.44,244.84,235.83,240.92,71104.99
1737475200000,240.92,260.06,239.8,253.38,83362.07
1737489600000,253.38,255.99,246.7,250.32,49467.38
1737504000000,250.32,256.97,248.42,254.09,42372.74
1737518400000,254.09,259.77,252.4,258.52,44740.52
1737532800000,258.52,258.93,252.21,257.76,37486.54
1737547200000,257.76,264.93,254.48,257.3,81229.94
1737561600000,257.3,266.29,253.32,265.29,63436.61
1737576000000,265.29,272.02,255.67,257.37,80241.25
1737590400000,257.37,258.43,246.39,248.85,97130.74
1737604800000,248.85,250.71,245.04,249.53,37725.33
1737619200000,249.53,249.89,242.37,244.18,36994.78
1737633600000,244.18,254.76,242.2,249.38,92406.12
1737648000000,249.38,256.32,245.29,246.84,55642.79
1737662400000,246.84,258.37,243.64,253.11,102212.32
1737676800000,253.11,256.46,247.22,252.24,47455.28
1737691200000,252.24,264.43,250.6,259.69,61150.36
1737705600000,259.69,267.34,259.68,266.82,50292.85
1737720000000,266.82,270.17,260.84,262.27,58698.14
1737734400000,262.27,265.48,260.46,262.05,32289.94
1737748800000,262.05,262.39,252.78,253.36,48766.18
1737763200000,253.36,253.71,248.09,252.73,46015.56
1737777600000,252.73,252.74,246.49,247.27,39456.54
1737792000000,247.27,250.71,246.33,249.96,33049.89
1737806400000,249.96,254.65,248.25,253.67,31957.24
1737820800000,253.67,260.78,253.08,258.49,44677.65
1737835200000,258.49,259.75,255.6,256.41,26573.78
1737849600000,256.41,259.87,253.58,258.43,30233.89
1737864000000,258.43,260.09,257.36,258.96,19878.89
1737878400000,258.96,258.96,252.8,255.58,23791.34
1737892800000,255.58,257.53,253.32,254.59,26533.76
1737907200000,254.59,257.58,253.83,256.28,16273.81
1737921600000,256.28,256.63,240.33,240.51,63606.63
1737936000000,240.51,242.64,232.89,235.83,97880.06
1737950400000,235.83,235.83,221.88,227.51,110213.57
1737964800000,227.51,227.99,220.9,225.84,62218.27
1737979200000,225.84,237.67,223.71,233.62,90537.06
1737993600000,233.62,235.9,223.92,226.54,100317.76
1738008000000,226.54,237.9,226.48,234.89,41815.73
1738022400000,234.89,237.8,233.06,236.68,30457.4
1738036800000,236.68,243.96,236.66,238.74,42587.03
1738051200000,238.74,239.69,235.44,238.25,25484.16
1738065600000,238.25,240.18,233.75,237.49,38722.01
1738080000000,237.49,237.77,230.31,232.17,33380.53
1738094400000,232.17,232.6,225.09,227.06,38728.01
1738108800000,227.06,232.0,226.79,231.2,20412.95
1738123200000,231.2,234.78,229.83,234.41,19460.8
1738137600000,234.41,235.89,230.14,231.98,19491.97
1738152000000,231.98,232.03,226.03,228.41,33448.48
1738166400000,228.41,236.06,222.62,231.63,78788.38
1738180800000,231.63,238.4,227.61,228.15,56333.23
1738195200000,228.15,240.93,226.84,240.25,44624.67
1738209600000,240.25,242.13,237.2,238.91,38009.68
1738224000000,238.91,241.88,238.03,241.78,23480.61
1738238400000,241.78,244.7,239.11,241.09,42255.22
1738252800000,241.09,243.42,238.83,241.13,29671.61
1738267200000,241.13,242.18,238.3,238.3,23835.08
1738281600000,238.3,239.19,235.14,235.95,24709.72
1738296000000,235.95,238.39,234.92,235.72,14923.16
1738310400000,235.72,239.04,234.24,238.74,30679.72
1738324800000,238.74,241.82,236.05,240.1,40736.51
1738339200000,240.1,240.15,230.17,230.52,40342.45
1738353600000,230.52,231.86,228.24,231.76,26318.47
1738368000000,231.76,234.23,230.61,231.46,26966.1
1738382400000,231.46,233.08,230.0,230.68,11851.37
1738396800000,230.68,230.93,226.3,228.1,27304.03
1738411200000,228.1,229.46,224.84,226.38,29670.19
1738425600000,226.38,227.64,221.02,221.76,22958.03
1738440000000,221.76,221.76,212.74,213.03,54127.23
1738454400000,213.03,218.83,206.84,207.11,54042.35
1738468800000,207.11,214.08,206.75,211.78,42796.07
1738483200000,211.78,215.78,207.71,208.7,37977.16
1738497600000,208.7,214.18,208.24,212.06,38820.77
1738512000000,212.06,212.13,195.0,203.54,124824.26
1738526400000,203.54,206.77,192.42,203.49,108128.6
1738540800000,203.49,203.88,175.97,197.91,278891.1
1738555200000,197.91,199.9,189.28,199.08,123115.13
1738569600000,199.08,202.15,193.39,198.7,74299.12
1738584000000,198.7,209.99,189.9,207.04,147281.21
1738598400000,207.04,215.27,203.68,215.2,70278.03
1738612800000,215.2,218.67,209.91,216.28,61674.57
1738627200000,216.28,219.97,213.89,215.48,39051.49
1738641600000,215.48,216.08,201.88,204.26,82054.36
1738656000000,204.26,210.8,202.48,207.66,45418.07
1738670400000,207.66,216.74,207.66,215.65,62062.43
1738684800000,215.65,218.34,208.27,208.27,57642.58
1738699200000,208.27,210.48,202.53,206.61,64368.12
1738713600000,206.61,209.39,205.12,207.4,27353.25
1738728000000,207.4,208.31,203.54,205.09,23839.33
1738742400000,205.09,206.92,202.92,206.29,24212.13
1738756800000,206.29,207.62,201.43,201.84,33610.39
1738771200000,201.84,202.12,196.42,199.55,49515.58
1738785600000,199.55,200.65,195.14,196.12,25101.99
1738800000000,196.12,201.27,196.01,200.71,22473.67
1738814400000,200.71,203.98,200.28,201.99,39615.25
1738828800000,201.99,202.93,198.66,200.27,19520.42
1738843200000,200.27,200.65,190.55,191.23,41877.67
1738857600000,191.23,192.95,188.37,189.9,42810.99
1738872000000,189.9,194.65,187.44,189.53,37906.87
1738886400000,189.53,195.87,189.18,193.29,38834.72
1738900800000,193.29,195.35,189.19,192.54,27993.17
1738915200000,192.54,198.67,191.7,198.48,27865.23
1738929600000,198.48,203.41,195.84,198.07,80425.31
1738944000000,198.07,199.14,194.67,195.43,30836.09
1738958400000,195.43,195.64,188.13,191.99,29912.87
1738972800000,191.99,194.26,191.39,192.99,19855.14
1738987200000,192.99,193.34,189.81,192.78,20840.62
1739001600000,192.78,194.96,191.64,194.42,18469.15
1739016000000,194.42,196.44,192.75,193.42,61338.9
1739030400000,193.42,198.4,193.2,196.89,24472.51
1739044800000,196.89,200.88,196.75,199.32,18785.11
1739059200000,199.32,206.99,198.53,206.95,31178.95
1739073600000,206.95,207.37,203.83,203.96,27141.16
1739088000000,203.96,204.58,201.23,201.45,23893.73
1739102400000,201.45,202.83,196.46,200.69,35201.36
1739116800000,200.69,202.23,197.83,199.07,17313.07
1739131200000,199.07,202.63,193.55,200.46,38121.26
1739145600000,200.46,205.09,195.86,201.97,51471.83
1739160000000,201.97,204.6,199.94,202.78,41455.34
1739174400000,202.78,205.97,202.57,204.5,36205.65
1739188800000,204.5,209.04,201.5,203.06,52835.58
1739203200000,203.06,204.36,201.06,201.36,29465.41
1739217600000,201.36,202.77,199.28,200.46,23666.58
1739232000000,200.46,204.66,199.94,201.11,43295.49
1739246400000,201.11,206.17,201.04,204.39,60166.44
1739260800000,204.39,205.94,201.25,203.39,41263.83
1739275200000,203.39,203.4,197.81,199.46,42721.72
1739289600000,199.46,200.12,195.12,195.66,24582.83
1739304000000,195.66,199.49,195.52,197.95,24504.74
1739318400000,197.95,198.56,193.85,194.35,22939.69
1739332800000,194.35,196.24,193.14,195.22,19217.84
1739347200000,195.22,198.02,195.09,197.36,18264.68
1739361600000,197.36,198.55,188.49,191.98,87830.82
1739376000000,191.98,196.65,189.35,193.7,50608.11
1739390400000,193.7,198.45,193.02,196.78,32217.99
1739404800000,196.78,198.19,195.01,198.19,25858.29
1739419200000,198.19,198.47,192.75,193.06,22362.95
1739433600000,193.06,193.53,191.11,191.9,22177.24
1739448000000,191.9,193.12,188.9,191.93,41454.0
1739462400000,191.93,194.6,190.02,192.68,26817.41
1739476800000,192.68,195.45,192.57,194.24,16487.77
1739491200000,194.24,197.35,194.1,197.0,17858.43
1739505600000,197.0,197.37,194.72,196.59,14873.77
1739520000000,196.59,201.4,196.35,199.58,40343.55
1739534400000,199.58,202.11,196.45,200.86,39229.25
1739548800000,200.86,205.34,198.85,201.56,52236.23
1739563200000,201.56,202.24,198.09,199.4,48503.15
1739577600000,199.4,200.27,196.76,198.36,29709.25
1739592000000,198.36,198.87,195.25,195.91,14694.39
1739606400000,195.91,196.74,193.9,194.85,24904.88
1739620800000,194.85,196.06,193.27,194.66,18410.87
1739635200000,194.66,195.1,193.32,194.17,10542.95
1739649600000,194.17,195.03,192.63,194.48,10872.03
1739664000000,194.48,195.5,193.05,194.72,16918.34
1739678400000,194.72,196.24,192.34,192.89,14880.09
1739692800000,192.89,194.0,192.21,193.73,11367.26
1739707200000,193.73,193.78,189.23,190.32,33612.41
1739721600000,190.32,191.27,187.64,189.27,30013.71
1739736000000,189.27,189.89,186.37,188.26,20306.82
1739750400000,188.26,189.72,185.3,186.34,19488.49
1739764800000,186.34,186.49,180.77,181.35,53493.98
1739779200000,181.35,185.49,180.77,184.25,38760.44
1739793600000,184.25,186.94,179.92,180.37,43565.21
1739808000000,180.37,181.4,174.69,177.1,61714.91
1739822400000,177.1,181.3,177.01,177.53,28844.38
1739836800000,177.53,179.07,175.45,177.97,27375.72
1739851200000,177.97,178.01,163.93,165.64,107250.72
1739865600000,165.64,170.91,163.17,168.71,73925.83
1739880000000,168.71,171.5,164.36,165.94,50225.0
1739894400000,165.94,167.12,160.89,165.32,65120.75
1739908800000,165.32,169.79,163.94,169.32,39892.74
1739923200000,169.32,170.86,166.67,167.5,35749.46
1739937600000,167.5,169.84,163.76,168.93,36338.59
1739952000000,168.93,174.3,168.43,173.91,38044.32
1739966400000,173.91,174.11,168.15,169.75,40210.21
1739980800000,169.75,173.43,168.19,168.7,32324.91
1739995200000,168.7,169.95,166.42,168.94,29945.81
1740009600000,168.94,172.88,167.66,172.44,30618.41
1740024000000,172.44,174.97,170.86,171.76,28739.5
1740038400000,171.76,175.14,170.92,174.03,32984.24
1740052800000,174.03,176.64,171.22,171.58,46454.85
1740067200000,171.58,175.46,171.22,174.99,23396.81
1740081600000,174.99,176.54,173.17,176.01,25956.59
1740096000000,176.01,176.46,173.0,173.28,22037.68
1740110400000,173.28,176.8,173.27,175.87,28752.61
1740124800000,175.87,180.28,175.85,177.2,43538.93
1740139200000,177.2,180.52,170.58,173.19,65766.78
1740153600000,173.19,175.63,168.24,168.37,62411.17
1740168000000,168.37,169.97,167.15,168.94,28141.79
1740182400000,168.94,172.76,168.08,170.35,31097.89
1740196800000,170.35,172.84,170.09,171.74,19717.11
1740211200000,171.74,174.14,171.36,173.56,26210.98
1740225600000,173.56,174.6,172.65,174.23,18878.35
1740240000000,174.23,174.68,172.3,172.63,19006.66
1740254400000,172.63,173.62,171.89,172.06,11519.83
1740268800000,172.06,172.31,170.19,170.61,16591.65
1740283200000,170.61,173.07,169.95,172.85,13982.01
1740297600000,172.85,172.91,169.47,169.6,12815.6
1740312000000,169.6,169.92,166.59,166.76,28220.3
1740326400000,166.76,168.72,166.75,167.7,16776.94
1740340800000,167.7,168.86,166.44,167.94,13841.18
1740355200000,167.94,169.68,160.57,161.01,51671.15
1740369600000,161.01,161.75,157.12,160.99,59955.26
1740384000000,160.99,161.11,155.39,159.27,54640.02
1740398400000,159.27,160.4,150.69,152.65,93505.73
1740412800000,152.65,155.15,148.01,150.1,66970.17
1740427200000,150.1,152.67,138.0,141.81,139321.5
1740441600000,141.81,144.45,138.18,138.87,142625.27
1740456000000,138.87,142.0,133.01,136.34,178767.24
1740470400000,136.34,141.36,131.96,141.27,117632.61
1740484800000,141.27,141.83,134.54,138.84,95449.99
1740499200000,138.84,145.56,137.97,145.44,76755.2
1740513600000,145.44,147.08,143.25,144.33,45123.4
1740528000000,144.33,145.19,141.64,143.32,35134.71
1740542400000,143.32,144.7,139.63,140.19,32490.97
1740556800000,140.19,142.21,138.03,138.11,34131.65
1740571200000,138.11,140.46,134.65,139.26,67198.91
1740585600000,139.26,139.78,130.66,131.95,80212.39
1740600000000,131.95,137.87,130.89,135.33,58083.21
1740614400000,135.33,139.05,134.97,138.57,41224.81
1740628800000,138.57,142.87,137.05,140.99,41657.51
1740643200000,140.99,142.46,139.27,140.48,39164.65
1740657600000,140.48,141.27,136.3,139.62,55209.21
1740672000000,139.62,140.15,135.64,136.29,33847.73
1740686400000,136.29,138.21,134.71,137.67,48650.22
1740700800000,137.67,137.98,127.18,127.57,115388.73
1740715200000,127.57,129.6,125.56,128.54,91704.94
1740729600000,128.54,134.71,127.9,133.57,73699.95
1740744000000,133.57,147.85,133.0,145.68,170985.55
1740758400000,145.68,147.25,143.76,146.36,65531.45
1740772800000,146.36,148.7,144.62,148.18,40493.03
1740787200000,148.18,151.23,145.54,145.71,73192.32
1740801600000,145.71,147.16,142.2,142.48,44026.9
1740816000000,142.48,144.27,139.53,140.36,45485.47
1740830400000,140.36,141.71,138.57,140.37,34940.82
1740844800000,140.37,141.5,138.83,140.53,31111.83
1740859200000,140.53,143.82,139.9,143.67,30027.98
1740873600000,143.67,145.98,142.77,143.86,35914.58
1740888000000,143.86,145.16,142.24,143.79,20564.9
1740902400000,143.79,144.88,142.48,143.49,22463.02
1740916800000,143.49,163.35,140.04,157.45,194643.57
1740931200000,157.45,179.76,157.45,172.22,388421.13
1740945600000,172.22,179.31,171.66,178.72,96088.97
1740960000000,178.72,179.46,168.11,169.89,85998.79
1740974400000,169.89,170.56,159.85,162.26,81522.65
1740988800000,162.26,163.37,156.84,161.09,62305.58
1741003200000,161.09,167.06,154.21,157.78,141833.69
1741017600000,157.78,159.61,140.1,141.86,150319.98
1741032000000,141.86,144.97,139.29,142.16,90415.44
1741046400000,142.16,145.07,132.48,136.37,122147.8
1741060800000,136.37,139.58,135.64,136.01,50496.1
1741075200000,136.01,138.58,134.63,136.97,54053.43
1741089600000,136.97,143.37,132.65,138.6,165321.41
1741104000000,138.6,144.76,130.69,143.16,111021.53
1741118400000,143.16,146.85,141.59,144.79,69880.77
1741132800000,144.79,145.55,141.75,141.82,41512.36
1741147200000,141.82,144.09,140.82,142.89,40610.11
1741161600000,142.89,149.72,142.74,147.1,56595.37
1741176000000,147.1,149.23,140.32,141.67,67790.11
1741190400000,141.67,146.46,140.2,144.77,45796.9
1741204800000,144.77,146.81,143.91,146.28,25495.98
1741219200000,146.28,150.67,144.54,148.73,39538.0
1741233600000,148.73,150.65,147.62,148.62,33751.73
1741248000000,148.62,152.91,148.34,151.7,43714.32
1741262400000,151.7,151.92,145.07,149.03,69979.87
1741276800000,149.03,149.43,142.44,143.58,42005.7
1741291200000,143.58,145.91,143.19,143.31,29257.38
1741305600000,143.31,145.57,135.04,140.8,99081.32
1741320000000,140.8,144.63,140.62,144.34,23731.26
1741334400000,144.34,146.2,141.9,143.58,74314.6
1741348800000,143.58,148.12,141.76,144.89,75136.11
1741363200000,144.89,150.89,141.34,146.36,82789.89
1741377600000,146.36,147.62,137.5,139.39,78585.4
1741392000000,139.39,141.09,137.79,139.65,34938.73
1741406400000,139.65,141.03,138.33,138.78,24550.08
1741420800000,138.78,139.21,136.64,137.57,20501.12
1741435200000,137.57,138.75,136.11,137.21,61936.53
1741449600000,137.21,138.89,135.28,138.45,22734.95
1741464000000,138.45,138.59,136.35,137.0,12381.05
1741478400000,137.0,138.51,136.54,137.92,12962.43
1741492800000,137.92,139.88,137.67,139.62,16757.66
1741507200000,139.62,139.78,135.64,136.32,29404.19
1741521600000,136.32,136.44,129.82,130.17,58396.18
1741536000000,130.17,131.53,125.82,129.19,66119.39
1741550400000,129.19,130.59,125.44,126.51,42227.51
1741564800000,126.51,129.1,124.13,126.59,56485.14
1741579200000,126.59,129.21,126.47,128.1,43360.89
1741593600000,128.1,131.56,125.91,129.92,52083.96
1741608000000,129.92,130.89,120.19,121.96,89730.82
1741622400000,121.96,122.36,115.48,119.72,105632.22
1741636800000,119.72,120.23,117.57,118.27,34801.95
1741651200000,118.27,121.87,112.1,119.95,108936.82
1741665600000,119.95,124.01,119.74,123.08,49965.39
1741680000000,123.08,125.82,122.94,124.72,60440.51
1741694400000,124.72,126.26,118.59,124.99,89725.78
1741708800000,124.99,128.42,122.84,128.18,52648.24
1741723200000,128.18,128.25,125.08,125.35,23300.55
1741737600000,125.35,127.03,122.47,122.52,31069.14
1741752000000,122.52,123.53,121.22,123.18,50881.31
1741766400000,123.18,126.84,122.88,126.76,43760.72
1741780800000,126.76,131.3,123.05,124.57,76758.68
1741795200000,124.57,126.3,123.31,125.05,34597.89
1741809600000,125.05,127.07,123.99,126.62,24896.09
1741824000000,126.62,127.46,124.73,124.98,26157.18
1741838400000,124.98,125.36,123.05,124.24,26840.66
1741852800000,124.24,128.02,123.64,126.88,30116.89
1741867200000,126.88,128.76,123.61,124.34,45324.34
1741881600000,124.34,124.4,121.09,121.45,29610.0
1741896000000,121.45,124.37,120.84,123.37,16892.62
1741910400000,123.37,125.47,122.98,124.48,22714.77
1741924800000,124.48,125.61,124.41,124.68,20350.51
1741939200000,124.68,126.59,124.62,126.17,20002.31
1741953600000,126.17,134.0,125.45,132.13,93455.81
1741968000000,132.13,134.71,130.89,134.28,33880.64
1741982400000,134.28,136.02,132.34,133.52,29218.37
1741996800000,133.52,135.29,132.92,135.03,21141.02
1742011200000,135.03,135.43,132.73,132.88,23142.57
1742025600000,132.88,133.7,132.44,133.37,20154.98
1742040000000,133.37,135.8,133.09,135.12,25303.87
1742054400000,135.12,136.53,133.61,134.5,26274.79
1742068800000,134.5,136.5,134.37,135.87,10948.04
1742083200000,135.87,136.71,134.13,135.49,16147.37
1742097600000,135.49,136.23,133.87,134.63,19194.29
1742112000000,134.63,134.96,129.69,129.89,39126.4
1742126400000,129.89,130.86,127.49,128.79,37879.23
1742140800000,128.79,131.25,126.08,126.83,40300.88
1742155200000,126.83,127.77,125.2,126.12,19733.51
1742169600000,126.12,129.23,125.86,128.97,32206.25
1742184000000,128.97,129.5,126.52,129.25,19218.84
1742198400000,129.25,129.62,128.42,129.17,19726.54
1742212800000,129.17,130.11,125.55,127.52,43086.85
1742227200000,127.52,130.64,126.66,129.84,37151.57
1742241600000,129.84,129.95,127.77,128.02,17914.33
1742256000000,128.02,128.18,123.54,124.15,49695.0
1742270400000,124.15,125.25,123.27,125.19,39647.94
1742284800000,125.19,125.96,123.19,123.54,28251.5
1742299200000,123.54,123.78,121.77,122.56,38148.27
1742313600000,122.56,124.5,122.46,124.22,25909.75
1742328000000,124.22,125.71,123.53,125.33,17918.91
1742342400000,125.33,126.71,124.21,126.46,23438.35
1742356800000,126.46,126.88,125.39,125.73,31346.95
1742371200000,125.73,129.53,125.7,128.7,30851.03
1742385600000,128.7,132.74,126.97,132.32,69995.12
1742400000000,132.32,134.32,128.22,133.03,62495.24
1742414400000,133.03,136.07,133.0,135.33,30896.99
1742428800000,135.33,136.12,132.83,133.91,30729.31
1742443200000,133.91,134.96,132.76,134.01,19788.43
1742457600000,134.01,134.55,130.31,130.65,30223.72
1742472000000,130.65,132.29,128.52,128.92,40243.2
1742486400000,128.92,129.37,126.65,127.95,28499.5
1742500800000,127.95,128.49,127.21,127.6,13915.66
1742515200000,127.6,129.07,127.34,127.94,19642.14
1742529600000,127.94,128.76,127.4,128.07,15058.03
1742544000000,128.07,129.1,125.74,126.4,28489.82
1742558400000,126.4,127.77,125.39,125.97,28270.31
1742572800000,125.97,129.72,124.85,128.23,42125.44
1742587200000,128.23,130.18,127.56,128.48,19804.07
1742601600000,128.48,129.37,127.8,128.87,16118.73
1742616000000,128.87,129.75,128.53,128.82,18380.15
1742630400000,128.82,131.83,128.76,130.34,23592.26
1742644800000,130.34,130.53,128.64,129.25,18466.97
1742659200000,129.25,130.27,128.9,129.98,15486.68
1742673600000,129.98,130.06,128.12,128.51,12391.11
1742688000000,128.51,130.85,128.21,130.85,13742.29
1742702400000,130.85,131.48,129.73,131.15,15269.73
1742716800000,131.15,134.06,130.95,133.11,27735.64
1742731200000,133.11,133.83,132.22,132.52,25989.79
1742745600000,132.52,132.74,130.34,130.55,19840.31
1742760000000,130.55,132.85,130.2,132.85,16297.77
1742774400000,132.85,138.45,132.04,138.17,56701.2
1742788800000,138.17,139.36,137.77,138.88,47747.63
1742803200000,138.88,144.13,138.6,143.42,52063.8
1742817600000,143.42,144.95,142.31,143.26,61342.52
1742832000000,143.26,143.44,141.29,142.76,27777.15
1742846400000,142.76,143.62,139.64,141.01,29207.68
1742860800000,141.01,142.29,138.2,138.57,31682.31
1742875200000,138.57,140.36,138.17,139.45,20406.5
1742889600000,139.45,143.43,139.45,142.15,29303.64
1742904000000,142.15,147.47,141.11,145.27,77474.32
1742918400000,145.27,146.24,143.64,145.05,29637.97
1742932800000,145.05,146.08,142.48,143.64,27765.34
1742947200000,143.64,144.62,141.5,141.84,24675.71
1742961600000,141.84,144.89,141.64,144.51,25644.22
1742976000000,144.51,145.49,143.79,144.58,23234.41
1742990400000,144.58,145.07,139.0,139.33,59641.14
1743004800000,139.33,140.2,136.23,137.46,35241.37
1743019200000,137.46,138.52,135.9,137.35,24778.74
1743033600000,137.35,140.22,136.82,139.93,28884.63
1743048000000,139.93,140.07,137.91,138.89,22036.58
1743062400000,138.89,139.29,137.13,137.41,29709.38
1743076800000,137.41,139.82,135.65,137.79,44415.51
1743091200000,137.79,139.7,137.36,139.02,20731.3
1743105600000,139.02,139.95,138.11,138.43,15852.57
1743120000000,138.43,139.05,136.0,136.78,38242.12
1743134400000,136.78,137.35,131.38,131.63,67315.21
1743148800000,131.63,132.67,130.37,131.93,35343.97
1743163200000,131.93,132.45,129.14,129.92,40973.07
1743177600000,129.92,130.3,129.05,129.43,27144.67
1743192000000,129.43,130.46,127.74,129.49,22552.32
1743206400000,129.49,130.54,126.62,128.84,26872.47
1743220800000,128.84,129.13,125.46,126.38,34330.68
1743235200000,126.38,127.1,124.32,125.3,34307.01
1743249600000,125.3,126.82,125.0,126.3,21901.2
1743264000000,126.3,126.79,123.71,125.29,29207.36
1743278400000,125.29,125.42,122.71,124.55,19912.3
1743292800000,124.55,126.6,123.48,125.71,21279.23
1743307200000,125.71,126.57,125.16,125.47,13193.7
1743321600000,125.47,126.43,124.66,125.12,17188.38
1743336000000,125.12,125.59,123.16,124.93,25558.28
1743350400000,124.93,127.08,123.0,125.84,18177.92
1743364800000,125.84,126.37,123.19,124.82,18942.68
1743379200000,124.82,127.62,122.75,124.55,27764.92
1743393600000,124.55,127.05,124.33,125.89,28198.63
1743408000000,125.89,126.69,123.05,124.3,32606.13
1743422400000,124.3,127.81,123.24,126.78,76242.66
1743436800000,126.78,127.36,123.83,125.24,33927.55
1743451200000,125.24,126.27,124.5,124.54,30332.96
1743465600000,124.54,126.72,123.77,126.06,30170.49
1743480000000,126.06,126.78,125.6,126.69,20871.88
1743494400000,126.69,129.95,126.68,127.61,42826.48
1743508800000,127.61,130.46,124.67,129.26,72263.63
1743523200000,129.26,129.64,125.52,126.83,32403.01
1743537600000,126.83,127.53,125.3,126.68,18554.66
1743552000000,126.68,126.95,124.12,124.32,24046.5
1743566400000,124.32,125.03,123.5,124.55,20106.51
1743580800000,124.55,126.74,124.3,125.7,22891.42
1743595200000,125.7,131.05,125.11,130.43,82518.08
1743609600000,130.43,131.79,129.16,131.42,45458.87
1743624000000,131.42,136.2,117.23,117.4,166672.38
1743638400000,117.4,120.94,116.25,119.81,77998.95
1743652800000,119.81,120.81,117.9,118.63,54404.79
1743667200000,118.63,119.23,115.18,115.74,51796.05
1743681600000,115.74,116.01,112.25,114.15,76015.97
1743696000000,114.15,115.98,113.26,115.4,54408.82
1743710400000,115.4,117.44,115.1,117.13,24924.22
1743724800000,117.13,117.46,114.63,115.4,30907.31
1743739200000,115.4,118.35,114.72,118.16,42132.56
1743753600000,118.16,119.94,113.29,114.53,59859.48
1743768000000,114.53,121.0,113.95,118.6,93499.77
1743782400000,118.6,123.91,118.22,122.64,78636.48
1743796800000,122.64,124.0,121.78,122.8,28637.39
1743811200000,122.8,122.85,120.67,120.73,22162.97
1743825600000,120.73,121.32,120.18,121.07,14250.13
1743840000000,121.07,121.95,119.88,120.28,19028.06
1743854400000,120.28,120.33,117.15,117.55,30494.58
1743868800000,117.55,119.35,117.52,118.63,16214.41
1743883200000,118.63,120.54,118.41,120.32,18640.37
1743897600000,120.32,121.12,119.43,119.98,14871.61
1743912000000,119.98,120.6,118.82,119.21,15325.07
1743926400000,119.21,120.18,118.19,118.62,14459.8
1743940800000,118.62,118.86,114.31,114.97,44923.43
1743955200000,114.97,115.26,106.29,108.08,110930.39
1743969600000,108.08,108.55,103.85,105.9,85848.31
1743984000000,105.9,107.82,102.22,103.27,83151.13
1743998400000,103.27,103.76,95.27,97.15,147273.34
1744012800000,97.15,102.63,96.94,100.28,95708.26
1744027200000,100.28,112.94,99.74,106.67,267767.0
1744041600000,106.67,107.97,103.56,105.69,67996.75
1744056000000,105.69,109.3,105.69,106.98,35710.03
1744070400000,106.98,112.57,106.66,111.3,52393.62
1744084800000,111.3,112.16,107.99,108.7,40204.89
1744099200000,108.7,111.81,107.15,111.56,40623.37
1744113600000,111.56,112.2,106.68,107.21,87809.9
1744128000000,107.21,107.29,102.98,104.05,76983.98
1744142400000,104.05,106.49,103.67,105.41,43879.23
1744156800000,105.41,106.6,101.27,103.16,75748.84
1744171200000,103.16,107.84,103.04,107.37,64233.3
1744185600000,107.37,108.25,102.75,103.43,67199.15
1744200000000,103.43,107.43,102.32,106.54,64715.94
1744214400000,106.54,120.77,106.23,118.97,204805.9
1744228800000,118.97,120.5,118.07,119.05,53067.13
1744243200000,119.05,119.3,114.5,115.5,46852.03
1744257600000,115.5,116.99,114.06,114.79,66980.69
1744272000000,114.79,115.24,113.39,113.95,35431.8
1744286400000,113.95,115.76,109.4,109.59,96712.38
1744300800000,109.59,111.9,108.3,111.34,56986.8
1744315200000,111.34,113.4,111.27,112.81,27110.26
1744329600000,112.81,115.77,112.16,115.42,33643.42
1744344000000,115.42,117.76,115.0,116.6,26346.45
1744358400000,116.6,119.38,115.88,118.03,55799.44
1744372800000,118.03,121.55,117.58,119.93,85237.22
1744387200000,119.93,121.99,118.66,120.88,45496.18
1744401600000,120.88,122.65,119.99,121.4,26743.42
1744416000000,121.4,122.23,119.43,120.18,29249.64
1744430400000,120.18,124.57,119.82,124.25,49401.11
1744444800000,124.25,125.52,124.02,124.6,30252.29
1744459200000,124.6,131.74,124.39,130.47,100973.76
1744473600000,130.47,131.55,128.22,130.71,46271.84
1744488000000,130.71,134.05,130.64,132.24,42576.57
1744502400000,132.24,133.96,130.87,131.81,37683.24
1744516800000,131.81,132.02,128.17,128.54,35006.41
1744531200000,128.54,131.6,128.2,129.8,38614.7
1744545600000,129.8,130.43,126.82,128.73,43735.99
1744560000000,128.73,132.56,127.06,128.22,45257.08
1744574400000,128.22,129.84,125.32,128.37,42135.16
1744588800000,128.37,136.12,127.98,131.73,57771.37
1744603200000,131.73,134.34,131.13,132.3,29806.54
1744617600000,132.3,134.14,131.5,133.51,32745.32
1744632000000,133.51,134.79,128.12,128.8,66192.71
1744646400000,128.8,131.99,128.08,131.07,35300.35
1744660800000,131.07,131.2,128.64,129.41,22961.14
1744675200000,129.41,130.75,127.72,130.53,33109.36
1744689600000,130.53,132.3,129.68,131.55,26329.91
1744704000000,131.55,133.91,131.39,132.15,32349.91
1744718400000,132.15,134.45,129.08,129.61,55293.56
1744732800000,129.61,130.6,127.31,127.91,32437.86
1744747200000,127.91,128.59,125.83,126.11,33554.65
1744761600000,126.11,127.34,124.81,126.44,32608.95
1744776000000,126.44,126.68,124.39,124.78,27334.24
1744790400000,124.78,126.66,123.5,126.26,36344.67
1744804800000,126.26,129.59,124.46,128.37,69248.06
1744819200000,128.37,133.86,124.87,132.46,104442.55
1744833600000,132.46,133.71,130.78,131.32,41435.07
1744848000000,131.32,132.66,129.5,129.78,33169.1
1744862400000,129.78,135.59,129.62,134.25,52365.57
1744876800000,134.25,135.0,132.45,133.12,33174.29
1744891200000,133.12,134.5,130.55,133.44,52003.01
1744905600000,133.44,136.17,132.01,132.92,47298.72
1744920000000,132.92,135.29,132.91,134.83,22346.84
1744934400000,134.83,136.02,133.78,134.51,36148.19
1744948800000,134.51,135.02,133.26,134.91,26528.1
1744963200000,134.91,135.54,133.56,134.27,26154.12
1744977600000,134.27,135.2,132.46,132.91,53193.91
1744992000000,132.91,134.47,132.7,134.22,16073.64
1745006400000,134.22,134.4,133.24,134.04,12010.88
1745020800000,134.04,139.12,133.58,138.83,52169.39
1745035200000,138.83,139.47,137.78,138.77,25554.52
1745049600000,138.77,139.96,138.47,138.77,31173.07
1745064000000,138.77,140.49,138.5,138.95,25583.4
1745078400000,138.95,139.48,137.68,138.7,28421.49
1745092800000,138.7,139.9,138.34,139.87,13927.73
1745107200000,139.87,141.96,139.39,140.97,27961.55
1745121600000,140.97,141.58,138.6,139.62,27008.58
1745136000000,139.62,139.8,135.82,136.38,77701.0
1745150400000,136.38,138.01,135.64,135.97,37853.44
1745164800000,135.97,137.25,135.72,137.2,19070.03
1745179200000,137.2,138.5,136.36,137.87,22954.28
1745193600000,137.87,143.24,137.66,139.39,65342.39
1745208000000,139.39,141.85,139.22,140.18,34163.81
1745222400000,140.18,141.14,138.31,138.99,25164.64
1745236800000,138.99,140.12,136.77,138.33,57906.84
1745251200000,138.33,138.82,133.83,136.94,81482.43
1745265600000,136.94,137.43,135.35,136.57,24303.85
1745280000000,136.57,139.87,134.68,139.35,40387.62
1745294400000,139.35,140.61,138.43,140.2,35497.73
1745308800000,140.2,140.78,138.96,140.45,24926.52
1745323200000,140.45,145.52,140.1,145.32,75406.12
1745337600000,145.32,147.66,143.52,144.3,53610.69
1745352000000,144.3,150.2,143.46,148.78,71504.0
1745366400000,148.78,149.47,147.13,149.24,36750.91
1745380800000,149.24,152.3,148.58,151.58,52869.65
1745395200000,151.58,153.74,151.01,152.1,53113.56
1745409600000,152.1,154.2,148.71,151.41,85512.48
1745424000000,151.41,152.49,148.94,150.18,35510.23
1745438400000,150.18,151.82,149.83,151.1,20954.96
1745452800000,151.1,151.43,147.67,147.77,33621.13
1745467200000,147.77,149.17,146.98,147.16,27384.51
1745481600000,147.16,147.74,145.0,147.69,47606.57
1745496000000,147.69,151.46,147.08,149.34,47844.06
1745510400000,149.34,152.45,148.85,151.53,40111.12
1745524800000,151.53,152.9,150.02,152.54,22016.25
1745539200000,152.54,154.49,150.53,151.74,35582.03
1745553600000,151.74,154.98,150.74,154.86,31024.84
1745568000000,154.86,155.01,152.94,154.75,46004.39
1745582400000,154.75,157.0,152.21,152.94,75814.9
1745596800000,152.94,153.21,150.46,151.39,36877.05
1745611200000,151.39,152.5,149.88,150.82,26838.64
1745625600000,150.82,153.16,150.82,151.36,21232.64
1745640000000,151.36,152.35,150.0,151.36,16697.31
1745654400000,151.36,152.32,148.01,148.51,31805.07
1745668800000,148.51,149.58,147.75,149.31,23838.13
1745683200000,149.31,149.46,148.33,149.25,12454.53
1745697600000,149.25,149.67,148.34,149.21,12403.82
1745712000000,149.21,150.41,146.08,147.56,29092.51
1745726400000,147.56,147.88,145.51,147.41,16370.15
1745740800000,147.41,148.77,147.35,147.96,11764.21
1745755200000,147.96,149.75,147.01,149.02,21024.59
1745769600000,149.02,150.25,148.2,150.02,13640.87
1745784000000,150.02,150.1,147.83,147.98,14370.29
1745798400000,147.98,149.56,144.63,148.39,36848.73
1745812800000,148.39,151.5,148.39,151.09,22965.17
1745827200000,151.09,153.4,148.98,151.7,57577.93
1745841600000,151.7,151.84,145.53,146.34,46846.62
1745856000000,146.34,148.89,145.38,148.42,29426.34
1745870400000,148.42,148.45,146.54,147.84,18611.33
1745884800000,147.84,149.21,146.93,147.47,28427.42
1745899200000,147.47,148.96,145.57,148.89,24034.68
1745913600000,148.89,149.5,147.61,148.99,25652.05
1745928000000,148.99,149.24,146.89,148.02,27032.77
1745942400000,148.02,150.38,147.7,149.24,27498.49
1745956800000,149.24,149.52,145.0,146.31,30095.1
1745971200000,146.31,148.65,145.06,148.17,27111.71
1745985600000,148.17,148.37,146.11,146.4,17432.79
1746000000000,146.4,148.0,146.04,147.93,12321.46
1746014400000,147.93,147.99,140.33,142.22,60603.67
1746028800000,142.22,146.07,141.37,145.61,31742.4
1746043200000,145.61,148.11,145.36,147.53,25378.19
1746057600000,147.53,149.61,147.53,148.71,23634.54
1746072000000,148.71,150.25,147.99,149.8,20165.97
1746086400000,149.8,152.46,149.55,151.75,31899.57
1746100800000,151.75,153.94,150.63,151.81,51838.61
1746115200000,151.81,152.86,150.08,150.22,49067.77
1746129600000,150.22,150.96,149.87,150.85,14653.1
1746144000000,150.85,151.71,150.06,150.78,25569.88
1746158400000,150.78,151.05,148.38,148.52,26780.05
1746172800000,148.52,150.8,148.4,150.73,16985.1
1746187200000,150.73,151.9,149.37,149.89,34689.01
1746201600000,149.89,151.42,147.74,148.08,26022.07
1746216000000,148.08,148.64,147.32,148.05,14071.47
1746230400000,148.05,149.05,147.51,148.29,14689.59
1746244800000,148.29,148.58,147.39,148.08,12308.25
1746259200000,148.08,148.38,146.68,147.14,20364.66
1746273600000,147.14,148.99,147.13,148.47,20969.13
1746288000000,148.47,148.47,145.83,147.42,17789.18
1746302400000,147.42,147.91,146.64,146.71,10286.17
1746316800000,146.71,147.7,145.51,145.6,13686.63
1746331200000,145.6,146.54,145.17,145.61,16793.19
1746345600000,145.61,146.01,144.68,145.46,25506.84
1746360000000,145.46,147.26,144.95,146.84,16348.67
1746374400000,146.84,147.8,146.0,146.18,18005.72
1746388800000,146.18,147.14,143.64,143.94,21672.93
1746403200000,143.94,145.44,142.5,144.9,24603.13
1746417600000,144.9,147.36,144.9,146.87,20185.51
1746432000000,146.87,147.05,143.56,144.19,18371.92
1746446400000,144.19,145.43,143.17,143.77,25490.46
1746460800000,143.77,147.14,143.68,146.48,27436.46
1746475200000,146.48,147.73,144.94,146.69,22229.69
1746489600000,146.69,146.83,143.8,144.63,25569.13
1746504000000,144.63,145.88,144.32,145.28,14623.68
1746518400000,145.28,145.28,142.01,142.58,24907.57
1746532800000,142.58,143.96,141.43,143.18,30151.66
1746547200000,143.18,145.28,142.42,144.85,24892.9
1746561600000,144.85,147.23,143.52,146.89,32842.05
1746576000000,146.89,149.53,145.43,146.23,36614.71
1746590400000,146.23,147.32,145.43,147.27,13757.97
1746604800000,147.27,148.29,146.93,147.6,18196.63
1746619200000,147.6,147.74,145.43,145.74,24122.55
1746633600000,145.74,147.34,144.68,145.76,31011.95
1746648000000,145.76,148.35,145.48,147.32,33989.94
1746662400000,147.32,151.18,147.09,150.87,35555.67
1746676800000,150.87,151.95,149.98,151.56,49129.79
1746691200000,151.56,155.28,151.53,154.57,45439.2
1746705600000,154.57,163.09,154.18,160.24,101612.63
1746720000000,160.24,161.07,158.52,160.54,62711.47
1746734400000,160.54,164.59,159.77,164.47,62990.23
1746748800000,164.47,164.47,161.34,161.38,38253.72
1746763200000,161.38,166.91,161.07,165.08,49041.44
1746777600000,165.08,176.15,164.3,172.32,131881.11
1746792000000,172.32,173.44,167.43,170.76,81539.67
1746806400000,170.76,172.59,168.58,171.89,41755.27
1746820800000,171.89,173.81,171.16,172.79,25311.75
1746835200000,172.79,175.19,170.66,171.59,27184.33
1746849600000,171.59,172.54,169.77,172.32,25504.29
1746864000000,172.32,173.4,168.75,169.0,39855.94
1746878400000,169.0,172.03,169.0,171.07,48677.4
1746892800000,171.07,173.82,170.86,172.22,32504.0
1746907200000,172.22,178.96,171.41,177.9,52668.65
1746921600000,177.9,180.25,172.94,175.88,65932.68
1746936000000,175.88,177.67,172.3,172.61,30100.18
1746950400000,172.61,175.04,172.58,174.75,21483.43
1746964800000,174.75,175.17,169.36,170.48,35690.69
1746979200000,170.48,173.42,169.41,172.73,26915.39
1746993600000,172.73,173.85,171.27,173.18,18305.09
1747008000000,173.18,176.87,171.74,174.9,43954.22
1747022400000,174.9,179.79,173.63,176.09,81360.19
1747036800000,176.09,176.99,173.65,174.11,47966.75
1747051200000,174.11,181.44,174.0,174.4,102905.25
1747065600000,174.4,176.67,168.32,171.21,64386.45
1747080000000,171.21,174.81,170.41,174.21,24686.01
1747094400000,174.21,174.38,166.96,166.97,46097.56
1747108800000,166.97,172.43,166.18,171.46,32304.84
1747123200000,171.46,175.15,170.93,174.0,28782.16
1747137600000,174.0,176.31,172.11,176.08,51822.67
1747152000000,176.08,184.4,175.72,182.05,68868.08
1747166400000,182.05,184.83,180.35,183.75,44963.27
1747180800000,183.75,184.87,179.12,180.28,66533.74
1747195200000,180.28,183.99,179.85,181.75,64216.87
1747209600000,181.75,182.63,177.58,181.05,81616.36
1747224000000,181.05,181.88,175.6,177.34,88411.69
1747238400000,177.34,177.67,173.24,177.06,60851.8
1747252800000,177.06,177.69,175.23,176.63,29066.15
1747267200000,176.63,178.33,174.06,174.07,55646.88
1747281600000,174.07,175.29,169.76,170.41,63130.77
1747296000000,170.41,173.06,168.72,171.09,58993.04
1747310400000,171.09,172.84,166.99,172.24,106318.93
1747324800000,172.24,174.48,167.72,169.76,73030.94
1747339200000,169.76,170.65,166.73,169.16,63176.99
1747353600000,169.16,173.68,168.7,172.62,74259.02
1747368000000,172.62,173.52,171.2,172.13,39197.22
1747382400000,172.13,174.21,169.39,172.8,58828.02
1747396800000,172.8,174.1,170.85,172.08,69199.12
1747411200000,172.08,172.71,169.74,171.44,42048.04
1747425600000,171.44,171.44,166.36,167.44,56299.51
1747440000000,167.44,168.62,164.02,168.26,88129.65
1747454400000,168.26,169.99,167.27,168.55,36650.98
1747468800000,168.55,169.38,166.71,167.6,40678.77
1747483200000,167.6,168.23,165.82,167.31,32148.55
1747497600000,167.31,167.52,164.41,165.26,42762.25
1747512000000,165.26,167.93,164.36,165.94,44462.19
1747526400000,165.94,167.9,165.85,166.91,34253.66
1747540800000,166.91,170.72,166.88,170.67,39122.12
1747555200000,170.67,172.0,170.57,170.79,36607.57
1747569600000,170.79,176.67,170.2,176.25,69496.97
1747584000000,176.25,176.77,166.53,166.64,106811.69
1747598400000,166.64,174.28,164.55,173.3,100880.94
1747612800000,173.3,173.94,165.0,165.35,94356.74
1747627200000,165.35,166.84,159.45,161.89,123939.1
1747641600000,161.89,162.7,160.45,162.19,54148.66
1747656000000,162.19,164.76,160.16,164.21,83775.52
1747670400000,164.21,167.38,162.77,166.61,81647.44
1747684800000,166.61,167.79,165.14,166.85,49371.78
1747699200000,166.85,173.11,166.77,169.19,105548.19
1747713600000,169.19,170.64,167.08,167.34,55091.62
1747728000000,167.34,168.14,165.24,166.47,53319.12
1747742400000,166.47,167.35,164.53,166.64,55039.96
1747756800000,166.64,169.13,164.56,168.17,58815.56
1747771200000,168.17,169.37,166.32,168.58,51370.3
1747785600000,168.58,170.92,166.79,169.98,69753.62
1747800000000,169.98,171.77,168.32,168.85,71165.25
1747814400000,168.85,169.64,167.35,169.34,37125.78
1747828800000,169.34,173.64,168.37,172.17,99539.99
1747843200000,172.17,174.95,165.53,171.18,150925.37
1747857600000,171.18,175.98,169.13,173.53,87994.87
1747872000000,173.53,177.52,172.64,176.83,92609.92
1747886400000,176.83,178.78,175.26,178.48,75894.86
1747900800000,178.48,180.87,177.18,178.08,95048.93
1747915200000,178.08,179.9,176.95,179.0,76695.83
1747929600000,179.0,180.36,177.53,177.84,51732.26
1747944000000,177.84,180.02,177.31,179.67,38817.13
1747958400000,179.67,185.41,179.27,185.0,116262.35
1747972800000,185.0,185.32,180.05,182.52,78634.61
1747987200000,182.52,187.69,177.14,177.9,138601.11
1748001600000,177.9,183.76,173.31,180.66,199656.33
1748016000000,180.66,182.25,178.4,179.14,78225.82
1748030400000,179.14,179.26,173.29,174.01,81194.0
1748044800000,174.01,176.02,172.61,175.1,70637.17
1748059200000,175.1,176.4,173.46,173.93,48894.67
1748073600000,173.93,178.32,173.25,176.86,63518.72
1748088000000,176.86,177.13,175.06,176.32,43911.56
1748102400000,176.32,177.68,175.31,177.13,34464.85
1748116800000,177.13,177.91,175.35,175.86,37934.21
1748131200000,175.86,176.88,170.45,173.65,78876.45
1748145600000,173.65,174.41,171.88,172.34,35144.9
1748160000000,172.34,172.36,170.14,171.98,64831.35
1748174400000,171.98,172.66,169.14,170.29,59826.17
1748188800000,170.29,172.76,169.18,172.53,37341.35
1748203200000,172.53,175.86,170.96,175.74,49760.23
1748217600000,175.74,177.82,175.11,176.99,73886.94
1748232000000,176.99,179.02,176.6,178.15,55272.32
1748246400000,178.15,178.36,176.42,177.92,39675.53
1748260800000,177.92,178.8,175.92,177.49,50326.86
1748275200000,177.49,178.06,173.48,174.05,45509.18
1748289600000,174.05,176.04,173.63,174.92,26239.5
1748304000000,174.92,175.8,171.27,173.5,53689.49
1748318400000,173.5,175.9,172.5,175.43,40561.87
1748332800000,175.43,177.16,175.01,176.8,43169.76
1748347200000,176.8,179.42,175.04,178.45,90006.4
1748361600000,178.45,179.3,177.43,177.46,54236.4
1748376000000,177.46,178.65,175.57,176.71,39756.83
1748390400000,176.71,177.44,174.22,175.13,53567.85
1748404800000,175.13,175.33,173.7,173.9,31556.51
1748419200000,173.9,174.53,172.87,174.52,39379.98
1748433600000,174.52,175.13,168.92,169.7,98506.43
1748448000000,169.7,172.03,169.13,169.43,56736.52
1748462400000,169.43,172.66,169.23,172.22,32428.22
1748476800000,172.22,175.34,171.35,173.7,69959.72
1748491200000,173.7,173.95,170.13,172.23,42197.02
1748505600000,172.23,173.46,171.64,172.87,24314.15
1748520000000,172.87,172.93,169.05,169.76,35506.62
1748534400000,169.76,170.3,166.07,166.84,39707.72
1748548800000,166.84,168.54,165.97,166.7,18099.82
1748563200000,166.7,167.5,160.14,165.16,52996.26
1748577600000,165.16,165.86,162.58,162.67,28816.95
1748592000000,162.67,164.16,161.48,163.83,29926.99
1748606400000,163.83,163.93,160.11,161.21,35495.33
1748620800000,161.21,161.77,156.08,160.81,50611.2
1748635200000,160.81,161.01,155.23,156.2,29347.31
1748649600000,156.2,157.24,152.13,154.15,44604.05
1748664000000,154.15,155.86,153.02,154.85,15846.21
1748678400000,154.85,155.26,152.62,152.92,20552.2
1748692800000,152.92,156.77,152.63,155.63,28398.29
1748707200000,155.63,157.93,155.19,157.52,21944.65
1748721600000,157.52,158.01,156.32,156.45,14987.54
1748736000000,156.45,156.73,153.41,154.72,18200.22
1748750400000,154.72,155.94,154.13,154.45,3012.82
1748764800000,154.45,154.64,150.6,152.04,6995.97
1748779200000,152.04,154.57,150.65,154.18,4607.66
1748793600000,154.18,156.73,153.47,155.89,7089.84
1748808000000,155.89,157.91,155.18,157.68,3934.57
1748822400000,157.68,158.93,155.36,155.45,5642.42
1748836800000,155.45,156.73,154.66,155.55,4233.76
1748851200000,155.55,156.55,152.95,153.45,7304.97
1748865600000,153.45,154.49,151.67,153.15,8181.66
1748880000000,153.15,155.13,151.77,152.95,5878.36
1748894400000,152.95,157.24,152.92,156.81,5637.12
1748908800000,156.81,162.39,156.4,159.45,10510.8
1748923200000,159.45,160.2,158.21,159.79,4566.47
1748937600000,159.79,161.65,158.29,160.56,5608.69
1748952000000,160.56,163.63,159.45,162.2,7960.89
1748966400000,162.2,162.42,160.04,160.57,4762.84
1748980800000,160.57,160.57,154.15,155.21,7269.09
1748995200000,155.21,157.63,154.18,156.57,6270.65
1749009600000,156.57,157.02,155.72,156.42,2795.5
1749024000000,156.42,157.91,155.72,155.92,3911.81
1749038400000,155.92,157.97,154.58,157.14,6546.54
1749052800000,157.14,157.56,155.28,155.38,3770.9
1749067200000,155.38,155.59,152.97,153.27,6758.95
1749081600000,153.27,154.6,153.0,153.83,4824.38
1749096000000,153.83,154.15,151.93,152.43,11237.44
1749110400000,152.43,153.04,151.28,152.38,5318.33
1749124800000,152.38,154.41,148.56,150.9,10725.97
1749139200000,150.9,151.11,144.16,146.2,13799.91
1749153600000,146.2,146.6,141.53,144.29,13756.49
1749168000000,144.29,146.85,144.12,146.84,5361.7
1749182400000,146.84,148.25,146.65,147.39,5060.88
1749196800000,147.39,149.61,147.24,149.1,5301.49
1749211200000,149.1,152.37,149.1,151.08,9703.27
1749225600000,151.08,151.55,148.49,149.09,4751.93
1749240000000,149.09,149.97,147.67,147.83,2863.43
1749254400000,147.83,149.71,146.92,149.47,3807.23
1749268800000,149.47,152.83,148.99,152.37,4748.97
1749283200000,152.37,152.71,151.22,151.45,2959.74
1749297600000,151.45,152.42,150.71,150.99,4715.98
1749312000000,150.99,151.61,150.15,150.57,3424.48
1749326400000,150.57,151.49,149.77,150.06,2457.08
1749340800000,150.06,150.35,149.15,149.85,3215.94
1749355200000,149.85,150.51,149.14,149.31,2280.35
1749369600000,149.31,149.71,147.92,149.62,3755.47
1749384000000,149.62,151.19,149.02,150.7,3880.6
1749398400000,150.7,154.52,150.63,154.47,6329.89
1749412800000,154.47,155.29,152.13,152.45,5373.8
1749427200000,152.45,153.14,150.78,151.57,4358.52
1749441600000,151.57,151.87,149.59,150.86,4406.06
1749456000000,150.86,156.59,150.4,155.61,10797.56
1749470400000,155.61,155.84,153.07,155.02,7797.93
1749484800000,155.02,156.97,155.0,155.75,7895.89
1749499200000,155.75,161.73,155.72,161.17,10629.66
1749513600000,161.17,161.81,158.71,159.18,5533.61
1749528000000,159.18,159.6,157.4,158.46,4960.3
1749542400000,158.46,161.51,157.15,160.85,8221.13
1749556800000,160.85,161.99,156.33,158.03,10898.86
1749571200000,158.03,165.48,157.1,163.61,13972.77
1749585600000,163.61,165.67,162.88,165.13,9241.14
1749600000000,165.13,167.45,163.43,166.65,10733.75
1749614400000,166.65,167.15,164.35,166.64,6567.92
1749628800000,166.64,167.19,164.0,164.51,8482.58
1749643200000,164.51,168.35,163.72,167.26,13971.45
1749657600000,167.26,167.44,162.4,162.67,9018.5
1749672000000,162.67,163.86,159.21,160.97,8703.12
1749686400000,160.97,161.28,159.29,159.86,6438.28
1749700800000,159.86,160.56,158.29,158.79,4764.18
1749715200000,158.79,159.92,157.42,157.72,6567.05
1749729600000,157.72,160.63,156.45,157.01,8479.21
1749744000000,157.01,160.46,154.5,154.86,7057.88
1749758400000,154.86,155.47,152.04,152.32,9342.43
1749772800000,152.32,152.59,140.81,144.75,30440.66
1749787200000,144.75,145.46,142.58,145.02,9828.9
1749801600000,145.02,146.67,143.66,145.44,9390.94
1749816000000,145.44,147.78,143.93,147.18,9613.81
1749830400000,147.18,148.52,144.3,145.16,8598.69
1749844800000,145.16,148.94,144.74,148.6,5682.72
1749859200000,148.6,148.7,146.43,146.7,4559.95
1749873600000,146.7,147.15,145.55,146.17,3461.25
1749888000000,146.17,146.21,144.93,145.87,2967.23
1749902400000,145.87,145.95,143.82,144.54,25380.13
1749916800000,144.54,145.11,142.96,143.53,5161.36
1749931200000,143.53,145.01,141.96,144.64,4292.89
1749945600000,144.64,146.05,144.6,145.75,3155.93
1749960000000,145.75,148.1,145.68,145.86,5455.85
1749974400000,145.86,146.71,144.23,146.36,4262.61
1749988800000,146.36,152.96,146.16,150.85,12338.75
1750003200000,150.85,153.5,150.2,152.23,7633.67
1750017600000,152.23,153.0,148.16,152.97,7892.19
1750032000000,152.97,157.41,151.0,155.59,12804.64
1750046400000,155.59,157.95,155.51,157.3,6151.84
1750060800000,157.3,157.5,154.81,156.49,6915.83
1750075200000,156.49,157.78,154.69,156.59,8250.6
1750089600000,156.59,158.75,156.35,157.79,5952.05
1750104000000,157.79,157.85,150.31,150.73,10509.72
1750118400000,150.73,153.97,147.48,153.37,11825.94
1750132800000,153.37,154.33,152.4,152.68,5462.52
1750147200000,152.68,152.9,150.18,150.52,6505.42
1750161600000,150.52,151.44,146.55,147.62,8335.95
1750176000000,147.62,150.39,145.63,148.88,9840.93
1750190400000,148.88,149.24,146.27,147.57,5511.77
1750204800000,147.57,149.1,146.54,148.37,5682.13
1750219200000,148.37,149.28,146.88,148.0,5463.41
1750233600000,148.0,148.55,145.35,146.52,5486.04
1750248000000,146.52,146.77,143.77,145.75,9415.17
1750262400000,145.75,146.48,143.66,144.72,8557.17
1750276800000,144.72,147.92,144.09,146.35,6454.14
1750291200000,146.35,147.9,144.97,146.59,5743.16
1750305600000,146.59,147.17,145.0,145.07,6799.0
1750320000000,145.07,146.5,144.85,145.1,4422.17
1750334400000,145.1,145.51,142.92,143.16,7512.21
1750348800000,143.16,146.03,143.11,145.47,5478.29
1750363200000,145.47,147.46,145.03,147.05,4393.01
1750377600000,147.05,147.52,145.41,145.44,4279.61
1750392000000,145.44,147.77,144.31,147.46,4266.8
1750406400000,147.46,148.81,146.93,148.17,6038.22
1750420800000,148.17,148.36,142.36,142.85,8665.75
1750435200000,142.85,142.99,135.71,139.84,20080.48
1750449600000,139.84,141.7,138.67,140.1,4770.45
1750464000000,140.1,141.32,139.54,140.76,3960.84
1750478400000,140.76,140.98,139.85,140.64,2439.61
1750492800000,140.64,142.6,140.29,142.08,5475.49
1750507200000,142.08,142.47,139.15,140.3,6410.08
1750521600000,140.3,141.06,137.22,137.28,8932.67
1750536000000,137.28,138.88,130.97,135.39,14834.96
1750550400000,135.39,137.61,133.24,135.11,11062.1
1750564800000,135.11,136.5,134.6,134.81,4753.72
1750579200000,134.81,135.36,131.96,133.26,5972.95
1750593600000,133.26,133.87,126.52,128.55,20301.86
1750608000000,128.55,131.47,128.3,129.07,6685.54
1750622400000,129.07,132.56,126.01,131.7,12389.14
1750636800000,131.7,133.53,131.53,132.68,6560.8
1750651200000,132.68,135.01,132.35,134.38,5379.71
1750665600000,134.38,134.88,133.25,134.09,3808.65
1750680000000,134.09,137.49,132.92,133.44,13450.94
1750694400000,133.44,140.26,130.68,139.79,18314.36
1750708800000,139.79,146.86,139.23,144.51,17247.56
1750723200000,144.51,144.76,142.31,143.24,6174.61
1750737600000,143.24,146.76,142.85,144.0,8098.88
1750752000000,144.0,145.8,143.01,144.56,6680.2
1750766400000,144.56,145.7,143.45,144.31,7597.64
1750780800000,144.31,146.61,142.84,143.6,7175.65
1750795200000,143.6,145.95,143.18,145.93,4598.49
1750809600000,145.93,146.89,145.02,145.52,4389.38
1750824000000,145.52,147.48,144.88,147.01,4603.88
1750838400000,147.01,147.13,145.02,146.26,8599.97
1750852800000,146.26,147.95,143.13,143.7,10007.33
1750867200000,143.7,144.74,142.83,144.74,5406.17
1750881600000,144.74,145.61,142.28,143.56,3995.59
1750896000000,143.56,147.97,143.43,145.91,7111.6
1750910400000,145.91,146.07,144.02,145.16,5045.13
1750924800000,145.16,145.8,143.2,143.65,4760.48
1750939200000,143.65,143.97,141.41,142.99,7847.56
1750953600000,142.99,143.24,140.93,142.28,6136.17
1750968000000,142.28,143.94,138.63,139.06,8621.47
1750982400000,139.06,141.58,137.15,141.37,7040.44
1750996800000,141.37,142.21,140.17,140.32,4386.77
1751011200000,140.32,142.79,140.32,142.15,5253.53
1751025600000,142.15,143.84,141.16,143.46,6818.66
1751040000000,143.46,144.83,140.12,141.77,7812.9
1751054400000,141.77,143.36,141.64,142.09,6040.22
1751068800000,142.09,143.54,141.13,143.4,4399.23
1751083200000,143.4,146.81,143.09,146.57,6235.44
1751097600000,146.57,147.57,145.61,147.14,9527.82
1751112000000,147.14,148.67,145.87,148.17,5713.37
1751126400000,148.17,152.7,148.09,150.68,11125.82
1751140800000,150.68,151.37,150.06,150.72,2900.56
1751155200000,150.72,151.08,149.42,149.46,5368.53
1751169600000,149.46,150.32,149.36,150.32,2803.34
1751184000000,150.32,152.21,149.96,151.69,5826.21
1751198400000,151.69,152.55,150.72,150.76,5501.91
1751212800000,150.76,152.24,149.73,151.19,4433.48
1751227200000,151.19,154.76,150.36,153.31,10094.92
1751241600000,153.31,154.09,151.29,151.76,6784.5
1751256000000,151.76,152.02,149.71,150.65,5494.23
1751270400000,150.65,151.07,149.45,150.38,5287.73
1751284800000,150.38,159.98,149.74,157.84,21252.16
1751299200000,157.84,158.46,155.32,157.82,11491.61
1751313600000,157.82,157.82,154.51,154.81,7652.95
1751328000000,154.81,155.62,153.17,153.94,5615.83
1751342400000,153.94,153.94,148.87,150.05,10136.88
1751356800000,150.05,150.06,148.18,148.85,7230.47
1751371200000,148.85,149.28,146.25,147.23,9012.39
1751385600000,147.23,148.45,145.33,145.46,7355.44
1751400000000,145.46,147.01,144.86,146.87,4074.57
1751414400000,146.87,149.25,145.85,148.86,4674.92
1751428800000,148.86,149.91,148.32,149.09,3923.41
1751443200000,149.09,149.98,148.44,148.62,4424.21
1751457600000,148.62,151.57,147.13,151.31,9728.31
1751472000000,151.31,153.63,150.32,153.04,11225.74
1751486400000,153.04,154.45,151.97,152.28,5709.36
1751500800000,152.28,154.02,151.78,153.42,4600.68
1751515200000,153.42,155.95,153.22,155.62,6387.24
1751529600000,155.62,156.35,154.14,154.53,5313.75
1751544000000,154.53,155.25,149.88,150.19,14490.22
1751558400000,150.19,152.04,149.92,151.82,5130.64
1751572800000,151.82,153.26,151.81,152.36,3647.99
1751587200000,152.36,153.16,150.92,151.69,3369.67
1751601600000,151.69,153.87,150.28,150.48,7060.31
1751616000000,150.48,150.98,149.03,150.21,5278.93
1751630400000,150.21,151.25,146.29,146.57,8744.9
1751644800000,146.57,147.0,145.22,146.73,6306.56
1751659200000,146.73,148.37,146.37,147.69,4875.73
1751673600000,147.69,148.46,147.2,147.75,2774.01
1751688000000,147.75,148.52,146.72,147.85,3652.64
1751702400000,147.85,148.54,146.81,148.19,3221.92
1751716800000,148.19,148.7,147.05,147.12,2905.92
1751731200000,147.12,147.26,145.9,146.9,4112.53
1751745600000,146.9,148.02,146.47,147.56,2002.23
1751760000000,147.56,147.65,146.86,147.36,2270.89
1751774400000,147.36,148.5,147.08,147.89,2725.41
1751788800000,147.89,148.02,146.78,147.99,3211.8
1751803200000,147.99,152.08,147.86,151.53,13645.31
1751817600000,151.53,153.19,150.68,151.28,9889.4
1751832000000,151.28,153.84,151.23,151.86,6051.23
1751846400000,151.86,152.89,150.24,151.86,4711.73
1751860800000,151.86,152.45,150.89,152.38,3783.1
1751875200000,152.38,153.6,151.65,152.78,4848.93
1751889600000,152.78,153.43,151.02,151.07,6820.27
1751904000000,151.07,151.59,148.64,148.96,7255.36
1751918400000,148.96,148.96,147.7,148.89,6810.97
1751932800000,148.89,150.1,147.85,148.65,4621.92
1751947200000,148.65,149.71,148.2,149.65,3075.09
1751961600000,149.65,151.67,149.55,151.3,7406.21
1751976000000,151.3,152.88,149.77,149.84,9310.13
1751990400000,149.84,152.83,149.46,151.66,8114.53
1752004800000,151.66,151.94,150.0,151.67,10622.76
1752019200000,151.67,152.35,151.06,151.31,7428.09
1752033600000,151.31,153.87,150.52,153.02,8087.42
1752048000000,153.02,154.42,152.33,153.74,5084.71
1752062400000,153.74,155.52,152.88,153.98,10112.78
1752076800000,153.98,157.85,153.24,157.27,8704.29
1752091200000,157.27,157.92,155.46,157.06,7164.57
1752105600000,157.06,159.34,155.93,157.36,6404.06
1752120000000,157.36,158.63,156.67,157.89,4879.31
1752134400000,157.89,159.18,157.2,157.66,4037.14
1752148800000,157.66,158.37,155.64,156.44,7677.38
1752163200000,156.44,161.18,156.16,159.33,14500.82
1752177600000,159.33,165.39,159.23,164.34,15846.49
1752192000000,164.34,165.4,161.94,165.23,8567.34
1752206400000,165.23,166.8,163.15,163.28,12550.78
1752220800000,163.28,165.38,163.28,163.87,9546.14
1752235200000,163.87,168.19,161.79,162.32,26576.32
1752249600000,162.32,165.02,161.28,164.56,17269.8
1752264000000,164.56,164.83,159.55,162.92,16004.37
1752278400000,162.92,163.9,161.79,163.44,7326.33
1752292800000,163.44,163.83,162.04,163.22,6624.64
1752307200000,163.22,163.43,161.41,161.62,7367.47
1752321600000,161.62,161.8,157.76,158.15,57365.17
1752336000000,158.15,160.74,157.93,160.71,7922.35
1752350400000,160.71,160.95,158.94,160.7,4914.56
1752364800000,160.7,161.78,160.2,161.21,5933.75
1752379200000,161.21,162.75,161.04,162.66,8755.43
1752393600000,162.66,162.74,161.57,162.06,7000.54
1752408000000,162.06,164.18,161.79,162.03,16476.57
1752422400000,162.03,163.55,160.53,162.53,15617.05
1752436800000,162.53,163.06,159.64,161.15,14238.21
1752451200000,161.15,168.2,160.62,167.1,35532.32
1752465600000,167.1,168.64,165.37,167.22,34960.33
1752480000000,167.22,168.15,166.04,166.55,24052.53
1752494400000,166.55,168.59,163.04,163.96,36959.83
1752508800000,163.96,165.35,162.42,164.3,24647.53
1752523200000,164.3,164.31,161.67,162.22,20352.65
1752537600000,162.22,162.89,158.18,159.15,37654.48
1752552000000,159.15,160.86,158.26,159.54,23948.46
1752566400000,159.54,160.14,158.4,159.86,23331.05
1752580800000,159.86,162.17,157.23,160.47,57238.79
1752595200000,160.47,163.69,159.98,160.25,49312.07
1752609600000,160.25,164.26,159.71,163.98,32140.53
1752624000000,163.98,165.26,161.52,162.5,32551.87
1752638400000,162.5,164.64,161.79,164.06,20444.26
1752652800000,164.06,167.58,163.81,166.65,46939.16
1752667200000,166.65,168.84,165.4,168.44,60811.33
1752681600000,168.44,174.69,168.43,174.16,86777.89
1752696000000,174.16,175.99,172.38,173.62,51576.76
1752710400000,173.62,174.85,168.71,169.57,48282.77
1752724800000,169.57,174.17,169.24,174.02,34372.29
1752739200000,174.02,178.19,172.67,176.16,44794.91
1752753600000,176.16,177.54,172.8,174.16,51733.17
1752768000000,174.16,175.41,171.21,173.02,38011.88
1752782400000,173.02,177.4,171.35,175.87,51841.05
1752796800000,175.87,181.15,175.29,180.79,59488.98
1752811200000,180.79,184.66,179.86,180.94,73048.99
1752825600000,180.94,181.97,177.11,178.46,41845.75
1752840000000,178.46,182.01,174.94,177.01,88600.31
1752854400000,177.01,179.11,176.15,176.98,42305.3
1752868800000,176.98,177.58,173.25,177.25,53943.71
1752883200000,177.25,177.69,174.0,177.45,32387.7
1752897600000,177.45,177.76,176.12,177.0,25702.13
1752912000000,177.0,177.81,175.41,176.6,21417.96
1752926400000,176.6,177.87,174.81,177.41,41939.47
1752940800000,177.41,178.05,176.12,177.03,22451.95
1752955200000,177.03,178.61,175.11,176.96,42515.34
1752969600000,176.96,179.75,176.33,177.97,63238.82
1752984000000,177.97,178.67,176.95,177.94,24382.39
1752998400000,177.94,181.51,177.94,180.43,43608.19
1753012800000,180.43,183.17,179.96,181.97,68178.52
1753027200000,181.97,183.66,180.25,181.98,63087.37
1753041600000,181.98,182.38,177.81,181.43,53977.23
1753056000000,181.43,187.04,178.26,186.71,99200.75
1753070400000,186.71,191.07,185.07,190.07,102551.8
1753084800000,190.07,192.98,189.69,191.39,129970.99
1753099200000,191.39,199.27,190.23,196.8,172409.18
1753113600000,196.8,197.25,193.02,194.6,141203.07
1753128000000,194.6,197.78,193.65,195.71,65549.58
1753142400000,195.71,204.67,193.77,200.09,246948.65
1753156800000,200.09,201.25,194.12,198.11,161828.94
1753171200000,198.11,200.15,194.08,199.9,114053.86
1753185600000,199.9,204.98,196.95,201.83,196899.17
1753200000000,201.83,204.24,198.39,198.98,111495.11
1753214400000,198.98,206.29,198.4,205.69,79687.61
1753228800000,205.69,205.75,200.99,201.4,75758.09
1753243200000,201.4,202.26,198.89,199.47,58158.95
1753257600000,199.47,200.0,195.97,197.41,94095.91
1753272000000,197.41,197.57,187.62,192.71,269897.88
1753286400000,192.71,192.75,186.02,188.13,152100.61
1753300800000,188.13,190.04,183.98,189.4,146534.43
1753315200000,189.4,191.87,188.48,189.85,86755.76
1753329600000,189.85,190.12,179.21,184.21,199146.25
1753344000000,184.21,186.92,182.93,186.41,112472.8
1753358400000,186.41,191.76,183.38,188.53,165831.6
1753372800000,188.53,190.04,184.85,187.99,129210.8
1753387200000,187.99,189.06,182.02,182.87,130399.8
1753401600000,182.87,183.49,175.63,177.72,159882.16
1753416000000,177.72,179.77,175.92,177.51,114819.97
1753430400000,177.51,182.08,176.87,181.12,127270.14
1753444800000,181.12,181.89,176.25,178.19,122452.0
1753459200000,178.19,182.84,177.47,182.18,105496.21
1753473600000,182.18,186.84,182.08,186.76,72372.65
1753488000000,186.76,186.93,184.48,185.98,60274.17
1753502400000,185.98,187.14,185.63,186.42,41071.25
1753516800000,186.42,189.77,186.42,187.75,70933.57
1753531200000,187.75,188.48,186.05,187.53,53902.35
1753545600000,187.53,187.8,185.06,186.44,40517.78
1753560000000,186.44,186.76,184.38,184.89,43255.21
1753574400000,184.89,187.59,184.53,187.2,39171.9
1753588800000,187.2,188.33,186.62,187.22,43293.96
1753603200000,187.22,188.57,186.18,187.02,49828.05
1753617600000,187.02,187.34,184.9,186.47,65822.8
1753632000000,186.47,189.76,185.95,186.92,103768.16
1753646400000,186.92,190.7,186.45,188.65,81395.44
1753660800000,188.65,193.81,187.66,193.35,127675.39
1753675200000,193.35,195.25,191.64,192.37,147677.84
1753689600000,192.37,193.36,190.64,192.01,86701.71
1753704000000,192.01,193.52,186.55,187.18,217325.6
1753718400000,187.18,187.99,183.45,185.26,178113.97
1753732800000,185.26,185.52,182.17,183.11,122383.96
1753747200000,183.11,184.72,180.68,184.32,125918.14
1753761600000,184.32,186.62,183.21,186.05,86200.24
1753776000000,186.05,186.5,182.24,182.94,72021.5
1753790400000,182.94,184.99,179.31,180.81,135818.61
1753804800000,180.81,182.37,178.3,181.1,85032.71
1753819200000,181.1,182.0,179.3,181.48,71965.8
1753833600000,181.48,182.37,178.82,181.69,80044.89
1753848000000,181.69,182.56,179.34,180.84,61066.46
1753862400000,180.84,181.49,176.42,177.25,121771.53
1753876800000,177.25,180.58,176.66,179.17,143421.13
1753891200000,179.17,180.15,170.3,176.14,224042.14
1753905600000,176.14,178.09,174.76,177.74,81993.11
1753920000000,177.74,180.55,177.62,180.32,75031.52
1753934400000,180.32,181.62,179.81,181.24,73696.9
1753948800000,181.24,182.68,180.24,180.74,72285.58
1753963200000,180.74,180.89,175.25,177.34,133480.31
1753977600000,177.34,179.76,174.76,175.32,115619.9
1753992000000,175.32,175.74,171.44,172.23,114557.11
1754006400000,172.23,172.26,167.44,171.13,204460.49
1754020800000,171.13,171.13,167.96,169.4,101522.89
1754035200000,169.4,169.41,166.2,169.2,116524.65
1754049600000,169.2,170.34,164.58,168.57,162743.52
1754064000000,168.57,169.75,165.11,166.47,137674.31
1754078400000,166.47,166.82,159.21,162.7,186617.69
1754092800000,162.7,165.02,162.57,164.36,58946.42
1754107200000,164.36,165.29,161.82,164.43,60747.91
1754121600000,164.43,165.12,162.23,164.51,85380.6
1754136000000,164.51,164.94,161.02,161.51,125131.43
1754150400000,161.51,162.19,155.84,157.45,346092.77
1754164800000,157.45,159.8,157.05,158.49,178796.84
1754179200000,158.49,161.07,156.28,160.85,159819.34
1754193600000,160.85,161.59,160.03,161.37,111863.83
1754208000000,161.37,162.9,160.68,161.46,118787.06
1754222400000,161.46,162.35,160.36,162.11,91272.93
1754236800000,162.11,162.75,161.12,161.64,133325.18
1754251200000,161.64,163.14,160.75,161.98,138141.76
1754265600000,161.98,164.98,161.42,163.05,65320.87
1754280000000,162.99,163.41,161.26,163.02,70707.5
1754294400000,163.02,164.07,161.64,162.39,88307.17
1754308800000,162.39,166.91,162.14,165.48,145361.92
1754323200000,165.48,169.81,165.0,165.65,117045.85
1754337600000,165.65,169.78,165.3,169.56,92095.74
1754352000000,169.56,169.96,167.57,167.92,68335.6
1754366400000,167.92,169.28,165.78,166.22,74130.45
1754380800000,166.22,171.73,165.66,170.89,71543.76
1754395200000,170.89,171.04,162.96,163.77,143062.27
1754409600000,163.77,164.94,162.29,162.76,73385.96
1754424000000,162.76,164.53,161.3,164.08,38134.22
1754438400000,164.08,164.17,161.14,161.85,29525.18
1754452800000,161.85,164.78,161.25,164.26,29700.69
1754467200000,164.26,164.64,162.73,164.2,37234.44
1754481600000,164.2,169.42,162.65,169.05,72344.94
1754496000000,169.05,169.93,167.18,168.85,47392.9
1754510400000,168.85,168.86,167.31,168.1,24290.02
1754524800000,168.1,168.99,166.7,166.9,29543.75
1754539200000,166.9,170.36,166.76,170.0,52498.37
1754553600000,170.0,173.49,169.06,172.83,90416.69
1754568000000,172.83,173.18,169.7,170.49,94542.22
1754582400000,170.49,171.92,167.03,171.77,63765.22
1754596800000,171.77,175.51,171.52,175.37,75284.06
1754611200000,175.37,175.93,173.44,174.71,81624.09
1754625600000,174.71,177.87,173.88,177.13,43750.54
1754640000000,177.13,177.94,174.88,177.66,55185.51
1754654400000,177.66,179.13,174.21,175.22,85606.05
1754668800000,175.22,179.66,175.19,178.47,76805.24
1754683200000,178.47,178.76,176.64,176.78,25279.04
1754697600000,176.78,179.01,176.64,177.26,32986.63
1754712000000,177.26,182.15,176.94,180.63,81892.7
1754726400000,180.63,183.35,180.39,180.79,58536.11
1754740800000,180.79,182.49,178.94,180.1,91243.3
1754755200000,180.1,182.69,179.46,182.13,41621.83
1754769600000,182.13,183.44,179.73,179.96,59317.32
1754784000000,179.96,185.99,179.81,184.98,86845.95
1754798400000,184.98,186.18,177.82,178.94,62824.0
1754812800000,178.94,181.05,177.51,179.97,49823.76
1754827200000,179.97,182.4,178.52,181.55,42639.81
1754841600000,181.55,183.29,181.21,182.8,30188.94
1754856000000,182.8,183.94,181.27,182.66,51774.36
1754870400000,182.66,185.8,181.27,185.13,44651.47
1754884800000,185.13,186.8,182.8,182.97,39228.2
1754899200000,182.97,184.67,178.35,179.08,34798.87
1754913600000,179.08,180.52,177.23,180.19,40971.84
1754928000000,180.19,181.77,175.55,176.63,33596.51
1754942400000,176.63,176.88,173.43,174.84,29726.02
1754956800000,174.84,176.74,174.66,175.54,16031.61
1754971200000,175.54,176.65,173.6,175.89,17869.72
1754985600000,175.89,176.51,173.71,175.23,10973.84
1755000000000,175.23,182.08,174.73,181.7,33300.12
1755014400000,181.7,191.13,180.78,190.6,40058.81
1755028800000,190.6,193.76,189.6,191.78,28273.23
1755043200000,191.78,199.55,191.48,197.74,42052.36
1755057600000,197.74,200.09,195.17,198.75,26161.85
1755072000000,198.75,202.7,197.61,201.0,28699.65
1755086400000,201.0,204.95,194.51,197.44,50267.29
1755100800000,197.44,202.2,197.01,202.08,21297.33
1755115200000,202.08,203.33,199.84,201.5,15338.21
1755129600000,201.5,209.04,200.6,207.94,37888.51
1755144000000,207.94,209.85,204.03,205.61,33561.31
1755158400000,205.61,205.85,201.81,202.95,17907.47
1755172800000,203.62,205.43,186.72,194.86,63402.47
1755187200000,194.86,195.48,190.58,192.87,16099.92
1755201600000,192.87,193.24,187.32,192.47,12974.26
1755216000000,192.47,195.6,191.95,195.14,9598.9
1755230400000,195.14,198.07,194.44,196.95,10599.82
1755244800000,196.95,197.59,193.63,194.31,8756.1
1755259200000,194.31,196.12,184.37,185.56,25429.44
1755273600000,185.56,186.89,183.37,183.89,14230.69
1755288000000,183.89,188.26,183.37,185.72,10076.35
1755302400000,185.72,188.36,185.34,187.1,9052.9
1755316800000,187.1,189.62,186.12,189.11,7840.15
1755331200000,189.11,189.24,185.39,185.74,10153.54
1755345600000,185.74,189.47,185.2,188.79,8758.22
1755360000000,188.79,189.36,187.08,188.69,4156.2
1755374400000,188.69,190.04,187.93,189.61,3594.15
1755388800000,189.61,191.94,187.35,191.59,7059.54
1755403200000,191.59,193.54,191.34,191.88,7122.98
1755417600000,191.88,193.77,191.54,193.57,7712.28
1755432000000,193.57,195.48,191.91,195.48,7976.74
1755446400000,195.48,195.85,190.41,191.12,9444.53
1755460800000,191.12,193.44,190.88,191.0,5771.24
1755475200000,191.0,191.33,181.82,182.68,19562.1
1755489600000,182.68,183.51,180.22,180.63,11742.5
1755504000000,180.63,181.98,180.01,181.36,7547.37
1755518400000,181.36,183.34,180.52,183.09,7730.92
1755532800000,183.09,185.7,181.77,183.25,6666.58
1755547200000,183.25,185.0,182.07,182.94,3755.91
1755561600000,182.94,185.86,178.17,178.53,9736.06
1755576000000,178.53,180.59,177.32,180.13,5833.83
1755590400000,180.13,182.8,179.11,182.66,5048.42
1755604800000,182.66,183.42,177.48,177.97,8310.14
1755619200000,177.97,178.78,175.7,176.73,6876.85
1755633600000,176.73,179.54,175.88,176.22,4359.91
1755648000000,176.22,181.49,176.04,180.48,6018.88
1755662400000,180.48,181.69,179.83,180.53,3838.26
1755676800000,180.53,182.25,178.32,180.29,4620.62
1755691200000,180.29,185.05,177.54,183.03,11456.89
1755705600000,183.03,187.97,182.59,187.58,7737.14
1755720000000,187.58,187.95,185.78,187.94,4565.93
1755734400000,187.94,190.1,185.51,188.44,8342.77
1755748800000,188.44,188.7,185.91,186.99,3775.59
1755763200000,186.99,187.04,183.48,184.04,5596.41
1755777600000,184.04,186.41,181.45,181.61,7392.24
1755792000000,181.61,182.9,179.9,180.15,4742.98
1755806400000,180.15,181.86,179.44,180.29,2556.08
1755820800000,180.29,183.5,180.0,181.75,4018.32
1755835200000,181.75,184.36,181.75,183.98,3609.36
1755849600000,183.98,185.1,179.6,179.62,4740.26
1755864000000,179.62,195.42,177.27,193.47,31446.07
1755878400000,193.47,199.73,193.47,198.96,14882.95
1755892800000,198.96,202.38,198.38,200.69,9090.81
1755907200000,200.69,200.81,195.27,198.15,11212.01
1755921600000,198.15,208.61,198.1,205.18,20029.1
1755936000000,205.18,205.66,201.56,201.97,39417.15
1755950400000,201.97,203.8,200.58,202.57,102728.8
1755964800000,202.57,204.57,202.21,204.08,4127.67
1755979200000,204.08,204.86,202.83,204.14,2197.58
1755993600000,204.14,211.98,204.14,209.06,14151.77
1756008000000,209.06,210.76,206.6,206.67,8105.47
1756022400000,206.67,209.0,203.43,204.48,8871.78
1756036800000,204.48,209.34,203.57,205.61,8662.79
1756051200000,205.61,211.96,201.47,205.03,21096.72
1756065600000,205.03,207.14,201.1,205.99,13114.57
1756080000000,205.99,213.59,202.25,209.24,15504.13
1756094400000,209.24,209.71,198.69,199.84,15296.72
1756108800000,199.84,200.79,195.01,197.55,11812.93
1756123200000,197.55,199.48,195.56,196.55,10404.94
1756137600000,196.55,198.35,190.99,191.47,9830.34
1756152000000,191.47,192.11,186.0,186.88,8021.0
1756166400000,187.2,189.29,185.59,186.88,8845.54
1756180800000,186.88,189.92,186.88,188.93,6254.63
1756195200000,188.93,190.37,186.68,187.98,6706.99
1756209600000,187.98,192.55,187.18,190.77,11353.2
1756224000000,190.77,197.5,190.58,197.44,7237.68
1756238400000,197.44,198.08,195.37,195.85,5350.44
1756252800000,195.85,202.81,193.78,201.96,11775.01
1756267200000,201.96,205.69,200.86,202.44,17454.47
1756281600000,202.44,205.38,201.53,205.01,9504.38
1756296000000,205.01,209.37,202.63,208.67,15756.12
1756310400000,208.67,212.07,205.97,206.37,19241.38
1756324800000,206.37,209.48,202.58,202.95,20524.83
1756339200000,202.95,208.35,201.72,208.15,13830.55
1756353600000,208.15,213.26,207.5,213.12,19563.06
1756368000000,213.12,216.48,211.35,213.15,20406.41
1756382400000,213.15,216.88,210.21,211.1,24987.48
1756396800000,211.1,213.99,207.21,209.93,14460.0
1756411200000,209.93,215.72,209.65,214.43,10411.62
1756425600000,214.43,217.97,212.09,216.87,23737.53
1756440000000,216.87,217.97,207.83,208.77,31890.0
1756454400000,208.77,210.05,205.34,207.62,24757.83
1756468800000,207.62,214.92,203.86,204.45,40184.15
1756483200000,204.45,205.5,201.36,203.04,20176.07
1756497600000,203.04,205.5,199.88,205.09,14044.23
1756512000000,205.09,206.65,200.68,205.61,18086.85
1756526400000,205.61,207.06,204.38,205.13,13211.99
1756540800000,205.13,205.56,201.66,202.64,12508.8
1756555200000,202.64,202.67,197.54,201.06,18325.56
1756569600000,201.06,201.61,199.74,201.24,7689.74
1756584000000,201.24,203.33,199.76,202.7,7590.47
1756598400000,202.7,206.66,202.69,205.57,14005.83
1756612800000,205.57,205.65,202.73,203.56,10303.67
1756627200000,203.56,205.99,202.25,203.64,14103.63
1756641600000,203.64,204.89,201.51,204.58,26871.42
1756656000000,204.58,205.99,203.68,204.61,7903.87
1756670400000,204.61,205.78,200.28,200.62,11778.0
1756684800000,200.62,202.49,196.1,198.41,20121.69
1756699200000,198.41,202.93,196.61,202.92,13781.4
1756713600000,202.92,204.57,198.36,199.4,15228.38
1756728000000,199.4,201.13,197.68,198.37,11665.42
1756742400000,198.37,200.16,197.3,200.15,8258.24
1756756800000,200.15,200.17,194.19,197.32,14540.26
1756771200000,197.32,203.35,196.77,201.86,16731.47
1756785600000,201.86,204.45,201.4,202.13,14328.37
1756800000000,202.13,204.45,201.67,201.98,11986.58
1756814400000,201.98,205.09,197.38,200.3,31666.78
1756828800000,200.3,207.0,199.48,205.55,19351.17
1756843200000,205.55,209.67,204.91,209.63,21050.81
1756857600000,209.63,211.96,207.42,210.03,24304.31
1756872000000,210.03,210.48,207.96,209.36,12555.81
1756886400000,209.36,211.34,208.15,210.37,12978.55
1756900800000,210.37,213.01,208.78,211.36,25817.16
1756915200000,211.36,211.97,208.83,210.39,9459.49
1756929600000,210.39,210.97,208.38,210.76,7871.97
1756944000000,210.76,211.94,207.48,208.19,11769.02
1756958400000,208.19,208.56,205.68,206.69,8821.07
1756972800000,206.69,208.79,206.58,207.23,9598.08
1756987200000,207.23,208.49,203.38,203.77,21566.09
1757001600000,203.77,205.18,201.84,202.13,12605.56
1757016000000,202.13,204.81,201.88,202.33,12409.89
1757030400000,202.33,204.04,200.95,203.53,12819.44
1757044800000,203.53,208.43,203.01,207.87,23917.84
1757059200000,207.87,207.95,204.52,206.68,20634.86
1757073600000,206.68,210.0,201.62,203.55,56818.95
1757088000000,203.55,205.55,201.91,205.44,20547.07
1757102400000,205.44,205.69,202.7,203.36,12762.26
1757116800000,203.36,204.66,203.14,204.07,9191.81
1757131200000,204.07,204.07,202.1,203.03,11417.94
1757145600000,203.03,203.56,201.91,202.38,9731.74
1757160000000,202.38,202.87,201.02,201.26,10802.45
1757174400000,201.26,202.32,199.32,199.71,14398.07
1757188800000,199.71,201.2,199.69,200.17,6290.4
1757203200000,200.17,203.27,200.12,202.86,11656.11
1757217600000,202.86,203.3,202.23,203.0,8241.92
1757232000000,203.0,203.98,202.74,203.95,11099.68
1757246400000,203.95,205.55,203.09,205.19,17954.24
1757260800000,205.19,205.48,201.47,203.09,24525.89
1757275200000,203.09,207.95,202.58,206.39,38839.22
1757289600000,206.39,209.0,205.59,207.64,41444.68
1757304000000,207.64,208.86,206.7,207.91,35799.65
1757318400000,207.91,215.84,207.39,214.28,88557.84
1757332800000,214.28,216.71,212.93,215.05,76651.26
1757347200000,215.05,217.11,213.88,216.15,58143.7
1757361600000,216.15,216.22,213.55,214.11,31662.02
1757376000000,214.11,214.91,210.8,214.62,57836.08
1757390400000,214.62,219.79,213.96,219.23,88603.24
1757404800000,219.23,219.49,217.01,217.25,60440.05
1757419200000,217.25,218.54,211.69,213.06,119768.92
1757433600000,213.06,216.99,213.0,216.35,61244.32
1757448000000,216.35,217.8,215.01,217.21,44226.94
1757462400000,217.21,219.65,215.09,219.16,89202.29
1757476800000,219.16,222.89,217.83,222.26,90820.46
1757491200000,222.26,222.44,218.88,220.24,87752.94
1757505600000,220.24,225.98,219.74,223.16,164421.79
1757520000000,223.16,224.13,220.53,221.24,70301.63
1757534400000,221.24,224.65,220.95,224.06,43773.18
1757548800000,224.06,225.59,222.97,224.17,60039.45
1757563200000,224.17,224.29,221.72,223.23,52926.45
1757577600000,223.23,225.85,222.29,225.04,69805.12
1757592000000,225.04,228.95,222.82,226.81,179570.5
1757606400000,226.81,228.36,225.31,226.62,72658.07
1757620800000,226.62,228.94,225.48,228.73,73626.5
1757635200000,228.73,235.74,228.11,235.09,150386.31
1757649600000,235.09,239.82,234.23,237.32,205708.24
1757664000000,237.32,239.54,236.72,239.18,82587.97
1757678400000,239.18,241.83,237.6,239.32,175071.95
1757692800000,239.32,241.48,237.94,241.02,122648.99
1757707200000,241.02,244.03,238.34,242.18,141717.6
1757721600000,242.18,244.14,240.68,243.61,147910.55
1757736000000,243.61,243.67,241.23,242.45,100029.51
1757750400000,242.45,243.72,241.27,241.94,125100.9
1757764800000,241.94,243.09,237.96,239.44,193456.59
1757779200000,239.44,239.69,235.79,238.98,115307.4
1757793600000,238.98,243.17,238.84,242.37,97996.09
1757808000000,242.37,249.6,242.2,246.89,227093.35
1757822400000,246.89,248.39,244.49,246.4,128088.08
1757836800000,246.4,248.09,245.58,246.09,91320.46
1757851200000,246.09,246.77,241.53,243.83,175720.86
1757865600000,243.83,248.45,242.13,242.51,160586.95
1757880000000,242.51,244.72,239.24,239.76,132752.22
1757894400000,239.76,243.42,239.14,242.65,134845.79
1757908800000,242.65,243.99,236.19,237.98,214363.89
1757923200000,237.98,238.12,231.56,236.46,388614.0
1757937600000,236.46,238.15,231.96,233.02,324285.06
1757952000000,233.02,234.67,230.16,233.0,203470.55
1757966400000,233.0,235.37,232.78,234.31,113463.55
1757980800000,234.31,235.8,232.87,235.09,137235.01
1757995200000,235.09,237.03,232.97,235.78,136191.53
1758009600000,235.78,236.93,234.77,235.37,112981.32
1758024000000,235.37,238.07,231.27,237.79,217647.52
1758038400000,237.79,240.95,236.24,237.81,250522.22
1758052800000,237.81,238.97,236.48,236.96,106842.0
1758067200000,236.96,237.85,233.85,234.06,146213.45
1758081600000,234.06,238.09,233.21,237.7,181870.86
1758096000000,237.7,237.73,233.67,234.16,134883.81
1758110400000,234.16,235.99,233.56,233.9,140994.3
1758124800000,233.9,239.09,232.25,238.8,455988.78
1758139200000,238.8,246.62,236.01,244.84,321015.7
1758153600000,244.84,247.85,244.16,246.71,224355.14
1758168000000,246.71,246.97,242.58,244.74,161654.82
1758182400000,244.74,247.17,244.34,245.97,140477.67
1758196800000,245.97,248.99,245.01,248.25,135443.01
1758211200000,248.25,253.5,247.33,248.34,194139.36
1758225600000,248.34,249.21,245.88,247.5,79455.35
1758240000000,247.5,248.57,244.68,245.0,93813.25
1758254400000,245.0,245.73,242.84,243.81,112003.31
1758268800000,243.81,244.83,240.18,240.92,99559.15
1758283200000,240.92,242.71,235.82,237.54,166669.81
1758297600000,237.54,238.87,235.13,235.95,100624.94
1758312000000,235.95,238.84,235.95,238.52,56685.91
1758326400000,238.52,239.96,237.37,238.09,61294.66
1758340800000,238.09,239.78,237.73,239.78,41080.65
1758355200000,239.78,239.78,236.91,238.14,43879.05
1758369600000,238.14,241.22,237.05,240.11,91969.7
1758384000000,240.11,241.1,237.97,238.64,47417.16
1758398400000,238.64,240.31,238.44,239.49,39216.91
1758412800000,239.49,241.79,238.97,241.78,55481.09
1758427200000,241.78,241.82,239.45,239.86,44352.89
1758441600000,239.86,240.09,237.09,238.64,40963.84
1758456000000,238.64,240.28,237.7,237.91,43285.95
1758470400000,237.91,238.41,236.08,237.99,53736.1
1758484800000,237.99,238.11,235.33,236.19,58648.25
1758499200000,236.19,236.96,230.51,232.8,183438.84
1758513600000,232.8,233.16,214.89,221.87,316136.42
1758528000000,221.87,222.78,219.33,221.49,148650.45
1758542400000,221.49,224.03,219.94,220.74,139623.16
1758556800000,220.74,221.53,216.61,217.11,171512.56
1758571200000,217.11,221.1,216.45,220.38,73474.87
1758585600000,220.38,221.41,212.34,216.94,160251.4
1758600000000,216.94,220.25,214.03,218.99,119708.13
1758614400000,218.99,220.86,217.87,219.35,77970.25
1758628800000,219.35,220.65,217.02,219.29,93237.89
1758643200000,219.29,221.69,214.36,214.56,117345.57
1758657600000,214.56,216.68,213.24,213.3,75320.48
1758672000000,213.3,216.45,207.43,208.5,197662.18
1758686400000,208.5,211.43,204.84,210.63,256075.03
1758700800000,210.63,212.6,209.83,212.35,83625.52
1758715200000,212.35,216.24,211.41,213.6,131690.18
1758729600000,213.6,215.5,212.42,213.17,65038.9
1758744000000,213.17,213.24,210.73,211.61,57816.08
1758758400000,211.61,212.44,206.03,207.3,151284.8
1758772800000,207.3,207.63,202.78,204.2,166264.02
1758787200000,204.2,205.91,200.69,201.35,126285.22
1758801600000,201.35,204.03,197.06,201.14,217092.84
1758816000000,201.14,201.94,193.61,198.06,305801.98
1758830400000,198.06,198.7,191.33,192.73,179032.49
1758844800000,192.73,197.55,192.53,196.47,149691.8
1758859200000,196.47,197.41,193.76,196.31,136765.0
1758873600000,196.31,196.98,190.81,193.47,147296.81
1758888000000,193.47,198.3,192.15,196.02,271603.05
1758902400000,196.02,202.65,195.81,200.71,209169.13
1758916800000,200.71,205.5,199.56,205.17,111038.03
1758931200000,205.17,205.43,203.57,203.88,96186.84
1758945600000,203.88,204.12,201.53,202.05,78150.94
1758960000000,202.05,202.21,199.88,201.71,71724.88
1758974400000,201.71,203.77,200.96,203.52,66673.58
1758988800000,203.52,203.61,200.89,202.19,79634.74
1759003200000,202.19,204.89,201.89,203.46,46201.78
1759017600000,203.46,204.07,200.75,201.41,74634.7
1759032000000,201.41,202.45,200.37,202.1,39849.87
1759046400000,202.1,202.7,199.24,199.85,59034.14
1759060800000,199.85,203.55,198.0,203.43,86340.28
1759075200000,203.43,206.67,203.26,206.17,90092.11
1759089600000,206.17,210.96,206.01,210.84,96285.44
1759104000000,210.84,210.88,208.78,210.25,96861.0
1759118400000,210.25,210.64,207.38,208.94,80565.14
1759132800000,208.94,209.69,206.02,207.08,61926.48
1759147200000,207.08,213.5,204.6,210.05,187135.23
1759161600000,210.05,213.5,207.67,212.89,111099.26
1759176000000,212.89,214.74,212.43,212.76,74853.99
1759190400000,212.76,213.67,209.83,210.7,101399.9
1759204800000,210.7,211.72,208.55,209.0,71918.98
1759219200000,209.0,209.0,205.53,207.08,107717.49
1759233600000,207.08,209.63,204.67,206.0,116863.62
1759248000000,206.0,209.21,204.29,208.91,141324.35
1759262400000,208.91,210.98,207.41,208.69,102341.42
1759276800000,208.69,210.9,206.43,206.69,116006.3
1759291200000,206.69,210.34,206.32,210.18,84429.82
1759305600000,210.18,217.95,209.86,217.76,207787.53
1759320000000,217.76,220.66,217.16,220.25,155396.34
1759334400000,220.25,221.0,217.35,220.05,107142.98
1759348800000,220.05,222.76,218.43,222.04,83757.45
1759363200000,222.04,225.05,219.52,223.8,158944.25
1759377600000,223.8,226.69,222.43,222.9,149293.49
1759392000000,222.9,226.66,222.69,225.27,115996.08
1759406400000,225.27,227.44,222.61,227.19,208923.14
1759420800000,227.19,233.78,226.25,232.29,244315.55
1759435200000,232.29,234.98,230.82,234.75,126293.23
1759449600000,234.75,234.83,230.56,232.26,114220.33
1759464000000,232.26,233.23,227.69,229.42,116586.14
1759478400000,229.42,231.79,227.88,230.76,124873.3
1759492800000,230.76,234.98,227.14,234.79,196081.88
1759507200000,234.79,237.0,228.41,233.18,284306.17
1759521600000,233.18,233.98,230.73,232.85,77066.05
1759536000000,232.85,234.04,227.93,229.25,116149.5
1759550400000,229.25,230.53,228.75,229.1,48870.29
1759564800000,229.1,229.92,228.22,229.19,60142.61
1759579200000,229.19,229.84,224.32,224.64,107368.99
1759593600000,224.64,227.01,224.15,226.91,83346.33
1759608000000,226.91,228.26,226.91,227.86,38142.28
1759622400000,227.86,232.29,226.48,230.93,121292.57
1759636800000,230.93,236.93,230.9,236.59,169120.48
1759651200000,236.59,237.21,230.76,232.67,136514.54
1759665600000,232.67,232.67,228.43,230.14,100708.91
1759680000000,230.14,231.47,226.72,227.08,89638.41
1759694400000,227.08,229.26,226.7,228.55,62312.94
1759708800000,228.55,233.3,227.55,232.24,126073.57
1759723200000,232.24,234.85,230.17,231.37,102440.56
1759737600000,231.37,234.15,231.36,233.02,88138.78
1759752000000,233.02,236.67,232.67,235.64,151867.74
1759766400000,235.64,237.79,234.04,235.34,120097.47
1759780800000,235.34,236.15,231.65,232.34,85068.15
1759795200000,232.34,233.99,231.0,233.95,87097.44
1759809600000,233.95,235.22,229.42,231.0,145264.01
1759824000000,231.0,231.64,228.28,230.44,132119.37
1759838400000,230.44,231.59,221.31,223.78,329278.78
1759852800000,223.78,225.3,220.73,221.68,175326.92
1759867200000,221.68,224.28,219.7,219.98,101591.81
1759881600000,219.98,222.79,217.92,218.31,131060.38
1759896000000,218.31,220.98,217.31,220.95,65948.84
1759910400000,220.95,222.64,220.65,221.2,63712.7
1759924800000,221.2,224.17,218.86,221.19,100543.12
1759939200000,221.19,229.65,220.7,229.33,120485.55
1759953600000,229.33,229.71,227.42,229.02,64708.11
1759968000000,229.02,229.67,223.84,226.19,94822.45
1759982400000,226.19,228.79,224.15,224.49,82854.27
1759996800000,224.49,224.81,219.4,223.13,95112.37
1760011200000,223.13,226.32,218.63,219.11,131663.27
1760025600000,219.11,220.14,216.55,218.25,101621.0
1760040000000,218.25,221.64,217.58,220.93,45778.45
1760054400000,220.93,222.87,219.5,221.64,62112.93
1760068800000,221.64,222.9,217.92,218.12,73949.23
1760083200000,218.12,221.56,217.4,221.15,73655.41
1760097600000,221.15,224.44,209.01,210.7,253637.69
1760112000000,210.7,213.02,203.44,205.31,178009.2
1760126400000,205.31,207.8,169.41,188.39,861328.08
1760140800000,188.39,191.04,182.44,184.85,294973.97
1760155200000,184.85,186.88,180.07,182.75,194108.99
1760169600000,182.75,188.55,181.77,183.85,192365.67
1760184000000,183.85,185.04,180.78,183.7,221178.48
1760198400000,183.7,184.64,176.6,177.58,153173.39
1760212800000,177.58,178.77,172.6,177.62,145637.35
1760227200000,177.62,178.48,173.0,177.05,120521.12
1760241600000,177.05,182.96,176.61,182.55,150514.2
1760256000000,182.55,182.79,180.33,181.0,96129.77
1760270400000,181.0,191.8,178.2,191.22,297940.04
1760284800000,191.22,196.6,191.22,195.85,225329.11
1760299200000,195.85,198.99,193.13,196.99,132638.81
1760313600000,196.99,199.99,194.34,194.79,140755.32
1760328000000,194.79,199.5,192.92,196.81,116706.43
1760342400000,196.81,198.68,190.03,192.57,142606.31
1760356800000,192.57,197.66,191.31,196.42,201779.57
1760371200000,196.42,208.75,196.24,207.1,304438.1
1760385600000,207.1,209.28,206.81,208.7,109802.05
1760400000000,208.7,211.25,204.96,205.72,181948.61
1760414400000,205.72,205.83,192.01,194.46,250680.47
1760428800000,194.46,197.57,191.04,195.33,172413.13
1760443200000,195.33,202.64,191.51,202.2,231677.37
1760457600000,202.2,206.43,197.07,198.53,229945.93
1760472000000,198.53,203.42,198.17,202.44,69914.21
1760486400000,202.44,205.82,200.9,201.65,120348.6
1760500800000,201.65,205.37,200.48,204.66,112728.4
1760515200000,204.66,208.9,202.04,202.6,139380.46
1760529600000,202.6,204.87,196.22,197.14,249209.85
1760544000000,197.14,198.73,194.19,194.72,141141.96
1760558400000,194.72,196.6,192.06,193.83,110410.03
1760572800000,193.83,196.19,193.17,193.63,73969.3
1760587200000,193.63,195.6,191.38,192.96,110104.68
1760601600000,192.96,197.15,186.6,196.82,179250.35
1760616000000,196.82,198.37,186.59,187.61,191573.38
1760630400000,187.61,192.32,183.75,185.04,201774.07
1760644800000,185.04,186.11,182.04,184.84,109256.16
1760659200000,184.84,187.55,184.27,187.04,86423.32
1760673600000,187.04,187.46,177.35,177.76,212514.92
1760688000000,177.76,182.69,174.07,181.46,264857.92
1760702400000,181.46,182.82,176.25,182.71,190265.58
1760716800000,182.71,185.4,181.43,181.98,132148.92
1760731200000,181.98,186.03,181.48,181.97,78034.35
1760745600000,181.97,185.53,181.76,184.8,69290.87
1760760000000,184.8,188.26,183.11,186.27,98346.92
1760774400000,186.27,187.18,184.41,186.11,75790.05
1760788800000,186.11,187.4,183.96,185.04,49847.92
1760803200000,185.04,186.41,183.33,186.34,45885.57
1760817600000,186.34,187.84,185.89,187.55,32323.95
1760832000000,187.55,187.87,184.89,187.04,45777.38
1760846400000,187.04,187.69,185.19,185.89,34381.21
1760860800000,185.89,190.04,183.19,188.99,128877.34
1760875200000,188.99,191.7,188.11,190.78,97476.14
1760889600000,190.78,192.29,188.34,188.88,74919.15
1760904000000,188.88,190.17,186.89,187.86,57341.54
1760918400000,187.86,191.74,183.83,191.2,125959.91
1760932800000,191.2,194.5,190.6,193.03,94412.72
1760947200000,193.03,194.18,191.01,192.21,70303.2
1760961600000,192.21,192.98,190.45,190.51,74750.92
1760976000000,190.51,190.51,185.58,188.83,114837.19
1760990400000,188.83,191.18,188.27,189.7,55172.74
1761004800000,189.7,190.21,185.33,185.56,100537.06
1761019200000,185.56,185.63,182.73,185.03,103517.87
1761033600000,185.03,186.73,183.77,186.28,57424.2
1761048000000,186.28,197.15,183.96,196.23,202563.54
1761062400000,196.23,197.71,192.11,193.91,163382.72
1761076800000,193.91,194.22,185.12,185.63,126939.36
1761091200000,185.63,187.43,184.14,185.24,97064.18
1761105600000,185.24,186.3,183.28,185.01,89304.74
1761120000000,185.01,185.97,181.95,185.05,74380.4
1761134400000,185.05,186.9,181.28,183.98,155580.02
1761148800000,183.98,184.96,177.17,180.21,135345.64
1761163200000,180.21,180.78,177.07,180.11,106046.44
1761177600000,180.11,183.4,179.68,182.87,62796.47
1761192000000,182.87,188.0,182.7,187.49,88896.57
1761206400000,187.49,189.48,187.48,187.98,103963.31
1761220800000,187.98,192.62,186.61,191.03,179275.91
1761235200000,191.03,193.45,190.11,191.16,100670.4
1761249600000,191.16,191.51,188.32,191.35,75178.72
1761264000000,191.35,193.82,190.85,191.3,77731.44
1761278400000,191.3,194.6,190.83,192.16,90820.43
1761292800000,192.16,193.45,190.59,192.12,55500.26
1761307200000,192.12,196.72,188.83,189.45,214750.04
1761321600000,189.45,193.64,188.83,193.09,94279.54
1761336000000,193.09,194.13,192.84,193.58,45696.11
1761350400000,193.58,194.49,192.45,193.47,49757.73
1761364800000,193.47,194.91,193.44,193.97,52212.85
1761379200000,193.97,195.25,191.2,192.7,67213.31
1761393600000,192.7,194.21,191.8,191.89,53352.01
1761408000000,191.89,194.65,191.42,194.53,51753.99
1761422400000,194.53,194.9,193.76,193.84,34483.64
1761436800000,193.84,194.37,191.94,192.98,42432.17
1761451200000,192.98,194.31,192.73,193.86,32407.66
1761465600000,193.86,197.88,193.72,197.74,100519.74
1761480000000,197.74,199.93,196.91,199.53,109244.48
1761494400000,199.53,199.67,198.19,198.88,51355.74
1761508800000,198.88,202.41,196.89,200.02,115927.23
1761523200000,200.02,205.05,199.49,204.32,118121.48
1761537600000,204.32,205.32,202.26,202.51,106508.68
1761552000000,202.51,202.54,198.12,200.18,131213.84
1761566400000,200.18,200.58,198.3,200.12,82557.6
1761580800000,200.12,203.25,199.83,199.98,101227.71
1761595200000,199.98,200.22,197.34,198.7,75818.3
1761609600000,198.7,202.05,198.41,201.27,83314.58
1761624000000,201.27,203.0,198.62,202.35,94236.56
1761638400000,202.35,203.98,199.21,199.73,90253.28
1761652800000,199.73,203.03,196.6,198.85,190114.59
1761667200000,198.85,201.28,194.48,195.42,116011.09
1761681600000,195.42,195.42,190.3,194.16,164520.91
1761696000000,194.16,195.08,192.72,193.9,75476.21
1761710400000,193.9,196.05,193.75,195.65,41196.55
1761724800000,195.65,199.37,193.78,198.75,106837.86
1761739200000,198.75,201.7,196.41,196.77,149731.6
1761753600000,196.77,198.77,189.4,192.77,298634.26
1761768000000,192.77,197.06,191.92,193.87,90593.65
1761782400000,193.87,198.19,192.13,197.11,78708.09
1761796800000,197.11,197.18,190.36,195.79,174959.98
1761811200000,195.79,196.1,191.09,191.85,91790.97
1761825600000,191.85,192.06,184.49,185.05,200646.03
1761840000000,185.05,186.35,178.66,179.07,144846.41
1761854400000,179.07,184.74,178.79,184.66,128709.77
1761868800000,184.66,186.91,183.71,185.15,113354.1
1761883200000,185.15,187.03,184.77,185.35,79753.79
1761897600000,185.35,189.21,184.58,188.89,82709.88
1761912000000,188.89,190.26,186.01,188.14,136619.03
1761926400000,188.14,189.03,184.38,188.45,99183.31
1761940800000,188.45,188.78,186.53,187.2,47908.26
1761955200000,187.2,187.47,185.5,187.21,54266.26
1761969600000,187.21,187.55,185.0,185.8,38121.07
1761984000000,185.8,186.72,185.28,186.21,43062.79
1761998400000,186.21,186.65,183.83,186.42,63257.05
1762012800000,186.42,187.11,184.87,186.28,54065.64
1762027200000,186.28,186.95,184.98,186.36,31817.52
1762041600000,186.36,186.37,184.66,185.29,40154.63
1762056000000,185.29,188.34,185.02,187.72,55832.19
1762070400000,187.72,187.94,184.45,186.15,55692.45
1762084800000,186.15,186.5,183.54,183.77,69653.43
1762099200000,183.77,184.67,182.01,184.03,51004.04
1762113600000,184.03,188.1,183.58,187.72,49367.75
1762128000000,187.72,189.12,176.75,177.57,172076.14
1762142400000,177.57,178.75,174.22,176.51,138554.98
1762156800000,176.51,176.92,173.65,175.37,139421.22
1762171200000,175.37,176.95,165.0,166.76,348909.29
1762185600000,166.76,170.98,165.61,166.75,185150.8
1762200000000,166.75,167.24,163.25,166.05,126677.4
1762214400000,166.05,168.42,164.18,167.65,77889.68
1762228800000,167.65,168.13,155.87,157.07,251311.54
1762243200000,157.07,162.2,156.41,161.71,231533.81
1762257600000,161.71,165.28,159.33,161.5,161174.59
1762272000000,161.5,162.36,152.27,154.64,272881.11
1762286400000,154.64,155.9,145.87,155.04,372407.91
1762300800000,155.04,157.37,147.29,156.93,206041.72
1762315200000,156.93,158.56,155.67,156.46,104605.68
1762329600000,156.46,157.63,153.67,157.48,115432.36
1762344000000,157.48,160.54,156.77,160.49,137416.25
1762358400000,160.49,163.92,158.57,162.54,129611.63
1762372800000,162.54,163.97,161.12,162.38,68331.79
1762387200000,162.38,162.92,159.69,162.44,108881.63
1762401600000,162.44,162.75,158.26,158.86,63460.54
1762416000000,158.86,159.9,157.66,158.86,76781.34
1762430400000,158.86,161.51,155.4,155.92,145818.91
1762444800000,155.92,158.67,153.8,156.89,121485.59
1762459200000,156.89,157.81,153.46,155.3,68072.99
1762473600000,155.3,158.61,154.23,156.84,84668.38
1762488000000,156.84,158.28,155.24,157.8,60620.1
1762502400000,157.8,158.21,151.67,153.86,94146.89
1762516800000,153.86,156.27,149.82,155.41,188286.12
1762531200000,155.41,164.48,154.4,164.18,158312.3
1762545600000,164.18,164.4,161.62,161.8,86511.65
1762560000000,161.8,164.88,160.6,162.52,97281.09
1762574400000,162.52,163.66,159.6,161.06,64058.93
1762588800000,161.06,162.34,159.15,159.36,66024.21
1762603200000,159.36,159.7,155.9,156.64,155034.45
1762617600000,156.64,158.18,155.81,157.36,69000.04
1762632000000,157.36,158.44,157.22,158.02,47753.88
1762646400000,158.02,158.31,155.16,155.89,57529.45
1762660800000,155.89,159.58,155.85,159.3,77213.13
1762675200000,159.3,159.93,157.28,159.06,47991.04
1762689600000,159.06,163.97,158.59,162.54,190821.25
1762704000000,162.54,166.28,161.24,166.16,112374.49
1762718400000,166.16,166.57,163.93,164.54,76898.25
1762732800000,164.54,168.76,163.44,168.12,127520.27
1762747200000,168.12,168.93,166.41,167.38,75888.75
1762761600000,167.38,169.79,166.12,168.32,86745.64
1762776000000,168.32,170.47,165.21,166.27,157381.55
1762790400000,166.27,168.48,165.24,167.19,102439.1
1762804800000,167.19,168.41,164.82,167.3,75030.81
1762819200000,167.3,171.94,166.0,169.97,122604.93
1762833600000,169.97,170.11,163.63,163.98,158912.69
1762848000000,163.98,164.96,162.84,163.69,89195.35
1762862400000,163.69,164.37,160.06,160.87,197109.91
1762876800000,160.87,161.22,157.42,157.59,103015.51
1762891200000,157.59,157.86,153.94,154.61,104318.05
1762905600000,154.61,155.58,153.61,154.58,89297.14
1762920000000,154.58,156.57,154.2,155.03,94400.83
1762934400000,155.03,161.12,155.0,160.03,134252.05
1762948800000,160.03,161.06,155.24,155.72,139880.44
1762963200000,155.72,156.21,151.2,153.04,161585.89
1762977600000,153.04,154.67,152.54,153.43,62534.25
1762992000000,153.43,155.77,150.45,154.34,115516.86
1763006400000,154.34,157.2,153.4,155.3,119404.08
1763020800000,155.3,156.5,153.86,156.3,76016.43
1763035200000,156.3,156.95,152.26,153.12,140935.52
1763049600000,153.12,153.37,142.05,142.74,251467.16
1763064000000,142.74,146.24,141.07,144.74,196056.46
1763078400000,144.74,145.68,142.8,144.28,106121.96
1763092800000,144.28,144.47,138.73,142.85,222721.88
1763107200000,142.85,143.19,139.84,140.76,125459.55
1763121600000,140.76,143.75,135.77,142.22,326877.85
1763136000000,142.22,144.22,140.57,143.13,113196.48
1763150400000,143.13,143.24,137.2,138.92,81879.52
1763164800000,138.92,143.35,138.75,142.54,87816.57
1763179200000,142.54,143.59,141.81,142.76,62002.63
1763193600000,142.76,142.84,139.97,140.22,65532.6
1763208000000,140.22,142.26,139.98,141.73,65198.94
1763222400000,141.73,144.68,140.82,141.77,81548.49
1763236800000,141.77,141.96,138.61,139.6,75311.33
1763251200000,139.6,141.51,137.4,141.43,71463.1
1763265600000,141.43,142.43,140.73,142.32,46103.77
1763280000000,142.32,143.33,139.52,139.92,76470.19
1763294400000,139.92,140.85,137.16,137.47,85308.9
1763308800000,137.47,138.51,134.42,136.83,180797.48
1763323200000,136.83,138.17,134.92,137.15,120393.58
1763337600000,137.15,140.64,136.09,140.28,112076.05
1763352000000,140.28,141.85,139.66,141.32,65905.18
1763366400000,141.32,142.8,140.95,141.9,93138.3
1763380800000,141.9,143.27,136.83,137.15,217398.75
1763395200000,137.15,137.22,129.38,129.63,286243.0
1763409600000,129.63,131.96,128.82,131.0,122475.83
1763424000000,131.0,135.22,129.01,134.53,190474.53
1763438400000,134.53,137.81,132.56,136.93,207701.98
1763452800000,136.93,139.12,136.47,137.86,123022.52
1763467200000,137.86,142.13,136.85,139.69,178708.7
1763481600000,139.69,142.11,138.79,141.45,106191.8
1763496000000,141.45,142.12,139.66,140.69,80017.51
1763510400000,140.69,142.85,139.29,139.82,115493.46
1763524800000,139.82,141.11,137.12,140.57,106401.84
1763539200000,140.57,141.02,138.36,138.56,65520.34
1763553600000,138.56,139.22,134.42,134.63,166880.42
1763568000000,134.63,135.45,130.54,131.74,131587.11
1763582400000,131.74,137.06,131.36,137.05,125540.26
1763596800000,137.05,144.46,136.38,143.18,219497.39
1763611200000,143.18,144.79,142.19,143.8,130633.44
1763625600000,143.8,143.96,141.08,142.12,103713.19
1763640000000,142.12,143.38,138.36,138.57,156790.64
1763654400000,138.57,138.74,131.15,133.91,372462.12
1763668800000,133.91,136.68,132.66,133.66,136460.84
1763683200000,133.66,135.06,131.08,132.62,144979.8
1763697600000,132.62,133.09,122.21,127.54,296291.88
1763712000000,127.54,129.45,123.8,124.33,246495.8
1763726400000,124.33,129.61,121.67,125.41,313386.18
1763740800000,125.41,130.6,123.58,128.12,169555.53
1763755200000,128.12,129.36,125.11,128.69,105757.64
1763769600000,128.69,129.94,126.83,127.14,81709.95
1763784000000,127.14,128.39,125.36,127.74,88242.42
1763798400000,127.74,127.74,125.34,126.68,80393.34
1763812800000,126.68,127.75,125.1,127.13,80646.58
1763827200000,127.13,128.59,126.79,127.21,77982.83
1763841600000,127.21,128.91,126.11,127.6,51463.45
1763856000000,127.6,130.8,127.56,129.96,83320.18
1763870400000,129.96,131.9,128.11,128.86,89013.91
1763884800000,128.86,130.95,128.83,129.76,55670.82
1763899200000,129.76,133.12,129.65,132.88,124159.79
1763913600000,132.88,133.43,130.84,132.38,70235.13
1763928000000,132.38,133.54,130.56,130.58,67465.23
1763942400000,130.58,134.41,129.31,133.43,110986.88
1763956800000,133.43,133.93,130.19,130.35,123088.58
1763971200000,130.35,130.75,128.44,129.62,82855.5
1763985600000,129.62,132.6,128.55,131.94,134191.28
1764000000000,131.94,138.0,131.82,137.24,190798.88
1764014400000,137.24,139.86,137.24,138.44,133798.24
1764028800000,138.44,138.98,137.26,137.8,61635.41
1764043200000,137.8,138.96,136.3,136.33,53443.3
1764057600000,136.33,136.84,134.75,136.28,93325.49
1764072000000,136.28,136.98,133.14,134.87,122526.88
1764086400000,134.87,138.01,134.24,136.72,101031.71
1764100800000,136.72,140.5,135.98,138.95,87331.81
1764115200000,138.95,140.67,137.92,138.15,87871.3
1764129600000,138.15,139.95,137.75,139.89,81589.97
1764144000000,139.89,139.91,136.22,136.87,89565.35
1764158400000,136.87,138.29,135.5,136.67,145720.82
1764172800000,136.67,144.75,136.46,144.0,211960.38
1764187200000,144.0,144.23,142.51,143.01,89071.71
1764201600000,143.01,144.11,142.08,142.53,79241.57
1764216000000,142.53,144.28,142.33,143.77,64497.92
1764230400000,143.77,143.9,141.52,142.08,62421.27
1764244800000,142.08,142.53,140.68,142.15,73481.47
1764259200000,142.15,143.12,141.43,142.73,94656.35
1764273600000,142.73,142.91,140.49,140.85,57899.38
1764288000000,140.85,141.45,138.59,139.69,76951.37
1764302400000,139.69,140.57,138.97,138.97,59473.9
1764316800000,138.97,142.63,138.95,140.99,103658.78
1764331200000,140.99,143.6,140.43,141.61,157914.05
1764345600000,141.61,141.65,136.02,137.54,154937.68
1764360000000,137.54,138.3,136.62,137.33,56576.45
1764374400000,137.33,137.88,136.77,136.84,50931.69
1764388800000,136.84,137.72,136.24,137.28,58595.92
1764403200000,137.28,137.48,136.4,137.33,54610.9
1764417600000,137.33,137.66,136.5,137.57,44966.81
1764432000000,137.57,138.07,134.81,135.67,89413.03
1764446400000,135.67,136.52,135.33,135.92,51102.33
1764460800000,135.92,136.8,135.25,136.4,87939.09
1764475200000,136.4,136.93,135.52,136.52,46411.72
1764489600000,136.52,137.1,136.13,136.43,47104.54
1764504000000,136.43,140.18,136.2,138.33,120149.79
1764518400000,138.33,139.82,137.38,137.62,81798.91
1764532800000,137.62,137.93,133.27,133.49,96610.44
1764547200000,133.49,133.73,126.52,126.99,250110.87
1764561600000,126.99,127.46,125.81,127.41,91731.34
1764576000000,127.41,128.02,126.86,127.11,71690.48
1764590400000,127.11,127.72,123.11,125.1,161138.88
1764604800000,125.1,125.33,123.27,123.87,129008.85
1764619200000,123.87,127.43,123.82,126.67,104514.07
1764633600000,126.67,128.53,126.02,127.23,81202.39
1764648000000,127.23,127.85,126.44,127.26,57833.33
1764662400000,127.26,128.84,126.01,128.31,69734.25
1764676800000,128.31,139.81,128.2,137.84,293343.3
1764691200000,137.84,140.87,137.39,140.26,194408.18
1764705600000,140.26,140.39,138.21,138.68,118842.13
1764720000000,138.68,140.65,137.76,140.34,104370.36
1764734400000,140.34,144.25,140.18,141.89,131569.79
1764748800000,141.89,142.66,140.76,141.72,63080.05
1764763200000,141.72,143.52,138.79,140.99,117686.75
1764777600000,140.99,142.38,139.89,141.28,116080.52
1764792000000,141.28,146.08,140.74,144.66,154075.9
1764806400000,144.66,146.9,143.65,144.67,75714.53
1764820800000,144.67,144.9,142.64,143.47,68513.3
1764835200000,143.47,144.2,142.7,143.05,51129.73
1764849600000,143.05,144.25,141.45,143.21,104287.8
1764864000000,143.21,143.85,137.81,139.67,99178.95
1764878400000,139.67,140.5,138.55,139.0,62090.95
1764892800000,139.0,140.18,138.3,138.55,65862.87
1764907200000,138.55,140.75,137.8,139.68,76304.48
1764921600000,139.68,139.68,136.13,137.01,109940.77
1764936000000,137.01,137.17,134.41,135.05,126486.8
1764950400000,135.05,135.2,130.82,132.49,144698.67
1764964800000,132.49,133.37,131.97,133.29,55061.64
1764979200000,133.29,134.13,132.83,133.74,38617.46
1764993600000,133.74,133.75,132.57,132.72,29431.73
1765008000000,132.72,133.29,131.88,133.23,37930.19
1765022400000,133.23,133.98,132.22,132.88,45472.67
1765036800000,132.88,133.55,131.79,132.07,71198.94
1765051200000,132.07,132.93,131.29,132.2,33132.3
1765065600000,132.2,133.57,131.93,133.5,38611.27
1765080000000,133.5,133.54,131.91,132.09,33368.22
1765094400000,132.09,132.59,131.53,132.43,37983.55
1765108800000,132.43,133.07,127.7,132.06,173942.18
1765123200000,132.06,136.28,130.49,135.71,149125.4
1765137600000,135.71,136.35,129.81,132.24,102387.33
1765152000000,132.24,134.71,131.53,134.31,64322.83
1765166400000,134.31,135.99,134.07,135.86,66920.04
1765180800000,135.86,139.35,135.65,138.38,112872.35
1765195200000,138.38,139.32,135.24,135.54,124315.41
1765209600000,135.54,136.52,133.02,133.66,108271.64
1765224000000,133.66,134.89,132.45,133.24,99889.15
1765238400000,133.24,134.41,132.48,134.16,67653.11
1765252800000,134.16,134.26,131.8,133.18,78365.63
1765267200000,133.18,133.42,132.02,132.95,41187.33
1765281600000,132.95,138.48,131.63,138.45,150132.29
1765296000000,138.45,144.93,138.45,142.1,289736.04
1765310400000,142.1,142.34,136.72,137.88,128639.54
1765324800000,137.88,138.61,137.19,138.14,113399.78
1765339200000,138.14,140.22,138.05,139.2,69613.9
1765353600000,139.2,139.86,136.34,137.2,91300.15
1765368000000,137.2,138.16,135.72,136.17,81169.56
1765382400000,136.17,139.63,135.73,138.69,206605.07
1765396800000,138.69,142.56,135.42,136.25,183625.56
1765411200000,136.25,136.43,129.03,129.39,198579.41
1765425600000,129.39,131.52,129.05,131.04,95968.77
1765440000000,131.04,131.4,130.16,130.93,61177.72
1765454400000,130.93,132.82,129.85,131.18,96075.26
1765468800000,131.18,135.58,130.12,133.92,143423.26
1765483200000,133.92,137.78,133.82,136.41,140554.48
1765497600000,136.41,137.95,135.36,137.09,82167.6
1765512000000,137.09,140.12,136.53,139.1,99879.21
1765526400000,139.1,139.15,137.21,138.73,82626.11
1765540800000,138.73,139.85,132.86,133.47,173446.74
1765555200000,133.47,133.94,130.35,131.27,173513.8
1765569600000,131.27,133.06,131.0,132.27,68493.06
1765584000000,132.27,133.0,132.27,132.87,46585.98
1765598400000,132.87,133.01,132.34,132.93,30366.32
1765612800000,132.93,134.28,132.93,133.31,64687.62
1765627200000,133.31,133.68,132.62,133.31,65692.35
1765641600000,133.31,133.82,132.13,132.73,59877.16
1765656000000,132.73,133.27,131.61,133.13,44105.22
1765670400000,133.13,133.66,132.71,132.95,35745.0
1765684800000,132.95,133.39,132.08,133.28,32371.34
1765699200000,133.28,133.5,130.14,131.47,83210.88
1765713600000,131.47,131.9,130.33,130.67,42099.91
1765728000000,130.67,131.6,129.43,130.31,47395.39
1765742400000,130.31,130.8,127.99,129.35,64598.25
1765756800000,129.35,133.25,129.29,131.14,76713.97
1765771200000,131.14,132.7,130.88,132.34,53138.78
1765785600000,132.34,133.02,132.07,132.26,50213.77
1765800000000,132.26,135.43,126.45,126.9,224432.15
1765814400000,126.9,127.29,123.64,125.01,156844.81
1765828800000,125.01,127.87,123.87,127.81,87450.68
1765843200000,127.81,128.03,124.93,126.51,68073.11
1765857600000,126.51,127.47,124.88,125.58,60187.31
1765872000000,125.58,129.03,125.43,128.63,76982.31
1765886400000,128.63,130.14,126.12,129.75,157930.45
1765900800000,129.75,129.85,126.77,127.73,86164.0
1765915200000,127.73,129.53,127.44,129.12,54663.03
1765929600000,129.12,129.83,128.21,128.24,53474.79
1765944000000,128.24,128.57,127.05,128.26,41143.79
1765958400000,128.26,128.27,125.98,127.61,64595.02
1765972800000,127.61,133.99,126.61,126.77,260817.63
1765987200000,126.77,127.97,121.37,122.39,231120.1
1766001600000,122.39,123.76,121.98,123.25,76223.44
1766016000000,123.25,124.14,122.98,123.65,49890.69
1766030400000,123.65,124.13,122.21,122.83,49541.13
1766044800000,122.83,124.15,122.46,124.04,56404.05
1766059200000,124.04,129.04,123.65,127.4,225046.08
1766073600000,127.4,127.49,117.45,117.56,261852.4
1766088000000,117.56,120.2,116.92,119.59,136841.72
1766102400000,119.59,122.53,117.61,121.57,99783.77
1766116800000,121.57,125.33,121.35,124.44,123838.67
1766131200000,124.44,125.74,123.87,125.36,75748.4
1766145600000,125.36,127.66,124.7,125.09,169769.53
1766160000000,125.09,126.97,123.6,126.25,137094.79
1766174400000,126.25,127.86,126.09,126.26,82507.64
1766188800000,126.26,126.49,125.3,126.21,41798.41
1766203200000,126.21,126.69,125.87,126.18,36012.92
1766217600000,126.18,126.89,125.87,126.48,38281.4
1766232000000,126.48,126.66,125.45,126.56,58070.37
1766246400000,126.56,126.71,125.75,126.04,34889.13
1766260800000,126.04,126.55,125.62,125.81,37765.31
1766275200000,125.81,126.11,124.68,125.23,62547.99
1766289600000,125.23,125.51,125.07,125.3,18031.04
1766304000000,125.3,126.62,124.8,125.48,66343.95
1766318400000,125.48,126.06,123.43,125.06,80054.9
1766332800000,125.06,126.35,124.37,125.68,76919.7
1766347200000,125.68,126.31,124.7,126.03,40429.5
1766361600000,126.03,128.55,124.49,126.03,107844.69
1766376000000,126.03,126.74,125.57,126.3,41706.63
1766390400000,126.3,127.46,125.51,127.01,58934.69
1766404800000,127.01,128.77,126.33,128.07,101075.68
1766419200000,128.07,128.37,124.64,124.65,99313.33
1766433600000,124.65,126.03,124.21,125.91,63755.97
1766448000000,125.91,126.93,124.9,125.63,54027.82
1766462400000,125.63,126.08,123.77,124.18,64600.28
1766476800000,124.18,125.22,123.92,124.85,48605.98
1766491200000,124.85,124.94,122.17,123.36,103543.12
1766505600000,123.36,124.94,122.78,123.99,103357.33
1766520000000,123.99,125.65,123.46,124.01,71265.12
1766534400000,124.01,124.3,121.76,122.71,52205.39
1766548800000,122.71,123.06,120.64,121.31,55913.29
1766563200000,121.31,122.22,121.11,122.04,44534.19
1766577600000,122.04,122.94,120.7,122.73,59801.31
1766592000000,122.73,123.45,121.79,122.85,51620.51
1766606400000,122.85,123.4,122.47,122.52,37467.65
1766620800000,122.52,123.15,122.08,122.7,26155.28
1766635200000,122.7,122.86,122.1,122.27,39871.55
1766649600000,122.27,122.65,121.32,121.64,44943.44
1766664000000,121.64,124.09,121.6,123.69,52893.93
1766678400000,123.69,124.45,122.8,123.46,81817.19
1766692800000,123.46,123.52,119.73,120.06,89069.32
1766707200000,120.06,124.39,119.26,122.66,172930.03
1766721600000,122.66,123.99,121.81,122.72,73771.78
1766736000000,122.72,124.12,122.29,123.83,79296.5
1766750400000,123.83,125.14,120.45,121.54,154429.86
1766764800000,121.54,122.4,121.18,122.15,62638.85
1766779200000,122.15,122.67,121.82,122.27,39193.16
1766793600000,122.27,123.8,121.87,123.67,69771.97
1766808000000,123.67,123.74,122.76,123.16,33137.78
1766822400000,123.16,123.34,122.52,122.98,27727.62
1766836800000,122.98,123.66,122.74,123.31,25640.01
1766851200000,123.31,123.45,122.75,123.27,41598.38
1766865600000,123.27,125.08,123.27,124.74,80583.93
1766880000000,124.74,124.9,123.9,124.12,39090.89
1766894400000,124.12,124.32,123.64,124.22,27490.17
1766908800000,124.22,124.84,124.0,124.64,41576.93
1766923200000,124.64,125.02,124.3,124.44,51544.87
1766937600000,124.44,124.77,123.07,123.31,103923.36
1766952000000,123.31,125.64,123.1,125.26,93174.61
1766966400000,125.26,130.15,125.01,128.57,270750.97
1766980800000,128.57,129.15,127.21,127.88,99950.58
1766995200000,127.88,128.43,125.04,125.08,121613.96
1767009600000,125.08,125.4,122.38,123.43,157021.78
1767024000000,123.43,123.98,122.64,123.07,68326.52
1767038400000,123.07,123.62,122.87,123.27,45377.08
1767052800000,123.27,123.93,122.59,123.8,42141.05
1767067200000,123.8,124.34,123.2,124.02,56425.35
1767081600000,124.02,125.15,124.0,124.3,75203.8
1767096000000,124.3,125.35,123.54,125.16,99131.32
1767110400000,125.16,126.52,123.77,124.71,122922.4
1767124800000,124.71,125.14,123.5,125.02,62788.95
1767139200000,125.02,126.09,124.42,125.82,76437.93
1767153600000,125.82,126.1,125.38,125.98,43477.85
1767168000000,125.98,126.84,125.45,126.74,52818.75
1767182400000,126.74,127.43,125.01,125.58,87029.17
1767196800000,125.58,125.74,124.31,124.38,59157.28
1767211200000,124.38,128.67,123.0,124.64,143703.53
1767225600000,124.64,125.8,124.6,125.22,50283.96
1767240000000,125.22,125.32,124.22,124.23,34366.04
1767254400000,124.23,125.29,124.15,125.23,68833.11
1767268800000,125.23,125.27,124.4,124.95,60481.87
1767283200000,124.95,125.79,124.28,125.75,74770.99
1767297600000,125.75,127.25,125.31,126.91,52302.82
1767312000000,126.91,127.99,125.84,127.53,68670.09
1767326400000,127.53,127.72,126.75,127.13,37128.61
1767340800000,127.13,129.99,127.13,128.21,109620.48
1767355200000,128.21,129.64,126.83,128.99,103890.63
1767369600000,128.99,132.3,128.68,131.6,124479.51
1767384000000,131.6,133.24,130.84,132.29,61853.38
1767398400000,132.29,133.17,132.08,132.83,55409.54
1767412800000,132.83,132.92,129.6,130.1,66976.98
1767427200000,130.1,131.44,129.8,130.72,51317.94
1767441600000,130.72,132.18,130.52,131.48,45292.24
1767456000000,131.48,132.12,131.47,131.77,31590.25
1767470400000,131.77,133.97,131.35,133.37,45558.92
1767484800000,133.37,134.96,133.31,134.61,71671.48
1767499200000,134.61,134.99,133.69,133.81,62298.69
1767513600000,133.81,134.88,133.25,134.38,53194.48
1767528000000,134.38,135.35,133.75,134.91,64575.16
1767542400000,134.91,135.54,133.13,133.56,64921.41
1767556800000,133.56,134.86,133.4,134.12,30342.55
1767571200000,134.12,137.74,134.01,136.65,113128.56
1767585600000,136.65,136.79,134.64,135.44,61521.36
1767600000000,135.44,136.06,134.78,135.77,64378.87
1767614400000,135.77,136.47,133.19,136.14,140093.33
1767628800000,136.14,138.81,134.31,138.23,129079.75
1767643200000,138.23,139.86,137.72,137.9,78022.74
1767657600000,137.9,138.63,136.89,138.37,66607.7
1767672000000,138.37,140.05,137.35,137.6,90397.25
1767686400000,137.6,139.7,137.4,139.5,71658.36
1767700800000,139.5,143.46,138.72,141.59,185876.81
1767715200000,141.59,141.95,136.19,137.56,140540.81
1767729600000,137.56,141.99,137.51,141.09,89440.49
1767744000000,141.09,141.39,138.54,139.59,63686.84
1767758400000,139.59,139.72,138.18,139.38,50725.5
1767772800000,139.38,139.8,136.56,137.96,82795.95
1767787200000,137.96,138.5,135.25,135.71,95371.5
1767801600000,135.71,136.68,134.42,135.75,68231.71
1767816000000,135.75,137.05,135.0,136.38,50581.58
1767830400000,136.38,138.31,136.0,136.74,71538.95
1767844800000,136.74,138.33,133.8,135.9,90656.25
1767859200000,135.9,136.22,133.92,134.8,62188.6
1767873600000,134.8,136.55,132.72,136.45,110330.73
1767888000000,136.45,139.05,136.26,137.52,106845.89
1767902400000,137.52,140.06,136.52,138.37,122118.32
1767916800000,138.37,141.16,137.74,140.81,116562.95
1767931200000,140.81,141.08,139.46,139.55,71945.04
1767945600000,139.55,139.68,137.04,138.28,113190.25
1767960000000,138.28,140.89,136.2,138.82,155475.91
1767974400000,138.82,140.25,135.45,135.81,136576.26
1767988800000,135.81,136.45,134.98,135.97,68757.04
1768003200000,135.97,136.68,135.68,136.16,44468.72
1768017600000,136.16,136.34,135.75,136.08,27160.63
1768032000000,136.08,137.04,136.0,136.59,39518.67
1768046400000,136.59,137.04,136.01,136.41,58805.11
1768060800000,136.41,136.71,135.9,136.22,35191.38
1768075200000,136.22,136.27,135.39,135.84,24934.84
1768089600000,135.84,136.47,135.74,136.26,29409.26
1768104000000,136.26,136.43,135.88,136.2,24792.82
1768118400000,136.2,136.91,136.1,136.55,41543.48
1768132800000,136.55,139.55,136.52,138.43,82489.17
1768147200000,138.43,141.59,138.43,139.43,133586.3
1768161600000,139.43,139.76,137.5,139.7,91865.39
1768176000000,139.7,144.39,138.91,142.53,217586.07
1768190400000,142.53,143.33,141.36,141.42,77530.93
1768204800000,141.42,142.05,139.05,140.03,96671.43
1768219200000,140.03,142.74,138.69,142.59,90802.82
1768233600000,142.59,144.31,140.59,141.0,141104.97
1768248000000,141.0,141.85,138.34,139.22,96275.93
1768262400000,139.22,139.57,137.83,138.75,101019.06
1768276800000,138.75,140.76,138.39,139.98,77479.69
1768291200000,139.98,143.12,139.97,141.84,118862.08
1768305600000,141.84,143.84,141.23,143.53,145310.38
1768320000000,143.53,144.52,142.44,144.23,96394.34
1768334400000,144.23,148.73,143.02,145.52,182419.4
1768348800000,145.52,146.56,144.34,146.28,114818.89
1768363200000,146.28,146.45,143.93,144.86,98132.35
1768377600000,144.86,145.76,143.53,143.77,68628.27
1768392000000,143.77,147.56,143.37,147.07,163401.11
1768406400000,147.07,148.43,145.33,146.79,145821.97
1768420800000,146.79,147.73,145.84,146.7,70868.55
1768435200000,146.7,146.73,143.23,143.49,91433.74
1768449600000,143.49,145.29,143.29,144.99,49687.55
1768464000000,144.99,146.0,144.03,144.86,57103.31
1768478400000,144.86,145.65,141.8,143.52,126397.07
1768492800000,143.52,144.2,140.98,141.52,75989.62
1768507200000,141.52,142.66,141.03,142.4,35352.9
1768521600000,142.4,142.81,141.68,141.97,38843.03
1768536000000,141.97,143.62,141.43,142.95,70012.27
1768550400000,142.95,143.54,142.71,143.14,41286.9
1768564800000,143.14,143.86,140.26,140.77,75166.24
1768579200000,140.77,144.51,140.65,144.18,70987.06
1768593600000,144.18,145.55,143.49,144.9,58916.81
1768608000000,144.9,144.99,144.2,144.36,36823.66
1768622400000,144.36,144.5,143.63,143.64,19104.16
1768636800000,143.64,144.65,143.32,144.0,33529.57
1768651200000,144.0,144.34,143.6,144.34,31625.64
1768665600000,144.34,144.54,143.67,144.27,28345.26
1768680000000,144.27,144.58,143.51,143.73,24019.61
1768694400000,143.73,143.99,141.97,142.82,65507.39
1768708800000,142.82,143.02,142.05,142.1,46962.35
1768723200000,142.1,142.65,141.94,142.39,33849.54
1768737600000,142.39,142.73,141.51,141.99,47931.66
1768752000000,141.99,143.25,141.75,142.28,58253.73
1768766400000,142.28,143.05,137.76,137.86,96588.42
1768780800000,137.86,137.86,130.04,133.93,256459.64
1768795200000,133.93,134.09,132.71,133.46,74257.42
1768809600000,133.46,134.37,133.28,134.13,63931.28
1768824000000,134.13,134.19,133.27,133.54,47988.49
1768838400000,133.54,134.71,133.47,134.46,34234.87
1768852800000,134.46,135.16,132.74,133.44,45614.3
1768867200000,133.44,134.63,133.07,134.25,49306.14
1768881600000,134.25,134.25,130.57,130.62,99998.16
1768896000000,130.62,130.79,128.36,128.8,144525.73
1768910400000,128.8,129.75,127.24,127.86,107070.76
1768924800000,127.86,128.59,126.3,127.25,94118.79
1768939200000,127.25,128.08,124.69,125.81,87713.75
1768953600000,125.81,127.86,125.75,127.61,54838.55
1768968000000,127.61,128.75,127.45,127.61,51615.87
1768982400000,127.61,128.19,126.8,126.97,50601.59
1768996800000,126.97,131.17,126.18,130.43,145595.02
1769011200000,130.43,131.68,125.27,131.5,152219.71
1769025600000,131.5,132.14,129.16,129.53,84343.61
1769040000000,129.53,130.63,129.53,129.85,36218.81
1769054400000,129.85,130.5,129.75,129.81,32669.51
1769068800000,129.81,130.35,129.35,130.11,39312.24
1769083200000,130.11,130.94,126.74,127.41,100412.26
1769097600000,127.41,129.37,126.92,129.26,73234.09
1769112000000,129.26,129.76,128.02,128.48,47223.83
1769126400000,128.48,128.98,128.08,128.76,34287.65
1769140800000,128.76,129.29,127.26,127.93,44208.38
1769155200000,127.93,128.0,126.94,127.53,40481.19
1769169600000,127.53,128.09,125.29,127.9,94782.59
1769184000000,127.9,130.2,127.46,128.08,101608.28
1769198400000,128.08,128.26,126.57,127.44,49177.75
1769212800000,127.44,128.12,127.29,127.91,23815.32
1769227200000,127.91,128.1,127.01,127.12,39124.15
1769241600000,127.12,127.4,126.93,127.17,26200.65
1769256000000,127.17,127.41,126.8,126.85,27840.81
1769270400000,126.85,127.51,126.64,127.3,29986.67
1769284800000,127.3,127.76,127.1,127.22,24799.89
1769299200000,127.22,127.46,126.35,126.64,30764.9
1769313600000,126.64,127.0,126.35,126.47,25347.21
1769328000000,126.47,127.2,125.99,126.77,40355.42
1769342400000,126.77,127.12,125.47,125.58,43085.49
1769356800000,125.58,125.59,117.18,117.95,346653.02
1769371200000,117.95,119.44,117.43,118.88,247593.27
1769385600000,118.88,122.78,118.55,121.57,82610.53
1769400000000,121.57,123.6,121.57,122.9,46288.52
1769414400000,122.9,123.58,121.76,122.51,57151.17
1769428800000,122.51,125.2,122.35,123.53,103096.51
1769443200000,123.53,125.59,123.03,124.32,86225.58
1769457600000,124.32,124.88,123.42,124.23,51601.18
1769472000000,124.23,125.17,123.73,124.51,43181.63
1769486400000,124.51,125.15,124.0,124.52,41003.81
1769500800000,124.52,124.79,123.57,124.12,42353.29
1769515200000,124.12,125.03,123.12,125.01,53209.57
1769529600000,125.01,126.79,123.55,125.85,106986.72
1769544000000,125.85,127.84,125.73,127.19,82478.64
1769558400000,127.19,127.52,126.66,126.96,39546.87
1769572800000,126.96,127.54,126.45,127.1,38682.62
1769587200000,127.1,128.33,125.99,128.17,66519.45
1769601600000,128.17,128.24,125.53,126.06,91205.82
1769616000000,126.06,127.05,125.27,126.0,75412.52
1769630400000,126.0,126.68,124.79,125.34,58749.97
1769644800000,125.34,125.51,122.7,123.07,70186.98
1769659200000,123.07,123.98,122.5,123.77,36503.83
1769673600000,123.77,123.92,122.67,122.77,40544.23
1769688000000,122.77,123.18,116.13,117.68,181179.11
1769702400000,117.68,119.96,115.4,116.79,212525.79
1769716800000,116.79,117.91,116.55,117.82,85675.39
1769731200000,117.82,118.14,112.19,114.43,193801.13
1769745600000,114.43,116.13,113.02,115.76,131457.07
1769760000000,115.76,117.28,114.68,117.09,97771.38
1769774400000,117.09,117.63,114.59,116.81,121251.43
1769788800000,116.81,119.11,114.35,118.29,160825.01
1769803200000,118.29,118.43,116.52,117.6,89080.64
1769817600000,117.6,118.64,117.39,118.39,62033.48
1769832000000,118.39,118.85,117.2,117.37,84077.16
1769846400000,117.37,117.53,114.3,116.05,153863.24
1769860800000,116.05,116.19,108.25,108.65,283670.2
1769875200000,108.65,109.82,96.47,101.77,619607.79
1769889600000,101.77,106.56,100.41,105.58,148873.27
1769904000000,105.58,106.43,104.23,104.97,78915.69
1769918400000,104.97,106.02,103.97,105.19,70767.62
1769932800000,105.19,106.05,103.62,105.05,80525.81
1769947200000,105.05,106.68,100.22,101.69,166795.6
1769961600000,101.69,104.24,100.93,101.94,112166.28
1769976000000,101.94,102.87,98.02,100.78,198023.38
1769990400000,100.78,103.13,95.98,100.06,232128.08
1770004800000,100.06,102.42,97.09,101.43,249352.54
1770019200000,101.43,103.45,101.39,102.78,137977.35
1770033600000,102.78,106.12,102.41,104.7,145271.44
1770048000000,104.7,105.76,103.5,103.94,90173.54
1770062400000,103.94,105.2,103.32,104.54,55289.23
1770076800000,104.54,104.67,102.19,104.15,74826.3
1770091200000,104.15,105.09,102.97,104.69,55444.66
1770105600000,104.69,105.03,102.5,103.01,73741.85
1770120000000,103.01,103.65,100.41,102.55,131666.15
1770134400000,102.55,102.56,96.65,99.02,227399.08
1770148800000,99.02,102.07,97.21,97.9,172963.85
1770163200000,97.9,99.67,97.17,99.12,107813.26
1770177600000,99.12,99.35,96.51,97.9,98616.17
1770192000000,97.9,97.95,94.75,96.1,163297.47
1770206400000,96.1,96.73,91.32,92.79,202558.45
1770220800000,92.79,94.7,90.02,94.38,247610.99
1770235200000,94.38,94.5,89.31,92.12,171553.44
1770249600000,92.12,92.89,90.26,91.14,136153.81
1770264000000,91.14,92.1,89.73,90.54,178563.39
1770278400000,90.54,93.41,88.67,89.97,172041.65
1770292800000,89.97,91.42,83.46,84.59,334730.45
1770307200000,84.59,86.19,81.23,81.67,290002.08
1770321600000,81.67,82.29,77.61,78.34,431057.29
1770336000000,78.34,80.29,67.56,76.7,723641.14
1770350400000,76.7,81.64,76.22,79.58,204493.15
1770364800000,79.58,82.03,78.68,81.41,168391.9
1770379200000,81.41,85.18,80.86,84.48,262024.09
1770393600000,84.48,88.71,83.73,87.08,267425.6
1770408000000,87.08,89.84,86.6,87.46,188912.73
1770422400000,87.46,88.39,85.91,88.09,136488.4
1770436800000,88.09,89.04,84.18,85.29,162303.35
1770451200000,85.29,85.73,84.51,84.91,79603.4
1770465600000,84.91,87.19,84.84,86.57,94283.5
1770480000000,86.57,89.2,86.18,88.3,211389.67
1770494400000,88.3,89.2,86.87,87.59,62749.13
1770508800000,87.59,88.22,86.71,86.81,42737.21
1770523200000,86.81,87.56,86.63,87.41,44327.89
1770537600000,87.41,88.98,86.45,88.25,104210.99
1770552000000,88.25,88.89,87.36,87.78,92270.54
1770566400000,87.78,88.6,85.77,88.4,83500.2
1770580800000,88.4,89.03,86.07,86.98,88943.81
1770595200000,86.98,87.94,85.8,87.68,88175.75
1770609600000,87.68,87.72,85.22,85.49,91664.97
1770624000000,85.49,85.64,82.86,83.47,127227.15
1770638400000,83.47,85.8,83.44,85.32,103326.86
1770652800000,85.32,88.69,84.81,87.98,140379.91
1770667200000,87.98,88.31,86.53,86.77,70419.53
1770681600000,86.77,87.49,85.27,85.86,74267.09
1770696000000,85.86,86.67,84.3,84.63,89697.62
1770710400000,84.63,85.09,83.77,83.84,84344.99
1770724800000,83.84,85.23,83.2,84.31,128119.93
1770739200000,84.31,85.14,82.47,83.09,83395.62
1770753600000,83.09,83.22,81.93,83.0,62892.36
1770768000000,83.0,84.4,82.59,83.35,60425.31
1770782400000,83.35,83.53,80.3,81.01,95954.53
1770796800000,81.01,81.47,80.38,81.26,67996.05
1770811200000,81.26,83.15,78.57,79.71,202196.74
1770825600000,79.71,80.93,78.05,79.72,119305.97
1770840000000,79.72,81.1,78.85,79.33,103675.92
1770854400000,79.33,80.79,79.28,80.62,52891.15
1770868800000,80.62,80.98,79.51,80.77,52103.83
1770883200000,80.77,82.25,80.31,81.86,79237.95
1770897600000,81.86,82.13,80.1,80.13,110243.53
1770912000000,80.13,80.22,77.03,77.62,146097.47
1770926400000,77.62,78.51,76.6,78.39,109948.62
1770940800000,78.39,79.48,77.53,79.05,68722.35
1770955200000,79.05,79.27,77.85,78.99,63887.56
1770969600000,78.99,80.62,78.86,80.31,82170.45
1770984000000,80.31,84.34,79.73,83.21,163840.19
1770998400000,83.21,85.63,82.92,84.65,136907.85
1771012800000,84.65,85.18,84.17,84.33,69933.51
1771027200000,84.33,85.29,84.21,85.06,58199.66
1771041600000,85.06,85.27,84.35,85.19,31228.42
1771056000000,85.19,87.32,85.16,87.29,103831.61
1771070400000,87.29,87.69,86.02,87.44,157380.35
1771084800000,87.44,88.44,86.99,88.21,113987.99
1771099200000,88.21,88.9,87.31,88.06,78105.35
1771113600000,88.06,88.78,87.36,88.6,85393.76
1771128000000,88.6,90.96,88.38,90.74,131498.99
1771142400000,90.74,91.25,89.01,89.18,124487.6
1771156800000,89.18,89.63,86.67,87.42,132363.32
1771171200000,87.42,87.86,85.2,85.34,122223.47
1771185600000,85.34,86.69,84.9,86.14,87147.13
1771200000000,86.14,86.63,84.8,85.15,100586.92
1771214400000,85.15,85.9,84.47,85.06,67319.11
1771228800000,85.06,86.27,84.54,85.52,75290.02
1771243200000,85.52,86.93,82.56,83.2,190314.65
1771257600000,83.2,85.16,83.1,84.62,104373.34
1771272000000,84.62,86.66,84.49,86.44,53284.42
1771286400000,86.44,87.68,85.77,86.37,58331.1
1771300800000,86.37,86.8,85.44,86.49,53095.56
1771315200000,86.49,86.77,84.75,85.11,54683.36
1771329600000,85.11,85.58,82.92,83.81,151053.87
1771344000000,83.81,85.76,83.14,84.86,112815.46
1771358400000,84.86,85.44,84.53,85.09,61636.38
1771372800000,85.09,85.49,83.92,85.33,89530.5
1771387200000,85.33,85.55,84.68,85.27,37849.02
1771401600000,85.27,86.08,82.84,82.84,131711.64
1771416000000,82.84,84.01,81.75,83.0,151042.71
1771430400000,83.0,83.09,80.49,80.92,101858.31
1771444800000,80.92,81.64,80.85,81.6,51801.87
1771459200000,81.6,82.06,81.25,81.77,33488.76
1771473600000,81.77,82.68,81.39,82.41,111647.82
1771488000000,82.41,82.42,80.91,81.25,57381.2
1771502400000,81.25,81.31,79.62,80.63,147989.49
1771516800000,80.63,82.19,79.92,81.95,98767.65
1771531200000,81.95,82.57,81.68,82.5,65159.85
1771545600000,82.5,83.54,82.33,83.04,104260.12
1771560000000,83.04,83.92,82.39,83.46,68654.56
1771574400000,83.46,84.84,83.31,83.57,121671.79
1771588800000,83.57,84.78,81.76,84.39,179167.72
1771603200000,84.39,85.47,82.82,84.75,146792.92
1771617600000,84.75,85.23,84.11,84.67,55981.58
1771632000000,84.67,85.03,84.24,84.35,52277.42
1771646400000,84.35,84.78,83.97,84.23,39131.68
1771660800000,84.23,85.68,84.2,85.41,50858.52
1771675200000,85.41,86.71,85.0,86.59,101943.18
1771689600000,86.59,86.72,85.82,86.21,51550.54
1771704000000,86.21,86.21,85.13,85.17,48940.01
1771718400000,85.17,85.6,84.73,85.08,74144.34
1771732800000,85.08,85.56,84.81,85.24,31990.7
1771747200000,85.24,85.47,84.87,85.28,36126.1
1771761600000,85.28,85.33,83.0,83.5,117135.51
1771776000000,83.5,83.62,82.82,83.29,39708.96
1771790400000,83.29,83.71,82.49,82.79,50894.67
1771804800000,82.79,82.85,77.29,77.66,242736.19
1771819200000,77.66,79.69,77.15,79.4,138745.88
1771833600000,79.4,80.68,78.54,80.05,97673.67
1771848000000,80.05,81.13,79.23,79.4,133724.41
1771862400000,79.4,79.79,77.27,78.28,177968.82
1771876800000,78.28,78.92,77.62,77.9,88839.28
1771891200000,77.9,78.53,75.74,76.88,130735.3
1771905600000,76.88,77.33,76.12,76.85,118023.66
1771920000000,76.85,77.2,76.03,76.78,65838.5
1771934400000,76.78,77.49,75.64,77.3,122889.67
1771948800000,77.3,78.51,77.23,78.37,97133.3
1771963200000,78.37,79.62,78.13,78.97,94408.66
1771977600000,78.97,82.93,78.73,81.76,162546.47
1771992000000,81.76,82.42,80.99,82.19,92429.62
1772006400000,82.19,83.41,81.93,83.38,76815.64
1772020800000,83.38,86.45,82.89,85.98,210109.52
1772035200000,85.98,89.65,85.97,89.42,192069.38
1772049600000,89.42,92.1,87.09,88.05,205402.81
1772064000000,88.05,89.27,87.55,87.95,141490.78
1772078400000,87.95,89.04,87.23,87.24,86214.7
1772092800000,87.24,88.7,86.6,86.81,87550.83
1772107200000,86.81,88.25,85.27,86.56,103763.01
1772121600000,86.56,86.75,84.34,86.48,121302.87
1772136000000,86.48,86.87,85.75,85.9,53046.15
1772150400000,85.9,87.81,85.19,87.63,60199.92
1772164800000,87.63,88.29,86.81,87.32,69995.95
1772179200000,87.32,87.93,83.34,83.61,111083.25
1772193600000,83.61,83.76,82.0,82.7,154115.8
1772208000000,82.7,82.7,81.11,81.57,116260.22
1772222400000,81.57,82.11,80.33,81.84,93959.34
1772236800000,81.84,82.27,81.56,81.74,40215.17
1772251200000,81.74,81.91,77.15,78.71,187378.2
1772265600000,78.71,79.6,77.75,78.77,178433.36
1772280000000,78.77,81.51,78.64,80.91,160739.57
1772294400000,80.91,82.9,80.5,82.22,104405.97
1772308800000,82.22,85.65,81.98,84.35,123314.58
1772323200000,84.35,88.89,84.28,88.01,201020.69
1772337600000,88.01,88.26,86.16,86.63,106916.35
1772352000000,86.63,86.82,84.72,85.18,99416.44
1772366400000,85.18,86.98,84.52,85.67,111353.67
1772380800000,85.67,86.07,83.04,83.24,129797.71
1772395200000,83.24,84.1,81.7,83.59,117988.2
1772409600000,83.59,86.17,83.47,84.77,115731.74
1772424000000,84.77,84.83,82.39,82.94,91480.05
1772438400000,82.94,84.28,82.36,83.88,105914.76
1772452800000,83.88,88.97,82.78,88.77,233613.29
1772467200000,88.77,90.28,86.41,87.66,196598.48
1772481600000,87.66,88.23,86.35,86.64,110442.89
1772496000000,86.64,87.31,85.23,86.3,90143.96
1772510400000,86.3,86.79,85.4,85.61,62163.16
1772524800000,85.61,85.78,83.7,84.21,124777.45
1772539200000,84.21,85.37,82.51,85.04,151019.8
1772553600000,85.04,87.33,84.16,85.08,166518.98
1772568000000,85.08,87.45,84.17,86.97,103463.57
1772582400000,86.97,88.07,85.18,85.77,130124.45
1772596800000,85.77,87.52,84.79,87.42,119513.37
1772611200000,87.42,91.47,86.99,89.77,270878.48
1772625600000,89.77,93.1,88.69,92.93,256681.47
1772640000000,92.93,94.04,90.68,93.18,167903.33
1772654400000,93.18,93.77,90.3,90.85,121948.41
1772668800000,90.85,91.42,89.62,90.03,99539.21
1772683200000,90.03,91.31,89.7,90.15,74278.4
1772697600000,90.15,92.96,89.66,91.83,121012.38
1772712000000,91.83,92.22,88.8,89.61,162796.49
1772726400000,89.61,89.63,87.92,88.73,120047.76
1772740800000,88.73,89.85,88.56,88.77,58036.02
1772755200000,88.77,89.31,88.02,88.41,77802.19
1772769600000,88.41,88.92,87.51,88.69,58395.9
1772784000000,88.69,88.7,87.1,87.26,68892.86
1772798400000,87.26,87.27,83.97,84.65,186269.82
1772812800000,84.65,85.89,83.65,85.22,102472.02
1772827200000,85.22,85.47,84.43,84.7,49755.51
1772841600000,84.7,85.07,84.32,84.53,44971.91
1772856000000,84.53,84.56,83.89,84.32,46807.87
1772870400000,84.32,84.91,84.12,84.66,47547.83
1772884800000,84.66,84.78,83.44,83.75,55484.0
1772899200000,83.75,84.08,82.29,82.52,68051.53
1772913600000,82.52,83.33,82.51,83.22,31830.91
1772928000000,83.22,83.49,82.12,82.33,50924.44
1772942400000,82.33,83.09,81.75,82.96,52337.9
1772956800000,82.96,84.12,82.53,82.82,64148.1
1772971200000,82.82,83.01,81.19,82.07,79035.8
1772985600000,82.07,82.66,81.3,82.49,46838.82
1773000000000,82.49,82.96,80.27,81.59,95612.77
1773014400000,81.59,84.5,81.54,83.16,103921.55
1773028800000,83.16,84.6,82.33,83.16,87637.24
1773043200000,83.16,84.6,82.94,83.58,93377.75
1773057600000,83.58,85.74,83.42,85.05,129013.36
1773072000000,85.05,87.05,84.31,85.97,119921.11
1773086400000,85.97,86.34,84.83,84.95,108019.62
1773100800000,84.95,86.9,84.84,85.56,98616.72
1773115200000,85.56,86.96,85.41,86.71,90094.68
1773129600000,86.71,87.67,86.58,86.79,100078.48
1773144000000,86.79,88.6,84.93,88.33,166859.21
1773158400000,88.33,88.8,85.66,86.02,121044.33
1773172800000,86.02,86.43,85.01,85.87,76619.87
1773187200000,85.87,86.27,85.49,85.63,55967.29
1773201600000,85.63,86.87,85.15,85.45,74593.89
1773216000000,85.45,85.61,84.39,84.55,74615.53
1773230400000,84.55,87.4,84.36,85.4,163789.38
1773244800000,85.4,88.08,85.31,87.25,150015.14
1773259200000,87.25,87.93,86.46,86.57,55852.91
1773273600000,86.57,86.78,84.72,85.02,68009.08
1773288000000,85.02,85.9,84.89,85.82,66593.29
1773302400000,85.82,87.12,85.39,86.8,81948.22
1773316800000,86.8,87.69,85.13,86.57,167251.36
1773331200000,86.57,87.09,85.68,86.79,88775.55
1773345600000,86.79,87.22,85.96,86.83,56173.71
1773360000000,86.83,91.13,86.72,89.7,234008.08
1773374400000,89.7,89.74,88.15,88.67,91307.55
1773388800000,88.67,90.45,88.32,90.33,104713.22
1773403200000,90.33,92.97,89.3,89.49,232514.44
1773417600000,89.49,90.15,88.36,88.9,113773.66
1773432000000,88.9,89.16,87.73,88.17,70415.66
1773446400000,88.17,88.62,87.79,88.41,57683.33
1773460800000,88.41,88.71,86.94,87.33,64450.35
1773475200000,87.33,87.54,86.52,86.96,57578.74
1773489600000,86.96,87.36,86.63,86.72,62029.14
1773504000000,86.72,87.13,86.62,87.01,27032.99
1773518400000,87.01,88.16,86.87,88.04,47144.78
1773532800000,88.04,88.65,87.58,87.86,54219.86
1773547200000,87.86,88.65,87.86,88.21,53613.12
1773561600000,88.21,88.88,88.14,88.56,40818.28
1773576000000,88.56,88.56,87.36,87.91,51745.03
1773590400000,87.91,88.8,87.45,88.19,51179.97
1773604800000,88.19,93.22,87.98,92.3,227677.46
1773619200000,92.3,93.95,91.18,93.17,168336.06
1773633600000,93.17,94.31,92.94,93.55,167998.17
1773648000000,93.55,94.01,92.57,93.76,83675.71
1773662400000,93.76,95.11,92.36,93.19,231017.3
1773676800000,93.19,95.48,93.13,95.21,141632.08
1773691200000,95.21,97.67,95.06,96.19,149788.99
1773705600000,96.19,96.95,93.71,94.06,143215.91
1773720000000,94.06,94.66,93.2,94.43,76223.1
1773734400000,94.43,95.09,93.25,93.67,77295.65
1773748800000,93.67,95.13,93.16,93.82,91321.8
1773763200000,93.82,95.58,93.73,94.66,74828.85
1773777600000,94.66,95.62,94.42,94.62,59428.33
1773792000000,94.62,95.65,94.1,95.05,48058.99
1773806400000,95.05,95.11,93.72,93.94,66004.08
1773820800000,93.94,94.44,91.83,92.0,112405.44
1773835200000,92.0,92.03,88.56,89.39,189080.98
1773849600000,89.39,90.86,88.64,89.7,108888.0
1773864000000,89.7,90.62,88.99,90.07,61391.54
1773878400000,90.07,91.41,89.8,90.73,50841.94
1773892800000,90.73,90.74,88.63,89.41,82130.04
1773907200000,89.41,90.47,89.09,89.62,67396.04
1773921600000,89.62,89.63,87.16,87.62,125805.63
1773936000000,87.62,89.25,87.02,88.73,95925.58
1773950400000,88.73,89.32,88.41,88.9,51188.57
1773964800000,88.9,89.79,88.87,89.57,65736.46
1773979200000,89.57,89.76,88.51,89.37,59980.17
1773993600000,89.37,90.45,88.61,89.16,95177.83
1774008000000,89.16,89.73,88.51,88.95,97514.33
1774022400000,88.95,89.22,88.12,88.99,47954.93
1774036800000,88.99,90.26,88.65,89.84,50775.54
1774051200000,89.84,90.65,89.73,90.44,32523.64
1774065600000,90.44,90.8,89.93,90.13,52916.9
1774080000000,90.13,90.41,89.82,89.94,31118.5
1774094400000,89.94,90.43,89.39,89.83,35740.13
1774108800000,89.83,90.0,89.41,89.79,24076.13
1774123200000,89.79,90.28,87.15,87.56,67122.6
1774137600000,87.56,89.17,86.27,88.67,123826.35
1774152000000,88.67,89.2,87.67,87.69,57164.75
1774166400000,87.69,87.74,86.84,86.85,60187.66
1774180800000,86.85,87.73,86.82,87.57,39193.16
1774195200000,87.57,87.71,86.51,86.87,37715.26
1774209600000,86.87,87.19,85.15,86.21,78616.37
1774224000000,86.21,87.21,85.48,86.4,58521.81
1774238400000,86.4,87.32,85.1,85.98,95933.57
1774252800000,85.98,91.92,85.18,88.79,223781.29
1774267200000,88.79,92.26,88.33,89.95,180587.58
1774281600000,89.95,91.9,89.4,91.39,133516.29
1774296000000,91.39,92.02,90.98,91.43,65357.08
1774310400000,91.43,91.68,89.96,90.35,61743.79
1774324800000,90.35,91.88,89.98,91.73,64503.36
1774339200000,91.73,92.21,91.12,91.78,97749.64
1774353600000,91.78,91.86,88.7,89.76,166474.08
1774368000000,89.76,89.99,88.43,88.56,83213.21
1774382400000,88.56,91.13,88.5,90.81,81085.65
1774396800000,90.81,91.94,90.73,91.68,73412.53
1774411200000,91.68,92.96,91.59,91.81,115252.0
1774425600000,91.81,93.44,91.81,92.98,89181.29
1774440000000,92.98,93.42,91.01,91.77,94101.06
1774454400000,91.77,92.72,91.42,91.75,56661.37
1774468800000,91.75,91.95,91.04,91.71,47686.53
1774483200000,91.71,91.98,90.62,91.07,45659.95
1774497600000,91.07,91.08,88.81,89.1,126662.11
1774512000000,89.1,89.11,87.45,87.58,106080.15
1774526400000,87.58,88.22,86.74,87.53,109897.82
1774540800000,87.53,87.73,85.46,85.48,94863.33
1774555200000,85.48,87.12,85.46,86.53,107697.83
1774569600000,86.53,87.03,86.18,86.43,45117.56
1774584000000,86.43,86.75,85.7,85.92,82422.57
1774598400000,85.92,86.13,82.65,83.39,140557.99
1774612800000,83.39,84.01,82.52,83.36,105188.18
1774627200000,83.36,83.43,81.87,82.81,79216.19
1774641600000,82.81,83.13,82.39,83.11,39671.65
1774656000000,83.11,83.11,82.26,82.61,32864.23
1774670400000,82.61,83.66,82.39,83.61,45460.03
1774684800000,83.61,83.69,82.7,82.93,58482.95
1774699200000,82.93,84.29,82.61,83.83,103737.63
1774713600000,83.83,83.93,83.04,83.29,33831.71
1774728000000,83.29,83.52,81.74,82.09,44237.64
1774742400000,82.09,83.23,81.88,83.01,36604.71
1774756800000,83.01,83.04,82.23,82.46,43504.03
1774771200000,82.46,82.83,81.99,82.59,33545.35
1774785600000,82.59,82.65,81.39,81.82,45631.56
1774800000000,81.82,82.12,81.17,81.61,30997.6
1774814400000,81.61,82.22,79.0,81.42,103632.89
1774828800000,81.42,83.93,81.16,83.28,119001.64
1774843200000,83.28,84.24,83.25,84.01,84538.29
1774857600000,84.01,84.85,83.62,84.24,92299.77
1774872000000,84.24,84.98,83.67,84.51,90099.47
1774886400000,84.51,84.55,81.98,82.38,94542.1
1774900800000,82.38,83.67,82.15,82.54,61087.22
1774915200000,82.54,84.61,82.16,83.6,76312.28
1774929600000,83.6,83.9,82.69,83.1,82022.11
1774944000000,83.1,83.35,80.1,80.85,189531.73
1774958400000,80.85,82.58,80.4,80.86,144845.11
1774972800000,80.86,83.46,80.86,82.7,128713.74
1774987200000,82.7,83.4,82.34,83.19,67948.18
1775001600000,83.19,83.58,82.49,83.43,74914.91
1775016000000,83.43,84.74,83.27,83.85,108702.19
1775030400000,83.85,84.05,83.07,83.38,75845.73
1775044800000,83.38,83.87,82.41,83.63,116610.55
1775059200000,83.63,86.64,83.1,83.82,211694.12
1775073600000,83.82,83.88,80.78,81.18,215884.48
1775088000000,81.18,81.76,78.31,79.01,213693.99
1775102400000,79.01,79.66,78.64,79.64,97954.23
1775116800000,79.64,79.65,78.21,78.31,78036.49
1775131200000,78.31,79.72,76.71,79.04,183865.99
1775145600000,79.04,79.87,78.44,78.97,89010.27
1775160000000,78.97,79.36,78.63,78.95,50823.7
1775174400000,78.95,79.79,78.86,79.0,71639.19
1775188800000,79.0,80.15,78.99,79.96,67080.98
1775203200000,79.96,80.45,79.64,80.17,75920.48
1775217600000,80.17,80.89,79.17,80.33,93985.2
1775232000000,80.33,80.66,79.88,80.22,71510.25
1775246400000,80.22,80.7,79.94,80.41,52433.88
1775260800000,80.41,80.41,80.07,80.18,42212.51
1775275200000,80.18,80.54,80.12,80.31,24525.81
1775289600000,80.31,80.39,79.92,80.21,32456.53
1775304000000,80.21,81.61,79.6,81.09,82062.46
1775318400000,81.09,81.34,80.63,80.85,64853.46
1775332800000,80.85,81.05,80.63,80.83,58524.42
1775347200000,80.83,80.84,80.38,80.55,25315.3
1775361600000,80.55,80.57,79.42,79.61,58436.06
1775376000000,79.61,80.23,79.54,79.91,31241.24
1775390400000,79.91,80.32,78.53,79.6,72731.92
1775404800000,79.6,80.22,79.38,79.82,40570.22
1775419200000,79.82,82.12,79.13,81.89,95667.45
1775433600000,81.89,82.97,81.67,82.1,120774.93
1775448000000,82.1,82.33,80.98,81.83,65522.92
1775462400000,81.83,83.19,81.71,82.44,89985.59
1775476800000,82.44,82.81,81.74,82.27,79339.05
1775491200000,82.27,82.47,81.19,81.93,66089.29
1775505600000,81.93,82.14,79.61,80.03,77891.68
1775520000000,80.03,80.23,79.39,79.81,68872.98
1775534400000,79.81,80.16,79.32,79.87,57620.09
1775548800000,79.87,80.58,78.96,79.21,86180.34
1775563200000,79.21,79.38,78.38,78.86,97322.4
1775577600000,78.86,81.83,78.66,81.64,146034.89
1775592000000,81.64,87.01,81.64,85.57,241951.23
1775606400000,85.57,85.9,84.27,84.55,98387.27
1775620800000,84.55,85.02,83.89,84.5,83548.83
1775635200000,84.5,84.97,84.13,84.46,69527.08
1775649600000,84.46,84.98,82.52,83.34,148995.89
1775664000000,83.34,84.17,82.78,83.19,63714.38
1775678400000,83.19,83.61,82.25,82.57,61129.3
1775692800000,82.57,82.66,81.71,82.03,85107.55
1775707200000,82.03,82.47,81.75,82.28,45846.88
1775721600000,82.28,82.71,82.04,82.17,44880.58
1775736000000,82.17,83.93,81.42,83.75,88847.29
1775750400000,83.75,84.69,82.92,84.14,128684.31
1775764800000,84.14,85.94,83.16,83.32,105070.87
1775779200000,83.32,83.77,82.7,82.89,58968.67
1775793600000,82.89,83.58,82.87,82.96,50389.7
1775808000000,82.96,83.72,82.71,83.53,83180.9
1775822400000,83.53,85.58,83.37,84.24,120795.93
1775836800000,84.24,85.47,84.15,85.44,50030.49
1775851200000,85.44,85.66,84.65,84.82,43701.4
1775865600000,84.82,84.92,84.32,84.4,30891.6
1775880000000,84.4,84.61,83.88,84.27,40393.47
1775894400000,84.27,84.79,83.81,84.24,42524.5
1775908800000,84.24,84.86,83.85,84.66,73695.76
1775923200000,84.66,86.25,84.61,86.0,78021.67
1775937600000,86.0,86.15,84.52,84.93,61300.71
1775952000000,84.93,84.99,81.9,82.33,108364.13
1775966400000,82.33,82.5,82.08,82.27,45929.26
1775980800000,82.27,82.4,81.93,82.22,50788.13
1775995200000,82.22,82.55,81.28,81.59,91786.74
1776009600000,81.59,82.31,81.54,81.99,35259.52
1776024000000,81.99,82.88,81.31,81.53,63636.82
1776038400000,81.53,82.44,81.41,81.91,47729.15
1776052800000,81.91,82.6,81.54,82.17,39636.01
1776067200000,82.17,82.3,81.65,81.87,52523.74
1776081600000,81.87,83.81,81.82,82.65,117767.79
1776096000000,82.65,84.24,82.35,84.12,87049.53
1776110400000,84.12,86.8,83.82,86.5,160008.3
1776124800000,86.5,86.74,85.68,86.04,121685.77
1776139200000,86.04,86.19,85.44,85.87,68703.71
1776153600000,85.87,86.55,85.62,85.78,87183.67
1776168000000,85.78,87.66,85.26,85.96,157083.29
1776182400000,85.96,86.16,83.73,83.92,105432.92
1776196800000,83.92,84.13,83.31,83.73,79268.77
1776211200000,83.73,84.06,83.15,83.45,89631.77
1776225600000,83.45,83.78,82.65,82.91,69056.03
1776240000000,82.91,83.67,82.74,83.61,64172.89
1776254400000,83.61,84.48,83.24,84.0,92039.74
1776268800000,84.0,85.82,83.91,85.5,89885.52
1776283200000,85.5,85.59,84.2,84.89,74946.3
1776297600000,84.89,85.57,84.46,85.28,50611.95
1776312000000,85.28,85.65,85.0,85.2,43025.39
1776326400000,85.2,85.5,84.64,85.06,67077.66
1776340800000,85.06,87.12,83.81,86.62,166945.1
1776355200000,86.62,90.14,85.63,90.09,196445.95
1776369600000,90.09,90.51,88.73,89.05,112072.85
1776384000000,89.05,89.18,87.47,87.72,68825.62
1776398400000,87.72,88.46,87.36,88.12,65406.87
1776412800000,88.12,89.51,87.35,88.21,115359.93
1776427200000,88.21,90.72,87.91,89.95,274483.8
1776441600000,89.95,90.58,88.88,89.24,84282.53
1776456000000,89.24,89.47,88.5,88.76,53000.22
1776470400000,88.76,89.15,88.24,88.32,36299.72
1776484800000,88.32,88.63,88.17,88.45,57535.32
1776499200000,88.45,88.49,86.29,86.54,110588.3
1776513600000,86.54,86.97,86.41,86.75,57376.19
1776528000000,86.75,86.97,85.79,86.13,52563.9
1776542400000,86.13,86.45,85.93,86.14,34793.01
1776556800000,86.14,86.37,85.27,85.59,44249.66
1776571200000,85.59,85.95,84.44,84.87,75532.92
1776585600000,84.87,85.68,84.45,85.6,79780.32
1776600000000,85.6,87.12,85.56,86.35,98818.23
1776614400000,86.35,86.49,84.88,85.32,63626.31
1776628800000,85.32,85.35,82.98,83.46,90856.17
1776643200000,83.46,84.61,83.35,84.58,61378.36
1776657600000,84.58,85.75,83.76,84.73,69065.22
1776672000000,84.73,85.39,84.58,85.07,59499.92
1776686400000,85.07,85.87,84.43,85.85,101777.58
1776700800000,85.85,86.21,85.26,85.81,65656.32
1776715200000,85.81,86.2,85.22,85.28,54581.39
1776729600000,85.28,85.82,85.01,85.18,49772.0
1776744000000,85.18,85.96,85.03,85.71,62894.93
1776758400000,85.71,86.37,85.53,85.84,51817.6
1776772800000,85.84,86.88,85.19,86.04,82081.07
1776787200000,86.04,86.29,84.31,84.57,77101.0
1776801600000,84.57,86.12,84.44,86.04,71253.82
1776816000000,86.04,87.86,86.0,87.24,102018.6
1776830400000,87.24,88.32,86.98,88.06,107651.33
1776844800000,88.06,88.87,87.61,88.31,75778.84
1776859200000,88.31,89.31,88.05,88.19,137160.88
1776873600000,88.19,88.45,87.1,87.38,91667.05
1776888000000,87.38,87.71,86.82,86.86,43281.17
1776902400000,86.86,87.17,85.49,85.78,83133.01
1776916800000,85.78,86.22,85.52,85.91,61324.54
1776931200000,85.91,85.93,85.21,85.81,62054.92
1776945600000,85.81,86.65,85.56,86.35,97965.93
1776960000000,86.35,86.42,84.49,85.31,150209.92
1776974400000,85.31,86.24,85.29,86.11,61611.46
1776988800000,86.11,86.36,85.4,85.68,43069.37
1777003200000,85.68,85.81,85.15,85.5,51936.54
1777017600000,85.5,86.27,84.98,86.19,76258.33
1777032000000,86.19,86.78,85.54,86.51,85823.5
1777046400000,86.51,86.57,85.95,86.33,40961.02
1777060800000,86.33,86.94,86.11,86.19,40884.34
1777075200000,86.19,86.49,86.03,86.46,20315.37
1777089600000,86.46,86.65,86.14,86.36,30586.45
1777104000000,86.36,86.8,86.26,86.36,35301.79
1777118400000,86.36,86.67,86.11,86.22,27601.0
1777132800000,86.22,86.32,85.55,85.68,66871.25
1777147200000,85.68,86.19,85.61,86.18,25681.12
1777161600000,86.18,86.45,85.85,85.98,30299.47
1777176000000,85.98,86.72,85.94,86.62,48300.15
1777190400000,86.62,86.75,86.43,86.49,26935.63
1777204800000,86.49,86.59,85.91,86.55,59961.33
1777219200000,86.55,87.19,86.28,86.88,38589.29
1777233600000,86.88,87.32,86.2,86.92,65615.73
1777248000000,86.92,88.07,86.54,87.72,125435.14
1777262400000,87.72,87.83,85.27,85.27,116274.08
1777276800000,85.27,85.62,85.06,85.25,86105.4
1777291200000,85.25,85.83,83.64,84.17,108767.35
1777305600000,84.17,84.7,83.84,84.16,56178.87
1777320000000,84.16,84.9,84.12,84.81,40351.46
1777334400000,84.81,84.92,83.91,84.18,40204.1
1777348800000,84.18,84.42,83.66,84.01,71594.58
1777363200000,84.01,84.18,83.3,83.41,37878.8
1777377600000,83.41,83.99,82.99,83.46,70401.84
1777392000000,83.46,84.02,83.33,83.89,36029.43
1777406400000,83.89,84.14,83.59,84.05,43539.87
1777420800000,84.05,84.73,83.82,84.59,45135.41
1777435200000,84.59,85.05,84.46,84.7,58095.86
1777449600000,84.7,85.55,84.19,84.91,84604.66
1777464000000,84.91,84.92,83.01,83.25,105365.64
1777478400000,83.25,83.65,81.41,82.19,123622.77
1777492800000,82.19,83.21,82.18,83.04,46719.59
1777507200000,83.04,84.0,82.71,83.06,62937.86
1777521600000,83.06,83.39,82.17,83.34,50943.18
1777536000000,83.34,83.55,82.8,83.0,42393.79
1777550400000,83.0,83.82,82.7,83.36,56815.17
1777564800000,83.36,83.43,82.88,83.08,34721.34
1777579200000,83.08,83.18,82.79,83.08,25771.63
1777593600000,83.08,84.37,83.07,83.89,52584.5
1777608000000,83.89,84.22,83.68,83.96,56262.22
1777622400000,83.96,84.3,83.73,84.02,44982.51
1777636800000,84.02,84.85,83.9,84.46,93010.2
1777651200000,84.46,84.62,83.8,83.9,55308.84
1777665600000,83.9,83.92,83.34,83.76,46261.06
1777680000000,83.76,84.17,83.45,83.82,32933.95
1777694400000,83.82,83.85,83.55,83.73,22310.51
1777708800000,83.73,84.16,83.53,83.69,33913.74
1777723200000,83.69,84.1,83.67,84.03,37161.56
1777737600000,84.03,84.3,83.96,84.23,26971.0
1777752000000,84.23,84.97,84.08,84.26,51829.16
1777766400000,84.26,84.31,83.59,83.67,50723.27
1777780800000,83.67,84.01,83.59,83.88,29987.41
1777795200000,83.88,84.2,83.75,83.96,33090.66
1777809600000,83.96,84.44,83.95,84.15,42836.28
1777824000000,84.15,84.49,84.01,84.37,25202.09
1777838400000,84.37,84.96,83.88,83.9,76342.98
1777852800000,83.9,85.65,83.36,85.41,157420.52
1777867200000,85.41,85.89,84.52,84.87,105423.81
1777881600000,84.87,85.19,83.26,83.95,112396.32
1777896000000,83.95,85.31,83.6,84.47,121008.44
1777910400000,84.47,85.18,83.99,84.44,74142.28
1777924800000,84.44,84.55,84.03,84.1,40534.42
1777939200000,84.1,84.96,84.05,84.77,53472.94
1777953600000,84.77,85.12,84.55,84.87,89891.76
1777968000000,84.87,85.0,84.43,84.96,48592.41
1777982400000,84.96,86.09,84.9,85.5,118130.68
1777996800000,85.5,86.55,85.01,86.49,83261.76
1778011200000,86.49,86.98,86.18,86.29,86765.59
1778025600000,86.29,87.46,86.11,87.33,84814.09
1778040000000,87.33,87.88,86.68,87.7,85185.6
1778054400000,87.7,90.0,87.64,89.86,177691.85
1778068800000,89.86,89.96,87.47,88.97,148740.47
1778083200000,88.97,89.51,88.51,89.27,68530.5
1778097600000,89.27,89.62,88.66,89.15,53842.21
1778112000000,89.15,89.26,87.64,87.76,65938.23
1778126400000,87.76,90.44,87.7,90.17,104299.19
1778140800000,90.17,90.26,88.77,89.57,86600.1
1778155200000,89.57,90.1,87.8,88.32,139824.12
1778169600000,88.32,89.04,87.96,88.45,71357.3
1778184000000,88.45,88.86,87.67,88.43,66321.1
1778198400000,88.43,88.64,87.62,88.22,54139.77
1778212800000,88.22,88.41,87.66,88.22,66259.13
1778227200000,88.22,88.74,88.01,88.65,75335.48
1778241600000,88.65,89.59,88.02,89.59,73117.75
1778256000000,89.59,92.8,89.35,92.6,150756.08
1778270400000,92.6,92.7,91.75,92.01,63570.77
1778284800000,92.01,93.9,91.86,93.64,93009.72
1778299200000,93.64,94.16,92.85,93.75,83620.89
1778313600000,93.75,93.94,93.07,93.61,53508.5
1778328000000,93.61,93.73,92.4,93.0,73627.7
1778342400000,93.0,93.64,92.7,93.5,45002.41
1778356800000,93.5,93.55,93.06,93.13,23543.77
1778371200000,93.13,93.51,92.61,93.42,60114.98
1778385600000,93.42,93.63,93.24,93.45,29643.21
1778400000000,93.45,94.78,92.93,93.56,91777.16
1778414400000,93.56,94.73,93.21,94.53,65170.76
1778428800000,94.53,96.89,94.19,96.47,110388.43
1778443200000,96.47,96.86,93.44,96.47,100679.3
1778457600000,96.47,96.66,94.47,94.76,117777.12
1778472000000,94.76,96.16,94.44,95.34,62571.99
1778486400000,95.34,95.56,94.59,95.25,76029.34
1778500800000,95.25,96.79,94.31,96.79,134522.68
1778515200000,96.79,98.38,96.5,98.19,117444.15
1778529600000,98.19,98.4,97.11,97.37,53040.27
1778544000000,97.37,97.67,95.55,96.15,99680.26
1778558400000,96.15,96.99,95.83,96.05,50262.65
1778572800000,96.05,96.14,94.61,94.97,101294.88
1778587200000,94.97,95.55,93.62,93.85,130112.11
1778601600000,93.85,94.99,93.6,94.92,82010.36
1778616000000,94.92,95.04,94.24,94.29,35106.16
1778630400000,94.29,95.57,94.06,95.56,67784.09
1778644800000,95.56,95.98,94.88,95.13,56897.09
1778659200000,95.13,95.89,94.26,94.34,80864.81
1778673600000,94.34,94.63,90.28,90.43,193439.27
1778688000000,90.43,91.4,90.41,90.96,108709.19
1778702400000,90.96,91.34,90.64,91.17,53611.82
1778716800000,91.17,91.41,89.83,89.93,77741.14
1778731200000,89.93,91.65,89.86,90.88,77915.47
1778745600000,90.88,91.29,90.6,90.65,46524.9
1778760000000,90.65,93.23,90.55,93.15,127296.0
1778774400000,93.15,93.68,92.3,92.89,123540.01
1778788800000,92.89,92.98,92.13,92.16,45748.2
1778803200000,92.16,92.65,91.48,92.05,79757.0
1778817600000,92.05,92.06,90.27,91.6,101069.29
1778832000000,91.6,91.64,90.93,91.26,68415.72
1778846400000,91.26,91.27,88.55,89.03,138123.13
1778860800000,89.03,90.08,88.81,89.41,74743.98
1778875200000,89.41,89.5,89.01,89.24,38491.32
1778889600000,89.24,89.43,88.96,89.06,42990.9
1778904000000,89.06,89.08,86.72,87.47,110619.3
1778918400000,87.47,87.61,85.53,86.12,99826.15
1778932800000,86.12,86.69,86.02,86.49,49069.44
1778947200000,86.49,86.96,86.38,86.69,38283.99
1778961600000,86.69,86.88,86.46,86.54,25456.27
1778976000000,86.54,86.71,85.6,86.53,63398.06
1778990400000,86.53,87.28,86.48,86.97,37554.0
1779004800000,86.97,87.26,86.61,86.88,59508.04
1779019200000,86.88,87.01,85.97,86.46,43743.48
1779033600000,86.46,86.93,86.01,86.8,38846.03
1779048000000,86.8,86.96,83.51,85.24,110328.81
1779062400000,85.24,85.46,84.41,84.84,102334.37
1779076800000,84.84,85.36,84.28,84.76,76937.45
1779091200000,84.76,85.31,84.08,84.97,69646.29
1779105600000,84.97,85.79,83.62,84.2,119863.31
1779120000000,84.2,85.22,83.51,85.0,84459.78
1779134400000,85.0,85.76,84.79,85.38,56749.39
1779148800000,85.38,85.96,84.63,85.07,54207.77
1779163200000,85.07,85.64,84.48,85.5,51674.89
1779177600000,85.5,85.58,84.28,84.38,61988.3
1779192000000,84.38,85.09,83.71,84.37,75449.98
1779206400000,84.37,85.03,84.15,84.36,40658.01
1779220800000,84.36,84.65,84.01,84.3,40769.12
1779235200000,84.3,84.53,83.86,84.1,41245.69
1779249600000,84.1,85.13,83.89,84.76,49681.0
1779264000000,84.76,85.2,84.59,84.7,46382.47
1779278400000,84.7,86.27,84.19,85.92,109090.9
1779292800000,85.92,87.08,85.55,86.17,127599.8
1779307200000,86.17,86.32,85.56,86.16,62014.96
1779321600000,86.16,87.03,86.1,86.84,57769.66
1779336000000,86.84,87.2,86.21,86.64,65109.67
1779350400000,86.64,87.2,85.58,85.58,80729.01
1779364800000,85.58,86.89,85.33,86.45,113231.04
1779379200000,86.45,87.99,86.05,87.82,124081.23
1779393600000,87.82,87.91,87.03,87.36,45162.58
1779408000000,87.36,87.36,86.6,87.03,41281.74
1779422400000,87.03,87.37,86.53,86.97,49491.06
1779436800000,86.97,87.52,86.73,87.32,56269.51
1779451200000,87.32,87.84,86.27,86.76,91805.16
1779465600000,86.76,87.18,84.01,84.57,110018.12
1779480000000,84.57,85.28,84.01,84.37,62624.79
1779494400000,84.37,84.74,84.08,84.68,60370.72
1779508800000,84.68,84.72,81.51,82.25,97967.99
1779523200000,82.25,82.48,81.69,82.31,75177.83
1779537600000,82.31,84.53,82.15,84.1,82681.71
1779552000000,84.1,85.13,83.94,84.97,62189.02
1779566400000,84.97,87.51,84.81,85.75,127151.55
1779580800000,85.75,86.22,85.62,85.81,33546.49
1779595200000,85.81,86.69,85.59,86.07,38194.36
1779609600000,86.07,86.99,86.02,86.66,66681.35
1779624000000,86.66,86.69,84.5,85.3,73109.29
1779638400000,85.3,85.85,85.18,85.38,47737.56
1779652800000,85.38,85.51,83.71,85.26,111030.63
1779667200000,85.26,85.75,84.81,84.94,59044.63
1779681600000,84.94,86.19,84.93,85.95,57277.25
1779696000000,85.95,86.21,85.72,85.77,40175.57
1779710400000,85.77,86.52,85.65,86.26,55265.93
1779724800000,86.26,86.43,85.53,85.64,50849.1
1779739200000,85.64,85.86,84.71,85.05,48062.22
1779753600000,85.05,85.08,83.86,84.22,63177.33
1779768000000,84.22,84.96,84.02,84.36,56726.11
1779782400000,84.36,85.8,84.34,85.22,74535.45
1779796800000,85.22,86.12,84.03,84.5,132561.67
1779811200000,84.5,84.56,83.15,83.79,98602.3
1779825600000,83.79,83.97,83.54,83.72,26541.08
1779840000000,83.72,84.18,83.49,83.63,36647.71
1779854400000,83.63,84.2,82.87,84.2,43431.93
1779868800000,84.2,84.41,83.6,83.94,50107.5
1779883200000,83.94,84.83,82.99,84.44,114945.38
1779897600000,84.44,84.74,83.16,83.92,72848.6
1779912000000,83.92,84.13,82.13,82.43,76930.41
1779926400000,82.43,82.76,80.51,80.71,102255.09
1779940800000,80.71,81.3,80.02,81.26,88886.96
1779955200000,81.26,81.32,80.61,80.87,48142.49
1779969600000,80.87,81.65,80.03,81.14,76090.88
1779984000000,81.14,83.0,80.93,82.19,61937.62
1779998400000,82.19,82.67,81.78,82.11,35113.53
1780012800000,82.11,82.47,81.49,81.61,42442.45
1780027200000,81.61,82.49,81.38,82.26,58474.59
1780041600000,82.26,82.64,81.52,81.76,53556.06
1780056000000,81.76,83.23,80.37,82.59,126470.86
1780070400000,82.59,83.21,81.61,82.07,68420.52
1780084800000,82.07,82.39,81.63,82.04,46173.84
1780099200000,82.04,83.09,81.95,82.67,38695.29
1780113600000,82.67,82.8,81.88,82.38,43757.48
1780128000000,82.38,82.55,82.2,82.33,21781.88
1780142400000,82.33,82.91,82.26,82.69,45634.83
1780156800000,82.69,83.13,82.63,82.99,34275.72
1780171200000,82.99,83.16,82.46,82.73,27809.61
1780185600000,82.73,83.4,82.63,83.25,35231.04
1780200000000,83.25,83.29,82.52,82.67,27174.11
1780214400000,82.67,83.05,82.49,82.76,25448.24
1780228800000,82.76,83.11,81.8,81.88,48636.29
1780243200000,81.88,82.03,81.34,81.58,34644.66
1780257600000,81.58,82.92,81.58,82.45,33609.06
1780272000000,82.45,83.09,81.64,82.63,57132.7
1780286400000,82.63,82.77,80.64,80.74,49359.19
1780300800000,80.74,81.28,80.47,80.81,60595.57
1780315200000,80.81,81.06,79.21,79.6,119192.81
1780329600000,79.6,81.31,79.12,81.2,71769.64
1780344000000,81.2,81.64,80.32,81.28,73063.96
1780358400000,81.28,81.3,79.42,80.92,59324.41
1780372800000,80.92,81.02,79.16,79.66,63155.69
1780387200000,79.66,79.79,78.79,78.94,59596.69
1780401600000,78.94,79.22,75.58,76.38,152900.44
1780416000000,76.38,77.67,74.51,75.54,134143.86
1780430400000,75.54,76.08,72.74,74.22,135858.51
1780444800000,74.22,75.13,72.29,72.7,115264.97
1780459200000,72.7,75.4,72.69,75.26,102855.65
1780473600000,75.26,75.7,74.73,75.12,80631.86
1780488000000,75.12,75.37,73.25,73.31,86580.88
1780502400000,73.31,74.09,71.71,72.01,117150.24
1780516800000,72.01,73.17,70.95,71.61,113579.15
1780531200000,71.61,72.09,66.81,71.48,242159.65
1780545600000,71.48,71.79,69.14,69.17,94148.92
1780560000000,69.17,69.43,67.38,68.7,133859.17
1780574400000,68.7,70.64,68.33,69.64,154188.58
1780588800000,69.64,69.88,68.49,69.1,73469.47
1780603200000,69.1,69.15,67.58,68.87,77373.44
1780617600000,68.87,69.1,66.95,67.09,109065.7
1780632000000,67.09,68.09,63.88,66.18,245449.74
1780646400000,66.18,66.8,65.1,66.09,106956.05
1780660800000,66.09,66.82,63.79,64.26,217881.64
1780675200000,64.26,66.05,61.48,63.46,248196.38
1780689600000,63.46,65.41,62.65,63.63,136121.16
1780704000000,63.63,64.85,62.58,62.85,85051.79
1780718400000,62.85,63.35,60.14,62.79,150493.61
1780732800000,62.79,63.59,61.2,62.45,95492.73
1780747200000,62.45,63.1,61.32,62.04,119509.59
1780761600000,62.04,62.39,61.39,61.64,89270.34
1780776000000,61.64,62.37,61.38,62.21,62418.96
1780790400000,62.21,64.13,61.96,63.83,94204.58
1780804800000,63.83,65.01,63.32,64.92,91658.0
1780819200000,64.92,66.1,64.47,65.05,80660.25
1780833600000,65.05,65.34,63.67,64.99,76939.92
1780848000000,64.99,65.62,63.65,63.94,58203.5
1780862400000,63.94,67.92,63.75,66.5,96259.66
1780876800000,66.5,67.11,65.41,66.36,84408.0
1780891200000,66.36,66.42,64.98,66.11,62718.5
1780905600000,66.11,67.05,65.45,66.68,85925.81
1780920000000,66.68,67.81,66.0,67.17,148814.11
1780934400000,67.17,67.81,66.56,67.46,87366.27
1780948800000,67.46,68.16,66.66,66.82,60046.0
1780963200000,66.82,66.88,65.3,66.02,81774.57
1780977600000,66.02,67.46,65.83,66.89,101113.15
1780992000000,66.89,66.94,65.91,66.12,61344.51
1781006400000,66.12,66.51,64.27,64.34,119287.68
1781020800000,64.34,65.65,63.55,65.42,109314.13
1781035200000,65.42,65.7,64.7,64.96,48529.4
1781049600000,64.96,65.31,64.25,64.52,55091.92
1781064000000,64.52,64.79,63.83,64.5,46681.21
1781078400000,64.5,64.52,62.96,63.5,89057.79
1781092800000,63.5,65.76,63.31,65.44,146035.92
1781107200000,65.44,65.47,63.38,63.56,92492.76
1781121600000,63.56,63.65,62.35,63.2,75731.66
1781136000000,63.2,65.47,63.19,65.28,106250.5
1781150400000,65.28,65.43,64.78,65.04,63513.95
1781164800000,65.04,66.13,65.02,65.88,82111.8
1781179200000,65.88,65.93,64.9,65.56,97560.41
1781193600000,65.56,67.39,65.06,66.93,121038.64
1781208000000,66.93,67.14,66.37,66.92,45202.06
1781222400000,66.92,67.29,66.43,67.04,55986.75
1781236800000,67.04,67.23,65.96,66.32,67690.88
1781251200000,66.32,67.48,66.32,66.92,78753.59
1781265600000,66.92,68.81,66.38,67.25,167370.55
1781280000000,67.25,68.21,66.69,66.78,84356.56
1781294400000,66.78,66.94,66.47,66.81,39592.37
1781308800000,66.81,67.51,66.71,66.87,35410.81
1781323200000,66.87,67.47,66.61,67.38,46059.85
1781337600000,67.38,67.96,67.27,67.9,44289.11
1781352000000,67.9,68.7,67.78,68.6,62522.07
1781366400000,68.6,68.63,67.84,68.23,40957.98
1781380800000,68.23,69.58,68.06,68.93,50058.84
1781395200000,68.93,69.09,68.65,68.94,35897.85
1781409600000,68.94,69.01,68.01,68.22,62195.12
1781424000000,68.22,68.52,67.92,68.1,34176.29
1781438400000,68.1,68.17,66.95,67.43,54099.95
1781452800000,67.43,67.75,67.2,67.57,22615.96
1781467200000,67.57,71.28,67.45,71.28,114910.78
1781481600000,71.28,71.72,70.67,71.24,77526.69
1781496000000,71.24,71.49,70.81,71.27,48520.74
1781510400000,71.27,72.81,70.81,72.6,93087.34
1781524800000,72.6,75.25,72.32,75.25,138721.47
1781539200000,75.25,76.08,74.58,75.27,120225.33
1781553600000,75.27,75.46,73.62,73.99,70769.48
1781568000000,73.99,74.39,72.78,73.74,67030.49
1781582400000,73.74,74.53,73.2,74.45,54739.59
1781596800000,74.45,75.65,74.36,74.66,65567.16
1781611200000,74.66,75.53,72.3,73.29,113426.83
1781625600000,73.29,74.34,73.02,73.84,65838.24
1781640000000,73.84,74.25,73.43,73.53,34442.43
1781654400000,73.53,74.46,73.17,73.67,50075.21
1781668800000,73.67,74.11,72.99,73.26,46688.98
1781683200000,73.26,73.3,71.72,72.03,61486.53
1781697600000,72.03,73.86,71.6,73.8,75925.02
1781712000000,73.8,74.69,71.44,71.69,142200.63
1781726400000,71.69,72.24,70.84,72.04,53549.47
1781740800000,72.04,72.67,71.55,71.65,40780.27
1781755200000,71.65,71.84,70.65,71.77,49893.67
1781769600000,71.77,72.15,70.73,70.93,56140.6
1781784000000,70.93,71.79,68.36,68.44,122571.51
1781798400000,68.44,69.52,68.24,69.37,91848.17
1781812800000,69.37,69.95,69.27,69.72,46678.7
1781827200000,69.72,70.08,68.65,69.06,58338.79
1781841600000,69.06,69.27,67.98,68.37,76552.67
1781856000000,68.37,68.75,68.06,68.25,56308.85
1781870400000,68.25,69.57,67.94,69.32,72712.34
1781884800000,69.32,69.57,68.63,68.96,41997.7
1781899200000,68.96,69.87,68.73,69.73,33522.6
1781913600000,69.73,70.1,69.49,70.01,43224.91
1781928000000,70.01,72.46,69.9,71.6,82657.89
1781942400000,71.6,72.09,71.22,71.77,40995.87
1781956800000,71.77,72.61,70.48,72.01,94531.89
1781971200000,72.01,72.05,71.1,71.86,52499.44
1781985600000,71.86,74.29,71.71,73.22,73656.64
1782000000000,73.22,73.86,72.89,73.63,48868.22
1782014400000,73.63,73.84,73.02,73.21,51122.73
1782028800000,73.21,74.39,72.75,73.21,74693.96
1782043200000,73.21,74.28,72.94,74.15,85272.82
1782057600000,74.15,74.66,73.81,74.41,62231.23
1782072000000,74.41,74.55,72.31,72.47,72377.89
1782086400000,72.47,74.98,72.46,73.52,86216.97
1782100800000,73.52,74.47,73.36,74.1,60382.41
1782115200000,74.1,74.43,73.58,74.18,80284.87
1782129600000,74.18,74.99,73.0,73.15,124858.69
1782144000000,73.15,73.57,72.46,72.75,71814.66
1782158400000,72.75,72.96,71.39,71.96,47491.21
1782172800000,71.96,72.06,71.32,71.99,46105.21
1782187200000,71.99,72.02,69.68,70.0,82429.39
1782201600000,70.0,70.11,68.17,69.32,104349.04
1782216000000,69.32,69.67,68.4,68.92,76885.3
1782230400000,68.92,69.4,68.66,68.84,43235.02
1782244800000,68.84,69.84,68.84,69.71,34776.11
1782259200000,69.71,70.4,69.11,69.57,54168.89
1782273600000,69.57,70.21,69.01,69.36,50399.18
1782288000000,69.36,70.44,68.78,69.81,64401.99
1782302400000,69.81,69.92,67.25,67.33,106029.17
1782316800000,67.33,68.02,64.72,66.15,175396.87
1782331200000,66.15,68.54,65.99,68.11,87273.17
1782345600000,68.11,68.31,67.41,67.7,41649.95
1782360000000,67.7,69.66,67.5,69.45,89248.99
1782374400000,69.45,69.45,68.01,68.17,60564.26
1782388800000,68.17,68.89,64.05,66.31,234303.82
1782403200000,66.31,67.35,65.66,66.19,108158.51
1782417600000,66.19,68.81,66.09,67.72,74198.3
1782432000000,67.72,68.5,65.92,68.22,108142.1
1782446400000,68.22,70.99,67.97,70.78,145777.57
1782460800000,70.78,70.87,68.4,68.61,87945.24
1782475200000,68.61,72.23,68.2,72.07,154957.24
1782489600000,72.07,73.92,72.02,73.0,127971.94
1782504000000,73.0,73.68,71.46,71.9,81653.31
1782518400000,71.9,72.48,71.37,72.27,66349.78
1782532800000,72.27,72.58,71.52,72.3,56590.5
1782547200000,72.3,72.34,71.55,71.8,36348.72
1782561600000,71.8,73.19,71.65,72.84,68143.36
1782576000000,72.84,73.01,70.95,71.11,73708.93
1782590400000,71.11,71.63,70.26,70.49,54219.62
1782604800000,70.49,71.01,70.44,70.86,34665.97
1782619200000,70.86,71.08,70.15,71.07,47938.6
1782633600000,71.07,72.19,71.06,71.92,60144.82
1782648000000,71.92,72.4,71.33,72.08,44764.06
1782662400000,72.08,72.12,70.26,70.73,55153.99
1782676800000,70.73,71.75,69.74,71.39,70558.65
1782691200000,71.39,73.32,70.36,72.68,94822.26
1782705600000,72.68,73.11,71.03,72.73,67520.91
1782720000000,72.73,73.67,72.26,72.55,78733.32
1782734400000,72.55,74.55,72.13,73.9,178805.11
1782748800000,73.9,76.43,72.9,75.98,126638.58
1782763200000,75.98,76.0,74.9,75.17,58960.68
1782777600000,75.17,75.23,74.05,74.18,61092.33
1782792000000,74.18,74.25,73.7,74.17,51579.23
1782806400000,74.17,74.25,73.33,73.4,70764.31
1782820800000,73.4,74.08,71.91,73.14,127032.09
1782835200000,73.14,73.96,72.74,73.74,70246.09
1782849600000,73.74,73.93,73.21,73.66,46830.64
1782864000000,73.66,75.68,72.26,75.48,93048.28
1782878400000,75.48,75.87,73.97,74.87,83581.63
1782892800000,74.87,75.57,74.47,74.84,88195.6
1782907200000,74.84,77.8,74.28,77.44,148710.27
1782921600000,77.44,78.24,76.81,77.0,81297.4
1782936000000,77.0,78.95,76.6,77.45,85750.67
1782950400000,77.45,78.96,76.91,78.72,70418.22
1782964800000,78.72,78.72,77.59,77.99,56085.12
1782979200000,77.99,82.77,77.94,82.38,202524.92
1782993600000,82.38,82.44,80.09,80.87,143631.56
1783008000000,80.87,81.31,80.16,80.84,76750.73
1783022400000,80.84,81.16,80.42,80.73,39229.68
1783036800000,80.73,81.69,80.35,80.72,49668.44
1783051200000,80.72,81.51,80.48,81.23,47598.38
1783065600000,81.23,81.87,80.68,81.57,65398.8
1783080000000,81.57,82.05,80.95,81.22,58200.59
1783094400000,81.22,83.21,81.08,82.47,58558.5
1783108800000,82.47,83.04,82.17,82.34,45560.33
1783123200000,82.34,82.84,81.81,82.74,52111.74
1783137600000,82.74,83.97,82.27,82.72,87483.07
1783152000000,82.72,82.78,81.43,81.82,56018.88
1783166400000,81.82,82.41,81.37,82.23,50618.89
1783180800000,82.23,82.83,81.72,81.88,49274.59
1783195200000,81.88,82.23,81.45,81.8,30762.5
1783209600000,81.8,81.84,80.2,80.57,58051.27
1783224000000,80.57,80.86,80.25,80.71,30473.73
1783238400000,80.71,80.86,79.69,80.58,46894.28
1783252800000,80.58,81.75,80.37,81.35,46717.99
1783267200000,81.35,81.53,80.82,81.05,28110.7
1783281600000,81.05,82.43,80.79,81.6,50420.77
1783296000000,81.6,82.33,80.46,80.79,57185.2
1783310400000,80.79,81.02,80.16,80.83,42051.37
1783324800000,80.83,81.08,80.06,80.4,42941.3
1783339200000,80.4,81.54,79.23,81.49,111810.07
1783353600000,81.49,82.39,81.29,82.07,89582.46
1783368000000,82.07,83.73,81.69,81.94,69600.13
1783382400000,81.94,82.48,80.98,81.05,45158.51
1783396800000,81.05,81.74,80.47,81.51,54727.72
1783411200000,81.51,81.59,80.77,81.32,58805.07
1783425600000,81.32,82.35,80.52,82.13,84279.61
1783440000000,82.13,82.79,80.78,81.38,61028.49
1783454400000,81.38,81.49,80.35,80.57,43467.41
1783468800000,80.57,80.78,78.23,78.73,81370.72
1783483200000,78.73,78.93,77.81,78.28,71795.9
1783497600000,78.28,78.42,76.91,77.56,72805.3
1783512000000,77.56,77.65,76.3,76.75,76643.86
1783526400000,76.75,77.67,76.75,77.42,45530.1
1783540800000,77.42,77.94,76.93,77.85,29184.05
1783555200000,77.85,78.77,76.72,77.38,52096.17
1783569600000,77.38,78.82,77.23,78.22,52210.77
1783584000000,78.22,78.41,77.33,77.61,45431.94
1783598400000,77.61,78.48,77.36,77.63,60109.4
1783612800000,77.63,78.42,77.26,78.15,35540.15
1783627200000,78.15,78.31,77.78,78.04,20798.75
1783641600000,78.04,79.45,77.81,79.07,55460.24
1783656000000,79.07,79.36,78.76,78.87,42464.63
1783670400000,78.87,79.67,78.81,79.37,51661.49
1783684800000,79.37,79.55,77.08,78.15,110364.49
1783699200000,78.15,78.26,77.35,77.89,50073.14
1783713600000,77.89,78.23,77.72,78.13,33585.56
1783728000000,78.13,78.14,77.48,77.8,38500.81
1783742400000,77.8,78.11,77.6,77.99,32801.82
1783756800000,77.99,78.34,77.78,78.13,28005.29
1783771200000,78.13,78.86,77.96,78.38,44176.69
1783785600000,78.38,78.4,77.66,78.14,52292.67
1783800000000,78.14,78.32,76.79,76.79,41638.17
1783814400000,76.79,77.08,75.65,77.05,56443.59
1783828800000,77.05,77.07,75.86,76.52,32512.25
1783843200000,76.52,77.27,76.4,76.95,27208.76
1783857600000,76.95,77.7,76.79,77.46,43622.32
1783872000000,77.46,77.77,77.24,77.68,23975.6
1783886400000,77.68,77.71,76.47,76.91,32485.24
1783900800000,76.91,78.19,75.44,75.86,70867.69
1783915200000,75.86,76.68,75.72,76.45,51365.61
1783929600000,76.45,76.89,76.11,76.35,34159.13
1783944000000,76.35,76.4,75.12,75.81,58367.35
1783958400000,75.81,76.04,74.55,75.2,43386.45
1783972800000,75.2,75.34,74.11,75.01,38437.73
1783987200000,75.01,75.56,74.57,75.15,35615.47
1784001600000,75.15,75.48,74.92,74.97,31979.77
1784016000000,74.97,75.6,74.86,75.4,39108.32
1784030400000,75.4,77.91,75.2,77.38,130276.51
1784044800000,77.38,77.64,76.81,77.18,43392.12
1784059200000,77.18,77.94,76.94,77.86,43883.9
1784073600000,77.86,77.91,77.04,77.78,45422.68
1784088000000,77.78,78.69,77.41,77.42,65414.61
1784102400000,77.42,77.9,77.24,77.52,39521.0
1784116800000,77.52,79.03,77.27,78.06,98192.84
1784131200000,78.06,78.11,76.94,77.18,58176.61
1784145600000,77.18,77.73,77.11,77.29,27097.8
1784160000000,77.29,77.48,76.7,76.96,43196.08
1784174400000,76.96,77.64,76.2,76.42,59559.68
1784188800000,76.42,76.48,75.65,76.28,51915.45
1784203200000,76.28,76.85,75.7,76.62,57145.17
1784217600000,76.62,76.63,75.4,75.81,42534.36
1784232000000,75.81,76.07,75.02,75.33,29666.73
1784246400000,75.33,75.74,74.75,75.23,41857.35
1784260800000,75.23,75.34,74.3,74.61,45986.57
1784275200000,74.61,74.99,74.21,74.85,33822.81
1784289600000,74.85,74.88,73.39,74.77,74879.76
1784304000000,74.77,75.59,74.62,75.21,38699.78
1784318400000,75.21,75.24,74.84,75.03,21543.79
1784332800000,75.03,75.45,74.99,75.37,19522.9
1784347200000,75.37,75.39,74.87,74.97,17786.91
1784361600000,74.97,75.04,74.67,74.96,18959.11
1784376000000,74.96,75.18,74.51,74.97,24992.88
1784390400000,74.97,75.66,74.85,75.44,35821.28
1784404800000,75.44,75.63,75.34,75.52,19875.43
1784419200000,75.52,76.56,75.45,75.95,50239.28
1784433600000,75.95,76.33,75.74,76.15,42301.9
1784448000000,76.15,76.52,75.9,76.07,36181.57
1784462400000,76.07,76.69,75.76,76.22,37208.87
1784476800000,76.22,76.3,75.38,75.88,34499.54
1784491200000,75.88,76.56,75.64,76.37,35573.56
1784505600000,76.37,77.4,76.14,76.75,62672.21
1784520000000,76.75,76.94,75.54,76.22,49390.26
1784534400000,76.22,77.23,75.91,77.15,55038.21
1784548800000,77.15,77.91,75.8,77.76,83172.0
1784563200000,77.76,78.36,77.3,77.62,75148.47
1784577600000,77.62,78.05,77.44,77.85,30212.05
1784592000000,77.85,78.54,77.67,78.19,34134.75
1784606400000,78.19,78.88,78.03,78.57,50506.17
1784620800000,78.57,78.74,78.08,78.35,49526.26
1784635200000,78.35,78.63,77.8,78.15,60792.5
1784649600000,78.15,78.25,77.45,77.86,37025.63
1784664000000,77.86,78.19,77.81,78.12,27171.44
1784678400000,78.12,78.58,77.82,77.87,31646.12
1784692800000,77.87,78.23,77.01,77.11,61481.45
1784707200000,77.11,77.81,77.05,77.56,42701.53
1784721600000,77.56,78.84,77.03,78.47,67737.56
1784736000000,78.47,78.81,77.32,77.65,49248.31
1784750400000,77.65,78.11,77.51,77.97,28438.17
1784764800000,77.97,78.54,77.41,77.61,38137.31
1784779200000,77.61,77.82,77.05,77.16,40679.67
1784793600000,77.16,77.86,77.11,77.66,29977.73
1784808000000,77.66,77.74,75.86,76.39,79054.1
1784822400000,76.39,76.39,75.43,75.75,37124.18
1784836800000,75.75,76.27,75.71,75.88,34142.47
1784851200000,75.88,76.12,75.31,75.83,35473.92
1784865600000,75.83,76.44,75.59,76.07,33669.36
1784880000000,76.07,76.09,74.99,75.2,50534.29
1784894400000,75.2,75.29,73.62,74.04,88927.82
1784908800000,74.04,74.21,73.72,73.97,43633.69
1784923200000,73.97,74.03,73.45,73.96,34255.75
1784937600000,73.96,74.32,73.94,74.13,23272.52
1784952000000,74.13,74.35,73.78,73.8,35418.25
1784966400000,73.8,74.04,73.57,73.92,20326.33
1784980800000,73.92,74.31,73.79,74.18,25540.13
1784995200000,74.18,74.72,74.1,74.56,24232.29
1785009600000,74.56,74.6,74.29,74.53,21714.27
1785024000000,74.53,75.04,74.47,75.03,25042.64
1785038400000,75.03,75.22,74.75,74.88,22484.12
1785052800000,74.88,75.27,74.85,74.94,22205.05
1785067200000,74.94,75.49,74.78,75.48,27459.3
1785081600000,75.48,75.98,75.26,75.34,26844.12
1785096000000,75.34,77.09,75.31,76.76,60939.18
1785110400000,76.76,76.79,76.0,76.41,49341.49
1785124800000,76.41,76.98,76.26,76.48,45256.67
1785139200000,76.48,76.69,76.13,76.51,29329.69
1785153600000,76.51,77.49,75.04,75.28,91150.54
1785168000000,75.28,76.24,75.16,75.99,36248.75
1785182400000,75.99,76.14,73.75,74.2,65062.67
1785196800000,74.2,74.29,72.87,73.28,71593.27
1785211200000,73.28,73.54,73.0,73.29,42653.22
1785225600000,73.29,73.5,72.89,73.19,51421.22
1785240000000,73.19,74.58,72.37,74.34,77102.4
1785254400000,74.34,74.57,73.56,74.31,37761.04
1785268800000,74.31,74.39,73.18,73.83,48103.11
1785283200000,73.83,74.19,73.02,73.08,44807.84
1785297600000,73.08,74.28,72.73,74.26,49666.24
1785312000000,74.26,74.32,73.72,73.95,32512.75
1785326400000,73.95,73.96,72.99,73.13,46276.16
1785340800000,73.13,74.52,72.74,72.76,76139.8
1785355200000,72.76,73.79,72.33,73.68,55816.19
1785369600000,73.68,74.19,73.15,73.7,36741.7
1785384000000,73.7,73.86,73.4,73.41,29131.63
1785398400000,73.41,74.32,73.31,74.23,45333.96
1785412800000,74.23,74.9,74.09,74.65,55271.18
1785427200000,74.65,74.97,74.43,74.77,40804.23
1785441600000,74.77,74.98,74.4,74.52,41678.59
1785456000000,74.52,75.29,73.89,74.15,52338.66
1785470400000,74.15,74.53,73.52,73.67,53659.52
1785484800000,73.67,73.79,73.3,73.57,38135.11
1785499200000,73.57,73.81,72.8,73.11,60214.18
1785513600000,73.11,73.47,72.93,73.08,29789.51
1785528000000,73.08,73.22,72.57,72.86,28440.99
1785542400000,72.86,73.16,72.86,73.03,45065.21
1785556800000,73.03,73.21,72.87,72.97,26681.36
1785571200000,72.97,73.07,72.67,72.89,19048.67
1785585600000,72.89,73.04,72.73,72.8,22391.72
1785600000000,72.8,72.93,70.58,71.26,74210.48
1785614400000,71.26,72.09,71.2,71.95,26194.01
1785628800000,71.95,73.39,71.93,73.2,39039.98
1785643200000,73.2,73.65,73.2,73.45,37804.43
1785657600000,73.45,73.53,72.94,72.99,26543.87
1785672000000,72.99,73.23,72.7,73.02,22592.99
1785686400000,73.02,73.83,72.92,73.71,21571.52
1785700800000,73.71,74.32,73.47,73.63,30183.46
1785715200000,73.63,73.67,72.71,72.91,25705.22
1785729600000,72.91,73.08,72.43,72.52,36188.02
1785744000000,72.52,72.8,71.99,72.44,39698.8
1785758400000,72.44,73.82,72.33,73.61,70788.81
1785772800000,73.61,74.28,73.24,74.02,48536.9
1785787200000,74.02,74.14,73.37,73.56,29943.29
1785801600000,73.56,74.12,73.05,73.69,38241.28
1785816000000,73.69,74.09,73.21,73.68,35375.25
1785830400000,73.68,73.97,73.11,73.95,43764.24
1785844800000,73.95,74.19,73.34,73.98,44587.09
1785859200000,73.98,74.38,73.61,74.18,40520.77
1785873600000,74.18,74.46,73.75,73.75,39212.0
1785888000000,73.75,74.49,73.4,73.79,55377.35
1785902400000,73.79,74.29,73.62,73.97,50718.61
1785916800000,73.97,74.21,73.74,73.76,37252.98
1785931200000,73.76,74.38,73.28,73.96,77343.42
1785945600000,73.96,74.82,73.95,74.47,49947.9
1785960000000,74.47,74.58,73.85,74.04,36933.08
1785974400000,74.04,74.26,73.39,73.5,43565.75
1785988800000,73.5,74.34,73.4,73.88,46004.15
1786003200000,73.88,74.11,73.18,73.47,54764.5
1786017600000,73.47,73.63,72.87,73.31,46081.47
1786032000000,73.31,73.54,72.56,72.81,31166.07
1786046400000,72.81,72.99,72.35,72.69,36080.1
1786060800000,72.69,72.93,72.49,72.62,33922.75
1786075200000,72.62,73.06,72.44,72.93,32540.98
1786089600000,72.93,73.78,72.91,73.63,64635.23
1786104000000,73.63,74.34,73.58,73.89,88277.54
1786118400000,73.89,74.13,73.18,74.01,59619.11
1786132800000,74.01,74.1,73.58,73.67,31989.57
1786147200000,73.67,74.98,73.58,74.83,47745.17
1786161600000,74.83,75.13,74.49,74.82,41362.15
1786176000000,74.82,75.7,74.7,75.6,42063.67
1786190400000,75.6,76.79,75.35,76.39,93950.83
1786204800000,76.39,76.49,75.97,76.16,37800.72
1786219200000,76.16,76.35,75.79,76.01,24520.28
1786233600000,76.01,76.09,75.74,75.98,21803.18
1786248000000,75.98,76.49,75.89,76.36,26447.61
1786262400000,76.36,76.64,76.11,76.49,31404.04
1786276800000,76.49,77.46,76.31,77.42,55120.66
1786291200000,77.42,77.55,77.07,77.23,33730.37
1786305600000,77.23,77.81,76.22,76.27,37739.1
1786320000000,76.27,77.16,76.22,76.65,35582.88
1786334400000,76.65,77.11,76.44,76.99,26353.58
1786348800000,76.99,77.15,76.54,77.04,46353.47
1786363200000,77.04,77.12,75.84,75.96,77077.16
1786377600000,75.96,76.28,75.59,76.19,49421.42
1786392000000,76.19,76.48,75.98,75.99,28552.33
1786406400000,75.99,76.24,75.72,76.08,23117.83
1786420800000,76.08,76.22,75.43,75.7,36886.2
1786435200000,75.7,76.35,75.63,76.24,52942.52
1786449600000,76.24,76.26,74.64,74.94,67362.4
1786464000000,74.94,75.7,74.8,75.67,34623.48
1786478400000,75.67,76.67,75.65,76.31,50641.54
1786492800000,76.31,76.6,76.23,76.42,24550.98
1786507200000,76.42,76.57,75.95,76.26,28359.95
1786521600000,76.26,76.89,76.14,76.84,48345.63
1786536000000,76.84,77.3,75.39,75.75,83397.99
1786550400000,75.75,76.09,75.57,75.77,23700.63
1786564800000,75.77,76.02,75.36,75.64,24344.37
1786579200000,75.64,76.32,75.48,76.25,35590.65
1786593600000,76.25,76.62,76.04,76.45,30585.69
1786608000000,76.45,76.49,75.57,75.66,37752.5
1786622400000,75.66,76.59,75.64,75.64,45465.28
1786636800000,75.64,76.27,75.11,76.2,47275.16
1786651200000,76.2,76.44,76.12,76.28,29674.42
1786665600000,76.28,76.32,75.75,75.77,29258.52
1786680000000,75.77,76.03,75.5,75.59,31119.71
1786694400000,75.59,75.87,75.36,75.54,35616.12
1786708800000,75.54,75.77,75.07,75.65,44591.98
1786723200000,75.65,75.7,74.69,75.02,54112.38
1786737600000,75.02,75.41,74.97,75.39,29736.33
1786752000000,75.39,75.71,75.3,75.42,21949.16
1786766400000,75.42,75.6,75.22,75.24,23584.64
1786780800000,75.24,75.35,75.05,75.25,15338.6
1786795200000,75.25,75.59,75.21,75.52,27186.39
1786809600000,75.52,75.68,75.41,75.56,17228.56
1786824000000,75.56,75.73,75.32,75.35,18725.81
1786838400000,75.35,75.66,75.27,75.58,19563.45
1786852800000,75.58,75.62,75.29,75.46,13585.32
1786867200000,75.46,75.49,75.18,75.28,17474.92
1786881600000,75.28,75.63,75.2,75.57,19833.72
1786896000000,75.57,75.71,75.04,75.23,37459.67
1786910400000,75.23,75.32,74.11,74.61,34131.13
1786924800000,74.61,75.59,74.44,75.52,43061.58
1786939200000,75.52,75.99,75.36,75.78,35053.61
1786953600000,75.78,75.94,75.18,75.71,53083.37
1786968000000,75.71,76.22,75.29,76.11,59074.12
1786982400000,76.11,76.16,75.71,75.81,35668.23
1786996800000,75.81,76.11,75.64,76.01,28415.55
1787011200000,76.01,76.09,75.21,75.49,42381.46
1787025600000,75.49,76.27,75.4,76.09,49877.16
1787040000000,76.09,76.44,75.8,76.32,50762.2
1787054400000,76.32,77.32,76.05,77.2,74383.22
1787068800000,77.2,77.4,76.86,77.17,35478.56
1787083200000,77.17,77.23,76.76,77.06,37067.51
1787097600000,77.06,77.12,76.71,77.0,32796.86
1787112000000,77.0,77.16,76.64,76.95,34984.81
1787126400000,76.95,77.64,76.92,77.54,46294.56
1787140800000,77.54,82.96,77.44,81.84,237831.05
1787155200000,81.84,82.5,81.02,82.36,108536.99
1787169600000,82.36,87.2,82.28,85.38,181262.22
1787184000000,85.38,85.78,85.32,85.6,11197.75
