time,open,high,low,close,volume
1698796800000,2.2792,2.2945,2.2774,2.2825,18829.2
1698811200000,2.2825,2.3136,2.1304,2.2221,1248532.4
1698825600000,2.2221,2.2955,2.208,2.2565,846083.9
1698840000000,2.2565,2.4128,2.2227,2.3074,1519737.1
1698854400000,2.3074,2.6669,2.3047,2.5647,3247658.5
1698868800000,2.5647,2.6226,2.4553,2.5492,790105.6
1698883200000,2.5492,2.8616,2.4644,2.6703,1340916.0
1698897600000,2.6703,2.8504,2.6415,2.6786,1177296.1
1698912000000,2.6786,2.6786,2.4388,2.5178,1257731.9
1698926400000,2.5178,2.5327,2.2707,2.3442,1212936.1
1698940800000,2.3442,2.4582,2.322,2.409,675715.2
1698955200000,2.409,2.4499,2.3437,2.3996,265905.0
1698969600000,2.3996,2.4243,2.2533,2.3409,558989.7
1698984000000,2.3409,2.397,2.3119,2.3187,441230.4
1698998400000,2.3187,2.3366,2.2202,2.3176,803027.5
1699012800000,2.3176,2.4017,2.2766,2.388,843760.6
1699027200000,2.388,2.399,2.3133,2.3893,393881.0
1699041600000,2.3893,2.4851,2.3735,2.3903,349428.4
1699056000000,2.3903,2.4592,2.3501,2.4269,306172.2
1699070400000,2.4269,2.4949,2.4035,2.4129,450009.3
1699084800000,2.4129,2.4477,2.3866,2.4214,292267.9
1699099200000,2.4214,2.4791,2.3788,2.4075,357549.5
1699113600000,2.4075,2.4135,2.362,2.3784,213579.7
1699128000000,2.3784,2.4451,2.3552,2.4271,166617.8
1699142400000,2.4271,2.4723,2.383,2.429,237042.7
1699156800000,2.429,2.4547,2.3903,2.4008,165782.2
1699171200000,2.4008,2.4223,2.2955,2.349,333195.0
1699185600000,2.349,2.3565,2.2525,2.3145,366002.5
1699200000000,2.3145,2.3379,2.3,2.3188,185367.0
1699214400000,2.3188,2.3313,2.251,2.3097,173657.2
1699228800000,2.3097,2.3614,2.2916,2.3338,155940.5
1699243200000,2.3338,2.3535,2.2524,2.2551,197158.8
1699257600000,2.2551,2.3315,2.2508,2.3182,211137.5
1699272000000,2.3182,2.3466,2.2885,2.3401,232844.0
1699286400000,2.3401,2.3547,2.3063,2.3345,218129.8
1699300800000,2.3345,2.3924,2.312,2.3653,183991.5
1699315200000,2.3653,2.4308,2.2928,2.3693,384697.8
1699329600000,2.3693,2.453,2.3604,2.3984,446930.2
1699344000000,2.3984,2.4021,2.3016,2.3201,357308.9
1699358400000,2.3201,2.336,2.2615,2.2778,271645.7
1699372800000,2.2778,2.3355,2.2248,2.2923,408793.4
1699387200000,2.2923,2.3453,2.2825,2.3372,200454.7
1699401600000,2.3372,2.3454,2.3002,2.3091,114025.9
1699416000000,2.3091,2.3404,2.2945,2.3229,116821.1
1699430400000,2.3229,2.3962,2.3007,2.349,277998.9
1699444800000,2.349,2.4076,2.3366,2.3618,396682.8
1699459200000,2.3618,2.3911,2.3338,2.3851,152763.9
1699473600000,2.3851,2.3994,2.344,2.3678,147365.3
1699488000000,2.3678,2.564,2.3566,2.5051,667811.9
1699502400000,2.5051,2.547,2.4399,2.491,497289.4
1699516800000,2.491,2.6328,2.4789,2.6328,762124.8
1699531200000,2.6328,2.6374,2.4554,2.4634,753034.9
1699545600000,2.4634,2.487,2.2489,2.3402,917721.5
1699560000000,2.3402,2.4693,2.2902,2.455,298482.1
1699574400000,2.455,2.5977,2.4397,2.5067,536383.5
1699588800000,2.5067,2.685,2.4785,2.4791,629494.2
1699603200000,2.4791,2.4926,2.3629,2.4557,472154.6
1699617600000,2.4557,2.4572,2.3715,2.4104,344948.0
1699632000000,2.4104,2.8741,2.4056,2.8284,847827.7
1699646400000,2.8284,3.3016,2.8164,3.1816,2548486.1
1699660800000,3.1816,3.8989,3.1226,3.6372,2465770.2
1699675200000,3.6372,3.7598,3.1804,3.2632,1548595.0
1699689600000,3.2632,3.5322,3.167,3.3995,926279.6
1699704000000,3.3995,3.8744,3.3787,3.7546,1705968.8
1699718400000,3.7546,4.2495,3.7412,3.9234,2405990.7
1699732800000,3.9234,4.0613,3.7801,3.9707,789875.9
1699747200000,3.9707,4.2977,3.7017,3.9329,1177519.9
1699761600000,3.9329,4.5583,3.9214,4.3461,1208379.3
1699776000000,4.3461,4.4774,4.1318,4.2623,980684.5
1699790400000,4.2623,4.3811,3.9503,4.2519,897429.5
1699804800000,4.2519,4.7347,4.1822,4.633,1077380.2
1699819200000,4.633,4.8305,4.5696,4.6155,757188.6
1699833600000,4.6155,5.4933,4.5371,5.2453,1503653.5
1699848000000,5.2453,5.7526,5.0381,5.4923,1117909.9
1699862400000,5.4923,5.9727,5.0915,5.2945,2029341.3
1699876800000,5.2945,5.5469,4.6864,5.2429,1758778.8
1699891200000,5.2429,5.4782,4.8385,5.1959,880725.0
1699905600000,5.1959,5.356,4.3657,4.3709,878691.9
1699920000000,4.3709,5.0853,4.2141,4.9555,1087600.0
1699934400000,4.9555,5.6301,4.878,5.2726,996856.4
1699948800000,5.2726,5.4229,4.8629,5.0984,722499.5
1699963200000,5.0984,6.2508,4.926,6.1669,2007568.8
1699977600000,6.1669,6.3728,5.5972,6.1391,1738608.6
1699992000000,6.1391,6.2104,5.8417,5.9899,851107.9
1700006400000,5.9899,6.4353,5.8179,5.9285,1018597.7
1700020800000,5.9285,6.2237,5.7408,5.9865,753318.7
1700035200000,5.9865,6.4396,5.9142,6.2278,821311.1
1700049600000,6.2278,6.5249,6.1328,6.3625,760036.0
1700064000000,6.3625,6.4577,5.9017,6.0959,741043.4
1700078400000,6.0959,6.1431,5.8061,5.8499,475443.9
1700092800000,5.8499,6.2912,5.7325,6.1698,519245.1
1700107200000,6.1698,6.3674,6.0972,6.1347,308089.7
1700121600000,6.1347,6.1438,5.9032,5.9352,385839.5
1700136000000,5.9352,5.9481,5.5308,5.6097,603796.8
1700150400000,5.6097,6.1377,5.4414,6.118,675570.2
1700164800000,6.118,6.2941,5.5633,5.7446,616515.6
1700179200000,5.7446,6.0982,5.7115,5.9166,425940.7
1700193600000,5.9166,6.6212,5.9145,6.3328,1093870.2
1700208000000,6.3328,6.6696,5.942,5.9923,946730.7
1700222400000,5.9923,6.2725,5.753,5.9958,893918.6
1700236800000,5.9958,6.5614,5.9675,6.4264,729290.1
1700251200000,6.4264,7.085,6.3902,7.0561,717816.6
1700265600000,7.0561,7.2306,6.7616,6.8291,667820.3
1700280000000,6.8291,6.9309,6.4062,6.743,829991.0
1700294400000,6.743,6.9565,6.6484,6.6657,553317.2
1700308800000,6.6657,6.8073,6.4694,6.7887,733665.9
1700323200000,6.7887,7.312,6.62,7.2814,685489.5
1700337600000,7.2814,7.4057,7.0744,7.1437,561746.0
1700352000000,7.1437,7.156,6.8386,6.9986,394447.6
1700366400000,6.9986,7.3712,6.9077,7.1306,412898.6
1700380800000,7.1306,7.2944,7.0021,7.0409,286936.0
1700395200000,7.0409,7.1479,6.7037,6.8295,466678.7
1700409600000,6.8295,7.1227,6.7541,7.0089,274282.5
1700424000000,7.0089,7.0644,6.6263,6.7941,484819.4
1700438400000,6.7941,6.9254,6.5422,6.5716,450159.0
1700452800000,6.5716,6.8599,6.5192,6.8291,360672.1
1700467200000,6.8291,6.8396,6.6383,6.692,381954.8
1700481600000,6.692,7.0408,6.5723,6.9277,606630.3
1700496000000,6.9277,6.9443,6.5671,6.6455,351374.7
1700510400000,6.6455,6.6711,5.9067,5.973,778694.4
1700524800000,5.973,6.1388,5.6534,5.837,660462.6
1700539200000,5.837,5.8655,5.557,5.5628,492624.4
1700553600000,5.5628,5.6919,5.492,5.5761,432903.6
1700568000000,5.5761,5.7755,5.1194,5.4629,1026592.9
1700582400000,5.4629,5.7115,5.1204,5.4019,975960.3
1700596800000,5.4019,5.6751,5.0084,5.0248,645222.7
1700611200000,5.0248,5.7765,5.0218,5.7244,536780.1
1700625600000,5.7244,5.862,5.6095,5.6152,544510.5
1700640000000,5.6152,5.962,5.614,5.8671,669266.3
1700654400000,5.8671,5.9543,5.6256,5.6279,384800.6
1700668800000,5.6279,5.85,5.5221,5.759,416946.9
1700683200000,5.759,6.3082,5.7488,6.1048,535291.2
1700697600000,6.1048,6.336,6.0123,6.0855,326395.8
1700712000000,6.0855,6.1335,5.9202,6.0166,218209.6
1700726400000,6.0166,6.1277,5.8684,5.8986,254921.3
1700740800000,5.8986,5.9566,5.7454,5.7735,232374.8
1700755200000,5.7735,5.8546,5.7079,5.7567,154537.4
1700769600000,5.7567,5.7963,5.6253,5.6399,138403.2
1700784000000,5.6399,5.7381,5.5805,5.6883,158072.5
1700798400000,5.6883,5.8274,5.4769,5.5211,453686.4
1700812800000,5.5211,5.6698,5.4378,5.61,349206.5
1700827200000,5.61,5.6614,5.5002,5.6175,257771.5
1700841600000,5.6175,5.7535,5.4107,5.4291,279569.5
1700856000000,5.4291,5.6921,5.4201,5.5191,230720.6
1700870400000,5.5191,5.682,5.4676,5.6205,187020.9
1700884800000,5.6205,5.7794,5.5475,5.5949,202656.5
1700899200000,5.5949,5.6267,5.4814,5.51,133981.9
1700913600000,5.51,5.642,5.4964,5.5563,124230.7
1700928000000,5.5563,5.9255,5.5181,5.8498,313161.2
1700942400000,5.8498,5.9745,5.727,5.9467,219551.7
1700956800000,5.9467,5.9551,5.6882,5.7051,164317.4
1700971200000,5.7051,5.7912,5.6744,5.7627,130177.0
1700985600000,5.7627,5.8441,5.6093,5.6189,166700.2
1701000000000,5.6189,5.6464,5.4948,5.5175,213088.6
1701014400000,5.5175,5.5792,5.3435,5.4115,219066.1
1701028800000,5.4115,5.5267,5.3628,5.4377,110080.9
1701043200000,5.4377,5.5339,5.3149,5.368,147661.8
1701057600000,5.368,5.4355,5.1381,5.2147,224496.5
1701072000000,5.2147,5.5633,5.1785,5.5616,278582.8
1701086400000,5.5616,5.637,5.3439,5.3439,342862.1
1701100800000,5.3439,5.8252,5.3407,5.5786,446777.3
1701115200000,5.5786,5.9226,5.5533,5.883,294107.3
1701129600000,5.883,5.9167,5.6624,5.7109,193952.8
1701144000000,5.7109,5.8216,5.4981,5.7899,293806.9
1701158400000,5.7899,6.2286,5.7049,6.0921,434854.3
1701172800000,6.0921,6.3445,6.0217,6.3194,618061.7
1701187200000,6.3194,6.4889,6.2201,6.4179,416356.8
1701201600000,6.4179,6.4424,6.2071,6.2374,178144.4
1701216000000,6.2374,6.4424,6.2117,6.3464,136415.0
1701230400000,6.3464,6.6878,6.2367,6.4793,337646.9
1701244800000,6.4793,6.486,6.2472,6.2834,262941.7
1701259200000,6.2834,6.3423,5.9813,6.1717,323379.1
1701273600000,6.1717,6.2318,6.0817,6.1038,99701.6
1701288000000,6.1038,6.193,6.0182,6.0188,135739.1
1701302400000,6.0188,6.1497,5.9267,6.1163,151086.6
1701316800000,6.1163,6.1875,6.0377,6.1154,133701.2
1701331200000,6.1154,6.3865,5.9814,6.356,204223.4
1701345600000,6.356,6.4802,6.2676,6.4043,323715.6
1701360000000,6.4043,6.4756,6.3038,6.4075,163413.5
1701374400000,6.4075,6.4266,6.3073,6.3887,66105.7
1701388800000,6.3887,7.0239,6.274,6.9768,455129.6
1701403200000,6.9768,7.1081,6.9097,6.9439,482084.9
1701417600000,6.9439,7.0163,6.8294,6.9573,212896.4
1701432000000,6.9573,7.1142,6.8884,7.0058,266926.4
1701446400000,7.0058,7.2591,6.9544,7.1606,283310.5
1701460800000,7.1606,7.2391,7.0221,7.0956,138720.1
1701475200000,7.0956,7.4568,7.0426,7.3285,374548.0
1701489600000,7.3285,7.4066,7.2522,7.3733,162559.1
1701504000000,7.3733,8.3326,7.2971,8.2593,772182.2
1701518400000,8.2593,8.8698,8.1836,8.464,993015.2
1701532800000,8.464,8.9422,8.4284,8.8504,490640.1
1701547200000,8.8504,9.1983,8.6655,8.8605,461143.0
1701561600000,8.8605,8.9311,8.5518,8.7241,272741.1
1701576000000,8.7241,9.3034,8.7114,8.9781,474550.8
1701590400000,8.9781,8.9781,8.1459,8.2917,547758.5
1701604800000,8.2917,8.6172,8.0482,8.5026,420040.7
1701619200000,8.5026,8.6666,8.4293,8.619,144806.0
1701633600000,8.619,8.7878,8.3744,8.584,202406.2
1701648000000,8.584,9.7654,8.4708,9.5152,759561.7
1701662400000,9.5152,9.8372,9.1643,9.226,518740.3
1701676800000,9.226,9.3712,8.174,8.9034,517005.7
1701691200000,8.9034,8.9088,8.1567,8.2224,509651.8
1701705600000,8.2224,8.953,8.1829,8.7948,323461.3
1701720000000,8.7948,9.286,8.7451,8.9471,379041.4
1701734400000,8.9471,9.3206,8.421,8.613,324678.3
1701748800000,8.613,8.9419,8.4509,8.5691,272982.8
1701763200000,8.5691,8.653,8.3433,8.5065,213159.9
1701777600000,8.5065,8.9165,8.313,8.6923,316812.7
1701792000000,8.6923,9.8521,8.5833,9.7012,978377.6
1701806400000,9.7012,10.4835,9.5151,10.1495,616998.3
1701820800000,10.1495,11.4618,10.1065,11.0918,755398.2
1701835200000,11.0918,11.4723,10.1536,10.5014,619455.3
1701849600000,10.5014,10.7478,9.2447,9.6102,814858.8
1701864000000,9.6102,10.4031,9.4432,9.839,606726.1
1701878400000,9.839,10.7588,9.7678,10.7058,509908.7
1701892800000,10.7058,10.7703,9.5671,9.6183,325331.9
1701907200000,9.6183,9.9279,9.5393,9.7874,239739.8
1701921600000,9.7874,10.1282,9.7539,9.9937,237186.4
1701936000000,9.9937,10.1625,9.4248,9.7371,397869.2
1701950400000,9.7371,10.4486,9.6671,10.1591,451972.5
1701964800000,10.1591,10.1595,9.7165,9.7756,303630.9
1701979200000,9.7756,9.8366,9.4307,9.5002,198368.7
1701993600000,9.5002,9.9543,9.475,9.4833,270965.3
1702008000000,9.4833,9.5435,9.1286,9.3759,264610.3
1702022400000,9.3759,9.7846,9.334,9.783,220512.5
1702036800000,9.783,9.9481,9.3654,9.3891,321067.4
1702051200000,9.3891,9.4154,8.8133,9.2224,470737.4
1702065600000,9.2224,9.4936,9.2183,9.2818,260871.6
1702080000000,9.2818,9.6406,9.2818,9.3545,238282.3
1702094400000,9.3545,9.8779,9.2951,9.831,249339.4
1702108800000,9.831,10.2064,9.5411,9.6281,481077.7
1702123200000,9.6281,9.9054,9.4346,9.6652,364843.5
1702137600000,9.6652,9.9736,9.3333,9.6621,318867.1
1702152000000,9.6621,9.7009,9.2123,9.3237,142616.5
1702166400000,9.3237,9.4734,9.2291,9.4587,98867.2
1702180800000,9.4587,9.7608,9.3041,9.366,129313.7
1702195200000,9.366,9.4137,9.0274,9.2552,184839.1
1702209600000,9.2552,9.4932,9.2534,9.4143,146602.8
1702224000000,9.4143,9.6525,9.4015,9.5749,151822.4
1702238400000,9.5749,9.9145,9.5516,9.8267,178515.8
1702252800000,9.8267,10.719,8.6908,10.7066,838545.7
1702267200000,10.7066,10.7248,9.7079,9.9682,511179.6
1702281600000,9.9682,10.3143,9.7132,10.2459,284919.5
1702296000000,10.2459,10.3669,9.5563,10.1669,453546.7
1702310400000,10.1669,10.4712,9.6666,10.2982,514924.4
1702324800000,10.2982,11.0602,10.1477,10.8056,459827.4
1702339200000,10.8056,11.9711,10.761,11.7629,624909.1
1702353600000,11.7629,12.4561,11.5857,12.0031,736491.3
1702368000000,12.0031,12.5148,11.75,12.4397,498727.5
1702382400000,12.4397,13.0336,11.8397,12.1645,848053.8
1702396800000,12.1645,13.0918,11.8997,12.6157,541449.5
1702411200000,12.6157,12.6836,12.0789,12.0844,248447.2
1702425600000,12.0844,12.6292,11.31,11.5424,376108.4
1702440000000,11.5424,11.6202,10.8,11.1016,389865.6
1702454400000,11.1016,11.5201,10.9958,11.0563,219770.4
1702468800000,11.0563,12.454,11.0516,12.1923,514206.9
1702483200000,12.1923,12.8516,11.8338,12.5377,359834.7
1702497600000,12.5377,12.6721,12.0104,12.1317,247055.2
1702512000000,12.1317,12.8274,11.9402,12.3992,343042.3
1702526400000,12.3992,13.0957,12.2484,12.9698,283070.6
1702540800000,12.9698,13.8285,12.967,13.7726,460398.6
1702555200000,13.7726,14.2409,12.7777,13.7264,563520.8
1702569600000,13.7264,14.7413,13.5524,14.2047,357657.8
1702584000000,14.2047,14.2867,13.6176,13.9191,210066.4
1702598400000,13.9191,13.9581,13.4397,13.7893,199543.0
1702612800000,13.7893,13.9292,13.3441,13.6666,163639.3
1702627200000,13.6666,13.8873,13.4115,13.4598,174249.0
1702641600000,13.4598,13.5742,12.8934,13.5256,303840.5
1702656000000,13.5256,14.3988,13.2693,14.2905,294865.7
1702670400000,14.2905,14.4853,13.0003,13.0937,298353.5
1702684800000,13.0937,13.6644,12.716,13.5848,203797.2
1702699200000,13.5848,13.8275,13.3659,13.5579,143457.1
1702713600000,13.5579,14.1362,13.5355,13.9197,200716.3
1702728000000,13.9197,14.5945,13.5139,14.5201,268102.9
1702742400000,14.5201,14.8757,13.0743,13.1252,438989.2
1702756800000,13.1252,13.4798,12.9379,13.1141,235902.0
1702771200000,13.1141,13.3061,12.827,12.9741,109731.0
1702785600000,12.9741,13.2978,12.6512,13.2976,190577.2
1702800000000,13.2976,14.2077,13.1645,13.952,367408.8
1702814400000,13.952,13.969,13.1462,13.3012,323437.1
1702828800000,13.3012,13.7936,13.0298,13.1445,163861.8
1702843200000,13.1445,13.2513,12.6942,12.7112,136414.3
1702857600000,12.7112,13.0469,12.1322,12.3125,267144.4
1702872000000,12.3125,12.33,11.4018,11.4819,325587.5
1702886400000,11.4819,11.8778,10.9848,11.7017,441022.6
1702900800000,11.7017,12.5945,11.4259,11.8579,456789.2
1702915200000,11.8579,12.2987,11.7567,12.1426,220009.7
1702929600000,12.1426,12.8995,11.8949,12.8995,249384.3
1702944000000,12.8995,13.481,12.6904,13.2264,247552.2
1702958400000,13.2264,13.2513,12.7165,13.205,196203.3
1702972800000,13.205,13.3998,12.8077,12.8141,223588.9
1702987200000,12.8141,12.906,11.8617,12.099,350100.7
1703001600000,12.099,12.1845,11.5628,11.8687,207745.8
1703016000000,11.8687,11.9404,11.5714,11.7333,109456.4
1703030400000,11.7333,12.2013,11.6245,12.0089,161358.0
1703044800000,12.0089,12.7424,11.9025,12.6889,222370.0
1703059200000,12.6889,13.4279,12.5606,13.1258,401250.8
1703073600000,13.1258,13.721,12.7767,12.9788,371265.7
1703088000000,12.9788,13.6739,12.7763,13.1153,340776.2
1703102400000,13.1153,13.341,12.8156,12.9945,197664.5
1703116800000,12.9945,13.0168,12.1668,12.4712,248378.3
1703131200000,12.4712,12.7478,12.2128,12.5447,184091.2
1703145600000,12.5447,12.8593,12.1256,12.7328,278084.2
1703160000000,12.7328,12.9191,12.241,12.417,170656.7
1703174400000,12.417,12.7011,12.2777,12.5982,145274.6
1703188800000,12.5982,13.1162,12.5905,12.8658,230433.6
1703203200000,12.8658,13.3253,12.3746,12.5703,289938.7
1703217600000,12.5703,12.7818,12.1674,12.2842,173466.5
1703232000000,12.2842,12.4444,11.9267,12.2808,154326.9
1703246400000,12.2808,12.2967,11.9253,12.121,145800.8
1703260800000,12.121,12.3215,11.9734,12.0887,87776.4
1703275200000,12.0887,12.4736,12.0636,12.4046,78596.0
1703289600000,12.4046,12.4234,11.6608,11.7244,137648.1
1703304000000,11.7244,12.2921,11.6627,12.2143,108238.5
1703318400000,12.2143,12.3509,12.1884,12.2621,94301.7
1703332800000,12.2621,12.3789,12.057,12.1943,83999.7
1703347200000,12.1943,12.3555,12.1073,12.2215,72714.2
1703361600000,12.2215,12.3952,12.1116,12.2831,98019.7
1703376000000,12.2831,13.1111,11.9793,13.0092,309471.3
1703390400000,13.0092,13.9923,12.9761,13.7913,552123.1
1703404800000,13.7913,14.0154,13.3931,13.6447,284253.8
1703419200000,13.6447,13.9741,13.4603,13.9457,154784.9
1703433600000,13.9457,14.7554,13.7785,14.5905,414789.2
1703448000000,14.5905,15.2471,13.69,14.132,380415.8
1703462400000,14.132,14.2541,13.5019,13.8042,227846.6
1703476800000,13.8042,14.3769,13.7384,14.1011,154812.7
1703491200000,14.1011,14.5604,13.8261,14.4648,191581.0
1703505600000,14.4648,14.7273,14.0571,14.2039,237917.3
1703520000000,14.2039,14.2612,13.7483,13.8963,192544.4
1703534400000,13.8963,14.0001,13.6599,13.7274,122729.2
1703548800000,13.7274,13.934,13.6101,13.6635,111741.7
1703563200000,13.6635,13.8726,13.1006,13.1877,212582.9
1703577600000,13.1877,13.6037,13.0172,13.5088,211250.7
1703592000000,13.5088,13.6375,13.0939,13.1196,133946.4
1703606400000,13.1196,13.2558,11.7647,12.4888,354768.5
1703620800000,12.4888,12.8459,12.462,12.7123,117900.4
1703635200000,12.7123,12.7358,12.0095,12.1033,174526.9
1703649600000,12.1033,12.4244,12.0847,12.2687,95580.4
1703664000000,12.2687,12.7551,12.2399,12.6939,115640.1
1703678400000,12.6939,12.6942,12.2475,12.5508,166329.7
1703692800000,12.5508,13.0661,12.1714,12.6866,163862.0
1703707200000,12.6866,12.9179,12.5038,12.66,82835.4
1703721600000,12.66,13.1782,12.5384,12.6183,122674.0
1703736000000,12.6183,12.837,12.2906,12.4702,85885.5
1703750400000,12.4702,12.5216,12.2603,12.2834,87756.4
1703764800000,12.2834,12.3513,11.6497,11.8963,235292.4
1703779200000,11.8963,12.1275,11.7366,11.8666,152503.7
1703793600000,11.8666,11.9466,11.6796,11.8348,72642.6
1703808000000,11.8348,11.9961,11.402,11.8079,132094.4
1703822400000,11.8079,12.0932,11.775,11.8027,62540.1
1703836800000,11.8027,12.519,11.7985,12.3966,170374.1
1703851200000,12.3966,12.8493,11.9614,12.1667,269530.4
1703865600000,12.1667,12.4827,11.8336,12.37,160139.5
1703880000000,12.37,12.4465,12.0094,12.3654,100104.5
1703894400000,12.3654,12.6374,12.0131,12.0895,96671.6
1703908800000,12.0895,12.2345,12.02,12.0448,54534.0
1703923200000,12.0448,12.0746,11.6181,11.909,82881.0
1703937600000,11.909,12.1383,11.8113,12.1174,69513.4
1703952000000,12.1174,12.2222,11.9862,12.0038,78042.0
1703966400000,12.0038,12.0883,11.8823,11.8962,46916.6
1703980800000,11.8962,12.0826,11.7658,12.031,67190.2
1703995200000,12.031,12.4345,12.0,12.3168,92334.6
1704009600000,12.3168,12.5401,12.266,12.338,95812.1
1704024000000,12.338,12.5944,12.1723,12.3364,93655.4
1704038400000,12.3364,12.4,12.0743,12.1629,127347.3
1704052800000,12.1629,12.2262,11.534,11.8738,93075.2
1704067200000,11.8738,12.2084,11.7599,11.8192,79530.1
1704081600000,11.8192,12.0755,11.6573,12.0005,50990.9
1704096000000,12.0005,12.3304,11.9468,12.1655,86841.7
1704110400000,12.1655,12.3993,12.1321,12.3509,81365.9
1704124800000,12.3509,13.5251,12.307,13.4298,353152.9
1704139200000,13.4298,13.9961,13.1904,13.9883,222752.3
1704153600000,13.9883,14.1914,13.6155,13.8014,234803.3
1704168000000,13.8014,13.8141,13.1594,13.1644,190515.1
1704182400000,13.1644,13.9093,13.1611,13.7065,220926.0
1704196800000,13.7065,13.9676,12.9266,12.9403,241207.8
1704211200000,12.9403,13.0807,12.5129,12.8682,209893.2
1704225600000,12.8682,12.9725,12.6418,12.7885,86153.3
1704240000000,12.7885,12.9743,12.6083,12.834,120535.3
1704254400000,12.834,13.2206,12.8074,12.8511,123971.6
1704268800000,12.8511,13.142,12.3297,12.4747,162067.8
1704283200000,12.4747,12.4777,9.432,12.2743,779162.5
1704297600000,12.2743,12.3862,11.9072,12.0679,180652.0
1704312000000,12.0679,12.78,12.0563,12.1913,140374.1
1704326400000,12.1913,13.3959,11.9238,12.8937,249743.2
1704340800000,12.8937,13.9343,12.8452,13.4371,326817.3
1704355200000,13.4371,14.5449,13.3347,14.4931,588309.6
1704369600000,14.4931,16.7499,14.136,16.5035,805741.1
1704384000000,16.5035,16.5454,15.2648,15.5158,704383.8
1704398400000,15.5158,15.8231,15.3176,15.6192,236161.0
1704412800000,15.6192,16.0803,14.496,15.4926,602355.7
1704427200000,15.4926,16.4597,14.9902,16.336,493502.0
1704441600000,16.336,17.263,16.0437,16.1001,508759.2
1704456000000,16.1001,16.3939,15.4306,15.627,363630.2
1704470400000,15.627,15.8442,14.7504,15.5396,254018.3
1704484800000,15.5396,15.9779,15.1241,15.6011,171508.8
1704499200000,15.6011,16.4251,15.1686,15.3375,305441.0
1704513600000,15.3375,15.511,14.1,14.6627,325812.2
1704528000000,14.6627,15.4357,14.4821,15.0714,240305.8
1704542400000,15.0714,15.4242,14.3707,14.4785,199253.2
1704556800000,14.4785,14.7697,14.1318,14.3544,148176.9
1704571200000,14.3544,14.4879,14.0087,14.3288,104251.2
1704585600000,14.3288,14.92,14.2769,14.5467,172558.0
1704600000000,14.5467,14.9761,14.458,14.5522,132892.0
1704614400000,14.5522,15.3,14.2174,14.9711,222481.7
1704628800000,14.9711,15.3721,14.7587,15.3134,190194.6
1704643200000,15.3134,15.4202,14.561,15.247,150583.4
1704657600000,15.247,15.3043,14.0048,14.3208,189351.5
1704672000000,14.3208,14.3486,12.518,12.9876,468604.2
1704686400000,12.9876,13.3458,12.7759,13.0311,364611.9
1704700800000,13.0311,13.6728,13.0,13.618,221888.1
1704715200000,13.618,14.1398,13.4717,13.6067,296296.0
1704729600000,13.6067,14.3193,13.3867,14.0331,258954.3
1704744000000,14.0331,14.235,13.6477,14.2161,130079.6
1704758400000,14.2161,15.8901,14.0966,15.7843,454490.2
1704772800000,15.7843,16.375,15.4899,16.2953,321978.9
1704787200000,16.2953,16.3964,15.655,16.1579,255628.2
1704801600000,16.1579,16.6176,15.5414,16.26,359030.0
1704816000000,16.26,16.4533,15.3863,15.6005,172343.0
1704830400000,15.6005,16.1111,14.749,14.929,353854.1
1704844800000,14.929,15.3161,14.6271,14.9746,181659.6
1704859200000,14.9746,15.1838,14.8165,15.0303,128702.8
1704873600000,15.0303,15.5303,15.0048,15.2892,159908.1
1704888000000,15.2892,15.3596,14.1,14.5494,274693.0
1704902400000,14.5494,15.6104,14.3753,15.3311,270757.7
1704916800000,15.3311,16.8555,14.8038,16.3009,407192.1
1704931200000,16.3009,16.3129,15.7014,15.7922,165278.9
1704945600000,15.7922,16.2372,15.3125,15.9557,166031.8
1704960000000,15.9557,17.3853,15.8073,17.0267,370846.9
1704974400000,17.0267,17.342,15.53,15.8892,355193.6
1704988800000,15.8892,16.4074,15.5418,16.2238,178220.6
1705003200000,16.2238,16.3011,15.7392,15.9969,87961.3
1705017600000,15.9969,16.2691,15.6052,15.7092,115397.2
1705032000000,15.7092,15.8936,15.5865,15.7289,66816.3
1705046400000,15.7289,16.0875,15.3988,15.834,112037.2
1705060800000,15.834,16.5169,15.6397,15.6772,239292.1
1705075200000,15.6772,17.2538,15.5994,16.6259,436527.6
1705089600000,16.6259,17.1449,15.9246,16.3872,258729.8
1705104000000,16.3872,16.6859,15.4923,15.8103,204011.3
1705118400000,15.8103,16.9003,15.786,16.7806,207780.6
1705132800000,16.7806,17.2798,16.7039,17.2764,270108.5
1705147200000,17.2764,17.8876,16.8636,17.7889,366140.5
1705161600000,17.7889,18.4873,17.4957,18.1628,313048.7
1705176000000,18.1628,18.4981,18.1016,18.4981,158219.8
1705190400000,18.4981,18.7826,17.9196,18.3174,195045.2
1705204800000,18.3174,19.1877,18.0962,18.7588,222719.1
1705219200000,18.7588,19.8895,18.7554,19.54,304347.3
1705233600000,19.54,19.8799,18.7567,18.7939,219631.3
1705248000000,18.7939,18.8444,18.1909,18.256,176884.9
1705262400000,18.256,18.8844,18.0394,18.0554,142426.3
1705276800000,18.0554,19.4558,18.0554,19.2265,198489.8
1705291200000,19.2265,20.1733,19.1122,19.731,326895.2
1705305600000,19.731,20.3396,19.4301,19.4878,279110.0
1705320000000,19.4878,19.6755,18.5462,19.3551,267906.7
1705334400000,19.3551,19.4355,18.8969,19.0128,147802.1
1705348800000,19.0128,19.3938,18.7607,19.0078,107383.4
1705363200000,19.0078,19.5952,18.8644,19.4606,102160.6
1705377600000,19.4606,19.4606,18.6882,18.9497,94019.2
1705392000000,18.9497,19.5783,18.8018,19.2871,114489.8
1705406400000,19.2871,19.6194,18.8455,19.2451,220856.6
1705420800000,19.2451,19.389,18.8734,18.9817,106709.0
1705435200000,18.9817,19.0495,18.6967,18.8126,98436.0
1705449600000,18.8126,19.2177,18.7174,18.9118,57862.5
1705464000000,18.9118,18.9223,18.4658,18.5222,82416.3
1705478400000,18.5222,18.5482,18.1215,18.4207,136436.7
1705492800000,18.4207,18.5516,17.8597,17.9372,163262.0
1705507200000,17.9372,18.5217,17.8787,18.3264,86497.3
1705521600000,18.3264,18.5008,18.0435,18.1353,45217.7
1705536000000,18.1353,18.3723,17.6684,18.1193,77280.9
1705550400000,18.1193,18.5287,18.1193,18.3275,98359.0
1705564800000,18.3275,18.3904,17.3492,17.4614,168234.1
1705579200000,17.4614,17.7674,17.0707,17.4427,137834.2
1705593600000,17.4427,17.4513,16.7312,16.8485,125765.2
1705608000000,16.8485,17.3284,16.825,16.917,77555.1
1705622400000,16.917,17.3751,16.3672,16.6322,151525.5
1705636800000,16.6322,17.1835,16.5948,17.1021,113440.2
1705651200000,17.1021,18.2766,17.0721,18.2492,225634.7
1705665600000,18.2492,18.2972,17.1445,17.2464,211685.7
1705680000000,17.2464,18.3312,16.5029,18.2495,314324.1
1705694400000,18.2495,18.5175,17.747,17.8643,147333.8
1705708800000,17.8643,17.8643,17.3375,17.4987,84091.3
1705723200000,17.4987,17.598,17.1352,17.4736,80688.1
1705737600000,17.4736,17.4751,17.0144,17.2842,55240.5
1705752000000,17.2842,17.3331,17.048,17.0826,41109.2
1705766400000,17.0826,17.5329,17.0711,17.3919,43637.0
1705780800000,17.3919,17.6884,17.3417,17.6707,59977.8
1705795200000,17.6707,17.7415,17.3559,17.4517,38924.6
1705809600000,17.4517,17.473,17.1388,17.3006,36705.4
1705824000000,17.3006,17.5691,17.2361,17.5585,41706.1
1705838400000,17.5585,17.6348,17.211,17.2844,44390.7
1705852800000,17.2844,17.3368,17.0946,17.2343,35577.5
1705867200000,17.2343,17.2343,16.802,16.8543,52792.0
1705881600000,16.8543,16.8951,16.5075,16.7101,63622.9
1705896000000,16.7101,17.1869,16.4755,16.8351,77658.0
1705910400000,16.8351,16.8354,15.6463,16.0934,219871.4
1705924800000,16.0934,16.3808,15.5194,15.9527,144374.8
1705939200000,15.9527,16.2422,15.3304,15.6247,201246.4
1705953600000,15.6247,16.0708,15.1556,15.2463,107764.4
1705968000000,15.2463,15.8352,15.0619,15.5711,116669.3
1705982400000,15.5711,15.7694,15.1036,15.1477,70053.1
1705996800000,15.1477,15.2597,14.257,14.3976,237213.0
1706011200000,14.3976,14.9983,13.8876,14.9595,282619.8
1706025600000,14.9595,15.5701,14.6974,15.2734,168665.4
1706040000000,15.2734,16.5077,15.0855,16.4619,152448.8
1706054400000,16.4619,16.7865,16.0645,16.0907,181436.2
1706068800000,16.0907,16.7564,15.8959,16.5427,128768.7
1706083200000,16.5427,16.9794,16.3849,16.6565,150794.2
1706097600000,16.6565,16.8441,16.0886,16.3144,137099.5
1706112000000,16.3144,16.6086,15.7177,15.8844,112987.7
1706126400000,15.8844,16.3868,15.8398,16.3669,77578.3
1706140800000,16.3669,16.3818,15.8477,15.8477,65361.5
1706155200000,15.8477,15.9364,15.6049,15.8642,92407.9
1706169600000,15.8642,15.9513,15.5188,15.8127,78997.7
1706184000000,15.8127,15.8441,15.0439,15.1269,121196.4
1706198400000,15.1269,15.4063,14.835,15.3404,98676.3
1706212800000,15.3404,15.4438,15.1381,15.1506,32338.8
1706227200000,15.1506,15.7386,15.0467,15.666,64019.3
1706241600000,15.666,15.8019,15.4237,15.5463,47669.0
1706256000000,15.5463,16.5103,15.4818,16.4965,128107.8
1706270400000,16.4965,16.8053,16.2885,16.5565,156265.2
1706284800000,16.5565,16.8952,16.4641,16.6565,118015.1
1706299200000,16.6565,16.8773,16.3525,16.5215,65361.4
1706313600000,16.5215,16.921,16.4961,16.8842,64704.6
1706328000000,16.8842,17.2943,16.4756,16.5686,115041.3
1706342400000,16.5686,16.9798,16.4786,16.7964,68600.3
1706356800000,16.7964,17.1594,16.7471,16.9969,65204.9
1706371200000,16.9969,17.4647,16.7571,17.2543,87911.1
1706385600000,17.2543,17.3392,16.9887,17.0515,45766.7
1706400000000,17.0515,17.3544,16.9315,17.3503,49640.1
1706414400000,17.3503,17.6205,17.1145,17.1382,99190.2
1706428800000,17.1382,17.4907,17.0689,17.2441,58385.8
1706443200000,17.2441,17.2599,16.8333,17.0937,84134.7
1706457600000,17.0937,17.4438,16.8967,17.0241,76950.3
1706472000000,17.0241,17.1407,16.7003,17.0239,53107.8
1706486400000,17.0239,17.891,16.8987,17.8521,107765.4
1706500800000,17.8521,17.8823,17.5778,17.6636,78453.6
1706515200000,17.6636,17.7918,17.2794,17.5616,86451.6
1706529600000,17.5616,17.7215,17.2877,17.7066,82931.2
1706544000000,17.7066,18.098,17.6142,17.6707,159815.5
1706558400000,17.6707,18.1005,17.6603,17.9424,58355.9
1706572800000,17.9424,18.0881,17.495,17.5449,71243.0
1706587200000,17.5449,17.8711,17.5386,17.7562,50220.3
1706601600000,17.7562,18.5287,17.7054,18.4064,146928.5
1706616000000,18.4064,18.4832,18.0759,18.1727,111584.0
1706630400000,18.1727,18.4457,18.1461,18.4289,41344.9
1706644800000,18.4289,18.4812,17.7528,17.8617,57381.9
1706659200000,17.8617,17.9581,17.1954,17.3922,123532.3
1706673600000,17.3922,17.708,17.3475,17.5857,56322.1
1706688000000,17.5857,17.6281,16.8277,16.9992,103280.5
1706702400000,16.9992,17.0516,16.4067,17.0041,194755.6
1706716800000,17.0041,17.1753,16.6969,16.8003,149508.6
1706731200000,16.8003,16.8136,15.9202,16.2113,130076.3
1706745600000,16.2113,16.3827,15.6139,15.873,123261.8
1706760000000,15.873,16.4745,15.8206,16.3308,181551.8
1706774400000,16.3308,16.7531,16.3308,16.5649,89207.3
1706788800000,16.5649,17.278,16.5447,17.167,126489.2
1706803200000,17.167,17.1772,16.6105,16.9963,112568.4
1706817600000,16.9963,17.021,16.6848,16.9183,49832.3
1706832000000,16.9183,17.2309,16.8988,16.9292,62934.2
1706846400000,16.9292,17.2985,16.8367,17.234,45979.0
1706860800000,17.234,17.3857,16.9301,17.3738,84162.5
1706875200000,17.3738,17.9672,17.0905,17.9393,146657.9
1706889600000,17.9393,18.0,17.5822,17.7066,66309.1
1706904000000,17.7066,17.8042,17.5376,17.6581,34763.7
1706918400000,17.6581,17.8872,17.5132,17.7992,46952.6
1706932800000,17.7992,18.4591,17.6503,18.2969,121725.9
1706947200000,18.2969,18.487,18.1529,18.1986,97769.1
1706961600000,18.1986,18.2113,18.0116,18.0943,56767.1
1706976000000,18.0943,18.4043,18.0899,18.2246,42767.9
1706990400000,18.2246,18.2272,17.6913,17.7341,37197.7
1707004800000,17.7341,17.8424,17.6213,17.7313,30314.8
1707019200000,17.7313,17.7332,17.0293,17.0788,110778.6
1707033600000,17.0788,17.1257,16.8097,17.0362,90529.4
1707048000000,17.0362,17.4237,16.9259,17.2208,76649.2
1707062400000,17.2208,17.9852,17.204,17.612,99729.8
1707076800000,17.612,17.8747,17.3499,17.3663,53697.2
1707091200000,17.3663,17.8941,17.2222,17.8326,62198.5
1707105600000,17.8326,18.2439,17.6882,18.1456,77162.4
1707120000000,18.1456,18.3269,17.9665,18.1865,79661.0
1707134400000,18.1865,18.229,17.5335,17.5524,114755.6
1707148800000,17.5524,17.6846,17.3443,17.6118,81952.9
1707163200000,17.6118,17.7381,17.3048,17.7288,37818.0
1707177600000,17.7288,17.99,17.4783,17.9126,49975.3
1707192000000,17.9126,17.9873,17.5307,17.8445,45623.9
1707206400000,17.8445,17.9881,17.4033,17.5149,75073.6
1707220800000,17.5149,17.609,17.0844,17.3013,109805.5
1707235200000,17.3013,17.4258,17.1441,17.258,55265.5
1707249600000,17.258,17.467,17.0643,17.4415,48307.6
1707264000000,17.4415,17.5865,17.1469,17.2014,94496.0
1707278400000,17.2014,17.5175,17.183,17.4966,57898.8
1707292800000,17.4966,17.6482,17.3948,17.4716,46875.5
1707307200000,17.4716,17.9169,17.4287,17.9052,67424.7
1707321600000,17.9052,18.6938,17.8801,18.4272,170807.7
1707336000000,18.4272,18.8354,18.4272,18.8202,94164.2
1707350400000,18.8202,19.65,18.7796,19.4306,166778.4
1707364800000,19.4306,19.6383,19.1187,19.1551,91346.9
1707379200000,19.1551,19.629,19.154,19.4369,82990.1
1707393600000,19.4369,20.5804,19.3694,20.5145,226859.1
1707408000000,20.5145,20.5591,19.7099,20.127,214414.9
1707422400000,20.127,20.4207,19.8137,20.1487,80049.1
1707436800000,20.1487,20.9003,19.8819,19.8843,120091.1
1707451200000,19.8843,20.1501,19.627,19.7037,63865.9
1707465600000,19.7037,19.9463,19.4765,19.7126,67715.0
1707480000000,19.7126,19.942,19.4267,19.8131,100940.3
1707494400000,19.8131,20.2061,19.7192,19.8353,106997.5
1707508800000,19.8353,19.9152,19.5647,19.7336,53878.4
1707523200000,19.7336,20.298,19.6643,19.9712,70249.9
1707537600000,19.9712,20.2263,19.9357,19.9701,42795.3
1707552000000,19.9701,20.099,19.7181,19.9265,64604.8
1707566400000,19.9265,21.1165,19.9199,20.5183,182235.2
1707580800000,20.5183,20.6104,20.0688,20.3082,67797.4
1707595200000,20.3082,20.3175,19.8057,19.859,79882.6
1707609600000,19.859,20.1167,19.859,20.0406,58293.9
1707624000000,20.0406,20.0882,19.9136,19.9936,63663.8
1707638400000,19.9936,20.065,19.7,19.8044,61624.1
1707652800000,19.8044,19.8669,19.2491,19.3291,103204.1
1707667200000,19.3291,19.6947,19.2681,19.6849,48562.7
1707681600000,19.6849,19.7783,19.3471,19.3733,28566.3
1707696000000,19.3733,19.528,18.9004,19.1205,51702.8
1707710400000,19.1205,19.205,18.7618,19.1692,57990.0
1707724800000,19.1692,19.1817,18.7514,18.9144,49110.8
1707739200000,18.9144,19.7338,18.8549,19.7048,91770.2
1707753600000,19.7048,19.9548,19.4616,19.634,111309.2
1707768000000,19.634,19.9999,19.4095,19.6929,82922.1
1707782400000,19.6929,19.8978,19.2965,19.3797,67812.0
1707796800000,19.3797,19.6234,19.3737,19.4817,29506.0
1707811200000,19.4817,19.867,19.4425,19.5816,54282.5
1707825600000,19.5816,19.5842,18.8226,19.2608,115394.8
1707840000000,19.2608,19.3675,18.7421,18.9555,79198.1
1707854400000,18.9555,19.1004,18.7702,19.0862,60377.3
1707868800000,19.0862,19.0862,18.6472,19.014,50732.6
1707883200000,19.014,19.2846,18.9293,19.2499,32788.1
1707897600000,19.2499,19.6652,19.1179,19.6039,101689.9
1707912000000,19.6039,19.6184,18.8949,19.1268,109981.4
1707926400000,19.1268,19.1543,18.8567,19.0416,77051.7
1707940800000,19.0416,19.3396,18.9053,19.2062,67336.3
1707955200000,19.2062,19.4617,18.8758,19.08,70017.8
1707969600000,19.08,19.0882,18.7211,18.9938,60677.7
1707984000000,18.9938,19.11,18.6022,18.6461,128764.9
1707998400000,18.6461,18.9782,18.2567,18.3885,197010.2
1708012800000,18.3885,18.5606,18.02,18.1181,173930.3
1708027200000,18.1181,18.2644,17.8404,18.2403,91794.5
1708041600000,18.2403,18.426,18.1435,18.417,61355.7
1708056000000,18.417,18.7082,18.2571,18.2978,57935.1
1708070400000,18.2978,18.5003,18.027,18.4453,56394.5
1708084800000,18.4453,18.6651,17.6328,18.1026,136497.1
1708099200000,18.1026,18.4239,17.9266,17.9669,67958.4
1708113600000,17.9669,18.6134,17.9328,18.5458,59279.3
1708128000000,18.5458,19.1943,18.2,19.1658,131343.2
1708142400000,19.1658,19.2366,18.6916,18.8702,72065.2
1708156800000,18.8702,18.9818,18.5083,18.8401,104916.8
1708171200000,18.8401,18.8987,18.0174,18.2743,104856.3
1708185600000,18.2743,18.3919,18.0737,18.3882,62434.6
1708200000000,18.3882,18.6543,18.2961,18.4658,35923.9
1708214400000,18.4658,18.7878,18.2506,18.4923,50765.4
1708228800000,18.4923,18.9875,18.4862,18.8345,71298.0
1708243200000,18.8345,18.9729,18.7457,18.9078,52201.7
1708257600000,18.9078,19.1282,18.7086,19.0622,59411.8
1708272000000,19.0622,19.2891,18.8547,19.0779,86540.7
1708286400000,19.0779,19.1359,18.6158,18.6712,51975.8
1708300800000,18.6712,18.833,18.4976,18.6356,58345.1
1708315200000,18.6356,19.0583,18.508,19.0577,71644.5
1708329600000,19.0577,19.0744,18.5943,19.0649,96220.8
1708344000000,19.0649,19.1543,18.6565,18.7864,90416.4
1708358400000,18.7864,18.8736,18.4932,18.7861,74801.6
1708372800000,18.7861,19.06,18.7147,18.7367,55144.4
1708387200000,18.7367,18.7985,18.1291,18.1697,108873.4
1708401600000,18.1697,18.5881,18.0649,18.3743,58665.1
1708416000000,18.3743,18.4032,17.8897,18.3042,94635.9
1708430400000,18.3042,18.4236,17.272,17.7323,189087.6
1708444800000,17.7323,17.8724,17.2288,17.869,83646.3
1708459200000,17.869,18.2733,17.814,17.9584,47414.9
1708473600000,17.9584,17.9861,17.4652,17.5373,47407.0
1708488000000,17.5373,17.5435,17.1104,17.1526,67066.1
1708502400000,17.1526,17.308,16.6674,16.8098,113362.8
1708516800000,16.8098,17.1593,16.6643,17.0981,134211.8
1708531200000,17.0981,17.184,16.684,16.979,75563.1
1708545600000,16.979,17.3895,16.8723,17.3487,60426.4
1708560000000,17.3487,17.3714,16.8066,17.0152,54035.9
1708574400000,17.0152,17.5187,16.8862,17.4703,50463.8
1708588800000,17.4703,17.7797,17.3592,17.5024,64983.9
1708603200000,17.5024,17.633,16.9224,17.3114,82120.9
1708617600000,17.3114,17.315,17.044,17.0631,48863.2
1708632000000,17.0631,17.3293,16.8129,16.9539,82138.6
1708646400000,16.9539,17.2261,16.7994,16.8565,39804.9
1708660800000,16.8565,16.959,16.5309,16.5352,45634.1
1708675200000,16.5352,16.6331,16.1095,16.4924,107424.6
1708689600000,16.4924,16.5435,16.005,16.1392,111108.9
1708704000000,16.1392,16.4213,15.8149,16.3949,98098.3
1708718400000,16.3949,16.5903,16.2131,16.3541,40866.8
1708732800000,16.3541,16.5973,16.0457,16.4077,52689.0
1708747200000,16.4077,16.7157,16.3743,16.5949,33969.2
1708761600000,16.5949,16.7951,16.5231,16.6788,41720.9
1708776000000,16.6788,16.6888,16.392,16.4001,36143.9
1708790400000,16.4001,16.8771,16.3952,16.7984,39370.4
1708804800000,16.7984,17.0779,16.7431,17.0526,38747.7
1708819200000,17.0526,17.4676,16.9941,17.4592,56012.1
1708833600000,17.4592,17.4647,17.0391,17.0787,42321.0
1708848000000,17.0787,17.1212,16.8696,17.0721,45726.7
1708862400000,17.0721,17.1595,16.9026,16.9465,48023.4
1708876800000,16.9465,16.9989,16.8626,16.9542,28643.3
1708891200000,16.9542,17.12,16.7313,16.7554,42243.3
1708905600000,16.7554,17.019,16.436,16.5945,70194.7
1708920000000,16.5945,16.7039,16.4524,16.4641,45120.6
1708934400000,16.4641,16.7066,16.1769,16.5172,54818.1
1708948800000,16.5172,17.103,16.4174,17.0332,70202.5
1708963200000,17.0332,17.5279,17.0197,17.4422,129866.5
1708977600000,17.4422,17.4554,17.1772,17.3373,37633.1
1708992000000,17.3373,17.3522,16.7574,17.0339,92840.6
1709006400000,17.0339,17.3879,17.0,17.2682,56602.2
1709020800000,17.2682,17.7981,17.2661,17.5833,69681.7
1709035200000,17.5833,17.8048,16.8377,16.9256,93278.8
1709049600000,16.9256,17.1425,16.7266,17.1009,59405.3
1709064000000,17.1009,17.1736,16.8575,16.9976,25572.7
1709078400000,16.9976,17.1278,16.5564,16.5803,49155.8
1709092800000,16.5803,16.9717,16.5325,16.9142,41175.9
1709107200000,16.9142,17.4434,16.4469,16.7968,176017.6
1709121600000,16.7968,17.0477,16.6976,16.8567,168895.6
1709136000000,16.8567,17.2259,15.2656,16.127,352124.3
1709150400000,16.127,16.5136,15.977,16.4934,64467.4
1709164800000,16.4934,17.7781,16.4319,17.3542,238238.3
1709179200000,17.3542,17.4778,16.745,17.0438,115144.0
1709193600000,17.0438,18.2283,16.9872,17.6561,236138.0
1709208000000,17.6561,17.7918,17.3271,17.5911,158063.2
1709222400000,17.5911,17.6328,16.7574,17.0721,149193.0
1709236800000,17.0721,17.1426,16.1123,16.5141,89528.3
1709251200000,16.5141,16.9048,16.5016,16.6152,59223.6
1709265600000,16.6152,16.8076,16.5356,16.5633,46027.3
1709280000000,16.5633,16.9077,16.5388,16.7145,52419.1
1709294400000,16.7145,16.9106,16.4281,16.5031,99403.5
1709308800000,16.5031,16.865,16.4825,16.776,53455.1
1709323200000,16.776,17.158,16.7458,16.9972,56644.7
1709337600000,16.9972,17.114,16.518,16.8623,101677.2
1709352000000,16.8623,16.9035,16.6284,16.8144,56570.3
1709366400000,16.8144,16.8474,16.4332,16.5166,93619.3
1709380800000,16.5166,16.7241,16.3279,16.4877,71876.8
1709395200000,16.4877,16.7236,16.4364,16.6908,46874.7
1709409600000,16.6908,16.7727,16.5159,16.7419,38748.1
1709424000000,16.7419,16.843,16.5852,16.6398,56876.0
1709438400000,16.6398,16.7276,14.9932,16.1021,143586.1
1709452800000,16.1021,16.6224,15.9863,16.3775,117086.4
1709467200000,16.3775,16.5275,16.2662,16.319,61975.4
1709481600000,16.319,16.51,16.2464,16.4338,54449.8
1709496000000,16.4338,16.5226,16.3266,16.3937,44946.0
1709510400000,16.3937,16.5427,15.8964,15.962,91828.5
1709524800000,15.962,16.078,15.6668,15.8782,110096.5
1709539200000,15.8782,16.1273,15.6668,15.8433,118116.8
1709553600000,15.8433,16.0229,15.4469,15.6834,114573.2
1709568000000,15.6834,15.7534,15.1237,15.6854,157517.9
1709582400000,15.6854,15.7669,15.4538,15.6476,65840.5
1709596800000,15.6476,15.6827,15.1568,15.4273,105284.9
1709611200000,15.4273,17.4228,15.427,16.8622,451905.2
1709625600000,16.8622,17.203,16.5361,16.5643,172774.3
1709640000000,16.5643,16.7726,15.8551,16.0975,255912.6
1709654400000,16.0975,17.0532,14.1336,15.1241,469719.8
1709668800000,15.1241,15.7185,14.7981,15.5623,269518.4
1709683200000,15.5623,15.6868,14.9262,15.5418,104033.8
1709697600000,15.5418,16.1673,15.387,16.1561,109516.6
1709712000000,16.1561,16.3249,15.5967,15.7344,116958.8
1709726400000,15.7344,15.7788,15.2364,15.5661,128403.6
1709740800000,15.5661,15.9071,15.4434,15.8208,74776.3
1709755200000,15.8208,16.2765,15.7129,16.2176,92554.8
1709769600000,16.2176,16.8621,16.17,16.536,149386.7
1709784000000,16.536,16.8736,16.0163,16.0885,139633.3
1709798400000,16.0885,16.2786,15.8867,15.9587,109249.7
1709812800000,15.9587,16.2914,15.8599,16.1633,89201.3
1709827200000,16.1633,16.4575,16.056,16.4551,68122.6
1709841600000,16.4551,16.8831,16.1769,16.6975,120907.2
1709856000000,16.6975,16.9527,16.3526,16.4266,85748.7
1709870400000,16.4266,17.1136,16.3759,16.7969,107018.8
1709884800000,16.7969,17.2978,16.5659,16.6786,118938.6
1709899200000,16.6786,16.9677,15.8391,16.2749,189977.6
1709913600000,16.2749,16.3994,15.8866,16.1854,134034.1
1709928000000,16.1854,16.2372,15.9842,16.1633,48538.5
1709942400000,16.1633,16.4422,16.0367,16.4369,51870.6
1709956800000,16.4369,17.0995,16.4181,17.0995,76932.4
1709971200000,17.0995,17.5577,16.8474,17.2363,177737.5
1709985600000,17.2363,17.5243,17.0952,17.2723,96324.5
1710000000000,17.2723,17.6921,16.9974,17.0083,131370.5
1710014400000,17.0083,17.0677,16.6768,16.6874,79062.3
1710028800000,16.6874,17.2837,16.6768,16.8662,93300.8
1710043200000,16.8662,17.0363,16.7324,16.8472,62909.3
1710057600000,16.8472,16.8485,16.3372,16.3953,94360.6
1710072000000,16.3953,16.4434,15.8403,16.0917,100800.5
1710086400000,16.0917,16.2105,16.0766,16.164,44598.2
1710100800000,16.164,16.1898,15.6176,16.0383,94781.8
1710115200000,16.0383,16.1139,15.2154,15.8765,161685.7
1710129600000,15.8765,16.1904,15.7362,16.1256,91573.5
1710144000000,16.1256,16.4967,15.9978,16.1593,111768.5
1710158400000,16.1593,16.3131,15.9694,16.0354,72309.0
1710172800000,16.0354,16.4578,15.9455,16.2767,90370.8
1710187200000,16.2767,16.5975,16.2574,16.516,50694.6
1710201600000,16.516,18.473,16.516,17.9476,443402.1
1710216000000,17.9476,18.0127,16.8276,16.9846,249237.4
1710230400000,16.9846,17.0385,16.3487,16.4566,173295.3
1710244800000,16.4566,17.8794,16.1772,17.53,440471.4
1710259200000,17.53,18.4239,16.1534,18.396,487362.8
1710273600000,18.396,18.396,17.527,17.9506,149181.0
1710288000000,17.9506,18.321,17.6,17.6337,124999.9
1710302400000,17.6337,17.7705,17.2874,17.494,154631.2
1710316800000,17.494,17.8722,17.3963,17.4239,120216.5
1710331200000,17.4239,17.6471,16.8974,17.3803,220982.1
1710345600000,17.3803,17.5621,17.2169,17.266,67565.3
1710360000000,17.266,17.3078,16.9936,17.2422,82064.3
1710374400000,17.2422,17.768,17.1172,17.6108,137501.4
1710388800000,17.6108,17.618,16.8466,17.1205,111153.1
1710403200000,17.1205,17.2846,16.6655,16.8982,101141.6
1710417600000,16.8982,16.978,16.2772,16.3986,154439.9
1710432000000,16.3986,16.6458,15.7154,15.986,157230.0
1710446400000,15.986,16.592,15.9569,16.5205,69734.4
1710460800000,16.5205,16.8313,14.7842,15.4346,274716.2
1710475200000,15.4346,15.5934,15.0324,15.4009,165776.8
1710489600000,15.4009,15.4176,14.0553,14.9556,252133.4
1710504000000,14.9556,15.1543,14.8185,14.9345,100122.0
1710518400000,14.9345,15.4,14.7088,14.8857,145570.8
1710532800000,14.8857,15.363,14.5259,15.3332,106212.6
1710547200000,15.3332,15.7135,15.2932,15.7091,73891.1
1710561600000,15.7091,16.0856,15.3251,15.8877,114506.2
1710576000000,15.8877,15.8972,15.463,15.6305,146487.0
1710590400000,15.6305,15.6508,14.5749,15.064,160228.0
1710604800000,15.064,15.064,13.2254,13.5642,233633.2
1710619200000,13.5642,13.8869,13.2811,13.7574,192267.8
1710633600000,13.7574,14.1843,13.5593,14.0936,141889.9
1710648000000,14.0936,14.1063,13.0178,13.5279,151326.4
1710662400000,13.5279,14.3149,13.489,14.0754,132414.1
1710676800000,14.0754,14.3944,13.7153,14.3144,141791.7
1710691200000,14.3144,14.3394,14.026,14.2358,74386.6
1710705600000,14.2358,14.4411,14.0357,14.1947,53444.9
1710720000000,14.1947,14.1947,13.5756,13.8847,89434.9
1710734400000,13.8847,14.2855,13.7552,14.0673,65733.5
1710748800000,14.0673,14.0678,13.6147,13.7028,76507.5
1710763200000,13.7028,13.7863,13.0139,13.2147,144371.0
1710777600000,13.2147,13.3645,12.8,13.0868,131938.7
1710792000000,13.0868,13.3256,12.8844,12.8949,64841.9
1710806400000,12.8949,13.0859,12.0111,12.2995,223697.1
1710820800000,12.2995,12.465,11.5425,12.4647,202555.8
1710835200000,12.4647,13.5651,12.1915,13.4682,393573.8
1710849600000,13.4682,14.5033,13.2859,14.4884,396682.6
1710864000000,14.4884,14.874,14.3348,14.4374,197846.4
1710878400000,14.4374,14.4666,13.0928,13.7539,194051.8
1710892800000,13.7539,13.8372,13.0557,13.2485,177029.7
1710907200000,13.2485,13.8563,12.5254,13.7678,240578.0
1710921600000,13.7678,14.0838,13.3747,13.8969,187317.2
1710936000000,13.8969,14.143,13.423,13.5053,126491.4
1710950400000,13.5053,14.4345,13.1024,14.3684,153230.4
1710964800000,14.3684,15.0168,14.3252,14.8279,131317.0
1710979200000,14.8279,15.1453,14.6765,14.8772,102600.8
1710993600000,14.8772,14.9274,14.3269,14.7418,83226.2
1711008000000,14.7418,15.0538,14.6765,14.7928,86651.0
1711022400000,14.7928,15.1169,14.6045,14.8395,87374.2
1711036800000,14.8395,15.3003,14.3161,14.797,130319.1
1711051200000,14.797,15.397,14.6864,14.8026,121936.6
1711065600000,14.8026,14.814,14.3718,14.6121,56207.6
1711080000000,14.6121,14.8459,14.5273,14.7079,44740.5
1711094400000,14.7079,14.7666,13.9844,13.996,124959.4
1711108800000,13.996,14.1645,13.5644,13.8256,137309.8
1711123200000,13.8256,13.8321,13.5703,13.7023,66012.3
1711137600000,13.7023,13.7944,13.3656,13.7903,63525.4
1711152000000,13.7903,13.9697,13.4153,13.4861,87578.2
1711166400000,13.4861,13.7439,13.3656,13.6362,54548.7
1711180800000,13.6362,13.7286,13.5239,13.5431,40453.4
1711195200000,13.5431,13.759,13.5197,13.694,60404.8
1711209600000,13.694,13.7262,13.4336,13.6369,111590.6
1711224000000,13.6369,13.6562,13.32,13.3498,33782.5
1711238400000,13.3498,13.5941,13.314,13.3654,32670.3
1711252800000,13.3654,13.4261,13.1086,13.1967,63666.4
1711267200000,13.1967,13.4365,13.1825,13.4208,43544.8
1711281600000,13.4208,13.5748,13.3746,13.4695,60758.2
1711296000000,13.4695,13.5822,13.1632,13.4036,57652.4
1711310400000,13.4036,13.728,13.3542,13.6564,48995.3
1711324800000,13.6564,13.7086,13.5026,13.6672,50031.1
1711339200000,13.6672,13.8489,13.481,13.4879,49895.6
1711353600000,13.4879,13.8869,13.4865,13.6458,69793.5
1711368000000,13.6458,14.229,13.627,14.2222,103463.1
1711382400000,14.2222,14.5594,14.1836,14.3354,97263.3
1711396800000,14.3354,14.4106,14.0,14.0759,56645.0
1711411200000,14.0759,14.4966,14.0152,14.4589,42013.6
1711425600000,14.4589,14.7586,14.3864,14.5349,56410.6
1711440000000,14.5349,14.6242,14.3335,14.455,64208.9
1711454400000,14.455,14.455,13.6471,13.8854,137074.7
1711468800000,13.8854,13.9569,13.5991,13.7214,68216.9
1711483200000,13.7214,13.9459,13.7034,13.8615,39296.2
1711497600000,13.8615,14.1766,13.7836,14.0449,51866.6
1711512000000,14.0449,14.2164,13.7361,13.7904,56603.0
1711526400000,13.7904,14.1138,13.5274,14.104,89111.8
1711540800000,14.104,14.3458,13.4444,13.5663,229971.4
1711555200000,13.5663,14.1364,13.4453,13.8104,132774.9
1711569600000,13.8104,14.1464,13.8061,13.947,76924.4
1711584000000,13.947,14.4766,13.7699,14.0035,152950.9
1711598400000,14.0035,14.3192,13.9715,14.1181,78176.3
1711612800000,14.1181,14.1954,13.8047,13.8647,83771.7
1711627200000,13.8647,14.0467,13.6148,14.0244,88512.1
1711641600000,14.0244,14.1664,13.8653,14.1286,50245.9
1711656000000,14.1286,14.1864,13.9761,14.1545,35432.6
1711670400000,14.1545,14.6366,14.026,14.6144,106567.3
1711684800000,14.6144,14.6754,14.2258,14.4434,74227.1
1711699200000,14.4434,15.357,14.344,15.3034,308063.1
1711713600000,15.3034,15.3745,14.64,14.8005,178453.4
1711728000000,14.8005,15.0515,14.71,15.0356,99669.5
1711742400000,15.0356,15.5085,14.9939,15.236,124316.7
1711756800000,15.236,15.2959,14.7625,14.8173,84828.6
1711771200000,14.8173,14.9277,14.5873,14.5957,64331.9
1711785600000,14.5957,14.8575,14.5452,14.8522,39621.0
1711800000000,14.8522,14.8522,14.5617,14.7002,38926.9
1711814400000,14.7002,14.8227,14.5173,14.7261,40791.5
1711828800000,14.7261,14.7577,14.3695,14.4459,48362.1
1711843200000,14.4459,14.6882,14.3456,14.5588,37543.7
1711857600000,14.5588,14.8951,14.4521,14.8253,81585.0
1711872000000,14.8253,14.8451,14.4873,14.5252,33727.4
1711886400000,14.5252,14.5842,14.3687,14.376,45217.1
1711900800000,14.376,14.5279,14.3324,14.3616,68729.6
1711915200000,14.3616,14.4218,14.1895,14.3132,45449.1
1711929600000,14.3132,14.4483,14.1786,14.4068,43236.1
1711944000000,14.4068,14.4783,13.4657,13.6938,149180.7
1711958400000,13.6938,13.7056,13.359,13.4358,132978.4
1711972800000,13.4358,13.6392,12.951,13.0544,124181.7
1711987200000,13.0544,13.1783,12.7887,13.1239,87051.7
1712001600000,13.1239,13.2428,13.081,13.1532,26934.8
1712016000000,13.1532,13.2187,12.1568,12.625,149170.5
1712030400000,12.625,12.6823,12.3863,12.4139,67268.7
1712044800000,12.4139,12.4572,12.0609,12.3289,92845.2
1712059200000,12.3289,12.5202,12.1321,12.1542,91839.0
1712073600000,12.1542,12.3499,12.0037,12.2771,74782.6
1712088000000,12.2771,12.2923,12.0126,12.0542,51715.1
1712102400000,12.0542,12.3945,11.6115,12.2842,95678.7
1712116800000,12.2842,12.48,12.232,12.3517,30885.3
1712131200000,12.3517,12.4723,12.2061,12.2441,56537.6
1712145600000,12.2441,12.3481,11.9711,12.1057,71278.6
1712160000000,12.1057,12.2489,11.7672,11.9247,57857.7
1712174400000,11.9247,12.0278,11.7043,11.9441,32068.7
1712188800000,11.9441,12.0684,11.6579,11.714,35626.3
1712203200000,11.714,12.0797,11.6115,12.0227,19138.3
1712217600000,12.0227,12.1022,11.9617,12.0722,9373.8
1712232000000,12.0722,12.6528,12.0473,12.3842,29466.1
1712246400000,12.3842,12.6827,12.2989,12.5546,24073.5
1712260800000,12.5546,12.5647,12.1716,12.3023,13508.9
1712275200000,12.3023,12.3092,11.8029,12.0732,14982.0
1712289600000,12.0732,12.0822,11.6274,11.7056,18701.7
1712304000000,11.7056,11.8322,11.5,11.5069,29297.8
1712318400000,11.5069,12.0054,11.3705,12.0043,26732.0
1712332800000,12.0043,12.0301,11.834,11.8768,14700.8
1712347200000,11.8768,11.989,11.8237,11.8339,5926.6
1712361600000,11.8339,12.0279,11.731,11.975,10888.2
1712376000000,11.975,12.1325,11.9536,12.1301,10095.8
1712390400000,12.1301,12.16,11.9778,12.0452,12229.3
1712404800000,12.0452,12.0661,11.8841,12.0276,11457.0
1712419200000,12.0276,12.1307,11.9978,12.0129,10237.9
1712433600000,12.0129,12.1904,11.9506,12.026,7986.5
1712448000000,12.026,12.2332,12.0,12.2078,12234.4
1712462400000,12.2078,12.2403,12.1078,12.1858,9062.7
1712476800000,12.1858,12.2823,12.1378,12.2259,5642.6
1712491200000,12.2259,12.3239,12.1457,12.1975,14523.5
1712505600000,12.1975,12.3023,12.0609,12.0722,10135.1
1712520000000,12.0722,12.2277,12.0085,12.2118,8688.0
1712534400000,12.2118,12.2222,11.8907,11.9769,10617.4
1712548800000,11.9769,12.3481,11.944,12.305,18513.9
1712563200000,12.305,12.8624,12.2877,12.7478,41409.1
1712577600000,12.7478,12.8042,12.2507,12.3026,43404.4
1712592000000,12.3026,12.4881,12.2915,12.4648,13935.4
1712606400000,12.4648,12.5858,12.4377,12.4741,7733.2
1712620800000,12.4741,12.5323,12.2114,12.264,21475.3
1712635200000,12.264,12.4285,12.0209,12.0767,21508.5
1712649600000,12.0767,12.0767,11.8599,12.045,19816.2
1712664000000,12.045,12.0609,11.4647,11.6334,32901.3
1712678400000,11.6334,11.6675,11.4617,11.6578,14990.1
1712692800000,11.6578,11.7079,11.5079,11.5532,7809.9
1712707200000,11.5532,11.6686,11.2208,11.3995,25888.1
1712721600000,11.3995,11.5077,11.3628,11.4321,8423.4
1712736000000,11.4321,11.4321,11.1979,11.316,14180.6
1712750400000,11.316,11.334,10.7995,11.1959,32414.3
1712764800000,11.1959,11.41,11.1227,11.3093,13065.9
1712779200000,11.3093,11.5221,11.2843,11.4337,6597.4
1712793600000,11.4337,11.4368,11.2279,11.3523,10512.1
1712808000000,11.3523,11.3919,11.221,11.3539,8866.7
1712822400000,11.3539,11.4279,10.9707,10.9948,14181.7
1712836800000,10.9948,11.1684,10.8096,11.0442,37027.7
1712851200000,11.0442,11.0842,10.8457,10.9444,16119.0
1712865600000,10.9444,10.9759,10.798,10.8864,12578.0
1712880000000,10.8864,11.2021,10.878,11.1736,14495.2
1712894400000,11.1736,11.2121,10.8867,10.8967,8747.3
1712908800000,10.8967,10.9366,10.7411,10.836,12405.8
1712923200000,10.836,10.8372,10.3894,10.4958,28484.0
1712937600000,10.4958,10.7332,7.6202,8.7825,234171.2
1712952000000,8.7825,9.0581,8.6521,8.8235,59322.8
1712966400000,8.8235,9.0096,8.4068,8.9749,60800.5
1712980800000,8.9749,9.4592,8.9248,9.2938,57283.8
1712995200000,9.2938,9.9287,9.2435,9.7449,77713.4
1713009600000,9.7449,9.9921,9.5574,9.5585,47073.9
1713024000000,9.5585,9.5978,8.0877,8.5716,140101.6
1713038400000,8.5716,10.3822,7.3002,10.0345,361992.9
1713052800000,10.0345,10.1743,9.3283,9.9138,141196.7
1713067200000,9.9138,11.4421,9.8082,11.2638,188276.0
1713081600000,11.2638,11.7494,10.5791,10.6862,153472.8
1713096000000,10.6862,10.8592,10.2181,10.2861,93064.9
1713110400000,10.2861,10.5635,9.8876,10.1376,95927.0
1713124800000,10.1376,10.9879,9.8305,10.5658,74676.3
1713139200000,10.5658,10.5848,10.0209,10.0635,41735.8
1713153600000,10.0635,10.6296,9.9296,10.2919,53510.5
1713168000000,10.2919,10.4019,10.0604,10.0669,45650.6
1713182400000,10.0669,10.3377,9.5875,9.7252,72985.0
1713196800000,9.7252,9.771,9.2101,9.5349,55012.2
1713211200000,9.5349,9.8261,9.2952,9.7736,28349.6
1713225600000,9.7736,10.8382,9.6214,10.1909,78451.4
1713240000000,10.1909,10.4789,9.6976,10.4173,56529.7
1713254400000,10.4173,10.5552,9.8134,10.4548,68792.9
1713268800000,10.4548,10.6592,10.0781,10.1293,82235.5
1713283200000,10.1293,11.1953,10.0441,10.954,95917.4
1713297600000,10.954,11.5798,10.7903,11.326,66361.3
1713312000000,11.326,11.4579,10.7905,10.813,36808.0
1713326400000,10.813,11.0381,10.4453,10.6346,42332.7
1713340800000,10.6346,10.8919,10.5716,10.5862,39384.5
1713355200000,10.5862,10.6562,10.1011,10.2452,80673.4
1713369600000,10.2452,10.8283,10.1414,10.3869,57014.8
1713384000000,10.3869,10.4019,9.9014,9.9254,27983.8
1713398400000,9.9254,10.0677,9.6975,9.8939,42286.4
1713412800000,9.8939,9.9616,9.3773,9.4537,36115.7
1713427200000,9.4537,9.8518,9.3775,9.6865,34727.8
1713441600000,9.6865,10.0919,9.5218,10.0719,50006.5
1713456000000,10.0719,10.0919,9.8247,10.0458,29067.4
1713470400000,10.0458,10.1926,9.929,10.1874,14880.2
1713484800000,10.1874,10.6372,9.3217,10.5545,98635.6
1713499200000,10.5545,11.339,10.299,11.194,96903.7
1713513600000,11.194,11.3579,10.8383,10.9141,45405.6
1713528000000,10.9141,11.734,10.728,11.4352,76948.0
1713542400000,11.4352,11.4605,10.8379,10.925,28072.4
1713556800000,10.925,10.9469,10.5195,10.7165,21667.7
1713571200000,10.7165,11.2074,10.628,11.1153,26246.5
1713585600000,11.1153,11.9315,11.0733,11.8165,31660.1
1713600000000,11.8165,11.8177,11.1785,11.2255,30770.0
1713614400000,11.2255,12.1108,11.2179,11.7638,69615.5
1713628800000,11.7638,11.8009,11.5519,11.616,38233.2
1713643200000,11.616,11.9718,11.5903,11.9433,21198.4
1713657600000,11.9433,12.4286,11.7106,11.7318,56812.2
1713672000000,11.7318,11.8684,11.5494,11.6567,25121.6
1713686400000,11.6567,11.8496,11.5898,11.7358,22370.2
1713700800000,11.7358,12.2004,11.4415,11.9741,45103.9
1713715200000,11.9741,11.9741,11.3347,11.3459,34471.4
1713729600000,11.3459,11.6722,11.3015,11.5233,23403.2
1713744000000,11.5233,11.7322,11.3219,11.5147,26530.6
1713758400000,11.5147,11.6722,11.3979,11.4418,26951.2
1713772800000,11.4418,11.8009,11.421,11.6744,27831.5
1713787200000,11.6744,11.7205,11.4204,11.5847,22837.1
1713801600000,11.5847,11.7619,11.4018,11.4252,21737.8
1713816000000,11.4252,11.5798,11.392,11.4437,11020.1
1713830400000,11.4437,11.7522,11.1313,11.1664,30335.1
1713844800000,11.1664,11.2582,10.8871,10.9147,33106.7
1713859200000,10.9147,11.3291,10.8506,11.2386,45144.2
1713873600000,11.2386,11.9614,11.2203,11.6247,53609.2
1713888000000,11.6247,11.6601,11.3713,11.5242,13879.7
1713902400000,11.5242,12.1915,11.4379,12.0128,28117.8
1713916800000,12.0128,12.2423,11.8117,11.8118,34279.0
1713931200000,11.8118,12.2,11.7721,11.8656,28501.8
1713945600000,11.8656,11.9388,11.661,11.7657,18717.2
1713960000000,11.7657,11.8085,11.1875,11.214,41458.3
1713974400000,11.214,11.3196,10.9646,11.2532,32496.7
1713988800000,11.2532,11.2971,10.8897,11.0546,21836.8
1714003200000,11.0546,11.141,10.7298,10.7768,22133.4
1714017600000,10.7768,10.9329,10.6229,10.8458,12026.1
1714032000000,10.8458,10.9426,10.628,10.6624,16589.1
1714046400000,10.6624,10.862,10.5678,10.8455,30786.3
1714060800000,10.8455,11.0687,10.8208,10.9426,26453.6
1714075200000,10.9426,11.042,10.6713,10.6762,7816.6
1714089600000,10.6762,10.6974,10.2907,10.537,23441.8
1714104000000,10.537,10.7118,10.4686,10.5326,11795.0
1714118400000,10.5326,10.6101,10.3818,10.4239,9361.2
1714132800000,10.4239,10.6434,10.2411,10.4654,18400.0
1714147200000,10.4654,10.582,10.4067,10.47,7427.2
1714161600000,10.47,10.592,10.4088,10.5245,8282.4
1714176000000,10.5245,10.5913,9.9352,10.0739,49018.1
1714190400000,10.0739,10.1386,9.9791,10.0456,10883.8
1714204800000,10.0456,10.1379,9.93,10.0327,9922.7
1714219200000,10.0327,10.2651,9.9937,10.0837,9928.5
1714233600000,10.0837,10.4269,10.0487,10.2649,9707.4
1714248000000,10.2649,10.3467,10.2122,10.287,5507.7
1714262400000,10.287,10.5544,10.2807,10.478,11448.7
1714276800000,10.478,10.4877,10.385,10.4267,6628.1
1714291200000,10.4267,10.4454,10.2512,10.2954,8930.5
1714305600000,10.2954,10.4422,10.2717,10.3031,7921.0
1714320000000,10.3031,10.4219,10.2781,10.3407,6840.4
1714334400000,10.3407,10.3564,9.9813,10.0452,10238.7
1714348800000,10.0452,10.1819,9.6214,9.6354,50089.3
1714363200000,9.6354,9.8073,9.5622,9.616,20730.5
1714377600000,9.616,9.7305,9.5008,9.5648,25076.0
1714392000000,9.5648,9.7309,9.478,9.6042,23663.6
1714406400000,9.6042,9.7025,9.3683,9.7015,25270.8
1714420800000,9.7015,9.8689,9.5477,9.767,13639.4
1714435200000,9.767,9.8689,9.5694,9.7656,14435.6
1714449600000,9.7656,9.869,9.6678,9.7438,10051.5
1714464000000,9.7438,9.7791,9.3544,9.3948,38158.4
1714478400000,9.3948,9.4567,9.0583,9.106,35176.3
1714492800000,9.106,9.3818,8.9278,9.2432,39373.5
1714507200000,9.2432,9.6218,9.2432,9.4762,17931.4
1714521600000,9.4762,9.5199,9.2385,9.4401,11895.2
1714536000000,9.4401,9.5018,8.9386,9.1446,25745.8
1714550400000,9.1446,9.4542,9.0435,9.4456,26355.1
1714564800000,9.4456,9.7043,9.3881,9.4255,39227.9
1714579200000,9.4255,10.0,9.3159,9.6641,36275.8
1714593600000,9.6641,9.7513,9.5989,9.7045,9699.0
1714608000000,9.7045,9.7279,9.3506,9.5528,15851.8
1714622400000,9.5528,9.843,9.5162,9.7364,10619.2
1714636800000,9.7364,10.3153,9.681,10.2851,34660.6
1714651200000,10.2851,10.3593,10.0787,10.194,22316.7
1714665600000,10.194,10.2633,10.0581,10.155,18064.4
1714680000000,10.155,10.2895,10.0925,10.1418,9098.1
1714694400000,10.1418,10.4671,10.0681,10.1748,23064.1
1714708800000,10.1748,10.218,9.8379,9.8562,21367.6
1714723200000,9.8562,9.9648,9.7762,9.7855,12368.0
1714737600000,9.7855,10.0719,9.7489,9.9951,37179.1
1714752000000,9.9951,10.2498,9.9506,10.046,29970.0
1714766400000,10.046,10.2319,10.0221,10.1275,18719.7
1714780800000,10.1275,10.2385,9.9716,10.0551,19159.3
1714795200000,10.0551,10.1119,9.9982,10.0048,8528.8
1714809600000,10.0048,10.2905,10.0048,10.1878,19732.3
1714824000000,10.1878,10.2819,10.0108,10.0836,15351.7
1714838400000,10.0836,10.1735,10.0008,10.1649,14052.1
1714852800000,10.1649,10.1783,10.0207,10.0349,7026.1
1714867200000,10.0349,10.0869,9.8,9.8645,13439.8
1714881600000,9.8645,9.9918,9.8153,9.9536,7915.8
1714896000000,9.9536,10.8016,9.9307,10.5936,44876.7
1714910400000,10.5936,10.6363,10.1581,10.3545,36682.4
1714924800000,10.3545,10.4419,10.1872,10.2264,12983.7
1714939200000,10.2264,10.2792,10.1382,10.2347,6989.7
1714953600000,10.2347,10.4095,10.1799,10.2377,9853.9
1714968000000,10.2377,10.4607,10.1881,10.4594,19227.4
1714982400000,10.4594,10.6885,10.2727,10.4625,30283.3
1714996800000,10.4625,10.5542,10.0617,10.2447,33896.9
1715011200000,10.2447,10.5114,10.1891,10.2644,21121.7
1715025600000,10.2644,10.3897,10.1801,10.207,6695.1
1715040000000,10.207,10.3371,9.8304,9.8625,25713.0
1715054400000,9.8625,10.0191,9.7883,9.9558,24827.7
1715068800000,9.9558,10.1422,9.8216,9.8348,24563.5
1715083200000,9.8348,10.0019,9.7807,9.7867,24082.5
1715097600000,9.7867,9.8491,9.6413,9.6965,16772.2
1715112000000,9.6965,9.7298,9.4413,9.4549,22465.5
1715126400000,9.4549,9.5468,9.3101,9.5165,16462.8
1715140800000,9.5165,9.553,9.4183,9.4635,10741.9
1715155200000,9.4635,9.5072,9.3522,9.3543,16704.7
1715169600000,9.3543,9.6695,9.3154,9.6182,29284.3
1715184000000,9.6182,9.6452,9.4896,9.565,13522.3
1715198400000,9.565,9.6072,9.3017,9.3917,19555.5
1715212800000,9.3917,9.5768,9.3746,9.5552,7031.5
1715227200000,9.5552,9.5966,9.4195,9.4549,11264.8
1715241600000,9.4549,9.5463,9.2566,9.384,11483.2
1715256000000,9.384,9.4618,9.2557,9.4151,15283.5
1715270400000,9.4151,9.594,9.3161,9.5657,10767.7
1715284800000,9.5657,9.7162,9.504,9.625,8942.8
1715299200000,9.625,9.7494,9.5578,9.7238,8731.0
1715313600000,9.7238,9.8689,9.685,9.7932,18546.6
1715328000000,9.7932,9.8591,9.7482,9.8541,8984.9
1715342400000,9.8541,9.8962,9.23,9.2517,42708.2
1715356800000,9.2517,9.3139,9.0567,9.0841,20067.7
1715371200000,9.0841,9.1481,9.0007,9.1161,8554.2
1715385600000,9.1161,9.31,9.0929,9.1773,10583.5
1715400000000,9.1773,9.2639,9.1712,9.234,5312.7
1715414400000,9.234,9.2517,9.0117,9.0869,7886.0
1715428800000,9.0869,9.2217,9.0564,9.1643,9098.9
1715443200000,9.1643,9.2212,9.1383,9.1458,4207.6
1715457600000,9.1458,9.1475,9.023,9.0569,3811.4
1715472000000,9.0569,9.1017,9.023,9.0728,3494.4
1715486400000,9.0728,9.1417,9.0007,9.0156,6810.3
1715500800000,9.0156,9.175,8.9723,9.1031,7036.6
1715515200000,9.1031,9.2371,9.092,9.1963,7704.9
1715529600000,9.1963,9.2689,9.1157,9.1473,6371.4
1715544000000,9.1473,9.1756,9.0797,9.1345,3532.5
1715558400000,9.1345,9.2338,8.6396,8.8883,24094.6
1715572800000,8.8883,9.2906,8.8104,9.2647,23857.1
1715587200000,9.2647,9.385,9.0,9.0361,21576.5
1715601600000,9.0361,9.1275,8.9732,9.0446,13604.9
1715616000000,9.0446,9.1546,8.8461,8.9438,13811.3
1715630400000,8.9438,8.9674,8.8643,8.9358,12959.6
1715644800000,8.9358,8.9834,8.7376,8.7848,9085.0
1715659200000,8.7848,8.9113,8.6391,8.7875,10135.1
1715673600000,8.7875,8.7878,8.5784,8.5954,14608.7
1715688000000,8.5954,8.6548,8.2894,8.3362,23427.5
1715702400000,8.3362,8.3407,8.2005,8.2837,11639.9
1715716800000,8.2837,8.3267,8.1509,8.1554,8162.0
1715731200000,8.1554,8.3416,8.1136,8.3416,12770.8
1715745600000,8.3416,8.3416,8.1796,8.1796,10889.3
1715760000000,8.1796,8.2184,8.0097,8.0998,18807.7
1715774400000,8.0998,8.7316,8.0785,8.6868,58678.7
1715788800000,8.6868,9.0784,8.6313,9.0784,27851.6
1715803200000,9.0784,9.1479,8.8897,8.9037,38906.5
1715817600000,8.9037,9.01,8.8203,8.9434,26428.8
1715832000000,8.9434,9.1546,8.8677,9.1148,17415.4
1715846400000,9.1148,9.2338,9.01,9.0945,15922.5
1715860800000,9.0945,9.0975,8.6245,8.7726,24770.4
1715875200000,8.7726,9.0302,8.7507,9.0154,13791.7
1715889600000,9.0154,9.0267,8.8664,8.9737,6784.6
1715904000000,8.9737,9.1508,8.9646,9.0033,14084.1
1715918400000,9.0033,9.4028,8.8983,9.3526,25664.7
1715932800000,9.3526,9.382,9.0613,9.1353,16835.9
1715947200000,9.1353,9.4595,9.1085,9.4235,28620.8
1715961600000,9.4235,9.8413,9.3928,9.685,40700.8
1715976000000,9.685,9.8203,9.4289,9.4751,16498.4
1715990400000,9.4751,9.5528,9.3797,9.5383,12566.2
1716004800000,9.5383,9.5527,9.357,9.3735,10739.0
1716019200000,9.3735,9.6451,9.3572,9.5166,15865.8
1716033600000,9.5166,9.5377,9.3298,9.4647,14999.2
1716048000000,9.4647,9.6563,9.4624,9.5253,10712.6
1716062400000,9.5253,9.5718,9.4782,9.5118,3413.1
1716076800000,9.5118,9.5931,9.4493,9.4876,5384.7
1716091200000,9.4876,9.4876,9.3799,9.4453,4059.1
1716105600000,9.4453,9.4518,9.1936,9.234,12755.8
1716120000000,9.234,9.2361,9.0084,9.0563,15502.5
1716134400000,9.0563,9.0767,8.8109,8.8153,17242.6
1716148800000,8.8153,8.8453,8.7216,8.8257,5935.2
1716163200000,8.8257,8.8265,8.5168,8.6747,19606.4
1716177600000,8.6747,8.9321,8.5841,8.7677,22147.5
1716192000000,8.7677,8.8356,8.7098,8.7347,13406.1
1716206400000,8.7347,8.8008,8.5804,8.7999,22182.2
1716220800000,8.7999,9.2814,8.7684,9.2708,35535.3
1716235200000,9.2708,9.6418,9.1412,9.624,56203.8
1716249600000,9.624,9.9797,9.5118,9.6252,35493.8
1716264000000,9.6252,9.7215,9.4589,9.5764,31079.4
1716278400000,9.5764,9.7005,9.5271,9.5668,20682.1
1716292800000,9.5668,9.8818,9.4862,9.6118,43282.1
1716307200000,9.6118,9.9556,9.5116,9.5662,37036.3
1716321600000,9.5662,9.7585,9.5252,9.7264,13386.6
1716336000000,9.7264,9.8516,9.5114,9.6006,14908.0
1716350400000,9.6006,9.7931,9.3535,9.6261,17367.1
1716364800000,9.6261,9.9389,9.5016,9.5016,27687.3
1716379200000,9.5016,10.3282,9.3073,10.0984,65756.1
1716393600000,10.0984,10.1501,9.566,9.5944,42363.4
1716408000000,9.5944,9.7218,9.4486,9.5728,16148.5
1716422400000,9.5728,9.799,9.4361,9.7649,20045.5
1716436800000,9.7649,9.7905,9.5476,9.685,38738.3
1716451200000,9.685,9.7296,9.4782,9.6857,14797.6
1716465600000,9.6857,9.7418,9.1017,9.164,39545.5
1716480000000,9.164,9.2492,8.9115,9.0044,25974.4
1716494400000,9.0044,9.3124,8.6248,9.2147,37213.1
1716508800000,9.2147,9.31,9.1483,9.2624,8420.0
1716523200000,9.2624,9.3385,8.9213,9.0447,13624.9
1716537600000,9.0447,9.0617,8.8816,8.9844,10785.3
1716552000000,8.9844,8.9917,8.7923,8.8143,20271.7
1716566400000,8.8143,9.0185,8.6991,8.8715,16856.3
1716580800000,8.8715,8.9104,8.8239,8.8862,7275.9
1716595200000,8.8862,9.0,8.8443,8.9878,11420.6
1716609600000,8.9878,9.0517,8.9651,8.9934,9392.9
1716624000000,8.9934,9.0817,8.9516,8.9842,11709.4
1716638400000,8.9842,9.0899,8.9083,9.0556,17107.3
1716652800000,9.0556,9.1502,9.0436,9.0755,10447.0
1716667200000,9.0755,9.1059,9.0183,9.095,7382.0
1716681600000,9.095,9.2217,9.0306,9.1241,12005.7
1716696000000,9.1241,9.387,9.0483,9.2745,19985.5
1716710400000,9.2745,9.3645,9.1081,9.1744,18454.7
1716724800000,9.1744,9.3182,9.0711,9.2254,20189.6
1716739200000,9.2254,9.322,9.1214,9.294,19516.3
1716753600000,9.294,9.4297,9.2008,9.3234,11892.2
1716768000000,9.3234,9.4226,9.241,9.2946,13849.1
1716782400000,9.2946,9.3355,9.1017,9.1854,11976.6
1716796800000,9.1854,9.2152,9.0916,9.1741,15118.2
1716811200000,9.1741,9.4413,9.1183,9.4346,20828.3
1716825600000,9.4346,9.6803,9.4344,9.5082,30631.7
1716840000000,9.5082,10.2519,9.4813,10.1652,55205.1
1716854400000,10.1652,10.2194,9.7222,9.7853,40115.7
1716868800000,9.7853,9.8785,9.6107,9.7352,21707.2
1716883200000,9.7352,10.8091,9.7247,10.6545,126181.7
1716897600000,10.6545,11.1878,10.4281,11.1383,153016.9
1716912000000,11.1383,11.8688,10.8317,11.6512,146441.7
1716926400000,11.6512,11.7865,11.2585,11.6673,77820.4
1716940800000,11.6673,11.7072,11.0784,11.3457,50653.7
1716955200000,11.3457,11.5804,11.2851,11.4579,34805.6
1716969600000,11.4579,11.81,11.159,11.4539,82793.5
1716984000000,11.4539,11.9522,10.968,10.9701,93401.6
1716998400000,10.9701,11.0406,10.672,10.7635,50876.1
1717012800000,10.7635,10.832,10.6816,10.7641,14189.2
1717027200000,10.7641,11.2198,10.7525,11.1525,25953.9
1717041600000,11.1525,11.4592,10.9392,10.9398,47408.1
1717056000000,10.9398,11.5885,10.9286,11.3366,57089.6
1717070400000,11.3366,11.5508,10.7595,10.805,61724.7
1717084800000,10.805,11.2317,10.7714,10.7932,28724.2
1717099200000,10.7932,10.802,10.5287,10.6832,22893.2
1717113600000,10.6832,10.9993,10.6416,10.988,19939.9
1717128000000,10.988,11.0096,10.5111,10.616,32894.8
1717142400000,10.616,10.7688,10.568,10.5866,16182.2
1717156800000,10.5866,10.682,10.3707,10.4546,28331.2
1717171200000,10.4546,10.7491,10.3919,10.5449,24133.3
1717185600000,10.5449,10.6105,10.4814,10.5388,9957.1
1717200000000,10.5388,10.662,10.511,10.5564,8823.0
1717214400000,10.5564,10.6688,10.4715,10.5572,11650.6
1717228800000,10.5572,10.6397,10.4713,10.4714,9665.4
1717243200000,10.4714,10.8516,10.471,10.6838,17783.2
1717257600000,10.6838,11.3521,10.675,11.2108,62095.3
1717272000000,11.2108,11.4779,11.1727,11.3621,22473.8
1717286400000,11.3621,11.5883,11.2413,11.2944,22862.2
1717300800000,11.2944,11.4912,11.2944,11.3451,14098.7
1717315200000,11.3451,11.478,11.0691,11.1378,21232.8
1717329600000,11.1378,11.189,10.9703,11.1679,15914.8
1717344000000,11.1679,11.7222,11.0116,11.6739,46686.9
1717358400000,11.6739,11.848,11.4107,11.7678,23802.6
1717372800000,11.7678,11.7783,11.1015,11.117,35992.9
1717387200000,11.117,11.3109,11.0316,11.0746,21095.2
1717401600000,11.0746,11.1392,10.9644,11.0053,16277.9
1717416000000,11.0053,11.2583,10.858,11.0049,30005.5
1717430400000,11.0049,11.072,10.9165,10.9845,11162.8
1717444800000,10.9845,11.042,10.7288,10.7646,11539.7
1717459200000,10.7646,10.902,10.7011,10.8654,16993.4
1717473600000,10.8654,10.8981,10.7777,10.7831,10115.0
1717488000000,10.7831,10.8447,10.7085,10.746,12909.7
1717502400000,10.746,10.8888,10.6416,10.8885,20985.9
1717516800000,10.8885,10.9487,10.5351,10.6683,23468.3
1717531200000,10.6683,10.752,10.6115,10.7227,8275.1
1717545600000,10.7227,11.0853,10.718,10.8456,25113.9
1717560000000,10.8456,11.0849,10.5505,11.0267,45385.1
1717574400000,11.0267,11.0886,10.3302,10.5947,60773.1
1717588800000,10.5947,10.622,10.4414,10.493,28059.7
1717603200000,10.493,10.5304,10.4416,10.495,19108.3
1717617600000,10.495,10.511,10.3903,10.4755,10872.0
1717632000000,10.4755,10.5254,10.4196,10.4311,18417.9
1717646400000,10.4311,10.4418,10.137,10.4209,24640.1
1717660800000,10.4209,10.4734,10.3581,10.4031,15501.4
1717675200000,10.4031,10.4319,10.3329,10.3757,16474.5
1717689600000,10.3757,10.405,10.2417,10.2745,11077.8
1717704000000,10.2745,10.4619,10.1819,10.4363,10035.9
1717718400000,10.4363,10.5523,10.351,10.388,10157.1
1717732800000,10.388,10.852,10.3843,10.795,36276.1
1717747200000,10.795,10.8283,10.5871,10.8129,24143.9
1717761600000,10.8129,11.0221,10.5714,10.9414,42057.1
1717776000000,10.9414,10.9472,8.785,9.6757,111699.9
1717790400000,9.6757,9.777,9.5913,9.6666,18011.1
1717804800000,9.6666,9.75,9.5706,9.6841,15163.0
1717819200000,9.6841,9.8301,9.6516,9.7604,18759.8
1717833600000,9.7604,9.7608,9.3211,9.3546,22447.4
1717848000000,9.3546,9.4486,9.1691,9.3631,23929.4
1717862400000,9.3631,9.4017,9.1113,9.174,22957.8
1717876800000,9.174,9.204,9.0113,9.0738,13342.2
1717891200000,9.0738,9.1084,8.9006,9.0131,16679.4
1717905600000,9.0131,9.1734,8.9381,9.1283,12558.1
1717920000000,9.1283,9.1624,9.0783,9.0839,8992.1
1717934400000,9.0839,9.1788,8.9797,9.1132,20143.5
1717948800000,9.1132,9.1546,9.0576,9.0853,8002.3
1717963200000,9.0853,9.1084,9.0278,9.0654,5628.9
1717977600000,9.0654,9.066,8.9153,8.954,11833.9
1717992000000,8.954,9.0717,8.8313,8.8476,18883.8
1718006400000,8.8476,9.3433,8.8431,9.2713,23251.8
1718020800000,9.2713,9.2889,8.9783,9.2283,25169.2
1718035200000,9.2283,9.2517,9.023,9.0438,15661.1
1718049600000,9.0438,9.0621,8.9254,8.9759,10230.4
1718064000000,8.9759,9.0886,8.6168,8.854,34460.6
1718078400000,8.854,8.9221,8.7545,8.8645,17759.5
1718092800000,8.8645,9.1392,8.8163,8.9,38089.2
1718107200000,8.9,8.9017,8.3333,8.4862,56925.3
1718121600000,8.4862,8.6796,8.3497,8.5156,27895.5
1718136000000,8.5156,8.5734,8.4066,8.4241,8316.4
1718150400000,8.4241,8.4935,8.1369,8.4828,21243.7
1718164800000,8.4828,8.5233,8.4122,8.4657,13625.7
1718179200000,8.4657,8.4994,8.298,8.3651,34297.2
1718193600000,8.3651,8.9292,8.3612,8.8034,74576.9
1718208000000,8.8034,9.0512,8.4876,8.5566,77794.5
1718222400000,8.5566,8.7594,8.5007,8.7141,16294.5
1718236800000,8.7141,8.7589,8.1113,8.2362,31168.0
1718251200000,8.2362,8.2915,8.1372,8.2131,15536.5
1718265600000,8.2131,8.2419,8.0199,8.0737,24681.2
1718280000000,8.0737,8.2909,7.9784,7.9795,41249.5
1718294400000,7.9795,8.1409,7.9039,7.994,28055.8
1718308800000,7.994,8.0294,7.8005,7.8592,16084.5
1718323200000,7.8592,8.0215,7.7787,7.9041,21349.8
1718337600000,7.9041,8.0226,7.8908,7.9643,14106.2
1718352000000,7.9643,8.0398,7.9402,8.0158,12225.0
1718366400000,8.0158,8.0615,7.6792,7.7853,28453.3
1718380800000,7.7853,7.802,7.3412,7.4967,51740.1
1718395200000,7.4967,7.7069,7.4696,7.6444,15488.1
1718409600000,7.6444,7.7314,7.6022,7.6597,7982.4
1718424000000,7.6597,7.7591,7.6112,7.7029,10360.9
1718438400000,7.7029,7.7254,7.6298,7.6851,7637.1
1718452800000,7.6851,7.86,7.6663,7.7541,11887.9
1718467200000,7.7541,7.7827,7.6586,7.694,11059.5
1718481600000,7.694,7.7044,7.6304,7.666,7107.8
1718496000000,7.666,7.6773,7.5307,7.5561,8867.0
1718510400000,7.5561,7.7831,7.5012,7.7361,10982.9
1718524800000,7.7361,7.9015,7.7011,7.8322,12140.9
1718539200000,7.8322,7.9392,7.8108,7.9354,10983.3
1718553600000,7.9354,8.0496,7.8777,8.0305,13443.5
1718568000000,8.0305,8.2097,8.014,8.2011,16499.6
1718582400000,8.2011,8.3317,7.9258,7.9328,29029.9
1718596800000,7.9328,8.0494,7.7296,7.7507,24659.9
1718611200000,7.7507,7.7827,7.2435,7.4053,48725.2
1718625600000,7.4053,7.5307,7.2858,7.306,29542.1
1718640000000,7.306,7.6595,7.0775,7.6046,39373.5
1718654400000,7.6046,7.6216,7.221,7.2549,23017.2
1718668800000,7.2549,7.2857,6.0305,6.6415,119425.5
1718683200000,6.6415,6.7327,6.5791,6.6162,27455.0
1718697600000,6.6162,6.6446,6.4264,6.534,25716.8
1718712000000,6.534,6.5795,6.3012,6.4753,54197.0
1718726400000,6.4753,6.4778,6.0608,6.2409,48619.4
1718740800000,6.2409,6.4899,6.1668,6.4064,28343.2
1718755200000,6.4064,6.601,6.3012,6.4947,38795.2
1718769600000,6.4947,6.6012,6.4795,6.5342,34241.4
1718784000000,6.5342,6.5462,6.4009,6.4836,27057.0
1718798400000,6.4836,6.6323,6.4009,6.4436,36425.6
1718812800000,6.4436,6.6185,6.4041,6.5627,21316.9
1718827200000,6.5627,6.639,6.4753,6.5237,19508.2
1718841600000,6.5237,6.6597,6.4324,6.5669,29056.9
1718856000000,6.5669,6.7923,6.4943,6.7742,30233.7
1718870400000,6.7742,6.802,6.6094,6.6831,27753.3
1718884800000,6.6831,6.7313,6.3403,6.3505,42874.7
1718899200000,6.3505,6.5353,6.2384,6.4764,25203.0
1718913600000,6.4764,6.4888,6.3503,6.3639,12234.5
1718928000000,6.3639,6.4996,6.2893,6.3967,23438.7
1718942400000,6.3967,6.4837,6.3075,6.3344,16842.4
1718956800000,6.3344,6.6348,6.2602,6.5642,48627.7
1718971200000,6.5642,6.6179,6.3903,6.4448,34906.8
1718985600000,6.4448,6.484,6.3129,6.4358,20164.6
1719000000000,6.4358,6.4701,6.3734,6.4153,10604.4
1719014400000,6.4153,6.4159,6.2743,6.3156,14137.0
1719028800000,6.3156,6.3333,6.2599,6.2763,8394.0
1719043200000,6.2763,6.3012,6.2088,6.296,9450.8
1719057600000,6.296,6.2995,6.2594,6.2846,8039.7
1719072000000,6.2846,6.3621,6.2688,6.3352,9817.3
1719086400000,6.3352,6.3912,6.2625,6.3345,7094.9
1719100800000,6.3345,6.5123,6.313,6.5063,12976.7
1719115200000,6.5063,6.5312,6.4642,6.4946,11744.7
1719129600000,6.4946,6.5512,6.4009,6.4427,11961.5
1719144000000,6.4427,6.4491,6.2255,6.2344,18585.3
1719158400000,6.2344,6.2475,6.0855,6.1639,21804.8
1719172800000,6.1639,6.1712,6.0435,6.0878,14701.1
1719187200000,6.0878,6.1612,6.0208,6.0938,17714.0
1719201600000,6.0938,6.1161,5.8965,6.0789,37305.8
1719216000000,6.0789,6.2905,5.7425,6.2588,57413.2
1719230400000,6.2588,6.4823,6.2588,6.3365,42815.4
1719244800000,6.3365,6.4821,6.3,6.365,43814.2
1719259200000,6.365,6.739,6.293,6.7174,41246.2
1719273600000,6.7174,6.9394,6.6785,6.8693,24761.3
1719288000000,6.8693,6.9613,6.7564,6.7751,25239.7
1719302400000,6.7751,6.9253,6.7287,6.9153,22613.5
1719316800000,6.9153,7.087,6.893,7.0341,26749.8
1719331200000,7.0341,7.055,6.8988,6.9387,12794.5
1719345600000,6.9387,6.9613,6.7912,6.8013,9756.6
1719360000000,6.8013,6.8692,6.6987,6.7156,13752.4
1719374400000,6.7156,6.7313,6.6268,6.7256,11986.9
1719388800000,6.7256,6.7713,6.565,6.5748,22843.1
1719403200000,6.5748,6.671,6.4639,6.4825,27894.2
1719417600000,6.4825,6.5083,6.3122,6.4341,29654.0
1719432000000,6.4341,6.5012,6.4139,6.4253,16210.4
1719446400000,6.4253,6.4312,6.3546,6.3844,16117.1
1719460800000,6.3844,6.4764,6.3027,6.3071,54291.2
1719475200000,6.3071,6.3905,6.2941,6.3031,29997.3
1719489600000,6.3031,6.534,6.2264,6.2675,62316.0
1719504000000,6.2675,6.322,6.2413,6.2766,20639.6
1719518400000,6.2766,6.4022,6.264,6.3131,22306.3
1719532800000,6.3131,6.4963,6.247,6.333,15302.9
1719547200000,6.333,6.3579,6.2377,6.3328,10844.0
1719561600000,6.3328,6.4706,6.2712,6.3661,17502.2
1719576000000,6.3661,6.3901,6.1724,6.3154,26824.2
1719590400000,6.3154,6.3333,6.0966,6.1237,12725.3
1719604800000,6.1237,6.161,6.0319,6.0673,8994.2
1719619200000,6.0673,6.299,6.0504,6.2464,19844.1
1719633600000,6.2464,6.274,6.147,6.2144,13640.0
1719648000000,6.2144,6.243,6.1751,6.1791,14359.7
1719662400000,6.1791,6.2426,6.1152,6.2233,15465.5
1719676800000,6.2233,6.2305,6.0698,6.1157,10307.9
1719691200000,6.1157,6.1277,6.0066,6.0443,9995.2
1719705600000,6.0443,6.1151,6.0126,6.0979,13964.8
1719720000000,6.0979,6.2296,5.9873,6.1566,18004.5
1719734400000,6.1566,6.1896,6.102,6.1131,10197.1
1719748800000,6.1131,6.2169,6.0765,6.1903,17733.5
1719763200000,6.1903,6.2097,6.1253,6.1669,11459.5
1719777600000,6.1669,6.2881,6.1051,6.2001,22951.0
1719792000000,6.2001,6.3213,6.1752,6.2402,24650.7
1719806400000,6.2402,6.2675,6.1733,6.2283,15679.5
1719820800000,6.2283,6.2386,5.7735,5.8328,49692.2
1719835200000,5.8328,5.8569,5.6396,5.7016,56938.5
1719849600000,5.7016,5.9909,5.6907,5.9673,48983.1
1719864000000,5.9673,5.9715,5.7671,5.8063,15352.6
1719878400000,5.8063,5.8216,5.7359,5.7766,13876.0
1719892800000,5.7766,5.9301,5.7599,5.8277,18239.5
1719907200000,5.8277,5.8761,5.8039,5.8515,11963.0
1719921600000,5.8515,5.9826,5.7859,5.8309,28287.1
1719936000000,5.8309,5.9319,5.737,5.9222,17119.8
1719950400000,5.9222,5.9275,5.8223,5.8259,11118.0
1719964800000,5.8259,5.9069,5.6147,5.7305,21975.1
1719979200000,5.7305,5.811,5.6959,5.7928,10363.7
1719993600000,5.7928,5.9493,5.6326,5.7217,49375.1
1720008000000,5.7217,5.7217,5.4519,5.5231,41666.3
1720022400000,5.5231,5.5834,5.338,5.3801,19525.3
1720036800000,5.3801,5.3955,5.2791,5.3076,23336.7
1720051200000,5.3076,5.3337,5.0093,5.1941,52468.2
1720065600000,5.1941,5.202,4.9868,5.0232,37441.5
1720080000000,5.0232,5.1401,4.9353,5.039,36467.7
1720094400000,5.039,5.0512,4.7368,4.9451,54250.4
1720108800000,4.9451,5.0362,4.8755,4.9641,20634.8
1720123200000,4.9641,5.0839,4.8459,4.9053,33587.9
1720137600000,4.9053,4.9255,4.1585,4.3178,135068.8
1720152000000,4.3178,4.6082,4.2195,4.4912,61383.8
1720166400000,4.4912,4.9386,4.3548,4.8893,75813.9
1720180800000,4.8893,5.0559,4.8235,4.974,49640.0
1720195200000,4.974,4.9986,4.7949,4.8753,37104.0
1720209600000,4.8753,4.9112,4.8051,4.8176,13226.7
1720224000000,4.8176,4.9963,4.7604,4.8805,36150.1
1720238400000,4.8805,4.992,4.8204,4.9803,12020.8
1720252800000,4.9803,5.2841,4.9502,5.2834,31527.9
1720267200000,5.2834,5.6026,5.2423,5.5188,93837.1
1720281600000,5.5188,5.5693,5.3682,5.5112,37245.6
1720296000000,5.5112,5.6301,5.5112,5.5951,21547.5
1720310400000,5.5951,5.5951,5.432,5.5086,18475.4
1720324800000,5.5086,5.5147,5.2926,5.3567,26154.2
1720339200000,5.3567,5.4117,5.2995,5.3306,16068.3
1720353600000,5.3306,5.3588,5.1238,5.198,39334.4
1720368000000,5.198,5.347,5.1792,5.2623,17627.8
1720382400000,5.2623,5.2838,5.0583,5.0867,20973.5
1720396800000,5.0867,5.1624,4.8899,5.0906,38750.1
1720411200000,5.0906,5.4575,5.0449,5.4537,34889.7
1720425600000,5.4537,6.2798,5.4242,6.0472,128641.9
1720440000000,6.0472,6.0836,5.6399,5.7501,79360.3
1720454400000,5.7501,6.1626,5.7132,6.0784,70510.5
1720468800000,6.0784,6.104,5.8902,6.0561,36548.7
1720483200000,6.0561,6.3811,5.9703,6.0866,67262.7
1720497600000,6.0866,6.2061,6.0432,6.1403,36419.9
1720512000000,6.1403,6.5149,6.0856,6.4696,77355.8
1720526400000,6.4696,6.9404,6.4536,6.6626,110746.5
1720540800000,6.6626,7.2118,6.5779,7.1468,107355.6
1720555200000,7.1468,7.3587,7.0527,7.2523,47869.7
1720569600000,7.2523,7.3837,7.0744,7.3152,57277.8
1720584000000,7.3152,7.4358,6.9051,6.9449,69437.2
1720598400000,6.9449,6.9659,6.5991,6.6393,60777.7
1720612800000,6.6393,6.7255,6.5752,6.656,39051.8
1720627200000,6.656,6.9024,6.6555,6.8788,42372.0
1720641600000,6.8788,6.889,6.7697,6.8299,16462.9
1720656000000,6.8299,7.2329,6.7523,6.8264,57943.9
1720670400000,6.8264,7.0931,6.8201,7.0768,41188.5
1720684800000,7.0768,7.0996,6.7611,6.8017,27776.9
1720699200000,6.8017,6.9133,6.6221,6.6475,48374.3
1720713600000,6.6475,6.7446,6.5773,6.6073,25187.4
1720728000000,6.6073,6.6126,6.2935,6.4392,40379.3
1720742400000,6.4392,6.467,6.2726,6.331,22602.8
1720756800000,6.331,6.625,6.2507,6.5961,35639.6
1720771200000,6.5961,6.6461,6.4678,6.6328,37447.2
1720785600000,6.6328,6.7214,6.3765,6.4175,40736.4
1720800000000,6.4175,6.4548,6.2562,6.2663,47102.8
1720814400000,6.2663,6.3844,6.2422,6.3666,18981.2
1720828800000,6.3666,6.4846,6.3119,6.3826,9915.6
1720843200000,6.3826,6.4457,6.3112,6.4142,15693.6
1720857600000,6.4142,6.4469,6.3449,6.4175,12527.5
1720872000000,6.4175,6.4417,6.0288,6.1355,75340.8
1720886400000,6.1355,6.238,6.0851,6.1489,20829.8
1720900800000,6.1489,6.2292,6.0418,6.088,22880.6
1720915200000,6.088,6.2321,6.0874,6.189,20470.4
1720929600000,6.189,6.2983,6.1585,6.2144,26821.4
1720944000000,6.2144,6.3959,6.2114,6.3857,28757.7
1720958400000,6.3857,6.3888,6.1141,6.2002,25069.3
1720972800000,6.2002,6.3158,6.0851,6.1044,25808.7
1720987200000,6.1044,6.411,6.0963,6.3248,27279.1
1721001600000,6.3248,6.6136,6.2782,6.3823,45564.2
1721016000000,6.3823,6.6099,6.2666,6.5499,35926.0
1721030400000,6.5499,6.5515,6.2725,6.3351,37642.7
1721044800000,6.3351,6.6187,6.3132,6.578,41355.3
1721059200000,6.578,6.8544,6.4403,6.5462,59528.2
1721073600000,6.5462,6.9796,6.5057,6.8476,38085.3
1721088000000,6.8476,6.8817,6.626,6.7392,29127.0
1721102400000,6.7392,6.7771,6.3555,6.3654,41697.4
1721116800000,6.3654,6.5195,6.3024,6.5185,25925.7
1721131200000,6.5185,6.6579,6.3812,6.6318,25850.5
1721145600000,6.6318,6.8441,6.5154,6.7005,58638.2
1721160000000,6.7005,6.793,6.5779,6.6139,16586.6
1721174400000,6.6139,6.6987,6.4773,6.5101,43382.1
1721188800000,6.5101,6.7508,6.4459,6.6639,49837.2
1721203200000,6.6639,6.6746,6.3774,6.4054,48977.5
1721217600000,6.4054,6.5536,6.3425,6.4165,31807.7
1721232000000,6.4165,6.4956,6.2925,6.4445,24214.7
1721246400000,6.4445,6.471,6.271,6.2803,13690.0
1721260800000,6.2803,6.4319,6.2752,6.4042,13725.8
1721275200000,6.4042,6.424,6.2565,6.3323,14362.7
1721289600000,6.3323,6.4468,6.2819,6.4337,15660.1
1721304000000,6.4337,6.514,6.2866,6.3367,37653.4
1721318400000,6.3367,6.3379,5.9917,6.0208,44982.0
1721332800000,6.0208,6.2199,6.0098,6.1939,13563.4
1721347200000,6.1939,6.2317,6.0415,6.2056,18671.3
1721361600000,6.2056,6.2809,6.1097,6.1436,20917.3
1721376000000,6.1436,6.2301,6.0679,6.1205,19558.7
1721390400000,6.1205,6.3029,6.0668,6.2936,30518.9
1721404800000,6.2936,6.4596,6.2912,6.4307,26385.6
1721419200000,6.4307,6.4485,6.3912,6.4129,11739.6
1721433600000,6.4129,6.466,6.3126,6.4398,16842.1
1721448000000,6.4398,6.7931,6.4398,6.6972,47201.4
1721462400000,6.6972,6.8018,6.5625,6.6181,35337.7
1721476800000,6.6181,6.7609,6.4354,6.5749,29797.8
1721491200000,6.5749,6.604,6.4751,6.5075,16414.5
1721505600000,6.5075,6.5879,6.4685,6.5336,12735.6
1721520000000,6.5336,6.6598,6.4813,6.647,11943.6
1721534400000,6.647,6.7767,6.4773,6.4962,31343.6
1721548800000,6.4962,6.6282,6.4799,6.5289,16885.9
1721563200000,6.5289,6.6437,6.3727,6.6078,25380.6
1721577600000,6.6078,6.6956,6.3064,6.5584,38698.6
1721592000000,6.5584,7.3835,6.5339,7.2934,70806.9
1721606400000,7.2934,7.6341,7.2699,7.3559,78406.4
1721620800000,7.3559,7.3838,7.0745,7.2436,53500.6
1721635200000,7.2436,7.4075,7.2072,7.3022,39804.5
1721649600000,7.3022,7.6014,7.2361,7.2834,80725.8
1721664000000,7.2834,7.5652,7.253,7.5147,43646.5
1721678400000,7.5147,7.6515,7.159,7.2285,54774.6
1721692800000,7.2285,7.3102,7.094,7.1229,26772.0
1721707200000,7.1229,7.1957,6.9097,6.9986,38971.8
1721721600000,6.9986,7.1327,6.9437,6.9811,21243.6
1721736000000,6.9811,7.075,6.8192,6.8327,26393.8
1721750400000,6.8327,6.8386,6.4059,6.481,53521.5
1721764800000,6.481,6.543,6.3588,6.4054,36274.9
1721779200000,6.4054,6.4572,6.3449,6.4489,21181.4
1721793600000,6.4489,6.4497,6.3467,6.4116,16855.3
1721808000000,6.4116,6.4784,6.3882,6.4096,20784.1
1721822400000,6.4096,6.5019,6.2474,6.3045,36566.6
1721836800000,6.3045,6.4052,6.2296,6.3069,19186.6
1721851200000,6.3069,6.3543,5.9485,5.9831,34056.3
1721865600000,5.9831,5.9831,5.7255,5.7708,79200.8
1721880000000,5.7708,5.8422,5.7312,5.7592,26893.0
1721894400000,5.7592,5.8015,5.6421,5.6795,27093.3
1721908800000,5.6795,5.8062,5.5805,5.7031,39612.3
1721923200000,5.7031,5.7552,5.4625,5.5108,28580.3
1721937600000,5.5108,5.7211,5.4104,5.7147,39975.9
1721952000000,5.7147,5.8379,5.6887,5.8023,22504.3
1721966400000,5.8023,5.9241,5.783,5.8562,22522.3
1721980800000,5.8562,5.9173,5.8383,5.9014,22328.4
1721995200000,5.9014,5.9388,5.7935,5.8619,23943.9
1722009600000,5.8619,6.0481,5.8495,6.016,25571.9
1722024000000,6.016,6.0169,5.9134,5.9937,9328.4
1722038400000,5.9937,6.0292,5.9207,5.9476,8327.1
1722052800000,5.9476,6.065,5.9267,6.0208,8573.1
1722067200000,6.0208,6.0499,5.928,5.9806,9171.5
1722081600000,5.9806,6.0983,5.7682,5.8359,25801.9
1722096000000,5.8359,5.9019,5.703,5.8135,19591.7
1722110400000,5.8135,6.0388,5.662,5.8818,29504.9
1722124800000,5.8818,5.8818,5.7617,5.7648,9183.3
1722139200000,5.7648,5.7765,5.6023,5.7054,24110.1
1722153600000,5.7054,5.7558,5.6527,5.7224,7708.1
1722168000000,5.7224,5.7485,5.6371,5.6653,10380.7
1722182400000,5.6653,5.7439,5.6562,5.6982,7913.2
1722196800000,5.6982,5.7062,5.5677,5.6808,14083.8
1722211200000,5.6808,5.9089,5.676,5.8223,15958.8
1722225600000,5.8223,5.8294,5.7398,5.752,18060.6
1722240000000,5.752,5.7929,5.7053,5.7231,15003.3
1722254400000,5.7231,5.7567,5.484,5.5337,27488.5
1722268800000,5.5337,5.7619,5.4495,5.6754,29495.4
1722283200000,5.6754,5.7068,5.533,5.5671,14663.5
1722297600000,5.5671,5.6769,5.5083,5.6515,13244.8
1722312000000,5.6515,5.7422,5.6442,5.6629,9375.1
1722326400000,5.6629,5.7199,5.639,5.6765,11750.7
1722340800000,5.6765,5.6962,5.5729,5.6384,16664.9
1722355200000,5.6384,5.6563,5.3137,5.3587,29887.7
1722369600000,5.3587,5.4302,5.2614,5.429,15746.7
1722384000000,5.429,5.5248,5.3924,5.4129,27620.5
1722398400000,5.4129,5.5224,5.3612,5.4579,15389.0
1722412800000,5.4579,5.4901,5.3718,5.4092,7827.7
1722427200000,5.4092,5.5303,5.407,5.4153,15132.9
1722441600000,5.4153,5.5076,5.3249,5.3798,22036.2
1722456000000,5.3798,5.3984,5.2473,5.2684,18912.9
1722470400000,5.2684,5.4606,5.2611,5.3929,23552.1
1722484800000,5.3929,5.4501,5.2465,5.3989,24536.5
1722499200000,5.3989,5.4048,5.2943,5.3636,15952.9
1722513600000,5.3636,5.4197,5.157,5.2501,29924.1
1722528000000,5.2501,5.3361,5.0341,5.3263,47325.0
1722542400000,5.3263,5.6709,5.3001,5.5833,54915.1
1722556800000,5.5833,5.6382,5.3482,5.4524,30396.4
1722571200000,5.4524,5.4821,5.2283,5.326,23800.2
1722585600000,5.326,5.3715,5.2391,5.3093,21735.5
1722600000000,5.3093,5.495,5.0582,5.1246,57344.2
1722614400000,5.1246,5.4373,5.0208,5.4142,78971.2
1722628800000,5.4142,5.5676,5.2914,5.3257,67086.1
1722643200000,5.3257,5.3601,5.0541,5.3264,36126.7
1722657600000,5.3264,5.4237,5.2868,5.2868,16119.8
1722672000000,5.2868,5.4114,5.2581,5.3497,21590.1
1722686400000,5.3497,5.5507,5.3302,5.3976,40416.5
1722700800000,5.3976,5.4373,4.9519,4.957,75780.4
1722715200000,4.957,5.0567,4.9038,4.9655,31055.7
1722729600000,4.9655,5.0433,4.9243,5.0108,21517.0
1722744000000,5.0108,5.2962,5.0108,5.198,26988.4
1722758400000,5.198,5.2084,5.078,5.1388,19717.2
1722772800000,5.1388,5.1665,4.7986,4.8079,44229.6
1722787200000,4.8079,4.9267,4.5821,4.8664,68030.0
1722801600000,4.8664,4.9358,4.7049,4.7186,26500.1
1722816000000,4.7186,4.8226,4.2032,4.3887,128602.6
1722830400000,4.3887,4.5038,3.9321,4.4752,113864.3
1722844800000,4.4752,4.6165,4.2305,4.3788,80543.3
1722859200000,4.3788,5.282,4.1663,5.1047,207274.5
1722873600000,5.1047,5.297,4.8765,4.9289,102358.8
1722888000000,4.9289,4.9903,4.7,4.739,36191.3
1722902400000,4.739,5.1519,4.7094,4.9141,56939.6
1722916800000,4.9141,5.0459,4.8742,4.9722,30558.8
1722931200000,4.9722,5.0042,4.8306,4.884,26246.2
1722945600000,4.884,5.0814,4.7968,4.9866,47190.9
1722960000000,4.9866,5.0828,4.9381,5.0527,30839.4
1722974400000,5.0527,5.1415,4.9617,4.9823,24846.1
1722988800000,4.9823,5.1007,4.9008,4.9874,29569.2
1723003200000,4.9874,5.0955,4.8894,4.927,28004.1
1723017600000,4.927,5.032,4.8945,4.9069,21299.2
1723032000000,4.9069,4.9706,4.6431,4.7447,36375.8
1723046400000,4.7447,4.7596,4.5083,4.5655,45244.5
1723060800000,4.5655,4.5992,4.4553,4.5254,22860.3
1723075200000,4.5254,4.8847,4.471,4.6337,88714.8
1723089600000,4.6337,4.689,4.5719,4.5739,38484.4
1723104000000,4.5739,4.6723,4.5586,4.6443,26673.7
1723118400000,4.6443,4.7365,4.5593,4.7205,73158.9
1723132800000,4.7205,4.8038,4.7103,4.7569,40911.8
1723147200000,4.7569,5.6996,4.7475,5.6613,125792.5
1723161600000,5.6613,5.7283,5.5527,5.705,73774.1
1723176000000,5.705,5.7121,5.5253,5.5758,38942.1
1723190400000,5.5758,5.6621,5.5166,5.6352,35148.7
1723204800000,5.6352,5.7844,5.524,5.6001,85848.6
1723219200000,5.6001,5.7954,5.5389,5.5721,72757.6
1723233600000,5.5721,5.6242,5.4226,5.6014,34924.0
1723248000000,5.6014,5.7991,5.5522,5.6313,56421.5
1723262400000,5.6313,5.7994,5.5174,5.7857,35938.4
1723276800000,5.7857,5.8836,5.6284,5.826,38838.4
1723291200000,5.826,6.2456,5.8029,5.8974,95696.2
1723305600000,5.8974,5.9185,5.6515,5.7529,63828.7
1723320000000,5.7529,5.9307,5.7189,5.8765,36950.3
1723334400000,5.8765,5.8773,5.6651,5.6776,24647.8
1723348800000,5.6776,5.7468,5.6672,5.695,16179.6
1723363200000,5.695,5.7208,5.5636,5.5942,28567.9
1723377600000,5.5942,5.6241,5.406,5.4295,38600.2
1723392000000,5.4295,5.4361,5.2671,5.2675,26352.1
1723406400000,5.2675,5.2731,5.105,5.1246,37064.1
1723420800000,5.1246,5.221,5.1055,5.1527,24878.6
1723435200000,5.1527,5.3407,5.0808,5.3165,30173.7
1723449600000,5.3165,5.7752,5.3151,5.7147,56702.4
1723464000000,5.7147,6.0474,5.5808,5.8764,105759.9
1723478400000,5.8764,5.9902,5.7351,5.8262,49563.3
1723492800000,5.8262,5.9317,5.7288,5.8623,27212.9
1723507200000,5.8623,5.8662,5.5588,5.5612,21527.2
1723521600000,5.5612,5.7022,5.5352,5.6096,17655.8
1723536000000,5.6096,5.6202,5.5422,5.5817,12905.9
1723550400000,5.5817,5.9364,5.5394,5.9023,43623.2
1723564800000,5.9023,6.422,5.8406,6.3172,105713.9
1723579200000,6.3172,6.348,6.1344,6.1937,29596.0
1723593600000,6.1937,6.2322,6.041,6.0444,23816.8
1723608000000,6.0444,6.2145,6.0223,6.2138,51150.7
1723622400000,6.2138,6.214,6.0334,6.0651,31798.5
1723636800000,6.0651,6.2043,5.8564,5.9505,78049.9
1723651200000,5.9505,5.9591,5.7582,5.8259,30825.0
1723665600000,5.8259,5.8303,5.6808,5.6825,25486.4
1723680000000,5.6825,5.7686,5.6545,5.7176,25262.5
1723694400000,5.7176,5.7268,5.5688,5.6015,26522.0
1723708800000,5.6015,5.6504,5.5464,5.6154,39698.7
1723723200000,5.6154,5.9099,5.5611,5.5625,85566.9
1723737600000,5.5625,5.6166,5.3138,5.4904,66174.6
1723752000000,5.4904,5.5453,5.3327,5.3816,30408.0
1723766400000,5.3816,5.5703,5.3567,5.3574,25956.2
1723780800000,5.3574,5.4441,5.3474,5.3846,14855.8
1723795200000,5.3846,5.3921,5.2173,5.2372,25129.1
1723809600000,5.2372,5.3343,5.0187,5.0366,70947.2
1723824000000,5.0366,5.2542,4.986,5.1305,61036.0
1723838400000,5.1305,5.2291,5.1248,5.1524,17671.4
1723852800000,5.1524,5.1921,5.0885,5.1174,21936.6
1723867200000,5.1174,5.1446,5.0653,5.1064,9169.5
1723881600000,5.1064,5.1371,5.0458,5.0837,17913.6
1723896000000,5.0837,5.1271,5.0116,5.0295,85950.9
1723910400000,5.0295,5.175,5.0205,5.0755,31464.9
1723924800000,5.0755,5.1845,5.0654,5.1257,16963.4
1723939200000,5.1257,5.163,5.0453,5.0474,13606.1
1723953600000,5.0474,5.1073,5.0275,5.0676,8334.6
1723968000000,5.0676,5.1672,5.045,5.1285,24570.9
1723982400000,5.1285,5.2505,5.1067,5.2205,34486.8
1723996800000,5.2205,5.2635,5.1135,5.1275,21064.5
1724011200000,5.1275,5.2095,4.9878,4.9974,21615.8
1724025600000,4.9974,5.0298,4.7985,4.9295,39364.6
1724040000000,4.9295,4.9856,4.8725,4.8795,15652.4
1724054400000,4.8795,4.9725,4.8188,4.8585,22595.5
1724068800000,4.8585,4.9533,4.812,4.8584,45589.5
1724083200000,4.8584,4.983,4.7674,4.9195,34366.8
1724097600000,4.9195,5.0306,4.9004,5.0162,18491.6
1724112000000,5.0162,5.1494,4.9855,5.0241,36145.3
1724126400000,5.0241,5.1996,5.0075,5.1517,30518.3
1724140800000,5.1517,5.1656,5.0859,5.1236,19869.9
1724155200000,5.1236,5.1821,4.9119,5.0106,40350.8
1724169600000,5.0106,5.066,4.9669,5.0185,19855.6
1724184000000,5.0185,5.0686,4.9594,4.9956,11186.8
1724198400000,4.9956,5.077,4.946,5.0423,15036.3
1724212800000,5.0423,5.1741,5.0303,5.1255,20536.6
1724227200000,5.1255,5.1386,4.9994,5.0386,18679.0
1724241600000,5.0386,5.087,4.8927,4.9804,40044.8
1724256000000,4.9804,5.1877,4.9366,5.1681,38357.2
1724270400000,5.1681,5.2241,5.1285,5.1554,22291.9
1724284800000,5.1554,5.2454,5.1164,5.2344,23239.1
1724299200000,5.2344,5.2445,5.161,5.2315,19534.1
1724313600000,5.2315,5.2995,5.1771,5.2463,28192.6
1724328000000,5.2463,5.2676,5.135,5.164,21793.6
1724342400000,5.164,5.2354,5.1475,5.1605,13079.0
1724356800000,5.1605,5.2807,5.1605,5.2754,13807.3
1724371200000,5.2754,5.3896,5.2644,5.3835,23933.7
1724385600000,5.3835,5.6451,5.3703,5.4896,57727.6
1724400000000,5.4896,5.6164,5.4658,5.4665,28378.5
1724414400000,5.4665,5.71,5.4315,5.6176,60882.3
1724428800000,5.6176,5.8651,5.6012,5.8084,63567.1
1724443200000,5.8084,5.9455,5.7774,5.9294,38445.9
1724457600000,5.9294,5.9948,5.8525,5.9434,31498.8
1724472000000,5.9434,6.0922,5.9434,6.0541,30073.5
1724486400000,6.0541,6.0616,5.9334,5.9359,21294.3
1724500800000,5.9359,6.1865,5.9359,6.0275,23620.9
1724515200000,6.0275,6.1928,6.0243,6.1255,33101.8
1724529600000,6.1255,6.1407,5.9336,6.0482,24605.3
1724544000000,6.0482,6.0496,5.7463,5.8224,41957.9
1724558400000,5.8224,5.8596,5.6548,5.6884,28423.5
1724572800000,5.6884,5.7659,5.6542,5.6865,22574.4
1724587200000,5.6865,5.8326,5.6764,5.8085,26465.0
1724601600000,5.8085,5.8506,5.7027,5.7208,23920.5
1724616000000,5.7208,5.8352,5.6844,5.6962,18600.3
1724630400000,5.6962,5.789,5.6372,5.7236,16812.1
1724644800000,5.7236,5.7556,5.5585,5.604,17516.0
1724659200000,5.604,5.7326,5.5688,5.6471,21070.5
1724673600000,5.6471,5.6501,5.461,5.5217,42132.8
1724688000000,5.5217,5.7061,5.4847,5.5455,42448.9
1724702400000,5.5455,5.5656,5.4114,5.4114,17347.9
1724716800000,5.4114,5.5816,5.4105,5.4775,14021.9
1724731200000,5.4775,5.5488,5.4182,5.4375,15912.0
1724745600000,5.4375,5.4585,5.1944,5.2166,34239.3
1724760000000,5.2166,5.2217,5.1247,5.2125,47051.6
1724774400000,5.2125,5.3835,5.1984,5.2685,43279.7
1724788800000,5.2685,5.2705,4.9064,5.0125,70416.4
1724803200000,5.0125,5.0786,4.9255,5.0765,28810.9
1724817600000,5.0765,5.0765,4.8976,4.9145,20227.1
1724832000000,4.9145,5.1423,4.8724,5.0694,36632.5
1724846400000,5.0694,5.108,4.8047,4.8435,41364.3
1724860800000,4.8435,4.9626,4.6159,4.8425,72130.2
1724875200000,4.8425,4.9249,4.7126,4.7736,37304.2
1724889600000,4.7736,4.8843,4.7351,4.7511,17581.8
1724904000000,4.7511,4.8344,4.7224,4.8114,21208.9
1724918400000,4.8114,4.9166,4.7655,4.8506,20418.0
1724932800000,4.8506,4.9596,4.8271,4.8725,36438.1
1724947200000,4.8725,4.9195,4.5745,4.621,44299.1
1724961600000,4.621,4.6772,4.5533,4.6056,29283.5
1724976000000,4.6056,4.7088,4.5538,4.5674,30784.9
1724990400000,4.5674,4.637,4.5183,4.5706,32446.6
1725004800000,4.5706,4.6022,4.4854,4.5145,22860.4
1725019200000,4.5145,4.5939,4.2274,4.2501,62914.7
1725033600000,4.2501,4.542,4.2388,4.4199,47881.0
1725048000000,4.4199,4.5212,4.4184,4.5119,21897.6
1725062400000,4.5119,4.5992,4.5064,4.5708,11463.2
1725076800000,4.5708,4.6213,4.5636,4.596,12641.1
1725091200000,4.596,4.6187,4.5216,4.5485,14918.5
1725105600000,4.5485,4.5719,4.4604,4.4715,12464.7
1725120000000,4.4715,4.4856,4.3668,4.4473,19786.2
1725134400000,4.4473,4.4974,4.4291,4.4875,5017.6
1725148800000,4.4875,4.5126,4.3998,4.5035,10731.1
1725163200000,4.5035,4.5212,4.4225,4.4875,9590.6
1725177600000,4.4875,4.4909,4.4285,4.4695,8411.9
1725192000000,4.4695,4.4843,4.2766,4.449,25688.2
1725206400000,4.449,4.48,4.2827,4.4096,23072.9
1725220800000,4.4096,4.4549,4.1679,4.2326,24936.2
1725235200000,4.2326,4.3301,4.2198,4.3181,16290.0
1725249600000,4.3181,4.3574,4.2053,4.2209,19495.3
1725264000000,4.2209,4.5472,4.2191,4.4775,34840.5
1725278400000,4.4775,4.5207,4.3756,4.4236,20643.1
1725292800000,4.4236,4.474,4.3895,4.397,13349.4
1725307200000,4.397,4.5427,4.3799,4.4747,15898.7
1725321600000,4.4747,4.558,4.4386,4.4574,14958.4
1725336000000,4.4574,4.4761,4.4174,4.4586,10716.6
1725350400000,4.4586,4.4593,4.3704,4.3988,10054.9
1725364800000,4.3988,4.4266,4.1889,4.2035,35500.0
1725379200000,4.2035,4.2564,4.1801,4.2036,19785.4
1725393600000,4.2036,4.2243,4.0353,4.0538,23836.5
1725408000000,4.0538,4.1267,3.8737,4.1119,58353.0
1725422400000,4.1119,4.2801,4.1036,4.1901,56731.8
1725436800000,4.1901,4.2466,4.1165,4.1685,21892.4
1725451200000,4.1685,4.2842,4.135,4.2772,38977.5
1725465600000,4.2772,4.3747,4.1637,4.1835,21404.7
1725480000000,4.1835,4.2201,4.1425,4.1554,13472.7
1725494400000,4.1554,4.2085,4.0345,4.0424,41867.5
1725508800000,4.0424,4.1242,4.0318,4.0998,20723.8
1725523200000,4.0998,4.1439,4.0898,4.1315,17311.5
1725537600000,4.1315,4.1447,4.0144,4.0336,36169.3
1725552000000,4.0336,4.0877,3.9868,4.0029,26473.8
1725566400000,4.0029,4.0636,3.9984,4.0435,9716.7
1725580800000,4.0435,4.1172,4.0274,4.0854,13471.6
1725595200000,4.0854,4.0965,3.9675,4.018,18896.5
1725609600000,4.018,4.0707,3.9829,4.0625,18157.3
1725624000000,4.0625,4.1982,3.95,4.0224,81893.1
1725638400000,4.0224,4.0265,3.8477,3.8717,45450.2
1725652800000,3.8717,3.9306,3.7238,3.9086,41880.9
1725667200000,3.9086,3.9646,3.866,3.8676,11601.8
1725681600000,3.8676,3.9545,3.866,3.9484,21545.8
1725696000000,3.9484,4.0124,3.9454,3.9596,18637.3
1725710400000,3.9596,4.0301,3.9573,3.9818,13513.6
1725724800000,3.9818,3.9995,3.903,3.9805,14561.1
1725739200000,3.9805,3.9866,3.9021,3.9455,9308.9
1725753600000,3.9455,4.042,3.9434,4.0222,20794.6
1725768000000,4.0222,4.0511,3.967,3.9995,13753.5
1725782400000,3.9995,4.0873,3.9878,4.0136,23904.8
1725796800000,4.0136,4.0206,3.9135,3.9205,18896.6
1725811200000,3.9205,3.9894,3.9066,3.9644,10524.1
1725825600000,3.9644,4.1041,3.9644,4.0643,19218.2
1725840000000,4.0643,4.2196,4.059,4.1416,41852.1
1725854400000,4.1416,4.1552,4.0734,4.1261,16423.4
1725868800000,4.1261,4.1986,4.1209,4.1506,34898.8
1725883200000,4.1506,4.1676,4.065,4.1244,34627.4
1725897600000,4.1244,4.3092,4.1237,4.302,51928.9
1725912000000,4.302,4.373,4.2458,4.2594,22463.3
1725926400000,4.2594,4.2608,4.1597,4.1597,18484.0
1725940800000,4.1597,4.2084,4.1434,4.1885,19601.3
1725955200000,4.1885,4.2216,4.1452,4.2173,20824.4
1725969600000,4.2173,4.2337,4.1069,4.1478,29206.1
1725984000000,4.1478,4.2877,4.1464,4.2424,39535.3
1725998400000,4.2424,4.2776,4.2229,4.2325,13390.0
1726012800000,4.2325,4.2475,4.107,4.1232,26494.8
1726027200000,4.1232,4.1234,3.9715,4.0024,41635.1
1726041600000,4.0024,4.0026,3.9353,3.9824,23836.9
1726056000000,3.9824,4.0669,3.8842,3.9687,45978.2
1726070400000,3.9687,4.1376,3.9635,4.1065,39815.4
1726084800000,4.1065,4.1363,4.0891,4.1125,15127.0
1726099200000,4.1125,4.3104,4.1124,4.2277,46571.7
1726113600000,4.2277,4.3347,4.2188,4.2784,41104.7
1726128000000,4.2784,4.3082,4.2309,4.2455,29619.2
1726142400000,4.2455,4.2659,4.098,4.1088,39523.2
1726156800000,4.1088,4.2396,4.1065,4.2336,20968.2
1726171200000,4.2336,4.2506,4.1916,4.2397,16424.2
1726185600000,4.2397,4.2707,4.1304,4.1305,24316.3
1726200000000,4.1305,4.1626,4.1104,4.1414,11490.7
1726214400000,4.1414,4.1526,4.0862,4.0934,18689.6
1726228800000,4.0934,4.2813,4.0678,4.2645,31456.0
1726243200000,4.2645,4.3315,4.2049,4.263,35154.6
1726257600000,4.263,4.5902,4.2574,4.5051,81787.8
1726272000000,4.5051,4.5096,4.3984,4.4302,42349.0
1726286400000,4.4302,4.4455,4.3148,4.3404,19362.3
1726300800000,4.3404,4.5874,4.3164,4.5366,106560.2
1726315200000,4.5366,4.5806,4.485,4.4895,27309.5
1726329600000,4.4895,4.5758,4.4586,4.5365,32693.4
1726344000000,4.5365,4.6923,4.5154,4.6564,32698.7
1726358400000,4.6564,4.9661,4.6086,4.936,89599.0
1726372800000,4.936,4.9399,4.7555,4.7956,43275.3
1726387200000,4.7956,4.9392,4.7744,4.8145,52720.3
1726401600000,4.8145,5.1167,4.7994,5.0448,79654.3
1726416000000,5.0448,5.0926,4.9186,4.9964,68328.0
1726430400000,4.9964,5.0094,4.7621,4.7927,41322.9
1726444800000,4.7927,4.8116,4.5963,4.6355,55660.9
1726459200000,4.6355,4.7413,4.5893,4.6985,27758.6
1726473600000,4.6985,4.7836,4.6211,4.6456,23204.9
1726488000000,4.6456,4.6595,4.4784,4.4975,50336.2
1726502400000,4.4975,4.5976,4.4875,4.5521,25093.7
1726516800000,4.5521,4.5765,4.4898,4.5355,15050.3
1726531200000,4.5355,4.8548,4.5215,4.8279,43796.7
1726545600000,4.8279,5.065,4.7943,4.933,49793.7
1726560000000,4.933,5.1697,4.8756,5.0707,98596.5
1726574400000,5.0707,5.2796,5.0351,5.183,99497.5
1726588800000,5.183,5.2863,5.1119,5.1338,50156.3
1726603200000,5.1338,5.2666,5.1207,5.2281,31845.0
1726617600000,5.2281,5.3356,5.1262,5.3214,46267.4
1726632000000,5.3214,5.4594,5.2827,5.3605,76853.7
1726646400000,5.3605,5.37,5.15,5.1864,42538.5
1726660800000,5.1864,5.2739,5.0061,5.0455,81283.6
1726675200000,5.0455,5.465,5.0142,5.2114,93306.1
1726689600000,5.2114,5.4206,5.1629,5.4031,68774.5
1726704000000,5.4031,6.1835,5.3233,5.9504,215354.2
1726718400000,5.9504,6.4972,5.8729,6.4952,143382.0
1726732800000,6.4952,6.4952,6.1815,6.195,88147.3
1726747200000,6.195,6.3236,6.0984,6.2095,69147.3
1726761600000,6.2095,6.2284,5.9987,6.0055,40599.4
1726776000000,6.0055,6.0805,5.9112,5.9475,45745.7
1726790400000,5.9475,6.1326,5.8768,6.0445,65591.7
1726804800000,6.0445,6.2544,5.9669,6.0157,62782.0
1726819200000,6.0157,6.0566,5.808,5.8405,65590.9
1726833600000,5.8405,6.08,5.8394,5.9174,67332.7
1726848000000,5.9174,5.9516,5.7577,5.8515,25529.8
1726862400000,5.8515,6.1106,5.8234,6.0045,53889.6
1726876800000,6.0045,6.1343,5.8416,5.8526,40113.2
1726891200000,5.8526,5.9077,5.785,5.8466,28630.6
1726905600000,5.8466,5.8658,5.7535,5.8065,60751.1
1726920000000,5.8065,6.0944,5.7624,6.0626,48532.9
1726934400000,6.0626,6.0626,5.9208,5.9889,25774.9
1726948800000,5.9889,6.0666,5.9785,6.0135,14428.4
1726963200000,6.0135,6.034,5.509,5.5763,85680.0
1726977600000,5.5763,5.6996,5.5534,5.6206,32493.3
1726992000000,5.6206,5.6851,5.4628,5.4904,57658.5
1727006400000,5.4904,5.5196,5.3111,5.3435,73805.4
1727020800000,5.3435,5.458,5.2856,5.3894,54155.9
1727035200000,5.3894,5.4584,5.1957,5.3535,43918.3
1727049600000,5.3535,5.5454,5.2434,5.4636,83969.8
1727064000000,5.4636,5.6132,5.3725,5.3894,69411.4
1727078400000,5.3894,5.6609,5.3496,5.4665,55247.5
1727092800000,5.4665,5.846,5.4584,5.7631,91410.6
1727107200000,5.7631,6.1791,5.6535,6.1527,138498.4
1727121600000,6.1527,6.7361,6.072,6.6487,158471.6
1727136000000,6.6487,6.9048,6.3545,6.4071,136685.7
1727150400000,6.4071,6.4597,6.1578,6.1914,92742.6
1727164800000,6.1914,6.2793,6.0558,6.2093,114019.1
1727179200000,6.2093,6.2811,6.0435,6.1651,93393.6
1727193600000,6.1651,6.4667,6.1204,6.4561,61921.6
1727208000000,6.4561,6.6647,6.3219,6.4129,62540.7
1727222400000,6.4129,6.8462,6.4052,6.6065,91045.1
1727236800000,6.6065,6.6992,6.2562,6.3546,49045.7
1727251200000,6.3546,6.4854,6.272,6.4445,46986.2
1727265600000,6.4445,6.4941,6.2645,6.2735,47328.9
1727280000000,6.2735,6.3235,6.1812,6.2354,35671.6
1727294400000,6.2354,6.312,6.117,6.1582,25342.4
1727308800000,6.1582,6.2944,6.0821,6.2895,42296.6
1727323200000,6.2895,6.3542,6.2476,6.3465,33144.6
1727337600000,6.3465,6.444,6.2836,6.3659,44225.6
1727352000000,6.3659,6.3686,6.1173,6.2344,88076.7
1727366400000,6.2344,6.4953,6.2118,6.2156,76102.8
1727380800000,6.2156,6.3897,6.1338,6.2691,40799.6
1727395200000,6.2691,6.4497,6.167,6.3712,59634.5
1727409600000,6.3712,6.5547,6.3263,6.421,59264.7
1727424000000,6.421,6.5896,6.3116,6.3337,61402.7
1727438400000,6.3337,6.5402,6.2964,6.4366,78190.9
1727452800000,6.4366,6.5006,6.2601,6.3706,52378.5
1727467200000,6.3706,6.5972,6.3456,6.3825,40971.7
1727481600000,6.3825,6.4416,6.2965,6.3125,29222.1
1727496000000,6.3125,6.3435,6.1677,6.2116,33287.0
1727510400000,6.2116,6.3037,6.0578,6.2685,44423.2
1727524800000,6.2685,6.318,6.1641,6.1915,34159.5
1727539200000,6.1915,6.1917,6.0884,6.1265,36265.7
1727553600000,6.1265,6.1296,5.7398,5.9846,79801.4
1727568000000,5.9846,6.1197,5.9384,6.113,32488.1
1727582400000,6.113,6.128,5.8232,5.834,35837.7
1727596800000,5.834,5.9143,5.7631,5.9041,39485.6
1727611200000,5.9041,6.0272,5.7696,6.0226,53531.0
1727625600000,6.0226,6.2231,6.0085,6.1369,57205.3
1727640000000,6.1369,6.1907,5.9574,6.0065,32199.9
1727654400000,6.0065,6.0956,5.7964,5.9155,73619.9
1727668800000,5.9155,6.0886,5.8475,6.0325,37020.1
1727683200000,6.0325,6.0476,5.7871,5.9366,37545.5
1727697600000,5.9366,5.9734,5.6569,5.6718,41956.0
1727712000000,5.6718,5.7941,5.6651,5.7411,32573.5
1727726400000,5.7411,5.8292,5.4612,5.5284,47675.6
1727740800000,5.5284,5.6886,5.507,5.6305,36278.0
1727755200000,5.6305,5.7419,5.6063,5.6802,39758.6
1727769600000,5.6802,5.7407,5.648,5.6795,26453.5
1727784000000,5.6795,5.7066,5.0951,5.2861,124135.5
1727798400000,5.2861,5.3461,4.946,5.1275,110201.9
1727812800000,5.1275,5.1788,5.0384,5.0902,46774.8
1727827200000,5.0902,5.1766,5.0585,5.1546,31330.3
1727841600000,5.1546,5.3392,5.1006,5.2885,41332.8
1727856000000,5.2885,5.5011,5.1693,5.2286,102606.2
1727870400000,5.2286,5.3027,4.915,5.1151,117899.3
1727884800000,5.1151,5.2246,4.7468,4.8615,71916.9
1727899200000,4.8615,4.9526,4.7961,4.8369,29258.4
1727913600000,4.8369,4.9336,4.7821,4.898,34571.8
1727928000000,4.898,4.9277,4.7,4.7073,36769.7
1727942400000,4.7073,4.8704,4.5536,4.7949,61244.2
1727956800000,4.7949,4.8581,4.5074,4.6492,78449.9
1727971200000,4.6492,4.7885,4.5695,4.7689,41995.7
1727985600000,4.7689,4.8192,4.7057,4.758,24215.0
1728000000000,4.758,4.9647,4.7487,4.8535,37792.3
1728014400000,4.8535,5.0864,4.8514,5.0435,53148.0
1728028800000,5.0435,5.253,5.0215,5.2046,71856.9
1728043200000,5.2046,5.311,5.0824,5.2572,99618.7
1728057600000,5.2572,5.3654,5.1841,5.2895,44678.0
1728072000000,5.2895,5.3232,5.2027,5.2385,18099.0
1728086400000,5.2385,5.2446,5.0673,5.0675,27781.6
1728100800000,5.0675,5.1476,5.0675,5.075,27692.8
1728115200000,5.075,5.1555,5.075,5.1046,19002.7
1728129600000,5.1046,5.1906,5.0713,5.0983,20515.2
1728144000000,5.0983,5.1066,4.9879,5.0076,23355.9
1728158400000,5.0076,5.1475,4.9604,5.1415,15612.5
1728172800000,5.1415,5.1877,5.0797,5.1067,17533.5
1728187200000,5.1067,5.1404,5.0568,5.0886,7570.7
1728201600000,5.0886,5.2245,5.079,5.2076,18908.2
1728216000000,5.2076,5.4625,5.175,5.4104,58270.0
1728230400000,5.4104,5.4825,5.265,5.2675,34854.3
1728244800000,5.2675,5.3217,5.1934,5.3143,18924.4
1728259200000,5.3143,5.6185,5.2855,5.6084,63455.6
1728273600000,5.6084,5.6686,5.5525,5.5719,52720.5
1728288000000,5.5719,5.7329,5.3587,5.4844,78461.4
1728302400000,5.4844,5.6718,5.413,5.5075,55164.5
1728316800000,5.5075,5.7396,5.4608,5.5434,47188.0
1728331200000,5.5434,5.5754,5.3198,5.324,33079.7
1728345600000,5.324,5.4312,5.313,5.3535,21992.5
1728360000000,5.3535,5.4193,5.2089,5.2566,33256.3
1728374400000,5.2566,5.3542,5.2255,5.3372,23852.0
1728388800000,5.3372,5.3542,5.0715,5.1665,64450.7
1728403200000,5.1665,5.2444,5.0927,5.1645,25258.5
1728417600000,5.1645,5.1975,5.0464,5.1365,15037.0
1728432000000,5.1365,5.1928,4.9629,5.0086,55198.4
1728446400000,5.0086,5.0586,4.9632,4.9895,29258.7
1728460800000,4.9895,5.0318,4.9632,4.9995,28126.6
1728475200000,4.9995,5.0771,4.919,5.0498,47012.1
1728489600000,5.0498,5.0687,4.8375,4.8875,42201.7
1728504000000,4.8875,4.8886,4.7953,4.819,16862.7
1728518400000,4.819,4.9296,4.7795,4.8936,19357.6
1728532800000,4.8936,4.9236,4.8344,4.8346,14539.6
1728547200000,4.8346,4.91,4.7564,4.9026,20631.5
1728561600000,4.9026,4.9097,4.752,4.793,34901.3
1728576000000,4.793,5.0195,4.685,4.9958,67586.5
1728590400000,4.9958,5.0502,4.9358,5.0205,23800.6
1728604800000,5.0205,5.039,4.9554,4.9576,16859.3
1728619200000,4.9576,5.1365,4.9363,5.1065,37683.8
1728633600000,5.1065,5.3076,5.0885,5.2826,48371.2
1728648000000,5.2826,5.6373,5.2826,5.4923,130824.0
1728662400000,5.4923,5.5388,5.4371,5.5055,42796.4
1728676800000,5.5055,5.5465,5.3704,5.3767,28121.5
1728691200000,5.3767,5.5006,5.3313,5.3489,31162.8
1728705600000,5.3489,5.4925,5.306,5.4714,32862.9
1728720000000,5.4714,5.625,5.4434,5.5305,47507.0
1728734400000,5.5305,5.6456,5.4399,5.4636,64726.4
1728748800000,5.4636,5.5449,5.3434,5.3864,47174.0
1728763200000,5.3864,5.6156,5.3844,5.5095,29988.7
1728777600000,5.5095,5.8293,5.4338,5.526,67738.6
1728792000000,5.526,6.193,5.5175,5.9715,154072.5
1728806400000,5.9715,6.0056,5.7585,5.7699,66005.4
1728820800000,5.7699,6.0125,5.753,5.8185,80463.7
1728835200000,5.8185,6.1545,5.7798,6.0415,108514.4
1728849600000,6.0415,6.3816,5.9832,6.2465,103680.6
1728864000000,6.2465,6.2573,6.0264,6.2404,77296.3
1728878400000,6.2404,6.298,5.9718,6.1494,81283.6
1728892800000,6.1494,6.2126,6.0621,6.189,54074.6
1728907200000,6.189,6.5133,6.1674,6.3745,146179.9
1728921600000,6.3745,6.4074,6.2581,6.2775,75224.2
1728936000000,6.2775,6.3292,6.218,6.2794,35481.4
1728950400000,6.2794,6.285,6.0993,6.1195,44042.4
1728964800000,6.1195,6.3285,6.0988,6.2626,42964.3
1728979200000,6.2626,6.4287,6.0285,6.0727,107141.4
1728993600000,6.0727,6.3444,5.8554,6.0157,165808.2
1729008000000,6.0157,6.1582,5.957,6.0158,46436.1
1729022400000,6.0158,6.0739,5.8791,6.0631,33951.8
1729036800000,6.0631,6.0804,5.8882,5.9086,32871.1
1729051200000,5.9086,5.9527,5.7949,5.8325,40607.9
1729065600000,5.8325,5.9807,5.8234,5.8881,49178.1
1729080000000,5.8881,5.9962,5.7583,5.7754,52169.2
1729094400000,5.7754,5.9597,5.6808,5.8897,61177.8
1729108800000,5.8897,5.9702,5.8505,5.8724,23861.4
1729123200000,5.8724,5.951,5.8521,5.8765,18305.7
1729137600000,5.8765,5.9138,5.7155,5.7709,32164.9
1729152000000,5.7709,5.804,5.568,5.5724,62150.3
1729166400000,5.5724,6.0647,5.5669,6.0275,97764.5
1729180800000,6.0275,6.189,5.9028,5.9875,75929.4
1729195200000,5.9875,6.0241,5.9133,5.959,23268.8
1729209600000,5.959,6.3285,5.8746,6.2493,74034.3
1729224000000,6.2493,6.2853,6.0385,6.0766,45893.5
1729238400000,6.0766,6.1842,5.8884,5.9575,61887.3
1729252800000,5.9575,6.0266,5.8827,6.0085,40074.1
1729267200000,6.0085,6.1377,5.9501,6.0522,33883.9
1729281600000,6.0522,6.0693,5.9319,6.0176,16932.7
1729296000000,6.0176,6.1379,5.985,6.0775,21341.8
1729310400000,6.0775,6.1694,5.9984,6.1472,25960.4
1729324800000,6.1472,6.1694,5.913,5.917,22416.7
1729339200000,5.917,5.9742,5.8988,5.9735,21284.0
1729353600000,5.9735,5.9735,5.8345,5.8507,16698.5
1729368000000,5.8507,5.9176,5.8404,5.8615,13107.2
1729382400000,5.8615,5.9089,5.7659,5.8125,16316.5
1729396800000,5.8125,5.9502,5.7898,5.9029,22388.9
1729411200000,5.9029,5.9742,5.8404,5.9665,17357.8
1729425600000,5.9665,6.1096,5.8664,6.0749,48479.3
1729440000000,6.0749,6.1084,5.9961,6.0168,28643.0
1729454400000,6.0168,6.105,5.9804,6.105,32734.3
1729468800000,6.105,6.1784,5.8768,5.9076,50482.6
1729483200000,5.9076,6.0631,5.8794,5.9009,38021.3
1729497600000,5.9009,5.951,5.7309,5.7924,40408.4
1729512000000,5.7924,5.8535,5.662,5.7236,50460.8
1729526400000,5.7236,5.7716,5.6272,5.727,37280.5
1729540800000,5.727,5.7545,5.6224,5.6255,16570.0
1729555200000,5.6255,5.7704,5.5956,5.7405,23447.7
1729569600000,5.7405,5.7906,5.7077,5.7245,18754.3
1729584000000,5.7245,5.8254,5.6565,5.7915,36401.7
1729598400000,5.7915,5.8272,5.6837,5.7404,37206.9
1729612800000,5.7404,5.804,5.6653,5.781,25875.0
1729627200000,5.781,5.8186,5.7216,5.7885,67811.9
1729641600000,5.7885,5.8816,5.7483,5.8463,30267.8
1729656000000,5.8463,6.0235,5.8434,5.9665,61833.8
1729670400000,5.9665,6.0106,5.7356,5.7469,53090.1
1729684800000,5.7469,5.9721,5.7406,5.8675,43641.3
1729699200000,5.8675,6.0026,5.6748,5.9045,110656.1
1729713600000,5.9045,5.9881,5.8314,5.9715,45367.7
1729728000000,5.9715,6.091,5.7929,5.9145,57240.0
1729742400000,5.9145,6.2156,5.9141,6.0595,61004.0
1729756800000,6.0595,6.1622,5.967,5.9995,55331.1
1729771200000,5.9995,6.2789,5.976,6.001,92727.8
1729785600000,6.001,6.1202,6.001,6.0575,25076.8
1729800000000,6.0575,6.1402,6.0135,6.1347,22447.7
1729814400000,6.1347,6.2427,6.0295,6.2255,46771.2
1729828800000,6.2255,6.2258,5.8312,5.8815,73186.4
1729843200000,5.8815,5.9736,5.8453,5.9041,37443.0
1729857600000,5.9041,5.9572,5.6224,5.659,61413.5
1729872000000,5.659,5.7075,5.538,5.6094,56674.6
1729886400000,5.6094,5.6666,5.0688,5.2991,87437.2
1729900800000,5.2991,5.4016,5.2228,5.2864,67223.5
1729915200000,5.2864,5.3533,5.2254,5.2925,66116.7
1729929600000,5.2925,5.4265,5.2816,5.3969,22894.0
1729944000000,5.3969,5.4186,5.1745,5.2109,37587.1
1729958400000,5.2109,5.3354,5.1751,5.3235,20742.4
1729972800000,5.3235,5.421,5.3219,5.3956,12267.2
1729987200000,5.3956,5.4646,5.3445,5.3825,17531.1
1730001600000,5.3825,5.4116,5.3371,5.3481,11992.3
1730016000000,5.3481,5.3811,5.2034,5.2091,17928.9
1730030400000,5.2091,5.3024,5.2091,5.2912,24665.5
1730044800000,5.2912,5.3295,5.1308,5.1576,31747.8
1730059200000,5.1576,5.2939,5.1037,5.1308,42306.3
1730073600000,5.1308,5.215,5.0076,5.0868,65259.7
1730088000000,5.0868,5.1882,5.0112,5.1395,29260.4
1730102400000,5.1395,5.2436,5.1107,5.1155,29804.6
1730116800000,5.1155,5.1318,4.8179,4.8582,71347.3
1730131200000,4.8582,4.9798,4.7674,4.9487,59897.1
1730145600000,4.9487,5.154,4.918,5.0884,39529.2
1730160000000,5.0884,5.2613,5.048,5.0856,72230.8
1730174400000,5.0856,5.1227,5.0168,5.0804,38414.9
1730188800000,5.0804,5.1467,5.0373,5.0485,32459.1
1730203200000,5.0485,5.0736,4.9234,4.9669,63313.9
1730217600000,4.9669,5.4246,4.962,5.1902,163385.3
1730232000000,5.1902,5.3186,5.1146,5.2761,61339.7
1730246400000,5.2761,5.2761,5.1007,5.1546,30964.1
1730260800000,5.1546,5.1567,5.0204,5.0281,34918.5
1730275200000,5.0281,5.0843,4.9256,4.93,44822.3
1730289600000,4.93,5.0638,4.611,4.6211,230459.2
1730304000000,4.6211,4.8452,4.6116,4.7586,163504.4
1730318400000,4.7586,4.8282,4.7202,4.7636,75967.1
1730332800000,4.7636,4.7775,4.5918,4.6664,154506.5
1730347200000,4.6664,4.7205,4.6333,4.7024,112460.9
1730361600000,4.7024,4.7047,4.57,4.6224,132529.4
1730376000000,4.6224,4.8277,4.5596,4.7953,141365.7
1730390400000,4.7953,4.8625,4.6429,4.8185,127354.2
1730404800000,4.8185,4.972,4.8164,4.8669,104351.4
1730419200000,4.8669,4.9213,4.7786,4.8325,74312.8
1730433600000,4.8325,4.8976,4.6735,4.6881,66227.8
1730448000000,4.6881,4.8276,4.6773,4.7795,72511.4
1730462400000,4.7795,4.872,4.6046,4.6085,110820.6
1730476800000,4.6085,4.6879,4.494,4.5474,130535.2
1730491200000,4.5474,4.5527,4.4115,4.5506,77817.0
1730505600000,4.5506,4.6245,4.5504,4.6196,37898.9
1730520000000,4.6196,4.6486,4.589,4.6235,35859.7
1730534400000,4.6235,4.6326,4.5539,4.6025,62535.7
1730548800000,4.6025,4.667,4.5425,4.6366,87164.4
1730563200000,4.6366,4.7065,4.6044,4.6563,65388.2
1730577600000,4.6563,4.725,4.646,4.6814,40760.9
1730592000000,4.6814,4.7477,4.5137,4.6036,79480.6
1730606400000,4.6036,4.7703,4.5894,4.6885,59258.3
1730620800000,4.6885,4.6996,4.5186,4.5196,73018.8
1730635200000,4.5196,4.5884,4.2877,4.3767,145202.0
1730649600000,4.3767,4.5278,4.3608,4.4866,99336.7
1730664000000,4.4866,4.5746,4.4444,4.5574,48784.8
1730678400000,4.5574,4.6304,4.4801,4.5115,45721.4
1730692800000,4.5115,4.5566,4.4415,4.5024,28993.3
1730707200000,4.5024,4.6017,4.4546,4.5252,34173.6
1730721600000,4.5252,4.5953,4.4144,4.4282,50119.7
1730736000000,4.4282,4.453,4.2977,4.3555,55471.8
1730750400000,4.3555,4.3556,4.1611,4.2215,78026.7
1730764800000,4.2215,4.3062,4.2204,4.2616,61648.6
1730779200000,4.2616,4.3186,4.222,4.2655,50408.7
1730793600000,4.2655,4.3556,4.2385,4.3286,49087.2
1730808000000,4.3286,4.5002,4.2974,4.4204,89692.2
1730822400000,4.4204,4.4836,4.213,4.2304,83373.8
1730836800000,4.2304,4.272,4.1774,4.226,61658.2
1730851200000,4.226,4.7377,4.2114,4.6566,261146.3
1730865600000,4.6566,4.7381,4.5679,4.6118,153069.4
1730880000000,4.6118,4.7767,4.4495,4.7767,138843.4
1730894400000,4.7767,4.8186,4.6704,4.8041,99894.8
1730908800000,4.8041,5.132,4.7913,5.0805,133176.9
1730923200000,5.0805,5.2078,5.0154,5.1153,94604.1
1730937600000,5.1153,5.2919,5.0784,5.2084,89918.5
1730952000000,5.2084,5.2656,5.0289,5.076,102869.8
1730966400000,5.076,5.1426,5.0493,5.0545,45981.0
1730980800000,5.0545,5.2552,5.0255,5.2546,72652.8
1730995200000,5.2546,5.3274,5.1404,5.2002,98904.5
1731009600000,5.2002,5.2186,5.0713,5.1246,43922.1
1731024000000,5.1246,5.2356,5.038,5.0988,51840.8
1731038400000,5.0988,5.2222,5.0729,5.176,44401.7
1731052800000,5.176,5.2596,5.093,5.1646,65108.9
1731067200000,5.1646,5.45,5.1644,5.2415,152885.1
1731081600000,5.2415,5.3287,5.019,5.2918,134692.4
1731096000000,5.2918,5.4114,5.221,5.4082,52633.9
1731110400000,5.4082,5.4651,5.1935,5.2755,52340.6
1731124800000,5.2755,5.4205,5.2755,5.3631,50494.6
1731139200000,5.3631,5.5455,5.3526,5.484,69564.9
1731153600000,5.484,5.5375,5.2765,5.3363,57314.2
1731168000000,5.3363,5.3529,5.2069,5.2692,47209.2
1731182400000,5.2692,5.5741,5.2538,5.5297,73339.2
1731196800000,5.5297,5.5332,5.267,5.402,94090.4
1731211200000,5.402,5.5716,5.3828,5.512,108171.9
1731225600000,5.512,5.6617,5.4888,5.6123,125596.1
1731240000000,5.6123,5.7571,5.4551,5.6282,177835.5
1731254400000,5.6282,5.7436,5.4995,5.5681,146496.6
1731268800000,5.5681,5.63,5.2248,5.5798,88450.5
1731283200000,5.5798,5.8992,5.5508,5.7876,112979.0
1731297600000,5.7876,5.7977,5.4578,5.5721,94372.0
1731312000000,5.5721,5.7446,5.4743,5.7211,106137.6
1731326400000,5.7211,5.725,5.4717,5.5414,99778.7
1731340800000,5.5414,5.7723,5.5271,5.6804,126507.5
1731355200000,5.6804,5.8394,5.566,5.8008,124716.5
1731369600000,5.8008,5.8504,5.5821,5.7201,122873.2
1731384000000,5.7201,5.7723,5.5184,5.6896,161385.4
1731398400000,5.6896,5.7812,4.9976,5.1925,281327.5
1731412800000,5.1925,5.2441,5.021,5.1403,154240.0
1731427200000,5.1403,5.331,5.0207,5.2901,115063.2
1731441600000,5.2901,5.6976,5.2158,5.4747,107037.9
1731456000000,5.4747,5.5829,5.1297,5.1335,98208.8
1731470400000,5.1335,5.2324,4.937,5.0917,98674.1
1731484800000,5.0917,5.1866,5.0426,5.1126,59021.0
1731499200000,5.1126,5.312,5.0165,5.2764,166167.3
1731513600000,5.2764,5.2842,4.9009,4.9235,123317.2
1731528000000,4.9235,5.0379,4.8004,5.0335,103823.4
1731542400000,5.0335,5.1245,4.9623,5.093,68390.5
1731556800000,5.093,5.3845,5.0591,5.2086,116873.1
1731571200000,5.2086,5.2521,4.8799,4.97,81517.0
1731585600000,4.97,4.9993,4.7188,4.7759,111812.4
1731600000000,4.7759,4.9511,4.7615,4.8355,69908.2
1731614400000,4.8355,4.8757,4.6512,4.733,85560.4
1731628800000,4.733,4.8203,4.6324,4.7198,52863.2
1731643200000,4.7198,4.7665,4.5709,4.7065,55588.2
1731657600000,4.7065,4.8987,4.6457,4.8845,48571.6
1731672000000,4.8845,4.912,4.6734,4.7606,81167.7
1731686400000,4.7606,4.9021,4.7201,4.8486,66961.2
1731700800000,4.8486,4.9915,4.8399,4.934,69519.1
1731715200000,4.934,5.0101,4.8768,5.009,35073.5
1731729600000,5.009,5.0888,4.959,5.0044,39021.8
1731744000000,5.0044,5.396,4.9983,5.2023,136398.5
1731758400000,5.2023,5.2436,5.0104,5.0799,73355.4
1731772800000,5.0799,5.2866,5.0307,5.2103,73041.3
1731787200000,5.2103,5.2701,5.1444,5.231,40663.7
1731801600000,5.231,5.2378,4.8814,5.1199,86895.7
1731816000000,5.1199,5.3754,5.0958,5.3441,79946.8
1731830400000,5.3441,5.3866,5.1889,5.2155,71296.6
1731844800000,5.2155,5.3809,5.208,5.2602,84109.1
1731859200000,5.2602,5.3392,5.0634,5.1363,57971.4
1731873600000,5.1363,5.1542,4.9179,5.0241,58841.4
1731888000000,5.0241,5.1794,4.9677,5.1774,38449.8
1731902400000,5.1774,5.2415,5.0548,5.2355,44149.5
1731916800000,5.2355,5.2695,5.0525,5.0815,71291.5
1731931200000,5.0815,5.3827,5.0085,5.3473,111891.3
1731945600000,5.3473,5.5383,5.1694,5.2791,135370.0
1731960000000,5.2791,5.7521,5.2533,5.5595,163771.2
1731974400000,5.5595,5.567,5.4269,5.433,47281.2
1731988800000,5.433,5.4625,5.3278,5.3315,51705.6
1732003200000,5.3315,5.4651,5.2869,5.3964,46794.5
1732017600000,5.3964,5.4607,5.1752,5.2305,77197.6
1732032000000,5.2305,5.2809,5.1785,5.2165,50643.4
1732046400000,5.2165,5.2473,5.0163,5.162,53569.8
1732060800000,5.162,5.1626,4.9538,5.0429,35592.1
1732075200000,5.0429,5.1336,4.9958,5.0775,28813.6
1732089600000,5.0775,5.1723,5.0334,5.0895,47879.0
1732104000000,5.0895,5.1966,5.0017,5.119,53670.6
1732118400000,5.119,5.1465,4.8397,4.8984,65956.9
1732132800000,4.8984,5.0826,4.8508,4.9364,37757.7
1732147200000,4.9364,5.0635,4.809,4.9265,48693.6
1732161600000,4.9265,5.1394,4.918,5.024,58357.8
1732176000000,5.024,5.0621,4.8791,4.9974,38509.3
1732190400000,4.9974,5.4943,4.9925,5.2822,203015.0
1732204800000,5.2822,5.4089,5.2584,5.3114,85935.0
1732219200000,5.3114,5.4837,5.2408,5.418,53001.2
1732233600000,5.418,5.5268,5.3554,5.4435,59322.5
1732248000000,5.4435,5.7925,5.4085,5.4138,109487.0
1732262400000,5.4138,5.5696,5.3744,5.5416,73803.4
1732276800000,5.5416,5.6019,5.3923,5.5895,110121.2
1732291200000,5.5895,5.6546,5.3636,5.4056,106017.7
1732305600000,5.4056,5.7332,5.3708,5.708,84106.3
1732320000000,5.708,6.22,5.6556,5.8574,241077.7
1732334400000,5.8574,6.4014,5.7465,6.285,195779.6
1732348800000,6.285,6.3677,6.0126,6.2295,123204.1
1732363200000,6.2295,6.756,6.1467,6.604,238124.0
1732377600000,6.604,7.361,6.479,7.1214,644066.4
1732392000000,7.1214,7.6253,6.9549,7.1261,255376.4
1732406400000,7.1261,7.8625,7.0444,7.643,271129.8
1732420800000,7.643,7.767,7.1937,7.3245,176673.7
1732435200000,7.3245,7.3979,7.1144,7.1855,147537.8
1732449600000,7.1855,8.506,7.0757,7.608,839674.8
1732464000000,7.608,8.1333,7.5593,7.864,215524.2
1732478400000,7.864,8.0565,7.6663,7.9482,166198.2
1732492800000,7.9482,7.9581,7.4416,7.5665,139286.9
1732507200000,7.5665,7.7822,7.5503,7.7165,139449.6
1732521600000,7.7165,8.283,7.6846,7.7985,218300.2
1732536000000,7.7985,8.1384,7.462,8.0292,253156.9
1732550400000,8.0292,8.4928,7.7565,8.2995,305947.7
1732564800000,8.2995,8.4925,7.7345,7.7585,183712.6
1732579200000,7.7585,7.8531,7.4553,7.5078,123211.2
1732593600000,7.5078,7.7385,7.4438,7.4953,64321.5
1732608000000,7.4953,7.714,7.238,7.6787,195859.6
1732622400000,7.6787,8.4235,7.604,7.9198,320937.5
1732636800000,7.9198,8.588,7.7112,7.765,218539.4
1732651200000,7.765,8.3657,7.7005,8.2177,129118.6
1732665600000,8.2177,8.4353,7.7897,8.3515,118067.0
1732680000000,8.3515,8.6346,8.0182,8.37,190299.2
1732694400000,8.37,8.3745,7.9204,7.9993,118210.2
1732708800000,7.9993,8.3597,7.9508,8.0332,137366.9
1732723200000,8.0332,8.406,8.0258,8.0974,123245.4
1732737600000,8.0974,8.2602,8.0325,8.0655,79670.8
1732752000000,8.0655,8.441,7.9671,8.4064,131365.5
1732766400000,8.4064,8.8456,8.3434,8.5195,197736.2
1732780800000,8.5195,8.9386,8.3301,8.3813,126878.8
1732795200000,8.3813,8.4534,8.0985,8.1145,106766.0
1732809600000,8.1145,8.2964,8.0257,8.2133,67677.5
1732824000000,8.2133,8.4014,8.1398,8.2326,48880.6
1732838400000,8.2326,8.2574,8.0856,8.0967,46977.9
1732852800000,8.0967,8.244,8.041,8.0813,71555.0
1732867200000,8.0813,8.1996,8.0018,8.0943,82887.8
1732881600000,8.0943,8.2383,8.0219,8.0525,85984.8
1732896000000,8.0525,8.1011,7.8821,8.0651,82837.7
1732910400000,8.0651,8.1834,8.0054,8.0394,98193.2
1732924800000,8.0394,8.276,7.9788,8.2306,103733.8
1732939200000,8.2306,8.427,8.1891,8.3899,100930.3
1732953600000,8.3899,8.4572,8.0862,8.2678,85455.0
1732968000000,8.2678,8.399,8.1358,8.3328,66089.0
1732982400000,8.3328,8.4895,8.247,8.4514,66801.1
1732996800000,8.4514,8.5874,8.3627,8.3668,55889.1
1733011200000,8.3668,8.4491,8.0237,8.1095,71145.6
1733025600000,8.1095,8.1796,8.0344,8.1268,45769.5
1733040000000,8.1268,8.1677,8.0695,8.1319,36659.2
1733054400000,8.1319,8.2256,8.0847,8.1429,52967.8
1733068800000,8.1429,8.1679,7.9768,8.0235,54963.3
1733083200000,8.0235,8.0909,7.9088,8.0025,76750.3
1733097600000,8.0025,8.0444,7.6623,7.7189,112745.0
1733112000000,7.7189,7.7935,7.5154,7.6704,132443.5
1733126400000,7.6704,7.6813,7.2519,7.3385,125397.3
1733140800000,7.3385,7.6454,7.3168,7.5489,113121.1
1733155200000,7.5489,7.581,7.1833,7.2765,121738.7
1733169600000,7.2765,7.6829,7.2747,7.6805,82323.2
1733184000000,7.6805,7.7675,7.5491,7.6854,71493.7
1733198400000,7.6854,8.091,7.6567,7.8045,148255.0
1733212800000,7.8045,8.117,7.7669,7.9022,149491.9
1733227200000,7.9022,8.0581,7.3,7.8845,252164.3
1733241600000,7.8845,8.0344,7.6086,7.8806,82330.3
1733256000000,7.8806,8.1696,7.8806,8.0921,100233.9
1733270400000,8.0921,8.2606,7.9203,8.1395,96431.9
1733284800000,8.1395,8.4779,8.1385,8.4344,126486.9
1733299200000,8.4344,8.7836,8.3796,8.7465,125551.3
1733313600000,8.7465,8.8278,8.3837,8.624,153114.3
1733328000000,8.624,8.9221,8.1451,8.7007,219200.1
1733342400000,8.7007,8.8559,8.209,8.3266,113643.0
1733356800000,8.3266,8.3955,7.8432,8.1321,130309.4
1733371200000,8.1321,8.6216,8.0855,8.5766,92973.8
1733385600000,8.5766,8.65,8.431,8.5049,61729.1
1733400000000,8.5049,8.6892,8.2608,8.355,102994.8
1733414400000,8.355,8.7085,8.3056,8.4592,109918.8
1733428800000,8.4592,8.6191,8.0064,8.2432,140681.1
1733443200000,8.2432,8.7787,8.1823,8.6587,111817.2
1733457600000,8.6587,8.8364,8.5835,8.8089,69313.1
1733472000000,8.8089,8.9646,8.4106,8.4635,128004.5
1733486400000,8.4635,8.8927,8.2361,8.7843,110955.9
1733500800000,8.7843,9.2816,8.7508,9.0088,130779.2
1733515200000,9.0088,9.0312,8.8181,8.8363,48354.7
1733529600000,8.8363,8.9725,8.6403,8.6436,63198.5
1733544000000,8.6436,8.7271,8.5308,8.5635,77130.3
1733558400000,8.5635,8.6646,8.4993,8.594,51026.1
1733572800000,8.594,8.7243,8.5671,8.6254,45075.2
1733587200000,8.6254,8.6305,8.3895,8.4884,65519.2
1733601600000,8.4884,8.5507,8.4256,8.4641,31732.8
1733616000000,8.4641,8.5557,8.4185,8.445,30803.5
1733630400000,8.445,8.4621,8.1638,8.3446,50532.7
1733644800000,8.3446,8.3475,8.1351,8.2975,38253.8
1733659200000,8.2975,8.4196,8.2384,8.3525,36098.4
1733673600000,8.3525,8.3814,8.2278,8.3096,25165.5
1733688000000,8.3096,8.4154,8.2796,8.3795,19143.4
1733702400000,8.3795,8.3808,7.896,7.9685,66147.9
1733716800000,7.9685,8.0733,7.8108,7.9295,54349.4
1733731200000,7.9295,7.935,7.5817,7.6132,78378.5
1733745600000,7.6132,7.8216,7.4873,7.5375,93822.8
1733760000000,7.5375,7.6208,7.4183,7.4215,61376.4
1733774400000,7.4215,7.4372,5.75,6.6673,644057.7
1733788800000,6.6673,6.8368,6.2381,6.5175,146089.8
1733803200000,6.5175,6.9045,6.361,6.8803,99016.0
1733817600000,6.8803,6.9963,6.7319,6.8316,82693.2
1733832000000,6.8316,6.8531,6.322,6.3296,126630.4
1733846400000,6.3296,6.7359,6.2543,6.552,216336.6
1733860800000,6.552,6.7554,6.5175,6.6293,53343.4
1733875200000,6.6293,6.7304,6.3961,6.6792,59181.3
1733889600000,6.6792,6.7285,6.5641,6.5658,36872.2
1733904000000,6.5658,6.8156,6.5648,6.7505,54876.0
1733918400000,6.7505,7.2351,6.7436,7.2109,188351.2
1733932800000,7.2109,7.3728,7.1574,7.2595,119915.4
1733947200000,7.2595,7.2974,7.131,7.212,26227.1
1733961600000,7.212,7.6271,7.1985,7.5485,65497.8
1733976000000,7.5485,7.6555,7.4158,7.4225,52811.1
1733990400000,7.4225,7.6278,7.3259,7.3474,60402.9
1734004800000,7.3474,7.6317,7.3474,7.4807,88322.8
1734019200000,7.4807,7.6053,7.2041,7.2209,84166.3
1734033600000,7.2209,7.3692,7.1254,7.2154,56757.7
1734048000000,7.2154,7.3505,7.0802,7.339,38117.0
1734062400000,7.339,7.3642,7.0409,7.133,45593.9
1734076800000,7.133,7.3525,7.1091,7.2507,35430.9
1734091200000,7.2507,7.3056,7.051,7.0655,72305.2
1734105600000,7.0655,7.2162,7.0282,7.0765,75134.4
1734120000000,7.0765,7.1943,6.87,7.116,52097.7
1734134400000,7.116,7.2282,7.0344,7.0636,39261.1
1734148800000,7.0636,7.0796,6.9793,6.9946,17650.5
1734163200000,6.9946,7.0696,6.903,6.9131,34542.0
1734177600000,6.9131,6.9303,6.6626,6.7784,62396.2
1734192000000,6.7784,6.7996,6.601,6.7165,54707.0
1734206400000,6.7165,6.8653,6.6175,6.8508,22277.8
1734220800000,6.8508,6.9672,6.7707,6.8275,20403.3
1734235200000,6.8275,6.9265,6.631,6.6864,23356.0
1734249600000,6.6864,6.8356,6.6851,6.7885,27292.9
1734264000000,6.7885,7.0015,6.7434,6.9176,50674.1
1734278400000,6.9176,6.9775,6.7927,6.8615,37411.3
1734292800000,6.8615,6.9376,6.5434,6.8835,66959.1
1734307200000,6.8835,7.0799,6.7539,6.7856,81047.7
1734321600000,6.7856,6.838,6.6555,6.7444,37794.2
1734336000000,6.7444,6.7735,6.4189,6.4294,65356.3
1734350400000,6.4294,6.6071,6.4269,6.5652,42998.3
1734364800000,6.5652,6.8376,6.5239,6.702,59093.7
1734379200000,6.702,6.7951,6.556,6.5795,47724.0
1734393600000,6.5795,6.6255,6.4443,6.6215,42367.2
1734408000000,6.6215,6.6215,6.4535,6.4795,26654.8
1734422400000,6.4795,6.6576,6.4646,6.6107,52420.8
1734436800000,6.6107,6.688,6.3527,6.4091,56109.9
1734451200000,6.4091,6.604,6.3379,6.4664,40174.5
1734465600000,6.4664,6.5165,6.1574,6.2675,61980.3
1734480000000,6.2675,6.3281,6.1828,6.2196,37888.7
1734494400000,6.2196,6.2805,6.1052,6.2224,51267.7
1734508800000,6.2224,6.3536,6.1647,6.3053,40454.8
1734523200000,6.3053,6.31,6.1041,6.1924,39410.3
1734537600000,6.1924,6.3968,6.0725,6.0725,57598.4
1734552000000,6.0725,6.1425,5.6346,5.7475,228719.5
1734566400000,5.7475,5.8299,5.3758,5.7684,145163.3
1734580800000,5.7684,5.801,5.6689,5.7275,29324.2
1734595200000,5.7275,5.7588,5.6217,5.6792,58556.7
1734609600000,5.6792,5.7012,5.3607,5.4875,80009.5
1734624000000,5.4875,5.5666,4.9549,5.0893,267245.2
1734638400000,5.0893,5.2352,4.9209,5.102,116355.1
1734652800000,5.102,5.3636,5.0223,5.2755,55270.7
1734667200000,5.2755,5.3077,4.9894,5.0832,65227.7
1734681600000,5.0832,5.0881,4.3465,4.3694,297321.3
1734696000000,4.3694,4.9489,4.346,4.8973,167247.2
1734710400000,4.8973,5.2217,4.8646,5.1621,95656.3
1734724800000,5.1621,5.2772,5.0234,5.2364,71704.8
1734739200000,5.2364,5.3161,5.1808,5.2374,40553.3
1734753600000,5.2374,5.6715,5.2362,5.5604,58707.0
1734768000000,5.5604,5.5856,5.3132,5.3694,55389.6
1734782400000,5.3694,5.3751,4.9776,5.065,98654.2
1734796800000,5.065,5.0741,4.8305,4.9149,67521.7
1734811200000,4.9149,4.9944,4.8487,4.9422,35746.7
1734825600000,4.9422,5.039,4.8636,4.9585,35192.8
1734840000000,4.9585,5.02,4.8054,5.0005,41265.0
1734854400000,5.0005,5.1915,4.9953,5.1135,54515.4
1734868800000,5.1135,5.1753,4.9222,4.9632,59658.1
1734883200000,4.9632,5.0386,4.8094,4.8335,47186.4
1734897600000,4.8335,4.993,4.7833,4.9206,73190.1
1734912000000,4.9206,5.1165,4.7988,5.1015,55822.5
1734926400000,5.1015,5.1233,4.8777,4.9524,37401.2
1734940800000,4.9524,5.0821,4.9486,4.9964,29525.8
1734955200000,4.9964,5.0542,4.9061,4.9271,47997.4
1734969600000,4.9271,5.1138,4.9131,5.0795,37960.4
1734984000000,5.0795,5.4475,5.0759,5.3316,86359.1
1734998400000,5.3316,5.3394,5.1254,5.2434,36657.0
1735012800000,5.2434,5.3855,5.2174,5.259,53209.1
1735027200000,5.259,5.3136,5.1691,5.2596,37080.9
1735041600000,5.2596,5.5078,5.1905,5.4631,76770.5
1735056000000,5.4631,5.504,5.3067,5.3105,56100.3
1735070400000,5.3105,5.4036,5.2385,5.3796,41307.6
1735084800000,5.3796,5.4112,5.3072,5.3574,32425.0
1735099200000,5.3574,5.3929,5.2032,5.2094,49035.6
1735113600000,5.2094,5.33,5.1169,5.1265,56103.0
1735128000000,5.1265,5.1967,5.0997,5.1326,39625.5
1735142400000,5.1326,5.1476,5.0542,5.1246,23866.4
1735156800000,5.1246,5.1486,5.0405,5.1235,23720.4
1735171200000,5.1235,5.1706,4.9894,5.0044,29129.6
1735185600000,5.0044,5.0176,4.9607,4.9849,21244.2
1735200000000,4.9849,5.0005,4.8419,4.9074,45671.4
1735214400000,4.9074,4.9496,4.8615,4.8835,28970.1
1735228800000,4.8835,4.9226,4.8028,4.8844,38098.1
1735243200000,4.8844,4.9491,4.8168,4.9053,17784.4
1735257600000,4.9053,4.9736,4.8614,4.9045,32691.3
1735272000000,4.9045,4.9542,4.8109,4.8565,33770.0
1735286400000,4.8565,5.0862,4.8564,4.9795,83299.7
1735300800000,4.9795,4.988,4.7447,4.783,71274.2
1735315200000,4.783,4.883,4.713,4.8264,32343.4
1735329600000,4.8264,4.8336,4.6974,4.7465,26329.8
1735344000000,4.7465,4.7764,4.6879,4.7327,23396.2
1735358400000,4.7327,4.7629,4.6554,4.6594,20066.6
1735372800000,4.6594,4.7397,4.6575,4.7305,18218.9
1735387200000,4.7305,4.8595,4.6908,4.7814,45519.4
1735401600000,4.7814,4.8783,4.7642,4.8544,27899.5
1735416000000,4.8544,4.9955,4.8256,4.9254,31572.9
1735430400000,4.9254,4.9433,4.883,4.9401,17551.8
1735444800000,4.9401,4.9711,4.8614,4.9686,14171.5
1735459200000,4.9686,4.9686,4.8838,4.8854,17096.1
1735473600000,4.8854,4.9383,4.8105,4.8395,29336.2
1735488000000,4.8395,4.8473,4.7426,4.7765,19917.6
1735502400000,4.7765,4.7946,4.6944,4.7555,22130.2
1735516800000,4.7555,4.9518,4.7248,4.8745,40956.7
1735531200000,4.8745,4.9326,4.7915,4.8616,19436.1
1735545600000,4.8616,4.9074,4.7889,4.8604,22797.7
1735560000000,4.8604,4.9476,4.6546,4.6835,60297.6
1735574400000,4.6835,4.9083,4.6439,4.8946,37957.3
1735588800000,4.8946,4.9346,4.7093,4.7676,38101.6
1735603200000,4.7676,4.7676,4.622,4.6496,21912.3
1735617600000,4.6496,4.7372,4.625,4.6946,19510.3
1735632000000,4.6946,4.8515,4.6946,4.7605,23812.1
1735646400000,4.7605,4.867,4.7236,4.8065,27658.5
1735660800000,4.8065,4.822,4.6393,4.6655,24892.8
1735675200000,4.6655,4.688,4.5973,4.6205,21436.4
1735689600000,4.6205,4.7082,4.6115,4.6556,13124.6
1735704000000,4.6556,4.6756,4.6275,4.6646,9794.7
1735718400000,4.6646,4.6976,4.5545,4.6695,26399.9
1735732800000,4.6695,4.7371,4.641,4.7304,18706.1
1735747200000,4.7304,4.8497,4.6808,4.8265,26833.3
1735761600000,4.8265,4.8876,4.8194,4.8635,23170.5
1735776000000,4.8635,4.9595,4.8569,4.9375,24427.8
1735790400000,4.9375,5.0796,4.9375,5.0565,30318.0
1735804800000,5.0565,5.1852,5.0387,5.1184,38589.1
1735819200000,5.1184,5.1557,5.0285,5.0496,46533.1
1735833600000,5.0496,5.109,5.0128,5.0675,31368.4
1735848000000,5.0675,5.0957,4.9885,5.0664,18294.5
1735862400000,5.0664,5.109,5.003,5.0805,20204.4
1735876800000,5.0805,5.0836,4.9575,4.9655,22865.2
1735891200000,4.9655,5.1843,4.9614,5.1797,30458.9
1735905600000,5.1797,5.4006,5.1508,5.3974,80416.3
1735920000000,5.3974,5.4806,5.3948,5.4347,84562.7
1735934400000,5.4347,5.5071,5.3618,5.5005,81287.7
1735948800000,5.5005,5.6228,5.4094,5.4544,37487.3
1735963200000,5.4544,5.5151,5.3936,5.5151,18763.2
1735977600000,5.5151,5.5151,5.4154,5.4805,25395.7
1735992000000,5.4805,5.7058,5.477,5.5055,65872.9
1736006400000,5.5055,5.5487,5.4449,5.5205,38550.1
1736020800000,5.5205,5.6217,5.5184,5.5645,36022.3
1736035200000,5.5645,5.5791,5.4772,5.5275,16538.2
1736049600000,5.5275,5.5617,5.4837,5.5055,28411.6
1736064000000,5.5055,5.5215,5.4034,5.4466,30216.6
1736078400000,5.4466,5.4877,5.3656,5.4695,23306.3
1736092800000,5.4695,5.5411,5.4035,5.5183,28211.4
1736107200000,5.5183,5.6151,5.4918,5.5545,22522.6
1736121600000,5.5545,5.6261,5.4434,5.6253,30865.4
1736136000000,5.6253,5.6776,5.5204,5.5465,23729.0
1736150400000,5.5465,5.5675,5.3677,5.4865,67957.2
1736164800000,5.4865,5.5983,5.3575,5.5781,59880.0
1736179200000,5.5781,5.6715,5.4498,5.5324,60979.7
1736193600000,5.5324,5.5854,5.4605,5.5234,28205.4
1736208000000,5.5234,5.5378,5.4256,5.4784,17477.1
1736222400000,5.4784,5.5677,5.4514,5.4967,16635.4
1736236800000,5.4967,5.5966,5.4344,5.4815,30401.6
1736251200000,5.4815,5.5162,5.0714,5.1425,158829.0
1736265600000,5.1425,5.2511,4.9464,4.9825,93881.6
1736280000000,4.9825,5.0304,4.8743,4.8789,39716.6
1736294400000,4.8789,4.9383,4.6916,4.7395,100767.9
1736308800000,4.7395,4.7576,4.5606,4.6425,69277.9
1736323200000,4.6425,4.7063,4.5963,4.6209,72604.9
1736337600000,4.6209,4.6566,4.5437,4.6064,94521.2
1736352000000,4.6064,4.617,4.3349,4.4855,136640.7
1736366400000,4.4855,4.5324,4.4328,4.5135,42240.4
1736380800000,4.5135,4.6207,4.5,4.5334,48634.4
1736395200000,4.5334,4.6107,4.4478,4.4755,33117.5
1736409600000,4.4755,4.6205,4.4643,4.5766,32013.0
1736424000000,4.5766,4.707,4.3721,4.6678,80918.5
1736438400000,4.6678,4.7316,4.4898,4.5045,71052.8
1736452800000,4.5045,4.6043,4.4367,4.5325,35486.4
1736467200000,4.5325,4.5836,4.4966,4.5367,22018.3
1736481600000,4.5367,4.6958,4.5015,4.6439,41615.7
1736496000000,4.6439,4.6797,4.5856,4.6285,23790.4
1736510400000,4.6285,4.6411,4.4349,4.5543,71967.3
1736524800000,4.5543,4.6972,4.4898,4.6846,32660.1
1736539200000,4.6846,4.8709,4.621,4.8341,33766.1
1736553600000,4.8341,4.9019,4.7308,4.7664,52566.6
1736568000000,4.7664,4.7995,4.6064,4.6244,32340.8
1736582400000,4.6244,4.7516,4.5994,4.7484,27500.8
1736596800000,4.7484,4.7534,4.633,4.6445,17380.8
1736611200000,4.6445,4.6823,4.6255,4.6565,19936.1
1736625600000,4.6565,4.9523,4.6496,4.9295,80579.6
1736640000000,4.9295,4.9432,4.8095,4.8681,22956.5
1736654400000,4.8681,4.9446,4.8074,4.8426,17873.2
1736668800000,4.8426,4.8806,4.7653,4.8764,33342.0
1736683200000,4.8764,5.181,4.8548,5.1265,87534.2
1736697600000,5.1265,5.1523,4.9628,4.9645,46291.6
1736712000000,4.9645,5.0106,4.8047,4.933,59286.6
1736726400000,4.933,5.1141,4.7465,4.7714,47141.9
1736740800000,4.7714,4.9022,4.6444,4.7045,57965.3
1736755200000,4.7045,4.7338,4.3757,4.3805,105030.7
1736769600000,4.3805,4.6084,4.3176,4.527,120146.5
1736784000000,4.527,4.5535,4.3363,4.4174,58424.4
1736798400000,4.4174,4.6262,4.3872,4.6116,47897.6
1736812800000,4.6116,4.6592,4.5709,4.6146,21574.3
1736827200000,4.6146,4.7077,4.6146,4.6266,25663.0
1736841600000,4.6266,4.7821,4.6104,4.6475,39727.0
1736856000000,4.6475,4.7277,4.5819,4.6735,46591.0
1736870400000,4.6735,4.7482,4.6354,4.7133,19064.2
1736884800000,4.7133,4.827,4.6766,4.7666,15388.1
1736899200000,4.7666,4.7933,4.7065,4.7874,22937.6
1736913600000,4.7874,4.8273,4.7347,4.7974,17871.7
1736928000000,4.7974,4.8587,4.6317,4.6695,59162.2
1736942400000,4.6695,5.271,4.6337,5.1306,222806.4
1736956800000,5.1306,5.2347,5.0477,5.1568,51569.5
1736971200000,5.1568,5.2546,5.1326,5.2424,40180.4
1736985600000,5.2424,5.2673,5.0784,5.1504,36202.7
1737000000000,5.1504,5.1586,5.0588,5.0923,24820.6
1737014400000,5.0923,5.1099,4.9388,5.0099,62247.0
1737028800000,5.0099,5.1041,4.8826,5.0365,92988.0
1737043200000,5.0365,5.14,4.9932,5.0834,87479.9
1737057600000,5.0834,5.1082,4.956,5.0086,34630.8
1737072000000,5.0086,5.3672,5.0084,5.3335,63285.3
1737086400000,5.3335,5.4902,5.2886,5.357,102500.9
1737100800000,5.357,5.4098,5.3055,5.3635,80924.6
1737115200000,5.3635,5.4157,5.305,5.3384,61535.3
1737129600000,5.3384,5.41,5.2972,5.304,39996.9
1737144000000,5.304,5.4745,5.3035,5.3664,59915.6
1737158400000,5.3664,5.4761,5.1799,5.2025,36922.7
1737172800000,5.2025,5.2273,4.9568,4.9754,74312.6
1737187200000,4.9754,5.0316,4.8868,4.9884,55076.3
1737201600000,4.9884,5.0035,4.8668,4.9141,57698.6
1737216000000,4.9141,4.9461,4.7742,4.8516,78786.1
1737230400000,4.8516,4.8756,4.7605,4.8534,37493.7
1737244800000,4.8534,5.0061,4.8256,4.8795,58754.4
1737259200000,4.8795,4.8847,4.6784,4.7104,83387.3
1737273600000,4.7104,4.7124,4.4674,4.5115,145376.1
1737288000000,4.5115,4.981,4.494,4.8485,174016.2
1737302400000,4.8485,5.2841,4.8295,5.1495,113907.2
1737316800000,5.1495,5.1883,4.5481,4.6504,305597.3
1737331200000,4.6504,4.6615,4.3672,4.4705,180365.5
1737345600000,4.4705,5.2173,4.3976,4.973,211678.0
1737360000000,4.973,5.0046,4.8148,4.9676,66203.2
1737374400000,4.9676,4.9712,4.6727,4.7356,104030.5
1737388800000,4.7356,4.8196,4.4124,4.7015,221841.5
1737403200000,4.7015,4.7471,4.5522,4.6035,34798.2
1737417600000,4.6035,4.6286,4.4724,4.5005,53376.7
1737432000000,4.5005,4.5883,4.4014,4.5566,46215.0
1737446400000,4.5566,4.749,4.5184,4.7364,55728.8
1737460800000,4.7364,4.7947,4.6185,4.6706,68524.2
1737475200000,4.6706,4.9995,4.6492,4.9365,75534.7
1737489600000,4.9365,4.9866,4.8554,4.8865,46408.6
1737504000000,4.8865,4.962,4.8547,4.9435,24646.8
1737518400000,4.9435,4.9881,4.8727,4.8825,22640.6
1737532800000,4.8825,4.9495,4.8234,4.9055,31699.5
1737547200000,4.9055,4.9367,4.7289,4.7695,51924.1
1737561600000,4.7695,4.8757,4.7313,4.7945,36595.6
1737576000000,4.7945,4.8494,4.657,4.6796,29099.0
1737590400000,4.6796,4.6815,4.5328,4.5654,37682.2
1737604800000,4.5654,4.6396,4.5151,4.6355,26195.6
1737619200000,4.6355,4.6503,4.5477,4.6065,26545.4
1737633600000,4.6065,4.7445,4.5314,4.645,61847.6
1737648000000,4.645,4.7538,4.4667,4.498,53575.5
1737662400000,4.498,4.6755,4.4525,4.6346,79435.1
1737676800000,4.6346,4.6786,4.4995,4.5615,43815.9
1737691200000,4.5615,4.8388,4.5324,4.7335,56023.3
1737705600000,4.7335,4.7994,4.7167,4.7585,20388.7
1737720000000,4.7585,4.8264,4.657,4.7014,33728.7
1737734400000,4.7014,4.7482,4.6341,4.6425,26541.2
1737748800000,4.6425,4.6636,4.5127,4.5424,28145.0
1737763200000,4.5424,4.6177,4.4514,4.6075,26015.2
1737777600000,4.6075,4.6075,4.4893,4.4986,22573.2
1737792000000,4.4986,4.5256,4.4534,4.5095,18709.3
1737806400000,4.5095,4.6312,4.4704,4.6244,24641.7
1737820800000,4.6244,4.6626,4.5834,4.6016,19618.4
1737835200000,4.6016,4.6187,4.5355,4.5425,12822.4
1737849600000,4.5425,4.6175,4.5195,4.5786,15530.8
1737864000000,4.5786,4.6376,4.5453,4.5665,13399.0
1737878400000,4.5665,4.5916,4.5097,4.5605,13337.7
1737892800000,4.5605,4.6074,4.5299,4.5905,13775.9
1737907200000,4.5905,4.636,4.5614,4.6194,17216.7
1737921600000,4.6194,4.6256,4.3374,4.3461,43237.6
1737936000000,4.3461,4.3461,4.0565,4.1255,113901.5
1737950400000,4.1255,4.1255,3.8399,3.9625,123418.6
1737964800000,3.9625,4.0096,3.8803,3.9311,60017.9
1737979200000,3.9311,4.0766,3.8967,3.9745,107622.9
1737993600000,3.9745,3.9942,3.8228,3.9214,63281.2
1738008000000,3.9214,4.1254,3.9214,4.0525,48816.5
1738022400000,4.0525,4.1056,3.9734,4.0684,23498.8
1738036800000,4.0684,4.1217,4.0184,4.0306,21856.4
1738051200000,4.0306,4.0955,4.0045,4.0655,21453.4
1738065600000,4.0655,4.0774,3.9856,4.0263,25723.9
1738080000000,4.0263,4.0296,3.9063,3.9485,30863.9
1738094400000,3.9485,4.0267,3.7565,3.8065,74759.1
1738108800000,3.8065,3.9503,3.7954,3.9434,24491.1
1738123200000,3.9434,4.0376,3.9307,3.9935,38008.3
1738137600000,3.9935,4.0156,3.911,3.9435,18386.4
1738152000000,3.9435,3.9636,3.8379,3.8765,50033.1
1738166400000,3.8765,4.0332,3.8042,3.9765,84099.6
1738180800000,3.9765,4.0931,3.9115,3.9215,48188.7
1738195200000,3.9215,4.0869,3.8618,4.0634,34043.0
1738209600000,4.0634,4.0935,4.0268,4.0695,24945.5
1738224000000,4.0695,4.1872,4.0428,4.1795,34341.9
1738238400000,4.1795,4.3151,4.1429,4.2665,54290.6
1738252800000,4.2665,4.3583,4.2365,4.2785,57140.3
1738267200000,4.2785,4.2963,4.2237,4.2457,21977.6
1738281600000,4.2457,4.308,4.1544,4.1895,31892.2
1738296000000,4.1895,4.3212,4.1357,4.2745,30247.2
1738310400000,4.2745,4.438,4.2226,4.4285,42392.8
1738324800000,4.4285,4.5307,4.3876,4.5146,61698.7
1738339200000,4.5146,4.5396,4.2937,4.3448,71079.1
1738353600000,4.3448,4.3516,4.2464,4.3404,28348.2
1738368000000,4.3404,4.4372,4.2924,4.3755,20773.2
1738382400000,4.3755,4.4562,4.3066,4.3125,54239.5
1738396800000,4.3125,4.3332,4.1824,4.2695,28113.2
1738411200000,4.2695,4.3096,4.1649,4.1934,22862.5
1738425600000,4.1934,4.2266,3.9985,4.0175,34951.8
1738440000000,4.0175,4.0227,3.8754,3.9254,54287.3
1738454400000,3.9254,4.0253,3.8089,3.8275,45290.0
1738468800000,3.8275,3.9742,3.8184,3.8965,36894.0
1738483200000,3.8965,3.9636,3.8041,3.8195,47015.1
1738497600000,3.8195,3.9136,3.7785,3.8406,35525.6
1738512000000,3.8406,3.8406,3.2855,3.4385,289085.4
1738526400000,3.4385,3.5023,3.0004,3.2994,225887.7
1738540800000,3.2994,3.3112,2.3567,2.7532,657041.1
1738555200000,2.7532,2.9979,2.6264,2.9905,198734.7
1738569600000,2.9905,3.0519,2.8638,2.9935,135451.7
1738584000000,2.9935,3.2141,2.8649,3.1816,293072.2
1738598400000,3.1816,3.4056,3.1421,3.3525,213569.3
1738612800000,3.3525,3.5142,3.2489,3.4985,86059.4
1738627200000,3.4985,3.5108,3.2515,3.3025,63049.4
1738641600000,3.3025,3.3382,3.0428,3.1094,176452.2
1738656000000,3.1094,3.2456,3.0875,3.1804,88098.2
1738670400000,3.1804,3.3475,3.1804,3.2573,91924.1
1738684800000,3.2573,3.4068,3.2374,3.2385,78614.6
1738699200000,3.2385,3.2786,3.1227,3.2488,113914.0
1738713600000,3.2488,3.314,3.2235,3.2664,36378.4
1738728000000,3.2664,3.2816,3.1874,3.2275,52359.9
1738742400000,3.2275,3.2545,3.1759,3.2235,43737.3
1738756800000,3.2235,3.2625,3.1573,3.1945,50937.8
1738771200000,3.1945,3.2107,3.0104,3.0805,97701.4
1738785600000,3.0805,3.0975,2.9746,3.0255,45491.6
1738800000000,3.0255,3.061,2.9724,3.0315,33124.5
1738814400000,3.0315,3.1391,3.0134,3.0895,58211.1
1738828800000,3.0895,3.1022,2.9694,3.0065,82598.5
1738843200000,3.0065,3.0145,2.8234,2.8447,105085.1
1738857600000,2.8447,2.9967,2.8394,2.8935,148823.2
1738872000000,2.8935,2.9746,2.8764,2.9165,45614.7
1738886400000,2.9165,2.9992,2.9114,2.9365,23079.9
1738900800000,2.9365,2.9686,2.8613,2.9144,30192.1
1738915200000,2.9144,3.017,2.8975,3.0015,38208.9
1738929600000,3.0015,3.1073,2.9634,2.9965,81426.4
1738944000000,2.9965,2.9992,2.8875,2.8894,56560.0
1738958400000,2.8894,2.8926,2.7234,2.8195,61746.1
1738972800000,2.8195,2.8546,2.7929,2.8304,15791.9
1738987200000,2.8304,2.8516,2.7759,2.8285,24082.8
1739001600000,2.8285,2.8366,2.7864,2.8106,28121.5
1739016000000,2.8106,2.8946,2.7884,2.8636,65073.5
1739030400000,2.8636,3.0115,2.831,2.9814,50819.2
1739044800000,2.9814,3.0467,2.9694,3.0335,31237.7
1739059200000,3.0335,3.1267,3.0188,3.1175,36132.0
1739073600000,3.1175,3.1331,3.0674,3.1216,32663.4
1739088000000,3.1216,3.1865,3.096,3.122,39001.0
1739102400000,3.122,3.135,3.0313,3.0666,57193.2
1739116800000,3.0666,3.1055,3.0066,3.0164,24329.8
1739131200000,3.0164,3.1477,2.9175,3.1136,83745.9
1739145600000,3.1136,3.1712,3.0093,3.112,56253.8
1739160000000,3.112,3.206,3.0948,3.1495,36957.7
1739174400000,3.1495,3.2226,3.1335,3.2164,31976.2
1739188800000,3.2164,3.319,3.1697,3.2515,65270.5
1739203200000,3.2515,3.2716,3.1887,3.2275,37475.4
1739217600000,3.2275,3.2734,3.2039,3.2326,29648.2
1739232000000,3.2326,3.3735,3.2264,3.3674,33018.0
1739246400000,3.3674,3.5699,3.3414,3.5107,55686.7
1739260800000,3.5107,3.5503,3.4176,3.4475,97470.2
1739275200000,3.4475,3.4546,3.2854,3.3536,52126.5
1739289600000,3.3536,3.374,3.1844,3.2088,50717.3
1739304000000,3.2088,3.2835,3.1977,3.2237,27089.9
1739318400000,3.2237,3.2534,3.1425,3.1795,32465.7
1739332800000,3.1795,3.1986,3.103,3.1455,32197.6
1739347200000,3.1455,3.1836,3.1035,3.1374,21615.7
1739361600000,3.1374,3.1806,2.9681,3.0785,99800.6
1739376000000,3.0785,3.2195,3.049,3.2074,48171.1
1739390400000,3.2074,3.3082,3.1724,3.2214,106020.3
1739404800000,3.2214,3.2555,3.1798,3.2185,26477.4
1739419200000,3.2185,3.2242,3.0985,3.1045,39618.4
1739433600000,3.1045,3.1226,3.0542,3.0745,36628.5
1739448000000,3.0745,3.0922,2.9941,3.0401,48118.5
1739462400000,3.0401,3.0401,2.943,2.9795,48398.5
1739476800000,2.9795,3.0702,2.9795,3.0434,26498.0
1739491200000,3.0434,3.1136,3.0315,3.1055,21666.9
1739505600000,3.1055,3.1266,3.0694,3.1146,31055.0
1739520000000,3.1146,3.1926,3.1074,3.1476,43843.0
1739534400000,3.1476,3.2485,3.1071,3.2206,37168.8
1739548800000,3.2206,3.302,3.1899,3.2713,52434.5
1739563200000,3.2713,3.2724,3.1565,3.1795,27715.1
1739577600000,3.1795,3.2172,3.1383,3.2036,15250.1
1739592000000,3.2036,3.223,3.1298,3.1364,22595.3
1739606400000,3.1364,3.1596,3.0994,3.1185,19357.1
1739620800000,3.1185,3.1516,3.055,3.0794,24346.4
1739635200000,3.0794,3.1022,3.0479,3.0497,23807.0
1739649600000,3.0497,3.0721,3.0149,3.0666,17890.5
1739664000000,3.0666,3.0806,3.0065,3.0356,16035.4
1739678400000,3.0356,3.0746,3.0239,3.0343,16976.9
1739692800000,3.0343,3.0996,3.0188,3.0955,21794.2
1739707200000,3.0955,3.1086,3.0123,3.0505,30236.6
1739721600000,3.0505,3.0696,2.9789,3.0146,34524.6
1739736000000,3.0146,3.0595,2.9756,3.0293,23352.1
1739750400000,3.0293,3.1427,3.0287,3.0915,24725.6
1739764800000,3.0915,3.1116,2.999,3.0785,24518.6
1739779200000,3.0785,3.2184,3.0624,3.1953,46460.2
1739793600000,3.1953,3.2315,3.0958,3.1015,41589.3
1739808000000,3.1015,3.1229,2.999,3.0505,43203.1
1739822400000,3.0505,3.1813,3.0465,3.1305,33082.2
1739836800000,3.1305,3.2096,3.0946,3.1516,25845.4
1739851200000,3.1516,3.1846,3.0154,3.0575,60586.5
1739865600000,3.0575,3.0809,2.9928,3.0197,41647.2
1739880000000,3.0197,3.1944,3.0145,3.0385,67496.6
1739894400000,3.0385,3.0766,2.9312,2.9815,84072.8
1739908800000,2.9815,3.0534,2.9488,3.0018,34752.4
1739923200000,3.0018,3.0496,2.965,3.0024,31457.2
1739937600000,3.0024,3.0756,2.9273,3.0536,26169.9
1739952000000,3.0536,3.0854,3.0084,3.0784,35626.6
1739966400000,3.0784,3.1354,3.0305,3.0614,42097.5
1739980800000,3.0614,3.1955,3.0444,3.1684,52978.6
1739995200000,3.1684,3.2096,3.1235,3.1426,43750.7
1740009600000,3.1426,3.2865,3.1276,3.2646,32556.8
1740024000000,3.2646,3.318,3.1944,3.2414,30792.2
1740038400000,3.2414,3.6436,3.2404,3.6015,200037.2
1740052800000,3.6015,3.6274,3.4597,3.4625,104887.8
1740067200000,3.4625,3.5761,3.4579,3.5155,61043.4
1740081600000,3.5155,3.7771,3.4974,3.6615,135946.6
1740096000000,3.6615,3.7796,3.6345,3.7224,97314.3
1740110400000,3.7224,3.7926,3.6197,3.6526,52769.4
1740124800000,3.6526,3.7476,3.6097,3.6234,53958.5
1740139200000,3.6234,3.7815,3.5297,3.5845,89631.5
1740153600000,3.5845,3.7182,3.4622,3.4881,75627.3
1740168000000,3.4881,3.6287,3.4859,3.5902,51861.4
1740182400000,3.5902,3.6501,3.5037,3.5414,36349.7
1740196800000,3.5414,3.6756,3.5264,3.6526,37251.1
1740211200000,3.6526,3.8531,3.6356,3.839,88370.0
1740225600000,3.839,3.9902,3.7397,3.7865,130226.3
1740240000000,3.7865,3.8416,3.7719,3.8155,49675.1
1740254400000,3.8155,3.8485,3.7455,3.7586,32874.2
1740268800000,3.7586,3.8082,3.7164,3.7305,27340.1
1740283200000,3.7305,3.7806,3.7005,3.7655,27645.0
1740297600000,3.7655,3.7656,3.6764,3.7355,23582.7
1740312000000,3.7355,3.7805,3.6755,3.6804,35871.4
1740326400000,3.6804,3.7577,3.6804,3.7186,21487.7
1740340800000,3.7186,3.7418,3.6832,3.7095,19609.8
1740355200000,3.7095,3.7522,3.587,3.5875,61596.1
1740369600000,3.5875,3.6194,3.5397,3.5584,48230.9
1740384000000,3.5584,3.5753,3.4663,3.5215,44483.4
1740398400000,3.5215,3.5546,3.3984,3.4284,67816.6
1740412800000,3.4284,3.4514,3.3305,3.3645,45611.2
1740427200000,3.3645,3.4216,3.2014,3.2415,70560.7
1740441600000,3.2415,3.2872,3.1594,3.1625,49143.5
1740456000000,3.1625,3.1914,3.0149,3.1166,68598.3
1740470400000,3.1166,3.2216,3.0611,3.2114,65610.6
1740484800000,3.2114,3.4774,3.1537,3.4031,90894.1
1740499200000,3.4031,3.6921,3.3504,3.6799,147891.6
1740513600000,3.6799,3.8064,3.6097,3.6416,70659.9
1740528000000,3.6416,3.7911,3.5798,3.7375,55283.5
1740542400000,3.7375,3.9214,3.6764,3.8919,104007.9
1740556800000,3.8919,3.9191,3.7608,3.7665,86205.0
1740571200000,3.7665,3.9448,3.6755,3.8644,118645.6
1740585600000,3.8644,3.9877,3.731,3.8567,131487.4
1740600000000,3.8567,4.0899,3.8159,3.8295,93726.1
1740614400000,3.8295,3.9883,3.8294,3.9525,59701.9
1740628800000,3.9525,3.9576,3.7698,3.8435,43240.1
1740643200000,3.8435,3.868,3.771,3.7925,36922.1
1740657600000,3.7925,3.8304,3.7049,3.8011,64776.3
1740672000000,3.8011,3.8123,3.6395,3.6635,35211.2
1740686400000,3.6635,3.6867,3.6054,3.6386,38033.9
1740700800000,3.6386,3.6446,3.4325,3.4366,71846.9
1740715200000,3.4366,3.4872,3.4023,3.4275,57278.4
1740729600000,3.4275,3.513,3.3903,3.3986,49218.5
1740744000000,3.3986,3.6714,3.3938,3.667,108019.1
1740758400000,3.667,4.0771,3.6524,4.0748,101914.0
1740772800000,4.0748,4.1554,3.9837,4.0835,92368.6
1740787200000,4.0835,4.318,4.0395,4.184,93296.9
1740801600000,4.184,4.265,4.1515,4.2199,53087.9
1740816000000,4.2199,4.2594,4.0971,4.1126,62909.9
1740830400000,4.1126,4.1825,4.0604,4.1066,52411.6
1740844800000,4.1066,4.14,4.0631,4.1186,36562.1
1740859200000,4.1186,4.1914,4.0892,4.1674,26113.0
1740873600000,4.1674,4.2312,4.1305,4.1984,29911.9
1740888000000,4.1984,4.2197,4.1153,4.1455,20864.2
1740902400000,4.1455,4.2295,4.1274,4.2155,22900.4
1740916800000,4.2155,4.2636,4.082,4.1103,59355.3
1740931200000,4.1103,4.487,4.0925,4.3084,166568.4
1740945600000,4.3084,4.314,4.1283,4.1533,48247.7
1740960000000,4.1533,4.1601,3.903,3.9426,47243.9
1740974400000,3.9426,4.0102,3.8196,3.8296,53866.5
1740988800000,3.8296,3.8361,3.727,3.8074,58927.9
1741003200000,3.8074,3.8852,3.7136,3.7259,89454.4
1741017600000,3.7259,3.748,3.4103,3.4299,121061.7
1741032000000,3.4299,3.4984,3.3185,3.4185,68665.9
1741046400000,3.4185,3.4533,3.235,3.2774,89183.0
1741060800000,3.2774,3.4798,3.271,3.4404,68105.9
1741075200000,3.4404,3.5893,3.3843,3.3926,81808.5
1741089600000,3.3926,3.5481,3.3332,3.3835,84618.0
1741104000000,3.3835,3.5615,3.189,3.5056,92605.0
1741118400000,3.5056,3.5625,3.4145,3.4189,43306.8
1741132800000,3.4189,3.4436,3.3479,3.3534,29620.0
1741147200000,3.3534,3.3966,3.3301,3.3779,16944.2
1741161600000,3.3779,3.5033,3.3601,3.3715,51049.5
1741176000000,3.3715,3.4132,3.2593,3.2834,60619.5
1741190400000,3.2834,3.3882,3.2302,3.371,47062.0
1741204800000,3.371,3.4242,3.3604,3.377,18734.4
1741219200000,3.377,3.4374,3.3225,3.4296,33425.6
1741233600000,3.4296,3.4894,3.3768,3.3936,54127.0
1741248000000,3.3936,3.4076,3.3387,3.3606,38113.7
1741262400000,3.3606,3.3746,3.2999,3.3274,51572.7
1741276800000,3.3274,3.3462,3.2148,3.2364,41773.0
1741291200000,3.2364,3.289,3.1304,3.1725,68522.1
1741305600000,3.1725,3.2325,3.0634,3.1814,76593.7
1741320000000,3.1814,3.2365,3.1814,3.2315,18868.4
1741334400000,3.2315,3.2875,3.2005,3.2316,24919.8
1741348800000,3.2316,3.2805,3.1881,3.2339,36376.5
1741363200000,3.2339,3.3055,3.1613,3.2474,38450.1
1741377600000,3.2474,3.2512,3.126,3.1585,32042.1
1741392000000,3.1585,3.1927,3.0677,3.1914,34574.4
1741406400000,3.1914,3.2875,3.1674,3.2645,30186.1
1741420800000,3.2645,3.311,3.2445,3.2785,37731.7
1741435200000,3.2785,3.357,3.2454,3.2965,74314.1
1741449600000,3.2965,3.3391,3.2631,3.2805,26314.0
1741464000000,3.2805,3.3087,3.2774,3.2925,12758.7
1741478400000,3.2925,3.3042,3.255,3.2736,25468.2
1741492800000,3.2736,3.3276,3.2674,3.3066,31607.8
1741507200000,3.3066,3.347,3.2739,3.2986,50579.1
1741521600000,3.2986,3.3076,3.1483,3.1616,55695.0
1741536000000,3.1616,3.193,3.0112,3.1185,71455.0
1741550400000,3.1185,3.1551,3.0091,3.0305,56063.4
1741564800000,3.0305,3.1535,3.0119,3.0716,36657.0
1741579200000,3.0716,3.1247,3.0074,3.0465,50285.8
1741593600000,3.0465,3.1413,2.9638,3.1034,57328.2
1741608000000,3.1034,3.2059,3.0016,3.0994,81208.0
1741622400000,3.0994,3.108,2.737,2.8389,122878.1
1741636800000,2.8389,2.8934,2.7955,2.7987,38270.1
1741651200000,2.7987,2.8423,2.6314,2.7972,74661.6
1741665600000,2.7972,2.8785,2.793,2.8574,27328.4
1741680000000,2.8574,2.9919,2.8534,2.9615,44669.8
1741694400000,2.9615,3.0264,2.8525,2.9637,65976.2
1741708800000,2.9637,3.1996,2.9457,3.1866,69005.6
1741723200000,3.1866,3.2123,3.1484,3.2074,51040.2
1741737600000,3.2074,3.3212,3.1906,3.2064,93314.9
1741752000000,3.2064,3.3138,3.167,3.2945,56589.1
1741766400000,3.2945,3.449,3.292,3.4308,101674.5
1741780800000,3.4308,3.555,3.3065,3.3755,102237.1
1741795200000,3.3755,3.7037,3.3709,3.6869,135978.6
1741809600000,3.6869,3.7908,3.6279,3.6766,66918.3
1741824000000,3.6766,3.7205,3.6179,3.6486,31005.4
1741838400000,3.6486,3.6742,3.5665,3.5695,31710.7
1741852800000,3.5695,3.6356,3.541,3.5646,43738.3
1741867200000,3.5646,3.6092,3.5178,3.5684,45891.5
1741881600000,3.5684,3.5736,3.4269,3.5286,53338.4
1741896000000,3.5286,3.7126,3.5145,3.6308,51944.5
1741910400000,3.6308,3.6816,3.5848,3.6236,22199.5
1741924800000,3.6236,3.6362,3.569,3.5822,13891.4
1741939200000,3.5822,3.6806,3.5784,3.5874,30093.0
1741953600000,3.5874,3.715,3.5759,3.6195,59112.0
1741968000000,3.6195,3.6724,3.5485,3.5765,44314.0
1741982400000,3.5765,3.5996,3.5194,3.5286,20660.7
1741996800000,3.5286,3.5416,3.4964,3.5305,15049.6
1742011200000,3.5305,3.5735,3.5089,3.5689,17821.7
1742025600000,3.5689,3.7576,3.5689,3.7165,44009.6
1742040000000,3.7165,3.7545,3.6284,3.6435,21854.9
1742054400000,3.6435,3.6974,3.6334,3.643,16287.5
1742068800000,3.643,3.6956,3.6155,3.6169,12883.0
1742083200000,3.6169,3.6535,3.5939,3.6364,16938.6
1742097600000,3.6364,3.6854,3.6194,3.6225,7868.9
1742112000000,3.6225,3.6286,3.4898,3.4925,20383.3
1742126400000,3.4925,3.5395,3.4199,3.4514,23320.6
1742140800000,3.4514,3.5441,3.4018,3.4024,30759.1
1742155200000,3.4024,3.4376,3.3708,3.3865,17596.8
1742169600000,3.3865,3.4605,3.3838,3.4324,18009.6
1742184000000,3.4324,3.4416,3.3669,3.4295,26957.0
1742198400000,3.4295,3.4491,3.3744,3.3974,19732.8
1742212800000,3.3974,3.4326,3.3418,3.378,29200.7
1742227200000,3.378,3.5022,3.347,3.4729,28366.9
1742241600000,3.4729,3.4766,3.3689,3.3885,23721.0
1742256000000,3.3885,3.4534,3.3496,3.3724,25743.6
1742270400000,3.3724,3.4371,3.3328,3.3565,28501.7
1742284800000,3.3565,3.4066,3.239,3.2484,56941.5
1742299200000,3.2484,3.2578,3.1317,3.1455,84396.8
1742313600000,3.1455,3.1937,3.1231,3.1926,31696.4
1742328000000,3.1926,3.24,3.1624,3.2315,21708.1
1742342400000,3.2315,3.3116,3.1939,3.2976,35058.7
1742356800000,3.2976,3.3246,3.255,3.2925,25557.1
1742371200000,3.2925,3.3461,3.2594,3.3276,44646.4
1742385600000,3.3276,3.3596,3.2604,3.2809,54124.5
1742400000000,3.2809,3.3684,3.2324,3.3245,45986.1
1742414400000,3.3245,3.4401,3.3215,3.4184,58625.4
1742428800000,3.4184,3.4568,3.2863,3.3502,29356.5
1742443200000,3.3502,3.3515,3.3004,3.3134,13818.1
1742457600000,3.3134,3.3506,3.2539,3.2596,22373.3
1742472000000,3.2596,3.3672,3.2516,3.3295,31704.7
1742486400000,3.3295,3.3755,3.2654,3.366,23817.3
1742500800000,3.366,3.3806,3.3464,3.3509,12916.8
1742515200000,3.3509,3.3916,3.3387,3.3715,15499.8
1742529600000,3.3715,3.4246,3.3422,3.4125,20158.5
1742544000000,3.4125,3.4541,3.2765,3.2875,37203.7
1742558400000,3.2875,3.341,3.2514,3.3161,18047.0
1742572800000,3.3161,3.4494,3.287,3.3915,29046.4
1742587200000,3.3915,3.4236,3.2924,3.2955,22619.2
1742601600000,3.2955,3.3326,3.2644,3.3285,12858.9
1742616000000,3.3285,3.4266,3.3256,3.4204,14923.9
1742630400000,3.4204,3.4494,3.3813,3.3887,15995.0
1742644800000,3.3887,3.4315,3.3713,3.4254,10822.1
1742659200000,3.4254,3.4925,3.4025,3.425,40482.0
1742673600000,3.425,3.4326,3.3755,3.3814,12299.8
1742688000000,3.3814,3.4075,3.3215,3.4065,20848.5
1742702400000,3.4065,3.4112,3.3518,3.4086,8485.6
1742716800000,3.4086,3.4742,3.3974,3.4624,19552.6
1742731200000,3.4624,3.4924,3.4374,3.4705,19952.5
1742745600000,3.4705,3.5316,3.4436,3.5065,35656.7
1742760000000,3.5065,3.596,3.4909,3.5436,39221.3
1742774400000,3.5436,3.6351,3.5123,3.587,37205.1
1742788800000,3.587,3.6823,3.5675,3.6194,28738.2
1742803200000,3.6194,3.6624,3.5904,3.5946,24146.5
1742817600000,3.5946,3.7145,3.5805,3.6785,54377.4
1742832000000,3.6785,3.7136,3.6194,3.6701,18295.3
1742846400000,3.6701,3.6856,3.6156,3.6474,13222.9
1742860800000,3.6474,3.6905,3.6155,3.6474,14330.5
1742875200000,3.6474,3.7045,3.6244,3.6844,12359.9
1742889600000,3.6844,3.7536,3.6324,3.6755,35604.9
1742904000000,3.6755,3.698,3.6098,3.6214,32866.8
1742918400000,3.6214,3.6892,3.6185,3.6857,13340.1
1742932800000,3.6857,3.705,3.6434,3.6864,14657.4
1742947200000,3.6864,3.7244,3.6243,3.6314,10768.8
1742961600000,3.6314,3.7066,3.6044,3.7066,16929.3
1742976000000,3.7066,3.7144,3.652,3.6743,16911.1
1742990400000,3.6743,3.6816,3.4937,3.5415,36755.4
1743004800000,3.5415,3.5471,3.4666,3.5241,23145.3
1743019200000,3.5241,3.6335,3.5179,3.5824,27872.6
1743033600000,3.5824,3.7449,3.5774,3.7195,33271.9
1743048000000,3.7195,3.7694,3.6737,3.6995,19461.7
1743062400000,3.6995,3.7991,3.6579,3.6891,30017.3
1743076800000,3.6891,3.811,3.6242,3.7746,48414.6
1743091200000,3.7746,3.8052,3.6759,3.6776,24317.2
1743105600000,3.6776,3.7337,3.6743,3.7085,11687.4
1743120000000,3.7085,3.8123,3.6473,3.7521,23191.0
1743134400000,3.7521,3.7619,3.5944,3.6301,48762.0
1743148800000,3.6301,3.6932,3.5707,3.616,35395.1
1743163200000,3.616,3.642,3.5074,3.5155,28598.6
1743177600000,3.5155,3.5282,3.3759,3.3874,21233.8
1743192000000,3.3874,3.4492,3.3874,3.4294,14281.8
1743206400000,3.4294,3.4743,3.3671,3.4307,13040.2
1743220800000,3.4307,3.4335,3.2946,3.3116,19764.6
1743235200000,3.3116,3.33,3.2275,3.2496,15034.4
1743249600000,3.2496,3.2914,3.1988,3.1993,17228.9
1743264000000,3.1993,3.2105,3.1298,3.1875,15593.4
1743278400000,3.1875,3.2366,3.1478,3.2155,14261.3
1743292800000,3.2155,3.2637,3.1815,3.2285,10203.9
1743307200000,3.2285,3.3407,3.2285,3.3257,14960.1
1743321600000,3.3257,3.3785,3.2874,3.3036,12277.4
1743336000000,3.3036,3.3494,3.2646,3.3104,12622.1
1743350400000,3.3104,3.3256,3.2441,3.2811,12077.6
1743364800000,3.2811,3.2976,3.1929,3.2454,9565.7
1743379200000,3.2454,3.2753,3.1645,3.2115,14271.9
1743393600000,3.2115,3.3257,3.1654,3.1895,29669.0
1743408000000,3.1895,3.2141,3.1071,3.1605,23442.1
1743422400000,3.1605,3.208,3.079,3.1556,32531.1
1743436800000,3.1556,3.1691,3.0794,3.0961,17712.9
1743451200000,3.0961,3.1208,3.0222,3.0634,15853.6
1743465600000,3.0634,3.1341,3.0429,3.0959,14222.5
1743480000000,3.0959,3.158,3.0907,3.1279,10798.4
1743494400000,3.1279,3.2111,3.0974,3.1055,24602.4
1743508800000,3.1055,3.2107,3.072,3.1836,29501.0
1743523200000,3.1836,3.1993,3.1317,3.1385,12025.4
1743537600000,3.1385,3.1955,3.1039,3.1461,20032.6
1743552000000,3.1461,3.1503,3.0833,3.1053,10833.0
1743566400000,3.1053,3.1155,3.0325,3.0714,15946.5
1743580800000,3.0714,3.1167,3.0507,3.0516,16580.5
1743595200000,3.0516,3.1862,3.0346,3.1481,24025.1
1743609600000,3.1481,3.1996,3.1125,3.16,28507.9
1743624000000,3.16,3.235,2.8843,2.9145,59956.8
1743638400000,2.9145,2.9815,2.901,2.9345,28509.1
1743652800000,2.9345,2.9455,2.8488,2.8755,18372.5
1743667200000,2.8755,2.8985,2.7204,2.7426,58160.6
1743681600000,2.7426,2.7575,2.6585,2.7007,56006.9
1743696000000,2.7007,2.7496,2.6546,2.7285,27749.1
1743710400000,2.7285,2.8501,2.7055,2.8376,25858.3
1743724800000,2.8376,2.8606,2.8114,2.8335,16464.4
1743739200000,2.8335,2.8436,2.7929,2.8296,16229.2
1743753600000,2.8296,2.8545,2.6287,2.6602,65338.7
1743768000000,2.6602,2.7992,2.6275,2.7378,50239.1
1743782400000,2.7378,2.8044,2.7092,2.7475,36010.9
1743796800000,2.7475,2.7697,2.715,2.7305,21856.9
1743811200000,2.7305,2.7754,2.7058,2.7164,19670.3
1743825600000,2.7164,2.7776,2.7164,2.7736,17506.4
1743840000000,2.7736,2.7914,2.7418,2.7515,15316.0
1743854400000,2.7515,2.7527,2.6534,2.6626,27998.2
1743868800000,2.6626,2.6841,2.6354,2.6536,13302.5
1743883200000,2.6536,2.7064,2.6495,2.6974,9604.0
1743897600000,2.6974,2.7044,2.6388,2.6516,29863.4
1743912000000,2.6516,2.6516,2.5841,2.5934,23405.9
1743926400000,2.5934,2.6323,2.5789,2.6095,19918.3
1743940800000,2.6095,2.6106,2.4748,2.5266,43399.2
1743955200000,2.5266,2.5335,2.349,2.3944,69834.8
1743969600000,2.3944,2.4023,2.3005,2.3485,52338.0
1743984000000,2.3485,2.4415,2.2926,2.3375,60252.4
1743998400000,2.3375,2.3935,2.1488,2.2024,104860.0
1744012800000,2.2024,2.372,2.1935,2.3381,56284.0
1744027200000,2.3381,2.5784,2.3381,2.4764,116384.7
1744041600000,2.4764,2.527,2.4151,2.4646,37649.4
1744056000000,2.4646,2.5356,2.463,2.4799,27130.1
1744070400000,2.4799,2.5684,2.4624,2.5206,25899.3
1744084800000,2.5206,2.5357,2.4508,2.4636,46395.0
1744099200000,2.4636,2.5445,2.4419,2.5359,25072.9
1744113600000,2.5359,2.5501,2.4377,2.4555,38584.5
1744128000000,2.4555,2.4555,2.3504,2.358,45439.9
1744142400000,2.358,2.3846,2.3143,2.3319,32091.8
1744156800000,2.3319,2.353,2.24,2.2635,57980.0
1744171200000,2.2635,2.3773,2.2571,2.3671,34911.6
1744185600000,2.3671,2.3766,2.246,2.2643,64095.4
1744200000000,2.2643,2.3452,2.243,2.3205,40176.8
1744214400000,2.3205,2.5778,2.3117,2.5466,114776.5
1744228800000,2.5466,2.5954,2.5356,2.5575,54471.7
1744243200000,2.5575,2.5606,2.4867,2.5154,23835.0
1744257600000,2.5154,2.5804,2.485,2.5409,29571.5
1744272000000,2.5409,2.549,2.5015,2.5244,37003.7
1744286400000,2.5244,2.5884,2.4391,2.4545,48306.3
1744300800000,2.4545,2.4951,2.4329,2.4564,50175.9
1744315200000,2.4564,2.4712,2.4273,2.4476,17063.1
1744329600000,2.4476,2.5106,2.4385,2.4554,25278.9
1744344000000,2.4554,2.5106,2.449,2.4924,22708.5
1744358400000,2.4924,2.5306,2.4654,2.4795,51590.5
1744372800000,2.4795,2.5155,2.4591,2.5076,44581.0
1744387200000,2.5076,2.5641,2.4952,2.5325,29061.6
1744401600000,2.5325,2.6076,2.5079,2.5274,20677.1
1744416000000,2.5274,2.5442,2.4924,2.5105,11805.3
1744430400000,2.5105,2.5826,2.4968,2.5705,32070.3
1744444800000,2.5705,2.598,2.5553,2.5585,24636.4
1744459200000,2.5585,2.6774,2.5476,2.6615,84046.4
1744473600000,2.6615,2.6872,2.6118,2.6144,39809.5
1744488000000,2.6144,2.6741,2.5997,2.6505,29097.4
1744502400000,2.6505,2.6565,2.5774,2.5874,25824.9
1744516800000,2.5874,2.5887,2.5099,2.5616,20612.0
1744531200000,2.5616,2.5936,2.5431,2.5576,20694.5
1744545600000,2.5576,2.5689,2.4743,2.4985,51696.2
1744560000000,2.4985,2.5852,2.4204,2.4574,58407.5
1744574400000,2.4574,2.4842,2.3809,2.4186,25311.0
1744588800000,2.4186,2.5576,2.4154,2.4936,37316.7
1744603200000,2.4936,2.5206,2.425,2.4644,17567.0
1744617600000,2.4644,2.5426,2.463,2.5292,36107.6
1744632000000,2.5292,2.589,2.4434,2.4584,38637.3
1744646400000,2.4584,2.5185,2.4298,2.4955,19346.6
1744660800000,2.4955,2.5226,2.4663,2.4815,12189.1
1744675200000,2.4815,2.5299,2.4499,2.5204,16198.1
1744689600000,2.5204,2.5477,2.4887,2.5391,25033.4
1744704000000,2.5391,2.5485,2.4697,2.5006,43205.8
1744718400000,2.5006,2.5527,2.4439,2.4796,34045.2
1744732800000,2.4796,2.4813,2.4287,2.4466,24590.6
1744747200000,2.4466,2.4807,2.4255,2.4376,15354.1
1744761600000,2.4376,2.4646,2.3955,2.4305,9721.2
1744776000000,2.4305,2.4326,2.261,2.2886,40288.7
1744790400000,2.2886,2.3261,2.2676,2.3014,44361.5
1744804800000,2.3014,2.3355,2.2562,2.2975,45268.1
1744819200000,2.2975,2.3284,2.2264,2.3166,50431.5
1744833600000,2.3166,2.3421,2.2625,2.2814,21234.3
1744848000000,2.2814,2.3043,2.2504,2.2595,15455.7
1744862400000,2.2595,2.3377,2.251,2.3186,17860.1
1744876800000,2.3186,2.3315,2.2748,2.3115,18549.5
1744891200000,2.3115,2.3606,2.2647,2.3194,39982.6
1744905600000,2.3194,2.373,2.2985,2.317,30633.1
1744920000000,2.317,2.3627,2.317,2.3514,11876.7
1744934400000,2.3514,2.3784,2.3275,2.3715,13089.6
1744948800000,2.3715,2.4023,2.3466,2.4015,20080.5
1744963200000,2.4015,2.4275,2.3736,2.3916,25749.9
1744977600000,2.3916,2.3994,2.3543,2.3715,20781.9
1744992000000,2.3715,2.3986,2.366,2.3856,12588.9
1745006400000,2.3856,2.4005,2.3588,2.3815,10640.9
1745020800000,2.3815,2.4275,2.3744,2.4186,8944.9
1745035200000,2.4186,2.4317,2.398,2.4241,8712.3
1745049600000,2.4241,2.4287,2.3456,2.3884,36680.2
1745064000000,2.3884,2.423,2.3684,2.4125,19227.8
1745078400000,2.4125,2.4751,2.3979,2.4427,38748.3
1745092800000,2.4427,2.499,2.4345,2.4806,18370.2
1745107200000,2.4806,2.5246,2.4739,2.5206,12658.3
1745121600000,2.5206,2.5446,2.4739,2.4815,16914.9
1745136000000,2.4815,2.4906,2.4361,2.4525,25368.9
1745150400000,2.4525,2.4826,2.4335,2.4385,16842.6
1745164800000,2.4385,2.4816,2.4354,2.4803,14262.2
1745179200000,2.4803,2.5331,2.4739,2.5325,16931.6
1745193600000,2.5325,2.5903,2.5215,2.5415,38762.3
1745208000000,2.5415,2.6056,2.5275,2.6055,19520.1
1745222400000,2.6055,2.6314,2.5908,2.6107,24095.0
1745236800000,2.6107,2.6295,2.5825,2.6066,30656.2
1745251200000,2.6066,2.6117,2.5197,2.5696,41088.6
1745265600000,2.5696,2.5832,2.5435,2.5626,19396.3
1745280000000,2.5626,2.6184,2.5323,2.5864,31769.1
1745294400000,2.5864,2.5879,2.4754,2.5465,32461.0
1745308800000,2.5465,2.5584,2.5015,2.5286,30646.0
1745323200000,2.5286,2.6801,2.5243,2.6481,58942.6
1745337600000,2.6481,2.7092,2.6328,2.6685,41787.6
1745352000000,2.6685,2.7915,2.6526,2.7676,42080.6
1745366400000,2.7676,2.8385,2.7574,2.8316,36668.8
1745380800000,2.8316,2.846,2.7971,2.8257,43624.8
1745395200000,2.8257,2.8433,2.7837,2.8135,28592.5
1745409600000,2.8135,2.8815,2.7687,2.8011,65981.6
1745424000000,2.8011,2.8532,2.7449,2.7845,38671.3
1745438400000,2.7845,2.8131,2.7544,2.7653,16794.5
1745452800000,2.7653,2.8532,2.7215,2.7244,47387.8
1745467200000,2.7244,2.8126,2.7234,2.7506,22930.9
1745481600000,2.7506,2.7996,2.72,2.7914,31186.7
1745496000000,2.7914,2.9195,2.7758,2.8905,79675.3
1745510400000,2.8905,2.9074,2.8,2.8545,50896.2
1745524800000,2.8545,2.8732,2.8294,2.8705,19050.7
1745539200000,2.8705,2.91,2.7336,2.7957,31672.6
1745553600000,2.7957,2.9141,2.7837,2.8985,38280.0
1745568000000,2.8985,2.9311,2.8638,2.9235,54506.8
1745582400000,2.9235,2.9342,2.8198,2.846,78441.7
1745596800000,2.846,2.8826,2.8148,2.8446,33222.3
1745611200000,2.8446,2.8948,2.8337,2.8645,16969.5
1745625600000,2.8645,2.9702,2.8645,2.9354,19524.9
1745640000000,2.9354,2.9724,2.8929,2.9464,20976.0
1745654400000,2.9464,2.9813,2.8336,2.85,39140.8
1745668800000,2.85,2.8986,2.8034,2.8924,22052.2
1745683200000,2.8924,2.8996,2.853,2.8886,9852.0
1745697600000,2.8886,2.9496,2.8723,2.9474,15175.6
1745712000000,2.9474,2.96,2.8305,2.8984,18551.1
1745726400000,2.8984,2.9105,2.8233,2.8667,19243.0
1745740800000,2.8667,2.8806,2.8259,2.8515,14556.2
1745755200000,2.8515,2.8617,2.7838,2.8273,23171.7
1745769600000,2.8273,2.8793,2.7974,2.8696,17647.9
1745784000000,2.8696,2.903,2.8446,2.8624,17583.2
1745798400000,2.8624,2.9477,2.7656,2.8914,47768.9
1745812800000,2.8914,2.9782,2.8658,2.9433,60877.6
1745827200000,2.9433,3.029,2.8884,2.9667,103130.5
1745841600000,2.9667,2.9695,2.7722,2.7965,67845.7
1745856000000,2.7965,2.913,2.7883,2.8965,36178.6
1745870400000,2.8965,2.953,2.878,2.9286,26044.3
1745884800000,2.9286,2.9649,2.9027,2.9375,25914.4
1745899200000,2.9375,2.964,2.887,2.9555,22802.8
1745913600000,2.9555,2.9682,2.8594,2.8645,25481.8
1745928000000,2.8645,2.8781,2.8144,2.8196,34971.9
1745942400000,2.8196,2.844,2.7825,2.7876,35947.5
1745956800000,2.7876,2.7997,2.6831,2.7366,54482.3
1745971200000,2.7366,2.7645,2.7044,2.7535,17054.7
1745985600000,2.7535,2.785,2.727,2.743,17928.9
1746000000000,2.743,2.7806,2.7333,2.7698,22127.0
1746014400000,2.7698,2.7783,2.6109,2.6835,60878.3
1746028800000,2.6835,2.7337,2.6507,2.6904,32381.6
1746043200000,2.6904,2.7252,2.6625,2.6875,33001.8
1746057600000,2.6875,2.7514,2.6768,2.6792,16423.0
1746072000000,2.6792,2.7583,2.673,2.7507,31402.1
1746086400000,2.7507,2.7804,2.7418,2.7637,49760.9
1746100800000,2.7637,2.7778,2.7067,2.7256,37103.2
1746115200000,2.7256,2.7562,2.6724,2.6839,40493.2
1746129600000,2.6839,2.7154,2.6096,2.6325,27628.0
1746144000000,2.6325,2.6781,2.6244,2.6528,20395.1
1746158400000,2.6528,2.6606,2.571,2.5924,28595.1
1746172800000,2.5924,2.6284,2.5914,2.5985,22049.2
1746187200000,2.5985,2.659,2.5733,2.6226,30046.5
1746201600000,2.6226,2.6606,2.5355,2.5396,53756.3
1746216000000,2.5396,2.576,2.5337,2.5536,22299.7
1746230400000,2.5536,2.5586,2.5144,2.5315,20795.4
1746244800000,2.5315,2.5456,2.5144,2.5213,12956.1
1746259200000,2.5213,2.5327,2.4472,2.4504,29706.9
1746273600000,2.4504,2.4964,2.4504,2.4856,24654.7
1746288000000,2.4856,2.4896,2.3814,2.4624,34877.9
1746302400000,2.4624,2.4806,2.4406,2.4496,14147.0
1746316800000,2.4496,2.4686,2.4186,2.4295,14759.8
1746331200000,2.4295,2.4625,2.4224,2.4305,13850.1
1746345600000,2.4305,2.4316,2.3944,2.4147,21992.8
1746360000000,2.4147,2.4276,2.384,2.4023,24668.7
1746374400000,2.4023,2.4105,2.3545,2.3744,22816.8
1746388800000,2.3744,2.4084,2.362,2.3885,20350.4
1746403200000,2.3885,2.4217,2.3558,2.4001,29060.3
1746417600000,2.4001,2.4386,2.3945,2.4375,16668.5
1746432000000,2.4375,2.4552,2.3699,2.3805,29357.3
1746446400000,2.3805,2.3983,2.3525,2.3685,19351.2
1746460800000,2.3685,2.415,2.3665,2.3725,23814.3
1746475200000,2.3725,2.394,2.3177,2.3564,30774.4
1746489600000,2.3564,2.3822,2.3226,2.3735,29483.9
1746504000000,2.3735,2.3962,2.3637,2.3864,23077.7
1746518400000,2.3864,2.3886,2.3004,2.3225,31511.6
1746532800000,2.3225,2.3668,2.3084,2.3305,46210.5
1746547200000,2.3305,2.3916,2.3154,2.3674,22793.8
1746561600000,2.3674,2.3795,2.2679,2.3575,37799.7
1746576000000,2.3575,2.4003,2.3379,2.3628,27192.6
1746590400000,2.3628,2.3846,2.3363,2.3815,14008.7
1746604800000,2.3815,2.4216,2.3675,2.4215,35959.6
1746619200000,2.4215,2.423,2.3706,2.3715,19728.7
1746633600000,2.3715,2.4266,2.3423,2.3934,34439.3
1746648000000,2.3934,2.4617,2.3885,2.4385,24471.6
1746662400000,2.4385,2.5028,2.4225,2.4989,31073.2
1746676800000,2.4989,2.946,2.4989,2.7094,252419.1
1746691200000,2.7094,2.7452,2.6059,2.6305,301708.1
1746705600000,2.6305,2.6845,2.5646,2.6519,191642.0
1746720000000,2.6519,2.771,2.6461,2.7065,124737.5
1746734400000,2.7065,2.8078,2.6905,2.7425,122188.2
1746748800000,2.7425,2.7822,2.7032,2.7079,86279.6
1746763200000,2.7079,2.8784,2.6607,2.8525,216819.7
1746777600000,2.8525,2.9482,2.7945,2.9391,212373.7
1746792000000,2.9391,2.9833,2.844,2.8733,167171.3
1746806400000,2.8733,2.957,2.8304,2.9255,63337.3
1746820800000,2.9255,3.09,2.9164,3.0576,99530.7
1746835200000,3.0576,3.16,2.9897,3.0318,76393.5
1746849600000,3.0318,3.2567,3.0087,3.2108,88959.8
1746864000000,3.2108,3.2834,3.0688,3.0935,123179.4
1746878400000,3.0935,3.2152,3.0934,3.1306,110148.5
1746892800000,3.1306,3.2,3.116,3.1796,55913.8
1746907200000,3.1796,3.364,3.1508,3.3435,76365.1
1746921600000,3.3435,3.3858,3.1934,3.3275,89549.9
1746936000000,3.3275,3.3616,3.1091,3.1416,92061.7
1746950400000,3.1416,3.2192,3.1108,3.1901,49270.3
1746964800000,3.1901,3.2519,3.1382,3.1616,72523.3
1746979200000,3.1616,3.2337,3.1076,3.2043,56131.7
1746993600000,3.2043,3.2296,3.164,3.2116,25308.3
1747008000000,3.2116,3.2752,3.151,3.2315,44090.9
1747022400000,3.2315,3.379,3.1845,3.2719,71743.9
1747036800000,3.2719,3.331,3.1755,3.1836,95666.8
1747051200000,3.1836,3.2646,3.0738,3.1125,104319.3
1747065600000,3.1125,3.2172,3.008,3.138,84312.2
1747080000000,3.138,3.2009,3.1149,3.1686,31504.2
1747094400000,3.1686,3.1695,2.9591,2.9726,45660.0
1747108800000,2.9726,3.1862,2.9649,3.1577,68077.5
1747123200000,3.1577,3.2365,3.1415,3.1695,49557.5
1747137600000,3.1695,3.244,3.1155,3.2214,62175.3
1747152000000,3.2214,3.374,3.2132,3.3089,81822.9
1747166400000,3.3089,3.3421,3.2724,3.3164,42838.4
1747180800000,3.3164,3.402,3.2759,3.3115,59216.0
1747195200000,3.3115,3.3411,3.223,3.2315,51386.2
1747209600000,3.2315,3.2454,3.1498,3.199,59013.1
1747224000000,3.199,3.1994,3.0478,3.0811,78505.6
1747238400000,3.0811,3.1003,3.024,3.0811,42822.3
1747252800000,3.0811,3.1024,3.0269,3.0555,22246.1
1747267200000,3.0555,3.0844,2.9671,2.9749,32441.4
1747281600000,2.9749,3.0006,2.7924,2.8044,88379.9
1747296000000,2.8044,2.8911,2.7763,2.8214,83182.7
1747310400000,2.8214,2.8746,2.7416,2.8596,100796.5
1747324800000,2.8596,2.9403,2.7793,2.8134,98313.1
1747339200000,2.8134,2.8308,2.6908,2.7554,69299.9
1747353600000,2.7554,2.8197,2.7436,2.8045,52803.6
1747368000000,2.8045,2.82,2.7555,2.7845,52977.1
1747382400000,2.7845,2.7935,2.715,2.7495,80190.8
1747396800000,2.7495,2.7754,2.7048,2.7453,51083.2
1747411200000,2.7453,2.7586,2.6874,2.7386,41085.3
1747425600000,2.7386,2.7461,2.6429,2.6765,32287.5
1747440000000,2.6765,2.6944,2.5739,2.6594,53763.3
1747454400000,2.6594,2.6813,2.6247,2.6474,21614.2
1747468800000,2.6474,2.6605,2.6014,2.6255,29203.5
1747483200000,2.6255,2.6497,2.5764,2.6126,26609.8
1747497600000,2.6126,2.6178,2.5527,2.5645,34458.4
1747512000000,2.5645,2.6051,2.537,2.5786,25018.8
1747526400000,2.5786,2.6015,2.5605,2.578,20411.7
1747540800000,2.578,2.6626,2.5765,2.6584,32095.6
1747555200000,2.6584,2.7038,2.6475,2.6585,42191.5
1747569600000,2.6585,2.7754,2.6365,2.7629,60786.3
1747584000000,2.7629,2.7749,2.5688,2.571,67800.6
1747598400000,2.571,2.722,2.5023,2.7075,91151.1
1747612800000,2.7075,2.7297,2.5544,2.5659,67958.4
1747627200000,2.5659,2.5912,2.514,2.5604,37499.9
1747641600000,2.5604,2.5751,2.5305,2.5646,29172.3
1747656000000,2.5646,2.627,2.5228,2.6145,32545.7
1747670400000,2.6145,2.678,2.5925,2.639,40794.2
1747684800000,2.639,2.6513,2.6104,2.6364,15738.4
1747699200000,2.6364,2.6988,2.6105,2.6605,41432.4
1747713600000,2.6605,2.701,2.6391,2.6514,25922.1
1747728000000,2.6514,2.6612,2.5827,2.6044,33285.7
1747742400000,2.6044,2.6213,2.5669,2.6175,22703.4
1747756800000,2.6175,2.6516,2.5604,2.6395,41130.1
1747771200000,2.6395,2.6936,2.6205,2.6795,30989.6
1747785600000,2.6795,2.6996,2.6328,2.6784,26060.4
1747800000000,2.6784,2.7189,2.6454,2.6544,51178.1
1747814400000,2.6544,2.6667,2.5813,2.6204,65546.0
1747828800000,2.6204,2.671,2.5937,2.6654,69315.2
1747843200000,2.6654,2.749,2.5563,2.6148,175859.3
1747857600000,2.6148,2.7017,2.5843,2.6447,60721.6
1747872000000,2.6447,2.7389,2.6396,2.7225,89545.6
1747886400000,2.7225,2.7496,2.685,2.7485,87917.6
1747900800000,2.7485,2.82,2.7416,2.7673,107873.9
1747915200000,2.7673,2.8609,2.7268,2.8184,123212.7
1747929600000,2.8184,2.8819,2.7905,2.8243,100739.6
1747944000000,2.8243,2.8576,2.7886,2.8375,50029.7
1747958400000,2.8375,2.97,2.824,2.9298,128311.1
1747972800000,2.9298,2.9446,2.8365,2.929,100062.7
1747987200000,2.929,3.0669,2.8496,2.8719,237717.7
1748001600000,2.8719,2.8771,2.754,2.7825,226593.3
1748016000000,2.7825,2.8146,2.7056,2.7153,132964.8
1748030400000,2.7153,2.7171,2.4654,2.4855,132004.3
1748044800000,2.4855,2.5571,2.4644,2.5446,92818.0
1748059200000,2.5446,2.5766,2.5314,2.5416,57099.5
1748073600000,2.5416,2.5993,2.5185,2.5855,94527.8
1748088000000,2.5855,2.6086,2.5564,2.5775,81103.4
1748102400000,2.5775,2.5962,2.5543,2.5625,27003.1
1748116800000,2.5625,2.5645,2.5057,2.5364,32399.3
1748131200000,2.5364,2.5646,2.4704,2.5625,38151.1
1748145600000,2.5625,2.5752,2.5191,2.5245,28858.7
1748160000000,2.5245,2.5245,2.4745,2.5124,44734.3
1748174400000,2.5124,2.5273,2.4334,2.4836,49788.2
1748188800000,2.4836,2.5051,2.4475,2.4915,31444.3
1748203200000,2.4915,2.5662,2.4739,2.5593,41230.8
1748217600000,2.5593,2.6017,2.5487,2.5765,61051.7
1748232000000,2.5765,2.6747,2.5765,2.6575,74699.0
1748246400000,2.6575,2.6945,2.6294,2.6394,68696.5
1748260800000,2.6394,2.6769,2.6048,2.6485,66126.8
1748275200000,2.6485,2.6688,2.5732,2.589,53860.1
1748289600000,2.589,2.6282,2.5777,2.5956,35242.7
1748304000000,2.5956,2.6209,2.5133,2.5845,58918.5
1748318400000,2.5845,2.6456,2.5688,2.6294,39175.4
1748332800000,2.6294,2.6661,2.6294,2.6582,56839.5
1748347200000,2.6582,2.7136,2.6177,2.6674,66847.4
1748361600000,2.6674,2.6966,2.6418,2.6546,61156.2
1748376000000,2.6546,2.6707,2.6239,2.6463,21483.7
1748390400000,2.6463,2.684,2.6264,2.6524,23308.2
1748404800000,2.6524,2.67,2.6074,2.6204,28186.5
1748419200000,2.6204,2.6617,2.5676,2.6602,42662.9
1748433600000,2.6602,2.698,2.5659,2.5895,63560.1
1748448000000,2.5895,2.633,2.5278,2.5347,41915.0
1748462400000,2.5347,2.62,2.5218,2.6175,31792.6
1748476800000,2.6175,2.7027,2.5955,2.6545,86280.8
1748491200000,2.6545,2.6598,2.5793,2.5945,53743.5
1748505600000,2.5945,2.6271,2.5739,2.6085,49198.1
1748520000000,2.6085,2.6085,2.5177,2.5526,57189.0
1748534400000,2.5526,2.5735,2.489,2.5161,49566.4
1748548800000,2.5161,2.5535,2.4924,2.5045,25235.1
1748563200000,2.5045,2.5205,2.2947,2.3945,148099.9
1748577600000,2.3945,2.4147,2.3314,2.3535,43988.2
1748592000000,2.3535,2.3875,2.3325,2.3816,47643.6
1748606400000,2.3816,2.3866,2.3285,2.3424,61090.0
1748620800000,2.3424,2.3545,2.2284,2.3035,106392.2
1748635200000,2.3035,2.3082,2.1234,2.1536,74025.9
1748649600000,2.1536,2.1585,2.0498,2.0996,123297.0
1748664000000,2.0996,2.1572,2.0814,2.1464,37119.8
1748678400000,2.1464,2.164,2.1244,2.128,33529.8
1748692800000,2.128,2.1996,2.1235,2.1694,44847.0
1748707200000,2.1694,2.2326,2.162,2.2194,25686.1
1748721600000,2.2194,2.2297,2.195,2.2025,25164.4
1748736000000,2.2025,2.2161,2.161,2.1896,27037.4
1748750400000,2.1896,2.2214,2.1844,2.1945,2443.2
1748764800000,2.1945,2.1986,2.1444,2.1735,5058.3
1748779200000,2.1735,2.21,2.1543,2.2024,4608.4
1748793600000,2.2024,2.2266,2.1606,2.1942,7703.0
1748808000000,2.1942,2.2389,2.1854,2.2194,3698.0
1748822400000,2.2194,2.2295,2.169,2.1765,7347.0
1748836800000,2.1765,2.1962,2.1445,2.1755,4538.4
1748851200000,2.1755,2.1947,2.1314,2.1526,8506.8
1748865600000,2.1526,2.2019,2.1454,2.1895,7621.9
1748880000000,2.1895,2.2104,2.1634,2.1755,5207.5
1748894400000,2.1755,2.279,2.1755,2.2496,10421.7
1748908800000,2.2496,2.3025,2.2454,2.2555,6775.2
1748923200000,2.2555,2.2855,2.239,2.2436,6071.5
1748937600000,2.2436,2.2761,2.2233,2.2584,4348.0
1748952000000,2.2584,2.3011,2.2508,2.2855,11244.0
1748966400000,2.2855,2.3011,2.2648,2.2985,7174.6
1748980800000,2.2985,2.3008,2.2275,2.2485,6473.2
1748995200000,2.2485,2.2862,2.2324,2.2685,3510.0
1749009600000,2.2685,2.2742,2.234,2.2425,5086.7
1749024000000,2.2425,2.2644,2.2109,2.2126,6402.1
1749038400000,2.2126,2.2413,2.1922,2.2364,8272.2
1749052800000,2.2364,2.2374,2.1667,2.1695,5796.0
1749067200000,2.1695,2.1776,2.1234,2.1505,10665.3
1749081600000,2.1505,2.1856,2.1462,2.1704,4980.7
1749096000000,2.1704,2.1775,2.1362,2.1548,4160.6
1749110400000,2.1548,2.1712,2.1331,2.1535,7000.1
1749124800000,2.1535,2.1962,2.1088,2.1585,12318.0
1749139200000,2.1585,2.1617,1.993,2.0225,22525.8
1749153600000,2.0225,2.0286,1.9348,1.9686,24047.6
1749168000000,1.9686,2.0082,1.9668,2.0055,10271.1
1749182400000,2.0055,2.0377,2.0014,2.0245,7025.4
1749196800000,2.0245,2.049,2.0245,2.0337,4481.2
1749211200000,2.0337,2.0751,2.0311,2.0486,9512.0
1749225600000,2.0486,2.0556,1.8932,1.9168,26416.2
1749240000000,1.9168,1.9576,1.9129,1.9495,14100.2
1749254400000,1.9495,2.0285,1.9456,2.0196,5949.1
1749268800000,2.0196,2.0396,2.0085,2.0285,7937.3
1749283200000,2.0285,2.0336,2.0023,2.0155,5064.7
1749297600000,2.0155,2.0586,2.0155,2.0414,7820.0
1749312000000,2.0414,2.049,2.0156,2.0444,4190.1
1749326400000,2.0444,2.0761,2.0444,2.0554,4661.1
1749340800000,2.0554,2.0572,2.0328,2.0355,3362.8
1749355200000,2.0355,2.0425,2.0127,2.0155,3304.5
1749369600000,2.0155,2.032,1.9934,2.0285,11313.9
1749384000000,2.0285,2.0365,1.9964,2.0306,8835.5
1749398400000,2.0306,2.0551,2.0225,2.0344,6726.2
1749412800000,2.0344,2.0543,2.0024,2.0086,6718.8
1749427200000,2.0086,2.0226,1.9909,2.0066,5364.0
1749441600000,2.0066,2.0136,1.9513,1.9786,8740.5
1749456000000,1.9786,2.047,1.9635,2.0343,13004.7
1749470400000,2.0343,2.0543,1.9974,2.0216,11566.0
1749484800000,2.0216,2.0572,2.0215,2.0293,9575.8
1749499200000,2.0293,2.1272,2.0254,2.1272,18429.5
1749513600000,2.1272,2.1523,2.1046,2.1124,9449.2
1749528000000,2.1124,2.1251,2.0695,2.1247,9730.6
1749542400000,2.1247,2.1757,2.105,2.1733,21567.8
1749556800000,2.1733,2.2187,2.1377,2.1754,28260.8
1749571200000,2.1754,2.2016,2.1528,2.1765,13600.3
1749585600000,2.1765,2.2084,2.15,2.2035,13867.9
1749600000000,2.2035,2.213,2.1575,2.2044,5910.6
1749614400000,2.2044,2.2186,2.1814,2.2106,6238.2
1749628800000,2.2106,2.2251,2.1302,2.1435,16343.5
1749643200000,2.1435,2.273,2.1364,2.2564,21831.8
1749657600000,2.2564,2.2643,2.1644,2.1706,11859.7
1749672000000,2.1706,2.2043,2.0828,2.1065,12872.5
1749686400000,2.1065,2.1104,2.063,2.0694,6980.8
1749700800000,2.0694,2.0736,2.0413,2.0515,12346.5
1749715200000,2.0515,2.1333,2.0387,2.0445,19352.4
1749729600000,2.0445,2.0983,2.0214,2.0329,14795.1
1749744000000,2.0329,2.0803,1.9695,1.9786,16227.2
1749758400000,1.9786,1.9896,1.9214,1.9264,18878.6
1749772800000,1.9264,1.9276,1.7239,1.7914,45860.0
1749787200000,1.7914,1.8092,1.7734,1.7991,12984.5
1749801600000,1.7991,1.8233,1.7384,1.7674,15957.8
1749816000000,1.7674,1.7885,1.7386,1.7725,19120.1
1749830400000,1.7725,1.8038,1.7324,1.7523,12233.9
1749844800000,1.7523,1.8106,1.7483,1.8044,10644.5
1749859200000,1.8044,1.8166,1.7934,1.8123,5065.7
1749873600000,1.8123,1.8487,1.8065,1.8154,7756.0
1749888000000,1.8154,1.8302,1.7987,1.8284,3645.0
1749902400000,1.8284,1.8461,1.7938,1.8044,30552.1
1749916800000,1.8044,1.8105,1.7595,1.7706,7158.2
1749931200000,1.7706,1.8014,1.746,1.7937,5229.1
1749945600000,1.7937,1.8126,1.7904,1.7936,2776.7
1749960000000,1.7936,1.8138,1.7725,1.7797,3145.4
1749974400000,1.7797,1.7817,1.7572,1.7746,5652.1
1749988800000,1.7746,1.8026,1.7614,1.7806,10101.1
1750003200000,1.7806,1.7835,1.7325,1.7365,11327.8
1750017600000,1.7365,1.7602,1.6864,1.7564,14740.0
1750032000000,1.7564,1.7823,1.7275,1.7555,6342.3
1750046400000,1.7555,1.8111,1.7544,1.8036,9954.8
1750060800000,1.8036,1.8202,1.7832,1.8018,10782.2
1750075200000,1.8018,1.8327,1.7859,1.8027,12281.5
1750089600000,1.8027,1.8296,1.796,1.8104,13498.2
1750104000000,1.8104,1.8327,1.7128,1.7191,14844.9
1750118400000,1.7191,1.7406,1.6615,1.7235,15171.3
1750132800000,1.7235,1.7283,1.69,1.7035,7290.1
1750147200000,1.7035,1.7037,1.6726,1.6975,19827.8
1750161600000,1.6975,1.7194,1.6225,1.641,16752.4
1750176000000,1.641,1.6825,1.5945,1.6635,34094.7
1750190400000,1.6635,1.6807,1.6405,1.6555,7956.8
1750204800000,1.6555,1.6855,1.6544,1.6805,7666.0
1750219200000,1.6805,1.6977,1.6775,1.6936,5505.4
1750233600000,1.6936,1.6991,1.6375,1.6605,9086.1
1750248000000,1.6605,1.6915,1.6095,1.6546,12718.5
1750262400000,1.6546,1.6917,1.6415,1.6502,13271.7
1750276800000,1.6502,1.7133,1.6454,1.6856,13721.9
1750291200000,1.6856,1.7066,1.674,1.6904,3880.6
1750305600000,1.6904,1.7035,1.6615,1.6644,5569.4
1750320000000,1.6644,1.6716,1.6463,1.6514,7189.6
1750334400000,1.6514,1.6596,1.6175,1.6316,6309.1
1750348800000,1.6316,1.6546,1.6084,1.6265,6739.2
1750363200000,1.6265,1.6485,1.6223,1.6406,6191.5
1750377600000,1.6406,1.6495,1.6154,1.6225,3834.8
1750392000000,1.6225,1.6706,1.6023,1.6664,6447.4
1750406400000,1.6664,1.6786,1.6516,1.6666,5333.5
1750420800000,1.6666,1.6776,1.6064,1.6146,9748.3
1750435200000,1.6146,1.6151,1.5235,1.5916,22414.5
1750449600000,1.5916,1.6044,1.5614,1.5743,9544.2
1750464000000,1.5743,1.6085,1.5743,1.6016,4706.8
1750478400000,1.6016,1.6177,1.5945,1.5995,3427.3
1750492800000,1.5995,1.6036,1.5853,1.5905,3362.2
1750507200000,1.5905,1.5966,1.5407,1.5573,7167.9
1750521600000,1.5573,1.5646,1.5016,1.5025,7324.1
1750536000000,1.5025,1.5266,1.4264,1.4666,24593.3
1750550400000,1.4666,1.496,1.4001,1.4085,19093.4
1750564800000,1.4085,1.4513,1.4039,1.4295,15317.6
1750579200000,1.4295,1.4335,1.398,1.4165,11004.5
1750593600000,1.4165,1.4266,1.3417,1.382,29161.1
1750608000000,1.382,1.3884,1.3464,1.3526,12642.5
1750622400000,1.3526,1.4067,1.3114,1.4015,20093.1
1750636800000,1.4015,1.4129,1.3854,1.3965,7374.5
1750651200000,1.3965,1.4278,1.3963,1.4196,9560.5
1750665600000,1.4196,1.4265,1.4024,1.4187,8335.9
1750680000000,1.4187,1.4713,1.409,1.4276,13324.1
1750694400000,1.4276,1.4881,1.38,1.4867,26420.1
1750708800000,1.4867,1.5936,1.4844,1.5879,24723.3
1750723200000,1.5879,1.6006,1.569,1.5714,12025.6
1750737600000,1.5714,1.6356,1.5556,1.5984,14686.9
1750752000000,1.5984,1.61,1.5711,1.5845,10640.4
1750766400000,1.5845,1.6052,1.5715,1.5915,9175.7
1750780800000,1.5915,1.6596,1.591,1.6125,15155.5
1750795200000,1.6125,1.6845,1.6015,1.6844,15692.9
1750809600000,1.6844,1.6852,1.6478,1.6575,16825.9
1750824000000,1.6575,1.6736,1.6174,1.6255,11810.6
1750838400000,1.6255,1.6427,1.6016,1.6426,13159.7
1750852800000,1.6426,1.6847,1.6174,1.6215,18337.4
1750867200000,1.6215,1.6343,1.5969,1.6126,9271.6
1750881600000,1.6126,1.6266,1.5705,1.5786,4696.9
1750896000000,1.5786,1.6338,1.5676,1.5816,7845.8
1750910400000,1.5816,1.6011,1.5489,1.5824,6909.9
1750924800000,1.5824,1.5876,1.5374,1.5385,7414.0
1750939200000,1.5385,1.5445,1.4755,1.4915,27128.9
1750953600000,1.4915,1.4922,1.4408,1.4535,18447.6
1750968000000,1.4535,1.4724,1.4224,1.4261,23590.9
1750982400000,1.4261,1.4461,1.4087,1.4406,12328.5
1750996800000,1.4406,1.4688,1.4265,1.4303,7681.7
1751011200000,1.4303,1.4561,1.4234,1.4323,9156.8
1751025600000,1.4323,1.47,1.4219,1.4655,9854.1
1751040000000,1.4655,1.4782,1.3878,1.4015,23468.4
1751054400000,1.4015,1.4453,1.3977,1.4414,6930.5
1751068800000,1.4414,1.455,1.4384,1.4435,2776.0
1751083200000,1.4435,1.4504,1.4314,1.4434,3423.8
1751097600000,1.4434,1.4546,1.4308,1.4454,5637.8
1751112000000,1.4454,1.4645,1.4418,1.4625,5731.2
1751126400000,1.4625,1.4843,1.4534,1.4771,9630.4
1751140800000,1.4771,1.4931,1.4618,1.4794,7893.9
1751155200000,1.4794,1.4826,1.4458,1.4464,6217.7
1751169600000,1.4464,1.4571,1.4429,1.4544,5089.8
1751184000000,1.4544,1.4656,1.4429,1.4505,11131.3
1751198400000,1.4505,1.4645,1.4264,1.4455,8891.1
1751212800000,1.4455,1.4792,1.434,1.4765,11525.2
1751227200000,1.4765,1.5533,1.4494,1.5336,23946.6
1751241600000,1.5336,1.5552,1.474,1.4786,11314.7
1751256000000,1.4786,1.4792,1.438,1.4634,10468.9
1751270400000,1.4634,1.4646,1.4071,1.4107,21477.9
1751284800000,1.4107,1.4166,1.3745,1.3904,24672.6
1751299200000,1.3904,1.435,1.3855,1.4236,27882.8
1751313600000,1.4236,1.4346,1.3807,1.3894,11858.7
1751328000000,1.3894,1.3963,1.3577,1.3637,13282.1
1751342400000,1.3637,1.368,1.3378,1.3665,12410.3
1751356800000,1.3665,1.3692,1.3475,1.3526,8466.2
1751371200000,1.3526,1.3782,1.3399,1.3716,14475.7
1751385600000,1.3716,1.384,1.351,1.3565,7590.5
1751400000000,1.3565,1.3616,1.3361,1.3515,7233.4
1751414400000,1.3515,1.3861,1.3494,1.3696,5204.2
1751428800000,1.3696,1.4212,1.3653,1.4075,15426.3
1751443200000,1.4075,1.4535,1.4056,1.4285,22962.9
1751457600000,1.4285,1.4714,1.4265,1.4587,20524.3
1751472000000,1.4587,1.5145,1.4554,1.5134,28274.1
1751486400000,1.5134,1.608,1.5128,1.5744,37863.1
1751500800000,1.5744,1.6316,1.5626,1.5934,21022.0
1751515200000,1.5934,1.6605,1.5904,1.6547,24186.7
1751529600000,1.6547,1.664,1.6037,1.6066,22803.9
1751544000000,1.6066,1.6444,1.5673,1.5695,28996.9
1751558400000,1.5695,1.624,1.5684,1.6166,14941.8
1751572800000,1.6166,1.6496,1.6147,1.6474,10109.3
1751587200000,1.6474,1.6692,1.6216,1.6384,12956.4
1751601600000,1.6384,1.6406,1.5696,1.5726,15499.6
1751616000000,1.5726,1.5865,1.5598,1.5626,15548.2
1751630400000,1.5626,1.5706,1.516,1.5175,19573.8
1751644800000,1.5175,1.5207,1.4928,1.5044,10716.5
1751659200000,1.5044,1.5382,1.502,1.5102,7240.4
1751673600000,1.5102,1.5246,1.4996,1.506,6340.3
1751688000000,1.506,1.5162,1.4728,1.5102,9287.2
1751702400000,1.5102,1.5102,1.4877,1.4878,3842.5
1751716800000,1.4878,1.4895,1.4728,1.4745,5689.6
1751731200000,1.4745,1.4802,1.4519,1.4725,6167.6
1751745600000,1.4725,1.493,1.4707,1.4895,9448.9
1751760000000,1.4895,1.4952,1.4753,1.4786,4522.7
1751774400000,1.4786,1.4846,1.4728,1.4784,2331.4
1751788800000,1.4784,1.4888,1.4654,1.4784,6115.6
1751803200000,1.4784,1.5293,1.473,1.5143,11196.0
1751817600000,1.5143,1.5293,1.5118,1.5205,4702.0
1751832000000,1.5205,1.6631,1.5196,1.6175,30848.1
1751846400000,1.6175,1.6521,1.5954,1.642,12647.6
1751860800000,1.642,1.6798,1.6327,1.6768,24411.5
1751875200000,1.6768,1.681,1.6155,1.6265,21285.2
1751889600000,1.6265,1.6396,1.5769,1.5825,26017.7
1751904000000,1.5825,1.5976,1.557,1.5866,17538.5
1751918400000,1.5866,1.5866,1.5538,1.5727,9488.3
1751932800000,1.5727,1.5853,1.5465,1.5585,10161.9
1751947200000,1.5585,1.5674,1.5486,1.5605,4391.1
1751961600000,1.5605,1.6342,1.5396,1.6185,18917.8
1751976000000,1.6185,1.6599,1.5774,1.5885,27460.4
1751990400000,1.5885,1.6296,1.5644,1.6114,20930.3
1752004800000,1.6114,1.6246,1.5969,1.5975,5488.2
1752019200000,1.5975,1.6085,1.5659,1.5705,8176.6
1752033600000,1.5705,1.7039,1.5703,1.6556,25808.1
1752048000000,1.6556,1.6564,1.608,1.6156,24875.4
1752062400000,1.6156,1.6386,1.593,1.6115,21364.1
1752076800000,1.6115,1.6736,1.6036,1.6653,19935.7
1752091200000,1.6653,1.7329,1.6482,1.6915,24894.9
1752105600000,1.6915,1.7009,1.6664,1.6805,11822.3
1752120000000,1.6805,1.7212,1.6704,1.7154,13969.1
1752134400000,1.7154,1.7362,1.7017,1.7105,14323.8
1752148800000,1.7105,1.7583,1.6905,1.7035,16239.1
1752163200000,1.7035,1.7691,1.6967,1.7298,22819.4
1752177600000,1.7298,1.8654,1.7284,1.8428,32863.7
1752192000000,1.8428,1.898,1.8128,1.8884,17623.6
1752206400000,1.8884,1.9586,1.8606,1.8751,24193.8
1752220800000,1.8751,1.9357,1.8744,1.8984,14919.3
1752235200000,1.8984,1.9718,1.8984,1.9123,23874.3
1752249600000,1.9123,2.0196,1.9094,2.0195,19494.9
1752264000000,2.0195,2.0613,1.9132,1.9334,23966.7
1752278400000,1.9334,1.9466,1.8812,1.9285,9779.5
1752292800000,1.9285,1.9363,1.8617,1.9034,12855.4
1752307200000,1.9034,1.9156,1.8848,1.8975,9201.8
1752321600000,1.8975,1.9137,1.8051,1.8164,21529.0
1752336000000,1.8164,1.8866,1.8094,1.8825,7227.7
1752350400000,1.8825,1.8845,1.8373,1.8574,5133.1
1752364800000,1.8574,1.8773,1.8454,1.8613,5318.2
1752379200000,1.8613,1.911,1.8536,1.895,7865.7
1752393600000,1.895,1.9007,1.8543,1.9006,8500.9
1752408000000,1.9006,1.9262,1.88,1.8895,17707.2
1752422400000,1.8895,1.9191,1.8663,1.8956,10542.2
1752436800000,1.8956,1.9191,1.8494,1.8895,12527.6
1752451200000,1.8895,1.9872,1.8769,1.9725,13378.8
1752465600000,1.9725,2.0202,1.9522,1.9816,22769.4
1752480000000,1.9816,1.9851,1.9414,1.9656,18843.6
1752494400000,1.9656,1.9838,1.8897,1.9114,19028.9
1752508800000,1.9114,1.9374,1.8683,1.8763,8578.2
1752523200000,1.8763,1.8806,1.8432,1.8605,7086.8
1752537600000,1.8605,1.8816,1.7925,1.8166,12445.9
1752552000000,1.8166,1.8492,1.7969,1.8246,7202.1
1752566400000,1.8246,1.8476,1.8046,1.8375,5831.5
1752580800000,1.8375,1.8996,1.81,1.8846,18218.3
1752595200000,1.8846,1.9896,1.8834,1.9026,28759.2
1752609600000,1.9026,1.9865,1.8957,1.9795,8927.0
1752624000000,1.9795,1.9965,1.9235,1.9416,10310.6
1752638400000,1.9416,1.9914,1.922,1.977,10135.8
1752652800000,1.977,1.9865,1.9454,1.9534,13937.5
1752667200000,1.9534,1.9944,1.9309,1.9475,22154.5
1752681600000,1.9475,2.0411,1.9405,2.0295,19908.1
1752696000000,2.0295,2.0877,1.9897,1.9964,14234.6
1752710400000,1.9964,2.033,1.8939,1.9125,12449.4
1752724800000,1.9125,1.9872,1.9054,1.9803,22559.0
1752739200000,1.9803,2.0086,1.935,1.9535,23748.1
1752753600000,1.9535,1.9883,1.9038,1.9615,21101.9
1752768000000,1.9615,1.9646,1.8999,1.9054,19462.1
1752782400000,1.9054,1.9756,1.867,1.9405,29775.9
1752796800000,1.9405,2.0225,1.9249,2.0184,26894.7
1752811200000,2.0184,2.1116,2.0098,2.0365,41529.2
1752825600000,2.0365,2.061,2.0061,2.0296,23757.8
1752840000000,2.0296,2.0976,1.9521,1.9675,31504.0
1752854400000,1.9675,1.9986,1.9238,1.9505,20870.7
1752868800000,1.9505,1.9926,1.8948,1.9606,29199.5
1752883200000,1.9606,2.0154,1.8854,2.0096,12384.5
1752897600000,2.0096,2.0282,1.955,1.9566,11319.7
1752912000000,1.9566,1.9585,1.9216,1.9235,11479.0
1752926400000,1.9235,1.9345,1.8876,1.9116,9478.0
1752940800000,1.9116,1.9958,1.9015,1.9954,10998.7
1752955200000,1.9954,2.0196,1.9614,1.9915,19546.6
1752969600000,1.9915,2.0176,1.9698,1.9967,11194.5
1752984000000,1.9967,2.055,1.9865,2.0337,10812.9
1752998400000,2.0337,2.2096,2.0334,2.1936,46531.7
1753012800000,2.1936,2.2641,2.1838,2.2488,61885.0
1753027200000,2.2488,2.2596,2.1535,2.1815,26904.4
1753041600000,2.1815,2.1921,2.1136,2.1636,18733.2
1753056000000,2.1636,2.1996,2.1076,2.1876,15778.3
1753070400000,2.1876,2.2041,2.1567,2.187,15669.8
1753084800000,2.187,2.2421,2.176,2.2225,19240.7
1753099200000,2.2225,2.2856,2.1965,2.2436,32134.2
1753113600000,2.2436,2.2541,2.1674,2.1826,30995.8
1753128000000,2.1826,2.2552,2.1715,2.2433,10544.7
1753142400000,2.2433,2.2504,2.1296,2.1555,23999.0
1753156800000,2.1555,2.1664,2.0938,2.1222,22798.8
1753171200000,2.1222,2.1612,2.0659,2.1485,17095.9
1753185600000,2.1485,2.1792,2.0852,2.1461,18728.9
1753200000000,2.1461,2.1825,2.117,2.1335,16440.5
1753214400000,2.1335,2.2102,2.1263,2.2046,9696.3
1753228800000,2.2046,2.2096,2.1514,2.1726,9493.3
1753243200000,2.1726,2.2021,2.1204,2.1295,12166.9
1753257600000,2.1295,2.148,2.077,2.0965,15086.9
1753272000000,2.0965,2.1032,1.97,2.0335,42458.2
1753286400000,2.0335,2.0335,1.9296,1.9611,20268.3
1753300800000,1.9611,1.9714,1.8637,1.9275,22417.9
1753315200000,1.9275,1.9515,1.9104,1.9205,14565.5
1753329600000,1.9205,1.9311,1.7435,1.8165,35748.4
1753344000000,1.8165,1.8518,1.795,1.8435,26597.7
1753358400000,1.8435,1.895,1.7897,1.8754,34183.2
1753372800000,1.8754,1.9085,1.8165,1.8776,16331.9
1753387200000,1.8776,1.9023,1.8057,1.8262,14306.4
1753401600000,1.8262,1.8605,1.7808,1.8135,18720.9
1753416000000,1.8135,1.8505,1.7854,1.8326,14627.5
1753430400000,1.8326,1.9088,1.8297,1.8856,20308.6
1753444800000,1.8856,1.9245,1.8159,1.8414,23785.9
1753459200000,1.8414,1.8702,1.8178,1.8485,9900.6
1753473600000,1.8485,1.9592,1.8467,1.9465,21221.1
1753488000000,1.9465,1.9622,1.9344,1.9505,8263.7
1753502400000,1.9505,1.9705,1.9249,1.9335,18252.5
1753516800000,1.9335,1.9573,1.9268,1.9365,9174.1
1753531200000,1.9365,1.9513,1.9254,1.9444,9549.8
1753545600000,1.9444,1.969,1.9287,1.9664,8023.6
1753560000000,1.9664,1.9687,1.9236,1.9265,6754.6
1753574400000,1.9265,1.9585,1.9217,1.9455,5206.7
1753588800000,1.9455,1.9792,1.9396,1.9536,9107.8
1753603200000,1.9536,2.0302,1.9364,1.9905,22078.8
1753617600000,1.9905,2.013,1.9659,1.9988,12999.0
1753632000000,1.9988,2.0367,1.9907,2.0176,18096.3
1753646400000,2.0176,2.0732,2.0026,2.0684,15009.1
1753660800000,2.0684,2.0966,2.0274,2.0704,15395.8
1753675200000,2.0704,2.119,2.0547,2.0715,17548.2
1753689600000,2.0715,2.0936,2.0469,2.0534,14356.3
1753704000000,2.0534,2.0556,1.9488,1.9627,20162.7
1753718400000,1.9627,1.9792,1.9066,1.9274,21070.9
1753732800000,1.9274,1.9311,1.8771,1.8975,11093.6
1753747200000,1.8975,1.9137,1.8606,1.9046,12737.8
1753761600000,1.9046,2.0285,1.8884,2.0004,15556.0
1753776000000,2.0004,2.0306,1.9363,1.9886,23424.4
1753790400000,1.9886,2.0414,1.9079,1.9114,27175.3
1753804800000,1.9114,1.9143,1.8286,1.8325,18677.8
1753819200000,1.8325,1.8844,1.8094,1.8647,12183.7
1753833600000,1.8647,1.874,1.8095,1.8556,8404.7
1753848000000,1.8556,1.8686,1.8114,1.8185,9160.9
1753862400000,1.8185,1.8322,1.7258,1.7387,21668.0
1753876800000,1.7387,1.8035,1.7264,1.7804,32568.6
1753891200000,1.7804,1.8112,1.6869,1.7615,61628.2
1753905600000,1.7615,1.7922,1.7318,1.7855,30499.9
1753920000000,1.7855,1.8201,1.776,1.8135,20108.3
1753934400000,1.8135,1.8433,1.8084,1.8355,34863.0
1753948800000,1.8355,1.8684,1.8284,1.8355,51430.7
1753963200000,1.8355,1.8366,1.7326,1.7654,91399.6
1753977600000,1.7654,1.8222,1.7353,1.7444,70589.2
1753992000000,1.7444,1.747,1.6679,1.6825,56284.3
1754006400000,1.6825,1.7096,1.629,1.6974,82599.2
1754020800000,1.6974,1.7065,1.657,1.6655,50163.1
1754035200000,1.6655,1.6674,1.6219,1.6506,88068.8
1754049600000,1.6506,1.6776,1.6017,1.6605,84987.5
1754064000000,1.6605,1.6731,1.6016,1.6575,87460.9
1754078400000,1.6575,1.6631,1.5614,1.6205,91850.9
1754092800000,1.6205,1.6503,1.6162,1.6444,34809.1
1754107200000,1.6444,1.6496,1.5917,1.6426,44420.0
1754121600000,1.6426,1.6504,1.5934,1.6085,50995.8
1754136000000,1.6085,1.6176,1.5736,1.5811,125079.2
1754150400000,1.5811,1.6021,1.5437,1.5795,154015.7
1754164800000,1.5795,1.6097,1.5764,1.5963,63228.2
1754179200000,1.5963,1.6226,1.5721,1.6159,47609.0
1754193600000,1.6159,1.6336,1.61,1.6275,45182.4
1754208000000,1.6275,1.6506,1.612,1.6396,78780.2
1754222400000,1.6396,1.6506,1.6297,1.6378,71375.5
1754236800000,1.6378,1.656,1.6317,1.6425,36360.7
1754251200000,1.6425,1.6556,1.6354,1.6405,29566.5
1754265600000,1.6405,1.6827,1.6405,1.6436,47106.5
1754280000000,1.6414,1.6572,1.614,1.6505,82245.0
1754294400000,1.6505,1.656,1.6273,1.6355,56048.5
1754308800000,1.6355,1.686,1.6324,1.6626,138985.6
1754323200000,1.6626,1.7081,1.6623,1.671,74331.3
1754337600000,1.671,1.7222,1.6678,1.7151,81386.9
1754352000000,1.7151,1.7254,1.6817,1.6826,56952.9
1754366400000,1.6826,1.7,1.64,1.6455,77240.4
1754380800000,1.6455,1.7254,1.6397,1.7204,51177.9
1754395200000,1.7204,1.728,1.6186,1.6258,136356.4
1754409600000,1.6258,1.6459,1.607,1.6165,77324.1
1754424000000,1.6165,1.6385,1.5856,1.6364,69697.8
1754438400000,1.6364,1.6377,1.5866,1.5894,29397.5
1754452800000,1.5894,1.656,1.5799,1.6475,66003.4
1754467200000,1.6475,1.6507,1.6165,1.6206,42827.1
1754481600000,1.6206,1.6792,1.6046,1.6766,82299.0
1754496000000,1.6766,1.6876,1.6485,1.6703,70909.2
1754510400000,1.6703,1.672,1.6544,1.6586,34855.8
1754524800000,1.6586,1.673,1.6384,1.6384,32380.9
1754539200000,1.6384,1.668,1.6374,1.6596,28406.6
1754553600000,1.6596,1.736,1.6544,1.7314,123734.0
1754568000000,1.7314,1.7435,1.7025,1.7216,61542.3
1754582400000,1.7216,1.7332,1.676,1.7325,60018.5
1754596800000,1.7325,1.7376,1.7128,1.7286,87608.4
1754611200000,1.7286,1.7492,1.7089,1.7355,98175.8
1754625600000,1.7355,1.7622,1.7143,1.7585,52020.3
1754640000000,1.7585,1.7702,1.7327,1.7446,39559.2
1754654400000,1.7446,1.7682,1.7014,1.718,75787.2
1754668800000,1.718,1.7932,1.7175,1.7782,55775.7
1754683200000,1.7782,1.7844,1.7643,1.7685,23053.4
1754697600000,1.7685,1.7744,1.7514,1.7556,19313.6
1754712000000,1.7556,1.8257,1.7513,1.8225,60707.0
1754726400000,1.8225,1.851,1.8185,1.8275,87923.4
1754740800000,1.8275,1.8563,1.8043,1.8255,93491.6
1754755200000,1.8255,1.8504,1.8216,1.8445,30784.2
1754769600000,1.8445,1.8651,1.8175,1.8194,43891.3
1754784000000,1.8194,1.8472,1.8059,1.8366,43839.4
1754798400000,1.8366,1.855,1.7584,1.7604,50702.8
1754812800000,1.7604,1.7815,1.7366,1.756,47506.2
1754827200000,1.756,1.8175,1.7511,1.7985,45283.0
1754841600000,1.7985,1.8352,1.7933,1.8235,38604.9
1754856000000,1.8235,1.8366,1.7888,1.8326,29600.1
1754870400000,1.8326,1.898,1.8124,1.8826,69549.1
1754884800000,1.8826,1.9175,1.8445,1.8473,60012.1
1754899200000,1.8473,1.859,1.761,1.7694,48451.0
1754913600000,1.7694,1.8143,1.7495,1.7855,68216.4
1754928000000,1.7855,1.815,1.7314,1.7506,43981.7
1754942400000,1.7506,1.7546,1.6968,1.7137,39382.5
1754956800000,1.7137,1.737,1.7106,1.7156,26010.3
1754971200000,1.7156,1.7362,1.6877,1.7355,26795.2
1754985600000,1.7355,1.7416,1.6968,1.7204,32746.1
1755000000000,1.7204,1.8223,1.7135,1.8222,35115.0
1755014400000,1.8222,1.8662,1.8143,1.8586,62094.4
1755028800000,1.8586,1.8863,1.8531,1.8724,26928.7
1755043200000,1.8724,1.8992,1.8508,1.8895,30024.3
1755057600000,1.8895,1.9022,1.8563,1.8875,16656.9
1755072000000,1.8875,1.9766,1.8863,1.9525,64112.3
1755086400000,1.9525,1.9855,1.916,1.9606,43805.8
1755100800000,1.9606,2.0051,1.9492,2.0046,41663.9
1755115200000,2.0046,2.0261,1.9755,2.0035,30280.7
1755129600000,2.0035,2.0314,1.9634,2.0275,30338.8
1755144000000,2.0275,2.037,1.943,1.9535,50660.8
1755158400000,1.9535,1.9536,1.9013,1.9146,16270.7
1755172800000,1.9105,1.9206,1.7652,1.8086,63870.8
1755187200000,1.8086,1.8086,1.7512,1.7786,22533.6
1755201600000,1.7786,1.7786,1.7248,1.7466,13407.6
1755216000000,1.7466,1.7956,1.7456,1.7925,38784.9
1755230400000,1.7925,1.893,1.7854,1.8166,30577.6
1755244800000,1.8166,1.8297,1.7765,1.7795,9725.8
1755259200000,1.7795,1.8237,1.6894,1.7044,24850.0
1755273600000,1.7044,1.7482,1.6805,1.7415,17545.7
1755288000000,1.7415,1.8052,1.7344,1.7764,14792.7
1755302400000,1.7764,1.8022,1.7734,1.7785,3997.6
1755316800000,1.7785,1.8041,1.7738,1.8015,13834.6
1755331200000,1.8015,1.8085,1.7615,1.7735,14655.2
1755345600000,1.7735,1.8431,1.7688,1.8305,38842.8
1755360000000,1.8305,1.844,1.8096,1.8176,23161.9
1755374400000,1.8176,1.8373,1.7984,1.8235,5670.9
1755388800000,1.8235,1.8411,1.8075,1.8356,11104.4
1755403200000,1.8356,1.8675,1.8279,1.8505,44756.6
1755417600000,1.8505,1.874,1.849,1.8663,15987.4
1755432000000,1.8663,1.8863,1.8413,1.8863,8072.8
1755446400000,1.8863,1.8992,1.8228,1.8304,11918.2
1755460800000,1.8304,1.8582,1.8279,1.8306,5463.2
1755475200000,1.8306,1.8365,1.7314,1.7585,15138.1
1755489600000,1.7585,1.7744,1.7205,1.7365,12166.3
1755504000000,1.7365,1.7616,1.7205,1.7494,7296.6
1755518400000,1.7494,1.7744,1.7325,1.756,7565.3
1755532800000,1.756,1.775,1.7366,1.7544,3860.2
1755547200000,1.7544,1.7807,1.7375,1.7426,3355.1
1755561600000,1.7426,1.7659,1.699,1.7065,5225.9
1755576000000,1.7065,1.7331,1.691,1.7196,3750.0
1755590400000,1.7196,1.7453,1.7029,1.7443,14460.7
1755604800000,1.7443,1.7477,1.6814,1.6904,19029.7
1755619200000,1.6904,1.6912,1.6394,1.6565,6246.1
1755633600000,1.6565,1.6755,1.6438,1.648,2670.2
1755648000000,1.648,1.684,1.6415,1.6725,2583.5
1755662400000,1.6725,1.7025,1.6725,1.6885,12899.4
1755676800000,1.6885,1.709,1.6601,1.6821,7535.7
1755691200000,1.6821,1.7241,1.6419,1.7025,22263.5
1755705600000,1.7025,1.7391,1.695,1.7385,5540.7
1755720000000,1.7385,1.7391,1.7219,1.7273,2413.3
1755734400000,1.7273,1.741,1.7044,1.7156,11258.5
1755748800000,1.7156,1.7244,1.6974,1.7126,1425.7
1755763200000,1.7126,1.7152,1.6826,1.6896,1887.5
1755777600000,1.6896,1.7046,1.6584,1.6624,4619.6
1755792000000,1.6624,1.6784,1.6483,1.6596,3712.4
1755806400000,1.6596,1.6832,1.653,1.6664,1517.9
1755820800000,1.6664,1.69,1.6514,1.6565,1607.9
1755835200000,1.6565,1.678,1.6544,1.6736,1822.1
1755849600000,1.6736,1.6821,1.6318,1.6327,4229.2
1755864000000,1.6327,1.7743,1.5989,1.756,21862.2
1755878400000,1.756,1.8615,1.756,1.8566,29558.1
1755892800000,1.8566,1.8901,1.8476,1.8803,7302.0
1755907200000,1.8803,1.8876,1.7937,1.8186,6273.0
1755921600000,1.8186,1.9062,1.8184,1.8795,19023.8
1755936000000,1.8795,1.8845,1.856,1.8634,8879.9
1755950400000,1.8634,1.8763,1.8409,1.8474,102713.4
1755964800000,1.8474,1.874,1.8388,1.8735,4911.8
1755979200000,1.8735,1.8737,1.8497,1.8654,3786.2
1755993600000,1.8654,1.872,1.8184,1.8275,6577.9
1756008000000,1.8275,1.8321,1.7878,1.7955,12104.5
1756022400000,1.7955,1.8077,1.7638,1.7784,4038.7
1756036800000,1.7784,1.8126,1.7736,1.7877,5263.6
1756051200000,1.7877,1.8781,1.751,1.8065,14965.5
1756065600000,1.8065,1.8156,1.7615,1.7932,7152.7
1756080000000,1.7932,1.83,1.7506,1.8084,4341.2
1756094400000,1.8084,1.8116,1.7156,1.7236,5808.9
1756108800000,1.7236,1.737,1.6894,1.7084,8668.2
1756123200000,1.7084,1.7357,1.6862,1.7134,13991.3
1756137600000,1.7134,1.7254,1.6407,1.6426,6515.0
1756152000000,1.6426,1.6492,1.5873,1.6125,11601.8
1756166400000,1.6125,1.6276,1.5975,1.6164,2340.8
1756180800000,1.6255,1.6385,1.6085,1.6257,5888.2
1756195200000,1.6257,1.6477,1.6173,1.6256,3097.2
1756209600000,1.6256,1.6687,1.614,1.6446,8547.7
1756224000000,1.6446,1.6994,1.6438,1.6953,3865.8
1756238400000,1.6953,1.7056,1.6765,1.6804,3229.9
1756252800000,1.6804,1.7152,1.6698,1.6975,12841.1
1756267200000,1.6975,1.7135,1.679,1.6865,11425.3
1756281600000,1.6865,1.703,1.6749,1.6994,6256.7
1756296000000,1.6994,1.7212,1.679,1.7166,22455.3
1756310400000,1.7166,1.7176,1.6796,1.6924,5447.4
1756324800000,1.6924,1.7195,1.6703,1.6835,10404.1
1756339200000,1.6835,1.7121,1.6659,1.7036,2991.3
1756353600000,1.7036,1.7253,1.697,1.7195,4216.8
1756368000000,1.7195,1.7356,1.699,1.7121,5401.0
1756382400000,1.7121,1.7522,1.7071,1.7195,11906.0
1756396800000,1.7195,1.7316,1.6883,1.692,5683.3
1756411200000,1.692,1.7502,1.6899,1.7465,5220.7
1756425600000,1.7465,1.7536,1.7114,1.7267,5069.7
1756440000000,1.7267,1.7346,1.6617,1.6645,10385.7
1756454400000,1.6645,1.6683,1.6286,1.6456,12364.7
1756468800000,1.6456,1.6977,1.611,1.6234,21922.8
1756483200000,1.6234,1.6285,1.5904,1.6118,10079.0
1756497600000,1.6118,1.6276,1.5917,1.6158,4579.1
1756512000000,1.6158,1.6431,1.583,1.6347,7287.8
1756526400000,1.6347,1.6705,1.6318,1.6695,3776.0
1756540800000,1.6695,1.6838,1.6419,1.6535,37061.6
1756555200000,1.6535,1.6547,1.619,1.6513,13795.0
1756569600000,1.6513,1.6513,1.625,1.632,3666.9
1756584000000,1.632,1.6403,1.6219,1.639,2446.6
1756598400000,1.639,1.6631,1.6376,1.6614,10863.8
1756612800000,1.6614,1.6622,1.6306,1.6345,12030.9
1756627200000,1.6345,1.6547,1.6267,1.6433,5057.1
1756641600000,1.6433,1.6467,1.6229,1.6395,4992.5
1756656000000,1.6395,1.6403,1.623,1.6244,4198.2
1756670400000,1.6244,1.6372,1.5948,1.5955,6008.7
1756684800000,1.5955,1.6016,1.5574,1.5714,11176.1
1756699200000,1.5714,1.625,1.5533,1.6247,7264.9
1756713600000,1.6247,1.6526,1.5834,1.5864,15563.6
1756728000000,1.5864,1.5996,1.5662,1.5725,11594.3
1756742400000,1.5725,1.5863,1.5574,1.5855,6800.2
1756756800000,1.5855,1.5883,1.5034,1.5526,18487.1
1756771200000,1.5526,1.5875,1.5394,1.5834,6405.9
1756785600000,1.5834,1.5987,1.5739,1.579,16862.2
1756800000000,1.579,1.5936,1.5764,1.5853,11713.2
1756814400000,1.5853,1.6112,1.5474,1.559,37265.8
1756828800000,1.559,1.5944,1.559,1.5805,7002.0
1756843200000,1.5805,1.6133,1.5763,1.6064,14689.0
1756857600000,1.6064,1.6167,1.5904,1.6084,13095.5
1756872000000,1.6084,1.6122,1.5904,1.6055,17102.5
1756886400000,1.6055,1.6183,1.5933,1.6118,11781.3
1756900800000,1.6118,1.6452,1.6065,1.6445,39512.8
1756915200000,1.6445,1.6486,1.6273,1.6426,38423.3
1756929600000,1.6426,1.6482,1.6294,1.6315,3109.5
1756944000000,1.6315,1.6372,1.6004,1.6015,6188.4
1756958400000,1.6015,1.6056,1.5734,1.5836,16429.1
1756972800000,1.5836,1.5975,1.5804,1.5865,8147.9
1756987200000,1.5865,1.5966,1.5528,1.5576,19294.4
1757001600000,1.5576,1.5626,1.5395,1.5464,12164.6
1757016000000,1.5464,1.5797,1.5443,1.5555,6117.2
1757030400000,1.5555,1.5863,1.554,1.5863,6603.6
1757044800000,1.5863,1.6212,1.58,1.6195,17326.8
1757059200000,1.6195,1.6211,1.6004,1.6166,13209.5
1757073600000,1.6166,1.6452,1.585,1.6086,42975.0
1757088000000,1.6086,1.6411,1.6043,1.6355,14913.5
1757102400000,1.6355,1.6403,1.6167,1.6167,11158.6
1757116800000,1.6167,1.6215,1.6057,1.6066,7450.9
1757131200000,1.6066,1.6067,1.5888,1.5944,6152.2
1757145600000,1.5944,1.5977,1.5827,1.5935,7756.2
1757160000000,1.5935,1.6146,1.5854,1.5986,11128.9
1757174400000,1.5986,1.6225,1.5886,1.5917,12204.7
1757188800000,1.5917,1.6147,1.5904,1.6027,10407.8
1757203200000,1.6027,1.6257,1.5993,1.6226,8627.0
1757217600000,1.6226,1.6391,1.6173,1.6234,10970.9
1757232000000,1.6234,1.6391,1.6218,1.6391,8881.7
1757246400000,1.6391,1.676,1.6346,1.6437,39266.1
1757260800000,1.6437,1.6478,1.6255,1.6376,20966.8
1757275200000,1.6376,1.657,1.633,1.6453,14809.3
1757289600000,1.6453,1.6807,1.6334,1.6736,20259.3
1757304000000,1.6736,1.6771,1.6565,1.6694,20100.9
1757318400000,1.6694,1.709,1.6687,1.6834,45442.7
1757332800000,1.6834,1.732,1.678,1.7315,55476.4
1757347200000,1.7315,1.7416,1.7114,1.7164,45391.4
1757361600000,1.7164,1.7423,1.7089,1.7258,25812.4
1757376000000,1.7258,1.7504,1.6888,1.7166,36769.1
1757390400000,1.7166,1.7797,1.7071,1.7633,63622.0
1757404800000,1.7633,1.9395,1.7633,1.9078,247672.7
1757419200000,1.9078,1.9369,1.7801,1.7955,222220.2
1757433600000,1.7955,1.84,1.7758,1.825,85816.3
1757448000000,1.825,1.8252,1.7853,1.8074,49476.6
1757462400000,1.8074,1.8082,1.7634,1.7934,67918.1
1757476800000,1.7934,1.7993,1.7717,1.7865,71632.9
1757491200000,1.7865,1.7898,1.7617,1.784,61844.1
1757505600000,1.784,1.8256,1.7787,1.7955,251875.0
1757520000000,1.7955,1.7979,1.7287,1.7385,141945.8
1757534400000,1.7385,1.7646,1.7375,1.7616,39883.9
1757548800000,1.7616,1.7797,1.7577,1.7764,45574.9
1757563200000,1.7764,1.7878,1.7515,1.7855,62992.3
1757577600000,1.7855,1.7893,1.7716,1.7735,57966.1
1757592000000,1.7735,1.7901,1.7348,1.7505,126721.6
1757606400000,1.7505,1.7782,1.7505,1.7729,36868.4
1757620800000,1.7729,1.8066,1.766,1.8024,35862.7
1757635200000,1.8024,1.8332,1.7952,1.8044,76462.3
1757649600000,1.8044,1.8381,1.798,1.8176,90641.1
1757664000000,1.8176,1.8197,1.7778,1.7815,85678.6
1757678400000,1.7815,1.8052,1.7689,1.7995,69768.5
1757692800000,1.7995,1.849,1.7985,1.848,138151.1
1757707200000,1.848,1.8566,1.8293,1.8516,79879.8
1757721600000,1.8516,1.8615,1.837,1.8556,45783.6
1757736000000,1.8556,1.8763,1.8428,1.8523,139493.7
1757750400000,1.8523,1.8907,1.8517,1.8905,178879.2
1757764800000,1.8905,1.9013,1.841,1.8654,196415.9
1757779200000,1.8654,1.8754,1.8308,1.8506,130090.9
1757793600000,1.8506,1.8754,1.8497,1.8634,57251.9
1757808000000,1.8634,1.8646,1.8213,1.8225,69185.3
1757822400000,1.8225,1.8441,1.806,1.8215,70469.0
1757836800000,1.8215,1.8321,1.7828,1.7856,84238.6
1757851200000,1.7856,1.7962,1.7448,1.7592,138887.1
1757865600000,1.7592,1.791,1.756,1.7696,89195.6
1757880000000,1.7696,1.7863,1.7574,1.7614,53547.0
1757894400000,1.7614,1.7792,1.7448,1.7765,46026.9
1757908800000,1.7765,1.7962,1.7288,1.7375,122134.4
1757923200000,1.7375,1.7375,1.6888,1.7045,280374.3
1757937600000,1.7045,1.7121,1.6618,1.6765,200868.4
1757952000000,1.6765,1.6902,1.6544,1.6847,105009.7
1757966400000,1.6847,1.7016,1.6834,1.6955,59642.5
1757980800000,1.6955,1.6955,1.6726,1.6749,67917.5
1757995200000,1.6749,1.7023,1.6585,1.7005,99863.7
1758009600000,1.7005,1.7183,1.6998,1.7055,143948.9
1758024000000,1.7055,1.7102,1.6664,1.7101,265649.4
1758038400000,1.7101,1.7265,1.6929,1.7093,144814.4
1758052800000,1.7093,1.7236,1.7013,1.7035,145715.0
1758067200000,1.7035,1.7266,1.6939,1.7046,102005.0
1758081600000,1.7046,1.7225,1.6888,1.7203,111401.8
1758096000000,1.7203,1.7322,1.6841,1.6946,353329.8
1758110400000,1.6946,1.709,1.6828,1.6895,169098.4
1758124800000,1.6895,1.7443,1.6726,1.7434,414508.8
1758139200000,1.7434,1.8014,1.7158,1.7856,354414.7
1758153600000,1.7856,1.81,1.7778,1.8035,141298.9
1758168000000,1.8035,1.8182,1.7778,1.7964,197011.1
1758182400000,1.7964,1.8242,1.7925,1.8025,197044.2
1758196800000,1.8025,1.8248,1.7937,1.8176,95350.1
1758211200000,1.8176,1.8316,1.8047,1.8145,102842.0
1758225600000,1.8145,1.8242,1.798,1.8105,65061.2
1758240000000,1.8105,1.8492,1.798,1.8005,71725.7
1758254400000,1.8005,1.8242,1.7809,1.8039,177772.0
1758268800000,1.8039,1.8123,1.7418,1.7506,141438.6
1758283200000,1.7506,1.7663,1.715,1.7286,161083.9
1758297600000,1.7286,1.7362,1.704,1.7135,77401.1
1758312000000,1.7135,1.7283,1.6845,1.6974,67750.3
1758326400000,1.6974,1.711,1.6889,1.7025,64742.8
1758340800000,1.7025,1.733,1.6974,1.733,46678.1
1758355200000,1.733,1.733,1.6968,1.7073,62970.3
1758369600000,1.7073,1.7476,1.699,1.7296,79405.4
1758384000000,1.7296,1.7355,1.7124,1.7182,34566.1
1758398400000,1.7182,1.7386,1.7163,1.7234,27096.0
1758412800000,1.7234,1.7304,1.708,1.7175,24104.7
1758427200000,1.7175,1.734,1.7089,1.7255,66687.4
1758441600000,1.7255,1.7325,1.6859,1.7025,72646.0
1758456000000,1.7025,1.715,1.6974,1.6994,63392.9
1758470400000,1.6994,1.7075,1.68,1.7015,49612.1
1758484800000,1.7015,1.7023,1.6781,1.6795,35442.5
1758499200000,1.6795,1.688,1.596,1.6136,221156.4
1758513600000,1.6136,1.6177,1.4305,1.5114,433343.9
1758528000000,1.5114,1.5206,1.4947,1.5035,143345.0
1758542400000,1.5035,1.5162,1.4849,1.4886,165785.4
1758556800000,1.4886,1.4939,1.4638,1.4703,139468.5
1758571200000,1.4703,1.5032,1.4675,1.5015,87384.8
1758585600000,1.5015,1.5027,1.4563,1.4836,100952.3
1758600000000,1.4836,1.5106,1.4657,1.4985,196661.4
1758614400000,1.4985,1.5071,1.4814,1.4845,146330.7
1758628800000,1.4845,1.4971,1.468,1.4875,123293.8
1758643200000,1.4875,1.5028,1.457,1.4614,104939.6
1758657600000,1.4614,1.4862,1.4598,1.4645,66036.4
1758672000000,1.4645,1.4821,1.4356,1.4414,89896.8
1758686400000,1.4414,1.4746,1.4168,1.4704,182202.5
1758700800000,1.4704,1.4916,1.4664,1.4805,150581.7
1758715200000,1.4805,1.4942,1.4698,1.4725,135160.9
1758729600000,1.4725,1.4836,1.4587,1.4686,59863.2
1758744000000,1.4686,1.4716,1.4429,1.4493,62571.3
1758758400000,1.4493,1.4523,1.4174,1.4313,123380.2
1758772800000,1.4313,1.4376,1.4018,1.4126,102046.3
1758787200000,1.4126,1.4276,1.3989,1.4045,84340.4
1758801600000,1.4045,1.4293,1.3712,1.4095,195372.6
1758816000000,1.4095,1.4136,1.3348,1.3845,277755.2
1758830400000,1.3845,1.3922,1.3548,1.3671,91861.7
1758844800000,1.3671,1.397,1.3671,1.3914,81487.3
1758859200000,1.3914,1.4005,1.3778,1.3886,74703.3
1758873600000,1.3886,1.3996,1.3625,1.3766,90518.0
1758888000000,1.3766,1.4055,1.3614,1.3947,166900.6
1758902400000,1.3947,1.4327,1.3934,1.4114,127082.6
1758916800000,1.4114,1.4256,1.4094,1.4185,44827.6
1758931200000,1.4185,1.4187,1.4027,1.4065,31282.3
1758945600000,1.4065,1.415,1.3985,1.4015,25248.9
1758960000000,1.4015,1.4056,1.3874,1.3974,72267.3
1758974400000,1.3974,1.4205,1.3934,1.4186,114490.9
1758988800000,1.4186,1.4213,1.3934,1.4045,95051.6
1759003200000,1.4045,1.4267,1.4044,1.4105,45964.4
1759017600000,1.4105,1.4117,1.3874,1.3961,37888.2
1759032000000,1.3961,1.4004,1.3783,1.3896,55406.1
1759046400000,1.3896,1.3922,1.3758,1.3813,80654.4
1759060800000,1.3813,1.4067,1.3718,1.4055,61221.8
1759075200000,1.4055,1.415,1.4009,1.4104,53564.4
1759089600000,1.4104,1.4416,1.4084,1.4375,73799.9
1759104000000,1.4375,1.4386,1.4178,1.4236,38779.0
1759118400000,1.4236,1.4247,1.3978,1.4094,58490.1
1759132800000,1.4094,1.4197,1.3874,1.3945,61112.2
1759147200000,1.3945,1.4326,1.3764,1.4086,93352.2
1759161600000,1.4086,1.4236,1.3908,1.4195,62546.8
1759176000000,1.4195,1.4355,1.4106,1.4106,64410.9
1759190400000,1.4106,1.4136,1.3858,1.3899,52648.5
1759204800000,1.3899,1.3987,1.3778,1.3836,41013.4
1759219200000,1.3836,1.3837,1.3675,1.3785,66711.0
1759233600000,1.3785,1.3806,1.3379,1.3464,126870.9
1759248000000,1.3464,1.3866,1.3383,1.3845,78558.8
1759262400000,1.3845,1.3961,1.3695,1.3815,74076.4
1759276800000,1.3815,1.3895,1.3574,1.3574,62516.2
1759291200000,1.3574,1.3771,1.3567,1.3646,86875.0
1759305600000,1.3646,1.4376,1.3634,1.4315,251519.6
1759320000000,1.4315,1.4447,1.42,1.4384,89061.1
1759334400000,1.4384,1.4601,1.4279,1.4545,106819.3
1759348800000,1.4545,1.4586,1.4385,1.4545,65657.4
1759363200000,1.4545,1.4782,1.4407,1.4716,122525.5
1759377600000,1.4716,1.4986,1.4703,1.4834,85364.1
1759392000000,1.4834,1.4927,1.4766,1.4825,107064.0
1759406400000,1.4825,1.4891,1.4433,1.4754,169154.2
1759420800000,1.4754,1.5162,1.4737,1.5105,102365.3
1759435200000,1.5105,1.5162,1.4967,1.5015,88343.3
1759449600000,1.5015,1.5034,1.4664,1.4726,62935.4
1759464000000,1.4726,1.4905,1.4665,1.4732,54986.9
1759478400000,1.4732,1.4766,1.4608,1.4656,49218.7
1759492800000,1.4656,1.517,1.4616,1.5155,135539.2
1759507200000,1.5155,1.5363,1.4835,1.5206,217597.0
1759521600000,1.5206,1.529,1.5027,1.5045,54039.6
1759536000000,1.5045,1.5097,1.4628,1.4686,83785.5
1759550400000,1.4686,1.4812,1.4644,1.4734,55382.2
1759564800000,1.4734,1.4742,1.4489,1.4555,66224.2
1759579200000,1.4555,1.4862,1.4409,1.4464,106491.8
1759593600000,1.4464,1.466,1.4387,1.466,63155.0
1759608000000,1.466,1.5595,1.4658,1.5504,160325.4
1759622400000,1.5504,1.5697,1.5053,1.5207,162211.2
1759636800000,1.5207,1.5647,1.5134,1.5635,134053.1
1759651200000,1.5635,1.5692,1.5189,1.5275,124324.3
1759665600000,1.5275,1.5275,1.4981,1.51,79567.2
1759680000000,1.51,1.5147,1.4665,1.4683,103031.6
1759694400000,1.4683,1.4845,1.4639,1.4765,56833.3
1759708800000,1.4765,1.5056,1.4557,1.4891,82083.9
1759723200000,1.4891,1.4952,1.4544,1.4725,82151.3
1759737600000,1.4725,1.4971,1.4704,1.4906,74628.0
1759752000000,1.4906,1.544,1.4905,1.5376,131722.6
1759766400000,1.5376,1.5566,1.5237,1.5545,129146.7
1759780800000,1.5545,1.5662,1.541,1.5425,101515.0
1759795200000,1.5425,1.552,1.5238,1.5326,47708.4
1759809600000,1.5326,1.5542,1.5088,1.5136,102224.1
1759824000000,1.5136,1.5281,1.4947,1.5277,86381.8
1759838400000,1.5277,1.5363,1.4378,1.4526,317474.6
1759852800000,1.4526,1.474,1.4407,1.4564,125262.5
1759867200000,1.4564,1.476,1.4448,1.4494,72344.9
1759881600000,1.4494,1.4756,1.4257,1.4346,73514.5
1759896000000,1.4346,1.4471,1.4227,1.4424,54579.2
1759910400000,1.4424,1.4643,1.4398,1.4514,53843.4
1759924800000,1.4514,1.4844,1.4469,1.4687,94834.9
1759939200000,1.4687,1.5153,1.4647,1.4984,74319.9
1759953600000,1.4984,1.5034,1.4827,1.4886,26522.3
1759968000000,1.4886,1.4962,1.4469,1.4716,48981.0
1759982400000,1.4716,1.4891,1.4499,1.4536,33610.9
1759996800000,1.4536,1.455,1.42,1.4373,68533.7
1760011200000,1.4373,1.4562,1.4078,1.4235,98008.0
1760025600000,1.4235,1.4436,1.4089,1.4355,69878.3
1760040000000,1.4355,1.4491,1.4253,1.4366,34574.6
1760054400000,1.4366,1.4623,1.4227,1.4496,41659.5
1760068800000,1.4496,1.4632,1.4279,1.4285,80757.3
1760083200000,1.4285,1.468,1.4254,1.4655,46871.9
1760097600000,1.4655,1.4782,1.371,1.3826,186590.9
1760112000000,1.3826,1.3961,1.3127,1.3345,177465.4
1760126400000,1.3345,1.3416,0.2359,0.9258,1313497.1
1760140800000,0.9258,0.9882,0.9063,0.9494,306230.6
1760155200000,0.9494,0.9821,0.9446,0.9725,241836.8
1760169600000,0.9725,1.0237,0.9674,0.9994,245482.4
1760184000000,0.9994,1.007,0.9614,0.9934,287453.0
1760198400000,0.9934,0.9967,0.9346,0.9435,157467.2
1760212800000,0.9435,0.9454,0.8955,0.9246,194850.7
1760227200000,0.9246,0.9391,0.9054,0.9276,167175.9
1760241600000,0.9276,0.9631,0.9264,0.9626,127973.8
1760256000000,0.9626,0.9642,0.9364,0.9586,138114.7
1760270400000,0.9586,1.0506,0.9404,1.0475,297131.8
1760284800000,1.0475,1.0872,1.0435,1.0855,226864.7
1760299200000,1.0855,1.0938,1.0519,1.0614,130357.3
1760313600000,1.0614,1.0665,1.0388,1.0475,104859.3
1760328000000,1.0475,1.0737,1.042,1.0625,125948.1
1760342400000,1.0625,1.1091,1.0614,1.0865,239965.2
1760356800000,1.0865,1.1205,1.0765,1.1057,231312.4
1760371200000,1.1057,1.1627,1.0939,1.1626,172349.5
1760385600000,1.1626,1.2147,1.1596,1.1837,251041.9
1760400000000,1.1837,1.1895,1.1553,1.1605,102866.4
1760414400000,1.1605,1.172,1.0861,1.0916,252409.5
1760428800000,1.0916,1.1232,1.0665,1.0905,162116.8
1760443200000,1.0905,1.1426,1.073,1.1405,224903.2
1760457600000,1.1405,1.2086,1.1161,1.1515,277071.2
1760472000000,1.1515,1.1674,1.1388,1.1624,81419.0
1760486400000,1.1624,1.1636,1.1394,1.1474,81738.5
1760500800000,1.1474,1.1573,1.1244,1.1414,76434.5
1760515200000,1.1414,1.1643,1.1137,1.1241,118441.1
1760529600000,1.1241,1.1285,1.0851,1.0995,151009.7
1760544000000,1.0995,1.1031,1.0746,1.0797,105601.7
1760558400000,1.0797,1.0866,1.056,1.0694,98163.1
1760572800000,1.0694,1.0866,1.0647,1.0766,55126.7
1760587200000,1.0766,1.0902,1.0694,1.0744,65962.0
1760601600000,1.0744,1.0867,1.033,1.0844,148508.1
1760616000000,1.0844,1.0943,1.0356,1.0395,142496.9
1760630400000,1.0395,1.0655,1.0149,1.0275,141887.9
1760644800000,1.0275,1.0376,1.0085,1.0305,75910.8
1760659200000,1.0305,1.045,1.0268,1.0414,37969.2
1760673600000,1.0414,1.0506,0.9625,0.9684,157869.0
1760688000000,0.9684,1.0106,0.9493,1.0067,230971.7
1760702400000,1.0067,1.016,0.9829,1.0156,221375.1
1760716800000,1.0156,1.0292,1.0005,1.0065,95381.0
1760731200000,1.0065,1.0254,1.0036,1.0053,86617.5
1760745600000,1.0053,1.0191,1.0045,1.0115,41595.9
1760760000000,1.0115,1.0239,0.9954,1.0034,61993.8
1760774400000,1.0034,1.0135,0.9993,1.0115,54104.1
1760788800000,1.0115,1.0146,0.9918,1.0023,41431.1
1760803200000,1.0023,1.0113,0.9904,1.0075,42462.7
1760817600000,1.0075,1.0135,1.0015,1.0065,23560.3
1760832000000,1.0065,1.01,0.995,1.0076,35243.1
1760846400000,1.0076,1.0086,0.9904,0.9954,26091.6
1760860800000,0.9954,1.0359,0.9793,1.0275,128440.1
1760875200000,1.0275,1.0545,1.022,1.0484,94599.2
1760889600000,1.0484,1.061,1.0376,1.0436,66505.1
1760904000000,1.0436,1.0445,1.0173,1.0194,44157.9
1760918400000,1.0194,1.0514,0.9987,1.0455,67220.4
1760932800000,1.0455,1.0652,1.0403,1.0545,86458.3
1760947200000,1.0545,1.0606,1.046,1.0525,84105.3
1760961600000,1.0525,1.0606,1.0406,1.0407,69730.0
1760976000000,1.0407,1.0407,1.018,1.0324,102828.6
1760990400000,1.0324,1.038,1.022,1.0228,40032.7
1761004800000,1.0228,1.0256,1.0024,1.0044,39316.8
1761019200000,1.0044,1.0052,0.9888,1.0014,61207.5
1761033600000,1.0014,1.0135,0.9894,1.0066,64298.5
1761048000000,1.0066,1.085,1.001,1.0814,176768.3
1761062400000,1.0814,1.0952,1.0664,1.0688,113241.2
1761076800000,1.0688,1.0706,0.9966,1.0024,120593.1
1761091200000,1.0024,1.0073,0.9866,1.0045,74033.9
1761105600000,1.0045,1.016,0.9886,1.0014,88842.6
1761120000000,1.0014,1.0031,0.976,0.9954,96026.4
1761134400000,0.9954,1.016,0.9888,0.9976,133616.5
1761148800000,0.9976,1.0006,0.9606,0.9705,123930.0
1761163200000,0.9705,0.9744,0.9276,0.9625,169433.2
1761177600000,0.9625,0.9754,0.9594,0.9744,36331.0
1761192000000,0.9744,0.9974,0.9714,0.9926,54860.4
1761206400000,0.9926,0.9966,0.9804,0.9814,58051.7
1761220800000,0.9814,1.0086,0.9724,1.0027,93459.0
1761235200000,1.0027,1.0129,0.9954,1.006,116958.0
1761249600000,1.006,1.0076,0.9895,1.0034,71150.8
1761264000000,1.0034,1.01,0.993,0.9995,53157.4
1761278400000,0.9995,1.0287,0.9974,1.0204,78944.0
1761292800000,1.0204,1.0263,1.0012,1.0123,47806.2
1761307200000,1.0123,1.0391,1.0024,1.0105,168458.6
1761321600000,1.0105,1.0307,1.0015,1.0266,60573.3
1761336000000,1.0266,1.0347,1.0233,1.0336,36702.2
1761350400000,1.0336,1.0336,1.0164,1.0174,36663.1
1761364800000,1.0174,1.0245,1.0098,1.0116,31374.6
1761379200000,1.0116,1.0201,1.0104,1.0174,26821.1
1761393600000,1.0174,1.0321,1.0173,1.0304,79654.9
1761408000000,1.0304,1.0482,1.0274,1.0475,64690.3
1761422400000,1.0475,1.0545,1.0344,1.0355,69707.3
1761436800000,1.0355,1.0383,1.0165,1.0186,54114.2
1761451200000,1.0186,1.0286,1.0174,1.0264,29306.5
1761465600000,1.0264,1.0642,1.0254,1.0636,93569.0
1761480000000,1.0636,1.0719,1.0563,1.0642,75229.3
1761494400000,1.0642,1.0666,1.0519,1.0575,53230.1
1761508800000,1.0575,1.082,1.0465,1.0715,87850.4
1761523200000,1.0715,1.0817,1.0655,1.0754,50679.6
1761537600000,1.0754,1.0902,1.0633,1.0695,75795.6
1761552000000,1.0695,1.0705,1.0444,1.0544,99268.7
1761566400000,1.0544,1.0563,1.0314,1.0518,65416.5
1761580800000,1.0518,1.0766,1.0518,1.0524,111866.1
1761595200000,1.0524,1.0536,1.027,1.0365,71932.0
1761609600000,1.0365,1.0436,1.0235,1.0285,39024.4
1761624000000,1.0285,1.0666,1.0227,1.0455,64614.4
1761638400000,1.0455,1.0536,1.0339,1.0347,41355.0
1761652800000,1.0347,1.0652,1.0249,1.0365,108763.5
1761667200000,1.0365,1.045,1.0098,1.0155,91166.5
1761681600000,1.0155,1.0156,0.9854,1.0075,98657.4
1761696000000,1.0075,1.0157,0.9933,0.9974,59369.4
1761710400000,0.9974,1.0045,0.995,1.0005,40231.4
1761724800000,1.0005,1.0247,0.9918,1.0196,132577.7
1761739200000,1.0196,1.0247,0.9918,0.9997,134605.1
1761753600000,0.9997,1.0352,0.9774,1.0316,246648.3
1761768000000,1.0316,1.0525,1.0025,1.0095,104131.7
1761782400000,1.0095,1.0176,0.9987,1.0031,86062.5
1761796800000,1.0031,1.0063,0.9623,0.9996,126787.8
1761811200000,0.9996,0.9996,0.9668,0.9668,72507.0
1761825600000,0.9668,0.971,0.9128,0.9164,193129.3
1761840000000,0.9164,0.9236,0.8784,0.8845,172822.6
1761854400000,0.8845,0.912,0.8805,0.912,100990.3
1761868800000,0.912,0.9287,0.9104,0.9214,61027.6
1761883200000,0.9214,0.9296,0.9098,0.9125,64688.8
1761897600000,0.9125,0.9252,0.9066,0.9245,56908.4
1761912000000,0.9245,0.9387,0.9097,0.9226,199842.1
1761926400000,0.9226,0.9237,0.8879,0.9184,104850.1
1761940800000,0.9184,0.9196,0.8944,0.9005,52075.2
1761955200000,0.9005,0.9146,0.8934,0.9115,36725.8
1761969600000,0.9115,0.9284,0.9024,0.9245,64281.1
1761984000000,0.9245,0.9386,0.9223,0.9294,77301.1
1761998400000,0.9294,0.9422,0.9174,0.9417,108677.1
1762012800000,0.9417,0.9675,0.9384,0.966,74106.7
1762027200000,0.966,0.9797,0.9547,0.9714,78716.1
1762041600000,0.9714,0.9737,0.9536,0.9564,42116.2
1762056000000,0.9564,1.0093,0.9553,1.0084,100625.1
1762070400000,1.0084,1.015,0.9744,0.9883,139849.5
1762084800000,0.9883,0.9896,0.9344,0.9394,115096.0
1762099200000,0.9394,0.9539,0.9256,0.9396,74142.1
1762113600000,0.9396,0.9676,0.9364,0.9636,55743.6
1762128000000,0.9636,0.9686,0.8855,0.8884,171583.0
1762142400000,0.8884,0.8976,0.8636,0.8866,125790.5
1762156800000,0.8866,0.8972,0.8657,0.8755,85917.2
1762171200000,0.8755,0.8936,0.7903,0.8175,271529.7
1762185600000,0.8175,0.8516,0.8084,0.8154,130182.0
1762200000000,0.8154,0.8186,0.7966,0.8094,126923.2
1762214400000,0.8094,0.8287,0.8023,0.8224,62620.9
1762228800000,0.8224,0.8306,0.7763,0.7814,245219.9
1762243200000,0.7814,0.8226,0.7774,0.8095,176833.0
1762257600000,0.8095,0.8186,0.7849,0.7955,128010.5
1762272000000,0.7955,0.8024,0.7544,0.7654,312189.1
1762286400000,0.7654,0.7946,0.7254,0.7825,362827.1
1762300800000,0.7825,0.8023,0.7407,0.7953,126875.7
1762315200000,0.7953,0.7997,0.7793,0.7935,113095.1
1762329600000,0.7935,0.8023,0.7763,0.7994,87543.4
1762344000000,0.7994,0.8211,0.7953,0.8185,89725.0
1762358400000,0.8185,0.8266,0.8074,0.8184,72111.3
1762372800000,0.8184,0.828,0.8108,0.8204,58816.6
1762387200000,0.8204,0.8205,0.7975,0.8115,46880.1
1762401600000,0.8115,0.8171,0.7965,0.7986,50997.6
1762416000000,0.7986,0.8076,0.7935,0.8023,57366.2
1762430400000,0.8023,0.8226,0.7894,0.7945,125306.5
1762444800000,0.7945,0.8115,0.7815,0.8075,93495.4
1762459200000,0.8075,0.813,0.7935,0.8075,62680.2
1762473600000,0.8075,0.8305,0.8054,0.8256,89638.7
1762488000000,0.8256,0.8587,0.8197,0.8585,111915.4
1762502400000,0.8585,0.8611,0.8183,0.8306,156870.2
1762516800000,0.8306,0.8967,0.8089,0.8945,238070.9
1762531200000,0.8945,0.9715,0.8916,0.9625,328338.6
1762545600000,0.9625,1.1817,0.9598,1.0585,804764.6
1762560000000,1.0585,1.0765,1.0035,1.0044,398685.8
1762574400000,1.0044,1.0387,0.9748,1.0196,377122.4
1762588800000,1.0196,1.0865,0.996,1.0225,521410.0
1762603200000,1.0225,1.0436,0.9704,0.9745,319094.7
1762617600000,0.9745,1.0236,0.9633,1.0075,242191.3
1762632000000,1.0075,1.0636,0.9988,1.0415,209849.4
1762646400000,1.0415,1.045,0.99,0.9954,126630.7
1762660800000,0.9954,1.016,0.9804,1.0095,110220.7
1762675200000,1.0095,1.0126,0.9684,0.9956,144766.7
1762689600000,0.9956,1.06,0.9923,1.0334,323042.0
1762704000000,1.0334,1.0426,1.0077,1.0405,280530.8
1762718400000,1.0405,1.0446,1.013,1.0205,108426.0
1762732800000,1.0205,1.0835,1.0095,1.0593,203065.2
1762747200000,1.0593,1.0625,1.0197,1.0215,125473.4
1762761600000,1.0215,1.0431,1.0023,1.0185,157939.3
1762776000000,1.0185,1.0223,0.9875,1.0035,236691.6
1762790400000,1.0035,1.0376,0.9918,1.0224,240101.8
1762804800000,1.0224,1.0464,0.9988,1.042,101350.0
1762819200000,1.042,1.0638,1.013,1.0205,176585.0
1762833600000,1.0205,1.024,0.973,0.9743,124893.3
1762848000000,0.9743,1.0031,0.9664,0.9825,120903.7
1762862400000,0.9825,1.01,0.9723,0.9877,175714.6
1762876800000,0.9877,1.0046,0.9724,0.9754,113298.4
1762891200000,0.9754,0.9825,0.9458,0.9515,114992.7
1762905600000,0.9515,0.969,0.9443,0.9555,53731.2
1762920000000,0.9555,0.9637,0.9463,0.9473,50220.8
1762934400000,0.9473,0.9797,0.9473,0.9674,73099.3
1762948800000,0.9674,0.9922,0.9384,0.9433,107264.9
1762963200000,0.9433,0.9466,0.9043,0.9234,181557.6
1762977600000,0.9234,0.9337,0.9144,0.9185,42933.1
1762992000000,0.9185,0.9375,0.9015,0.9266,52984.2
1763006400000,0.9266,0.9515,0.9189,0.9367,57826.7
1763020800000,0.9367,0.9597,0.932,0.9464,65796.5
1763035200000,0.9464,0.9636,0.9124,0.9196,225935.2
1763049600000,0.9196,0.9256,0.8743,0.8857,239903.5
1763064000000,0.8857,0.8986,0.8664,0.8916,83058.6
1763078400000,0.8916,0.9046,0.8764,0.8805,66212.7
1763092800000,0.8805,0.9045,0.8413,0.8956,122963.4
1763107200000,0.8956,0.8976,0.876,0.8826,48434.3
1763121600000,0.8826,0.9177,0.8684,0.9076,186932.3
1763136000000,0.9076,0.9146,0.8824,0.8974,77527.0
1763150400000,0.8974,0.8974,0.8368,0.8526,102707.4
1763164800000,0.8526,0.8806,0.8505,0.8767,40345.6
1763179200000,0.8767,0.8968,0.8733,0.8785,49081.8
1763193600000,0.8785,0.8786,0.8574,0.8706,63315.8
1763208000000,0.8706,0.8892,0.8683,0.8686,118857.7
1763222400000,0.8686,0.879,0.8603,0.8696,62725.3
1763236800000,0.8696,0.8717,0.8528,0.8584,29781.2
1763251200000,0.8584,0.872,0.8354,0.8715,90731.7
1763265600000,0.8715,0.872,0.8552,0.8646,69243.4
1763280000000,0.8646,0.8707,0.8444,0.8475,43802.5
1763294400000,0.8475,0.8526,0.8233,0.8245,109108.6
1763308800000,0.8245,0.834,0.7988,0.8124,138653.5
1763323200000,0.8124,0.8307,0.8005,0.8245,65264.6
1763337600000,0.8245,0.8392,0.8155,0.8316,38980.8
1763352000000,0.8316,0.8416,0.8284,0.8385,63580.2
1763366400000,0.8385,0.8464,0.8345,0.8404,40541.6
1763380800000,0.8404,0.8443,0.8005,0.8126,142346.4
1763395200000,0.8126,0.828,0.7828,0.7885,120188.6
1763409600000,0.7885,0.792,0.7714,0.7875,146171.1
1763424000000,0.7875,0.8096,0.7668,0.8033,103697.5
1763438400000,0.8033,0.8213,0.7938,0.8056,81416.1
1763452800000,0.8056,0.8193,0.7994,0.8037,70877.3
1763467200000,0.8037,0.8236,0.7956,0.8134,90300.5
1763481600000,0.8134,0.8324,0.8054,0.8085,78823.8
1763496000000,0.8085,0.8107,0.7877,0.7904,87513.3
1763510400000,0.7904,0.7961,0.7747,0.7766,51175.9
1763524800000,0.7766,0.7775,0.7519,0.7696,104615.7
1763539200000,0.7696,0.7822,0.7674,0.7804,91545.8
1763553600000,0.7804,0.787,0.7437,0.7455,120352.5
1763568000000,0.7455,0.7533,0.724,0.7321,137623.0
1763582400000,0.7321,0.7767,0.7304,0.7735,97994.3
1763596800000,0.7735,0.7735,0.7477,0.7514,114565.3
1763611200000,0.7514,0.7662,0.7449,0.7655,91278.6
1763625600000,0.7655,0.767,0.7536,0.7576,128668.8
1763640000000,0.7576,0.8082,0.7557,0.7646,488558.6
1763654400000,0.7646,0.7666,0.699,0.7114,401587.2
1763668800000,0.7114,0.7532,0.7047,0.7166,203439.1
1763683200000,0.7166,0.7335,0.7086,0.719,100050.6
1763697600000,0.719,0.7215,0.6134,0.6686,238398.5
1763712000000,0.6686,0.6852,0.6524,0.6556,209445.2
1763726400000,0.6556,0.6812,0.6439,0.6666,267822.3
1763740800000,0.6666,0.6892,0.657,0.6656,148612.4
1763755200000,0.6656,0.6657,0.6358,0.6555,140447.2
1763769600000,0.6555,0.6646,0.6394,0.6405,85568.4
1763784000000,0.6405,0.6426,0.6164,0.6304,145332.5
1763798400000,0.6304,0.636,0.615,0.6324,103725.7
1763812800000,0.6324,0.6336,0.6089,0.6205,94370.9
1763827200000,0.6205,0.6262,0.6173,0.6184,92799.6
1763841600000,0.6184,0.6346,0.6113,0.6214,79437.5
1763856000000,0.6214,0.628,0.613,0.6174,83060.0
1763870400000,0.6174,0.6277,0.6154,0.6206,100411.3
1763884800000,0.6206,0.6277,0.6106,0.6204,123159.6
1763899200000,0.6204,0.6251,0.6031,0.6165,155469.8
1763913600000,0.6165,0.6227,0.6054,0.6166,93633.2
1763928000000,0.6166,0.625,0.6083,0.6095,79598.1
1763942400000,0.6095,0.6276,0.5973,0.6204,143701.5
1763956800000,0.6204,0.6327,0.6084,0.6246,157830.8
1763971200000,0.6246,0.6266,0.6043,0.6176,102656.8
1763985600000,0.6176,0.638,0.6104,0.6318,169122.8
1764000000000,0.6318,0.6597,0.6294,0.6465,286978.6
1764014400000,0.6465,0.6545,0.6413,0.6457,92031.4
1764028800000,0.6457,0.6457,0.6324,0.6395,62001.4
1764043200000,0.6395,0.6442,0.6168,0.6214,97994.5
1764057600000,0.6214,0.6231,0.6134,0.6197,111771.2
1764072000000,0.6197,0.6306,0.607,0.6155,149147.3
1764086400000,0.6155,0.6313,0.6094,0.6194,105234.1
1764100800000,0.6194,0.638,0.6168,0.6326,115489.4
1764115200000,0.6326,0.6347,0.6175,0.6186,56778.9
1764129600000,0.6186,0.6262,0.6168,0.6261,83486.2
1764144000000,0.6261,0.6262,0.6074,0.6094,126155.3
1764158400000,0.6094,0.6137,0.5968,0.6003,184707.0
1764172800000,0.6003,0.632,0.5993,0.6264,236044.3
1764187200000,0.6264,0.6348,0.6223,0.6325,118637.8
1764201600000,0.6325,0.6379,0.6243,0.6274,166707.7
1764216000000,0.6274,0.64,0.6264,0.6385,79927.1
1764230400000,0.6385,0.6596,0.633,0.6396,199914.1
1764244800000,0.6396,0.643,0.6286,0.6424,159108.8
1764259200000,0.6424,0.6626,0.6413,0.6616,203988.6
1764273600000,0.6616,0.6777,0.6463,0.6496,270773.4
1764288000000,0.6496,0.6555,0.6194,0.6234,200183.2
1764302400000,0.6234,0.6266,0.615,0.6156,152614.4
1764316800000,0.6156,0.6374,0.6084,0.6116,171773.7
1764331200000,0.6116,0.6346,0.6086,0.6223,215907.5
1764345600000,0.6223,0.6236,0.5934,0.6174,198626.8
1764360000000,0.6174,0.6334,0.6128,0.6265,174925.8
1764374400000,0.6265,0.6375,0.6253,0.6355,141161.6
1764388800000,0.6355,0.6597,0.6354,0.6516,316793.2
1764403200000,0.6516,0.6516,0.6324,0.6364,145234.1
1764417600000,0.6364,0.6466,0.6083,0.6155,402904.5
1764432000000,0.6155,0.6211,0.607,0.6176,119252.1
1764446400000,0.6176,0.6211,0.6128,0.6184,88840.6
1764460800000,0.6184,0.6223,0.6128,0.6211,106956.4
1764475200000,0.6211,0.663,0.6193,0.6504,494085.3
1764489600000,0.6504,0.6762,0.6458,0.6634,323186.7
1764504000000,0.6634,0.6983,0.6514,0.6566,414505.5
1764518400000,0.6566,0.6607,0.6464,0.6495,202270.9
1764532800000,0.6495,0.6533,0.6368,0.6374,127094.1
1764547200000,0.6374,0.6391,0.5715,0.5726,356556.7
1764561600000,0.5726,0.5736,0.5635,0.5665,177186.7
1764576000000,0.5665,0.5811,0.5583,0.5614,158325.1
1764590400000,0.5614,0.5706,0.5525,0.5635,213352.2
1764604800000,0.5635,0.5642,0.5475,0.5604,154521.1
1764619200000,0.5604,0.5696,0.5594,0.5646,122822.0
1764633600000,0.5646,0.5704,0.5513,0.5582,86248.9
1764648000000,0.5582,0.5646,0.5554,0.5575,75430.4
1764662400000,0.5575,0.5617,0.5485,0.5595,130828.2
1764676800000,0.5595,0.643,0.5584,0.643,380053.5
1764691200000,0.643,0.65,0.6187,0.6188,276339.2
1764705600000,0.6188,0.6282,0.6098,0.6223,123015.2
1764720000000,0.6223,0.6365,0.6126,0.6204,218953.9
1764734400000,0.6204,0.6261,0.6168,0.6168,118562.8
1764748800000,0.6168,0.6261,0.6168,0.6233,128606.5
1764763200000,0.6233,0.6413,0.6043,0.6403,278617.6
1764777600000,0.6403,0.6493,0.629,0.6485,180931.2
1764792000000,0.6485,0.6642,0.6407,0.6495,146452.9
1764806400000,0.6495,0.652,0.6407,0.6408,70934.9
1764820800000,0.6408,0.6493,0.6385,0.6435,75530.7
1764835200000,0.6435,0.65,0.6337,0.6385,116579.9
1764849600000,0.6385,0.6493,0.6333,0.6442,171840.2
1764864000000,0.6442,0.6452,0.6207,0.6315,163995.9
1764878400000,0.6315,0.634,0.6207,0.6217,96034.0
1764892800000,0.6217,0.6297,0.62,0.6205,89774.4
1764907200000,0.6205,0.6282,0.6154,0.6255,75164.6
1764921600000,0.6255,0.6256,0.6098,0.6148,121512.3
1764936000000,0.6148,0.6211,0.602,0.6082,183765.3
1764950400000,0.6082,0.6093,0.5641,0.5736,284491.3
1764964800000,0.5736,0.5777,0.5684,0.5744,97674.6
1764979200000,0.5744,0.5777,0.566,0.5714,67745.3
1764993600000,0.5714,0.5726,0.5653,0.5686,66202.7
1765008000000,0.5686,0.5777,0.5654,0.5695,101667.2
1765022400000,0.5695,0.5806,0.5685,0.5743,109726.0
1765036800000,0.5743,0.5884,0.5743,0.5755,167127.2
1765051200000,0.5755,0.585,0.5745,0.5806,62463.7
1765065600000,0.5806,0.5871,0.5795,0.5835,52297.8
1765080000000,0.5835,0.5902,0.5797,0.5815,65540.8
1765094400000,0.5815,0.5823,0.568,0.5695,95521.7
1765108800000,0.5695,0.5746,0.5432,0.5685,337782.5
1765123200000,0.5685,0.5884,0.557,0.585,138733.7
1765137600000,0.585,0.5861,0.551,0.5575,122153.6
1765152000000,0.5575,0.5796,0.5554,0.5754,81931.8
1765166400000,0.5754,0.5952,0.5754,0.5896,89935.9
1765180800000,0.5896,0.5992,0.5845,0.5875,101218.1
1765195200000,0.5875,0.6011,0.5839,0.5886,168263.7
1765209600000,0.5886,0.598,0.5773,0.5824,103412.8
1765224000000,0.5824,0.598,0.5824,0.5935,59968.2
1765238400000,0.5935,0.594,0.577,0.5871,65426.8
1765252800000,0.5871,0.5871,0.5738,0.5815,71192.2
1765267200000,0.5815,0.5835,0.5744,0.5826,54416.0
1765281600000,0.5826,0.6257,0.5809,0.6194,169571.9
1765296000000,0.6194,0.6572,0.6194,0.6384,316953.7
1765310400000,0.6384,0.6425,0.6207,0.6365,95813.3
1765324800000,0.6365,0.6376,0.6168,0.6205,59834.9
1765339200000,0.6205,0.6235,0.6085,0.6136,48798.2
1765353600000,0.6136,0.6201,0.6038,0.6065,106704.0
1765368000000,0.6065,0.6142,0.6038,0.6074,63555.7
1765382400000,0.6074,0.6363,0.6058,0.6332,125557.9
1765396800000,0.6332,0.6473,0.6027,0.605,144218.3
1765411200000,0.605,0.6054,0.5744,0.5775,155429.4
1765425600000,0.5775,0.5883,0.5744,0.5805,65440.8
1765440000000,0.5805,0.5811,0.5743,0.5755,57560.1
1765454400000,0.5755,0.5821,0.5711,0.5735,103080.6
1765468800000,0.5735,0.5835,0.5681,0.5756,84429.3
1765483200000,0.5756,0.6028,0.574,0.5896,89332.3
1765497600000,0.5896,0.5961,0.582,0.5905,44059.0
1765512000000,0.5905,0.5992,0.588,0.5925,41398.4
1765526400000,0.5925,0.6022,0.5888,0.5978,60203.1
1765540800000,0.5978,0.6042,0.5641,0.5668,157243.4
1765555200000,0.5668,0.5722,0.5559,0.5643,143109.5
1765569600000,0.5643,0.5762,0.563,0.5744,50778.3
1765584000000,0.5744,0.5843,0.5719,0.5835,69888.2
1765598400000,0.5835,0.5901,0.5797,0.5856,39165.5
1765612800000,0.5856,0.587,0.582,0.5835,69946.0
1765627200000,0.5835,0.586,0.578,0.5815,59112.3
1765641600000,0.5815,0.585,0.579,0.5824,67381.4
1765656000000,0.5824,0.5857,0.577,0.5797,77478.1
1765670400000,0.5797,0.5834,0.5767,0.5784,62883.6
1765684800000,0.5784,0.5793,0.568,0.5726,76215.6
1765699200000,0.5726,0.5742,0.5597,0.5664,86620.3
1765713600000,0.5664,0.5694,0.5516,0.5535,159042.7
1765728000000,0.5535,0.5593,0.5458,0.5502,167466.7
1765742400000,0.5502,0.5553,0.531,0.5416,160009.1
1765756800000,0.5416,0.558,0.5391,0.5522,169041.7
1765771200000,0.5522,0.558,0.5497,0.5516,93494.3
1765785600000,0.5516,0.555,0.5488,0.5496,80958.2
1765800000000,0.5496,0.5532,0.5147,0.5186,290795.7
1765814400000,0.5186,0.5194,0.5,0.5075,224421.6
1765828800000,0.5075,0.5104,0.5016,0.5035,82003.0
1765843200000,0.5035,0.5083,0.4966,0.5062,92911.6
1765857600000,0.5062,0.5073,0.4888,0.4931,194680.5
1765872000000,0.4931,0.5154,0.4931,0.5133,122860.3
1765886400000,0.5133,0.516,0.4986,0.5134,171934.6
1765900800000,0.5134,0.5194,0.5087,0.5166,112012.1
1765915200000,0.5166,0.5175,0.5107,0.5123,57259.0
1765929600000,0.5123,0.5144,0.5057,0.5087,58025.6
1765944000000,0.5087,0.5124,0.5044,0.5084,53283.4
1765958400000,0.5084,0.5124,0.5026,0.5115,64659.8
1765972800000,0.5115,0.5252,0.5,0.5026,197026.0
1765987200000,0.5026,0.5062,0.48,0.488,198736.4
1766001600000,0.488,0.4911,0.4787,0.4815,86417.3
1766016000000,0.4815,0.4827,0.4733,0.4745,66084.8
1766030400000,0.4745,0.4785,0.468,0.4729,78782.9
1766044800000,0.4729,0.4782,0.4688,0.4711,73021.9
1766059200000,0.4711,0.4919,0.4702,0.4832,179275.5
1766073600000,0.4832,0.4835,0.4398,0.4414,312221.3
1766088000000,0.4414,0.4545,0.4412,0.4472,152586.1
1766102400000,0.4472,0.4622,0.4416,0.4583,90422.8
1766116800000,0.4583,0.4705,0.4547,0.4662,75679.9
1766131200000,0.4662,0.4693,0.4616,0.4647,48695.8
1766145600000,0.4647,0.4851,0.4589,0.4789,146618.1
1766160000000,0.4789,0.4912,0.4717,0.4865,143309.0
1766174400000,0.4865,0.489,0.4765,0.4779,91953.7
1766188800000,0.4779,0.4815,0.473,0.4743,40829.4
1766203200000,0.4743,0.4781,0.4692,0.4774,57266.7
1766217600000,0.4774,0.4801,0.4697,0.4737,95270.3
1766232000000,0.4737,0.4763,0.468,0.4749,72349.1
1766246400000,0.4749,0.4805,0.471,0.4789,40602.7
1766260800000,0.4789,0.4798,0.4756,0.4768,34825.3
1766275200000,0.4768,0.4786,0.466,0.4712,41374.5
1766289600000,0.4712,0.4746,0.4691,0.4737,26666.3
1766304000000,0.4737,0.4775,0.4683,0.4688,47254.1
1766318400000,0.4688,0.4702,0.4462,0.4533,159145.3
1766332800000,0.4533,0.4615,0.4511,0.4579,55926.9
1766347200000,0.4579,0.4648,0.4518,0.4606,65645.8
1766361600000,0.4606,0.4752,0.4541,0.4642,80404.3
1766376000000,0.4642,0.4694,0.4637,0.4689,50502.9
1766390400000,0.4689,0.4748,0.4593,0.4641,83352.2
1766404800000,0.4641,0.4688,0.4576,0.4632,87576.8
1766419200000,0.4632,0.4663,0.4444,0.4456,91146.1
1766433600000,0.4456,0.4515,0.4428,0.4491,74886.4
1766448000000,0.4491,0.4552,0.446,0.4485,39477.5
1766462400000,0.4485,0.4499,0.4428,0.4438,159054.4
1766476800000,0.4438,0.4524,0.4431,0.4496,57043.4
1766491200000,0.4496,0.4496,0.4339,0.443,106335.7
1766505600000,0.443,0.4542,0.4422,0.4527,96705.4
1766520000000,0.4527,0.46,0.4445,0.4491,78017.4
1766534400000,0.4491,0.4509,0.4348,0.4404,69716.9
1766548800000,0.4404,0.4443,0.4319,0.4332,59667.6
1766563200000,0.4332,0.4365,0.4318,0.4343,49764.9
1766577600000,0.4343,0.4452,0.4292,0.4442,93911.2
1766592000000,0.4442,0.4479,0.4381,0.4461,81239.9
1766606400000,0.4461,0.4521,0.4453,0.4493,33006.4
1766620800000,0.4493,0.457,0.4464,0.4566,52285.5
1766635200000,0.4566,0.4592,0.4533,0.4552,47926.1
1766649600000,0.4552,0.4611,0.4478,0.453,79465.0
1766664000000,0.453,0.461,0.449,0.4555,115877.4
1766678400000,0.4555,0.4606,0.452,0.4593,86029.1
1766692800000,0.4593,0.4617,0.4358,0.4384,92947.3
1766707200000,0.4384,0.4686,0.4362,0.4637,154207.0
1766721600000,0.4637,0.4654,0.4544,0.456,64863.0
1766736000000,0.456,0.4626,0.4553,0.461,55545.6
1766750400000,0.461,0.4659,0.4468,0.4497,104111.2
1766764800000,0.4497,0.4602,0.4462,0.4583,57978.8
1766779200000,0.4583,0.4617,0.4547,0.4558,42992.9
1766793600000,0.4558,0.4678,0.4541,0.4655,36790.9
1766808000000,0.4655,0.4658,0.4586,0.463,39023.5
1766822400000,0.463,0.467,0.4562,0.4658,43994.2
1766836800000,0.4658,0.4717,0.4618,0.4702,70736.6
1766851200000,0.4702,0.4729,0.468,0.4704,39489.6
1766865600000,0.4704,0.4865,0.469,0.4849,109865.5
1766880000000,0.4849,0.4862,0.4761,0.4788,73959.9
1766894400000,0.4788,0.483,0.4772,0.4808,32421.7
1766908800000,0.4808,0.4826,0.477,0.4787,51491.9
1766923200000,0.4787,0.4806,0.4738,0.4756,57354.2
1766937600000,0.4756,0.4789,0.4658,0.4667,93399.2
1766952000000,0.4667,0.4724,0.4649,0.4706,79719.8
1766966400000,0.4706,0.4827,0.4693,0.4818,96659.6
1766980800000,0.4818,0.4839,0.4698,0.4758,48576.4
1766995200000,0.4758,0.4775,0.4629,0.4676,57798.7
1767009600000,0.4676,0.468,0.4556,0.4621,118315.6
1767024000000,0.4621,0.4625,0.4541,0.4554,57791.2
1767038400000,0.4554,0.4571,0.452,0.4549,40179.2
1767052800000,0.4549,0.458,0.4516,0.4546,37717.5
1767067200000,0.4546,0.4616,0.4518,0.4601,40112.4
1767081600000,0.4601,0.4707,0.4601,0.4704,80804.7
1767096000000,0.4704,0.4734,0.4566,0.4663,139845.5
1767110400000,0.4663,0.4696,0.4554,0.4608,73935.7
1767124800000,0.4608,0.4608,0.4553,0.4591,39405.4
1767139200000,0.4591,0.4668,0.4565,0.4629,36575.5
1767153600000,0.4629,0.4654,0.4613,0.4617,26845.2
1767168000000,0.4617,0.4665,0.4577,0.4663,54584.5
1767182400000,0.4663,0.4794,0.4646,0.4743,112490.9
1767196800000,0.4743,0.477,0.4462,0.4526,202695.9
1767211200000,0.4526,0.4614,0.4492,0.4559,104099.3
1767225600000,0.4559,0.464,0.4511,0.4523,51778.1
1767240000000,0.4523,0.4613,0.4501,0.4605,39022.9
1767254400000,0.4605,0.471,0.4597,0.4697,78633.7
1767268800000,0.4697,0.4897,0.4672,0.4874,144571.6
1767283200000,0.4874,0.5021,0.4842,0.5021,147385.8
1767297600000,0.5021,0.5043,0.4953,0.4981,115958.2
1767312000000,0.4981,0.5047,0.4931,0.502,54588.1
1767326400000,0.502,0.5046,0.4967,0.4978,53805.2
1767340800000,0.4978,0.5061,0.495,0.4989,73643.9
1767355200000,0.4989,0.5098,0.4947,0.5026,115194.7
1767369600000,0.5026,0.5153,0.5003,0.515,111117.3
1767384000000,0.515,0.5302,0.5103,0.5299,99220.1
1767398400000,0.5299,0.5363,0.5232,0.5344,64823.7
1767412800000,0.5344,0.536,0.5111,0.5126,97469.4
1767427200000,0.5126,0.5204,0.5084,0.5202,104441.2
1767441600000,0.5202,0.5284,0.5182,0.5237,90056.7
1767456000000,0.5237,0.5336,0.5236,0.5261,65729.1
1767470400000,0.5261,0.5317,0.5217,0.5308,30582.9
1767484800000,0.5308,0.5418,0.527,0.5398,63153.9
1767499200000,0.5398,0.5578,0.5362,0.5463,133248.0
1767513600000,0.5463,0.5601,0.5408,0.5595,118756.6
1767528000000,0.5595,0.5753,0.5519,0.5731,147561.8
1767542400000,0.5731,0.5939,0.5647,0.5706,203292.9
1767556800000,0.5706,0.5793,0.567,0.5741,59331.0
1767571200000,0.5741,0.5796,0.5564,0.5693,152209.5
1767585600000,0.5693,0.5709,0.5576,0.5685,90368.2
1767600000000,0.5685,0.5697,0.5586,0.5626,86347.1
1767614400000,0.5626,0.5854,0.5591,0.5818,89361.8
1767628800000,0.5818,0.593,0.5679,0.5863,143096.8
1767643200000,0.5863,0.5987,0.586,0.5886,81130.7
1767657600000,0.5886,0.5943,0.5781,0.5879,67092.3
1767672000000,0.5879,0.5911,0.5754,0.5775,102561.8
1767686400000,0.5775,0.5975,0.5769,0.5941,82413.9
1767700800000,0.5941,0.6127,0.5847,0.5888,151403.3
1767715200000,0.5888,0.5904,0.5647,0.5712,123750.7
1767729600000,0.5712,0.6025,0.571,0.5905,90267.6
1767744000000,0.5905,0.5908,0.5723,0.5777,46792.0
1767758400000,0.5777,0.5984,0.5765,0.598,60743.9
1767772800000,0.598,0.6024,0.5793,0.5876,96092.0
1767787200000,0.5876,0.5897,0.5614,0.5665,134374.2
1767801600000,0.5665,0.5749,0.5635,0.5694,81436.5
1767816000000,0.5694,0.5709,0.5571,0.5646,69835.4
1767830400000,0.5646,0.5689,0.5555,0.5572,40249.8
1767844800000,0.5572,0.5656,0.5467,0.5607,91536.9
1767859200000,0.5607,0.5633,0.5375,0.5439,110205.2
1767873600000,0.5439,0.5621,0.532,0.5616,147246.3
1767888000000,0.5616,0.5637,0.5443,0.5452,86183.7
1767902400000,0.5452,0.5571,0.5392,0.5476,49903.7
1767916800000,0.5476,0.5573,0.5446,0.557,42685.4
1767931200000,0.557,0.5629,0.5503,0.5593,40388.2
1767945600000,0.5593,0.561,0.545,0.5509,59923.0
1767960000000,0.5509,0.5781,0.5425,0.5738,153066.6
1767974400000,0.5738,0.5791,0.5447,0.5478,102520.8
1767988800000,0.5478,0.5611,0.5464,0.5535,45917.6
1768003200000,0.5535,0.5538,0.5409,0.5443,35073.6
1768017600000,0.5443,0.5504,0.5386,0.5467,36260.9
1768032000000,0.5467,0.5566,0.5449,0.5564,39991.5
1768046400000,0.5564,0.5627,0.5503,0.5507,37597.8
1768060800000,0.5507,0.5591,0.5448,0.5588,33267.2
1768075200000,0.5588,0.5625,0.5435,0.5474,46396.7
1768089600000,0.5474,0.5531,0.5456,0.5523,22858.4
1768104000000,0.5523,0.5542,0.548,0.5529,23269.2
1768118400000,0.5529,0.5605,0.5506,0.5585,28883.7
1768132800000,0.5585,0.5623,0.5491,0.552,53197.1
1768147200000,0.552,0.5638,0.5508,0.5548,59635.2
1768161600000,0.5548,0.5548,0.5349,0.5472,76825.4
1768176000000,0.5472,0.5781,0.537,0.5601,87021.5
1768190400000,0.5601,0.5686,0.5445,0.5448,57593.7
1768204800000,0.5448,0.5483,0.5337,0.5449,77245.3
1768219200000,0.5449,0.5476,0.5255,0.5437,98224.6
1768233600000,0.5437,0.554,0.5338,0.5415,74473.3
1768248000000,0.5415,0.5464,0.5276,0.5298,46211.8
1768262400000,0.5298,0.5376,0.5285,0.5371,36703.6
1768276800000,0.5371,0.5593,0.5371,0.5557,65934.3
1768291200000,0.5557,0.5635,0.5492,0.5605,77958.5
1768305600000,0.5605,0.5911,0.5579,0.5911,156553.2
1768320000000,0.5911,0.6181,0.5903,0.5972,260144.5
1768334400000,0.5972,0.6257,0.5869,0.6077,216508.5
1768348800000,0.6077,0.6134,0.6029,0.6062,59403.2
1768363200000,0.6062,0.6116,0.6015,0.6064,51053.1
1768377600000,0.6064,0.615,0.6037,0.607,66399.4
1768392000000,0.607,0.612,0.5951,0.6093,153363.2
1768406400000,0.6093,0.6143,0.5819,0.5956,171480.7
1768420800000,0.5956,0.601,0.5865,0.5913,64575.2
1768435200000,0.5913,0.5928,0.5745,0.5759,87863.6
1768449600000,0.5759,0.5897,0.5749,0.5876,39868.2
1768464000000,0.5876,0.5876,0.5762,0.5782,86238.8
1768478400000,0.5782,0.5858,0.5575,0.5666,112349.0
1768492800000,0.5666,0.5707,0.5492,0.5556,121193.3
1768507200000,0.5556,0.5618,0.5491,0.5607,57563.5
1768521600000,0.5607,0.563,0.5539,0.558,47820.0
1768536000000,0.558,0.5613,0.5506,0.5572,34109.6
1768550400000,0.5572,0.5628,0.5566,0.5599,29127.0
1768564800000,0.5599,0.5613,0.5399,0.5434,73607.1
1768579200000,0.5434,0.5562,0.5417,0.5557,87733.4
1768593600000,0.5557,0.5754,0.5523,0.5724,74687.8
1768608000000,0.5724,0.593,0.5717,0.5811,82210.4
1768622400000,0.5811,0.5973,0.5769,0.5944,52057.4
1768636800000,0.5944,0.5999,0.5776,0.5782,118273.2
1768651200000,0.5782,0.5941,0.5777,0.5891,68860.2
1768665600000,0.5891,0.5897,0.5796,0.5836,60419.5
1768680000000,0.5836,0.5854,0.5737,0.5776,46570.7
1768694400000,0.5776,0.5823,0.5678,0.5686,37534.4
1768708800000,0.5686,0.5694,0.5618,0.5673,35166.4
1768723200000,0.5673,0.5683,0.5637,0.5655,45503.5
1768737600000,0.5655,0.5678,0.5572,0.5641,67901.7
1768752000000,0.5641,0.575,0.5618,0.5666,69096.3
1768766400000,0.5666,0.5729,0.5298,0.5307,119164.8
1768780800000,0.5307,0.5307,0.4724,0.5022,345948.8
1768795200000,0.5022,0.5022,0.4884,0.4947,163517.9
1768809600000,0.4947,0.4976,0.4868,0.4878,105008.1
1768824000000,0.4878,0.4931,0.4849,0.4875,106955.0
1768838400000,0.4875,0.5139,0.4864,0.5042,164805.6
1768852800000,0.5042,0.506,0.4883,0.4968,126356.4
1768867200000,0.4968,0.4977,0.488,0.4915,87673.3
1768881600000,0.4915,0.4955,0.4829,0.4848,111937.0
1768896000000,0.4848,0.488,0.4758,0.476,106294.0
1768910400000,0.476,0.4845,0.4685,0.4719,149794.0
1768924800000,0.4719,0.4754,0.4622,0.4686,110572.4
1768939200000,0.4686,0.476,0.4597,0.4619,65659.8
1768953600000,0.4619,0.4784,0.4616,0.4758,48718.1
1768968000000,0.4758,0.4786,0.4732,0.4768,29627.1
1768982400000,0.4768,0.4781,0.4666,0.4681,64633.8
1768996800000,0.4681,0.483,0.4612,0.4795,139229.2
1769011200000,0.4795,0.4872,0.4528,0.4872,203478.3
1769025600000,0.4872,0.4909,0.4694,0.4723,93506.1
1769040000000,0.4723,0.4814,0.472,0.4758,38096.6
1769054400000,0.4758,0.4796,0.4697,0.4718,30249.9
1769068800000,0.4718,0.4776,0.4686,0.469,44150.8
1769083200000,0.469,0.4715,0.4544,0.4595,93169.3
1769097600000,0.4595,0.4668,0.4585,0.4616,74757.0
1769112000000,0.4616,0.4625,0.453,0.4574,55878.6
1769126400000,0.4574,0.4681,0.4565,0.4679,57272.3
1769140800000,0.4679,0.473,0.4618,0.4636,51198.5
1769155200000,0.4636,0.4649,0.4556,0.4604,48211.0
1769169600000,0.4604,0.4617,0.4455,0.4611,154643.6
1769184000000,0.4611,0.4753,0.4552,0.4572,117842.0
1769198400000,0.4572,0.4575,0.4483,0.4536,59951.8
1769212800000,0.4536,0.4611,0.4503,0.4587,44301.1
1769227200000,0.4587,0.4604,0.4537,0.4572,28024.7
1769241600000,0.4572,0.4646,0.4563,0.4645,36785.1
1769256000000,0.4645,0.4661,0.4545,0.4554,53930.2
1769270400000,0.4554,0.457,0.4522,0.4546,46190.5
1769284800000,0.4546,0.4599,0.4546,0.4593,36470.2
1769299200000,0.4593,0.4609,0.4507,0.4515,35209.2
1769313600000,0.4515,0.4545,0.4476,0.4508,51754.8
1769328000000,0.4508,0.4591,0.4477,0.4549,55203.2
1769342400000,0.4549,0.4549,0.444,0.4477,86537.4
1769356800000,0.4477,0.4477,0.4155,0.4182,274956.5
1769371200000,0.4182,0.4287,0.4171,0.4282,105828.8
1769385600000,0.4282,0.4441,0.4265,0.4391,73171.7
1769400000000,0.4391,0.4481,0.4391,0.445,55292.4
1769414400000,0.445,0.449,0.4404,0.4427,53663.2
1769428800000,0.4427,0.4546,0.4406,0.4446,133032.7
1769443200000,0.4446,0.4514,0.4418,0.4441,135365.1
1769457600000,0.4441,0.4506,0.4406,0.4442,83186.8
1769472000000,0.4442,0.4488,0.4412,0.4422,40586.0
1769486400000,0.4422,0.4449,0.4389,0.4419,45827.2
1769500800000,0.4419,0.4428,0.439,0.4414,43507.4
1769515200000,0.4414,0.4449,0.4364,0.4446,55493.5
1769529600000,0.4446,0.4547,0.4378,0.4495,112763.9
1769544000000,0.4495,0.4581,0.449,0.4539,109638.5
1769558400000,0.4539,0.4556,0.4486,0.4517,48170.6
1769572800000,0.4517,0.4558,0.4484,0.4542,37537.9
1769587200000,0.4542,0.4651,0.4508,0.4633,84079.3
1769601600000,0.4633,0.4635,0.4491,0.4506,96618.5
1769616000000,0.4506,0.4571,0.4479,0.4547,99004.8
1769630400000,0.4547,0.472,0.4497,0.4624,181006.2
1769644800000,0.4624,0.4639,0.4417,0.4434,128011.5
1769659200000,0.4434,0.4437,0.4382,0.4386,68433.9
1769673600000,0.4386,0.4427,0.434,0.4346,86490.8
1769688000000,0.4346,0.4384,0.4051,0.4126,203924.7
1769702400000,0.4126,0.4237,0.4018,0.41,273714.4
1769716800000,0.41,0.4154,0.4082,0.4108,72348.7
1769731200000,0.4108,0.416,0.3973,0.4021,142638.7
1769745600000,0.4021,0.4103,0.3962,0.4072,68367.7
1769760000000,0.4072,0.4158,0.4022,0.4147,76129.3
1769774400000,0.4147,0.4151,0.4046,0.4116,129159.2
1769788800000,0.4116,0.4178,0.3978,0.4141,174899.0
1769803200000,0.4141,0.4142,0.4041,0.4067,157182.6
1769817600000,0.4067,0.4072,0.4017,0.4024,38957.9
1769832000000,0.4024,0.4038,0.3948,0.4007,71338.1
1769846400000,0.4007,0.4012,0.3858,0.3883,200108.8
1769860800000,0.3883,0.3884,0.362,0.371,303132.7
1769875200000,0.371,0.3785,0.3323,0.3568,577343.5
1769889600000,0.3568,0.3735,0.3528,0.372,128354.4
1769904000000,0.372,0.3806,0.3706,0.3804,60372.1
1769918400000,0.3804,0.3828,0.3776,0.3803,76695.7
1769932800000,0.3803,0.3822,0.3711,0.3745,96907.1
1769947200000,0.3745,0.3764,0.3576,0.3622,130106.6
1769961600000,0.3622,0.3699,0.3579,0.3599,102117.0
1769976000000,0.3599,0.3649,0.3489,0.3586,120219.5
1769990400000,0.3586,0.3711,0.35,0.3648,127854.4
1770004800000,0.3648,0.3722,0.3513,0.3593,181812.4
1770019200000,0.3593,0.366,0.3582,0.3637,94011.5
1770033600000,0.3637,0.3817,0.3637,0.3783,135382.2
1770048000000,0.3783,0.3802,0.3746,0.3751,69721.8
1770062400000,0.3751,0.3788,0.3723,0.3769,39887.5
1770076800000,0.3769,0.3777,0.3659,0.375,64856.8
1770091200000,0.375,0.3785,0.3703,0.3759,46214.7
1770105600000,0.3759,0.3778,0.368,0.372,71661.6
1770120000000,0.372,0.3778,0.3657,0.377,104722.7
1770134400000,0.377,0.3771,0.352,0.3703,189625.8
1770148800000,0.3703,0.3866,0.3642,0.3681,125882.1
1770163200000,0.3681,0.3769,0.3659,0.3749,52867.6
1770177600000,0.3749,0.378,0.3711,0.3769,44052.8
1770192000000,0.3769,0.3776,0.3695,0.3742,53380.3
1770206400000,0.3742,0.3749,0.3575,0.3624,156182.0
1770220800000,0.3624,0.3729,0.3544,0.3717,169723.1
1770235200000,0.3717,0.3722,0.3584,0.3664,79071.7
1770249600000,0.3664,0.3715,0.3607,0.3613,88990.3
1770264000000,0.3613,0.3663,0.3548,0.3559,90569.8
1770278400000,0.3559,0.3632,0.3424,0.3479,94209.6
1770292800000,0.3479,0.3524,0.3204,0.3288,261246.2
1770307200000,0.3288,0.3354,0.3156,0.3192,265173.0
1770321600000,0.3192,0.3224,0.3028,0.3091,308783.2
1770336000000,0.3091,0.3196,0.2697,0.3123,540949.0
1770350400000,0.3123,0.3239,0.3101,0.3141,183998.6
1770364800000,0.3141,0.3271,0.3093,0.3261,149521.0
1770379200000,0.3261,0.3377,0.3224,0.3346,132905.1
1770393600000,0.3346,0.3535,0.3331,0.3417,176048.2
1770408000000,0.3417,0.3464,0.3371,0.3433,93045.7
1770422400000,0.3433,0.3446,0.3358,0.3424,75711.9
1770436800000,0.3424,0.3462,0.3248,0.3291,109680.2
1770451200000,0.3291,0.3324,0.3269,0.3308,52222.5
1770465600000,0.3308,0.3476,0.3302,0.341,151247.8
1770480000000,0.341,0.3531,0.3402,0.3442,264401.0
1770494400000,0.3442,0.3465,0.3423,0.343,67750.9
1770508800000,0.343,0.3434,0.3366,0.337,31661.7
1770523200000,0.337,0.3397,0.3345,0.3366,27150.1
1770537600000,0.3366,0.342,0.3345,0.3411,56944.8
1770552000000,0.3411,0.3413,0.334,0.3352,66455.4
1770566400000,0.3352,0.3362,0.3271,0.3349,70280.0
1770580800000,0.3349,0.3385,0.3276,0.3316,54147.5
1770595200000,0.3316,0.3368,0.3286,0.3356,84336.9
1770609600000,0.3356,0.3367,0.3283,0.3295,231991.3
1770624000000,0.3295,0.3302,0.3175,0.321,97837.4
1770638400000,0.321,0.329,0.319,0.3271,76114.3
1770652800000,0.3271,0.3358,0.3241,0.3327,69176.3
1770667200000,0.3327,0.3332,0.3273,0.33,43857.3
1770681600000,0.33,0.3322,0.3214,0.3242,66776.1
1770696000000,0.3242,0.3264,0.3169,0.3195,67586.4
1770710400000,0.3195,0.3225,0.3179,0.3181,46817.7
1770724800000,0.3181,0.3217,0.3158,0.3194,79931.1
1770739200000,0.3194,0.3217,0.313,0.3158,52291.3
1770753600000,0.3158,0.3179,0.3133,0.3166,46643.1
1770768000000,0.3166,0.3185,0.3116,0.3149,53900.3
1770782400000,0.3149,0.3155,0.3039,0.3045,75053.1
1770796800000,0.3045,0.3049,0.3001,0.3029,65552.9
1770811200000,0.3029,0.3189,0.297,0.3003,164835.3
1770825600000,0.3003,0.3115,0.3001,0.3069,91029.1
1770840000000,0.3069,0.314,0.3039,0.3073,99060.0
1770854400000,0.3073,0.3179,0.3072,0.3175,52803.4
1770868800000,0.3175,0.3262,0.3169,0.3258,76007.9
1770883200000,0.3258,0.3304,0.3219,0.327,96908.3
1770897600000,0.327,0.3278,0.318,0.3181,92283.9
1770912000000,0.3181,0.3226,0.3107,0.3177,135933.5
1770926400000,0.3177,0.3229,0.3137,0.3221,40318.9
1770940800000,0.3221,0.3243,0.317,0.3184,41998.7
1770955200000,0.3184,0.3208,0.3131,0.3186,41981.8
1770969600000,0.3186,0.3235,0.3185,0.3214,45758.7
1770984000000,0.3214,0.3354,0.3192,0.3293,86196.5
1770998400000,0.3293,0.3371,0.3285,0.3337,78909.2
1771012800000,0.3337,0.3382,0.3336,0.3364,52105.3
1771027200000,0.3364,0.3643,0.3364,0.3423,886258.6
1771041600000,0.3423,0.3432,0.3391,0.3406,66602.4
1771056000000,0.3406,0.3466,0.3406,0.3456,102536.9
1771070400000,0.3456,0.3528,0.3434,0.3525,111339.8
1771084800000,0.3525,0.3641,0.3509,0.3632,107137.2
1771099200000,0.3632,0.3672,0.357,0.3598,120910.0
1771113600000,0.3598,0.3602,0.3511,0.3578,107130.6
1771128000000,0.3578,0.3621,0.3559,0.3608,52903.5
1771142400000,0.3608,0.3608,0.3503,0.3522,72798.6
1771156800000,0.3522,0.3527,0.337,0.3421,139534.1
1771171200000,0.3421,0.344,0.3336,0.3364,105268.9
1771185600000,0.3364,0.3404,0.3347,0.3397,73050.2
1771200000000,0.3397,0.343,0.3382,0.3409,53059.2
1771214400000,0.3409,0.3442,0.3378,0.3403,45229.9
1771228800000,0.3403,0.3433,0.3358,0.3391,48450.3
1771243200000,0.3391,0.3474,0.3328,0.3351,122147.1
1771257600000,0.3351,0.3408,0.3336,0.3398,48374.7
1771272000000,0.3398,0.3473,0.3391,0.3458,45268.3
1771286400000,0.3458,0.3473,0.3417,0.3447,25013.6
1771300800000,0.3447,0.3468,0.3408,0.3433,23840.3
1771315200000,0.3433,0.3444,0.3369,0.3407,42892.8
1771329600000,0.3407,0.3444,0.3355,0.3405,80369.7
1771344000000,0.3405,0.3518,0.3359,0.3432,105872.4
1771358400000,0.3432,0.3444,0.34,0.341,25524.4
1771372800000,0.341,0.3442,0.3393,0.3434,21971.1
1771387200000,0.3434,0.3466,0.3422,0.3454,22041.4
1771401600000,0.3454,0.3476,0.3385,0.341,44506.4
1771416000000,0.341,0.346,0.3349,0.3415,77289.3
1771430400000,0.3415,0.3421,0.3261,0.328,88697.0
1771444800000,0.328,0.3299,0.3249,0.3264,50082.5
1771459200000,0.3264,0.3302,0.3241,0.3296,34100.2
1771473600000,0.3296,0.3308,0.3252,0.3263,48784.2
1771488000000,0.3263,0.3263,0.3204,0.3232,51765.7
1771502400000,0.3232,0.3244,0.3141,0.315,78982.8
1771516800000,0.315,0.3194,0.3111,0.3174,75879.6
1771531200000,0.3174,0.32,0.3154,0.32,38960.1
1771545600000,0.32,0.3229,0.3182,0.3203,28490.6
1771560000000,0.3203,0.3239,0.3172,0.3222,32555.1
1771574400000,0.3222,0.3268,0.321,0.3221,48383.9
1771588800000,0.3221,0.334,0.314,0.3339,128396.3
1771603200000,0.3339,0.3388,0.3238,0.332,157855.3
1771617600000,0.332,0.3334,0.3299,0.3315,31820.6
1771632000000,0.3315,0.3347,0.3293,0.3329,47471.8
1771646400000,0.3329,0.3388,0.3325,0.3379,47510.4
1771660800000,0.3379,0.349,0.3369,0.3445,118734.0
1771675200000,0.3445,0.346,0.3368,0.3382,57659.3
1771689600000,0.3382,0.3392,0.334,0.3346,44717.2
1771704000000,0.3346,0.3348,0.3317,0.3331,31457.6
1771718400000,0.3331,0.3331,0.3226,0.3249,40661.4
1771732800000,0.3249,0.3262,0.3229,0.3241,28809.3
1771747200000,0.3241,0.3251,0.3208,0.3208,29875.5
1771761600000,0.3208,0.3211,0.3125,0.3153,74080.3
1771776000000,0.3153,0.3154,0.3107,0.3114,50907.7
1771790400000,0.3114,0.3135,0.3086,0.3124,54402.3
1771804800000,0.3124,0.3131,0.2931,0.2949,161994.9
1771819200000,0.2949,0.301,0.2912,0.3002,83391.4
1771833600000,0.3002,0.3074,0.2993,0.3062,64750.8
1771848000000,0.3062,0.3134,0.3003,0.301,84585.8
1771862400000,0.301,0.302,0.2936,0.2963,82034.3
1771876800000,0.2963,0.302,0.2952,0.2997,58989.6
1771891200000,0.2997,0.3028,0.2941,0.2955,186668.9
1771905600000,0.2955,0.296,0.2917,0.2937,67191.4
1771920000000,0.2937,0.2958,0.2921,0.295,38514.4
1771934400000,0.295,0.302,0.2916,0.2998,63655.7
1771948800000,0.2998,0.3037,0.2994,0.3015,58165.3
1771963200000,0.3015,0.3025,0.2965,0.2998,60521.5
1771977600000,0.2998,0.3178,0.2993,0.3074,137479.6
1771992000000,0.3074,0.31,0.3032,0.31,40632.7
1772006400000,0.31,0.3208,0.3084,0.3201,64869.0
1772020800000,0.3201,0.3598,0.3181,0.3554,418847.5
1772035200000,0.3554,0.3809,0.3554,0.3685,703001.0
1772049600000,0.3685,0.3695,0.3485,0.3515,285020.6
1772064000000,0.3515,0.3529,0.343,0.3471,99232.7
1772078400000,0.3471,0.3488,0.3397,0.3419,97093.9
1772092800000,0.3419,0.345,0.3371,0.338,86718.1
1772107200000,0.338,0.3451,0.3358,0.3426,124899.4
1772121600000,0.3426,0.3442,0.3268,0.3377,175485.0
1772136000000,0.3377,0.3398,0.3341,0.3379,62214.5
1772150400000,0.3379,0.3393,0.3349,0.3384,49405.6
1772164800000,0.3384,0.3431,0.3372,0.3401,58579.9
1772179200000,0.3401,0.3452,0.3294,0.3311,208569.4
1772193600000,0.3311,0.3327,0.3261,0.328,126648.4
1772208000000,0.328,0.328,0.3178,0.3187,97983.9
1772222400000,0.3187,0.3206,0.313,0.3199,63490.4
1772236800000,0.3199,0.3236,0.3187,0.3188,42884.5
1772251200000,0.3188,0.3201,0.2993,0.3058,203075.1
1772265600000,0.3058,0.3058,0.2989,0.299,84805.1
1772280000000,0.299,0.3098,0.298,0.3053,121087.7
1772294400000,0.3053,0.3199,0.3019,0.3176,111741.4
1772308800000,0.3176,0.3294,0.3165,0.3266,101045.4
1772323200000,0.3266,0.3411,0.3209,0.3313,150367.3
1772337600000,0.3313,0.3334,0.3274,0.3323,61461.7
1772352000000,0.3323,0.3333,0.3216,0.3225,90502.1
1772366400000,0.3225,0.3272,0.3167,0.3211,82407.0
1772380800000,0.3211,0.3247,0.3125,0.3131,95247.7
1772395200000,0.3131,0.322,0.3077,0.3189,112256.3
1772409600000,0.3189,0.3289,0.3189,0.328,58806.0
1772424000000,0.328,0.3301,0.316,0.3187,90806.8
1772438400000,0.3187,0.3258,0.3154,0.3247,90227.6
1772452800000,0.3247,0.3418,0.3197,0.3387,151523.5
1772467200000,0.3387,0.3452,0.3319,0.3346,154665.7
1772481600000,0.3346,0.3369,0.3236,0.3256,85313.0
1772496000000,0.3256,0.3256,0.3191,0.324,57837.7
1772510400000,0.324,0.3248,0.3204,0.3228,64259.7
1772524800000,0.3228,0.3239,0.314,0.3162,83455.3
1772539200000,0.3162,0.3249,0.3158,0.3236,145051.6
1772553600000,0.3236,0.3355,0.3226,0.3319,177716.7
1772568000000,0.3319,0.3339,0.3268,0.3305,76454.8
1772582400000,0.3305,0.3349,0.328,0.3322,73361.5
1772596800000,0.3322,0.336,0.3277,0.3348,60726.5
1772611200000,0.3348,0.3548,0.3325,0.337,212781.8
1772625600000,0.337,0.3448,0.3321,0.3448,160723.8
1772640000000,0.3448,0.3459,0.3367,0.3436,116002.4
1772654400000,0.3436,0.3442,0.3356,0.3396,79607.8
1772668800000,0.3396,0.3405,0.3346,0.337,50796.3
1772683200000,0.337,0.3408,0.3363,0.338,46091.3
1772697600000,0.338,0.3444,0.3371,0.3398,69908.3
1772712000000,0.3398,0.3452,0.3357,0.3364,80855.4
1772726400000,0.3364,0.3405,0.3296,0.3372,103814.0
1772740800000,0.3372,0.3458,0.3369,0.3407,88354.6
1772755200000,0.3407,0.3464,0.3378,0.346,49916.9
1772769600000,0.346,0.3476,0.341,0.3469,61367.7
1772784000000,0.3469,0.3472,0.3388,0.3403,86736.0
1772798400000,0.3403,0.3424,0.3258,0.328,144572.1
1772812800000,0.328,0.3308,0.3217,0.3285,75433.8
1772827200000,0.3285,0.3323,0.3265,0.3296,30585.0
1772841600000,0.3296,0.331,0.3264,0.3274,31487.7
1772856000000,0.3274,0.3309,0.323,0.3253,44223.1
1772870400000,0.3253,0.3294,0.3246,0.3262,38344.0
1772884800000,0.3262,0.3268,0.3189,0.3204,50501.9
1772899200000,0.3204,0.3247,0.3187,0.3201,60525.8
1772913600000,0.3201,0.3224,0.3168,0.3192,34082.5
1772928000000,0.3192,0.3198,0.3119,0.3144,42959.2
1772942400000,0.3144,0.3187,0.3119,0.3171,33988.2
1772956800000,0.3171,0.3224,0.3143,0.3199,52579.5
1772971200000,0.3199,0.3231,0.3131,0.3148,97882.3
1772985600000,0.3148,0.3213,0.3119,0.3196,62063.7
1773000000000,0.3196,0.3201,0.3071,0.312,97227.6
1773014400000,0.312,0.3221,0.3114,0.3175,69079.5
1773028800000,0.3175,0.3272,0.317,0.3214,50937.5
1773043200000,0.3214,0.3246,0.3169,0.3201,50827.7
1773057600000,0.3201,0.3269,0.3201,0.3237,83114.9
1773072000000,0.3237,0.3333,0.3229,0.3276,74626.1
1773086400000,0.3276,0.3289,0.322,0.3231,38255.9
1773100800000,0.3231,0.3325,0.3223,0.3279,63209.7
1773115200000,0.3279,0.3331,0.3271,0.3317,45313.2
1773129600000,0.3317,0.3409,0.3315,0.3329,120466.8
1773144000000,0.3329,0.3413,0.3278,0.3379,112028.8
1773158400000,0.3379,0.3406,0.3273,0.3293,116486.4
1773172800000,0.3293,0.3312,0.3252,0.3277,50297.2
1773187200000,0.3277,0.3286,0.3252,0.3265,35000.6
1773201600000,0.3265,0.3284,0.3223,0.3263,41281.9
1773216000000,0.3263,0.3314,0.3261,0.3301,45078.2
1773230400000,0.3301,0.3428,0.33,0.3345,186213.6
1773244800000,0.3345,0.3387,0.3326,0.3369,56106.9
1773259200000,0.3369,0.3437,0.3347,0.3406,88105.5
1773273600000,0.3406,0.3428,0.329,0.3304,131803.3
1773288000000,0.3304,0.3319,0.3256,0.3302,58062.4
1773302400000,0.3302,0.336,0.3293,0.3312,74364.8
1773316800000,0.3312,0.3341,0.3255,0.3313,114275.3
1773331200000,0.3313,0.3391,0.3292,0.338,81342.2
1773345600000,0.338,0.3447,0.3355,0.3422,87102.6
1773360000000,0.3422,0.3533,0.3398,0.3525,101203.0
1773374400000,0.3525,0.3534,0.3466,0.3475,60756.0
1773388800000,0.3475,0.3503,0.3452,0.3482,83811.3
1773403200000,0.3482,0.3635,0.3466,0.3596,242602.6
1773417600000,0.3596,0.3648,0.3492,0.3508,227254.2
1773432000000,0.3508,0.3581,0.344,0.3482,119621.8
1773446400000,0.3482,0.3531,0.3447,0.3526,58240.9
1773460800000,0.3526,0.3537,0.3413,0.3425,72382.5
1773475200000,0.3425,0.3459,0.3416,0.3456,29005.4
1773489600000,0.3456,0.3493,0.3441,0.3465,56730.1
1773504000000,0.3465,0.35,0.3452,0.3457,37294.2
1773518400000,0.3457,0.3488,0.3434,0.3488,63000.5
1773532800000,0.3488,0.3602,0.3458,0.357,103960.5
1773547200000,0.357,0.3593,0.3499,0.352,73872.8
1773561600000,0.352,0.3555,0.3516,0.3537,59901.3
1773576000000,0.3537,0.3583,0.3465,0.3482,111258.3
1773590400000,0.3482,0.3541,0.3477,0.3535,80381.4
1773604800000,0.3535,0.3567,0.3511,0.3549,140829.9
1773619200000,0.3549,0.3642,0.3517,0.3599,93345.8
1773633600000,0.3599,0.3699,0.3598,0.3678,113641.3
1773648000000,0.3678,0.3742,0.3664,0.3677,115176.9
1773662400000,0.3677,0.371,0.3627,0.3649,131739.6
1773676800000,0.3649,0.3813,0.3646,0.3782,178646.6
1773691200000,0.3782,0.3877,0.3768,0.3841,142324.2
1773705600000,0.3841,0.3858,0.3724,0.3749,163294.2
1773720000000,0.3749,0.3764,0.3691,0.3746,69021.9
1773734400000,0.3746,0.3759,0.3712,0.3715,71777.3
1773748800000,0.3715,0.3717,0.3664,0.3708,91558.2
1773763200000,0.3708,0.3734,0.3682,0.3682,42914.3
1773777600000,0.3682,0.3752,0.3681,0.3717,57434.1
1773792000000,0.3717,0.3767,0.3687,0.3734,44946.9
1773806400000,0.3734,0.376,0.3673,0.3688,44658.7
1773820800000,0.3688,0.3724,0.3585,0.3605,71797.4
1773835200000,0.3605,0.3605,0.343,0.3463,128384.6
1773849600000,0.3463,0.35,0.3412,0.3459,77141.8
1773864000000,0.3459,0.35,0.3432,0.349,62400.9
1773878400000,0.349,0.3499,0.3444,0.3465,46446.0
1773892800000,0.3465,0.3467,0.3386,0.3394,56315.7
1773907200000,0.3394,0.3429,0.3375,0.3389,69591.2
1773921600000,0.3389,0.3394,0.3321,0.3354,77149.2
1773936000000,0.3354,0.3376,0.3308,0.3357,49986.0
1773950400000,0.3357,0.3367,0.331,0.3343,62289.1
1773964800000,0.3343,0.3382,0.3333,0.3369,40310.8
1773979200000,0.3369,0.3421,0.3359,0.3377,43635.9
1773993600000,0.3377,0.3399,0.3354,0.3366,52386.3
1774008000000,0.3366,0.3376,0.3298,0.3342,78307.1
1774022400000,0.3342,0.3353,0.3291,0.3325,64484.2
1774036800000,0.3325,0.337,0.3299,0.3341,39584.0
1774051200000,0.3341,0.3352,0.3324,0.3336,16713.4
1774065600000,0.3336,0.3363,0.3329,0.3333,19574.2
1774080000000,0.3333,0.3352,0.3312,0.3314,22837.1
1774094400000,0.3314,0.3361,0.3307,0.3361,30312.3
1774108800000,0.3361,0.3368,0.3316,0.3321,33136.0
1774123200000,0.3321,0.3351,0.3183,0.3208,81402.2
1774137600000,0.3208,0.3251,0.3145,0.3216,97167.9
1774152000000,0.3216,0.324,0.3195,0.3195,59016.6
1774166400000,0.3195,0.3206,0.3156,0.3158,67149.7
1774180800000,0.3158,0.3193,0.3156,0.3165,38280.0
1774195200000,0.3165,0.3172,0.3106,0.3121,47523.7
1774209600000,0.3121,0.3148,0.308,0.312,72952.0
1774224000000,0.312,0.3192,0.3117,0.3174,41068.8
1774238400000,0.3174,0.3206,0.3104,0.3124,47637.8
1774252800000,0.3124,0.3289,0.3106,0.3227,134440.7
1774267200000,0.3227,0.329,0.3208,0.3232,113530.2
1774281600000,0.3232,0.3296,0.3212,0.3257,123492.1
1774296000000,0.3257,0.3312,0.3248,0.3285,48017.1
1774310400000,0.3285,0.3302,0.3251,0.3296,48128.4
1774324800000,0.3296,0.3326,0.3254,0.332,72187.4
1774339200000,0.332,0.3335,0.3258,0.3273,67513.4
1774353600000,0.3273,0.3282,0.3227,0.3243,68725.0
1774368000000,0.3243,0.3254,0.3206,0.3238,53418.0
1774382400000,0.3238,0.3356,0.3238,0.3323,109554.1
1774396800000,0.3323,0.3341,0.3308,0.3333,39353.9
1774411200000,0.3333,0.3347,0.3292,0.3327,54139.3
1774425600000,0.3327,0.3357,0.3321,0.3355,46474.2
1774440000000,0.3355,0.3374,0.3309,0.3315,86362.5
1774454400000,0.3315,0.3341,0.3304,0.332,50821.8
1774468800000,0.332,0.3329,0.3289,0.3316,31072.1
1774483200000,0.3316,0.3317,0.3259,0.3266,35821.7
1774497600000,0.3266,0.3266,0.3212,0.3224,49418.5
1774512000000,0.3224,0.3226,0.317,0.3175,76346.7
1774526400000,0.3175,0.3225,0.3164,0.3167,57550.7
1774540800000,0.3167,0.3175,0.3129,0.3132,64117.8
1774555200000,0.3132,0.3189,0.312,0.315,166126.9
1774569600000,0.315,0.3178,0.315,0.3156,26676.9
1774584000000,0.3156,0.3172,0.3135,0.3171,40632.3
1774598400000,0.3171,0.3176,0.3027,0.3051,189303.2
1774612800000,0.3051,0.3065,0.3016,0.3026,123073.6
1774627200000,0.3026,0.3047,0.2985,0.3007,71396.0
1774641600000,0.3007,0.3021,0.2987,0.3006,32053.3
1774656000000,0.3006,0.3056,0.2944,0.2954,163747.0
1774670400000,0.2954,0.2991,0.2951,0.2991,28250.1
1774684800000,0.2991,0.3,0.2975,0.2993,28807.2
1774699200000,0.2993,0.3038,0.2967,0.2996,74935.9
1774713600000,0.2996,0.303,0.2994,0.3016,51127.9
1774728000000,0.3016,0.3033,0.2933,0.2943,47112.3
1774742400000,0.2943,0.2965,0.2926,0.2949,39194.8
1774756800000,0.2949,0.2957,0.2929,0.2929,21180.8
1774771200000,0.2929,0.2953,0.2911,0.2941,62298.3
1774785600000,0.2941,0.2943,0.2896,0.2922,66189.5
1774800000000,0.2922,0.2933,0.2887,0.2902,44005.6
1774814400000,0.2902,0.2949,0.2828,0.2904,73152.9
1774828800000,0.2904,0.2997,0.2902,0.2978,54487.8
1774843200000,0.2978,0.304,0.2978,0.3033,39509.2
1774857600000,0.3033,0.3053,0.2998,0.3023,42255.3
1774872000000,0.3023,0.3044,0.2986,0.3004,68251.3
1774886400000,0.3004,0.3008,0.2926,0.2944,52873.0
1774900800000,0.2944,0.297,0.2926,0.2939,34134.0
1774915200000,0.2939,0.3017,0.2938,0.2966,61060.0
1774929600000,0.2966,0.298,0.2948,0.2966,53516.9
1774944000000,0.2966,0.2966,0.2896,0.2913,91241.1
1774958400000,0.2913,0.298,0.2908,0.2917,67441.6
1774972800000,0.2917,0.2997,0.2916,0.2965,52887.9
1774987200000,0.2965,0.298,0.2938,0.2959,34744.0
1775001600000,0.2959,0.2966,0.2929,0.2952,33204.8
1775016000000,0.2952,0.3025,0.2941,0.3021,59756.7
1775030400000,0.3021,0.3036,0.2987,0.3015,52102.1
1775044800000,0.3015,0.3058,0.2997,0.3029,107918.3
1775059200000,0.3029,0.3052,0.2987,0.2997,48838.2
1775073600000,0.2997,0.3005,0.2967,0.2973,29657.4
1775088000000,0.2973,0.3006,0.2857,0.287,86883.7
1775102400000,0.287,0.2897,0.2849,0.2888,51038.5
1775116800000,0.2888,0.2889,0.2836,0.2856,62176.4
1775131200000,0.2856,0.2889,0.2819,0.2858,80548.9
1775145600000,0.2858,0.2891,0.284,0.2851,83279.2
1775160000000,0.2851,0.287,0.2836,0.2852,36706.2
1775174400000,0.2852,0.2882,0.2827,0.2875,48340.4
1775188800000,0.2875,0.2931,0.2871,0.2922,70115.5
1775203200000,0.2922,0.2983,0.2921,0.2978,101873.1
1775217600000,0.2978,0.2999,0.2921,0.2924,81660.3
1775232000000,0.2924,0.2944,0.2899,0.2909,67663.4
1775246400000,0.2909,0.2928,0.2891,0.2903,83983.1
1775260800000,0.2903,0.2904,0.2876,0.2884,24378.0
1775275200000,0.2884,0.2899,0.287,0.2891,22606.7
1775289600000,0.2891,0.293,0.2881,0.2915,52123.7
1775304000000,0.2915,0.2928,0.2879,0.2902,52616.3
1775318400000,0.2902,0.294,0.2893,0.2912,59671.5
1775332800000,0.2912,0.2915,0.2884,0.2893,31351.8
1775347200000,0.2893,0.2897,0.2864,0.2873,22770.5
1775361600000,0.2873,0.2874,0.2816,0.282,52575.8
1775376000000,0.282,0.2854,0.2816,0.2836,26435.8
1775390400000,0.2836,0.2866,0.2806,0.284,43437.2
1775404800000,0.284,0.2848,0.2808,0.282,39216.3
1775419200000,0.282,0.2877,0.2792,0.2877,65782.1
1775433600000,0.2877,0.2946,0.2874,0.2932,70641.8
1775448000000,0.2932,0.2948,0.2906,0.2926,48010.5
1775462400000,0.2926,0.2995,0.2926,0.298,78385.4
1775476800000,0.298,0.2995,0.2927,0.2966,67874.0
1775491200000,0.2966,0.2968,0.2929,0.294,40029.6
1775505600000,0.294,0.295,0.2844,0.2862,66858.6
1775520000000,0.2862,0.2877,0.2842,0.2871,37863.2
1775534400000,0.2871,0.2887,0.2853,0.2877,28905.9
1775548800000,0.2877,0.2899,0.2836,0.2845,51735.4
1775563200000,0.2845,0.2851,0.2806,0.2818,61515.6
1775577600000,0.2818,0.2911,0.2814,0.2911,52950.8
1775592000000,0.2911,0.3122,0.2907,0.3089,162471.7
1775606400000,0.3089,0.31,0.305,0.3077,69226.0
1775620800000,0.3077,0.3148,0.3076,0.3135,77409.3
1775635200000,0.3135,0.315,0.3061,0.308,55806.7
1775649600000,0.308,0.3098,0.3004,0.3035,99763.4
1775664000000,0.3035,0.3072,0.2997,0.3018,59247.6
1775678400000,0.3018,0.3048,0.2977,0.2986,59318.6
1775692800000,0.2986,0.2986,0.2922,0.2931,54301.3
1775707200000,0.2931,0.2971,0.2923,0.2958,42450.0
1775721600000,0.2958,0.2972,0.2939,0.2953,40358.4
1775736000000,0.2953,0.3042,0.2951,0.3031,52844.0
1775750400000,0.3031,0.3059,0.3012,0.3043,45762.4
1775764800000,0.3043,0.3122,0.3031,0.3041,57416.5
1775779200000,0.3041,0.305,0.3001,0.3002,37077.4
1775793600000,0.3002,0.3059,0.3001,0.301,52808.1
1775808000000,0.301,0.304,0.2999,0.3005,49676.7
1775822400000,0.3005,0.3086,0.3004,0.3053,71899.8
1775836800000,0.3053,0.3099,0.3027,0.3099,55907.3
1775851200000,0.3099,0.3105,0.3072,0.3086,53295.5
1775865600000,0.3086,0.3107,0.3048,0.3075,44273.8
1775880000000,0.3075,0.3087,0.3041,0.3065,46851.0
1775894400000,0.3065,0.3091,0.3055,0.3063,41880.5
1775908800000,0.3063,0.3065,0.3017,0.3059,67315.6
1775923200000,0.3059,0.3148,0.3055,0.3146,95686.8
1775937600000,0.3146,0.3149,0.3066,0.3074,33907.9
1775952000000,0.3074,0.3079,0.2946,0.2961,70530.2
1775966400000,0.2961,0.2967,0.2936,0.2945,31355.2
1775980800000,0.2945,0.2957,0.2927,0.2946,28392.4
1775995200000,0.2946,0.2978,0.2922,0.2933,56582.9
1776009600000,0.2933,0.2991,0.2931,0.296,40698.9
1776024000000,0.296,0.2983,0.2909,0.2913,43468.5
1776038400000,0.2913,0.2961,0.291,0.2935,28897.9
1776052800000,0.2935,0.2964,0.2911,0.2919,35856.0
1776067200000,0.2919,0.295,0.2909,0.2947,23874.5
1776081600000,0.2947,0.2993,0.2919,0.2962,58485.4
1776096000000,0.2962,0.3027,0.2943,0.3023,52716.2
1776110400000,0.3023,0.3159,0.2985,0.3159,127510.6
1776124800000,0.3159,0.3172,0.3114,0.3123,40468.6
1776139200000,0.3123,0.3134,0.3077,0.3086,36880.4
1776153600000,0.3086,0.3104,0.3081,0.3092,33223.1
1776168000000,0.3092,0.314,0.3077,0.3083,94928.3
1776182400000,0.3083,0.3104,0.3022,0.3055,45242.8
1776196800000,0.3055,0.3066,0.3039,0.3063,21193.1
1776211200000,0.3063,0.3121,0.3062,0.3102,33839.2
1776225600000,0.3102,0.3144,0.3082,0.3089,44546.4
1776240000000,0.3089,0.3208,0.3084,0.32,221978.9
1776254400000,0.32,0.3239,0.3169,0.3193,102600.5
1776268800000,0.3193,0.3309,0.3185,0.3306,73896.5
1776283200000,0.3306,0.3346,0.3273,0.3309,80552.7
1776297600000,0.3309,0.3452,0.3283,0.3446,90447.2
1776312000000,0.3446,0.3553,0.3422,0.3519,259421.8
1776326400000,0.3519,0.3571,0.3462,0.3566,406935.0
1776340800000,0.3566,0.4016,0.3564,0.3973,1153739.9
1776355200000,0.3973,0.4065,0.3764,0.3976,662422.0
1776369600000,0.3976,0.4144,0.3837,0.411,370024.9
1776384000000,0.411,0.4213,0.3959,0.4002,406837.6
1776398400000,0.4002,0.4078,0.3901,0.4073,356555.6
1776412800000,0.4073,0.4173,0.39,0.3974,328621.8
1776427200000,0.3974,0.4192,0.396,0.4071,291350.8
1776441600000,0.4071,0.4205,0.404,0.4143,226503.1
1776456000000,0.4143,0.4372,0.4143,0.4298,315036.3
1776470400000,0.4298,0.4471,0.4212,0.4241,314085.0
1776484800000,0.4241,0.4361,0.4196,0.4259,215220.7
1776499200000,0.4259,0.4284,0.4009,0.4032,451707.4
1776513600000,0.4032,0.404,0.3948,0.4001,171270.1
1776528000000,0.4001,0.4031,0.3954,0.3968,122003.0
1776542400000,0.3968,0.3969,0.3912,0.3922,51696.2
1776556800000,0.3922,0.3937,0.3822,0.3912,103837.2
1776571200000,0.3912,0.4024,0.3901,0.3975,147588.8
1776585600000,0.3975,0.4027,0.3931,0.4022,247349.9
1776600000000,0.4022,0.4087,0.386,0.3903,240778.2
1776614400000,0.3903,0.391,0.3762,0.3818,152757.2
1776628800000,0.3818,0.3836,0.3692,0.3695,167892.0
1776643200000,0.3695,0.385,0.3681,0.3821,130374.1
1776657600000,0.3821,0.3916,0.3764,0.3854,126671.6
1776672000000,0.3854,0.3919,0.3831,0.3866,113939.9
1776686400000,0.3866,0.3904,0.3792,0.3835,118154.2
1776700800000,0.3835,0.3873,0.3795,0.3843,84204.0
1776715200000,0.3843,0.3867,0.3767,0.3788,48728.8
1776729600000,0.3788,0.3798,0.3744,0.3771,54309.8
1776744000000,0.3771,0.3815,0.3758,0.3758,68615.2
1776758400000,0.3758,0.3805,0.3744,0.3777,65603.5
1776772800000,0.3777,0.3798,0.373,0.3772,62009.1
1776787200000,0.3772,0.379,0.367,0.3687,85063.6
1776801600000,0.3687,0.3783,0.3684,0.3771,50683.8
1776816000000,0.3771,0.3812,0.3726,0.3809,80594.8
1776830400000,0.3809,0.3875,0.379,0.3821,78137.0
1776844800000,0.3821,0.391,0.3818,0.3871,91536.2
1776859200000,0.3871,0.3874,0.382,0.383,78152.4
1776873600000,0.383,0.3856,0.3736,0.3781,73141.1
1776888000000,0.3781,0.3788,0.365,0.3659,45131.2
1776902400000,0.3659,0.3684,0.3532,0.3559,151138.7
1776916800000,0.3559,0.3579,0.3529,0.3563,85738.4
1776931200000,0.3563,0.3582,0.3532,0.3558,48525.1
1776945600000,0.3558,0.3665,0.3545,0.3652,84081.0
1776960000000,0.3652,0.3672,0.3541,0.3569,106308.1
1776974400000,0.3569,0.3643,0.3569,0.3631,53355.7
1776988800000,0.3631,0.3647,0.3559,0.3585,59359.5
1777003200000,0.3585,0.3608,0.3559,0.3603,30612.4
1777017600000,0.3603,0.3626,0.3575,0.362,55255.8
1777032000000,0.362,0.364,0.3572,0.3631,56335.5
1777046400000,0.3631,0.3643,0.3597,0.3624,67768.1
1777060800000,0.3624,0.3644,0.3571,0.3593,66436.5
1777075200000,0.3593,0.3626,0.3576,0.3605,43513.7
1777089600000,0.3605,0.3616,0.3562,0.3571,44212.1
1777104000000,0.3571,0.3598,0.3536,0.3549,48715.8
1777118400000,0.3549,0.3563,0.3483,0.3495,64111.9
1777132800000,0.3495,0.3506,0.3468,0.3473,37530.1
1777147200000,0.3473,0.3504,0.3469,0.3501,27489.6
1777161600000,0.3501,0.3509,0.3469,0.3502,31846.0
1777176000000,0.3502,0.3599,0.3497,0.3574,120113.3
1777190400000,0.3574,0.362,0.3555,0.3606,44061.9
1777204800000,0.3606,0.3617,0.3557,0.3597,101111.8
1777219200000,0.3597,0.3613,0.3558,0.359,77068.1
1777233600000,0.359,0.3604,0.3542,0.3564,44142.0
1777248000000,0.3564,0.3638,0.3548,0.3615,57256.0
1777262400000,0.3615,0.3621,0.3465,0.3478,98947.2
1777276800000,0.3478,0.3502,0.3462,0.3487,56905.1
1777291200000,0.3487,0.3535,0.3414,0.3444,77387.8
1777305600000,0.3444,0.3482,0.3427,0.3466,40971.0
1777320000000,0.3466,0.3538,0.3466,0.3537,104549.5
1777334400000,0.3537,0.3604,0.3517,0.3596,44297.3
1777348800000,0.3596,0.3673,0.3538,0.3551,100486.9
1777363200000,0.3551,0.3571,0.3516,0.3532,82560.0
1777377600000,0.3532,0.3705,0.3523,0.3693,153799.4
1777392000000,0.3693,0.3766,0.3601,0.3678,220865.9
1777406400000,0.3678,0.3688,0.362,0.3643,55214.9
1777420800000,0.3643,0.3811,0.3632,0.3796,137855.1
1777435200000,0.3796,0.3823,0.3671,0.3696,137859.0
1777449600000,0.3696,0.3752,0.367,0.3674,117768.8
1777464000000,0.3674,0.3678,0.3514,0.3522,137926.9
1777478400000,0.3522,0.3546,0.34,0.3454,134933.0
1777492800000,0.3454,0.3488,0.3444,0.3477,107755.5
1777507200000,0.3477,0.3559,0.3462,0.3554,77570.1
1777521600000,0.3554,0.3637,0.3511,0.3622,107828.9
1777536000000,0.3622,0.3654,0.358,0.3597,78676.9
1777550400000,0.3597,0.3618,0.3536,0.3562,60896.3
1777564800000,0.3562,0.3574,0.352,0.353,72053.2
1777579200000,0.353,0.3541,0.3482,0.3499,50875.0
1777593600000,0.3499,0.3589,0.3487,0.3569,46961.5
1777608000000,0.3569,0.3601,0.3537,0.3555,38199.1
1777622400000,0.3555,0.3579,0.353,0.3555,51011.5
1777636800000,0.3555,0.3613,0.3549,0.3585,85760.9
1777651200000,0.3585,0.3602,0.3557,0.3562,48388.4
1777665600000,0.3562,0.3567,0.3487,0.3503,46033.1
1777680000000,0.3503,0.3531,0.3474,0.3494,49641.1
1777694400000,0.3494,0.3496,0.344,0.3476,43136.3
1777708800000,0.3476,0.3501,0.3459,0.3478,44126.0
1777723200000,0.3478,0.3589,0.3473,0.358,58341.1
1777737600000,0.358,0.3621,0.3563,0.362,62972.2
1777752000000,0.362,0.3628,0.3562,0.3576,61990.9
1777766400000,0.3576,0.3579,0.3487,0.3506,38551.8
1777780800000,0.3506,0.3517,0.3482,0.3501,36098.1
1777795200000,0.3501,0.352,0.3474,0.3495,42649.0
1777809600000,0.3495,0.3516,0.3465,0.3491,58648.4
1777824000000,0.3491,0.3527,0.3483,0.3518,29352.3
1777838400000,0.3518,0.3537,0.3469,0.3474,43576.0
1777852800000,0.3474,0.3593,0.3423,0.3586,92876.6
1777867200000,0.3586,0.3614,0.3527,0.3539,59024.9
1777881600000,0.3539,0.3577,0.3423,0.3466,101377.0
1777896000000,0.3466,0.3543,0.3438,0.349,126851.5
1777910400000,0.349,0.3566,0.3465,0.3535,111238.1
1777924800000,0.3535,0.3643,0.3506,0.3585,105070.9
1777939200000,0.3585,0.3804,0.3558,0.3683,234505.3
1777953600000,0.3683,0.371,0.3613,0.3692,156660.5
1777968000000,0.3692,0.3744,0.3679,0.3725,154854.7
1777982400000,0.3725,0.3731,0.3573,0.358,146030.8
1777996800000,0.358,0.3624,0.3574,0.3605,74678.5
1778011200000,0.3605,0.371,0.3579,0.3607,132179.0
1778025600000,0.3607,0.3802,0.3579,0.3763,178274.7
1778040000000,0.3763,0.3777,0.3683,0.3735,102053.8
1778054400000,0.3735,0.3847,0.373,0.3803,156321.8
1778068800000,0.3803,0.3851,0.3662,0.3777,146356.3
1778083200000,0.3777,0.3808,0.3737,0.3765,69749.0
1778097600000,0.3765,0.3895,0.3759,0.3881,142123.1
1778112000000,0.3881,0.3895,0.3725,0.373,198805.6
1778126400000,0.373,0.3906,0.371,0.3883,160922.1
1778140800000,0.3883,0.3888,0.379,0.3856,113512.9
1778155200000,0.3856,0.3939,0.3739,0.3778,194304.1
1778169600000,0.3778,0.3892,0.3765,0.3868,119445.0
1778184000000,0.3868,0.3908,0.3809,0.3874,113603.6
1778198400000,0.3874,0.4001,0.3851,0.3952,92706.9
1778212800000,0.3952,0.4059,0.3936,0.4053,179613.0
1778227200000,0.4053,0.4169,0.3964,0.4153,252472.1
1778241600000,0.4153,0.4358,0.4052,0.4309,461962.3
1778256000000,0.4309,0.4547,0.4285,0.4417,488610.6
1778270400000,0.4417,0.4542,0.4379,0.4467,235155.9
1778284800000,0.4467,0.4521,0.4423,0.4467,236879.2
1778299200000,0.4467,0.4581,0.4346,0.4397,266597.0
1778313600000,0.4397,0.4462,0.4328,0.4433,170650.4
1778328000000,0.4433,0.4451,0.4279,0.4322,148506.2
1778342400000,0.4322,0.4423,0.4295,0.4408,123677.3
1778356800000,0.4408,0.4448,0.438,0.4407,92014.6
1778371200000,0.4407,0.4407,0.4301,0.4305,73085.2
1778385600000,0.4305,0.4334,0.4253,0.4297,80486.5
1778400000000,0.4297,0.4409,0.4293,0.4367,82986.2
1778414400000,0.4367,0.4431,0.4342,0.4401,88767.2
1778428800000,0.4401,0.4699,0.4401,0.4622,409452.8
1778443200000,0.4622,0.4665,0.4382,0.4543,198970.3
1778457600000,0.4543,0.4571,0.4286,0.4338,131487.6
1778472000000,0.4338,0.4456,0.4308,0.4451,95685.8
1778486400000,0.4451,0.4687,0.4425,0.4531,216499.1
1778500800000,0.4531,0.4535,0.4368,0.45,195221.0
1778515200000,0.45,0.4576,0.4468,0.4557,148095.3
1778529600000,0.4557,0.4596,0.4487,0.4517,75574.4
1778544000000,0.4517,0.4541,0.4399,0.4488,78158.0
1778558400000,0.4488,0.4617,0.4484,0.4526,140855.4
1778572800000,0.4526,0.4563,0.4461,0.4488,122627.2
1778587200000,0.4488,0.4518,0.4256,0.4356,210810.1
1778601600000,0.4356,0.4641,0.432,0.4597,202381.7
1778616000000,0.4597,0.4687,0.456,0.4612,232030.4
1778630400000,0.4612,0.5002,0.4573,0.4975,460473.0
1778644800000,0.4975,0.5064,0.4822,0.4936,449787.0
1778659200000,0.4936,0.5222,0.4868,0.491,578231.2
1778673600000,0.491,0.4936,0.4604,0.4622,501826.7
1778688000000,0.4622,0.484,0.4618,0.466,241263.4
1778702400000,0.466,0.471,0.4507,0.4531,203248.1
1778716800000,0.4531,0.4622,0.4445,0.4459,172890.7
1778731200000,0.4459,0.4683,0.4449,0.4499,227660.7
1778745600000,0.4499,0.4575,0.4456,0.4524,149887.4
1778760000000,0.4524,0.4791,0.452,0.4755,266522.9
1778774400000,0.4755,0.4798,0.4662,0.4685,189523.9
1778788800000,0.4685,0.4699,0.4629,0.4644,95041.9
1778803200000,0.4644,0.4696,0.454,0.4559,100670.9
1778817600000,0.4559,0.456,0.4404,0.4472,135452.8
1778832000000,0.4472,0.4491,0.4412,0.4482,82724.1
1778846400000,0.4482,0.4483,0.4185,0.4233,240353.4
1778860800000,0.4233,0.4333,0.4217,0.4262,97518.0
1778875200000,0.4262,0.4265,0.4201,0.4202,58283.5
1778889600000,0.4202,0.4247,0.4189,0.4239,50924.4
1778904000000,0.4239,0.4253,0.4002,0.407,161334.6
1778918400000,0.407,0.4089,0.3967,0.4003,129834.3
1778932800000,0.4003,0.4039,0.3972,0.4022,67140.6
1778947200000,0.4022,0.4043,0.3989,0.3998,48148.6
1778961600000,0.3998,0.4009,0.3952,0.3961,38419.5
1778976000000,0.3961,0.3975,0.391,0.3961,73757.3
1778990400000,0.3961,0.4026,0.3958,0.4014,50968.6
1779004800000,0.4014,0.4024,0.3963,0.3973,52056.2
1779019200000,0.3973,0.3982,0.3868,0.3904,72207.1
1779033600000,0.3904,0.3916,0.3831,0.3901,58850.6
1779048000000,0.3901,0.3929,0.3663,0.381,139788.0
1779062400000,0.381,0.3888,0.3764,0.3852,101934.1
1779076800000,0.3852,0.3881,0.3768,0.3783,96929.0
1779091200000,0.3783,0.3884,0.3753,0.3858,87416.8
1779105600000,0.3858,0.3922,0.3791,0.3823,160990.1
1779120000000,0.3823,0.3889,0.3782,0.3874,95954.1
1779134400000,0.3874,0.402,0.3873,0.3989,88393.3
1779148800000,0.3989,0.4058,0.3947,0.3973,95451.2
1779163200000,0.3973,0.404,0.396,0.397,76824.5
1779177600000,0.397,0.398,0.3888,0.3895,69918.8
1779192000000,0.3895,0.4006,0.3884,0.3911,135171.4
1779206400000,0.3911,0.3958,0.3881,0.3908,45501.8
1779220800000,0.3908,0.3916,0.3846,0.3857,34571.3
1779235200000,0.3857,0.3881,0.3823,0.3867,45371.0
1779249600000,0.3867,0.3994,0.3867,0.3984,66914.8
1779264000000,0.3984,0.4024,0.3966,0.397,61352.3
1779278400000,0.397,0.4106,0.393,0.4075,98447.0
1779292800000,0.4075,0.4214,0.401,0.4133,152307.3
1779307200000,0.4133,0.4232,0.4049,0.4102,117285.5
1779321600000,0.4102,0.415,0.4071,0.4145,62867.2
1779336000000,0.4145,0.4161,0.4052,0.409,59816.0
1779350400000,0.409,0.4112,0.3956,0.399,79074.8
1779364800000,0.399,0.4108,0.3977,0.4087,109424.1
1779379200000,0.4087,0.431,0.4072,0.4299,210215.9
1779393600000,0.4299,0.4315,0.4225,0.4255,66175.0
1779408000000,0.4255,0.4454,0.4217,0.4447,92458.3
1779422400000,0.4447,0.4494,0.4301,0.4402,135128.8
1779436800000,0.4402,0.4537,0.4372,0.4473,145041.6
1779451200000,0.4473,0.4597,0.441,0.4464,196548.2
1779465600000,0.4464,0.4508,0.417,0.4238,207281.5
1779480000000,0.4238,0.4298,0.4116,0.4161,116273.6
1779494400000,0.4161,0.4226,0.4095,0.4203,91510.3
1779508800000,0.4203,0.4218,0.3954,0.4005,109897.8
1779523200000,0.4005,0.4036,0.3964,0.4002,102850.5
1779537600000,0.4002,0.4207,0.3978,0.4206,100609.1
1779552000000,0.4206,0.4486,0.4181,0.4442,149543.4
1779566400000,0.4442,0.4526,0.4328,0.435,142470.5
1779580800000,0.435,0.4356,0.4213,0.4251,57472.8
1779595200000,0.4251,0.4309,0.4202,0.4266,93090.3
1779609600000,0.4266,0.4299,0.4225,0.424,58391.6
1779624000000,0.424,0.4248,0.4065,0.4164,108771.5
1779638400000,0.4164,0.4179,0.4128,0.4145,46905.9
1779652800000,0.4145,0.4159,0.4038,0.4153,76420.5
1779667200000,0.4153,0.4229,0.4153,0.4195,76463.1
1779681600000,0.4195,0.4422,0.4191,0.4336,139821.6
1779696000000,0.4336,0.4372,0.4301,0.4308,74296.5
1779710400000,0.4308,0.4545,0.4291,0.4515,181849.1
1779724800000,0.4515,0.4936,0.4495,0.4767,522390.2
1779739200000,0.4767,0.4868,0.4668,0.4734,221596.5
1779753600000,0.4734,0.474,0.459,0.4657,197565.5
1779768000000,0.4657,0.481,0.4617,0.4777,179865.8
1779782400000,0.4777,0.4901,0.4697,0.4784,296619.2
1779796800000,0.4784,0.4886,0.4716,0.48,280197.9
1779811200000,0.48,0.4844,0.4644,0.4697,170041.2
1779825600000,0.4697,0.4781,0.4677,0.4678,72584.7
1779840000000,0.4678,0.4721,0.457,0.4589,96203.3
1779854400000,0.4589,0.472,0.4483,0.4718,116812.7
1779868800000,0.4718,0.4757,0.446,0.4472,124040.9
1779883200000,0.4472,0.4698,0.4441,0.466,155477.8
1779897600000,0.466,0.4685,0.4466,0.4602,80823.7
1779912000000,0.4602,0.4621,0.4347,0.4374,104424.7
1779926400000,0.4374,0.4413,0.418,0.4188,125748.5
1779940800000,0.4188,0.4235,0.4098,0.4233,198539.1
1779955200000,0.4233,0.4233,0.4111,0.4138,91189.9
1779969600000,0.4138,0.4179,0.4052,0.4112,161042.9
1779984000000,0.4112,0.424,0.4093,0.4185,89812.9
1779998400000,0.4185,0.422,0.4103,0.413,78545.7
1780012800000,0.413,0.4261,0.4119,0.4128,79835.3
1780027200000,0.4128,0.4241,0.4088,0.4153,97153.9
1780041600000,0.4153,0.4252,0.4077,0.4103,113910.4
1780056000000,0.4103,0.4313,0.4009,0.422,195533.5
1780070400000,0.422,0.4378,0.411,0.4136,197560.1
1780084800000,0.4136,0.4175,0.4076,0.411,60597.7
1780099200000,0.411,0.4258,0.4089,0.4211,68390.5
1780113600000,0.4211,0.4229,0.4102,0.4158,92191.1
1780128000000,0.4158,0.417,0.412,0.4166,48214.8
1780142400000,0.4166,0.419,0.4091,0.4108,73410.7
1780156800000,0.4108,0.4186,0.4094,0.4147,60105.0
1780171200000,0.4147,0.4188,0.407,0.4103,56385.7
1780185600000,0.4103,0.4118,0.4048,0.4072,46028.7
1780200000000,0.4072,0.4079,0.3981,0.3994,76439.1
1780214400000,0.3994,0.4024,0.3963,0.3992,68984.8
1780228800000,0.3992,0.4021,0.3921,0.394,116785.0
1780243200000,0.394,0.3948,0.3886,0.3924,55294.6
1780257600000,0.3924,0.4043,0.3924,0.4009,53428.2
1780272000000,0.4009,0.404,0.3916,0.3996,80297.5
1780286400000,0.3996,0.4018,0.3827,0.3837,98550.1
1780300800000,0.3837,0.3909,0.3826,0.3868,98045.5
1780315200000,0.3868,0.3896,0.3796,0.3871,129210.8
1780329600000,0.3871,0.3999,0.3851,0.3996,123113.2
1780344000000,0.3996,0.4015,0.3907,0.4006,82751.9
1780358400000,0.4006,0.402,0.3857,0.4017,67092.4
1780372800000,0.4017,0.4029,0.3831,0.3873,95256.5
1780387200000,0.3873,0.3953,0.3837,0.3929,92637.8
1780401600000,0.3929,0.4004,0.3649,0.3735,193274.3
1780416000000,0.3735,0.3845,0.3619,0.3714,186832.7
1780430400000,0.3714,0.3757,0.3512,0.3598,137950.5
1780444800000,0.3598,0.3649,0.3512,0.3532,83031.3
1780459200000,0.3532,0.3757,0.3531,0.3718,95532.2
1780473600000,0.3718,0.3881,0.3699,0.3819,116363.6
1780488000000,0.3819,0.3859,0.3754,0.377,112648.1
1780502400000,0.377,0.3776,0.3662,0.369,96365.0
1780516800000,0.369,0.3802,0.3611,0.3684,87641.3
1780531200000,0.3684,0.3721,0.3277,0.3583,192427.2
1780545600000,0.3583,0.3603,0.3408,0.3409,73253.9
1780560000000,0.3409,0.3437,0.3277,0.3348,119257.0
1780574400000,0.3348,0.3527,0.3318,0.3499,105455.2
1780588800000,0.3499,0.3506,0.3397,0.3456,70320.0
1780603200000,0.3456,0.3459,0.33,0.3377,84224.5
1780617600000,0.3377,0.3418,0.3251,0.3279,100785.2
1780632000000,0.3279,0.335,0.302,0.32,183166.0
1780646400000,0.32,0.3213,0.3104,0.3118,122672.8
1780660800000,0.3118,0.3147,0.2959,0.299,222719.4
1780675200000,0.299,0.309,0.2851,0.2972,192102.0
1780689600000,0.2972,0.308,0.2931,0.3016,100075.7
1780704000000,0.3016,0.3077,0.2949,0.296,76672.3
1780718400000,0.296,0.2993,0.278,0.2977,146905.3
1780732800000,0.2977,0.3025,0.2903,0.2971,61077.3
1780747200000,0.2971,0.3022,0.2941,0.2975,52816.0
1780761600000,0.2975,0.2991,0.2936,0.2949,73991.1
1780776000000,0.2949,0.303,0.2941,0.302,44468.8
1780790400000,0.302,0.3121,0.3013,0.3063,73419.4
1780804800000,0.3063,0.314,0.3045,0.3133,91702.3
1780819200000,0.3133,0.3277,0.3106,0.3181,151207.7
1780833600000,0.3181,0.3206,0.3109,0.3167,102429.1
1780848000000,0.3167,0.3188,0.3031,0.3048,103307.4
1780862400000,0.3048,0.334,0.3036,0.3181,126584.4
1780876800000,0.3181,0.3231,0.3121,0.3201,75393.2
1780891200000,0.3201,0.3203,0.3128,0.3166,66706.3
1780905600000,0.3166,0.3256,0.3144,0.3227,122555.4
1780920000000,0.3227,0.3268,0.3192,0.3233,92111.9
1780934400000,0.3233,0.3283,0.3201,0.322,62440.6
1780948800000,0.322,0.3275,0.316,0.3182,48700.2
1780963200000,0.3182,0.3183,0.3074,0.3109,49328.0
1780977600000,0.3109,0.322,0.3095,0.3208,61461.3
1780992000000,0.3208,0.3214,0.3157,0.3193,62110.9
1781006400000,0.3193,0.3288,0.3128,0.3135,135506.4
1781020800000,0.3135,0.3221,0.3085,0.3213,95802.6
1781035200000,0.3213,0.3282,0.3203,0.3256,71584.8
1781049600000,0.3256,0.3296,0.3199,0.3201,63308.2
1781064000000,0.3201,0.3212,0.3148,0.3201,69681.2
1781078400000,0.3201,0.3211,0.3104,0.3129,69404.4
1781092800000,0.3129,0.3282,0.3116,0.3209,119550.8
1781107200000,0.3209,0.3226,0.3077,0.3083,92066.5
1781121600000,0.3083,0.3099,0.3006,0.3082,91534.3
1781136000000,0.3082,0.3248,0.3081,0.3235,57108.2
1781150400000,0.3235,0.3299,0.322,0.326,114868.0
1781164800000,0.326,0.3328,0.3205,0.323,78630.4
1781179200000,0.323,0.3273,0.3173,0.3233,98196.8
1781193600000,0.3233,0.329,0.3167,0.3255,103830.1
1781208000000,0.3255,0.3275,0.3214,0.323,57198.6
1781222400000,0.323,0.326,0.3209,0.3255,41203.0
1781236800000,0.3255,0.326,0.3167,0.3197,46529.8
1781251200000,0.3197,0.3302,0.3195,0.3264,77263.1
1781265600000,0.3264,0.3397,0.3249,0.326,161299.6
1781280000000,0.326,0.3322,0.3247,0.3275,87370.2
1781294400000,0.3275,0.3293,0.3208,0.3238,48149.8
1781308800000,0.3238,0.3286,0.3225,0.3265,42142.9
1781323200000,0.3265,0.3377,0.3241,0.3355,80836.9
1781337600000,0.3355,0.3383,0.3319,0.3378,73551.5
1781352000000,0.3378,0.3584,0.3374,0.3499,146665.6
1781366400000,0.3499,0.3529,0.3442,0.3463,110163.1
1781380800000,0.3463,0.3508,0.3441,0.3465,58882.3
1781395200000,0.3465,0.3473,0.3423,0.3436,31539.1
1781409600000,0.3436,0.3436,0.337,0.339,67412.2
1781424000000,0.339,0.3409,0.3362,0.3375,40510.6
1781438400000,0.3375,0.338,0.3296,0.3344,59950.5
1781452800000,0.3344,0.3416,0.3328,0.3379,44677.8
1781467200000,0.3379,0.3533,0.3367,0.3509,83488.9
1781481600000,0.3509,0.3604,0.3478,0.3572,60065.5
1781496000000,0.3572,0.3689,0.3565,0.3614,141988.7
1781510400000,0.3614,0.3646,0.358,0.363,88460.5
1781524800000,0.363,0.3854,0.3617,0.3773,268375.5
1781539200000,0.3773,0.3782,0.3641,0.369,88565.0
1781553600000,0.369,0.3759,0.3646,0.3696,78142.7
1781568000000,0.3696,0.3809,0.3657,0.3755,122986.9
1781582400000,0.3755,0.385,0.3685,0.3757,146339.4
1781596800000,0.3757,0.3851,0.3742,0.3798,154848.7
1781611200000,0.3798,0.386,0.3693,0.3747,200568.8
1781625600000,0.3747,0.3871,0.3728,0.3821,97238.0
1781640000000,0.3821,0.4053,0.3816,0.4053,149152.2
1781654400000,0.4053,0.4177,0.3979,0.4081,160290.3
1781668800000,0.4081,0.4289,0.4008,0.4041,220608.1
1781683200000,0.4041,0.4046,0.3943,0.3974,128266.8
1781697600000,0.3974,0.4093,0.3894,0.4084,94733.1
1781712000000,0.4084,0.4139,0.3908,0.3925,215202.4
1781726400000,0.3925,0.3979,0.3876,0.3921,86173.8
1781740800000,0.3921,0.3998,0.3886,0.3917,67769.3
1781755200000,0.3917,0.3922,0.3825,0.3904,57764.6
1781769600000,0.3904,0.3944,0.3862,0.3869,40135.4
1781784000000,0.3869,0.393,0.3703,0.3706,126188.6
1781798400000,0.3706,0.3844,0.3695,0.3828,83424.3
1781812800000,0.3828,0.3972,0.3828,0.3934,136058.0
1781827200000,0.3934,0.4003,0.3829,0.388,86556.3
1781841600000,0.388,0.3911,0.3763,0.3804,238964.5
1781856000000,0.3804,0.3829,0.3761,0.3763,77214.3
1781870400000,0.3763,0.3967,0.3744,0.3893,132973.2
1781884800000,0.3893,0.3931,0.377,0.3788,82044.3
1781899200000,0.3788,0.3855,0.3776,0.38,47062.7
1781913600000,0.38,0.3826,0.3746,0.3815,62664.4
1781928000000,0.3815,0.3879,0.3791,0.3807,58861.8
1781942400000,0.3807,0.3836,0.3758,0.3761,63158.4
1781956800000,0.3761,0.378,0.3665,0.377,79196.0
1781971200000,0.377,0.3771,0.3695,0.371,28152.6
1781985600000,0.371,0.3748,0.3697,0.3721,30407.9
1782000000000,0.3721,0.3748,0.3684,0.3685,26288.9
1782014400000,0.3685,0.371,0.3641,0.3695,44666.7
1782028800000,0.3695,0.3804,0.3667,0.3745,73318.3
1782043200000,0.3745,0.3784,0.3718,0.3765,77370.0
1782057600000,0.3765,0.3765,0.3679,0.3711,37215.9
1782072000000,0.3711,0.3717,0.3613,0.3639,59689.3
1782086400000,0.3639,0.379,0.3638,0.3722,43460.5
1782100800000,0.3722,0.3855,0.3709,0.3827,64266.3
1782115200000,0.3827,0.3975,0.3811,0.3963,112122.6
1782129600000,0.3963,0.4111,0.3939,0.3999,283839.8
1782144000000,0.3999,0.4103,0.3895,0.3933,154203.3
1782158400000,0.3933,0.3953,0.3821,0.3848,89298.6
1782172800000,0.3848,0.4043,0.3812,0.4043,104000.4
1782187200000,0.4043,0.4045,0.3797,0.3812,166722.9
1782201600000,0.3812,0.3835,0.366,0.375,131876.0
1782216000000,0.375,0.3913,0.3702,0.385,111457.0
1782230400000,0.385,0.3906,0.3769,0.3859,131363.3
1782244800000,0.3859,0.3886,0.3765,0.3769,39406.1
1782259200000,0.3769,0.3901,0.3764,0.3792,60172.5
1782273600000,0.3792,0.3792,0.3674,0.3696,101531.3
1782288000000,0.3696,0.3756,0.3631,0.373,63973.6
1782302400000,0.373,0.3737,0.3577,0.3583,128340.2
1782316800000,0.3583,0.3639,0.3421,0.3502,140846.2
1782331200000,0.3502,0.3756,0.349,0.3736,84832.0
1782345600000,0.3736,0.3752,0.3665,0.3688,57570.6
1782360000000,0.3688,0.385,0.3646,0.3765,92814.7
1782374400000,0.3765,0.3782,0.369,0.3697,60420.0
1782388800000,0.3697,0.3728,0.3382,0.355,217272.1
1782403200000,0.355,0.3609,0.3501,0.3548,101047.7
1782417600000,0.3548,0.3636,0.3528,0.3565,61718.9
1782432000000,0.3565,0.3601,0.3427,0.3548,83928.1
1782446400000,0.3548,0.3674,0.348,0.3664,82920.1
1782460800000,0.3664,0.367,0.3505,0.3532,71333.9
1782475200000,0.3532,0.3746,0.352,0.3683,151852.0
1782489600000,0.3683,0.3914,0.3651,0.3803,279528.8
1782504000000,0.3803,0.3858,0.3754,0.3815,60426.4
1782518400000,0.3815,0.3827,0.3727,0.373,33115.7
1782532800000,0.373,0.3801,0.3714,0.379,65365.7
1782547200000,0.379,0.3851,0.372,0.3738,61456.4
1782561600000,0.3738,0.3832,0.3708,0.3822,74922.2
1782576000000,0.3822,0.3835,0.3671,0.3689,58864.5
1782590400000,0.3689,0.3761,0.3679,0.3734,61400.3
1782604800000,0.3734,0.3786,0.3709,0.374,47389.7
1782619200000,0.374,0.3779,0.3677,0.3736,46076.3
1782633600000,0.3736,0.3827,0.3714,0.3808,70911.2
1782648000000,0.3808,0.3808,0.3719,0.3746,59215.5
1782662400000,0.3746,0.3746,0.3649,0.3681,85626.3
1782676800000,0.3681,0.3767,0.3651,0.3753,70711.4
1782691200000,0.3753,0.3903,0.3703,0.3841,132437.6
1782705600000,0.3841,0.3874,0.3746,0.3824,86962.3
1782720000000,0.3824,0.3964,0.3788,0.3893,158871.4
1782734400000,0.3893,0.4036,0.3878,0.3999,242451.9
1782748800000,0.3999,0.4023,0.3932,0.3948,94331.8
1782763200000,0.3948,0.3972,0.3874,0.3901,79277.6
1782777600000,0.3901,0.3972,0.3862,0.3934,67027.0
1782792000000,0.3934,0.396,0.3872,0.3925,67219.5
1782806400000,0.3925,0.3928,0.3649,0.3658,297640.2
1782820800000,0.3658,0.3677,0.358,0.3647,123646.1
1782835200000,0.3647,0.367,0.358,0.3592,72315.5
1782849600000,0.3592,0.3602,0.3539,0.3559,58001.2
1782864000000,0.3559,0.3675,0.3468,0.3675,85050.7
1782878400000,0.3675,0.374,0.362,0.3653,77879.5
1782892800000,0.3653,0.3781,0.3641,0.3698,113264.1
1782907200000,0.3698,0.3754,0.3617,0.3727,99636.9
1782921600000,0.3727,0.3733,0.358,0.3592,97031.9
1782936000000,0.3592,0.3682,0.357,0.3573,71571.2
1782950400000,0.3573,0.3657,0.3546,0.3653,57953.5
1782964800000,0.3653,0.368,0.3591,0.3638,59474.6
1782979200000,0.3638,0.3722,0.3632,0.3714,73297.8
1782993600000,0.3714,0.3828,0.3697,0.3717,138439.5
1783008000000,0.3717,0.3754,0.3667,0.3681,69763.0
1783022400000,0.3681,0.3702,0.3646,0.3653,40203.8
1783036800000,0.3653,0.3715,0.3637,0.3705,44491.2
1783051200000,0.3705,0.3818,0.3659,0.3778,66383.3
1783065600000,0.3778,0.399,0.3775,0.3971,328652.0
1783080000000,0.3971,0.4099,0.397,0.4031,253919.4
1783094400000,0.4031,0.4065,0.3937,0.3953,137379.3
1783108800000,0.3953,0.4043,0.3952,0.4024,86778.2
1783123200000,0.4024,0.4084,0.3945,0.4064,72529.1
1783137600000,0.4064,0.4073,0.3942,0.395,80470.5
1783152000000,0.395,0.3951,0.3854,0.3919,108062.5
1783166400000,0.3919,0.4002,0.3902,0.3983,78975.7
1783180800000,0.3983,0.4139,0.3977,0.3997,125201.3
1783195200000,0.3997,0.4062,0.3908,0.3939,105376.0
1783209600000,0.3939,0.3968,0.3886,0.3909,66594.6
1783224000000,0.3909,0.3963,0.3863,0.3933,95136.2
1783238400000,0.3933,0.3994,0.3837,0.3872,84993.0
1783252800000,0.3872,0.3928,0.3853,0.3873,39094.9
1783267200000,0.3873,0.4003,0.3855,0.3993,63739.5
1783281600000,0.3993,0.404,0.3939,0.3981,114132.2
1783296000000,0.3981,0.4003,0.3935,0.3964,51955.0
1783310400000,0.3964,0.3972,0.3839,0.3882,88726.2
1783324800000,0.3882,0.3886,0.3781,0.3792,79926.7
1783339200000,0.3792,0.3877,0.371,0.3864,140911.0
1783353600000,0.3864,0.3892,0.3816,0.385,59867.5
1783368000000,0.385,0.3927,0.3826,0.3829,58385.8
1783382400000,0.3829,0.3863,0.3757,0.3765,61557.6
1783396800000,0.3765,0.3876,0.3744,0.3822,66763.8
1783411200000,0.3822,0.3903,0.3795,0.3896,76939.4
1783425600000,0.3896,0.3947,0.379,0.3921,163960.7
1783440000000,0.3921,0.3984,0.3835,0.3849,127305.7
1783454400000,0.3849,0.3869,0.3732,0.3779,49446.6
1783468800000,0.3779,0.3898,0.3751,0.3872,90131.6
1783483200000,0.3872,0.3958,0.3836,0.39,128820.7
1783497600000,0.39,0.3926,0.3796,0.3898,150521.8
1783512000000,0.3898,0.4,0.3841,0.3846,168671.2
1783526400000,0.3846,0.3911,0.3827,0.3887,52335.3
1783540800000,0.3887,0.4014,0.3824,0.4002,119018.8
1783555200000,0.4002,0.4043,0.3888,0.3957,96439.2
1783569600000,0.3957,0.402,0.3924,0.3957,77211.9
1783584000000,0.3957,0.4099,0.3952,0.405,151228.3
1783598400000,0.405,0.4199,0.4006,0.4186,188588.9
1783612800000,0.4186,0.4252,0.4103,0.4123,212349.1
1783627200000,0.4123,0.4138,0.4047,0.411,57463.8
1783641600000,0.411,0.425,0.4064,0.4203,123872.5
1783656000000,0.4203,0.4221,0.412,0.4133,117536.3
1783670400000,0.4133,0.4199,0.4106,0.4152,67385.5
1783684800000,0.4152,0.4152,0.3994,0.4045,98196.9
1783699200000,0.4045,0.4064,0.3934,0.3982,41924.6
1783713600000,0.3982,0.4022,0.3971,0.3991,24733.1
1783728000000,0.3991,0.4089,0.3963,0.4083,65106.2
1783742400000,0.4083,0.4086,0.4011,0.4021,39021.1
1783756800000,0.4021,0.4102,0.4003,0.409,37116.5
1783771200000,0.409,0.4205,0.4082,0.4155,102701.5
1783785600000,0.4155,0.4196,0.4104,0.4134,55079.7
1783800000000,0.4134,0.4185,0.4033,0.4047,57524.2
1783814400000,0.4047,0.4063,0.3954,0.4056,86918.1
1783828800000,0.4056,0.4154,0.4031,0.4127,67254.6
1783843200000,0.4127,0.4159,0.404,0.4085,67903.4
1783857600000,0.4085,0.4115,0.4016,0.4061,43724.3
1783872000000,0.4061,0.4069,0.4005,0.4049,25129.4
1783886400000,0.4049,0.4078,0.396,0.3987,97751.3
1783900800000,0.3987,0.4066,0.3864,0.3898,97242.0
1783915200000,0.3898,0.408,0.3885,0.4056,98791.3
1783929600000,0.4056,0.4163,0.4026,0.4145,101835.3
1783944000000,0.4145,0.4158,0.4049,0.4055,85275.9
1783958400000,0.4055,0.4112,0.4002,0.4032,59937.3
1783972800000,0.4032,0.4045,0.3939,0.3966,40733.7
1783987200000,0.3966,0.4058,0.3945,0.4036,62458.0
1784001600000,0.4036,0.4151,0.4003,0.4095,111470.4
1784016000000,0.4095,0.4097,0.4001,0.4012,78588.8
1784030400000,0.4012,0.406,0.398,0.4011,138169.8
1784044800000,0.4011,0.4052,0.3982,0.4013,45965.8
1784059200000,0.4013,0.4107,0.4006,0.4074,53283.4
1784073600000,0.4074,0.4152,0.4074,0.4116,67445.4
1784088000000,0.4116,0.4133,0.4006,0.4049,53190.1
1784102400000,0.4049,0.4212,0.4032,0.4204,103163.7
1784116800000,0.4204,0.4237,0.4111,0.4137,98799.1
1784131200000,0.4137,0.4192,0.4061,0.4136,86487.3
1784145600000,0.4136,0.4207,0.4134,0.4168,53508.2
1784160000000,0.4168,0.4229,0.4116,0.4132,60882.8
1784174400000,0.4132,0.4157,0.4039,0.4057,67396.4
1784188800000,0.4057,0.4057,0.3992,0.4019,79676.6
1784203200000,0.4019,0.4066,0.4,0.4026,43156.5
1784217600000,0.4026,0.4102,0.4011,0.4052,84594.9
1784232000000,0.4052,0.4143,0.3966,0.3978,82377.4
1784246400000,0.3978,0.4012,0.3801,0.3807,144698.7
1784260800000,0.3807,0.381,0.3728,0.3768,142852.9
1784275200000,0.3768,0.385,0.3762,0.3836,87511.8
1784289600000,0.3836,0.384,0.3752,0.3817,75761.4
1784304000000,0.3817,0.3891,0.3799,0.3817,47779.0
1784318400000,0.3817,0.3838,0.3757,0.3785,38405.4
1784332800000,0.3785,0.3796,0.367,0.3694,70038.4
1784347200000,0.3694,0.3694,0.3625,0.3643,56009.9
1784361600000,0.3643,0.3677,0.3584,0.3606,100955.0
1784376000000,0.3606,0.3623,0.3563,0.3566,59031.7
1784390400000,0.3566,0.3582,0.3532,0.3553,71077.2
1784404800000,0.3553,0.3631,0.3547,0.362,82118.2
1784419200000,0.362,0.3644,0.3586,0.3592,38003.9
1784433600000,0.3592,0.3629,0.357,0.3605,35097.3
1784448000000,0.3605,0.3651,0.3552,0.3556,39470.1
1784462400000,0.3556,0.3598,0.3532,0.3582,58703.1
1784476800000,0.3582,0.3627,0.3513,0.3605,69990.4
1784491200000,0.3605,0.3617,0.3549,0.3615,23660.6
1784505600000,0.3615,0.3665,0.3586,0.3614,39057.8
1784520000000,0.3614,0.365,0.3536,0.3644,80971.6
1784534400000,0.3644,0.3656,0.358,0.3644,45639.3
1784548800000,0.3644,0.3677,0.3591,0.3665,78315.2
1784563200000,0.3665,0.3677,0.3585,0.3592,46118.1
1784577600000,0.3592,0.3631,0.3552,0.3577,39093.0
1784592000000,0.3577,0.3619,0.3574,0.3619,36903.8
1784606400000,0.3619,0.3667,0.3601,0.3626,56647.4
1784620800000,0.3626,0.3697,0.361,0.3678,53187.9
1784635200000,0.3678,0.3713,0.3624,0.3668,46232.9
1784649600000,0.3668,0.3692,0.3614,0.3649,39335.5
1784664000000,0.3649,0.3696,0.3641,0.3666,22290.7
1784678400000,0.3666,0.3691,0.3618,0.3626,29887.6
1784692800000,0.3626,0.3646,0.3585,0.3608,45398.7
1784707200000,0.3608,0.366,0.3597,0.3621,46826.2
1784721600000,0.3621,0.365,0.3602,0.3618,68982.0
1784736000000,0.3618,0.3665,0.3602,0.362,41102.2
1784750400000,0.362,0.3644,0.3602,0.3619,11738.9
1784764800000,0.3619,0.3665,0.3572,0.3583,27622.5
1784779200000,0.3583,0.3628,0.3577,0.3597,19698.1
1784793600000,0.3597,0.3618,0.3532,0.3569,54177.2
1784808000000,0.3569,0.3581,0.3483,0.3516,86139.0
1784822400000,0.3516,0.352,0.3462,0.3504,51274.4
1784836800000,0.3504,0.354,0.3471,0.3487,21673.6
1784851200000,0.3487,0.3514,0.3451,0.3504,31933.6
1784865600000,0.3504,0.3521,0.3477,0.3484,34907.3
1784880000000,0.3484,0.3506,0.3466,0.3479,41227.8
1784894400000,0.3479,0.3507,0.3388,0.3447,95816.6
1784908800000,0.3447,0.3462,0.341,0.3418,28128.0
1784923200000,0.3418,0.3434,0.3369,0.3397,39270.2
1784937600000,0.3397,0.3439,0.339,0.3437,28081.1
1784952000000,0.3437,0.3439,0.3372,0.3374,17542.0
1784966400000,0.3374,0.338,0.3351,0.3363,30191.7
1784980800000,0.3363,0.3403,0.3354,0.3396,31265.1
1784995200000,0.3396,0.3419,0.3372,0.3391,30117.0
1785009600000,0.3391,0.3423,0.339,0.3395,18130.1
1785024000000,0.3395,0.3426,0.3378,0.3422,29303.1
1785038400000,0.3422,0.3437,0.3395,0.3424,23818.1
1785052800000,0.3424,0.3441,0.3399,0.3413,22215.8
1785067200000,0.3413,0.3466,0.3408,0.3463,31103.6
1785081600000,0.3463,0.3476,0.3426,0.344,21619.1
1785096000000,0.344,0.353,0.3432,0.3505,43380.0
1785110400000,0.3505,0.3522,0.3477,0.3504,29665.2
1785124800000,0.3504,0.3522,0.3488,0.3492,15158.7
1785139200000,0.3492,0.3522,0.3475,0.3481,36701.1
1785153600000,0.3481,0.3509,0.3361,0.3365,54373.1
1785168000000,0.3365,0.3407,0.3356,0.3402,55868.7
1785182400000,0.3402,0.3409,0.322,0.3259,62135.3
1785196800000,0.3259,0.3316,0.3242,0.3309,36766.4
1785211200000,0.3309,0.3338,0.3285,0.3314,31740.5
1785225600000,0.3314,0.333,0.3267,0.3281,26815.3
1785240000000,0.3281,0.3347,0.324,0.3321,35731.7
1785254400000,0.3321,0.3334,0.3285,0.3312,19742.7
1785268800000,0.3312,0.3323,0.3255,0.3288,20604.2
1785283200000,0.3288,0.3308,0.3169,0.3169,39130.4
1785297600000,0.3169,0.3213,0.315,0.32,37397.2
1785312000000,0.32,0.3208,0.3155,0.3177,41084.5
1785326400000,0.3177,0.3189,0.3139,0.315,48222.5
1785340800000,0.315,0.322,0.3126,0.3129,81004.6
1785355200000,0.3129,0.3226,0.3099,0.3218,38452.4
1785369600000,0.3218,0.3257,0.3205,0.3211,23612.1
1785384000000,0.3211,0.3214,0.3184,0.3193,23407.0
1785398400000,0.3193,0.3219,0.3183,0.3193,26819.0
1785412800000,0.3193,0.323,0.319,0.3213,25488.4
1785427200000,0.3213,0.3334,0.3213,0.3312,64666.3
1785441600000,0.3312,0.3338,0.3271,0.3277,37952.3
1785456000000,0.3277,0.3298,0.3219,0.3237,28082.2
1785470400000,0.3237,0.3238,0.3188,0.3215,35507.2
1785484800000,0.3215,0.3221,0.3172,0.3187,22865.5
1785499200000,0.3187,0.3224,0.3156,0.3203,43949.8
1785513600000,0.3203,0.3222,0.3178,0.3188,29043.9
1785528000000,0.3188,0.3207,0.3176,0.3204,13252.3
1785542400000,0.3204,0.326,0.3204,0.3244,25912.8
1785556800000,0.3244,0.3283,0.3233,0.3263,19089.4
1785571200000,0.3263,0.3328,0.3262,0.331,76986.7
1785585600000,0.331,0.3316,0.3277,0.328,30914.1
1785600000000,0.328,0.3306,0.3171,0.3194,56660.2
1785614400000,0.3194,0.3226,0.3185,0.3204,14131.1
1785628800000,0.3204,0.3312,0.3201,0.3299,39500.4
1785643200000,0.3299,0.3325,0.3293,0.3307,32630.3
1785657600000,0.3307,0.331,0.3262,0.327,23776.0
1785672000000,0.327,0.3296,0.3262,0.3269,16086.9
1785686400000,0.3269,0.332,0.3259,0.3308,13114.1
1785700800000,0.3308,0.3327,0.329,0.3295,24926.8
1785715200000,0.3295,0.3301,0.3235,0.3254,30790.4
1785729600000,0.3254,0.3289,0.3249,0.3276,19934.9
1785744000000,0.3276,0.3327,0.3267,0.3317,28743.0
1785758400000,0.3317,0.3376,0.3306,0.3363,43062.3
1785772800000,0.3363,0.343,0.3362,0.3385,61236.6
1785787200000,0.3385,0.3437,0.3367,0.3398,39058.8
1785801600000,0.3398,0.3405,0.3357,0.3394,14344.2
1785816000000,0.3394,0.3415,0.3341,0.3366,28965.0
1785830400000,0.3366,0.3383,0.3344,0.3377,30506.5
1785844800000,0.3377,0.338,0.3335,0.3352,38259.7
1785859200000,0.3352,0.3382,0.3343,0.3376,34075.2
1785873600000,0.3376,0.3406,0.336,0.3372,16712.3
1785888000000,0.3372,0.3429,0.3345,0.3413,44672.2
1785902400000,0.3413,0.3422,0.3393,0.3413,19831.0
1785916800000,0.3413,0.3439,0.3374,0.3377,31793.6
1785931200000,0.3377,0.3395,0.3325,0.3342,50482.0
1785945600000,0.3342,0.3385,0.3342,0.3351,21996.1
1785960000000,0.3351,0.3368,0.3337,0.3359,12284.5
1785974400000,0.3359,0.3364,0.3306,0.333,23519.8
1785988800000,0.333,0.3384,0.3324,0.336,30159.5
1786003200000,0.336,0.3362,0.3242,0.3269,56148.1
1786017600000,0.3269,0.3322,0.3259,0.3296,34050.7
1786032000000,0.3296,0.3316,0.3277,0.3292,45259.8
1786046400000,0.3292,0.3419,0.329,0.3368,131119.2
1786060800000,0.3368,0.3383,0.332,0.332,38212.7
1786075200000,0.332,0.3344,0.331,0.3311,21973.9
1786089600000,0.3311,0.3319,0.3283,0.3302,20444.1
1786104000000,0.3302,0.3311,0.3249,0.3284,39706.1
1786118400000,0.3284,0.3287,0.3237,0.3273,19343.2
1786132800000,0.3273,0.3308,0.3252,0.3264,25565.6
1786147200000,0.3264,0.329,0.325,0.3285,21823.3
1786161600000,0.3285,0.331,0.3272,0.3293,31493.8
1786176000000,0.3293,0.3319,0.3283,0.3284,24085.0
1786190400000,0.3284,0.3301,0.3278,0.3294,31573.4
1786204800000,0.3294,0.3314,0.3277,0.3278,30174.2
1786219200000,0.3278,0.3304,0.3264,0.3281,22769.9
1786233600000,0.3281,0.3297,0.3262,0.3266,17017.6
1786248000000,0.3266,0.3293,0.326,0.3283,27018.6
1786262400000,0.3283,0.3292,0.3256,0.3262,16151.3
1786276800000,0.3262,0.331,0.326,0.3306,29355.7
1786291200000,0.3306,0.3314,0.3273,0.329,23778.7
1786305600000,0.329,0.3305,0.32,0.3208,53238.7
1786320000000,0.3208,0.3247,0.3197,0.3216,29313.8
1786334400000,0.3216,0.332,0.3193,0.3312,72352.4
1786348800000,0.3312,0.3324,0.3272,0.3313,34161.5
1786363200000,0.3313,0.3317,0.3243,0.3258,60837.6
1786377600000,0.3258,0.3282,0.3236,0.3255,32918.0
1786392000000,0.3255,0.3262,0.3202,0.3233,35404.2
1786406400000,0.3233,0.3242,0.3198,0.3199,16943.7
1786420800000,0.3199,0.3201,0.3156,0.3179,76249.6
1786435200000,0.3179,0.3199,0.3164,0.3171,50786.6
1786449600000,0.3171,0.3174,0.3046,0.3075,102159.6
1786464000000,0.3075,0.3114,0.3065,0.3113,30157.7
1786478400000,0.3113,0.3139,0.311,0.3139,25633.9
1786492800000,0.3139,0.315,0.3112,0.3116,27509.3
1786507200000,0.3116,0.3118,0.3051,0.3066,64087.3
1786521600000,0.3066,0.31,0.3051,0.3098,36593.8
1786536000000,0.3098,0.3115,0.3063,0.3081,67236.3
1786550400000,0.3081,0.3087,0.3039,0.3052,39745.3
1786564800000,0.3052,0.307,0.2976,0.3038,42729.3
1786579200000,0.3038,0.3082,0.3037,0.3076,25408.5
1786593600000,0.3076,0.3121,0.306,0.3095,36834.5
1786608000000,0.3095,0.3134,0.3079,0.3082,47995.0
1786622400000,0.3082,0.3133,0.3077,0.3103,160332.0
1786636800000,0.3103,0.3132,0.3075,0.3113,38512.7
1786651200000,0.3113,0.3115,0.3091,0.3109,21844.9
1786665600000,0.3109,0.3142,0.3093,0.3095,29798.9
1786680000000,0.3095,0.3106,0.3058,0.3063,28101.1
1786694400000,0.3063,0.3079,0.302,0.3028,94754.0
1786708800000,0.3028,0.3044,0.3005,0.3037,34977.9
1786723200000,0.3037,0.3051,0.302,0.3034,23884.4
1786737600000,0.3034,0.3083,0.3017,0.3083,17934.4
1786752000000,0.3083,0.3132,0.3069,0.311,27993.6
1786766400000,0.311,0.3115,0.307,0.3074,9925.6
1786780800000,0.3074,0.3094,0.3058,0.3064,20961.0
1786795200000,0.3064,0.3064,0.3031,0.3054,21188.3
1786809600000,0.3054,0.3054,0.3031,0.304,12397.2
1786824000000,0.304,0.3058,0.3008,0.3011,12741.4
1786838400000,0.3011,0.3021,0.2985,0.2997,21797.7
1786852800000,0.2997,0.3025,0.2991,0.302,14936.5
1786867200000,0.302,0.304,0.3006,0.303,20154.0
1786881600000,0.303,0.311,0.3019,0.311,29018.9
1786896000000,0.311,0.3116,0.3063,0.3071,39606.2
1786910400000,0.3071,0.3073,0.2954,0.301,45560.7
1786924800000,0.301,0.3033,0.2996,0.3017,27422.2
1786939200000,0.3017,0.3052,0.3016,0.3022,24378.2
1786953600000,0.3022,0.3026,0.2996,0.3011,29741.7
1786968000000,0.3011,0.3019,0.2988,0.3018,30513.3
1786982400000,0.3018,0.3029,0.3003,0.3029,21037.3
1786996800000,0.3029,0.3054,0.3023,0.3031,21014.8
1787011200000,0.3031,0.304,0.293,0.2947,37367.9
1787025600000,0.2947,0.3019,0.2938,0.2998,28744.9
1787040000000,0.2998,0.3018,0.2985,0.3006,24196.6
1787054400000,0.3006,0.3038,0.3001,0.3027,21243.9
1787068800000,0.3027,0.3035,0.2993,0.2993,20094.1
1787083200000,0.2993,0.3006,0.2981,0.2991,18131.2
1787097600000,0.2991,0.2992,0.2979,0.2986,2596.8
