time,open,high,low,close,volume
1712736000000,0.845,0.874,0.823,0.826,2578350.5
1712750400000,0.826,0.828,0.785,0.806,3592260.2
1712764800000,0.806,0.849,0.798,0.82,2837263.6
1712779200000,0.82,0.844,0.807,0.837,1500345.9
1712793600000,0.837,0.839,0.805,0.806,1079249.2
1712808000000,0.806,0.833,0.796,0.821,21583.6
1712822400000,0.821,0.84,0.764,0.77,38414.9
1712836800000,0.77,0.804,0.753,0.783,43297.8
1712851200000,0.783,0.787,0.76,0.769,30977.5
1712865600000,0.769,0.791,0.765,0.779,15495.0
1712880000000,0.779,0.799,0.774,0.787,18279.8
1712894400000,0.787,0.815,0.782,0.797,25998.0
1712908800000,0.797,0.801,0.763,0.763,72797.4
1712923200000,0.763,0.763,0.694,0.706,58038.7
1712937600000,0.706,0.718,0.511,0.599,112191.4
1712952000000,0.599,0.617,0.59,0.604,41916.2
1712966400000,0.604,0.605,0.574,0.598,25521.4
1712980800000,0.598,0.628,0.594,0.613,24329.1
1712995200000,0.613,0.64,0.61,0.624,25249.5
1713009600000,0.624,0.638,0.617,0.627,18199.9
1713024000000,0.627,0.633,0.506,0.534,41402.7
1713038400000,0.534,0.547,0.454,0.542,77351.9
1713052800000,0.542,0.553,0.527,0.551,26805.3
1713067200000,0.551,0.596,0.545,0.594,25928.3
1713081600000,0.594,0.596,0.566,0.571,19490.8
1713096000000,0.571,0.678,0.57,0.649,70427.6
1713110400000,0.649,0.659,0.602,0.646,43840.9
1713124800000,0.646,0.72,0.632,0.711,36875.8
1713139200000,0.711,0.711,0.652,0.655,27379.1
1713153600000,0.655,0.683,0.643,0.673,30016.2
1713168000000,0.673,0.681,0.655,0.658,21081.4
1713182400000,0.658,0.679,0.625,0.643,37847.0
1713196800000,0.643,0.646,0.608,0.63,27527.5
1713211200000,0.63,0.657,0.618,0.657,8964.2
1713225600000,0.657,0.657,0.609,0.613,15561.2
1713240000000,0.613,0.635,0.591,0.629,19349.5
1713254400000,0.629,0.63,0.582,0.609,20671.3
1713268800000,0.609,0.611,0.569,0.57,19216.1
1713283200000,0.57,0.601,0.566,0.589,14304.0
1713297600000,0.589,0.618,0.587,0.611,9968.8
1713312000000,0.611,0.619,0.596,0.606,6840.9
1713326400000,0.606,0.626,0.595,0.599,10331.5
1713340800000,0.599,0.604,0.572,0.572,9181.0
1713355200000,0.572,0.58,0.546,0.55,31059.3
1713369600000,0.55,0.583,0.541,0.573,14750.6
1713384000000,0.573,0.582,0.565,0.566,6802.7
1713398400000,0.566,0.583,0.549,0.571,13279.7
1713412800000,0.571,0.574,0.54,0.544,14096.8
1713427200000,0.544,0.578,0.538,0.57,15793.7
1713441600000,0.57,0.602,0.557,0.592,22181.3
1713456000000,0.592,0.596,0.569,0.588,15601.7
1713470400000,0.588,0.599,0.586,0.592,11014.4
1713484800000,0.592,0.596,0.533,0.563,32441.1
1713499200000,0.563,0.602,0.56,0.6,26144.8
1713513600000,0.6,0.623,0.594,0.611,28536.3
1713528000000,0.611,0.618,0.588,0.609,27082.9
1713542400000,0.609,0.611,0.592,0.602,16335.0
1713556800000,0.602,0.605,0.578,0.589,12140.1
1713571200000,0.589,0.597,0.572,0.586,15042.7
1713585600000,0.586,0.608,0.583,0.604,11476.6
1713600000000,0.604,0.604,0.583,0.588,9496.9
1713614400000,0.588,0.624,0.586,0.624,15865.1
1713628800000,0.624,0.666,0.617,0.656,32088.6
1713643200000,0.656,0.665,0.649,0.657,12153.7
1713657600000,0.657,0.677,0.634,0.646,21044.7
1713672000000,0.646,0.649,0.632,0.638,10652.4
1713686400000,0.638,0.641,0.628,0.636,9633.9
1713700800000,0.636,0.636,0.621,0.628,15943.3
1713715200000,0.628,0.629,0.602,0.611,22213.8
1713729600000,0.611,0.621,0.608,0.613,7310.3
1713744000000,0.613,0.636,0.612,0.632,16417.9
1713758400000,0.632,0.681,0.629,0.651,32485.8
1713772800000,0.651,0.653,0.631,0.631,21832.3
1713787200000,0.631,0.638,0.619,0.626,16683.7
1713801600000,0.626,0.638,0.621,0.636,10878.2
1713816000000,0.636,0.649,0.632,0.641,12931.3
1713830400000,0.641,0.657,0.636,0.636,13803.7
1713844800000,0.636,0.64,0.598,0.6,27405.0
1713859200000,0.6,0.604,0.589,0.594,12604.7
1713873600000,0.594,0.613,0.593,0.606,18439.6
1713888000000,0.606,0.615,0.604,0.609,11583.0
1713902400000,0.609,0.609,0.587,0.592,12789.5
1713916800000,0.592,0.603,0.587,0.595,15597.5
1713931200000,0.595,0.61,0.588,0.597,13011.1
1713945600000,0.597,0.602,0.588,0.601,13827.2
1713960000000,0.601,0.603,0.552,0.554,28960.0
1713974400000,0.554,0.562,0.543,0.554,11253.3
1713988800000,0.554,0.556,0.54,0.546,9285.2
1714003200000,0.546,0.551,0.533,0.54,9494.0
1714017600000,0.54,0.547,0.532,0.535,7129.0
1714032000000,0.535,0.567,0.527,0.564,18067.7
1714046400000,0.564,0.652,0.56,0.65,77075.2
1714060800000,0.65,0.672,0.638,0.665,65543.7
1714075200000,0.665,0.672,0.65,0.656,22588.3
1714089600000,0.656,0.66,0.611,0.615,30732.4
1714104000000,0.615,0.64,0.607,0.614,20076.0
1714118400000,0.614,0.619,0.599,0.602,22363.8
1714132800000,0.602,0.608,0.585,0.591,23249.4
1714147200000,0.591,0.603,0.591,0.599,6844.3
1714161600000,0.599,0.602,0.584,0.586,5227.9
1714176000000,0.586,0.589,0.55,0.569,17552.3
1714190400000,0.569,0.575,0.562,0.57,6772.6
1714204800000,0.57,0.578,0.564,0.568,5786.5
1714219200000,0.568,0.599,0.567,0.594,14128.9
1714233600000,0.594,0.618,0.594,0.609,23387.0
1714248000000,0.609,0.622,0.604,0.618,6912.2
1714262400000,0.618,0.627,0.611,0.614,10112.1
1714276800000,0.614,0.616,0.608,0.608,7082.8
1714291200000,0.608,0.611,0.591,0.591,11531.7
1714305600000,0.591,0.605,0.591,0.604,6848.8
1714320000000,0.604,0.673,0.604,0.653,34953.5
1714334400000,0.653,0.659,0.625,0.629,16608.1
1714348800000,0.629,0.633,0.596,0.599,17361.8
1714363200000,0.599,0.603,0.581,0.585,11410.8
1714377600000,0.585,0.618,0.578,0.616,21700.2
1714392000000,0.616,0.692,0.614,0.691,88842.4
1714406400000,0.691,0.696,0.644,0.653,49982.7
1714420800000,0.653,0.688,0.645,0.681,30437.3
1714435200000,0.681,0.699,0.648,0.655,35988.2
1714449600000,0.655,0.673,0.65,0.667,30293.0
1714464000000,0.667,0.672,0.626,0.63,56921.7
1714478400000,0.63,0.65,0.594,0.602,41104.6
1714492800000,0.602,0.602,0.579,0.583,20738.1
1714507200000,0.583,0.618,0.582,0.607,21615.1
1714521600000,0.607,0.628,0.593,0.62,22498.7
1714536000000,0.62,0.632,0.591,0.607,32058.7
1714550400000,0.607,0.659,0.599,0.655,52983.5
1714564800000,0.655,0.665,0.638,0.649,34915.5
1714579200000,0.649,0.697,0.632,0.662,60332.1
1714593600000,0.662,0.696,0.649,0.687,29740.5
1714608000000,0.687,0.688,0.643,0.647,22270.0
1714622400000,0.647,0.657,0.632,0.656,13517.8
1714636800000,0.656,0.769,0.654,0.765,80005.3
1714651200000,0.765,0.775,0.722,0.722,76236.5
1714665600000,0.722,0.744,0.709,0.731,36751.8
1714680000000,0.731,0.744,0.724,0.728,38575.6
1714694400000,0.728,0.752,0.713,0.714,24802.4
1714708800000,0.714,0.722,0.703,0.707,17477.2
1714723200000,0.707,0.759,0.703,0.713,66427.6
1714737600000,0.713,0.755,0.709,0.735,48025.6
1714752000000,0.735,0.743,0.721,0.736,20373.6
1714766400000,0.736,0.752,0.733,0.739,16869.1
1714780800000,0.739,0.763,0.72,0.725,63023.1
1714795200000,0.725,0.775,0.723,0.761,32025.4
1714809600000,0.761,0.766,0.734,0.737,26274.9
1714824000000,0.737,0.739,0.723,0.733,20890.8
1714838400000,0.733,0.742,0.728,0.74,12793.9
1714852800000,0.74,0.741,0.727,0.727,6184.4
1714867200000,0.727,0.741,0.671,0.682,54809.9
1714881600000,0.682,0.689,0.675,0.681,19801.9
1714896000000,0.681,0.684,0.666,0.674,24185.9
1714910400000,0.674,0.681,0.663,0.676,24995.0
1714924800000,0.676,0.684,0.671,0.679,16316.0
1714939200000,0.679,0.68,0.671,0.675,10401.6
1714953600000,0.675,0.69,0.659,0.678,18569.2
1714968000000,0.678,0.696,0.676,0.696,26312.9
1714982400000,0.696,0.706,0.669,0.673,32451.0
1714996800000,0.673,0.676,0.638,0.655,36576.8
1715011200000,0.655,0.656,0.641,0.646,8793.2
1715025600000,0.646,0.652,0.643,0.646,5669.9
1715040000000,0.646,0.659,0.635,0.641,9845.6
1715054400000,0.641,0.645,0.625,0.631,12075.3
1715068800000,0.631,0.654,0.63,0.635,36741.4
1715083200000,0.635,0.666,0.632,0.659,18920.7
1715097600000,0.659,0.663,0.642,0.647,7344.6
1715112000000,0.647,0.651,0.634,0.634,8294.9
1715126400000,0.634,0.659,0.618,0.656,19316.5
1715140800000,0.656,0.659,0.619,0.621,25295.2
1715155200000,0.621,0.652,0.614,0.647,21726.5
1715169600000,0.647,0.653,0.625,0.628,20764.2
1715184000000,0.628,0.637,0.619,0.623,9805.7
1715198400000,0.623,0.625,0.603,0.607,23121.4
1715212800000,0.607,0.619,0.603,0.614,5751.7
1715227200000,0.614,0.624,0.608,0.608,8148.8
1715241600000,0.608,0.612,0.595,0.608,10801.6
1715256000000,0.608,0.623,0.607,0.622,14034.9
1715270400000,0.622,0.632,0.616,0.628,11586.0
1715284800000,0.628,0.642,0.627,0.63,8231.4
1715299200000,0.63,0.643,0.626,0.64,7125.6
1715313600000,0.64,0.649,0.633,0.635,12956.9
1715328000000,0.635,0.638,0.629,0.637,6855.1
1715342400000,0.637,0.639,0.597,0.603,19576.8
1715356800000,0.603,0.603,0.588,0.594,11338.1
1715371200000,0.594,0.596,0.589,0.596,4813.1
1715385600000,0.596,0.605,0.589,0.594,7140.9
1715400000000,0.594,0.6,0.592,0.596,5759.0
1715414400000,0.596,0.598,0.584,0.587,7603.9
1715428800000,0.587,0.614,0.587,0.612,10871.0
1715443200000,0.612,0.614,0.603,0.606,5507.8
1715457600000,0.606,0.607,0.595,0.596,6823.0
1715472000000,0.596,0.598,0.593,0.596,2454.8
1715486400000,0.596,0.598,0.589,0.59,6151.9
1715500800000,0.59,0.605,0.589,0.602,4685.2
1715515200000,0.602,0.604,0.595,0.603,5235.8
1715529600000,0.603,0.606,0.595,0.597,5884.0
1715544000000,0.597,0.597,0.587,0.59,4008.9
1715558400000,0.59,0.594,0.539,0.551,27150.4
1715572800000,0.551,0.575,0.545,0.572,11949.7
1715587200000,0.572,0.58,0.564,0.569,14810.2
1715601600000,0.569,0.573,0.563,0.566,12775.9
1715616000000,0.566,0.578,0.548,0.553,20866.3
1715630400000,0.553,0.554,0.546,0.548,5058.9
1715644800000,0.548,0.552,0.514,0.52,84232.6
1715659200000,0.52,0.532,0.518,0.529,14923.8
1715673600000,0.529,0.531,0.524,0.529,8814.4
1715688000000,0.529,0.539,0.521,0.53,14988.5
1715702400000,0.53,0.535,0.522,0.534,7519.3
1715716800000,0.534,0.535,0.526,0.527,3346.1
1715731200000,0.527,0.544,0.524,0.544,7632.3
1715745600000,0.544,0.546,0.543,0.544,7162.5
1715760000000,0.544,0.546,0.526,0.53,10143.8
1715774400000,0.53,0.565,0.529,0.558,24371.5
1715788800000,0.558,0.571,0.555,0.571,10962.5
1715803200000,0.571,0.577,0.571,0.572,6326.4
1715817600000,0.572,0.575,0.562,0.569,7979.2
1715832000000,0.569,0.583,0.564,0.578,7435.4
1715846400000,0.578,0.58,0.564,0.567,9169.0
1715860800000,0.567,0.567,0.523,0.531,23422.9
1715875200000,0.531,0.542,0.531,0.54,70266.2
1715889600000,0.54,0.541,0.534,0.537,3955.9
1715904000000,0.537,0.54,0.534,0.537,4085.6
1715918400000,0.537,0.553,0.534,0.552,6815.3
1715932800000,0.552,0.553,0.546,0.549,7227.3
1715947200000,0.549,0.568,0.546,0.566,12209.7
1715961600000,0.566,0.568,0.552,0.557,6728.4
1715976000000,0.557,0.56,0.553,0.554,3764.1
1715990400000,0.554,0.567,0.553,0.567,7321.7
1716004800000,0.567,0.572,0.557,0.558,7829.6
1716019200000,0.558,0.569,0.558,0.566,64628.4
1716033600000,0.566,0.567,0.542,0.553,7826.2
1716048000000,0.553,0.568,0.552,0.561,6405.6
1716062400000,0.561,0.562,0.56,0.56,2246.7
1716076800000,0.56,0.571,0.556,0.565,6030.3
1716091200000,0.565,0.565,0.55,0.554,4354.0
1716105600000,0.554,0.554,0.545,0.547,3655.4
1716120000000,0.547,0.547,0.534,0.539,5852.5
1716134400000,0.539,0.54,0.531,0.533,3569.6
1716148800000,0.533,0.533,0.527,0.531,2100.9
1716163200000,0.531,0.535,0.512,0.534,8894.4
1716177600000,0.534,0.546,0.531,0.538,6129.0
1716192000000,0.538,0.545,0.534,0.536,4310.7
1716206400000,0.536,0.544,0.531,0.544,5930.1
1716220800000,0.544,0.572,0.541,0.572,15298.7
1716235200000,0.572,0.573,0.559,0.572,16630.6
1716249600000,0.572,0.579,0.558,0.564,16672.5
1716264000000,0.564,0.573,0.562,0.566,10774.7
1716278400000,0.566,0.588,0.565,0.576,11580.8
1716292800000,0.576,0.576,0.56,0.564,14293.8
1716307200000,0.564,0.579,0.562,0.566,11204.1
1716321600000,0.566,0.584,0.565,0.58,8324.6
1716336000000,0.58,0.585,0.567,0.568,5851.8
1716350400000,0.568,0.574,0.556,0.572,7216.6
1716364800000,0.572,0.578,0.559,0.559,7874.2
1716379200000,0.559,0.575,0.548,0.573,12475.1
1716393600000,0.573,0.576,0.557,0.56,8588.0
1716408000000,0.56,0.578,0.558,0.576,6227.7
1716422400000,0.576,0.577,0.562,0.575,5680.2
1716436800000,0.575,0.596,0.574,0.577,14005.2
1716451200000,0.577,0.585,0.563,0.584,13222.0
1716465600000,0.584,0.595,0.552,0.558,32253.6
1716480000000,0.558,0.564,0.542,0.552,8348.4
1716494400000,0.552,0.569,0.518,0.556,17380.1
1716508800000,0.556,0.578,0.552,0.575,7042.3
1716523200000,0.575,0.579,0.558,0.561,8928.2
1716537600000,0.561,0.562,0.549,0.552,7183.6
1716552000000,0.552,0.567,0.547,0.557,8985.3
1716566400000,0.557,0.561,0.55,0.557,4532.5
1716580800000,0.557,0.564,0.555,0.561,4005.3
1716595200000,0.561,0.563,0.558,0.562,2202.0
1716609600000,0.562,0.575,0.56,0.571,6506.2
1716624000000,0.571,0.579,0.569,0.575,8951.2
1716638400000,0.575,0.608,0.568,0.601,23660.6
1716652800000,0.601,0.601,0.577,0.577,13220.3
1716667200000,0.577,0.578,0.572,0.574,3461.6
1716681600000,0.574,0.579,0.567,0.574,6361.6
1716696000000,0.574,0.579,0.567,0.569,6930.3
1716710400000,0.569,0.569,0.562,0.562,5849.5
1716724800000,0.562,0.576,0.556,0.572,11650.2
1716739200000,0.572,0.585,0.57,0.576,9790.2
1716753600000,0.576,0.576,0.563,0.563,4101.7
1716768000000,0.563,0.583,0.563,0.582,7207.1
1716782400000,0.582,0.591,0.572,0.577,14906.6
1716796800000,0.577,0.593,0.576,0.59,17599.9
1716811200000,0.59,0.643,0.581,0.613,71085.3
1716825600000,0.613,0.615,0.605,0.607,12447.2
1716840000000,0.607,0.635,0.607,0.633,16164.4
1716854400000,0.633,0.636,0.599,0.601,22247.3
1716868800000,0.601,0.602,0.572,0.584,22797.2
1716883200000,0.584,0.605,0.584,0.601,14803.0
1716897600000,0.601,0.601,0.586,0.59,15028.3
1716912000000,0.59,0.591,0.578,0.59,8849.7
1716926400000,0.59,0.592,0.588,0.592,3941.5
1716940800000,0.592,0.613,0.588,0.607,13225.8
1716955200000,0.607,0.624,0.607,0.616,23739.6
1716969600000,0.616,0.62,0.589,0.589,25353.5
1716984000000,0.589,0.599,0.587,0.589,11139.4
1716998400000,0.589,0.595,0.581,0.582,9441.0
1717012800000,0.582,0.584,0.578,0.581,6223.3
1717027200000,0.581,0.595,0.579,0.595,6705.9
1717041600000,0.595,0.601,0.565,0.568,22555.6
1717056000000,0.568,0.576,0.564,0.572,10539.5
1717070400000,0.572,0.584,0.572,0.577,11251.2
1717084800000,0.577,0.582,0.572,0.572,7128.7
1717099200000,0.572,0.572,0.562,0.565,4465.0
1717113600000,0.565,0.572,0.558,0.571,6525.2
1717128000000,0.571,0.58,0.567,0.575,9029.2
1717142400000,0.575,0.582,0.575,0.582,7252.5
1717156800000,0.582,0.6,0.58,0.582,24421.1
1717171200000,0.582,0.591,0.574,0.584,9657.5
1717185600000,0.584,0.592,0.583,0.589,5012.6
1717200000000,0.589,0.596,0.58,0.595,5809.2
1717214400000,0.595,0.598,0.583,0.584,4522.0
1717228800000,0.584,0.587,0.581,0.582,4590.9
1717243200000,0.582,0.599,0.581,0.589,9966.8
1717257600000,0.589,0.594,0.589,0.592,4604.0
1717272000000,0.592,0.607,0.592,0.597,7613.3
1717286400000,0.597,0.62,0.594,0.616,19874.1
1717300800000,0.616,0.646,0.615,0.642,47518.7
1717315200000,0.642,0.672,0.63,0.642,52528.4
1717329600000,0.642,0.668,0.634,0.665,22854.6
1717344000000,0.665,0.677,0.638,0.646,32762.1
1717358400000,0.646,0.647,0.632,0.632,8999.0
1717372800000,0.632,0.661,0.62,0.653,24294.7
1717387200000,0.653,0.655,0.631,0.64,16233.4
1717401600000,0.64,0.643,0.631,0.642,17052.2
1717416000000,0.642,0.662,0.633,0.641,22135.5
1717430400000,0.641,0.662,0.641,0.65,23248.0
1717444800000,0.65,0.666,0.645,0.666,11654.2
1717459200000,0.666,0.698,0.656,0.686,35122.0
1717473600000,0.686,0.696,0.652,0.655,26265.5
1717488000000,0.655,0.659,0.634,0.637,14802.9
1717502400000,0.637,0.648,0.633,0.646,15373.3
1717516800000,0.646,0.648,0.642,0.646,8562.7
1717531200000,0.646,0.647,0.64,0.641,5195.3
1717545600000,0.641,0.652,0.637,0.639,10878.8
1717560000000,0.639,0.647,0.634,0.64,10065.6
1717574400000,0.64,0.645,0.634,0.642,9825.6
1717588800000,0.642,0.646,0.624,0.625,23505.7
1717603200000,0.625,0.632,0.615,0.628,18704.6
1717617600000,0.628,0.629,0.622,0.622,6160.0
1717632000000,0.622,0.64,0.622,0.626,12739.3
1717646400000,0.626,0.629,0.621,0.626,10230.8
1717660800000,0.626,0.626,0.614,0.619,10941.9
1717675200000,0.619,0.659,0.617,0.643,50277.8
1717689600000,0.643,0.685,0.64,0.663,45174.7
1717704000000,0.663,0.696,0.659,0.693,30723.9
1717718400000,0.693,0.717,0.678,0.698,41250.8
1717732800000,0.698,0.717,0.686,0.691,41581.4
1717747200000,0.691,0.696,0.671,0.681,27534.9
1717761600000,0.681,0.746,0.673,0.721,89517.8
1717776000000,0.721,0.721,0.621,0.675,94936.8
1717790400000,0.675,0.677,0.664,0.67,18579.3
1717804800000,0.67,0.726,0.666,0.719,33553.6
1717819200000,0.719,0.721,0.685,0.698,29374.4
1717833600000,0.698,0.762,0.698,0.734,74074.8
1717848000000,0.734,0.737,0.671,0.697,100358.8
1717862400000,0.697,0.704,0.656,0.662,32167.2
1717876800000,0.662,0.671,0.635,0.66,25471.5
1717891200000,0.66,0.673,0.633,0.638,24383.3
1717905600000,0.638,0.644,0.625,0.635,18308.3
1717920000000,0.635,0.675,0.63,0.671,19039.2
1717934400000,0.671,0.689,0.652,0.683,32377.8
1717948800000,0.683,0.69,0.67,0.674,11264.3
1717963200000,0.674,0.68,0.664,0.68,6359.8
1717977600000,0.68,0.68,0.639,0.641,12804.8
1717992000000,0.641,0.646,0.621,0.621,17139.7
1718006400000,0.621,0.633,0.619,0.622,16859.7
1718020800000,0.622,0.636,0.613,0.632,14642.9
1718035200000,0.632,0.633,0.561,0.565,43374.5
1718049600000,0.565,0.57,0.548,0.556,57697.3
1718064000000,0.556,0.561,0.527,0.552,31408.6
1718078400000,0.552,0.556,0.544,0.55,17230.9
1718092800000,0.55,0.558,0.545,0.556,12851.4
1718107200000,0.556,0.556,0.522,0.541,26186.6
1718121600000,0.541,0.548,0.524,0.528,20958.1
1718136000000,0.528,0.534,0.523,0.525,8085.8
1718150400000,0.525,0.527,0.498,0.516,21924.8
1718164800000,0.516,0.526,0.512,0.526,9216.2
1718179200000,0.526,0.529,0.521,0.523,12169.6
1718193600000,0.523,0.553,0.521,0.538,35644.2
1718208000000,0.538,0.541,0.514,0.518,34562.4
1718222400000,0.518,0.532,0.516,0.525,8474.5
1718236800000,0.525,0.531,0.489,0.501,20664.6
1718251200000,0.501,0.505,0.495,0.502,12653.6
1718265600000,0.502,0.504,0.492,0.494,8590.5
1718280000000,0.494,0.499,0.474,0.475,24896.2
1718294400000,0.475,0.493,0.471,0.488,10072.2
1718308800000,0.488,0.491,0.476,0.477,5501.1
1718323200000,0.477,0.482,0.467,0.473,15273.9
1718337600000,0.473,0.482,0.471,0.479,9377.2
1718352000000,0.479,0.491,0.478,0.487,9855.4
1718366400000,0.487,0.49,0.463,0.465,16861.2
1718380800000,0.465,0.467,0.428,0.443,40005.8
1718395200000,0.443,0.456,0.443,0.45,8374.0
1718409600000,0.45,0.459,0.449,0.456,7991.0
1718424000000,0.456,0.46,0.455,0.457,6247.7
1718438400000,0.457,0.461,0.456,0.457,4578.8
1718452800000,0.457,0.464,0.455,0.46,9256.8
1718467200000,0.46,0.465,0.452,0.453,6518.9
1718481600000,0.453,0.453,0.447,0.451,5998.1
1718496000000,0.451,0.451,0.441,0.445,6168.1
1718510400000,0.445,0.453,0.44,0.453,6800.8
1718524800000,0.453,0.454,0.45,0.453,5476.1
1718539200000,0.453,0.455,0.453,0.454,6069.3
1718553600000,0.454,0.457,0.452,0.455,3907.9
1718568000000,0.455,0.459,0.445,0.447,9521.2
1718582400000,0.447,0.454,0.428,0.428,21273.4
1718596800000,0.428,0.436,0.417,0.42,14531.9
1718611200000,0.42,0.422,0.401,0.415,23848.3
1718625600000,0.415,0.418,0.408,0.408,11320.2
1718640000000,0.408,0.418,0.389,0.415,19127.9
1718654400000,0.415,0.416,0.396,0.399,8503.2
1718668800000,0.399,0.4,0.325,0.371,53407.1
1718683200000,0.371,0.381,0.369,0.378,10328.7
1718697600000,0.378,0.379,0.363,0.368,9220.7
1718712000000,0.368,0.375,0.358,0.374,15619.0
1718726400000,0.374,0.374,0.359,0.366,8312.2
1718740800000,0.366,0.373,0.364,0.37,5744.0
1718755200000,0.37,0.382,0.366,0.377,10600.1
1718769600000,0.377,0.381,0.376,0.376,8840.1
1718784000000,0.376,0.376,0.364,0.365,8810.6
1718798400000,0.365,0.374,0.359,0.364,13536.1
1718812800000,0.364,0.378,0.363,0.37,6407.0
1718827200000,0.37,0.373,0.364,0.366,5155.1
1718841600000,0.366,0.375,0.362,0.37,9946.2
1718856000000,0.37,0.378,0.364,0.378,8814.3
1718870400000,0.378,0.381,0.368,0.37,12612.9
1718884800000,0.37,0.371,0.347,0.348,15863.2
1718899200000,0.348,0.359,0.341,0.356,14833.0
1718913600000,0.356,0.356,0.349,0.349,4233.8
1718928000000,0.349,0.357,0.343,0.349,6661.9
1718942400000,0.349,0.352,0.343,0.344,6853.3
1718956800000,0.344,0.355,0.339,0.353,11206.2
1718971200000,0.353,0.356,0.344,0.35,9006.1
1718985600000,0.35,0.352,0.341,0.348,6380.5
1719000000000,0.348,0.349,0.34,0.341,6686.1
1719014400000,0.341,0.342,0.331,0.34,8148.4
1719028800000,0.34,0.341,0.337,0.338,5206.9
1719043200000,0.338,0.34,0.335,0.339,7259.5
1719057600000,0.339,0.344,0.338,0.343,5655.3
1719072000000,0.343,0.352,0.342,0.348,6806.0
1719086400000,0.348,0.348,0.343,0.343,3079.1
1719100800000,0.343,0.352,0.341,0.351,6319.4
1719115200000,0.351,0.352,0.348,0.352,4371.2
1719129600000,0.352,0.355,0.347,0.349,5639.1
1719144000000,0.349,0.352,0.341,0.342,5400.4
1719158400000,0.342,0.345,0.336,0.339,4889.3
1719172800000,0.339,0.339,0.329,0.33,5385.5
1719187200000,0.33,0.339,0.33,0.336,5350.4
1719201600000,0.336,0.337,0.324,0.331,11328.4
1719216000000,0.331,0.341,0.309,0.338,20568.0
1719230400000,0.338,0.344,0.334,0.335,8692.4
1719244800000,0.335,0.347,0.334,0.34,10673.0
1719259200000,0.34,0.353,0.338,0.352,8825.2
1719273600000,0.352,0.36,0.35,0.356,6357.6
1719288000000,0.356,0.358,0.348,0.349,4741.5
1719302400000,0.349,0.351,0.345,0.349,6685.7
1719316800000,0.349,0.364,0.347,0.362,7681.2
1719331200000,0.362,0.364,0.354,0.357,7305.9
1719345600000,0.357,0.357,0.349,0.349,4105.3
1719360000000,0.349,0.356,0.346,0.349,5750.2
1719374400000,0.349,0.351,0.343,0.349,5744.7
1719388800000,0.349,0.35,0.343,0.345,3964.8
1719403200000,0.345,0.351,0.339,0.34,11781.0
1719417600000,0.34,0.342,0.333,0.339,6965.5
1719432000000,0.339,0.344,0.335,0.336,4144.6
1719446400000,0.336,0.337,0.332,0.333,4667.7
1719460800000,0.333,0.333,0.325,0.326,17125.5
1719475200000,0.326,0.332,0.325,0.328,8781.6
1719489600000,0.328,0.35,0.327,0.342,24295.5
1719504000000,0.342,0.348,0.34,0.347,5957.7
1719518400000,0.347,0.354,0.347,0.351,8232.0
1719532800000,0.351,0.36,0.348,0.35,16268.5
1719547200000,0.35,0.352,0.343,0.346,7447.7
1719561600000,0.346,0.347,0.344,0.345,5019.9
1719576000000,0.345,0.353,0.34,0.345,12170.6
1719590400000,0.345,0.347,0.335,0.337,9674.3
1719604800000,0.337,0.339,0.33,0.331,5268.1
1719619200000,0.331,0.347,0.33,0.344,10582.4
1719633600000,0.344,0.35,0.339,0.35,7801.5
1719648000000,0.35,0.353,0.347,0.351,10289.3
1719662400000,0.351,0.355,0.348,0.351,11003.9
1719676800000,0.351,0.353,0.34,0.342,5274.9
1719691200000,0.342,0.342,0.335,0.337,4407.5
1719705600000,0.337,0.345,0.332,0.335,8467.0
1719720000000,0.335,0.35,0.332,0.349,7616.8
1719734400000,0.349,0.353,0.346,0.347,8310.1
1719748800000,0.347,0.355,0.346,0.355,8648.8
1719763200000,0.355,0.358,0.349,0.356,10101.2
1719777600000,0.356,0.368,0.354,0.364,7829.3
1719792000000,0.364,0.369,0.36,0.362,7842.0
1719806400000,0.362,0.365,0.356,0.363,5428.7
1719820800000,0.363,0.365,0.354,0.356,7307.0
1719835200000,0.356,0.365,0.353,0.362,10755.9
1719849600000,0.362,0.387,0.361,0.384,18323.4
1719864000000,0.384,0.386,0.374,0.375,6984.4
1719878400000,0.375,0.381,0.371,0.377,13164.8
1719892800000,0.377,0.381,0.365,0.366,13544.0
1719907200000,0.366,0.367,0.359,0.361,7996.2
1719921600000,0.361,0.382,0.36,0.37,24282.0
1719936000000,0.37,0.37,0.358,0.365,6532.2
1719950400000,0.365,0.367,0.363,0.365,3197.0
1719964800000,0.365,0.377,0.352,0.363,20234.7
1719979200000,0.363,0.375,0.359,0.368,13005.3
1719993600000,0.368,0.37,0.352,0.359,15192.1
1720008000000,0.359,0.367,0.345,0.346,16237.9
1720022400000,0.346,0.355,0.335,0.338,21079.0
1720036800000,0.338,0.339,0.326,0.327,12925.2
1720051200000,0.327,0.332,0.305,0.321,33411.9
1720065600000,0.321,0.323,0.313,0.315,11354.7
1720080000000,0.315,0.318,0.309,0.309,14631.8
1720094400000,0.309,0.31,0.292,0.297,20175.9
1720108800000,0.297,0.297,0.284,0.286,11581.9
1720123200000,0.286,0.289,0.265,0.27,15070.1
1720137600000,0.27,0.27,0.231,0.241,46296.7
1720152000000,0.241,0.255,0.238,0.247,18923.4
1720166400000,0.247,0.254,0.242,0.252,19225.2
1720180800000,0.252,0.257,0.245,0.256,18611.5
1720195200000,0.256,0.26,0.253,0.253,12573.4
1720209600000,0.253,0.256,0.251,0.252,6059.6
1720224000000,0.252,0.264,0.249,0.254,10927.2
1720238400000,0.254,0.26,0.251,0.26,8752.7
1720252800000,0.26,0.265,0.258,0.265,7848.6
1720267200000,0.265,0.274,0.261,0.272,14727.1
1720281600000,0.272,0.289,0.272,0.287,24331.8
1720296000000,0.287,0.298,0.287,0.292,11107.9
1720310400000,0.292,0.293,0.28,0.285,16060.5
1720324800000,0.285,0.286,0.278,0.281,11392.1
1720339200000,0.281,0.287,0.279,0.287,11465.6
1720353600000,0.287,0.292,0.273,0.28,18327.5
1720368000000,0.28,0.285,0.279,0.282,6671.0
1720382400000,0.282,0.283,0.268,0.27,6460.1
1720396800000,0.27,0.273,0.257,0.271,15064.9
1720411200000,0.271,0.28,0.27,0.277,8778.2
1720425600000,0.277,0.298,0.276,0.294,16310.1
1720440000000,0.294,0.295,0.278,0.286,12992.7
1720454400000,0.286,0.287,0.28,0.284,7778.3
1720468800000,0.284,0.289,0.283,0.288,3474.7
1720483200000,0.288,0.294,0.282,0.288,7791.5
1720497600000,0.288,0.293,0.287,0.291,7779.9
1720512000000,0.291,0.292,0.285,0.286,5634.1
1720526400000,0.286,0.295,0.286,0.291,7514.2
1720540800000,0.291,0.294,0.288,0.292,3818.1
1720555200000,0.292,0.295,0.291,0.293,4056.8
1720569600000,0.293,0.293,0.286,0.293,5506.3
1720584000000,0.293,0.303,0.293,0.297,11701.3
1720598400000,0.297,0.297,0.288,0.29,6083.4
1720612800000,0.29,0.292,0.285,0.29,16860.5
1720627200000,0.29,0.293,0.286,0.288,4732.3
1720641600000,0.288,0.29,0.286,0.289,2517.8
1720656000000,0.289,0.292,0.283,0.287,7748.7
1720670400000,0.287,0.29,0.285,0.29,2743.4
1720684800000,0.29,0.292,0.289,0.292,5534.0
1720699200000,0.292,0.297,0.278,0.28,13829.6
1720713600000,0.28,0.285,0.277,0.278,7162.5
1720728000000,0.278,0.279,0.272,0.273,3361.1
1720742400000,0.273,0.278,0.27,0.276,4408.4
1720756800000,0.276,0.277,0.273,0.273,3871.7
1720771200000,0.273,0.275,0.267,0.27,4546.0
1720785600000,0.27,0.283,0.269,0.281,5081.4
1720800000000,0.281,0.283,0.275,0.275,8651.4
1720814400000,0.275,0.276,0.273,0.275,2132.9
1720828800000,0.275,0.28,0.275,0.279,3061.0
1720843200000,0.279,0.283,0.276,0.281,6341.9
1720857600000,0.281,0.284,0.278,0.28,3844.7
1720872000000,0.28,0.28,0.275,0.276,5694.3
1720886400000,0.276,0.277,0.272,0.274,3314.2
1720900800000,0.274,0.282,0.27,0.276,5029.5
1720915200000,0.276,0.283,0.276,0.283,4754.0
1720929600000,0.283,0.285,0.279,0.281,4784.9
1720944000000,0.281,0.283,0.279,0.279,6410.6
1720958400000,0.279,0.279,0.273,0.279,4873.9
1720972800000,0.279,0.282,0.279,0.279,3140.6
1720987200000,0.279,0.293,0.278,0.289,7376.8
1721001600000,0.289,0.295,0.289,0.295,6713.0
1721016000000,0.295,0.3,0.291,0.299,9943.2
1721030400000,0.299,0.303,0.293,0.297,9041.0
1721044800000,0.297,0.303,0.297,0.299,9522.3
1721059200000,0.299,0.312,0.297,0.309,10190.4
1721073600000,0.309,0.322,0.309,0.32,11839.7
1721088000000,0.32,0.325,0.317,0.319,7037.7
1721102400000,0.319,0.319,0.305,0.307,14842.2
1721116800000,0.307,0.316,0.304,0.315,8050.9
1721131200000,0.315,0.335,0.311,0.331,12607.6
1721145600000,0.331,0.343,0.323,0.336,15159.3
1721160000000,0.336,0.341,0.329,0.331,12726.6
1721174400000,0.331,0.34,0.329,0.332,7314.0
1721188800000,0.332,0.333,0.329,0.331,4850.8
1721203200000,0.331,0.332,0.321,0.323,11050.7
1721217600000,0.323,0.331,0.322,0.326,8311.0
1721232000000,0.326,0.329,0.317,0.327,7011.8
1721246400000,0.327,0.328,0.323,0.323,2899.5
1721260800000,0.323,0.333,0.323,0.329,3617.3
1721275200000,0.329,0.329,0.322,0.325,5279.5
1721289600000,0.325,0.332,0.323,0.332,5808.4
1721304000000,0.332,0.336,0.314,0.315,11144.1
1721318400000,0.315,0.32,0.311,0.314,4797.5
1721332800000,0.314,0.323,0.314,0.323,1818.5
1721347200000,0.323,0.325,0.313,0.323,3014.5
1721361600000,0.323,0.325,0.316,0.317,4769.5
1721376000000,0.317,0.318,0.312,0.314,6016.3
1721390400000,0.314,0.333,0.314,0.33,8371.2
1721404800000,0.33,0.34,0.33,0.339,9856.2
1721419200000,0.339,0.345,0.335,0.34,5742.8
1721433600000,0.34,0.341,0.331,0.338,5642.3
1721448000000,0.338,0.352,0.337,0.348,10894.8
1721462400000,0.348,0.351,0.336,0.337,8462.2
1721476800000,0.337,0.343,0.335,0.342,6154.6
1721491200000,0.342,0.346,0.34,0.343,8022.0
1721505600000,0.343,0.349,0.343,0.348,4394.2
1721520000000,0.348,0.349,0.343,0.345,5172.5
1721534400000,0.345,0.348,0.334,0.335,5905.3
1721548800000,0.335,0.343,0.335,0.337,3208.0
1721563200000,0.337,0.341,0.333,0.335,4676.0
1721577600000,0.335,0.339,0.318,0.331,14845.4
1721592000000,0.331,0.354,0.331,0.354,11671.2
1721606400000,0.354,0.357,0.347,0.347,10103.7
1721620800000,0.347,0.348,0.333,0.334,8171.2
1721635200000,0.334,0.346,0.333,0.345,5616.3
1721649600000,0.345,0.346,0.331,0.335,9461.8
1721664000000,0.335,0.34,0.333,0.339,2493.7
1721678400000,0.339,0.341,0.319,0.321,6826.2
1721692800000,0.321,0.329,0.32,0.326,5537.7
1721707200000,0.326,0.327,0.313,0.318,5190.2
1721721600000,0.318,0.335,0.318,0.327,8604.0
1721736000000,0.327,0.327,0.318,0.32,7428.8
1721750400000,0.32,0.32,0.308,0.312,6673.0
1721764800000,0.312,0.319,0.31,0.313,3875.7
1721779200000,0.313,0.315,0.309,0.315,2617.1
1721793600000,0.315,0.318,0.312,0.318,1926.3
1721808000000,0.318,0.32,0.317,0.318,5584.2
1721822400000,0.318,0.32,0.311,0.311,4954.3
1721836800000,0.311,0.315,0.305,0.305,4772.8
1721851200000,0.305,0.306,0.295,0.297,6899.2
1721865600000,0.297,0.298,0.28,0.283,26303.4
1721880000000,0.283,0.286,0.281,0.283,7187.4
1721894400000,0.283,0.286,0.281,0.283,4126.4
1721908800000,0.283,0.285,0.275,0.28,9006.6
1721923200000,0.28,0.283,0.269,0.273,5760.3
1721937600000,0.273,0.279,0.268,0.279,5314.1
1721952000000,0.279,0.287,0.278,0.284,5086.8
1721966400000,0.284,0.289,0.283,0.287,4138.7
1721980800000,0.287,0.289,0.285,0.288,3801.8
1721995200000,0.288,0.292,0.285,0.289,5384.8
1722009600000,0.289,0.294,0.288,0.292,3239.9
1722024000000,0.292,0.292,0.289,0.29,3812.5
1722038400000,0.29,0.292,0.289,0.29,2423.6
1722052800000,0.29,0.3,0.289,0.298,5074.5
1722067200000,0.298,0.302,0.296,0.302,4223.1
1722081600000,0.302,0.307,0.294,0.296,7293.8
1722096000000,0.296,0.298,0.289,0.295,8657.6
1722110400000,0.295,0.305,0.289,0.3,5238.0
1722124800000,0.3,0.3,0.294,0.294,3317.4
1722139200000,0.294,0.294,0.285,0.291,3474.5
1722153600000,0.291,0.296,0.289,0.294,2264.8
1722168000000,0.294,0.295,0.288,0.289,4273.1
1722182400000,0.289,0.29,0.287,0.288,2109.6
1722196800000,0.288,0.288,0.28,0.285,3460.9
1722211200000,0.285,0.294,0.282,0.289,8256.0
1722225600000,0.289,0.293,0.288,0.29,6750.5
1722240000000,0.29,0.293,0.287,0.287,7292.0
1722254400000,0.287,0.289,0.273,0.274,14723.3
1722268800000,0.274,0.274,0.267,0.269,12784.5
1722283200000,0.269,0.271,0.261,0.264,13464.0
1722297600000,0.264,0.269,0.261,0.267,7744.0
1722312000000,0.267,0.269,0.265,0.267,11236.1
1722326400000,0.267,0.268,0.265,0.265,8103.7
1722340800000,0.265,0.267,0.258,0.26,18216.1
1722355200000,0.26,0.262,0.248,0.251,11801.6
1722369600000,0.251,0.254,0.247,0.253,5001.2
1722384000000,0.253,0.259,0.253,0.256,4239.3
1722398400000,0.256,0.259,0.253,0.256,5451.2
1722412800000,0.256,0.258,0.252,0.255,6901.2
1722427200000,0.255,0.261,0.254,0.254,5904.5
1722441600000,0.254,0.259,0.251,0.252,5361.5
1722456000000,0.252,0.252,0.247,0.248,6505.7
1722470400000,0.248,0.254,0.248,0.25,5236.7
1722484800000,0.25,0.251,0.242,0.245,6948.5
1722499200000,0.245,0.247,0.241,0.242,6553.6
1722513600000,0.242,0.248,0.234,0.236,13304.8
1722528000000,0.236,0.236,0.225,0.233,16105.0
1722542400000,0.233,0.247,0.233,0.245,6682.7
1722556800000,0.245,0.248,0.237,0.241,3804.7
1722571200000,0.241,0.242,0.23,0.236,8072.0
1722585600000,0.236,0.243,0.235,0.239,4034.1
1722600000000,0.239,0.247,0.226,0.233,10352.3
1722614400000,0.233,0.235,0.226,0.229,17751.2
1722628800000,0.229,0.232,0.224,0.225,7033.3
1722643200000,0.225,0.227,0.219,0.226,7899.6
1722657600000,0.226,0.227,0.224,0.226,4701.2
1722672000000,0.226,0.227,0.223,0.225,5834.1
1722686400000,0.225,0.23,0.218,0.218,5301.6
1722700800000,0.218,0.221,0.205,0.206,16817.4
1722715200000,0.206,0.208,0.201,0.207,7847.6
1722729600000,0.207,0.213,0.205,0.211,5225.8
1722744000000,0.211,0.212,0.208,0.208,4166.7
1722758400000,0.208,0.211,0.206,0.209,2758.3
1722772800000,0.209,0.213,0.201,0.201,12372.3
1722787200000,0.201,0.214,0.193,0.211,25462.8
1722801600000,0.211,0.22,0.21,0.218,18739.1
1722816000000,0.218,0.218,0.175,0.18,65321.6
1722830400000,0.18,0.186,0.163,0.184,74233.1
1722844800000,0.184,0.184,0.166,0.173,27678.5
1722859200000,0.173,0.186,0.166,0.184,36489.6
1722873600000,0.184,0.186,0.175,0.177,14761.0
1722888000000,0.177,0.18,0.176,0.176,6598.9
1722902400000,0.176,0.191,0.175,0.188,13066.9
1722916800000,0.188,0.195,0.186,0.194,14426.0
1722931200000,0.194,0.194,0.186,0.187,15069.3
1722945600000,0.187,0.197,0.185,0.194,13175.4
1722960000000,0.194,0.197,0.193,0.193,8428.5
1722974400000,0.193,0.197,0.189,0.191,4264.3
1722988800000,0.191,0.199,0.189,0.197,6434.3
1723003200000,0.197,0.202,0.196,0.197,7155.5
1723017600000,0.197,0.199,0.193,0.193,9344.4
1723032000000,0.193,0.198,0.186,0.189,15076.3
1723046400000,0.189,0.19,0.183,0.184,7566.9
1723060800000,0.184,0.186,0.181,0.183,8355.1
1723075200000,0.183,0.197,0.181,0.193,8837.8
1723089600000,0.193,0.196,0.193,0.193,8785.3
1723104000000,0.193,0.196,0.193,0.194,10887.2
1723118400000,0.194,0.2,0.191,0.198,12373.0
1723132800000,0.198,0.202,0.197,0.199,9778.0
1723147200000,0.199,0.214,0.199,0.213,14255.2
1723161600000,0.213,0.216,0.208,0.21,8703.2
1723176000000,0.21,0.211,0.204,0.209,5466.8
1723190400000,0.209,0.213,0.206,0.208,6158.6
1723204800000,0.208,0.21,0.204,0.204,8095.1
1723219200000,0.204,0.208,0.204,0.205,6260.0
1723233600000,0.205,0.21,0.204,0.209,1962.7
1723248000000,0.209,0.213,0.208,0.208,3485.9
1723262400000,0.208,0.225,0.207,0.224,15884.1
1723276800000,0.224,0.235,0.221,0.23,47550.9
1723291200000,0.23,0.231,0.224,0.225,17535.9
1723305600000,0.225,0.225,0.221,0.223,7495.9
1723320000000,0.223,0.226,0.221,0.224,5933.7
1723334400000,0.224,0.225,0.222,0.223,4893.9
1723348800000,0.223,0.224,0.222,0.222,4534.6
1723363200000,0.222,0.226,0.219,0.219,11049.7
1723377600000,0.219,0.22,0.212,0.213,7007.9
1723392000000,0.213,0.215,0.208,0.208,7090.5
1723406400000,0.208,0.208,0.204,0.205,5422.7
1723420800000,0.205,0.214,0.205,0.213,8338.0
1723435200000,0.213,0.219,0.208,0.213,9651.1
1723449600000,0.213,0.223,0.213,0.222,11510.8
1723464000000,0.222,0.227,0.212,0.224,19666.0
1723478400000,0.224,0.227,0.219,0.22,6793.4
1723492800000,0.22,0.225,0.219,0.222,4340.1
1723507200000,0.222,0.223,0.214,0.216,4594.8
1723521600000,0.216,0.219,0.213,0.217,3130.9
1723536000000,0.217,0.217,0.213,0.214,5244.3
1723550400000,0.214,0.219,0.213,0.217,5878.2
1723564800000,0.217,0.234,0.217,0.227,18436.3
1723579200000,0.227,0.229,0.225,0.228,2404.0
1723593600000,0.228,0.229,0.223,0.225,4242.3
1723608000000,0.225,0.226,0.219,0.222,5278.8
1723622400000,0.222,0.227,0.221,0.223,5722.0
1723636800000,0.223,0.226,0.214,0.22,10076.0
1723651200000,0.22,0.221,0.216,0.218,3246.8
1723665600000,0.218,0.218,0.213,0.217,2378.2
1723680000000,0.217,0.219,0.214,0.216,2647.0
1723694400000,0.216,0.216,0.212,0.215,2850.7
1723708800000,0.215,0.217,0.213,0.216,2407.4
1723723200000,0.216,0.226,0.216,0.219,8698.8
1723737600000,0.219,0.221,0.207,0.209,8391.1
1723752000000,0.209,0.213,0.208,0.212,3416.0
1723766400000,0.212,0.214,0.207,0.207,4839.3
1723780800000,0.207,0.21,0.207,0.21,2393.0
1723795200000,0.21,0.21,0.204,0.206,3868.7
1723809600000,0.206,0.208,0.197,0.199,10572.8
1723824000000,0.199,0.208,0.199,0.205,6720.1
1723838400000,0.205,0.208,0.204,0.205,2649.7
1723852800000,0.205,0.207,0.204,0.205,2148.0
1723867200000,0.205,0.207,0.204,0.205,1956.2
1723881600000,0.205,0.207,0.203,0.205,3147.4
1723896000000,0.205,0.211,0.204,0.209,12264.3
1723910400000,0.209,0.216,0.208,0.21,11121.7
1723924800000,0.21,0.214,0.21,0.213,2029.2
1723939200000,0.213,0.216,0.211,0.212,3075.3
1723953600000,0.212,0.213,0.21,0.211,5365.1
1723968000000,0.211,0.219,0.211,0.217,6294.2
1723982400000,0.217,0.222,0.216,0.219,5924.8
1723996800000,0.219,0.22,0.216,0.217,3751.4
1724011200000,0.217,0.219,0.213,0.214,3887.7
1724025600000,0.214,0.216,0.21,0.215,3743.1
1724040000000,0.215,0.215,0.212,0.212,4751.8
1724054400000,0.212,0.216,0.207,0.213,9896.2
1724068800000,0.213,0.22,0.211,0.22,8641.1
1724083200000,0.22,0.231,0.216,0.23,13956.7
1724097600000,0.23,0.235,0.228,0.234,16899.5
1724112000000,0.234,0.238,0.23,0.232,15166.7
1724126400000,0.232,0.241,0.231,0.237,7616.6
1724140800000,0.237,0.238,0.235,0.236,8374.7
1724155200000,0.236,0.237,0.225,0.229,15513.1
1724169600000,0.229,0.234,0.228,0.232,3860.6
1724184000000,0.232,0.238,0.231,0.235,4206.5
1724198400000,0.235,0.236,0.229,0.233,6966.5
1724212800000,0.233,0.236,0.232,0.236,2626.4
1724227200000,0.236,0.238,0.231,0.232,8461.4
1724241600000,0.232,0.238,0.231,0.236,7702.2
1724256000000,0.236,0.244,0.234,0.241,4682.4
1724270400000,0.241,0.245,0.24,0.243,4175.9
1724284800000,0.243,0.248,0.241,0.245,7102.1
1724299200000,0.245,0.247,0.241,0.244,4303.1
1724313600000,0.244,0.246,0.241,0.245,6962.1
1724328000000,0.245,0.245,0.238,0.242,5786.6
1724342400000,0.242,0.242,0.239,0.241,1625.7
1724356800000,0.241,0.242,0.24,0.241,3054.2
1724371200000,0.241,0.245,0.241,0.244,2667.9
1724385600000,0.244,0.252,0.243,0.25,7215.8
1724400000000,0.25,0.252,0.244,0.244,7637.5
1724414400000,0.244,0.254,0.244,0.25,10066.1
1724428800000,0.25,0.264,0.249,0.263,12139.2
1724443200000,0.263,0.267,0.262,0.264,4422.4
1724457600000,0.264,0.269,0.264,0.266,6676.3
1724472000000,0.266,0.268,0.265,0.265,2169.7
1724486400000,0.265,0.271,0.263,0.266,7662.4
1724500800000,0.266,0.273,0.265,0.269,6577.2
1724515200000,0.269,0.279,0.269,0.274,9385.5
1724529600000,0.274,0.274,0.261,0.265,8691.3
1724544000000,0.265,0.266,0.253,0.258,9983.8
1724558400000,0.258,0.259,0.248,0.251,9538.8
1724572800000,0.251,0.255,0.249,0.253,5584.7
1724587200000,0.253,0.257,0.251,0.253,4147.9
1724601600000,0.253,0.259,0.251,0.255,4428.0
1724616000000,0.255,0.267,0.255,0.26,4767.1
1724630400000,0.26,0.263,0.253,0.257,3381.4
1724644800000,0.257,0.259,0.25,0.252,4617.3
1724659200000,0.252,0.257,0.251,0.252,4392.3
1724673600000,0.252,0.253,0.243,0.243,9195.0
1724688000000,0.243,0.244,0.235,0.237,5285.2
1724702400000,0.237,0.241,0.236,0.237,4756.3
1724716800000,0.237,0.242,0.237,0.241,1957.7
1724731200000,0.241,0.245,0.24,0.241,2562.9
1724745600000,0.241,0.242,0.233,0.235,3872.9
1724760000000,0.235,0.24,0.234,0.236,5226.6
1724774400000,0.236,0.238,0.234,0.236,2188.2
1724788800000,0.236,0.236,0.219,0.226,12993.3
1724803200000,0.226,0.226,0.219,0.224,5203.7
1724817600000,0.224,0.225,0.218,0.218,2547.9
1724832000000,0.218,0.234,0.216,0.228,11426.1
1724846400000,0.228,0.229,0.218,0.219,10856.5
1724860800000,0.219,0.221,0.21,0.217,8231.1
1724875200000,0.217,0.223,0.214,0.218,2418.2
1724889600000,0.218,0.22,0.217,0.219,1555.6
1724904000000,0.219,0.225,0.218,0.224,2330.8
1724918400000,0.224,0.227,0.222,0.225,2246.8
1724932800000,0.225,0.234,0.225,0.231,5674.4
1724947200000,0.231,0.231,0.216,0.219,5252.2
1724961600000,0.219,0.221,0.216,0.22,1612.6
1724976000000,0.22,0.223,0.218,0.218,2356.0
1724990400000,0.218,0.223,0.216,0.22,2573.4
1725004800000,0.22,0.223,0.218,0.219,2770.9
1725019200000,0.219,0.222,0.204,0.204,9882.3
1725033600000,0.204,0.219,0.204,0.214,5454.8
1725048000000,0.214,0.219,0.214,0.219,1569.1
1725062400000,0.219,0.22,0.218,0.22,1573.1
1725076800000,0.22,0.221,0.218,0.219,2169.8
1725091200000,0.219,0.22,0.213,0.217,3964.3
1725105600000,0.217,0.217,0.213,0.214,1927.6
1725120000000,0.214,0.214,0.208,0.208,2432.3
1725134400000,0.208,0.211,0.208,0.209,905.5
1725148800000,0.209,0.21,0.204,0.208,1605.7
1725163200000,0.208,0.21,0.204,0.209,1612.9
1725177600000,0.209,0.21,0.205,0.207,2508.1
1725192000000,0.207,0.213,0.202,0.213,6915.1
1725206400000,0.213,0.214,0.204,0.211,4935.4
1725220800000,0.211,0.213,0.197,0.199,5588.1
1725235200000,0.199,0.204,0.197,0.202,2920.3
1725249600000,0.202,0.204,0.198,0.199,2787.2
1725264000000,0.199,0.21,0.199,0.208,6488.3
1725278400000,0.208,0.21,0.204,0.207,8493.1
1725292800000,0.207,0.209,0.205,0.208,5282.5
1725307200000,0.208,0.216,0.206,0.211,6190.7
1725321600000,0.211,0.214,0.208,0.209,6567.2
1725336000000,0.209,0.211,0.207,0.209,2827.5
1725350400000,0.209,0.21,0.204,0.208,2036.9
1725364800000,0.208,0.208,0.197,0.197,14822.0
1725379200000,0.197,0.2,0.196,0.2,5111.2
1725393600000,0.2,0.202,0.197,0.197,2198.8
1725408000000,0.197,0.199,0.186,0.195,8064.9
1725422400000,0.195,0.199,0.193,0.198,2865.6
1725436800000,0.198,0.202,0.197,0.198,5157.8
1725451200000,0.198,0.205,0.197,0.203,8595.9
1725465600000,0.203,0.208,0.199,0.202,8025.1
1725480000000,0.202,0.205,0.201,0.203,1385.3
1725494400000,0.203,0.205,0.197,0.198,3326.4
1725508800000,0.198,0.202,0.197,0.201,1970.1
1725523200000,0.201,0.204,0.201,0.201,2276.4
1725537600000,0.201,0.206,0.2,0.2,5516.6
1725552000000,0.2,0.202,0.197,0.199,4243.2
1725566400000,0.199,0.202,0.197,0.2,1365.5
1725580800000,0.2,0.204,0.199,0.203,3558.2
1725595200000,0.203,0.203,0.196,0.197,3478.2
1725609600000,0.197,0.2,0.196,0.199,5113.6
1725624000000,0.199,0.205,0.194,0.199,7729.0
1725638400000,0.199,0.199,0.189,0.19,6538.5
1725652800000,0.19,0.191,0.183,0.191,4573.8
1725667200000,0.191,0.194,0.19,0.191,2462.9
1725681600000,0.191,0.197,0.191,0.196,3343.8
1725696000000,0.196,0.197,0.195,0.196,1988.1
1725710400000,0.196,0.2,0.196,0.198,4912.3
1725724800000,0.198,0.199,0.194,0.199,4830.7
1725739200000,0.199,0.199,0.194,0.197,1526.9
1725753600000,0.197,0.198,0.195,0.198,2114.0
1725768000000,0.198,0.202,0.198,0.201,2888.7
1725782400000,0.201,0.204,0.199,0.2,1905.9
1725796800000,0.2,0.201,0.193,0.193,3076.4
1725811200000,0.193,0.197,0.193,0.197,1732.5
1725825600000,0.197,0.206,0.196,0.202,2766.4
1725840000000,0.202,0.204,0.199,0.201,2137.5
1725854400000,0.201,0.204,0.199,0.203,1870.9
1725868800000,0.203,0.205,0.202,0.204,2647.5
1725883200000,0.204,0.206,0.202,0.204,5537.5
1725897600000,0.204,0.211,0.204,0.211,5689.7
1725912000000,0.211,0.214,0.208,0.21,3013.9
1725926400000,0.21,0.21,0.205,0.205,2199.0
1725940800000,0.205,0.208,0.204,0.207,1778.0
1725955200000,0.207,0.21,0.206,0.208,2751.5
1725969600000,0.208,0.208,0.204,0.204,4798.9
1725984000000,0.204,0.21,0.204,0.209,4968.8
1725998400000,0.209,0.21,0.207,0.208,1700.2
1726012800000,0.208,0.208,0.202,0.202,3403.1
1726027200000,0.202,0.203,0.197,0.2,3697.7
1726041600000,0.2,0.201,0.197,0.199,1269.6
1726056000000,0.199,0.203,0.193,0.198,6624.0
1726070400000,0.198,0.202,0.197,0.199,3966.2
1726084800000,0.199,0.201,0.199,0.199,1438.1
1726099200000,0.199,0.205,0.199,0.202,2938.9
1726113600000,0.202,0.205,0.202,0.203,3116.0
1726128000000,0.203,0.204,0.2,0.2,3855.7
1726142400000,0.2,0.204,0.197,0.197,7770.1
1726156800000,0.197,0.204,0.197,0.203,3578.5
1726171200000,0.203,0.206,0.202,0.205,2280.5
1726185600000,0.205,0.208,0.203,0.206,3178.0
1726200000000,0.206,0.21,0.205,0.21,3821.9
1726214400000,0.21,0.214,0.205,0.205,9584.8
1726228800000,0.205,0.213,0.203,0.211,9641.1
1726243200000,0.211,0.214,0.21,0.211,5124.6
1726257600000,0.211,0.214,0.21,0.212,11879.9
1726272000000,0.212,0.216,0.211,0.213,5201.7
1726286400000,0.213,0.214,0.21,0.211,5952.0
1726300800000,0.211,0.211,0.207,0.207,5440.3
1726315200000,0.207,0.21,0.207,0.21,1967.6
1726329600000,0.21,0.211,0.205,0.205,5893.7
1726344000000,0.205,0.208,0.205,0.207,1425.1
1726358400000,0.207,0.216,0.206,0.213,4926.1
1726372800000,0.213,0.214,0.211,0.211,3203.3
1726387200000,0.211,0.212,0.206,0.207,4034.8
1726401600000,0.207,0.211,0.206,0.211,5369.4
1726416000000,0.211,0.211,0.205,0.206,2633.1
1726430400000,0.206,0.206,0.196,0.199,7138.9
1726444800000,0.199,0.199,0.194,0.196,3831.6
1726459200000,0.196,0.201,0.195,0.2,2916.7
1726473600000,0.2,0.201,0.197,0.2,3254.9
1726488000000,0.2,0.2,0.195,0.196,5148.2
1726502400000,0.196,0.196,0.189,0.191,8879.6
1726516800000,0.191,0.193,0.189,0.192,2823.4
1726531200000,0.192,0.193,0.189,0.192,3254.0
1726545600000,0.192,0.195,0.191,0.195,3480.7
1726560000000,0.195,0.196,0.192,0.193,4176.6
1726574400000,0.193,0.202,0.19,0.202,15446.6
1726588800000,0.202,0.206,0.197,0.198,11036.1
1726603200000,0.198,0.203,0.197,0.202,4480.4
1726617600000,0.202,0.21,0.199,0.208,10701.1
1726632000000,0.208,0.209,0.204,0.205,5121.1
1726646400000,0.205,0.206,0.197,0.2,5412.4
1726660800000,0.2,0.201,0.192,0.193,8987.5
1726675200000,0.193,0.205,0.192,0.201,14635.1
1726689600000,0.201,0.21,0.199,0.21,6882.5
1726704000000,0.21,0.234,0.21,0.229,52283.9
1726718400000,0.229,0.232,0.223,0.228,14501.1
1726732800000,0.228,0.237,0.225,0.234,18609.1
1726747200000,0.234,0.238,0.229,0.234,18308.4
1726761600000,0.234,0.243,0.231,0.232,17667.6
1726776000000,0.232,0.233,0.228,0.229,5998.2
1726790400000,0.229,0.24,0.225,0.239,12125.0
1726804800000,0.239,0.241,0.234,0.24,12455.8
1726819200000,0.24,0.2546,0.24,0.2477,22678.8
1726833600000,0.2477,0.2498,0.237,0.2405,19701.2
1726848000000,0.2405,0.2429,0.2317,0.2348,17814.7
1726862400000,0.2348,0.2379,0.234,0.235,4328.0
1726876800000,0.235,0.236,0.2284,0.2285,7003.5
1726891200000,0.2285,0.235,0.2264,0.2333,4704.9
1726905600000,0.2333,0.2376,0.2322,0.2367,3610.4
1726920000000,0.2367,0.2428,0.2353,0.2374,6272.0
1726934400000,0.2374,0.2401,0.2369,0.2394,3129.2
1726948800000,0.2394,0.2403,0.2353,0.2395,1985.6
1726963200000,0.2395,0.2395,0.2294,0.2331,5390.7
1726977600000,0.2331,0.234,0.2298,0.2316,3371.7
1726992000000,0.2316,0.2363,0.2288,0.2315,5849.7
1727006400000,0.2315,0.2321,0.2267,0.2282,3246.5
1727020800000,0.2282,0.2325,0.2258,0.2309,2448.0
1727035200000,0.2309,0.2339,0.2223,0.2312,3376.2
1727049600000,0.2312,0.2407,0.2256,0.2382,8324.8
1727064000000,0.2382,0.244,0.236,0.2366,9804.1
1727078400000,0.2366,0.2418,0.2337,0.2355,7868.5
1727092800000,0.2355,0.2501,0.2332,0.2443,12682.0
1727107200000,0.2443,0.2468,0.24,0.2433,8067.8
1727121600000,0.2433,0.2472,0.2422,0.2441,3827.7
1727136000000,0.2441,0.246,0.2383,0.2432,7974.8
1727150400000,0.2432,0.2504,0.2395,0.2472,8252.2
1727164800000,0.2472,0.2524,0.2443,0.2523,9701.4
1727179200000,0.2523,0.2576,0.2433,0.2457,16360.6
1727193600000,0.2457,0.2547,0.2457,0.254,4819.5
1727208000000,0.254,0.2613,0.2517,0.2567,8063.1
1727222400000,0.2567,0.2631,0.2554,0.2579,9646.9
1727236800000,0.2579,0.2581,0.2471,0.2495,10185.7
1727251200000,0.2495,0.2556,0.2494,0.2553,5249.6
1727265600000,0.2553,0.2583,0.2495,0.2536,10618.7
1727280000000,0.2536,0.2573,0.2505,0.2525,5788.9
1727294400000,0.2525,0.2574,0.2489,0.2506,3876.2
1727308800000,0.2506,0.2589,0.2461,0.2588,6072.0
1727323200000,0.2588,0.2711,0.2559,0.2702,24572.7
1727337600000,0.2702,0.2776,0.268,0.2755,15441.8
1727352000000,0.2755,0.292,0.2691,0.2889,33484.7
1727366400000,0.2889,0.3096,0.2886,0.2919,49602.2
1727380800000,0.2919,0.2956,0.2853,0.2941,10284.1
1727395200000,0.2941,0.3037,0.2941,0.3004,16115.2
1727409600000,0.3004,0.323,0.3002,0.316,28583.8
1727424000000,0.316,0.3331,0.3145,0.3159,51213.9
1727438400000,0.3159,0.3277,0.3157,0.324,20698.2
1727452800000,0.324,0.327,0.3157,0.3212,13491.1
1727467200000,0.3212,0.3274,0.3197,0.325,6285.4
1727481600000,0.325,0.3403,0.325,0.3317,15836.2
1727496000000,0.3317,0.3318,0.3127,0.3135,15457.6
1727510400000,0.3135,0.3161,0.3082,0.3102,9430.6
1727524800000,0.3102,0.3106,0.3062,0.307,6790.2
1727539200000,0.307,0.3076,0.3034,0.3046,3905.3
1727553600000,0.3046,0.3048,0.2939,0.3002,11371.8
1727568000000,0.3002,0.31,0.2974,0.3097,12505.1
1727582400000,0.3097,0.3109,0.2966,0.2971,10745.2
1727596800000,0.2971,0.3027,0.2964,0.2972,5747.9
1727611200000,0.2972,0.3094,0.2904,0.3073,16297.7
1727625600000,0.3073,0.3221,0.3072,0.3154,16352.6
1727640000000,0.3154,0.32,0.3101,0.3125,6879.2
1727654400000,0.3125,0.317,0.3008,0.3087,16064.4
1727668800000,0.3087,0.3201,0.3043,0.3127,13731.8
1727683200000,0.3127,0.3133,0.299,0.3077,13684.6
1727697600000,0.3077,0.3116,0.2942,0.2947,12994.5
1727712000000,0.2947,0.2995,0.2937,0.2981,6553.0
1727726400000,0.2981,0.305,0.2866,0.2891,10493.8
1727740800000,0.2891,0.3084,0.2875,0.3083,7069.3
1727755200000,0.3083,0.3149,0.3035,0.3094,10640.0
1727769600000,0.3094,0.3143,0.3063,0.3066,7921.7
1727784000000,0.3066,0.3081,0.2762,0.2952,40293.4
1727798400000,0.2952,0.3182,0.278,0.3104,53984.2
1727812800000,0.3104,0.3139,0.3005,0.304,20468.7
1727827200000,0.304,0.3255,0.3035,0.3204,29037.1
1727841600000,0.3204,0.4091,0.3152,0.3679,173062.9
1727856000000,0.3679,0.4007,0.3589,0.371,211793.9
1727870400000,0.371,0.3776,0.3621,0.3703,70283.7
1727884800000,0.3703,0.379,0.3308,0.343,69065.5
1727899200000,0.343,0.3484,0.3328,0.3437,25432.7
1727913600000,0.3437,0.3591,0.3352,0.345,39145.3
1727928000000,0.345,0.355,0.3366,0.3367,23513.5
1727942400000,0.3367,0.3444,0.3247,0.3412,34361.2
1727956800000,0.3412,0.3434,0.3082,0.3144,56488.8
1727971200000,0.3144,0.3297,0.3081,0.323,19591.6
1727985600000,0.323,0.3256,0.3131,0.3182,8881.3
1728000000000,0.3182,0.328,0.3085,0.3148,17895.4
1728014400000,0.3148,0.3205,0.3128,0.3163,12188.4
1728028800000,0.3163,0.3239,0.3142,0.3193,15632.8
1728043200000,0.3193,0.3274,0.3125,0.3261,23044.6
1728057600000,0.3261,0.3389,0.3242,0.3331,16461.3
1728072000000,0.3331,0.3334,0.325,0.3276,9229.8
1728086400000,0.3276,0.3677,0.3275,0.3627,55635.8
1728100800000,0.3627,0.3657,0.3476,0.348,25487.2
1728115200000,0.348,0.353,0.3407,0.3418,17084.7
1728129600000,0.3418,0.3492,0.3415,0.3464,13792.5
1728144000000,0.3464,0.3464,0.3351,0.3357,11811.1
1728158400000,0.3357,0.342,0.3342,0.341,7937.7
1728172800000,0.341,0.3514,0.3346,0.3348,16547.2
1728187200000,0.3348,0.347,0.3322,0.341,14612.3
1728201600000,0.341,0.3458,0.3357,0.3373,10912.6
1728216000000,0.3373,0.3443,0.3345,0.3407,13063.6
1728230400000,0.3407,0.3438,0.3366,0.3377,12264.9
1728244800000,0.3377,0.3445,0.336,0.3431,7181.7
1728259200000,0.3431,0.3577,0.3374,0.3474,25813.0
1728273600000,0.3474,0.354,0.3418,0.3426,18774.2
1728288000000,0.3426,0.3445,0.3268,0.334,29726.5
1728302400000,0.334,0.3432,0.3285,0.3327,21202.0
1728316800000,0.3327,0.3373,0.3231,0.326,18184.1
1728331200000,0.326,0.331,0.3219,0.3231,7105.4
1728345600000,0.3231,0.3286,0.3214,0.3244,12270.7
1728360000000,0.3244,0.3252,0.3146,0.3171,13845.9
1728374400000,0.3171,0.3196,0.3128,0.3152,10786.0
1728388800000,0.3152,0.3188,0.3096,0.3124,83057.1
1728403200000,0.3124,0.3164,0.3102,0.3141,9841.1
1728417600000,0.3141,0.3171,0.3106,0.314,7049.0
1728432000000,0.314,0.3162,0.3065,0.3086,13947.7
1728446400000,0.3086,0.3127,0.3054,0.3068,8635.0
1728460800000,0.3068,0.3082,0.3044,0.3056,8342.6
1728475200000,0.3056,0.3083,0.2991,0.307,14290.4
1728489600000,0.307,0.3086,0.2992,0.3008,7298.8
1728504000000,0.3008,0.3036,0.2962,0.3024,8565.4
1728518400000,0.3024,0.3071,0.2992,0.2992,7987.1
1728532800000,0.2992,0.3055,0.2989,0.3013,4171.8
1728547200000,0.3013,0.3051,0.2936,0.3044,9873.3
1728561600000,0.3044,0.3052,0.2944,0.2973,10942.7
1728576000000,0.2973,0.2977,0.2877,0.2944,14023.6
1728590400000,0.2944,0.302,0.2936,0.3017,5950.0
1728604800000,0.3017,0.3036,0.2974,0.2992,5703.6
1728619200000,0.2992,0.3035,0.298,0.3007,4568.8
1728633600000,0.3007,0.3088,0.3007,0.3068,7542.8
1728648000000,0.3068,0.3162,0.3065,0.3145,18342.9
1728662400000,0.3145,0.3181,0.314,0.3151,9819.1
1728676800000,0.3151,0.3176,0.3142,0.3156,7350.8
1728691200000,0.3156,0.3185,0.3075,0.3075,11458.3
1728705600000,0.3075,0.3194,0.3075,0.3189,9447.5
1728720000000,0.3189,0.3215,0.3158,0.3188,8025.8
1728734400000,0.3188,0.3245,0.3168,0.3188,46432.5
1728748800000,0.3188,0.3242,0.3167,0.319,8269.6
1728763200000,0.319,0.3237,0.319,0.3209,5349.3
1728777600000,0.3209,0.3219,0.3128,0.3136,9649.4
1728792000000,0.3136,0.3217,0.3136,0.3174,8853.7
1728806400000,0.3174,0.3193,0.3087,0.3091,5546.5
1728820800000,0.3091,0.3129,0.2994,0.3034,12960.6
1728835200000,0.3034,0.3078,0.3008,0.3044,5871.3
1728849600000,0.3044,0.3109,0.3018,0.3079,7153.7
1728864000000,0.3079,0.3208,0.3015,0.3194,13912.5
1728878400000,0.3194,0.324,0.3156,0.3201,28243.9
1728892800000,0.3201,0.3297,0.3152,0.3239,27728.4
1728907200000,0.3239,0.3297,0.3222,0.3251,21992.1
1728921600000,0.3251,0.3262,0.3197,0.3252,11961.0
1728936000000,0.3252,0.3325,0.3247,0.3268,10607.2
1728950400000,0.3268,0.327,0.3147,0.3148,13162.9
1728964800000,0.3148,0.3183,0.3095,0.312,16280.8
1728979200000,0.312,0.3176,0.3049,0.3071,15876.9
1728993600000,0.3071,0.3198,0.2973,0.3054,34352.5
1729008000000,0.3054,0.313,0.3051,0.3086,15876.6
1729022400000,0.3086,0.309,0.3002,0.3071,8258.4
1729036800000,0.3071,0.3086,0.3012,0.3035,6828.2
1729051200000,0.3035,0.3047,0.2956,0.2986,8874.2
1729065600000,0.2986,0.3017,0.2965,0.2987,10623.4
1729080000000,0.2987,0.2999,0.2924,0.2937,13075.6
1729094400000,0.2937,0.296,0.2912,0.2954,6070.2
1729108800000,0.2954,0.299,0.2951,0.2965,8450.5
1729123200000,0.2965,0.2994,0.2944,0.2973,3530.1
1729137600000,0.2973,0.2986,0.2916,0.2945,4822.0
1729152000000,0.2945,0.2957,0.2823,0.2833,23127.4
1729166400000,0.2833,0.2921,0.2827,0.2902,10126.1
1729180800000,0.2902,0.2902,0.2808,0.2857,9882.2
1729195200000,0.2857,0.2878,0.2854,0.2873,6359.1
1729209600000,0.2873,0.2927,0.2855,0.2896,10493.9
1729224000000,0.2896,0.2934,0.2889,0.2919,4756.0
1729238400000,0.2919,0.292,0.2894,0.2898,9325.3
1729252800000,0.2898,0.2922,0.2866,0.2884,9783.8
1729267200000,0.2884,0.2936,0.2868,0.2892,7061.7
1729281600000,0.2892,0.2904,0.2871,0.2899,4341.9
1729296000000,0.2899,0.2929,0.2885,0.2902,10051.8
1729310400000,0.2902,0.2912,0.2883,0.2894,4505.3
1729324800000,0.2894,0.2913,0.2839,0.284,31647.3
1729339200000,0.284,0.2884,0.2839,0.2861,4369.3
1729353600000,0.2861,0.2871,0.2837,0.2851,4998.4
1729368000000,0.2851,0.2913,0.2848,0.2898,5001.5
1729382400000,0.2898,0.297,0.2833,0.2853,13481.8
1729396800000,0.2853,0.2908,0.2845,0.289,9232.0
1729411200000,0.289,0.2929,0.2885,0.2913,8347.7
1729425600000,0.2913,0.2989,0.2871,0.2973,19648.0
1729440000000,0.2973,0.3045,0.2964,0.2991,14823.3
1729454400000,0.2991,0.3021,0.2987,0.3011,7156.7
1729468800000,0.3011,0.3082,0.2975,0.2999,16265.0
1729483200000,0.2999,0.3045,0.2955,0.2958,10570.9
1729497600000,0.2958,0.2987,0.2912,0.2926,9960.2
1729512000000,0.2926,0.2943,0.2841,0.2873,15067.5
1729526400000,0.2873,0.2886,0.2827,0.286,5941.1
1729540800000,0.286,0.2883,0.2835,0.2839,5241.9
1729555200000,0.2839,0.2864,0.2788,0.2842,9302.1
1729569600000,0.2842,0.2871,0.2825,0.2826,4794.7
1729584000000,0.2826,0.2837,0.2761,0.2785,10546.7
1729598400000,0.2785,0.2799,0.2707,0.2783,19461.1
1729612800000,0.2783,0.2829,0.274,0.2809,9114.8
1729627200000,0.2809,0.2839,0.2795,0.2817,5514.3
1729641600000,0.2817,0.2871,0.2772,0.2807,7563.5
1729656000000,0.2807,0.2821,0.2743,0.2755,7364.8
1729670400000,0.2755,0.2778,0.2716,0.2722,11724.6
1729684800000,0.2722,0.275,0.2661,0.2685,12455.5
1729699200000,0.2685,0.2695,0.2614,0.269,14191.8
1729713600000,0.269,0.2703,0.2676,0.269,8332.5
1729728000000,0.269,0.2805,0.2668,0.2798,14881.7
1729742400000,0.2798,0.2819,0.2752,0.2755,14250.1
1729756800000,0.2755,0.2775,0.2685,0.2711,12760.0
1729771200000,0.2711,0.2787,0.2708,0.2768,17962.3
1729785600000,0.2768,0.2777,0.2735,0.277,7176.4
1729800000000,0.277,0.2793,0.2722,0.2729,8898.5
1729814400000,0.2729,0.2789,0.2729,0.2751,10811.1
1729828800000,0.2751,0.2757,0.2631,0.2648,14280.1
1729843200000,0.2648,0.2682,0.2616,0.2658,8378.0
1729857600000,0.2658,0.2681,0.2557,0.2571,16988.4
1729872000000,0.2571,0.2588,0.2517,0.2534,14843.1
1729886400000,0.2534,0.2564,0.2275,0.2404,34576.8
1729900800000,0.2404,0.2414,0.2327,0.2403,18746.9
1729915200000,0.2403,0.2436,0.2395,0.2398,6281.3
1729929600000,0.2398,0.2434,0.2397,0.2433,4898.8
1729944000000,0.2433,0.2454,0.2359,0.238,8978.2
1729958400000,0.238,0.2424,0.2369,0.241,8661.6
1729972800000,0.241,0.244,0.2409,0.2435,3198.7
1729987200000,0.2435,0.2455,0.2401,0.2451,4663.2
1730001600000,0.2451,0.2454,0.2411,0.2418,4048.2
1730016000000,0.2418,0.2429,0.2391,0.2393,4366.7
1730030400000,0.2393,0.2445,0.2393,0.2435,5067.0
1730044800000,0.2435,0.2458,0.2409,0.2418,5243.8
1730059200000,0.2418,0.2471,0.2411,0.2422,5067.1
1730073600000,0.2422,0.243,0.2318,0.2323,10416.0
1730088000000,0.2323,0.2397,0.2286,0.238,9983.8
1730102400000,0.238,0.2391,0.2355,0.2364,6093.0
1730116800000,0.2364,0.2371,0.2304,0.2307,11953.5
1730131200000,0.2307,0.2333,0.2245,0.2323,19840.0
1730145600000,0.2323,0.2413,0.2321,0.237,9767.8
1730160000000,0.237,0.2437,0.2364,0.242,11150.5
1730174400000,0.242,0.2443,0.2418,0.2426,7127.8
1730188800000,0.2426,0.248,0.2426,0.2435,13857.9
1730203200000,0.2435,0.2453,0.2401,0.2431,17627.7
1730217600000,0.2431,0.2584,0.243,0.2482,39082.1
1730232000000,0.2482,0.25,0.2448,0.2457,10321.8
1730246400000,0.2457,0.2461,0.2382,0.2449,14097.2
1730260800000,0.2449,0.246,0.2414,0.2416,5799.7
1730275200000,0.2416,0.2434,0.238,0.2381,10187.4
1730289600000,0.2381,0.2452,0.2365,0.2397,15186.8
1730304000000,0.2397,0.2421,0.2389,0.2393,6464.8
1730318400000,0.2393,0.2426,0.2381,0.2393,5886.7
1730332800000,0.2393,0.2403,0.235,0.2357,7126.3
1730347200000,0.2357,0.2374,0.2326,0.2338,6911.2
1730361600000,0.2338,0.2364,0.2312,0.2334,11519.1
1730376000000,0.2334,0.2337,0.2264,0.2285,18708.4
1730390400000,0.2285,0.2285,0.2193,0.2203,13465.4
1730404800000,0.2203,0.2256,0.2202,0.2226,10451.6
1730419200000,0.2226,0.2256,0.218,0.2211,9687.9
1730433600000,0.2211,0.2218,0.214,0.2153,7600.5
1730448000000,0.2153,0.2208,0.2152,0.2193,10090.0
1730462400000,0.2193,0.2243,0.213,0.2151,17471.4
1730476800000,0.2151,0.2194,0.2136,0.2146,10292.6
1730491200000,0.2146,0.2161,0.2108,0.2149,6191.0
1730505600000,0.2149,0.217,0.2135,0.2139,4366.9
1730520000000,0.2139,0.215,0.213,0.2139,5453.7
1730534400000,0.2139,0.2186,0.213,0.2185,6381.4
1730548800000,0.2185,0.2279,0.2172,0.227,76565.7
1730563200000,0.227,0.2273,0.219,0.2219,15306.6
1730577600000,0.2219,0.222,0.2175,0.2197,6906.7
1730592000000,0.2197,0.2273,0.2089,0.2131,33512.7
1730606400000,0.2131,0.2189,0.2127,0.2139,10713.2
1730620800000,0.2139,0.2144,0.2062,0.2069,25972.3
1730635200000,0.2069,0.2088,0.2003,0.2046,29059.9
1730649600000,0.2046,0.2149,0.204,0.2107,16163.5
1730664000000,0.2107,0.2139,0.2094,0.2116,10302.5
1730678400000,0.2116,0.2145,0.2073,0.211,11828.3
1730692800000,0.211,0.2123,0.2051,0.2066,9717.7
1730707200000,0.2066,0.2104,0.2049,0.2067,7844.2
1730721600000,0.2067,0.2102,0.2047,0.2059,6451.9
1730736000000,0.2059,0.2067,0.2008,0.2014,9598.9
1730750400000,0.2014,0.2016,0.192,0.1964,19695.0
1730764800000,0.1964,0.2034,0.1964,0.2002,6976.6
1730779200000,0.2002,0.2038,0.1999,0.2025,3906.9
1730793600000,0.2025,0.2045,0.2012,0.2028,4017.0
1730808000000,0.2028,0.2101,0.2017,0.2069,12776.3
1730822400000,0.2069,0.212,0.2037,0.2047,9034.4
1730836800000,0.2047,0.2083,0.2041,0.2069,5743.3
1730851200000,0.2069,0.2214,0.2069,0.2192,34054.8
1730865600000,0.2192,0.2234,0.2165,0.2185,17991.5
1730880000000,0.2185,0.2206,0.2109,0.2199,17793.3
1730894400000,0.2199,0.2216,0.2165,0.2197,16647.4
1730908800000,0.2197,0.2284,0.2196,0.2284,17667.1
1730923200000,0.2284,0.2377,0.2276,0.2344,15418.9
1730937600000,0.2344,0.251,0.2344,0.2456,31190.1
1730952000000,0.2456,0.2463,0.2345,0.239,20063.5
1730966400000,0.239,0.2438,0.2358,0.2361,14096.8
1730980800000,0.2361,0.2397,0.2326,0.2396,13160.8
1730995200000,0.2396,0.242,0.2367,0.2417,11258.9
1731009600000,0.2417,0.2447,0.2381,0.2401,10149.3
1731024000000,0.2401,0.2499,0.236,0.2379,17841.2
1731038400000,0.2379,0.2408,0.2338,0.2377,8143.8
1731052800000,0.2377,0.2394,0.2342,0.239,9562.8
1731067200000,0.239,0.2461,0.237,0.2393,17535.3
1731081600000,0.2393,0.2418,0.2316,0.2395,13215.9
1731096000000,0.2395,0.2397,0.2348,0.2379,6130.2
1731110400000,0.2379,0.253,0.2371,0.2489,41325.1
1731124800000,0.2489,0.2626,0.246,0.2505,27367.8
1731139200000,0.2505,0.2735,0.2501,0.2646,54775.2
1731153600000,0.2646,0.2667,0.2529,0.2564,110419.5
1731168000000,0.2564,0.2607,0.249,0.2578,15332.1
1731182400000,0.2578,0.2623,0.2571,0.2598,10645.7
1731196800000,0.2598,0.2647,0.2534,0.2624,18865.0
1731211200000,0.2624,0.2693,0.2586,0.2627,20564.0
1731225600000,0.2627,0.2697,0.2627,0.2666,22525.9
1731240000000,0.2666,0.2756,0.262,0.2719,46424.5
1731254400000,0.2719,0.2762,0.2631,0.2661,24699.8
1731268800000,0.2661,0.2687,0.2476,0.2676,31306.8
1731283200000,0.2676,0.2821,0.2661,0.2778,30026.5
1731297600000,0.2778,0.2794,0.2595,0.2683,31548.1
1731312000000,0.2683,0.276,0.2653,0.2748,23237.2
1731326400000,0.2748,0.2762,0.2608,0.2653,36084.2
1731340800000,0.2653,0.2806,0.2647,0.2757,38883.9
1731355200000,0.2757,0.2828,0.2706,0.2814,24631.7
1731369600000,0.2814,0.2824,0.2689,0.2821,31564.9
1731384000000,0.2821,0.2857,0.2757,0.281,37661.1
1731398400000,0.281,0.2848,0.2444,0.2546,100227.3
1731412800000,0.2546,0.2577,0.2432,0.2466,41326.1
1731427200000,0.2466,0.2556,0.2412,0.2533,17034.8
1731441600000,0.2533,0.2588,0.2489,0.2522,13077.9
1731456000000,0.2522,0.2558,0.2362,0.2364,28464.6
1731470400000,0.2364,0.241,0.2255,0.2331,25776.3
1731484800000,0.2331,0.2355,0.2287,0.232,22117.8
1731499200000,0.232,0.2473,0.2297,0.2473,54100.7
1731513600000,0.2473,0.2578,0.2403,0.2408,45605.9
1731528000000,0.2408,0.2459,0.2347,0.2453,26577.7
1731542400000,0.2453,0.2525,0.2382,0.25,27974.6
1731556800000,0.25,0.2588,0.2469,0.2511,28472.6
1731571200000,0.2511,0.2539,0.2386,0.2424,19491.6
1731585600000,0.2424,0.2472,0.2312,0.2343,27088.9
1731600000000,0.2343,0.242,0.2321,0.2382,11397.2
1731614400000,0.2382,0.2387,0.2256,0.2295,13024.3
1731628800000,0.2295,0.2318,0.2225,0.2271,16726.3
1731643200000,0.2271,0.2286,0.2197,0.2256,13372.6
1731657600000,0.2256,0.2347,0.223,0.2331,13233.7
1731672000000,0.2331,0.2354,0.2222,0.224,64728.8
1731686400000,0.224,0.2299,0.2217,0.2285,20381.4
1731700800000,0.2285,0.2363,0.2284,0.2354,15252.6
1731715200000,0.2354,0.2419,0.2336,0.2417,21024.6
1731729600000,0.2417,0.2428,0.2361,0.2389,15412.9
1731744000000,0.2389,0.2474,0.2374,0.2472,17311.7
1731758400000,0.2472,0.2489,0.2375,0.2404,72045.6
1731772800000,0.2404,0.2506,0.238,0.2484,38161.1
1731787200000,0.2484,0.2526,0.2463,0.252,66389.9
1731801600000,0.252,0.2543,0.2363,0.2483,43737.0
1731816000000,0.2483,0.2598,0.2462,0.254,54170.8
1731830400000,0.254,0.2591,0.2505,0.2506,79133.8
1731844800000,0.2506,0.2589,0.2486,0.2514,40783.9
1731859200000,0.2514,0.2561,0.2438,0.2474,34708.8
1731873600000,0.2474,0.2498,0.2409,0.2465,20015.8
1731888000000,0.2465,0.2544,0.2415,0.2537,23084.7
1731902400000,0.2537,0.2564,0.2488,0.256,21836.4
1731916800000,0.256,0.2575,0.2462,0.2468,29808.5
1731931200000,0.2468,0.2582,0.2442,0.2567,132529.5
1731945600000,0.2567,0.2613,0.2464,0.2507,89162.0
1731960000000,0.2507,0.2573,0.2492,0.2568,71871.3
1731974400000,0.2568,0.2583,0.2516,0.2519,20593.0
1731988800000,0.2519,0.2532,0.2473,0.251,69601.4
1732003200000,0.251,0.2554,0.246,0.2499,77196.1
1732017600000,0.2499,0.2511,0.2421,0.2455,30158.1
1732032000000,0.2455,0.2479,0.2425,0.2445,73369.4
1732046400000,0.2445,0.2452,0.2349,0.2424,18980.0
1732060800000,0.2424,0.2424,0.228,0.2327,26356.1
1732075200000,0.2327,0.2358,0.2296,0.2332,13630.2
1732089600000,0.2332,0.2369,0.2287,0.2308,20420.1
1732104000000,0.2308,0.2355,0.2271,0.232,49390.3
1732118400000,0.232,0.2327,0.2164,0.219,40286.5
1732132800000,0.219,0.2245,0.2173,0.2197,17970.4
1732147200000,0.2197,0.2233,0.211,0.2159,28605.9
1732161600000,0.2159,0.225,0.2142,0.2243,27724.4
1732176000000,0.2243,0.2258,0.2182,0.2222,23216.9
1732190400000,0.2222,0.2374,0.2219,0.2319,72770.2
1732204800000,0.2319,0.2406,0.2319,0.2368,31239.0
1732219200000,0.2368,0.2406,0.2341,0.2366,16402.1
1732233600000,0.2366,0.2406,0.2294,0.2336,33845.7
1732248000000,0.2336,0.2388,0.2299,0.2304,31858.1
1732262400000,0.2304,0.2328,0.2259,0.2311,56379.2
1732276800000,0.2311,0.237,0.2243,0.2328,48812.0
1732291200000,0.2328,0.2396,0.2308,0.2354,34511.1
1732305600000,0.2354,0.2449,0.2346,0.2443,28481.4
1732320000000,0.2443,0.2502,0.2417,0.2477,42291.9
1732334400000,0.2477,0.2573,0.2438,0.2568,41727.7
1732348800000,0.2568,0.2604,0.2524,0.2564,37195.0
1732363200000,0.2564,0.2754,0.2557,0.2706,119271.7
1732377600000,0.2706,0.2727,0.2525,0.2625,98922.9
1732392000000,0.2625,0.2686,0.2545,0.2646,36635.7
1732406400000,0.2646,0.2772,0.2626,0.2754,38368.1
1732420800000,0.2754,0.2766,0.268,0.2738,35505.0
1732435200000,0.2738,0.2776,0.2559,0.2564,68204.9
1732449600000,0.2564,0.2662,0.2414,0.2534,125403.1
1732464000000,0.2534,0.2739,0.2515,0.2708,68023.6
1732478400000,0.2708,0.2891,0.2695,0.2872,53383.9
1732492800000,0.2872,0.2872,0.2722,0.278,46237.2
1732507200000,0.278,0.2821,0.2728,0.2804,36395.7
1732521600000,0.2804,0.2858,0.2761,0.2798,41153.0
1732536000000,0.2798,0.2843,0.2642,0.2803,76086.1
1732550400000,0.2803,0.2831,0.2714,0.2763,45692.9
1732564800000,0.2763,0.2819,0.2662,0.275,19146.4
1732579200000,0.275,0.2909,0.2708,0.2867,26255.0
1732593600000,0.2867,0.2884,0.2718,0.2736,22823.6
1732608000000,0.2736,0.2737,0.254,0.2611,51652.7
1732622400000,0.2611,0.2686,0.2566,0.2598,28006.0
1732636800000,0.2598,0.2672,0.2545,0.2592,20667.5
1732651200000,0.2592,0.2689,0.2578,0.2665,13680.5
1732665600000,0.2665,0.2785,0.2606,0.2724,26487.4
1732680000000,0.2724,0.2819,0.2692,0.2767,63781.4
1732694400000,0.2767,0.2808,0.2713,0.2761,15318.8
1732708800000,0.2761,0.3022,0.2722,0.2988,60074.8
1732723200000,0.2988,0.3069,0.2941,0.3,80835.2
1732737600000,0.3,0.3025,0.294,0.301,64037.6
1732752000000,0.301,0.3046,0.2901,0.2937,32707.8
1732766400000,0.2937,0.3027,0.2919,0.2964,20017.6
1732780800000,0.2964,0.3055,0.2932,0.3015,32128.0
1732795200000,0.3015,0.3048,0.2914,0.2924,31379.8
1732809600000,0.2924,0.3092,0.2923,0.3066,28554.6
1732824000000,0.3066,0.3088,0.299,0.306,18821.2
1732838400000,0.306,0.307,0.2975,0.3014,17566.0
1732852800000,0.3014,0.3072,0.2953,0.2966,14939.0
1732867200000,0.2966,0.3055,0.2964,0.3049,18284.1
1732881600000,0.3049,0.3063,0.2987,0.2995,26573.9
1732896000000,0.2995,0.3075,0.2987,0.3071,18564.4
1732910400000,0.3071,0.3141,0.3065,0.3081,22658.8
1732924800000,0.3081,0.3108,0.2999,0.3098,19823.3
1732939200000,0.3098,0.3177,0.3075,0.3147,27245.8
1732953600000,0.3147,0.3155,0.3026,0.312,23848.2
1732968000000,0.312,0.3298,0.3105,0.3258,41025.1
1732982400000,0.3258,0.3347,0.3183,0.3315,39182.2
1732996800000,0.3315,0.3361,0.3249,0.3259,20755.7
1733011200000,0.3259,0.328,0.3165,0.3231,27534.4
1733025600000,0.3231,0.3695,0.3229,0.3505,194618.1
1733040000000,0.3505,0.3539,0.3403,0.3516,45606.0
1733054400000,0.3516,0.3735,0.3452,0.3461,68863.7
1733068800000,0.3461,0.3477,0.3414,0.3453,28322.5
1733083200000,0.3453,0.3488,0.3383,0.3435,25480.6
1733097600000,0.3435,0.3456,0.324,0.3268,44832.6
1733112000000,0.3268,0.336,0.32,0.3307,40195.4
1733126400000,0.3307,0.3345,0.3102,0.3164,52543.8
1733140800000,0.3164,0.3349,0.3152,0.3325,32313.9
1733155200000,0.3325,0.3355,0.3167,0.3289,34665.2
1733169600000,0.3289,0.3447,0.3279,0.3443,26370.9
1733184000000,0.3443,0.3443,0.3323,0.3406,25181.5
1733198400000,0.3406,0.3572,0.3396,0.3495,41220.3
1733212800000,0.3495,0.3535,0.3405,0.3496,43261.6
1733227200000,0.3496,0.3502,0.3152,0.3343,76167.1
1733241600000,0.3343,0.3428,0.3264,0.3424,34885.2
1733256000000,0.3424,0.3756,0.3412,0.3628,48986.9
1733270400000,0.3628,0.3645,0.3468,0.363,45758.9
1733284800000,0.363,0.3723,0.3602,0.3666,33726.9
1733299200000,0.3666,0.3743,0.3645,0.3729,29081.0
1733313600000,0.3729,0.3886,0.3623,0.3851,78579.1
1733328000000,0.3851,0.3854,0.3592,0.3782,62421.1
1733342400000,0.3782,0.3832,0.3652,0.3729,30264.5
1733356800000,0.3729,0.3852,0.3495,0.3706,57047.7
1733371200000,0.3706,0.3876,0.3647,0.3851,42418.3
1733385600000,0.3851,0.3917,0.3752,0.3869,82389.9
1733400000000,0.3869,0.4025,0.3857,0.3899,101331.2
1733414400000,0.3899,0.3979,0.3808,0.3817,35382.0
1733428800000,0.3817,0.3895,0.3665,0.3834,39123.4
1733443200000,0.3834,0.4122,0.3781,0.3952,419998.3
1733457600000,0.3952,0.4153,0.3923,0.4146,41319.2
1733472000000,0.4146,0.4151,0.3889,0.3936,42326.0
1733486400000,0.3936,0.4037,0.38,0.3991,87699.8
1733500800000,0.3991,0.4057,0.3957,0.4009,22449.4
1733515200000,0.4009,0.4044,0.3953,0.4001,14692.9
1733529600000,0.4001,0.4023,0.3904,0.3953,17237.7
1733544000000,0.3953,0.4,0.3878,0.3914,14938.2
1733558400000,0.3914,0.3955,0.3871,0.39,19233.7
1733572800000,0.39,0.3969,0.3882,0.3929,18063.9
1733587200000,0.3929,0.3956,0.385,0.3888,20054.8
1733601600000,0.3888,0.3954,0.3887,0.3914,6157.7
1733616000000,0.3914,0.4011,0.3888,0.3892,13572.7
1733630400000,0.3892,0.3905,0.3758,0.3837,20078.0
1733644800000,0.3837,0.3848,0.3732,0.3816,17907.8
1733659200000,0.3816,0.386,0.3767,0.3818,13099.2
1733673600000,0.3818,0.385,0.3778,0.3834,7715.1
1733688000000,0.3834,0.3913,0.3817,0.3887,5778.3
1733702400000,0.3887,0.3889,0.3649,0.3693,26151.6
1733716800000,0.3693,0.3737,0.3605,0.3642,19952.6
1733731200000,0.3642,0.3644,0.3459,0.3472,30959.7
1733745600000,0.3472,0.3636,0.3427,0.3487,39100.5
1733760000000,0.3487,0.3568,0.3473,0.3487,24246.1
1733774400000,0.3487,0.3499,0.265,0.3168,175205.5
1733788800000,0.3168,0.3232,0.2901,0.3068,50234.8
1733803200000,0.3068,0.3186,0.2981,0.3156,35607.6
1733817600000,0.3156,0.3264,0.3107,0.3245,39713.7
1733832000000,0.3245,0.3264,0.2905,0.2906,58575.1
1733846400000,0.2906,0.3057,0.2852,0.305,60250.9
1733860800000,0.305,0.3174,0.3029,0.3124,18568.8
1733875200000,0.3124,0.3161,0.2987,0.3131,27280.8
1733889600000,0.3131,0.3152,0.3055,0.3058,12858.3
1733904000000,0.3058,0.3203,0.3058,0.3175,16615.5
1733918400000,0.3175,0.3446,0.3172,0.3392,53630.9
1733932800000,0.3392,0.3444,0.3332,0.3387,17389.5
1733947200000,0.3387,0.3486,0.338,0.343,12238.9
1733961600000,0.343,0.3577,0.3405,0.3506,27503.6
1733976000000,0.3506,0.3592,0.3495,0.3496,16498.5
1733990400000,0.3496,0.3544,0.3384,0.3407,19791.1
1734004800000,0.3407,0.3524,0.3398,0.3423,34150.0
1734019200000,0.3423,0.346,0.3285,0.3293,17454.8
1734033600000,0.3293,0.3372,0.3291,0.3335,13269.5
1734048000000,0.3335,0.3369,0.3253,0.336,15785.2
1734062400000,0.336,0.3369,0.3228,0.3278,10946.1
1734076800000,0.3278,0.3332,0.3242,0.3281,10187.2
1734091200000,0.3281,0.3308,0.3188,0.3194,21322.4
1734105600000,0.3194,0.3271,0.3188,0.3249,17859.5
1734120000000,0.3249,0.3296,0.322,0.3286,7036.2
1734134400000,0.3286,0.3366,0.3269,0.3303,9920.7
1734148800000,0.3303,0.3309,0.3261,0.3271,5749.6
1734163200000,0.3271,0.3307,0.3212,0.3217,7197.9
1734177600000,0.3217,0.3246,0.3094,0.3243,22503.4
1734192000000,0.3243,0.3309,0.3167,0.3217,34233.4
1734206400000,0.3217,0.3343,0.3184,0.3337,15320.9
1734220800000,0.3337,0.3437,0.3253,0.3262,30515.7
1734235200000,0.3262,0.333,0.3131,0.3158,16453.8
1734249600000,0.3158,0.3386,0.3157,0.3374,36321.1
1734264000000,0.3374,0.3551,0.3329,0.3438,55031.1
1734278400000,0.3438,0.3555,0.3421,0.3507,24823.8
1734292800000,0.3507,0.3573,0.3335,0.3547,27908.1
1734307200000,0.3547,0.3624,0.3413,0.3428,30783.5
1734321600000,0.3428,0.3444,0.3344,0.3368,16749.9
1734336000000,0.3368,0.3377,0.3245,0.3254,19221.7
1734350400000,0.3254,0.334,0.3229,0.3302,23394.9
1734364800000,0.3302,0.3439,0.3297,0.3357,21511.6
1734379200000,0.3357,0.3421,0.33,0.3305,36779.0
1734393600000,0.3305,0.3382,0.3242,0.3379,14634.7
1734408000000,0.3379,0.3387,0.3265,0.3278,11909.0
1734422400000,0.3278,0.336,0.324,0.3311,16016.1
1734436800000,0.3311,0.3353,0.3153,0.3186,30217.4
1734451200000,0.3186,0.3245,0.3145,0.3213,14441.9
1734465600000,0.3213,0.3241,0.3101,0.3149,10585.0
1734480000000,0.3149,0.3173,0.3086,0.3107,11637.7
1734494400000,0.3107,0.3111,0.3027,0.3071,16299.7
1734508800000,0.3071,0.3137,0.3034,0.3123,13617.1
1734523200000,0.3123,0.314,0.3041,0.3111,20010.7
1734537600000,0.3111,0.3192,0.3041,0.3041,26307.1
1734552000000,0.3041,0.3069,0.2823,0.2951,60424.6
1734566400000,0.2951,0.2969,0.2729,0.2949,45105.3
1734580800000,0.2949,0.2996,0.2907,0.2919,12341.8
1734595200000,0.2919,0.2995,0.2868,0.2935,11040.4
1734609600000,0.2935,0.2949,0.2762,0.2814,23483.5
1734624000000,0.2814,0.2852,0.2587,0.264,64270.2
1734638400000,0.264,0.2729,0.2553,0.267,30252.1
1734652800000,0.267,0.2855,0.2639,0.2806,38416.3
1734667200000,0.2806,0.2837,0.2654,0.2724,34003.5
1734681600000,0.2724,0.2726,0.2357,0.2368,117912.2
1734696000000,0.2368,0.2694,0.2364,0.2663,56637.0
1734710400000,0.2663,0.2801,0.2647,0.2778,27581.9
1734724800000,0.2778,0.2822,0.2699,0.2788,19700.2
1734739200000,0.2788,0.2897,0.2784,0.2851,20895.3
1734753600000,0.2851,0.2997,0.2849,0.296,20997.1
1734768000000,0.296,0.2971,0.284,0.2871,20892.2
1734782400000,0.2871,0.2875,0.2665,0.2712,38276.6
1734796800000,0.2712,0.2724,0.2581,0.2622,30791.0
1734811200000,0.2622,0.2662,0.2571,0.2623,19448.4
1734825600000,0.2623,0.2663,0.259,0.2631,18612.1
1734840000000,0.2631,0.2642,0.2552,0.262,15385.3
1734854400000,0.262,0.271,0.2618,0.2668,17939.4
1734868800000,0.2668,0.2693,0.2554,0.2591,24332.2
1734883200000,0.2591,0.2645,0.2528,0.2536,15000.9
1734897600000,0.2536,0.2634,0.2512,0.2594,15838.3
1734912000000,0.2594,0.2694,0.2517,0.2686,21483.8
1734926400000,0.2686,0.2712,0.2582,0.2615,16852.2
1734940800000,0.2615,0.2688,0.2605,0.2645,12309.1
1734955200000,0.2645,0.2673,0.2583,0.2595,21915.4
1734969600000,0.2595,0.2705,0.2585,0.2694,25309.7
1734984000000,0.2694,0.292,0.2691,0.2907,37656.5
1734998400000,0.2907,0.293,0.2784,0.2825,22469.9
1735012800000,0.2825,0.2868,0.2803,0.2865,11010.1
1735027200000,0.2865,0.2886,0.2821,0.287,12449.5
1735041600000,0.287,0.2991,0.2848,0.2964,25793.7
1735056000000,0.2964,0.2988,0.2916,0.2918,16066.9
1735070400000,0.2918,0.2964,0.2881,0.2954,10638.6
1735084800000,0.2954,0.299,0.2917,0.2969,14175.1
1735099200000,0.2969,0.3042,0.2921,0.2932,19667.8
1735113600000,0.2932,0.3018,0.2924,0.297,16983.2
1735128000000,0.297,0.3032,0.2923,0.2931,23202.2
1735142400000,0.2931,0.2953,0.2885,0.2946,13423.0
1735156800000,0.2946,0.2957,0.2868,0.292,8438.0
1735171200000,0.292,0.2974,0.282,0.2826,16087.4
1735185600000,0.2826,0.2826,0.2765,0.2774,12168.7
1735200000000,0.2774,0.2779,0.2689,0.2727,17414.9
1735214400000,0.2727,0.2736,0.2681,0.2694,18295.7
1735228800000,0.2694,0.2728,0.2664,0.2704,14921.9
1735243200000,0.2704,0.2735,0.2663,0.2721,7893.7
1735257600000,0.2721,0.2971,0.2708,0.284,58849.7
1735272000000,0.284,0.296,0.2792,0.2866,33618.9
1735286400000,0.2866,0.3185,0.2866,0.3067,105439.7
1735300800000,0.3067,0.3234,0.2993,0.2995,68243.2
1735315200000,0.2995,0.3116,0.2949,0.305,41185.2
1735329600000,0.305,0.3083,0.2985,0.3043,18993.3
1735344000000,0.3043,0.3052,0.2894,0.2934,34361.4
1735358400000,0.2934,0.2934,0.2858,0.2861,11534.2
1735372800000,0.2861,0.2903,0.2846,0.2883,11482.5
1735387200000,0.2883,0.3037,0.287,0.2974,30690.8
1735401600000,0.2974,0.3076,0.295,0.298,14845.6
1735416000000,0.298,0.3024,0.2961,0.2992,8709.6
1735430400000,0.2992,0.3158,0.2981,0.3006,39772.8
1735444800000,0.3006,0.302,0.2919,0.2969,8828.2
1735459200000,0.2969,0.2977,0.2913,0.2913,10449.1
1735473600000,0.2913,0.2946,0.2881,0.2921,15000.7
1735488000000,0.2921,0.2983,0.2873,0.289,16717.8
1735502400000,0.289,0.2939,0.2827,0.2936,9263.5
1735516800000,0.2936,0.3008,0.2898,0.2952,23567.6
1735531200000,0.2952,0.3034,0.29,0.2993,22510.3
1735545600000,0.2993,0.3035,0.2922,0.2991,15585.4
1735560000000,0.2991,0.3104,0.2908,0.2934,60999.3
1735574400000,0.2934,0.3096,0.292,0.3029,28713.7
1735588800000,0.3029,0.3071,0.2894,0.2937,20008.1
1735603200000,0.2937,0.2939,0.2821,0.2832,21196.9
1735617600000,0.2832,0.2844,0.2766,0.2843,19683.7
1735632000000,0.2843,0.3003,0.2837,0.2895,21163.3
1735646400000,0.2895,0.3029,0.2863,0.2971,26295.7
1735660800000,0.2971,0.2993,0.2867,0.2898,16965.7
1735675200000,0.2898,0.2908,0.283,0.286,6199.6
1735689600000,0.286,0.2903,0.2818,0.2824,55267.3
1735704000000,0.2824,0.2852,0.2804,0.2807,5015.9
1735718400000,0.2807,0.2847,0.2749,0.2818,12359.6
1735732800000,0.2818,0.287,0.2804,0.2865,9932.0
1735747200000,0.2865,0.2932,0.2831,0.2896,14626.9
1735761600000,0.2896,0.2938,0.2889,0.2903,6591.7
1735776000000,0.2903,0.2954,0.2891,0.2924,11328.2
1735790400000,0.2924,0.3083,0.2916,0.3026,31571.7
1735804800000,0.3026,0.3061,0.2989,0.3049,18337.4
1735819200000,0.3049,0.3166,0.3049,0.311,43393.4
1735833600000,0.311,0.3125,0.3038,0.3053,14249.4
1735848000000,0.3053,0.3074,0.3002,0.3054,6053.0
1735862400000,0.3054,0.3067,0.2997,0.3047,11113.0
1735876800000,0.3047,0.3047,0.2976,0.2989,9391.8
1735891200000,0.2989,0.3151,0.2989,0.314,21346.4
1735905600000,0.314,0.3226,0.3115,0.3205,24658.6
1735920000000,0.3205,0.3223,0.3175,0.3179,63541.7
1735934400000,0.3179,0.3188,0.3151,0.3183,8742.7
1735948800000,0.3183,0.3199,0.312,0.3158,9605.3
1735963200000,0.3158,0.3183,0.3113,0.3169,10163.4
1735977600000,0.3169,0.3178,0.311,0.3127,11853.4
1735992000000,0.3127,0.3188,0.3082,0.3094,20364.3
1736006400000,0.3094,0.315,0.3072,0.3131,8350.4
1736020800000,0.3131,0.3153,0.3111,0.3118,5643.1
1736035200000,0.3118,0.3119,0.3071,0.309,7751.3
1736049600000,0.309,0.3112,0.3072,0.3088,7516.7
1736064000000,0.3088,0.3108,0.3054,0.3073,12614.2
1736078400000,0.3073,0.3103,0.3028,0.3089,13503.3
1736092800000,0.3089,0.311,0.3054,0.3094,8416.7
1736107200000,0.3094,0.313,0.3077,0.3094,9228.2
1736121600000,0.3094,0.3129,0.3026,0.31,11979.8
1736136000000,0.31,0.3119,0.3036,0.3065,10605.4
1736150400000,0.3065,0.3086,0.3023,0.3079,8313.7
1736164800000,0.3079,0.3148,0.3038,0.3148,19637.7
1736179200000,0.3148,0.3173,0.3062,0.3088,18724.3
1736193600000,0.3088,0.3096,0.3031,0.3058,10699.9
1736208000000,0.3058,0.3058,0.3,0.301,10799.7
1736222400000,0.301,0.3047,0.2993,0.3002,9438.6
1736236800000,0.3002,0.3026,0.2953,0.2977,12320.4
1736251200000,0.2977,0.2995,0.2792,0.2834,44052.9
1736265600000,0.2834,0.2859,0.2725,0.2738,33458.4
1736280000000,0.2738,0.2758,0.2696,0.2704,16639.7
1736294400000,0.2704,0.2734,0.2635,0.2654,17108.2
1736308800000,0.2654,0.2667,0.2539,0.2602,20831.8
1736323200000,0.2602,0.2645,0.2574,0.2602,13153.6
1736337600000,0.2602,0.2644,0.258,0.2609,17944.3
1736352000000,0.2609,0.2615,0.2439,0.2563,27803.7
1736366400000,0.2563,0.2628,0.2542,0.2615,18272.2
1736380800000,0.2615,0.2652,0.259,0.2609,8161.2
1736395200000,0.2609,0.2625,0.2538,0.2543,7497.0
1736409600000,0.2543,0.2633,0.2536,0.261,13186.3
1736424000000,0.261,0.2646,0.2498,0.2628,79241.8
1736438400000,0.2628,0.2638,0.2482,0.2489,17215.0
1736452800000,0.2489,0.2542,0.2453,0.2522,10087.2
1736467200000,0.2522,0.2551,0.2505,0.2537,9394.2
1736481600000,0.2537,0.262,0.2522,0.2603,9471.1
1736496000000,0.2603,0.2624,0.2575,0.2596,12103.2
1736510400000,0.2596,0.2599,0.2457,0.2512,94417.1
1736524800000,0.2512,0.2581,0.2473,0.2561,9942.1
1736539200000,0.2561,0.2561,0.2519,0.2548,4077.1
1736553600000,0.2548,0.2569,0.251,0.2515,3863.2
1736568000000,0.2515,0.2537,0.2503,0.2515,3508.2
1736582400000,0.2515,0.2549,0.2507,0.254,6382.9
1736596800000,0.254,0.2541,0.2496,0.251,6899.2
1736611200000,0.251,0.2533,0.2501,0.2517,6054.3
1736625600000,0.2517,0.2605,0.2511,0.2551,6819.8
1736640000000,0.2551,0.2563,0.2537,0.2556,3722.3
1736654400000,0.2556,0.2565,0.2517,0.2541,4718.2
1736668800000,0.2541,0.2544,0.2498,0.2537,6486.0
1736683200000,0.2537,0.2559,0.2516,0.2549,6601.6
1736697600000,0.2549,0.2558,0.2513,0.2517,3460.3
1736712000000,0.2517,0.253,0.2458,0.2499,4898.9
1736726400000,0.2499,0.2565,0.2403,0.242,12083.9
1736740800000,0.242,0.246,0.235,0.2385,13729.7
1736755200000,0.2385,0.2394,0.2205,0.2208,35246.0
1736769600000,0.2208,0.2375,0.2187,0.2337,97079.2
1736784000000,0.2337,0.235,0.2242,0.2284,14331.8
1736798400000,0.2284,0.2403,0.2268,0.2393,9603.3
1736812800000,0.2393,0.2421,0.2376,0.2397,7185.4
1736827200000,0.2397,0.244,0.2395,0.2414,5609.8
1736841600000,0.2414,0.2483,0.2411,0.2424,11724.1
1736856000000,0.2424,0.2466,0.2395,0.2426,13596.3
1736870400000,0.2426,0.2457,0.2402,0.2441,3927.4
1736884800000,0.2441,0.2489,0.2423,0.2462,3665.0
1736899200000,0.2462,0.2485,0.2432,0.2464,7477.9
1736913600000,0.2464,0.2477,0.2425,0.2448,6536.7
1736928000000,0.2448,0.2466,0.2381,0.2406,9639.4
1736942400000,0.2406,0.2584,0.239,0.2568,38341.9
1736956800000,0.2568,0.2624,0.2548,0.2617,10028.7
1736971200000,0.2617,0.2643,0.2597,0.2636,4939.8
1736985600000,0.2636,0.265,0.2553,0.2572,6122.0
1737000000000,0.2572,0.2602,0.2559,0.259,3196.4
1737014400000,0.259,0.259,0.252,0.258,6568.2
1737028800000,0.258,0.2658,0.2516,0.2579,19198.1
1737043200000,0.2579,0.2638,0.2572,0.2616,13974.0
1737057600000,0.2616,0.2621,0.2553,0.2569,5984.6
1737072000000,0.2569,0.2676,0.2569,0.2633,8943.8
1737086400000,0.2633,0.2665,0.2621,0.2649,5241.0
1737100800000,0.2649,0.2709,0.2649,0.2691,9722.2
1737115200000,0.2691,0.2701,0.2637,0.2655,10546.5
1737129600000,0.2655,0.269,0.2625,0.2648,7395.5
1737144000000,0.2648,0.2719,0.2648,0.2691,5549.8
1737158400000,0.2691,0.2736,0.2602,0.2608,10418.7
1737172800000,0.2608,0.2629,0.2504,0.2511,79837.0
1737187200000,0.2511,0.261,0.2471,0.257,18801.8
1737201600000,0.257,0.2574,0.2495,0.2531,11767.8
1737216000000,0.2531,0.2574,0.2476,0.2512,11593.8
1737230400000,0.2512,0.2564,0.2471,0.2549,5495.9
1737244800000,0.2549,0.2617,0.2536,0.2546,7233.6
1737259200000,0.2546,0.2555,0.2462,0.2469,10218.6
1737273600000,0.2469,0.2469,0.2302,0.2319,30722.4
1737288000000,0.2319,0.2529,0.2316,0.2502,22169.7
1737302400000,0.2502,0.256,0.2477,0.2559,11329.4
1737316800000,0.2559,0.2576,0.226,0.2305,50973.7
1737331200000,0.2305,0.2305,0.219,0.2264,40042.5
1737345600000,0.2264,0.2494,0.2236,0.2436,41091.0
1737360000000,0.2436,0.2486,0.2413,0.245,15742.1
1737374400000,0.245,0.2452,0.2347,0.2362,13230.5
1737388800000,0.2362,0.2409,0.2242,0.2355,35174.1
1737403200000,0.2355,0.2378,0.2289,0.233,6064.3
1737417600000,0.233,0.2334,0.2237,0.2261,15644.3
1737432000000,0.2261,0.227,0.2206,0.225,8405.9
1737446400000,0.225,0.2319,0.222,0.2313,84567.0
1737460800000,0.2313,0.2337,0.227,0.2304,11725.9
1737475200000,0.2304,0.2442,0.2297,0.2404,11257.8
1737489600000,0.2404,0.242,0.2364,0.2383,78408.3
1737504000000,0.2383,0.2402,0.2342,0.2374,7553.8
1737518400000,0.2374,0.2384,0.2336,0.2351,5309.2
1737532800000,0.2351,0.2373,0.2313,0.2365,6513.8
1737547200000,0.2365,0.2374,0.2318,0.2354,5280.0
1737561600000,0.2354,0.2383,0.2317,0.2339,6845.6
1737576000000,0.2339,0.2364,0.2292,0.2305,4505.0
1737590400000,0.2305,0.2307,0.2239,0.2252,6657.8
1737604800000,0.2252,0.227,0.2227,0.2268,10832.7
1737619200000,0.2268,0.227,0.2221,0.2233,5271.5
1737633600000,0.2233,0.2308,0.2207,0.2277,86663.3
1737648000000,0.2277,0.2327,0.2201,0.2211,7940.5
1737662400000,0.2211,0.2294,0.2195,0.2274,11094.0
1737676800000,0.2274,0.2286,0.2193,0.2237,6472.2
1737691200000,0.2237,0.2334,0.2221,0.2294,14624.5
1737705600000,0.2294,0.2346,0.2288,0.2334,6254.4
1737720000000,0.2334,0.2364,0.2301,0.2316,84144.8
1737734400000,0.2316,0.2343,0.23,0.231,5458.5
1737748800000,0.231,0.2319,0.2232,0.2244,5215.6
1737763200000,0.2244,0.2277,0.2203,0.2273,7616.6
1737777600000,0.2273,0.2309,0.2225,0.2236,15272.5
1737792000000,0.2236,0.2273,0.2213,0.2263,5751.2
1737806400000,0.2263,0.2301,0.224,0.2285,6311.8
1737820800000,0.2285,0.2349,0.2259,0.2271,17007.6
1737835200000,0.2271,0.2294,0.2253,0.2257,2422.1
1737849600000,0.2257,0.2282,0.2245,0.227,2828.9
1737864000000,0.227,0.2297,0.2264,0.2275,5155.5
1737878400000,0.2275,0.2291,0.2236,0.2263,4457.1
1737892800000,0.2263,0.2324,0.2251,0.2323,6338.1
1737907200000,0.2323,0.234,0.2292,0.232,4417.9
1737921600000,0.232,0.2321,0.2199,0.2203,10148.7
1737936000000,0.2203,0.2206,0.2094,0.2156,20333.5
1737950400000,0.2156,0.2157,0.1999,0.2056,43417.7
1737964800000,0.2056,0.2059,0.1993,0.203,99096.2
1737979200000,0.203,0.2159,0.2016,0.2109,18148.2
1737993600000,0.2109,0.2126,0.2049,0.2068,9174.8
1738008000000,0.2068,0.2195,0.2068,0.2155,18076.9
1738022400000,0.2155,0.2185,0.2125,0.2164,5156.4
1738036800000,0.2164,0.219,0.2145,0.2151,3767.2
1738051200000,0.2151,0.2162,0.2131,0.2154,91986.8
1738065600000,0.2154,0.2194,0.2101,0.2111,26777.7
1738080000000,0.2111,0.2118,0.2062,0.2077,9685.5
1738094400000,0.2077,0.2088,0.1976,0.2011,11311.7
1738108800000,0.2011,0.2086,0.2,0.207,6996.3
1738123200000,0.207,0.2251,0.2062,0.2233,45312.0
1738137600000,0.2233,0.2305,0.2137,0.2141,49855.2
1738152000000,0.2141,0.2162,0.2066,0.2093,17071.1
1738166400000,0.2093,0.2204,0.2082,0.2176,116343.4
1738180800000,0.2176,0.2265,0.2147,0.2153,26251.4
1738195200000,0.2153,0.222,0.2119,0.2215,9637.1
1738209600000,0.2215,0.2224,0.2189,0.2218,7603.0
1738224000000,0.2218,0.2305,0.2216,0.2287,19419.7
1738238400000,0.2287,0.2425,0.2251,0.2399,122856.5
1738252800000,0.2399,0.2457,0.2364,0.2428,28999.3
1738267200000,0.2428,0.249,0.2391,0.2425,18843.9
1738281600000,0.2425,0.2504,0.2413,0.2429,26103.1
1738296000000,0.2429,0.2607,0.2393,0.2559,119942.8
1738310400000,0.2559,0.2585,0.2475,0.2538,21301.0
1738324800000,0.2538,0.2566,0.2478,0.2524,13762.7
1738339200000,0.2524,0.2598,0.2447,0.2551,26579.6
1738353600000,0.2551,0.2551,0.2439,0.251,18720.5
1738368000000,0.251,0.2512,0.2459,0.2477,8164.7
1738382400000,0.2477,0.2564,0.2473,0.2541,12121.2
1738396800000,0.2541,0.2582,0.2451,0.2491,95391.4
1738411200000,0.2491,0.2524,0.2398,0.2431,12331.6
1738425600000,0.2431,0.2459,0.2312,0.2319,100910.7
1738440000000,0.2319,0.2386,0.2305,0.2328,16596.5
1738454400000,0.2328,0.2463,0.2325,0.2367,22775.4
1738468800000,0.2367,0.2558,0.2363,0.247,41138.6
1738483200000,0.247,0.2497,0.2372,0.2382,23381.6
1738497600000,0.2382,0.2421,0.2311,0.238,23442.8
1738512000000,0.238,0.2381,0.2038,0.2148,61740.1
1738526400000,0.2148,0.2228,0.1978,0.2082,31298.2
1738540800000,0.2082,0.2082,0.1462,0.1676,180365.2
1738555200000,0.1676,0.1824,0.1607,0.1815,48234.0
1738569600000,0.1815,0.1815,0.1727,0.1752,30991.7
1738584000000,0.1752,0.1898,0.1652,0.1871,59692.9
1738598400000,0.1871,0.1976,0.1834,0.1973,27052.5
1738612800000,0.1973,0.2067,0.1921,0.2016,19169.4
1738627200000,0.2016,0.2044,0.1864,0.1898,19357.7
1738641600000,0.1898,0.1919,0.1737,0.1744,27429.3
1738656000000,0.1744,0.185,0.1733,0.1814,20472.7
1738670400000,0.1814,0.1895,0.1814,0.1848,18823.1
1738684800000,0.1848,0.1891,0.1808,0.1808,24063.4
1738699200000,0.1808,0.1834,0.175,0.1808,29063.4
1738713600000,0.1808,0.1816,0.1765,0.1784,19922.4
1738728000000,0.1784,0.181,0.1757,0.1786,9010.7
1738742400000,0.1786,0.1819,0.1758,0.1801,17461.2
1738756800000,0.1801,0.183,0.1768,0.179,16550.9
1738771200000,0.179,0.1799,0.1696,0.172,20754.4
1738785600000,0.172,0.1727,0.1651,0.1681,12626.3
1738800000000,0.1681,0.1709,0.1665,0.1683,11545.8
1738814400000,0.1683,0.1736,0.1676,0.1692,11380.3
1738828800000,0.1692,0.1726,0.1657,0.1674,12001.8
1738843200000,0.1674,0.1675,0.1582,0.1599,24732.3
1738857600000,0.1599,0.1645,0.1582,0.1595,26893.0
1738872000000,0.1595,0.1628,0.1587,0.1601,6540.1
1738886400000,0.1601,0.1653,0.1593,0.1628,9475.3
1738900800000,0.1628,0.1637,0.1584,0.1616,7036.3
1738915200000,0.1616,0.1684,0.1605,0.1683,9134.4
1738929600000,0.1683,0.186,0.1674,0.1724,40358.5
1738944000000,0.1724,0.1728,0.1669,0.1677,11400.9
1738958400000,0.1677,0.1679,0.1587,0.1648,10398.6
1738972800000,0.1648,0.1679,0.1636,0.1652,5890.0
1738987200000,0.1652,0.167,0.1628,0.1658,5907.4
1739001600000,0.1658,0.1661,0.1626,0.1643,5818.3
1739016000000,0.1643,0.1683,0.1631,0.1658,153730.4
1739030400000,0.1658,0.1721,0.1646,0.1706,10050.8
1739044800000,0.1706,0.1754,0.1699,0.1743,4583.7
1739059200000,0.1743,0.1789,0.1721,0.1784,8406.8
1739073600000,0.1784,0.1788,0.1739,0.174,5951.3
1739088000000,0.174,0.1763,0.173,0.1735,5407.1
1739102400000,0.1735,0.1754,0.1696,0.1743,7687.7
1739116800000,0.1743,0.1751,0.1685,0.1689,4959.9
1739131200000,0.1689,0.1729,0.1629,0.1718,11195.8
1739145600000,0.1718,0.175,0.166,0.1709,7317.0
1739160000000,0.1709,0.1757,0.1699,0.1733,5589.0
1739174400000,0.1733,0.1765,0.1728,0.1747,8300.4
1739188800000,0.1747,0.1785,0.1727,0.1746,11057.9
1739203200000,0.1746,0.1782,0.1743,0.177,4658.9
1739217600000,0.177,0.1788,0.1751,0.1759,4442.2
1739232000000,0.1759,0.1806,0.1757,0.1777,5376.4
1739246400000,0.1777,0.1861,0.1772,0.1836,21664.5
1739260800000,0.1836,0.1869,0.1801,0.1818,9629.2
1739275200000,0.1818,0.1822,0.1754,0.1775,11276.4
1739289600000,0.1775,0.1784,0.1705,0.1714,8582.9
1739304000000,0.1714,0.1755,0.171,0.1745,4597.7
1739318400000,0.1745,0.1779,0.172,0.1741,6309.6
1739332800000,0.1741,0.1749,0.1717,0.1734,5579.1
1739347200000,0.1734,0.1758,0.1713,0.175,30437.4
1739361600000,0.175,0.1769,0.1664,0.1735,15493.0
1739376000000,0.1735,0.1814,0.1723,0.1805,9095.4
1739390400000,0.1805,0.1866,0.1795,0.1849,8380.6
1739404800000,0.1849,0.1898,0.1841,0.1873,6804.1
1739419200000,0.1873,0.1874,0.179,0.1793,7402.5
1739433600000,0.1793,0.1805,0.1769,0.1784,6566.9
1739448000000,0.1784,0.1805,0.1754,0.1784,11987.8
1739462400000,0.1784,0.1809,0.1747,0.1782,7155.9
1739476800000,0.1782,0.1811,0.1779,0.1798,3139.1
1739491200000,0.1798,0.1839,0.1779,0.1835,3184.0
1739505600000,0.1835,0.1838,0.1796,0.1818,6640.2
1739520000000,0.1818,0.186,0.181,0.1824,9961.2
1739534400000,0.1824,0.186,0.18,0.1847,48931.8
1739548800000,0.1847,0.1894,0.1826,0.1871,13169.9
1739563200000,0.1871,0.1875,0.1809,0.1843,8817.5
1739577600000,0.1843,0.1865,0.1814,0.186,9301.5
1739592000000,0.186,0.1871,0.1819,0.1832,7966.7
1739606400000,0.1832,0.1845,0.1794,0.1804,36444.4
1739620800000,0.1804,0.182,0.1773,0.1788,4451.8
1739635200000,0.1788,0.1804,0.1769,0.1772,2696.1
1739649600000,0.1772,0.179,0.1755,0.1782,2594.8
1739664000000,0.1782,0.1794,0.1748,0.1767,4446.5
1739678400000,0.1767,0.179,0.1759,0.1767,2571.5
1739692800000,0.1767,0.1815,0.1757,0.1813,4531.8
1739707200000,0.1813,0.1814,0.1754,0.1786,4692.9
1739721600000,0.1786,0.1805,0.1759,0.1772,3551.6
1739736000000,0.1772,0.178,0.1741,0.1771,4559.7
1739750400000,0.1771,0.1818,0.1768,0.1806,3524.6
1739764800000,0.1806,0.1811,0.1727,0.1747,7226.9
1739779200000,0.1747,0.1814,0.1731,0.1804,129202.9
1739793600000,0.1804,0.1848,0.177,0.1775,31121.8
1739808000000,0.1775,0.179,0.171,0.1735,34217.1
1739822400000,0.1735,0.1783,0.1733,0.1755,15455.5
1739836800000,0.1755,0.1764,0.1711,0.1725,26753.8
1739851200000,0.1725,0.1733,0.1639,0.166,34257.2
1739865600000,0.166,0.1692,0.1643,0.1673,27502.0
1739880000000,0.1673,0.1714,0.1623,0.1637,26721.3
1739894400000,0.1637,0.1649,0.1586,0.1627,37027.0
1739908800000,0.1627,0.1663,0.1607,0.1654,27321.5
1739923200000,0.1654,0.1665,0.1624,0.1635,15757.9
1739937600000,0.1635,0.1681,0.1597,0.1668,30426.1
1739952000000,0.1668,0.1699,0.1659,0.1695,21549.3
1739966400000,0.1695,0.1696,0.1635,0.1645,19233.8
1739980800000,0.1645,0.1683,0.1631,0.1646,26428.8
1739995200000,0.1646,0.1658,0.1606,0.1635,20663.0
1740009600000,0.1635,0.1675,0.1616,0.1664,22081.7
1740024000000,0.1664,0.1696,0.1647,0.1656,16640.4
1740038400000,0.1656,0.1695,0.1645,0.1686,9390.5
1740052800000,0.1686,0.1705,0.1659,0.1661,25174.5
1740067200000,0.1661,0.1719,0.1659,0.1713,20534.4
1740081600000,0.1713,0.1732,0.1705,0.1719,10792.7
1740096000000,0.1719,0.173,0.1687,0.1693,18373.2
1740110400000,0.1693,0.1742,0.1693,0.173,19689.1
1740124800000,0.173,0.1792,0.1728,0.1766,142231.0
1740139200000,0.1766,0.18,0.167,0.1704,22196.6
1740153600000,0.1704,0.174,0.1604,0.1617,19794.3
1740168000000,0.1617,0.1642,0.16,0.162,11190.2
1740182400000,0.162,0.164,0.1606,0.1622,10594.2
1740196800000,0.1622,0.1645,0.1615,0.1617,8575.2
1740211200000,0.1617,0.1669,0.1617,0.1657,9808.2
1740225600000,0.1657,0.1665,0.1634,0.1662,6241.8
1740240000000,0.1662,0.1686,0.1655,0.1668,7984.5
1740254400000,0.1668,0.167,0.1656,0.166,3510.9
1740268800000,0.166,0.1686,0.1657,0.1661,5518.1
1740283200000,0.1661,0.1685,0.164,0.1675,4685.5
1740297600000,0.1675,0.1676,0.1646,0.1656,9225.1
1740312000000,0.1656,0.166,0.1607,0.1611,7608.5
1740326400000,0.1611,0.1639,0.1603,0.1623,6615.7
1740340800000,0.1623,0.1643,0.1606,0.1629,4397.6
1740355200000,0.1629,0.1639,0.153,0.1533,11444.1
1740369600000,0.1533,0.155,0.1498,0.1539,33564.0
1740384000000,0.1539,0.1539,0.1489,0.1519,13147.4
1740398400000,0.1519,0.1519,0.1451,0.1473,15525.2
1740412800000,0.1473,0.1486,0.1417,0.1434,15535.4
1740427200000,0.1434,0.1463,0.1301,0.1356,37042.0
1740441600000,0.1356,0.1368,0.1302,0.1334,28590.0
1740456000000,0.1334,0.136,0.1246,0.129,35276.3
1740470400000,0.129,0.1371,0.128,0.1367,24036.4
1740484800000,0.1367,0.1391,0.1335,0.1375,19210.1
1740499200000,0.1375,0.141,0.136,0.1397,16667.5
1740513600000,0.1397,0.1427,0.1387,0.1388,10863.5
1740528000000,0.1388,0.1411,0.1369,0.14,9821.6
1740542400000,0.14,0.1415,0.1382,0.1397,9268.0
1740556800000,0.1397,0.1404,0.1377,0.1379,6810.1
1740571200000,0.1379,0.1407,0.1331,0.138,20690.5
1740585600000,0.138,0.1388,0.1313,0.1331,31354.3
1740600000000,0.1331,0.1423,0.1319,0.1384,15788.2
1740614400000,0.1384,0.1452,0.1368,0.1444,17279.4
1740628800000,0.1444,0.1459,0.1433,0.1435,8415.4
1740643200000,0.1435,0.1448,0.1422,0.144,6018.3
1740657600000,0.144,0.1447,0.1392,0.1412,10957.5
1740672000000,0.1412,0.1418,0.1379,0.1384,12274.5
1740686400000,0.1384,0.1412,0.1357,0.1408,9375.5
1740700800000,0.1408,0.1448,0.1336,0.1338,37254.0
1740715200000,0.1338,0.1359,0.1305,0.1329,23887.7
1740729600000,0.1329,0.1371,0.1304,0.1356,15066.0
1740744000000,0.1356,0.1422,0.1346,0.1412,24305.9
1740758400000,0.1412,0.143,0.14,0.1412,10501.3
1740772800000,0.1412,0.1421,0.1396,0.1405,7045.7
1740787200000,0.1405,0.1429,0.139,0.1403,9587.2
1740801600000,0.1403,0.1418,0.1375,0.1386,5501.4
1740816000000,0.1386,0.1403,0.1345,0.1346,8325.1
1740830400000,0.1346,0.1359,0.1329,0.1349,7499.3
1740844800000,0.1349,0.1363,0.1343,0.1353,6393.0
1740859200000,0.1353,0.1368,0.134,0.1354,4802.0
1740873600000,0.1354,0.1355,0.1334,0.1338,5102.4
1740888000000,0.1338,0.1351,0.1326,0.1335,4282.2
1740902400000,0.1335,0.1366,0.1333,0.1361,6769.5
1740916800000,0.1361,0.1413,0.1324,0.1378,25173.6
1740931200000,0.1378,0.1479,0.1378,0.1464,36975.8
1740945600000,0.1464,0.1474,0.145,0.1458,11221.1
1740960000000,0.1458,0.1463,0.1384,0.1401,10799.7
1740974400000,0.1401,0.142,0.1353,0.1379,10730.8
1740988800000,0.1379,0.1382,0.1337,0.1351,14105.6
1741003200000,0.1351,0.1364,0.1292,0.1297,27687.9
1741017600000,0.1297,0.13,0.1168,0.1171,47580.1
1741032000000,0.1171,0.1186,0.1124,0.1168,36994.8
1741046400000,0.1168,0.1176,0.1062,0.1106,40533.1
1741060800000,0.1106,0.1135,0.1085,0.1087,16335.3
1741075200000,0.1087,0.111,0.1071,0.1103,19362.5
1741089600000,0.1103,0.1125,0.1048,0.1081,44714.5
1741104000000,0.1081,0.1106,0.1004,0.1093,41683.1
1741118400000,0.1093,0.1123,0.1077,0.1104,11879.2
1741132800000,0.1104,0.1111,0.1072,0.1073,10019.1
1741147200000,0.1073,0.1093,0.1068,0.1089,8923.0
1741161600000,0.1089,0.1129,0.1086,0.1095,16467.1
1741176000000,0.1095,0.1109,0.108,0.1089,20074.7
1741190400000,0.1089,0.1116,0.1071,0.1108,16674.8
1741204800000,0.1108,0.1119,0.1104,0.1108,7867.8
1741219200000,0.1108,0.1117,0.1088,0.1109,11649.1
1741233600000,0.1109,0.1129,0.1096,0.1101,10698.7
1741248000000,0.1101,0.1114,0.1094,0.1108,10115.3
1741262400000,0.1108,0.111,0.1068,0.1093,14056.4
1741276800000,0.1093,0.1101,0.1031,0.1036,16370.3
1741291200000,0.1036,0.1073,0.1034,0.1054,21574.7
1741305600000,0.1054,0.1068,0.0988,0.1032,29917.2
1741320000000,0.1032,0.1038,0.1021,0.1034,8081.4
1741334400000,0.1034,0.105,0.1017,0.1046,9219.6
1741348800000,0.1046,0.1067,0.1029,0.1055,18146.4
1741363200000,0.1055,0.1066,0.102,0.1043,58018.2
1741377600000,0.1043,0.1047,0.0995,0.0999,16952.3
1741392000000,0.0999,0.1004,0.0974,0.0997,52607.3
1741406400000,0.0997,0.1013,0.099,0.1003,8309.1
1741420800000,0.1003,0.102,0.0988,0.0996,12750.1
1741435200000,0.0996,0.1013,0.0987,0.0996,43522.3
1741449600000,0.0996,0.101,0.0977,0.1006,7893.5
1741464000000,0.1006,0.1012,0.0983,0.0999,6014.9
1741478400000,0.0999,0.1003,0.0983,0.0996,6820.8
1741492800000,0.0996,0.1006,0.0988,0.1002,5833.3
1741507200000,0.1002,0.101,0.0964,0.097,14374.5
1741521600000,0.097,0.0978,0.0928,0.0937,24395.8
1741536000000,0.0937,0.0944,0.0864,0.0888,48092.7
1741550400000,0.0888,0.0899,0.0855,0.0876,31181.7
1741564800000,0.0876,0.0911,0.0867,0.0894,20634.1
1741579200000,0.0894,0.0959,0.0894,0.0944,27318.5
1741593600000,0.0944,0.0977,0.0921,0.0961,31368.1
1741608000000,0.0961,0.1016,0.0884,0.0908,68624.2
1741622400000,0.0908,0.0915,0.0825,0.0864,46777.6
1741636800000,0.0864,0.0869,0.0837,0.0839,21800.8
1741651200000,0.0839,0.0849,0.0761,0.0817,51307.0
1741665600000,0.0817,0.0856,0.0814,0.084,21720.0
1741680000000,0.084,0.0868,0.0835,0.0861,22105.3
1741694400000,0.0861,0.0877,0.0826,0.0873,47048.1
1741708800000,0.0873,0.0908,0.086,0.0893,24846.1
1741723200000,0.0893,0.0894,0.0864,0.0867,11230.1
1741737600000,0.0867,0.0883,0.0833,0.0834,14786.1
1741752000000,0.0834,0.0859,0.0822,0.0856,15258.8
1741766400000,0.0856,0.0883,0.0849,0.0875,22736.0
1741780800000,0.0875,0.0907,0.0858,0.0877,26920.1
1741795200000,0.0877,0.0905,0.0875,0.0893,21599.6
1741809600000,0.0893,0.0906,0.0887,0.0901,12901.7
1741824000000,0.0901,0.0903,0.0883,0.0889,9433.6
1741838400000,0.0889,0.0891,0.0862,0.0875,13058.3
1741852800000,0.0875,0.0902,0.0868,0.0893,14689.9
1741867200000,0.0893,0.0906,0.0859,0.0868,14994.1
1741881600000,0.0868,0.0869,0.0827,0.0837,15426.7
1741896000000,0.0837,0.0854,0.0821,0.0843,9628.4
1741910400000,0.0843,0.0858,0.0839,0.0851,9860.3
1741924800000,0.0851,0.0888,0.085,0.0882,8514.8
1741939200000,0.0882,0.09,0.088,0.0888,12990.0
1741953600000,0.0888,0.0898,0.0871,0.0885,19519.8
1741968000000,0.0885,0.0895,0.0878,0.0884,12139.1
1741982400000,0.0884,0.0894,0.0873,0.0875,11609.4
1741996800000,0.0875,0.089,0.0866,0.089,12532.8
1742011200000,0.089,0.0905,0.0882,0.0901,22730.6
1742025600000,0.0901,0.0903,0.089,0.09,10651.8
1742040000000,0.09,0.0928,0.0897,0.0927,13760.7
1742054400000,0.0927,0.0928,0.0902,0.0908,19472.9
1742068800000,0.0908,0.092,0.0907,0.0915,8998.7
1742083200000,0.0915,0.0915,0.089,0.0905,9667.6
1742097600000,0.0905,0.0914,0.0898,0.0906,8119.9
1742112000000,0.0906,0.0915,0.0861,0.0865,17701.0
1742126400000,0.0865,0.0872,0.0847,0.0862,17530.2
1742140800000,0.0862,0.0887,0.0846,0.0849,16753.2
1742155200000,0.0849,0.0861,0.0839,0.0847,11130.4
1742169600000,0.0847,0.0874,0.0846,0.0869,10670.7
1742184000000,0.0869,0.0897,0.0863,0.0891,17994.3
1742198400000,0.0891,0.0912,0.0882,0.0891,14718.0
1742212800000,0.0891,0.0912,0.0877,0.0895,24490.7
1742227200000,0.0895,0.091,0.0889,0.0908,13706.1
1742241600000,0.0908,0.092,0.0898,0.0898,9302.4
1742256000000,0.0898,0.09,0.0858,0.0861,17430.0
1742270400000,0.0861,0.087,0.0856,0.0864,11763.0
1742284800000,0.0864,0.0881,0.0861,0.0867,12106.3
1742299200000,0.0867,0.0874,0.0849,0.0852,13428.5
1742313600000,0.0852,0.0854,0.0828,0.0841,19908.1
1742328000000,0.0841,0.086,0.083,0.0856,18979.3
1742342400000,0.0856,0.0868,0.0847,0.086,10371.5
1742356800000,0.086,0.0865,0.0846,0.0847,11225.8
1742371200000,0.0847,0.0864,0.0836,0.086,24894.3
1742385600000,0.086,0.0872,0.0846,0.0859,35479.7
1742400000000,0.0859,0.0868,0.0826,0.0863,27756.4
1742414400000,0.0863,0.0884,0.0857,0.0883,15012.5
1742428800000,0.0883,0.089,0.0853,0.0856,14651.7
1742443200000,0.0856,0.0871,0.0853,0.0862,13349.7
1742457600000,0.0862,0.0871,0.0832,0.0836,30111.8
1742472000000,0.0836,0.0847,0.0829,0.0831,31796.0
1742486400000,0.0831,0.0845,0.081,0.0817,36996.2
1742500800000,0.0817,0.0833,0.0815,0.0826,15252.6
1742515200000,0.0826,0.0834,0.0813,0.082,10495.3
1742529600000,0.082,0.0846,0.0819,0.0824,20406.7
1742544000000,0.0824,0.0831,0.0814,0.0823,14020.5
1742558400000,0.0823,0.0827,0.0798,0.0813,35092.0
1742572800000,0.0813,0.0846,0.0807,0.0827,30621.0
1742587200000,0.0827,0.0839,0.0819,0.0824,10932.1
1742601600000,0.0824,0.0861,0.0821,0.085,32799.1
1742616000000,0.085,0.0876,0.0848,0.0875,18635.1
1742630400000,0.0875,0.089,0.0855,0.0862,26884.9
1742644800000,0.0862,0.0944,0.0852,0.0931,46456.7
1742659200000,0.0931,0.0949,0.0893,0.0906,49993.3
1742673600000,0.0906,0.0906,0.0872,0.0891,22973.1
1742688000000,0.0891,0.1173,0.0882,0.1165,254329.1
1742702400000,0.1165,0.1294,0.1126,0.124,449488.3
1742716800000,0.124,0.1317,0.1155,0.1165,254184.3
1742731200000,0.1165,0.1226,0.1073,0.1078,157507.2
1742745600000,0.1078,0.1119,0.1061,0.1104,114746.2
1742760000000,0.1104,0.1167,0.1069,0.1083,128346.1
1742774400000,0.1083,0.1091,0.1014,0.1047,106030.8
1742788800000,0.1047,0.1069,0.1035,0.1051,55059.6
1742803200000,0.1051,0.1074,0.1041,0.1049,64500.6
1742817600000,0.1049,0.107,0.1039,0.1058,55636.3
1742832000000,0.1058,0.1061,0.1024,0.1049,37072.6
1742846400000,0.1049,0.1064,0.1031,0.106,40159.7
1742860800000,0.106,0.1061,0.1,0.1002,34533.1
1742875200000,0.1002,0.1021,0.0996,0.1005,29872.6
1742889600000,0.1005,0.1018,0.1002,0.1007,34987.3
1742904000000,0.1007,0.1015,0.0988,0.1003,38122.2
1742918400000,0.1003,0.1028,0.0993,0.1007,29100.2
1742932800000,0.1007,0.1018,0.0997,0.1012,15084.9
1742947200000,0.1012,0.104,0.0982,0.0992,36170.5
1742961600000,0.0992,0.102,0.0984,0.1014,18187.4
1742976000000,0.1014,0.1045,0.1013,0.1034,31763.3
1742990400000,0.1034,0.1049,0.1001,0.1004,33660.7
1743004800000,0.1004,0.1021,0.0987,0.1008,20606.6
1743019200000,0.1008,0.1034,0.1,0.1034,17170.5
1743033600000,0.1034,0.1063,0.101,0.1062,41677.2
1743048000000,0.1062,0.1081,0.1024,0.1029,31297.5
1743062400000,0.1029,0.1059,0.1018,0.1021,23853.8
1743076800000,0.1021,0.1065,0.1009,0.1029,32276.6
1743091200000,0.1029,0.1047,0.1014,0.1017,12418.7
1743105600000,0.1017,0.1031,0.101,0.1013,14843.9
1743120000000,0.1013,0.1022,0.0984,0.099,24329.5
1743134400000,0.099,0.0994,0.0923,0.0927,35571.7
1743148800000,0.0927,0.0935,0.0906,0.0918,26043.9
1743163200000,0.0918,0.0924,0.0907,0.091,20669.5
1743177600000,0.091,0.0913,0.0893,0.0897,12473.6
1743192000000,0.0897,0.092,0.0892,0.092,21957.7
1743206400000,0.092,0.0961,0.0915,0.0944,35396.7
1743220800000,0.0944,0.095,0.0892,0.0899,21384.8
1743235200000,0.0899,0.0926,0.0857,0.0861,40492.5
1743249600000,0.0861,0.089,0.0859,0.0865,18524.9
1743264000000,0.0865,0.0872,0.084,0.0854,18843.9
1743278400000,0.0854,0.0859,0.0826,0.0843,26271.5
1743292800000,0.0843,0.0857,0.0826,0.0843,19792.5
1743307200000,0.0843,0.0874,0.0839,0.0869,19088.6
1743321600000,0.0869,0.0871,0.0837,0.0844,24371.2
1743336000000,0.0844,0.085,0.0825,0.0837,21618.6
1743350400000,0.0837,0.087,0.0826,0.0864,27341.9
1743364800000,0.0864,0.0868,0.0833,0.0848,15740.8
1743379200000,0.0848,0.0857,0.0825,0.0834,21525.1
1743393600000,0.0834,0.0853,0.0813,0.0825,15705.6
1743408000000,0.0825,0.0837,0.0803,0.0831,26013.7
1743422400000,0.0831,0.0855,0.0827,0.0833,24494.0
1743436800000,0.0833,0.084,0.0818,0.0827,11840.0
1743451200000,0.0827,0.0834,0.0815,0.0819,7439.1
1743465600000,0.0819,0.084,0.0811,0.0831,13499.5
1743480000000,0.0831,0.0839,0.0821,0.0824,9717.4
1743494400000,0.0824,0.0845,0.0807,0.0809,17843.8
1743508800000,0.0809,0.0835,0.0795,0.0824,42024.8
1743523200000,0.0824,0.0829,0.0794,0.0798,36529.0
1743537600000,0.0798,0.0802,0.0786,0.079,13136.5
1743552000000,0.079,0.079,0.0744,0.0753,26093.7
1743566400000,0.0753,0.0756,0.0731,0.0739,29043.0
1743580800000,0.0739,0.0764,0.0736,0.076,24705.4
1743595200000,0.076,0.08,0.0751,0.0794,35056.9
1743609600000,0.0794,0.0801,0.0768,0.079,30153.6
1743624000000,0.079,0.082,0.0755,0.0789,69290.4
1743638400000,0.0789,0.0866,0.0776,0.0842,117795.8
1743652800000,0.0842,0.0857,0.0818,0.0833,92621.6
1743667200000,0.0833,0.086,0.0829,0.0834,71313.8
1743681600000,0.0834,0.089,0.0809,0.0873,164586.2
1743696000000,0.0873,0.0912,0.0864,0.0875,71966.9
1743710400000,0.0875,0.0907,0.0871,0.0903,36155.8
1743724800000,0.0903,0.093,0.0861,0.0864,47682.2
1743739200000,0.0864,0.0887,0.0857,0.0865,23425.7
1743753600000,0.0865,0.0876,0.0839,0.0852,21951.5
1743768000000,0.0852,0.0904,0.0849,0.0878,39209.4
1743782400000,0.0878,0.0902,0.0872,0.0879,30700.8
1743796800000,0.0879,0.0902,0.0878,0.088,20186.9
1743811200000,0.088,0.0882,0.0861,0.0864,10180.6
1743825600000,0.0864,0.0865,0.0851,0.0854,9283.7
1743840000000,0.0854,0.0863,0.0852,0.0853,8644.7
1743854400000,0.0853,0.0855,0.0811,0.0813,18178.9
1743868800000,0.0813,0.0831,0.0809,0.0826,12642.9
1743883200000,0.0826,0.0827,0.0814,0.0822,10134.4
1743897600000,0.0822,0.0822,0.0795,0.0795,14144.8
1743912000000,0.0795,0.0828,0.0791,0.0803,15022.4
1743926400000,0.0803,0.0816,0.0794,0.0812,15160.2
1743940800000,0.0812,0.0813,0.0785,0.0793,14734.3
1743955200000,0.0793,0.0795,0.0733,0.0749,29613.8
1743969600000,0.0749,0.0752,0.072,0.074,44643.9
1743984000000,0.074,0.0768,0.0728,0.0732,23895.6
1743998400000,0.0732,0.0744,0.0663,0.0685,64114.6
1744012800000,0.0685,0.0729,0.0678,0.0724,28729.9
1744027200000,0.0724,0.079,0.0717,0.0754,81478.2
1744041600000,0.0754,0.0772,0.0742,0.0748,24415.3
1744056000000,0.0748,0.0756,0.0736,0.0739,18003.7
1744070400000,0.0739,0.0758,0.0729,0.0731,15553.7
1744084800000,0.0731,0.0739,0.07,0.0707,23293.4
1744099200000,0.0707,0.073,0.0691,0.0728,44965.6
1744113600000,0.0728,0.0731,0.0702,0.0705,18940.9
1744128000000,0.0705,0.0716,0.068,0.0701,28834.9
1744142400000,0.0701,0.0706,0.0694,0.07,12493.9
1744156800000,0.07,0.0709,0.0666,0.0678,23593.5
1744171200000,0.0678,0.0709,0.0674,0.0703,18904.5
1744185600000,0.0703,0.0714,0.0692,0.0693,20018.3
1744200000000,0.0693,0.0719,0.0686,0.0702,26166.9
1744214400000,0.0702,0.0764,0.0697,0.0755,48143.0
1744228800000,0.0755,0.0765,0.0749,0.0756,22287.5
1744243200000,0.0756,0.0758,0.0732,0.0739,13667.3
1744257600000,0.0739,0.0745,0.0729,0.0735,13468.2
1744272000000,0.0735,0.0737,0.0719,0.0725,11601.5
1744286400000,0.0725,0.0742,0.0707,0.0712,22331.1
1744300800000,0.0712,0.0723,0.0686,0.0691,19790.4
1744315200000,0.0691,0.0701,0.0689,0.07,10751.8
1744329600000,0.07,0.0711,0.0688,0.0706,18028.5
1744344000000,0.0706,0.0735,0.0706,0.0719,24965.1
1744358400000,0.0719,0.0732,0.0712,0.0729,20375.3
1744372800000,0.0729,0.0744,0.0722,0.074,23901.0
1744387200000,0.074,0.0749,0.0732,0.0742,11448.6
1744401600000,0.0742,0.0749,0.0736,0.0742,10481.3
1744416000000,0.0742,0.0779,0.074,0.0757,47837.8
1744430400000,0.0757,0.0773,0.075,0.0757,20918.2
1744444800000,0.0757,0.0765,0.0741,0.0746,18265.8
1744459200000,0.0746,0.0779,0.0743,0.0774,56662.0
1744473600000,0.0774,0.0778,0.0765,0.0766,8565.5
1744488000000,0.0766,0.0775,0.0764,0.077,8786.7
1744502400000,0.077,0.0823,0.0761,0.0783,67680.5
1744516800000,0.0783,0.0787,0.0755,0.0765,22602.6
1744531200000,0.0765,0.0776,0.0757,0.0762,13547.3
1744545600000,0.0762,0.0764,0.0731,0.0737,20820.0
1744560000000,0.0737,0.0774,0.0725,0.073,29555.0
1744574400000,0.073,0.0736,0.0698,0.0708,18791.5
1744588800000,0.0708,0.0745,0.0705,0.0721,24751.4
1744603200000,0.0721,0.073,0.0707,0.0719,14107.5
1744617600000,0.0719,0.0748,0.0711,0.0747,13117.1
1744632000000,0.0747,0.0759,0.0715,0.0718,36698.5
1744646400000,0.0718,0.0731,0.0708,0.0724,18115.1
1744660800000,0.0724,0.0727,0.0711,0.0714,13487.1
1744675200000,0.0714,0.0719,0.0705,0.0717,14998.0
1744689600000,0.0717,0.073,0.0706,0.0724,15353.5
1744704000000,0.0724,0.0726,0.0705,0.071,18973.7
1744718400000,0.071,0.072,0.0698,0.0706,23921.7
1744732800000,0.0706,0.071,0.0689,0.0694,14912.9
1744747200000,0.0694,0.07,0.0684,0.0689,9814.0
1744761600000,0.0689,0.0696,0.067,0.0687,16573.9
1744776000000,0.0687,0.0693,0.0671,0.0673,19407.1
1744790400000,0.0673,0.0682,0.0666,0.0678,16109.1
1744804800000,0.0678,0.0681,0.0659,0.0664,30561.7
1744819200000,0.0664,0.0679,0.0647,0.0676,40762.1
1744833600000,0.0676,0.0682,0.0661,0.0663,16886.1
1744848000000,0.0663,0.0665,0.0651,0.0657,16708.2
1744862400000,0.0657,0.068,0.0654,0.0673,18499.2
1744876800000,0.0673,0.0675,0.0659,0.0667,10355.4
1744891200000,0.0667,0.0672,0.065,0.0666,17129.3
1744905600000,0.0666,0.0679,0.0662,0.0668,20971.7
1744920000000,0.0668,0.0674,0.0665,0.0669,9342.7
1744934400000,0.0669,0.0693,0.0665,0.0691,21959.1
1744948800000,0.0691,0.0718,0.0682,0.0715,32287.2
1744963200000,0.0715,0.0739,0.0699,0.0707,59435.2
1744977600000,0.0707,0.0717,0.0693,0.0701,20382.0
1744992000000,0.0701,0.0707,0.0696,0.0704,10823.8
1745006400000,0.0704,0.0711,0.0702,0.0711,14571.9
1745020800000,0.0711,0.0719,0.07,0.0714,14085.5
1745035200000,0.0714,0.0718,0.0705,0.0715,8933.8
1745049600000,0.0715,0.0735,0.0714,0.0728,14501.5
1745064000000,0.0728,0.0731,0.0716,0.0726,14137.2
1745078400000,0.0726,0.0739,0.072,0.073,13717.7
1745092800000,0.073,0.074,0.0726,0.0735,9200.7
1745107200000,0.0735,0.0745,0.0728,0.0742,16421.7
1745121600000,0.0742,0.0758,0.0737,0.074,17736.7
1745136000000,0.074,0.0742,0.072,0.073,19971.3
1745150400000,0.073,0.0749,0.0727,0.0746,13153.9
1745164800000,0.0746,0.0767,0.0742,0.0764,18799.4
1745179200000,0.0764,0.081,0.0762,0.0797,45048.7
1745193600000,0.0797,0.0797,0.077,0.0771,23204.3
1745208000000,0.0771,0.0785,0.0766,0.0782,16137.7
1745222400000,0.0782,0.0892,0.0779,0.0826,141293.0
1745236800000,0.0826,0.0829,0.0776,0.0794,73445.5
1745251200000,0.0794,0.0797,0.0769,0.0781,22299.3
1745265600000,0.0781,0.0784,0.0769,0.0773,13872.6
1745280000000,0.0773,0.0783,0.0759,0.0773,17384.5
1745294400000,0.0773,0.0782,0.0748,0.0765,17455.7
1745308800000,0.0765,0.0768,0.0755,0.0764,27221.4
1745323200000,0.0764,0.0795,0.0757,0.0789,35452.3
1745337600000,0.0789,0.0794,0.0772,0.0783,18921.6
1745352000000,0.0783,0.0814,0.0776,0.0809,30946.6
1745366400000,0.0809,0.0843,0.0803,0.0833,28262.3
1745380800000,0.0833,0.0838,0.0819,0.0827,23459.8
1745395200000,0.0827,0.0827,0.0808,0.0818,27427.8
1745409600000,0.0818,0.0838,0.0808,0.0825,40658.3
1745424000000,0.0825,0.0837,0.0807,0.0812,22804.7
1745438400000,0.0812,0.0822,0.0807,0.0818,12486.4
1745452800000,0.0818,0.0822,0.0785,0.0786,17447.9
1745467200000,0.0786,0.08,0.0783,0.0785,15687.7
1745481600000,0.0785,0.0796,0.0773,0.0795,16712.2
1745496000000,0.0795,0.0822,0.079,0.0817,29856.6
1745510400000,0.0817,0.0835,0.0812,0.0821,18245.9
1745524800000,0.0821,0.0843,0.0821,0.0835,13726.5
1745539200000,0.0835,0.0845,0.0815,0.0826,23875.5
1745553600000,0.0826,0.0854,0.0823,0.0851,16356.5
1745568000000,0.0851,0.0853,0.0836,0.085,21679.9
1745582400000,0.085,0.0856,0.083,0.0842,28314.8
1745596800000,0.0842,0.0849,0.0832,0.084,13786.9
1745611200000,0.084,0.0852,0.0832,0.0849,11595.7
1745625600000,0.0849,0.0918,0.0849,0.0915,44212.8
1745640000000,0.0915,0.0915,0.0883,0.0898,23641.2
1745654400000,0.0898,0.0905,0.0869,0.0874,22018.8
1745668800000,0.0874,0.0901,0.0857,0.0899,31330.7
1745683200000,0.0899,0.0903,0.0884,0.0894,17234.4
1745697600000,0.0894,0.0916,0.0888,0.0911,15151.1
1745712000000,0.0911,0.0912,0.0864,0.0889,22932.6
1745726400000,0.0889,0.0898,0.087,0.0884,31526.0
1745740800000,0.0884,0.0905,0.0875,0.09,20861.6
1745755200000,0.09,0.0902,0.0861,0.0867,29490.9
1745769600000,0.0867,0.0875,0.0855,0.0871,12395.8
1745784000000,0.0871,0.0883,0.0858,0.0861,12420.9
1745798400000,0.0861,0.0863,0.0819,0.0858,27208.2
1745812800000,0.0858,0.0904,0.0858,0.0901,31076.4
1745827200000,0.0901,0.0923,0.0892,0.0904,30901.7
1745841600000,0.0904,0.0907,0.0864,0.0872,19778.8
1745856000000,0.0872,0.0907,0.0866,0.09,19285.1
1745870400000,0.09,0.0903,0.0889,0.0897,8782.4
1745884800000,0.0897,0.0912,0.0893,0.0906,15476.7
1745899200000,0.0906,0.094,0.09,0.0925,39982.7
1745913600000,0.0925,0.0928,0.0887,0.0891,24914.7
1745928000000,0.0891,0.0902,0.0876,0.0888,19236.5
1745942400000,0.0888,0.0896,0.0879,0.0884,16385.5
1745956800000,0.0884,0.0887,0.085,0.0864,12692.9
1745971200000,0.0864,0.0894,0.0858,0.0884,25732.0
1745985600000,0.0884,0.0889,0.0864,0.0869,11878.9
1746000000000,0.0869,0.089,0.0868,0.0883,14470.0
1746014400000,0.0883,0.0887,0.0827,0.0846,23728.9
1746028800000,0.0846,0.087,0.0837,0.0866,10419.8
1746043200000,0.0866,0.0876,0.0861,0.0873,7929.7
1746057600000,0.0873,0.0903,0.087,0.0872,12883.4
1746072000000,0.0872,0.0901,0.0868,0.0896,11310.8
1746086400000,0.0896,0.0928,0.0893,0.0908,20596.2
1746100800000,0.0908,0.0913,0.0891,0.0894,13959.8
1746115200000,0.0894,0.0903,0.0889,0.0898,9199.6
1746129600000,0.0898,0.0904,0.0893,0.09,8748.6
1746144000000,0.09,0.0937,0.0886,0.0893,33065.9
1746158400000,0.0893,0.0894,0.0869,0.087,18576.6
1746172800000,0.087,0.088,0.0867,0.0873,15578.7
1746187200000,0.0873,0.0885,0.0865,0.0874,11603.0
1746201600000,0.0874,0.0886,0.0868,0.0871,7274.0
1746216000000,0.0871,0.0884,0.0869,0.0882,7158.8
1746230400000,0.0882,0.0883,0.0857,0.0862,12416.0
1746244800000,0.0862,0.0862,0.0848,0.0849,8633.3
1746259200000,0.0849,0.0851,0.0831,0.0834,8524.3
1746273600000,0.0834,0.0845,0.0834,0.0838,9348.1
1746288000000,0.0838,0.0839,0.0808,0.0828,17055.9
1746302400000,0.0828,0.0829,0.0806,0.0809,11104.4
1746316800000,0.0809,0.0812,0.0785,0.0789,14844.6
1746331200000,0.0789,0.0799,0.0785,0.0792,10905.7
1746345600000,0.0792,0.0798,0.078,0.0797,12052.7
1746360000000,0.0797,0.0802,0.0786,0.0793,8924.1
1746374400000,0.0793,0.0794,0.0775,0.0784,11265.8
1746388800000,0.0784,0.0793,0.0781,0.0785,16611.4
1746403200000,0.0785,0.0803,0.078,0.0794,11839.8
1746417600000,0.0794,0.0807,0.0791,0.0795,6931.9
1746432000000,0.0795,0.0798,0.0769,0.0772,24759.4
1746446400000,0.0772,0.0778,0.0762,0.077,18780.7
1746460800000,0.077,0.0788,0.0769,0.0777,13923.7
1746475200000,0.0777,0.0786,0.0764,0.0778,8515.9
1746489600000,0.0778,0.0788,0.0764,0.0779,15519.9
1746504000000,0.0779,0.0804,0.0777,0.0787,37795.6
1746518400000,0.0787,0.0788,0.0757,0.0762,25900.7
1746532800000,0.0762,0.0776,0.0754,0.0759,13466.8
1746547200000,0.0759,0.0768,0.0751,0.0755,12820.0
1746561600000,0.0755,0.0773,0.0734,0.0772,16392.2
1746576000000,0.0772,0.0784,0.0761,0.0767,10903.3
1746590400000,0.0767,0.0778,0.0759,0.0776,7306.2
1746604800000,0.0776,0.0786,0.0772,0.0784,10653.1
1746619200000,0.0784,0.0788,0.0773,0.0773,12035.2
1746633600000,0.0773,0.0783,0.0762,0.0769,13859.5
1746648000000,0.0769,0.0796,0.0767,0.0794,10226.3
1746662400000,0.0794,0.0826,0.0793,0.0824,15962.6
1746676800000,0.0824,0.0846,0.0824,0.084,16005.3
1746691200000,0.084,0.0856,0.084,0.0852,14342.1
1746705600000,0.0852,0.0884,0.0846,0.087,20845.8
1746720000000,0.087,0.0883,0.0867,0.0877,15368.5
1746734400000,0.0877,0.0908,0.0877,0.0907,19968.9
1746748800000,0.0907,0.0938,0.0902,0.092,467680.4
1746763200000,0.092,0.0966,0.0919,0.0954,1121080.1
1746777600000,0.0954,0.0985,0.0945,0.0975,2090291.0
1746792000000,0.0975,0.0995,0.096,0.098,1348114.7
1746806400000,0.098,0.0991,0.0964,0.0985,817009.0
1746820800000,0.0985,0.0998,0.098,0.0994,429833.7
1746835200000,0.0994,0.1045,0.0986,0.0996,1611609.5
1746849600000,0.0996,0.1036,0.0972,0.1021,1651832.5
1746864000000,0.1021,0.1032,0.0978,0.098,1161818.4
1746878400000,0.098,0.1012,0.0979,0.1,1805390.7
1746892800000,0.1,0.1033,0.0994,0.1028,800422.5
1746907200000,0.1028,0.1069,0.1022,0.1068,989233.7
1746921600000,0.1068,0.1072,0.1031,0.105,1371541.0
1746936000000,0.105,0.1061,0.0995,0.1004,1111038.6
1746950400000,0.1004,0.1033,0.0995,0.1027,656434.8
1746964800000,0.1027,0.1051,0.1009,0.1015,1586429.9
1746979200000,0.1015,0.1046,0.1004,0.1043,878247.1
1746993600000,0.1043,0.1052,0.1032,0.1038,430102.8
1747008000000,0.1038,0.1052,0.1014,0.1047,948467.6
1747022400000,0.1047,0.1074,0.1027,0.1057,1243242.4
1747036800000,0.1057,0.1098,0.1042,0.106,1997667.5
1747051200000,0.106,0.1085,0.1033,0.1043,1491727.8
1747065600000,0.1043,0.1075,0.0993,0.1024,1719472.9
1747080000000,0.1024,0.1054,0.1017,0.1047,578365.8
1747094400000,0.1047,0.1047,0.0972,0.0975,1103791.2
1747108800000,0.0975,0.1004,0.0971,0.0997,469933.5
1747123200000,0.0997,0.1022,0.099,0.1009,1025292.7
1747137600000,0.1009,0.1076,0.0997,0.1052,3106063.6
1747152000000,0.1052,0.1112,0.1051,0.1098,1791520.5
1747166400000,0.1098,0.1131,0.1083,0.1099,1375460.5
1747180800000,0.1099,0.1175,0.1091,0.1173,2113092.5
1747195200000,0.1173,0.1177,0.1129,0.1151,2030138.5
1747209600000,0.1151,0.116,0.1097,0.1131,2148658.0
1747224000000,0.1131,0.1131,0.1071,0.1087,1551885.8
1747238400000,0.1087,0.1093,0.1062,0.1073,770411.6
1747252800000,0.1073,0.1085,0.1064,0.1068,448627.8
1747267200000,0.1068,0.1073,0.102,0.1026,1069132.5
1747281600000,0.1026,0.1035,0.0974,0.0976,907648.6
1747296000000,0.0976,0.1008,0.0968,0.0996,946230.0
1747310400000,0.0996,0.1011,0.0961,0.1011,1226942.8
1747324800000,0.1011,0.1035,0.0989,0.0998,575883.0
1747339200000,0.0998,0.1012,0.095,0.0973,756352.8
1747353600000,0.0973,0.102,0.097,0.1011,877981.3
1747368000000,0.1011,0.103,0.0998,0.1024,1080555.5
1747382400000,0.1024,0.1026,0.0993,0.1005,796907.3
1747396800000,0.1005,0.1007,0.098,0.0993,680254.6
1747411200000,0.0993,0.0999,0.0971,0.0985,460354.1
1747425600000,0.0985,0.0987,0.0953,0.0956,656489.2
1747440000000,0.0956,0.0958,0.0914,0.094,893636.8
1747454400000,0.094,0.0955,0.0927,0.0935,392166.4
1747468800000,0.0935,0.0944,0.0923,0.0929,477295.2
1747483200000,0.0929,0.0942,0.0911,0.093,924750.8
1747497600000,0.093,0.0945,0.0914,0.0924,659957.8
1747512000000,0.0924,0.0941,0.0921,0.0933,305049.4
1747526400000,0.0933,0.0952,0.0929,0.0949,596216.8
1747540800000,0.0949,0.0983,0.0948,0.0982,566070.7
1747555200000,0.0982,0.0994,0.0965,0.0965,595240.8
1747569600000,0.0965,0.1008,0.0956,0.1005,766280.4
1747584000000,0.1005,0.1008,0.0937,0.0938,670519.0
1747598400000,0.0938,0.0981,0.092,0.0976,641890.3
1747612800000,0.0976,0.0985,0.0923,0.0927,731329.2
1747627200000,0.0927,0.0933,0.0901,0.0919,931372.7
1747641600000,0.0919,0.0924,0.0906,0.0911,416869.0
1747656000000,0.0911,0.0931,0.0895,0.0928,560732.7
1747670400000,0.0928,0.0951,0.0918,0.0941,542572.3
1747684800000,0.0941,0.0948,0.0924,0.0945,350881.4
1747699200000,0.0945,0.0967,0.0931,0.0958,527089.7
1747713600000,0.0958,0.0968,0.0949,0.0953,284958.2
1747728000000,0.0953,0.0954,0.0924,0.0934,455918.8
1747742400000,0.0934,0.0938,0.0919,0.0935,426554.7
1747756800000,0.0935,0.0945,0.0912,0.0943,342512.4
1747771200000,0.0943,0.0964,0.0936,0.096,490995.4
1747785600000,0.096,0.0964,0.0935,0.0953,331998.7
1747800000000,0.0953,0.0984,0.095,0.096,517076.1
1747814400000,0.096,0.0969,0.0944,0.0964,329450.7
1747828800000,0.0964,0.0985,0.0956,0.0983,687480.5
1747843200000,0.0983,0.1014,0.0943,0.0979,1483385.0
1747857600000,0.0979,0.0999,0.0965,0.0984,423534.7
1747872000000,0.0984,0.1034,0.0982,0.1031,675687.9
1747886400000,0.1031,0.1056,0.1023,0.1046,856577.9
1747900800000,0.1046,0.1139,0.1039,0.1124,3612990.1
1747915200000,0.1124,0.1149,0.1093,0.1097,2594746.1
1747929600000,0.1097,0.1112,0.108,0.1086,1464434.0
1747944000000,0.1086,0.1102,0.1074,0.109,765253.4
1747958400000,0.109,0.1113,0.1074,0.1107,1079250.6
1747972800000,0.1107,0.1107,0.1063,0.107,975340.0
1747987200000,0.107,0.1104,0.1038,0.1044,1424376.9
1748001600000,0.1044,0.1063,0.1009,0.1045,1208635.2
1748016000000,0.1045,0.1058,0.1032,0.1032,620721.3
1748030400000,0.1032,0.1032,0.0955,0.0961,1165970.8
1748044800000,0.0961,0.0997,0.0957,0.0992,469899.8
1748059200000,0.0992,0.1029,0.0987,0.1011,609318.7
1748073600000,0.1011,0.1013,0.0987,0.0995,549335.6
1748088000000,0.0995,0.1003,0.0987,0.0997,324239.7
1748102400000,0.0997,0.0999,0.0975,0.098,210715.9
1748116800000,0.098,0.0983,0.0961,0.0969,306828.5
1748131200000,0.0969,0.0975,0.0941,0.0966,664335.7
1748145600000,0.0966,0.0972,0.0948,0.0951,286413.5
1748160000000,0.0951,0.0952,0.0928,0.0945,569118.1
1748174400000,0.0945,0.0954,0.0917,0.0936,874569.2
1748188800000,0.0936,0.0951,0.0924,0.0947,324426.7
1748203200000,0.0947,0.0995,0.0943,0.099,485645.0
1748217600000,0.099,0.1017,0.0976,0.101,453491.5
1748232000000,0.101,0.1018,0.0995,0.1013,531286.7
1748246400000,0.1013,0.1018,0.0998,0.1014,368953.0
1748260800000,0.1014,0.1015,0.0985,0.1003,514022.4
1748275200000,0.1003,0.1009,0.0976,0.0994,501379.5
1748289600000,0.0994,0.1017,0.0991,0.1016,282126.1
1748304000000,0.1016,0.1035,0.0986,0.101,667676.0
1748318400000,0.101,0.1051,0.1004,0.105,667154.9
1748332800000,0.105,0.107,0.1037,0.1044,1041923.2
1748347200000,0.1044,0.1057,0.1023,0.1039,928719.9
1748361600000,0.1039,0.105,0.1035,0.1043,728559.4
1748376000000,0.1043,0.1052,0.1023,0.1032,637982.1
1748390400000,0.1032,0.1042,0.1017,0.1024,425700.0
1748404800000,0.1024,0.104,0.1018,0.1021,496903.5
1748419200000,0.1021,0.1033,0.1004,0.103,810478.7
1748433600000,0.103,0.1046,0.0989,0.0994,945864.3
1748448000000,0.0994,0.1014,0.0982,0.0983,1416554.9
1748462400000,0.0983,0.1023,0.0981,0.1022,417208.3
1748476800000,0.1022,0.1052,0.1006,0.1031,756337.8
1748491200000,0.1031,0.1034,0.0985,0.0985,1245709.9
1748505600000,0.0985,0.0993,0.0977,0.0982,832249.3
1748520000000,0.0982,0.0982,0.0956,0.0967,1181733.3
1748534400000,0.0967,0.0979,0.0959,0.0965,635309.0
1748548800000,0.0965,0.0979,0.0956,0.0961,299882.9
1748563200000,0.0961,0.0966,0.0888,0.0921,1268096.3
1748577600000,0.0921,0.0924,0.0894,0.09,426491.8
1748592000000,0.09,0.0907,0.0879,0.0895,914440.9
1748606400000,0.0895,0.0896,0.0869,0.0871,1024906.7
1748620800000,0.0871,0.0876,0.0834,0.085,1198272.2
1748635200000,0.085,0.0854,0.0797,0.0805,1254565.7
1748649600000,0.0805,0.0807,0.0762,0.078,1811910.0
1748664000000,0.078,0.08,0.0772,0.0782,1155809.0
1748678400000,0.0782,0.0784,0.0757,0.0758,1012895.8
1748692800000,0.0758,0.0785,0.0753,0.0772,1253795.9
1748707200000,0.0772,0.0795,0.0769,0.0791,763711.7
1748721600000,0.0791,0.0798,0.0779,0.0782,521121.0
1748736000000,0.0782,0.0786,0.0766,0.0774,447470.0
1748750400000,0.0774,0.079,0.0772,0.0784,86342.6
1748764800000,0.0784,0.0786,0.076,0.0778,101061.2
1748779200000,0.0778,0.0801,0.0769,0.0797,139642.1
1748793600000,0.0797,0.0816,0.0788,0.0801,105074.8
1748808000000,0.0801,0.082,0.0797,0.0816,75112.7
1748822400000,0.0816,0.0827,0.0803,0.0806,151138.1
1748836800000,0.0806,0.0811,0.0787,0.0804,128915.0
1748851200000,0.0804,0.0811,0.0777,0.0785,194774.5
1748865600000,0.0785,0.0798,0.0778,0.0793,119914.4
1748880000000,0.0793,0.081,0.0785,0.079,115643.0
1748894400000,0.079,0.0825,0.079,0.0817,101142.4
1748908800000,0.0817,0.0845,0.0814,0.0826,119331.3
1748923200000,0.0826,0.0837,0.0817,0.083,80491.6
1748937600000,0.083,0.0838,0.0821,0.0836,122047.0
1748952000000,0.0836,0.0854,0.0832,0.0845,130049.5
1748966400000,0.0845,0.085,0.0835,0.0842,117124.9
1748980800000,0.0842,0.0844,0.0818,0.082,83358.2
1748995200000,0.082,0.0835,0.0816,0.0827,82266.4
1749009600000,0.0827,0.0831,0.0806,0.0806,83783.8
1749024000000,0.0806,0.0831,0.0804,0.0812,118992.8
1749038400000,0.0812,0.0826,0.08,0.082,125416.7
1749052800000,0.082,0.0821,0.079,0.079,86929.1
1749067200000,0.079,0.0791,0.0772,0.0775,131874.2
1749081600000,0.0775,0.0777,0.076,0.0765,160075.4
1749096000000,0.0765,0.0772,0.0758,0.0759,141539.7
1749110400000,0.0759,0.0764,0.0745,0.0751,207191.2
1749124800000,0.0751,0.0771,0.0741,0.0754,210450.7
1749139200000,0.0754,0.0755,0.0711,0.0717,291550.9
1749153600000,0.0717,0.072,0.0688,0.0709,314182.7
1749168000000,0.0709,0.0718,0.0703,0.071,159210.6
1749182400000,0.071,0.0717,0.0702,0.0707,194376.5
1749196800000,0.0707,0.0719,0.0705,0.071,200846.9
1749211200000,0.071,0.0742,0.0708,0.0736,236058.4
1749225600000,0.0736,0.0742,0.0713,0.0716,137083.9
1749240000000,0.0716,0.073,0.0715,0.0724,64707.1
1749254400000,0.0724,0.0756,0.0718,0.0752,125901.7
1749268800000,0.0752,0.0765,0.0746,0.0759,108807.5
1749283200000,0.0759,0.0764,0.0745,0.0751,100697.6
1749297600000,0.0751,0.0761,0.0748,0.0754,132239.3
1749312000000,0.0754,0.0756,0.0736,0.0737,173674.3
1749326400000,0.0737,0.0748,0.0736,0.074,96946.6
1749340800000,0.074,0.0742,0.0722,0.0723,115590.1
1749355200000,0.0723,0.0733,0.0718,0.0723,255456.1
1749369600000,0.0723,0.0731,0.0716,0.0726,171884.5
1749384000000,0.0726,0.0737,0.0721,0.0731,144561.0
1749398400000,0.0731,0.0746,0.0731,0.0745,119595.3
1749412800000,0.0745,0.075,0.0738,0.0739,123365.1
1749427200000,0.0739,0.0741,0.0719,0.0725,125724.0
1749441600000,0.0725,0.0726,0.0708,0.0714,168979.0
1749456000000,0.0714,0.074,0.0711,0.0736,200681.9
1749470400000,0.0736,0.0746,0.0727,0.0741,210784.5
1749484800000,0.0741,0.0751,0.0741,0.0745,141118.5
1749499200000,0.0745,0.0774,0.0741,0.077,280909.0
1749513600000,0.077,0.0783,0.0755,0.0757,288314.5
1749528000000,0.0757,0.0762,0.0746,0.0758,225556.9
1749542400000,0.0758,0.0779,0.0748,0.0779,299618.6
1749556800000,0.0779,0.0792,0.0761,0.0773,349150.5
1749571200000,0.0773,0.0791,0.0762,0.0783,150860.4
1749585600000,0.0783,0.08,0.0775,0.0799,137566.5
1749600000000,0.0799,0.08,0.0774,0.0784,102382.8
1749614400000,0.0784,0.0794,0.0776,0.0792,126148.7
1749628800000,0.0792,0.0796,0.0762,0.0768,123706.3
1749643200000,0.0768,0.0801,0.0762,0.0796,219301.1
1749657600000,0.0796,0.0799,0.0762,0.0764,162625.2
1749672000000,0.0764,0.0775,0.0738,0.0749,144060.6
1749686400000,0.0749,0.075,0.0728,0.0732,144375.7
1749700800000,0.0732,0.0736,0.0725,0.0726,189895.9
1749715200000,0.0726,0.0734,0.0713,0.0715,142947.5
1749729600000,0.0715,0.074,0.0712,0.0716,264918.7
1749744000000,0.0716,0.0737,0.0705,0.0708,127591.8
1749758400000,0.0708,0.0713,0.0692,0.0695,160349.6
1749772800000,0.0695,0.0695,0.0632,0.0655,552580.2
1749787200000,0.0655,0.0662,0.0645,0.0661,208425.8
1749801600000,0.0661,0.0697,0.0654,0.0664,298813.8
1749816000000,0.0664,0.0673,0.0651,0.0668,174971.7
1749830400000,0.0668,0.0681,0.066,0.0663,336164.0
1749844800000,0.0663,0.0688,0.0663,0.0685,137210.2
1749859200000,0.0685,0.0686,0.0675,0.0683,94578.5
1749873600000,0.0683,0.0691,0.068,0.0688,59138.7
1749888000000,0.0688,0.0694,0.0681,0.0689,58690.4
1749902400000,0.0689,0.0693,0.067,0.0676,105665.7
1749916800000,0.0676,0.0679,0.0655,0.0657,105512.8
1749931200000,0.0657,0.0674,0.0647,0.0671,160072.2
1749945600000,0.0671,0.068,0.0669,0.0676,41864.1
1749960000000,0.0676,0.0682,0.0668,0.0672,60923.1
1749974400000,0.0672,0.0679,0.0666,0.0676,52178.9
1749988800000,0.0676,0.0688,0.0669,0.0681,127663.2
1750003200000,0.0681,0.0685,0.0673,0.0676,55567.3
1750017600000,0.0676,0.0682,0.0661,0.0677,100876.6
1750032000000,0.0677,0.0689,0.0666,0.0679,201405.8
1750046400000,0.0679,0.0707,0.0679,0.0705,127874.6
1750060800000,0.0705,0.0715,0.07,0.0708,137069.9
1750075200000,0.0708,0.0716,0.0701,0.0702,134786.9
1750089600000,0.0702,0.0711,0.0699,0.0707,105780.6
1750104000000,0.0707,0.0713,0.0676,0.0679,176047.6
1750118400000,0.0679,0.0686,0.066,0.0681,102568.2
1750132800000,0.0681,0.0682,0.0662,0.0664,205458.2
1750147200000,0.0664,0.0665,0.0651,0.0656,163525.6
1750161600000,0.0656,0.0665,0.0636,0.0642,156613.7
1750176000000,0.0642,0.0656,0.0624,0.0649,176183.9
1750190400000,0.0649,0.0653,0.0636,0.0646,75922.0
1750204800000,0.0646,0.0659,0.0642,0.0653,74068.8
1750219200000,0.0653,0.0664,0.0651,0.0655,58957.3
1750233600000,0.0655,0.0659,0.0629,0.0638,101258.2
1750248000000,0.0638,0.0644,0.0612,0.0635,207399.9
1750262400000,0.0635,0.0643,0.0627,0.063,186110.8
1750276800000,0.063,0.066,0.0627,0.0652,111061.9
1750291200000,0.0652,0.0665,0.0643,0.065,89326.0
1750305600000,0.065,0.0657,0.0644,0.0645,72813.3
1750320000000,0.0645,0.0655,0.0641,0.0643,61410.1
1750334400000,0.0643,0.0649,0.0631,0.0633,103066.5
1750348800000,0.0633,0.0641,0.0622,0.0631,114045.9
1750363200000,0.0631,0.0642,0.0628,0.064,70245.6
1750377600000,0.064,0.0648,0.0634,0.0637,60009.7
1750392000000,0.0637,0.0653,0.0625,0.0652,84072.0
1750406400000,0.0652,0.0656,0.0646,0.0653,83128.5
1750420800000,0.0653,0.0655,0.0628,0.0629,117393.7
1750435200000,0.0629,0.0632,0.0601,0.0616,197792.9
1750449600000,0.0616,0.0627,0.0605,0.0612,53428.2
1750464000000,0.0612,0.0621,0.061,0.0617,51622.7
1750478400000,0.0617,0.062,0.0612,0.0614,45206.7
1750492800000,0.0614,0.0617,0.0608,0.0612,69480.5
1750507200000,0.0612,0.0614,0.0586,0.0596,142525.0
1750521600000,0.0596,0.0599,0.0576,0.0576,123143.1
1750536000000,0.0576,0.0583,0.055,0.0575,178933.2
1750550400000,0.0575,0.0586,0.0556,0.0558,129359.2
1750564800000,0.0558,0.057,0.0557,0.0566,102973.9
1750579200000,0.0566,0.0568,0.0554,0.0561,99887.5
1750593600000,0.0561,0.0564,0.0523,0.0532,299932.0
1750608000000,0.0532,0.0538,0.0524,0.0528,137520.1
1750622400000,0.0528,0.0545,0.0511,0.0542,175488.9
1750636800000,0.0542,0.0549,0.0536,0.0545,81345.3
1750651200000,0.0545,0.0562,0.0544,0.0555,106760.4
1750665600000,0.0555,0.0559,0.0551,0.0557,77390.3
1750680000000,0.0557,0.0577,0.0554,0.0559,165241.3
1750694400000,0.0559,0.0583,0.0541,0.0581,191506.7
1750708800000,0.0581,0.061,0.0581,0.0608,220544.6
1750723200000,0.0608,0.0613,0.0604,0.0611,134793.3
1750737600000,0.0611,0.0637,0.0611,0.0619,189980.4
1750752000000,0.0619,0.0627,0.0612,0.0621,182674.5
1750766400000,0.0621,0.0628,0.0613,0.0619,207024.2
1750780800000,0.0619,0.0637,0.0613,0.0619,113086.9
1750795200000,0.0619,0.0632,0.0616,0.0631,55597.2
1750809600000,0.0631,0.0633,0.062,0.0622,78496.1
1750824000000,0.0622,0.0628,0.0615,0.0622,111337.2
1750838400000,0.0622,0.0623,0.0611,0.062,100130.9
1750852800000,0.062,0.0625,0.0599,0.0601,155478.3
1750867200000,0.0601,0.0606,0.0594,0.0603,53606.1
1750881600000,0.0603,0.0608,0.0593,0.0597,41728.5
1750896000000,0.0597,0.0687,0.0597,0.0635,1501773.7
1750910400000,0.0635,0.0644,0.0623,0.0636,466441.8
1750924800000,0.0636,0.0668,0.0633,0.0642,828480.8
1750939200000,0.0642,0.0685,0.0619,0.0681,1370148.0
1750953600000,0.0681,0.0726,0.0647,0.0699,1992207.1
1750968000000,0.0699,0.0706,0.0664,0.0673,689152.3
1750982400000,0.0673,0.0685,0.0622,0.0631,1080785.7
1750996800000,0.0631,0.0637,0.0613,0.0615,397492.5
1751011200000,0.0615,0.0629,0.0615,0.0627,340511.4
1751025600000,0.0627,0.0637,0.0621,0.0634,262267.2
1751040000000,0.0634,0.0651,0.0622,0.0623,253424.5
1751054400000,0.0623,0.0667,0.0621,0.0665,256645.2
1751068800000,0.0665,0.07,0.0647,0.0685,568512.2
1751083200000,0.0685,0.0748,0.0673,0.0719,771595.4
1751097600000,0.0719,0.0769,0.0715,0.0749,1240379.9
1751112000000,0.0749,0.0757,0.0727,0.0751,587892.2
1751126400000,0.0751,0.0816,0.0748,0.0794,870297.8
1751140800000,0.0794,0.0827,0.0779,0.0782,771619.1
1751155200000,0.0782,0.0794,0.0748,0.0752,536193.5
1751169600000,0.0752,0.0768,0.075,0.0767,422519.5
1751184000000,0.0767,0.0768,0.0743,0.0748,400876.9
1751198400000,0.0748,0.0754,0.074,0.0748,219614.2
1751212800000,0.0748,0.0757,0.0744,0.0755,128752.7
1751227200000,0.0755,0.079,0.0752,0.0781,258612.8
1751241600000,0.0781,0.0785,0.0743,0.0745,296325.7
1751256000000,0.0745,0.075,0.0726,0.0736,250600.6
1751270400000,0.0736,0.0741,0.0723,0.0725,135363.6
1751284800000,0.0725,0.0727,0.0707,0.0717,200257.7
1751299200000,0.0717,0.0737,0.0715,0.0727,143596.0
1751313600000,0.0727,0.0731,0.0713,0.0715,135783.4
1751328000000,0.0715,0.0752,0.0705,0.0705,381663.8
1751342400000,0.0705,0.0709,0.069,0.0696,185473.8
1751356800000,0.0696,0.0705,0.0688,0.0701,138371.7
1751371200000,0.0701,0.0743,0.0701,0.0727,544482.0
1751385600000,0.0727,0.0734,0.0699,0.0709,360319.4
1751400000000,0.0709,0.0714,0.07,0.0712,114302.8
1751414400000,0.0712,0.0713,0.0681,0.0684,234142.2
1751428800000,0.0684,0.0739,0.0681,0.0707,391475.8
1751443200000,0.0707,0.0719,0.0702,0.0705,211599.8
1751457600000,0.0705,0.0739,0.0701,0.0734,285193.9
1751472000000,0.0734,0.0759,0.073,0.0746,499091.7
1751486400000,0.0746,0.075,0.0735,0.0739,257786.6
1751500800000,0.0739,0.0762,0.0727,0.0737,448439.0
1751515200000,0.0737,0.075,0.0731,0.074,296566.6
1751529600000,0.074,0.0745,0.0726,0.0728,229512.5
1751544000000,0.0728,0.0735,0.0702,0.0704,255803.5
1751558400000,0.0704,0.0717,0.0704,0.0713,87550.2
1751572800000,0.0713,0.0721,0.0701,0.0713,148732.3
1751587200000,0.0713,0.072,0.0707,0.0709,114581.3
1751601600000,0.0709,0.0714,0.0682,0.0682,151084.1
1751616000000,0.0682,0.0691,0.0678,0.0686,109072.9
1751630400000,0.0686,0.0689,0.0665,0.0666,217138.4
1751644800000,0.0666,0.0668,0.0653,0.0655,181902.9
1751659200000,0.0655,0.0666,0.0654,0.0663,85331.3
1751673600000,0.0663,0.067,0.0658,0.0666,68424.7
1751688000000,0.0666,0.0675,0.0661,0.0671,60992.1
1751702400000,0.0671,0.0673,0.0662,0.0666,61802.4
1751716800000,0.0666,0.0666,0.0657,0.0663,65429.7
1751731200000,0.0663,0.0667,0.0649,0.0658,85597.5
1751745600000,0.0658,0.0668,0.0656,0.0664,68417.3
1751760000000,0.0664,0.0668,0.066,0.066,62151.2
1751774400000,0.066,0.0663,0.0648,0.0649,93319.5
1751788800000,0.0649,0.0655,0.0645,0.0654,103782.8
1751803200000,0.0654,0.0672,0.0651,0.0668,123962.5
1751817600000,0.0668,0.0673,0.0662,0.0666,97513.3
1751832000000,0.0666,0.068,0.0662,0.0666,109535.9
1751846400000,0.0666,0.0672,0.066,0.0665,79346.5
1751860800000,0.0665,0.0669,0.0657,0.0668,88453.8
1751875200000,0.0668,0.067,0.0653,0.0657,108686.1
1751889600000,0.0657,0.0661,0.0647,0.0651,126505.1
1751904000000,0.0651,0.0656,0.0639,0.0642,162160.9
1751918400000,0.0642,0.0647,0.0632,0.0646,99156.6
1751932800000,0.0646,0.065,0.0635,0.0639,132101.4
1751947200000,0.0639,0.0642,0.0635,0.0638,57036.6
1751961600000,0.0638,0.0648,0.0634,0.0647,69560.6
1751976000000,0.0647,0.0652,0.0631,0.0636,108065.3
1751990400000,0.0636,0.066,0.0631,0.0654,126695.7
1752004800000,0.0654,0.0658,0.0648,0.0652,91229.9
1752019200000,0.0652,0.0654,0.0644,0.0649,82120.8
1752033600000,0.0649,0.0675,0.0648,0.0671,177260.3
1752048000000,0.0671,0.0684,0.0668,0.0676,209974.7
1752062400000,0.0676,0.0681,0.0657,0.0659,201739.5
1752076800000,0.0659,0.0683,0.0655,0.0681,231812.4
1752091200000,0.0681,0.069,0.0673,0.0682,297841.7
1752105600000,0.0682,0.0689,0.0669,0.0687,241234.0
1752120000000,0.0687,0.0698,0.0682,0.0688,185583.1
1752134400000,0.0688,0.0695,0.0684,0.0689,159617.5
1752148800000,0.0689,0.0695,0.0683,0.0693,146451.7
1752163200000,0.0693,0.0719,0.069,0.0709,232575.4
1752177600000,0.0709,0.0744,0.0708,0.0736,314753.8
1752192000000,0.0736,0.0764,0.0725,0.0761,402559.8
1752206400000,0.0761,0.0818,0.076,0.0768,697664.4
1752220800000,0.0768,0.0817,0.0767,0.0791,490146.2
1752235200000,0.0791,0.081,0.0779,0.0784,388732.5
1752249600000,0.0784,0.0841,0.078,0.0826,414165.8
1752264000000,0.0826,0.0826,0.0761,0.0772,280612.8
1752278400000,0.0772,0.0787,0.0754,0.0777,205330.6
1752292800000,0.0777,0.0781,0.0748,0.0775,265445.3
1752307200000,0.0775,0.0784,0.0763,0.0767,124191.1
1752321600000,0.0767,0.077,0.0722,0.0729,322847.2
1752336000000,0.0729,0.0754,0.0723,0.0751,141493.3
1752350400000,0.0751,0.0755,0.0738,0.0752,91485.7
1752364800000,0.0752,0.0801,0.0749,0.0774,594554.5
1752379200000,0.0774,0.0812,0.0772,0.0797,294420.6
1752393600000,0.0797,0.0853,0.078,0.0834,625071.5
1752408000000,0.0834,0.0835,0.0804,0.0812,378969.9
1752422400000,0.0812,0.0827,0.0802,0.0808,197629.0
1752436800000,0.0808,0.0823,0.0789,0.0802,220935.2
1752451200000,0.0802,0.0841,0.0794,0.0837,334181.2
1752465600000,0.0837,0.0847,0.0816,0.0828,304598.9
1752480000000,0.0828,0.0833,0.0815,0.0824,251730.8
1752494400000,0.0824,0.0836,0.0794,0.0802,341539.8
1752508800000,0.0802,0.0815,0.0795,0.0805,226515.3
1752523200000,0.0805,0.0819,0.0793,0.0809,145533.7
1752537600000,0.0809,0.081,0.0767,0.0774,288597.3
1752552000000,0.0774,0.079,0.0766,0.078,164988.8
1752566400000,0.078,0.0796,0.0776,0.0787,201559.1
1752580800000,0.0787,0.0818,0.078,0.0817,334723.5
1752595200000,0.0817,0.0846,0.0812,0.0818,322438.0
1752609600000,0.0818,0.0862,0.0811,0.0854,309457.2
1752624000000,0.0854,0.0857,0.082,0.0831,246768.3
1752638400000,0.0831,0.0856,0.0823,0.0854,188298.7
1752652800000,0.0854,0.09,0.0851,0.0892,493928.2
1752667200000,0.0892,0.0899,0.0856,0.0873,434268.7
1752681600000,0.0873,0.0895,0.0866,0.0875,227087.7
1752696000000,0.0875,0.0893,0.086,0.0866,282147.9
1752710400000,0.0866,0.0896,0.0846,0.0854,421939.5
1752724800000,0.0854,0.0877,0.0851,0.0871,172789.0
1752739200000,0.0871,0.0892,0.0864,0.0874,253175.4
1752753600000,0.0874,0.0925,0.0856,0.0917,713078.1
1752768000000,0.0917,0.1003,0.0891,0.0957,1473611.8
1752782400000,0.0957,0.0964,0.0922,0.0924,592453.6
1752796800000,0.0924,0.0953,0.092,0.0947,313905.7
1752811200000,0.0947,0.0965,0.0935,0.0938,464640.8
1752825600000,0.0938,0.0944,0.0914,0.0922,409769.2
1752840000000,0.0922,0.0937,0.0884,0.0895,276912.7
1752854400000,0.0895,0.0905,0.0878,0.0886,220827.6
1752868800000,0.0886,0.0893,0.0859,0.0886,231011.9
1752883200000,0.0886,0.0897,0.0857,0.0897,159649.0
1752897600000,0.0897,0.0911,0.0893,0.0897,200832.3
1752912000000,0.0897,0.0901,0.088,0.0884,157309.0
1752926400000,0.0884,0.0899,0.0874,0.0885,193188.5
1752940800000,0.0885,0.0905,0.0876,0.09,104877.8
1752955200000,0.09,0.0909,0.0889,0.0905,99075.0
1752969600000,0.0905,0.0915,0.0896,0.0909,123645.2
1752984000000,0.0909,0.092,0.0904,0.0909,190039.0
1752998400000,0.0909,0.0927,0.0907,0.0921,205974.7
1753012800000,0.0921,0.0939,0.0915,0.0935,195123.0
1753027200000,0.0935,0.0952,0.0929,0.0944,269524.7
1753041600000,0.0944,0.096,0.0921,0.0945,276654.0
1753056000000,0.0945,0.0968,0.0921,0.0967,320343.0
1753070400000,0.0967,0.0999,0.0956,0.099,249083.0
1753084800000,0.099,0.1041,0.0975,0.1022,471779.7
1753099200000,0.1022,0.1023,0.099,0.1,363323.3
1753113600000,0.1,0.1001,0.0958,0.0963,292564.2
1753128000000,0.0963,0.0991,0.0959,0.0982,141575.7
1753142400000,0.0982,0.1002,0.0934,0.0964,321081.5
1753156800000,0.0964,0.0965,0.093,0.0948,210828.2
1753171200000,0.0948,0.0952,0.0917,0.0949,227657.0
1753185600000,0.0949,0.0955,0.0923,0.0945,194704.4
1753200000000,0.0945,0.0958,0.0913,0.0918,228244.6
1753214400000,0.0918,0.0949,0.0914,0.0946,175993.7
1753228800000,0.0946,0.0948,0.0915,0.0921,236295.7
1753243200000,0.0921,0.0937,0.0906,0.091,206986.0
1753257600000,0.091,0.0919,0.0883,0.0892,285607.5
1753272000000,0.0892,0.0892,0.0839,0.0865,491956.4
1753286400000,0.0865,0.0867,0.0824,0.0845,235681.0
1753300800000,0.0845,0.0849,0.081,0.0833,214403.3
1753315200000,0.0833,0.0843,0.0825,0.083,205820.6
1753329600000,0.083,0.0834,0.0768,0.0803,355481.2
1753344000000,0.0803,0.0827,0.0796,0.0821,149722.4
1753358400000,0.0821,0.0848,0.0805,0.0829,163191.6
1753372800000,0.0829,0.0831,0.0804,0.082,130447.6
1753387200000,0.082,0.0826,0.0801,0.0806,129222.6
1753401600000,0.0806,0.0813,0.0785,0.0801,155536.0
1753416000000,0.0801,0.0826,0.0797,0.0819,280971.2
1753430400000,0.0819,0.0837,0.0815,0.0833,201766.2
1753444800000,0.0833,0.0838,0.0797,0.0811,202421.1
1753459200000,0.0811,0.0819,0.0804,0.0814,92238.5
1753473600000,0.0814,0.0845,0.0814,0.0844,85070.2
1753488000000,0.0844,0.0846,0.0836,0.0843,75162.0
1753502400000,0.0843,0.0852,0.084,0.0849,62720.7
1753516800000,0.0849,0.0859,0.0845,0.0848,97402.4
1753531200000,0.0848,0.0849,0.0841,0.0848,99268.7
1753545600000,0.0848,0.0856,0.0843,0.0853,99592.0
1753560000000,0.0853,0.0856,0.0842,0.0843,48308.5
1753574400000,0.0843,0.0869,0.0842,0.0864,125168.1
1753588800000,0.0864,0.0873,0.0862,0.0865,120516.4
1753603200000,0.0865,0.0875,0.0852,0.0869,123021.9
1753617600000,0.0869,0.0891,0.0858,0.0864,163369.7
1753632000000,0.0864,0.0883,0.0864,0.0877,139253.7
1753646400000,0.0877,0.0894,0.0874,0.0889,92918.0
1753660800000,0.0889,0.0896,0.0875,0.0894,137837.5
1753675200000,0.0894,0.0906,0.0888,0.0899,135577.8
1753689600000,0.0899,0.09,0.0881,0.0886,124124.5
1753704000000,0.0886,0.089,0.0848,0.0853,226315.0
1753718400000,0.0853,0.0857,0.0829,0.0837,184325.5
1753732800000,0.0837,0.0838,0.0814,0.0821,118713.5
1753747200000,0.0821,0.0828,0.08,0.0822,245584.0
1753761600000,0.0822,0.0856,0.0817,0.0852,99448.2
1753776000000,0.0852,0.087,0.0844,0.0858,162356.4
1753790400000,0.0858,0.0872,0.0814,0.0823,256227.3
1753804800000,0.0823,0.0835,0.0808,0.0819,159070.5
1753819200000,0.0819,0.0835,0.0807,0.0834,122420.1
1753833600000,0.0834,0.0834,0.0808,0.0812,125688.5
1753848000000,0.0812,0.083,0.0803,0.0821,144018.1
1753862400000,0.0821,0.0822,0.0777,0.078,201497.9
1753876800000,0.078,0.0808,0.0776,0.0807,339704.0
1753891200000,0.0807,0.0826,0.0773,0.081,599813.7
1753905600000,0.081,0.0823,0.08,0.0815,182231.2
1753920000000,0.0815,0.0838,0.0811,0.0835,229239.6
1753934400000,0.0835,0.0854,0.0832,0.0847,438170.9
1753948800000,0.0847,0.0856,0.0837,0.0841,343765.4
1753963200000,0.0841,0.0841,0.0802,0.0815,1077965.8
1753977600000,0.0815,0.0837,0.0806,0.0809,586104.0
1753992000000,0.0809,0.0809,0.0768,0.0771,593619.7
1754006400000,0.0771,0.0789,0.0745,0.078,1241056.0
1754020800000,0.078,0.0781,0.0755,0.0763,646604.2
1754035200000,0.0763,0.0763,0.0743,0.076,845608.4
1754049600000,0.076,0.0769,0.0734,0.0757,866505.1
1754064000000,0.0757,0.0767,0.0737,0.0757,669780.2
1754078400000,0.0757,0.0759,0.0716,0.0739,1033544.7
1754092800000,0.0739,0.0757,0.0739,0.075,315663.4
1754107200000,0.075,0.0754,0.0728,0.0744,319135.2
1754121600000,0.0744,0.075,0.0728,0.0741,757783.7
1754136000000,0.0741,0.0742,0.072,0.0724,807775.7
1754150400000,0.0724,0.0733,0.0705,0.0717,1017429.3
1754164800000,0.0717,0.0731,0.0715,0.0722,563665.2
1754179200000,0.0722,0.0741,0.0712,0.0737,683134.8
1754193600000,0.0737,0.0748,0.0735,0.0748,487866.3
1754208000000,0.0748,0.076,0.0743,0.0758,687163.7
1754222400000,0.0758,0.0758,0.0744,0.0748,723648.5
1754236800000,0.0748,0.0756,0.0746,0.0751,446623.3
1754251200000,0.0751,0.0763,0.0748,0.0755,603405.0
1754265600000,0.0755,0.0772,0.0754,0.0758,833512.0
1754280000000,0.0757,0.0767,0.0754,0.0764,849255.4
1754294400000,0.0764,0.0769,0.0756,0.076,784028.0
1754308800000,0.076,0.0781,0.0755,0.0774,1154750.3
1754323200000,0.0774,0.0798,0.0773,0.0784,1147226.0
1754337600000,0.0784,0.0806,0.0783,0.0797,594530.4
1754352000000,0.0797,0.0806,0.0778,0.0779,842816.5
1754366400000,0.0779,0.0788,0.0766,0.0768,822639.5
1754380800000,0.0768,0.0795,0.0764,0.0793,560299.2
1754395200000,0.0793,0.0797,0.0756,0.076,862848.6
1754409600000,0.076,0.0772,0.0757,0.0765,432882.0
1754424000000,0.0765,0.0775,0.0747,0.0773,398640.3
1754438400000,0.0773,0.0777,0.0745,0.0748,477806.2
1754452800000,0.0748,0.0827,0.0742,0.0813,2156103.2
1754467200000,0.0813,0.0814,0.0779,0.078,823810.2
1754481600000,0.078,0.0797,0.0769,0.0797,680802.2
1754496000000,0.0797,0.0803,0.0788,0.0793,474369.6
1754510400000,0.0793,0.0795,0.0786,0.0789,211718.9
1754524800000,0.0789,0.08,0.0778,0.078,279797.3
1754539200000,0.078,0.0798,0.078,0.0791,420473.1
1754553600000,0.0791,0.0835,0.0791,0.0832,862617.0
1754568000000,0.0832,0.0835,0.0808,0.0815,769073.7
1754582400000,0.0815,0.0822,0.0798,0.0816,433403.4
1754596800000,0.0816,0.0828,0.0815,0.0827,388172.3
1754611200000,0.0827,0.0837,0.0817,0.0823,670036.3
1754625600000,0.0823,0.0824,0.0805,0.082,379991.4
1754640000000,0.082,0.083,0.0816,0.0823,367472.4
1754654400000,0.0823,0.0852,0.08,0.084,1302037.4
1754668800000,0.084,0.0991,0.0834,0.0915,4129198.0
1754683200000,0.0915,0.0921,0.0893,0.0912,1401946.5
1754697600000,0.0912,0.0935,0.09,0.0913,1381646.0
1754712000000,0.0913,0.0955,0.0903,0.0942,1551529.5
1754726400000,0.0942,0.0943,0.0917,0.0924,1092893.2
1754740800000,0.0924,0.093,0.0909,0.0912,1085791.2
1754755200000,0.0912,0.0924,0.0907,0.0919,550973.9
1754769600000,0.0919,0.0922,0.0903,0.0909,498947.8
1754784000000,0.0909,0.0915,0.0897,0.0914,946667.9
1754798400000,0.0914,0.0927,0.0874,0.0874,1230202.8
1754812800000,0.0874,0.0882,0.0861,0.0862,848192.9
1754827200000,0.0862,0.0887,0.0858,0.0879,525010.2
1754841600000,0.0879,0.0913,0.0878,0.0903,718651.3
1754856000000,0.0903,0.0905,0.0884,0.0896,383378.5
1754870400000,0.0896,0.0917,0.0886,0.0908,598343.7
1754884800000,0.0908,0.092,0.0877,0.0879,509135.5
1754899200000,0.0879,0.0893,0.0853,0.0856,488636.3
1754913600000,0.0856,0.0881,0.0846,0.0877,600625.1
1754928000000,0.0877,0.0889,0.0852,0.0859,273576.2
1754942400000,0.0859,0.0861,0.0835,0.0842,549367.9
1754956800000,0.0842,0.0858,0.084,0.0845,324569.6
1754971200000,0.0845,0.0851,0.0826,0.0845,216742.7
1754985600000,0.0845,0.0845,0.0817,0.083,168767.5
1755000000000,0.083,0.0874,0.0825,0.0873,283788.6
1755014400000,0.0873,0.0888,0.0866,0.0887,167856.2
1755028800000,0.0887,0.0898,0.0875,0.088,178589.6
1755043200000,0.088,0.0895,0.0869,0.089,165499.9
1755057600000,0.089,0.0898,0.0872,0.0886,149917.2
1755072000000,0.0886,0.0908,0.0884,0.0905,170221.9
1755086400000,0.0905,0.0915,0.0889,0.0904,354235.4
1755100800000,0.0904,0.0921,0.0896,0.0903,213941.8
1755115200000,0.0903,0.0917,0.0894,0.0914,183021.3
1755129600000,0.0914,0.0928,0.0895,0.0921,240160.8
1755144000000,0.0921,0.0924,0.0882,0.0888,198637.5
1755158400000,0.0888,0.0888,0.0866,0.088,68208.3
1755172800000,0.087,0.0875,0.0805,0.0829,478207.4
1755187200000,0.0829,0.0837,0.0797,0.081,155429.8
1755201600000,0.081,0.0813,0.0789,0.0806,71499.0
1755216000000,0.0806,0.083,0.0803,0.0823,78405.7
1755230400000,0.0823,0.0841,0.082,0.0835,58254.4
1755244800000,0.0835,0.084,0.0817,0.0822,62330.4
1755259200000,0.0822,0.0836,0.0778,0.0785,210366.4
1755273600000,0.0785,0.0804,0.0776,0.0791,96603.2
1755288000000,0.0791,0.0813,0.0786,0.0804,43099.5
1755302400000,0.0804,0.0814,0.0801,0.0805,37990.8
1755316800000,0.0805,0.0811,0.0799,0.0809,47967.1
1755331200000,0.0809,0.0811,0.0792,0.0795,74169.3
1755345600000,0.0795,0.0822,0.0792,0.0817,126139.0
1755360000000,0.0817,0.0823,0.0812,0.0816,66286.5
1755374400000,0.0816,0.0829,0.0815,0.0822,53314.0
1755388800000,0.0822,0.0834,0.0819,0.0829,40718.9
1755403200000,0.0829,0.0841,0.0827,0.0838,53765.3
1755417600000,0.0838,0.0851,0.0834,0.0846,78689.6
1755432000000,0.0846,0.0857,0.0835,0.0857,82572.0
1755446400000,0.0857,0.0862,0.0829,0.0835,65374.8
1755460800000,0.0835,0.0843,0.0831,0.0831,50719.4
1755475200000,0.0831,0.0834,0.0787,0.0797,135343.0
1755489600000,0.0797,0.0805,0.0782,0.079,98815.3
1755504000000,0.079,0.0799,0.0777,0.0794,114870.6
1755518400000,0.0794,0.0807,0.0789,0.08,58472.4
1755532800000,0.08,0.0808,0.079,0.0798,41599.1
1755547200000,0.0798,0.0812,0.0791,0.0796,32707.5
1755561600000,0.0796,0.0808,0.0776,0.0779,78474.5
1755576000000,0.0779,0.0788,0.0769,0.0784,45911.7
1755590400000,0.0784,0.0805,0.0777,0.0803,36939.9
1755604800000,0.0803,0.0805,0.0771,0.0775,46905.5
1755619200000,0.0775,0.0776,0.0751,0.0759,39297.4
1755633600000,0.0759,0.0769,0.075,0.0752,24316.8
1755648000000,0.0752,0.0773,0.0749,0.0767,33316.4
1755662400000,0.0767,0.0784,0.0767,0.0775,25183.6
1755676800000,0.0775,0.0786,0.0771,0.0781,25489.2
1755691200000,0.0781,0.0796,0.0759,0.0787,57162.3
1755705600000,0.0787,0.0821,0.0786,0.0817,137045.9
1755720000000,0.0817,0.0819,0.0805,0.0808,25017.4
1755734400000,0.0808,0.0812,0.0795,0.08,38212.9
1755748800000,0.08,0.0804,0.0787,0.0796,26026.6
1755763200000,0.0796,0.0797,0.0783,0.0791,35678.5
1755777600000,0.0791,0.0801,0.078,0.0785,89171.3
1755792000000,0.0785,0.0799,0.0783,0.0787,42939.5
1755806400000,0.0787,0.0795,0.0783,0.0787,21241.4
1755820800000,0.0787,0.0794,0.0774,0.078,37260.0
1755835200000,0.078,0.0792,0.0777,0.0788,29088.4
1755849600000,0.0788,0.0793,0.077,0.0771,30809.0
1755864000000,0.0771,0.0828,0.0753,0.0819,200804.8
1755878400000,0.0819,0.0849,0.0819,0.0847,66889.5
1755892800000,0.0847,0.086,0.0846,0.0853,55028.4
1755907200000,0.0853,0.0857,0.0818,0.0826,55482.4
1755921600000,0.0826,0.0855,0.0826,0.0837,42909.5
1755936000000,0.0837,0.0843,0.083,0.0832,27694.7
1755950400000,0.0832,0.0843,0.0828,0.0838,443736.0
1755964800000,0.0838,0.0855,0.0834,0.0854,20155.4
1755979200000,0.0854,0.0856,0.0838,0.0841,22179.8
1755993600000,0.0841,0.0845,0.0828,0.0831,27478.7
1756008000000,0.0831,0.0834,0.0806,0.081,47125.1
1756022400000,0.081,0.0814,0.0796,0.0804,35882.8
1756036800000,0.0804,0.0821,0.0802,0.0812,31883.3
1756051200000,0.0812,0.0856,0.0806,0.0826,88293.9
1756065600000,0.0826,0.0829,0.0803,0.0815,41663.6
1756080000000,0.0815,0.0831,0.0794,0.082,48840.5
1756094400000,0.082,0.0822,0.0771,0.0775,55080.9
1756108800000,0.0775,0.078,0.0762,0.0772,36328.5
1756123200000,0.0772,0.0779,0.0759,0.0762,54381.5
1756137600000,0.0762,0.0769,0.0721,0.0724,89818.4
1756152000000,0.0724,0.0726,0.07,0.0718,97940.8
1756166400000,0.0718,0.0728,0.071,0.072,46389.4
1756180800000,0.072,0.0727,0.072,0.0723,3055.9
1756195200000,0.0723,0.0727,0.0713,0.0719,37353.4
1756209600000,0.0719,0.0736,0.0713,0.0721,71411.8
1756224000000,0.0721,0.0731,0.0715,0.073,45003.8
1756238400000,0.073,0.0739,0.0726,0.073,60066.5
1756252800000,0.073,0.0744,0.0723,0.074,59530.6
1756267200000,0.074,0.0756,0.0732,0.0735,71146.5
1756281600000,0.0735,0.0741,0.0728,0.0736,41574.7
1756296000000,0.0736,0.0744,0.0725,0.0737,96729.3
1756310400000,0.0737,0.0742,0.0724,0.0728,66141.0
1756324800000,0.0728,0.0739,0.0717,0.0722,81749.1
1756339200000,0.0722,0.0736,0.0715,0.0736,77048.9
1756353600000,0.0736,0.0748,0.0734,0.0746,62370.5
1756368000000,0.0746,0.0754,0.0738,0.0748,51363.9
1756382400000,0.0748,0.0855,0.0744,0.0825,1643281.6
1756396800000,0.0825,0.0852,0.0777,0.0777,653231.3
1756411200000,0.0777,0.0821,0.0773,0.0818,354101.4
1756425600000,0.0818,0.0973,0.0793,0.0964,1359610.0
1756440000000,0.0964,0.1049,0.0878,0.0883,3794269.2
1756454400000,0.0883,0.092,0.0857,0.0908,1324116.7
1756468800000,0.0908,0.0927,0.0816,0.082,1595748.9
1756483200000,0.082,0.0835,0.0804,0.0831,510161.2
1756497600000,0.0831,0.086,0.0824,0.0845,465718.9
1756512000000,0.0845,0.0845,0.0801,0.0824,351187.5
1756526400000,0.0824,0.0864,0.0823,0.0844,374179.9
1756540800000,0.0844,0.0846,0.0829,0.0831,203046.8
1756555200000,0.0831,0.088,0.0822,0.0866,477244.4
1756569600000,0.0866,0.0908,0.0853,0.0878,766657.0
1756584000000,0.0878,0.0896,0.0865,0.0885,212348.2
1756598400000,0.0885,0.0894,0.0861,0.0865,289409.6
1756612800000,0.0865,0.0887,0.0864,0.0868,204224.4
1756627200000,0.0868,0.0873,0.0853,0.0856,144434.0
1756641600000,0.0856,0.086,0.0841,0.0849,109201.5
1756656000000,0.0849,0.0855,0.0846,0.0846,95341.6
1756670400000,0.0846,0.085,0.0828,0.0833,85519.1
1756684800000,0.0833,0.0837,0.0806,0.0811,222503.8
1756699200000,0.0811,0.0822,0.0797,0.082,217023.5
1756713600000,0.082,0.0833,0.0805,0.0807,212596.3
1756728000000,0.0807,0.082,0.0798,0.0802,195951.3
1756742400000,0.0802,0.0802,0.0785,0.0796,162258.7
1756756800000,0.0796,0.0797,0.076,0.0778,258942.2
1756771200000,0.0778,0.0797,0.0771,0.0795,159247.7
1756785600000,0.0795,0.08,0.0788,0.079,161402.2
1756800000000,0.079,0.0794,0.0782,0.0784,136571.9
1756814400000,0.0784,0.0789,0.0762,0.0769,258415.9
1756828800000,0.0769,0.078,0.0763,0.0765,109440.1
1756843200000,0.0765,0.0786,0.0763,0.0783,131132.7
1756857600000,0.0783,0.079,0.0772,0.0788,112019.0
1756872000000,0.0788,0.0791,0.0775,0.0789,129016.4
1756886400000,0.0789,0.081,0.0782,0.0799,204172.7
1756900800000,0.0799,0.0817,0.0797,0.0802,301577.9
1756915200000,0.0802,0.0807,0.0796,0.0803,85762.2
1756929600000,0.0803,0.0806,0.0793,0.0796,124169.2
1756944000000,0.0796,0.08,0.0778,0.078,372944.1
1756958400000,0.078,0.0786,0.0768,0.0773,226341.1
1756972800000,0.0773,0.0777,0.0765,0.0771,135259.3
1756987200000,0.0771,0.0776,0.0755,0.076,228071.3
1757001600000,0.076,0.0763,0.075,0.0751,213737.7
1757016000000,0.0751,0.0764,0.075,0.0751,119021.2
1757030400000,0.0751,0.0767,0.075,0.0764,71546.9
1757044800000,0.0764,0.0783,0.076,0.0781,143699.5
1757059200000,0.0781,0.0782,0.0764,0.0773,171786.2
1757073600000,0.0773,0.0785,0.0749,0.0764,422210.5
1757088000000,0.0764,0.0775,0.0762,0.0773,138501.3
1757102400000,0.0773,0.0784,0.0773,0.0781,127926.7
1757116800000,0.0781,0.0798,0.0775,0.0787,317572.9
1757131200000,0.0787,0.0788,0.0778,0.0787,129946.9
1757145600000,0.0787,0.0787,0.077,0.0775,180007.6
1757160000000,0.0775,0.0782,0.0767,0.0772,158969.1
1757174400000,0.0772,0.0783,0.0769,0.0772,155359.2
1757188800000,0.0772,0.079,0.0771,0.0786,149122.2
1757203200000,0.0786,0.0798,0.0783,0.0791,189346.0
1757217600000,0.0791,0.0795,0.078,0.0781,225414.3
1757232000000,0.0781,0.0786,0.0774,0.0784,224039.0
1757246400000,0.0784,0.0784,0.0777,0.0781,235244.8
1757260800000,0.0781,0.0783,0.077,0.0771,134092.6
1757275200000,0.0771,0.0788,0.077,0.0779,231475.1
1757289600000,0.0779,0.0805,0.0776,0.0801,362889.0
1757304000000,0.0801,0.0806,0.079,0.0795,526235.4
1757318400000,0.0795,0.0813,0.0794,0.0803,579699.0
1757332800000,0.0803,0.0824,0.0801,0.0822,732472.5
1757347200000,0.0822,0.0828,0.081,0.0812,480718.4
1757361600000,0.0812,0.0827,0.0804,0.082,333827.9
1757376000000,0.082,0.084,0.0817,0.0838,762798.0
1757390400000,0.0838,0.087,0.0833,0.0866,949093.2
1757404800000,0.0866,0.0937,0.0866,0.0919,3056350.8
1757419200000,0.0919,0.093,0.0852,0.0855,2198005.2
1757433600000,0.0855,0.0858,0.0839,0.0848,827083.5
1757448000000,0.0848,0.086,0.0841,0.0854,495709.4
1757462400000,0.0854,0.0902,0.0853,0.0871,2091105.5
1757476800000,0.0871,0.0891,0.0841,0.0877,2775132.6
1757491200000,0.0877,0.0929,0.0876,0.0887,3974494.0
1757505600000,0.0887,0.1044,0.0882,0.103,6698305.6
1757520000000,0.103,0.1068,0.0911,0.092,5645431.8
1757534400000,0.092,0.0966,0.092,0.0945,2232745.7
1757548800000,0.0945,0.0948,0.0918,0.0922,1156816.7
1757563200000,0.0922,0.0935,0.0903,0.0924,1775358.6
1757577600000,0.0924,0.0934,0.0907,0.0907,1138136.0
1757592000000,0.0907,0.0923,0.0897,0.0917,1560988.6
1757606400000,0.0917,0.0939,0.0915,0.0937,990302.9
1757620800000,0.0937,0.0968,0.0932,0.0954,922087.9
1757635200000,0.0954,0.0981,0.0951,0.0972,2074868.9
1757649600000,0.0972,0.0987,0.0956,0.0959,1623899.9
1757664000000,0.0959,0.097,0.0932,0.0938,1477485.2
1757678400000,0.0938,0.0949,0.0926,0.0935,846413.3
1757692800000,0.0935,0.0954,0.0933,0.0953,709348.3
1757707200000,0.0953,0.0954,0.0942,0.0945,738035.1
1757721600000,0.0945,0.0962,0.0943,0.0951,1320779.2
1757736000000,0.0951,0.0953,0.0933,0.0943,1338516.6
1757750400000,0.0943,0.0957,0.0939,0.0946,1146308.5
1757764800000,0.0946,0.097,0.0931,0.0938,2839584.7
1757779200000,0.0938,0.0942,0.0916,0.0932,1596868.9
1757793600000,0.0932,0.0945,0.0931,0.0944,1016862.8
1757808000000,0.0944,0.0944,0.0917,0.0919,993322.5
1757822400000,0.0919,0.0937,0.0909,0.0927,958088.2
1757836800000,0.0927,0.0938,0.0907,0.0911,984748.5
1757851200000,0.0911,0.0916,0.0889,0.0896,1463607.1
1757865600000,0.0896,0.091,0.0892,0.0905,697985.0
1757880000000,0.0905,0.0915,0.09,0.0908,599991.4
1757894400000,0.0908,0.0928,0.0901,0.0915,1032101.6
1757908800000,0.0915,0.0932,0.09,0.0902,2659130.8
1757923200000,0.0902,0.0903,0.0875,0.0883,4720735.2
1757937600000,0.0883,0.0887,0.0858,0.0865,3094413.3
1757952000000,0.0865,0.088,0.085,0.088,1447839.7
1757966400000,0.088,0.0885,0.0873,0.0876,1085730.1
1757980800000,0.0876,0.0878,0.0863,0.0864,1221531.2
1757995200000,0.0864,0.0877,0.0855,0.0873,705778.0
1758009600000,0.0873,0.0887,0.0868,0.0869,1030334.7
1758024000000,0.0869,0.0887,0.0859,0.0876,2416324.7
1758038400000,0.0876,0.0888,0.0865,0.0886,2270870.0
1758052800000,0.0886,0.0896,0.0884,0.0895,875124.0
1758067200000,0.0895,0.0906,0.0884,0.0884,2341639.0
1758081600000,0.0884,0.0903,0.088,0.0902,2435979.7
1758096000000,0.0902,0.0903,0.0873,0.0879,1460435.0
1758110400000,0.0879,0.0992,0.0875,0.0929,28514422.6
1758124800000,0.0929,0.1013,0.0921,0.1004,10189532.5
1758139200000,0.1004,0.103,0.0973,0.0994,9409152.0
1758153600000,0.0994,0.1063,0.0994,0.1026,10316509.3
1758168000000,0.1026,0.1124,0.1026,0.1089,16995637.1
1758182400000,0.1089,0.1186,0.1072,0.1171,20474575.3
1758196800000,0.1171,0.1226,0.1127,0.1174,15409393.2
1758211200000,0.1174,0.1213,0.1155,0.1186,6720103.8
1758225600000,0.1186,0.1279,0.1177,0.1213,8635794.2
1758240000000,0.1213,0.1223,0.1139,0.1142,4939546.4
1758254400000,0.1142,0.1165,0.1123,0.1142,3855750.0
1758268800000,0.1142,0.1142,0.1097,0.1109,3708781.2
1758283200000,0.1109,0.1128,0.1087,0.1095,3208690.0
1758297600000,0.1095,0.111,0.1075,0.108,1861176.4
1758312000000,0.108,0.1132,0.108,0.1115,1951442.0
1758326400000,0.1115,0.1202,0.1087,0.1188,6659584.5
1758340800000,0.1188,0.1293,0.1179,0.1261,10325306.4
1758355200000,0.1261,0.1272,0.1207,0.1218,5210843.2
1758369600000,0.1218,0.1221,0.1152,0.1176,5441905.6
1758384000000,0.1176,0.1216,0.1169,0.1195,3107937.0
1758398400000,0.1195,0.1218,0.1185,0.1201,2069724.8
1758412800000,0.1201,0.1201,0.1151,0.1175,3165247.6
1758427200000,0.1175,0.1216,0.1153,0.1185,2635172.3
1758441600000,0.1185,0.1213,0.1142,0.1143,3262580.6
1758456000000,0.1143,0.1192,0.1143,0.1152,2199837.7
1758470400000,0.1152,0.1165,0.115,0.1152,1092560.5
1758484800000,0.1152,0.1156,0.112,0.1121,1272149.5
1758499200000,0.1121,0.1122,0.1064,0.1072,2737882.0
1758513600000,0.1072,0.108,0.1018,0.1072,3622667.0
1758528000000,0.1072,0.1109,0.105,0.1061,3347657.7
1758542400000,0.1061,0.1087,0.1027,0.1028,2851554.4
1758556800000,0.1028,0.1033,0.098,0.0997,2488899.5
1758571200000,0.0997,0.104,0.0996,0.1034,1370601.8
1758585600000,0.1034,0.1046,0.0991,0.101,2165441.9
1758600000000,0.101,0.1066,0.0995,0.1053,2425150.8
1758614400000,0.1053,0.108,0.1031,0.1044,2256314.0
1758628800000,0.1044,0.107,0.1024,0.105,2295901.2
1758643200000,0.105,0.1054,0.1002,0.1007,1431897.9
1758657600000,0.1007,0.1017,0.0995,0.0996,1262574.4
1758672000000,0.0996,0.1023,0.098,0.098,1595454.8
1758686400000,0.098,0.1054,0.0965,0.1039,3747821.0
1758700800000,0.1039,0.1075,0.1039,0.1071,3180524.2
1758715200000,0.1071,0.1111,0.1062,0.1076,3148582.7
1758729600000,0.1076,0.109,0.1054,0.1062,1778259.1
1758744000000,0.1062,0.107,0.105,0.1058,1001300.8
1758758400000,0.1058,0.1086,0.1007,0.1014,3184171.9
1758772800000,0.1014,0.1016,0.0986,0.0995,2564383.4
1758787200000,0.0995,0.1005,0.098,0.0984,1744422.7
1758801600000,0.0984,0.1021,0.0961,0.1006,3546404.6
1758816000000,0.1006,0.1086,0.0967,0.106,8184453.2
1758830400000,0.106,0.107,0.1006,0.1023,3666563.0
1758844800000,0.1023,0.1055,0.1006,0.1051,2552415.1
1758859200000,0.1051,0.1067,0.102,0.1041,2812863.3
1758873600000,0.1041,0.1069,0.0998,0.1014,3069700.9
1758888000000,0.1014,0.1038,0.0993,0.1006,2263703.8
1758902400000,0.1006,0.107,0.1006,0.1055,2676648.8
1758916800000,0.1055,0.1065,0.1032,0.104,1232583.3
1758931200000,0.104,0.1099,0.1038,0.1077,3173933.9
1758945600000,0.1077,0.1121,0.1075,0.1087,3140379.8
1758960000000,0.1087,0.1106,0.1041,0.1072,4781147.9
1758974400000,0.1072,0.1083,0.1052,0.1074,1445299.7
1758988800000,0.1074,0.1079,0.1049,0.1065,1121062.6
1759003200000,0.1065,0.1077,0.1053,0.1055,1067162.1
1759017600000,0.1055,0.1061,0.1024,0.1037,1494951.8
1759032000000,0.1037,0.1044,0.1022,0.1023,1073954.2
1759046400000,0.1023,0.1027,0.1007,0.1019,1706818.8
1759060800000,0.1019,0.1049,0.1002,0.1047,1688425.6
1759075200000,0.1047,0.1069,0.104,0.1063,1362081.1
1759089600000,0.1063,0.1099,0.1058,0.1093,1806384.9
1759104000000,0.1093,0.11,0.1081,0.1092,1356629.9
1759118400000,0.1092,0.1093,0.1054,0.1057,1765965.3
1759132800000,0.1057,0.1076,0.1031,0.1036,2233703.2
1759147200000,0.1036,0.1074,0.1019,0.1038,2567584.8
1759161600000,0.1038,0.1061,0.1029,0.1059,1039008.2
1759176000000,0.1059,0.1073,0.1036,0.1037,719595.0
1759190400000,0.1037,0.1042,0.1013,0.102,1407427.1
1759204800000,0.102,0.1035,0.1017,0.1022,1577660.7
1759219200000,0.1022,0.1028,0.1009,0.1014,869784.5
1759233600000,0.1014,0.1015,0.0977,0.0985,1497777.0
1759248000000,0.0985,0.1009,0.0976,0.1007,1137432.7
1759262400000,0.1007,0.1023,0.0994,0.1004,975583.8
1759276800000,0.1004,0.1021,0.0986,0.0992,708558.5
1759291200000,0.0992,0.1011,0.099,0.0993,753867.1
1759305600000,0.0993,0.1063,0.0991,0.1063,2729343.3
1759320000000,0.1063,0.1092,0.1061,0.1082,2652156.4
1759334400000,0.1082,0.1148,0.1081,0.1111,3379378.6
1759348800000,0.1111,0.1142,0.1106,0.1126,1523230.0
1759363200000,0.1126,0.1155,0.1113,0.1149,1700029.4
1759377600000,0.1149,0.1161,0.113,0.1148,2090759.5
1759392000000,0.1148,0.115,0.1125,0.1134,2411304.5
1759406400000,0.1134,0.1147,0.1105,0.1122,2324401.3
1759420800000,0.1122,0.1166,0.1119,0.1149,2189787.1
1759435200000,0.1149,0.1153,0.1116,0.1122,1182737.2
1759449600000,0.1122,0.1122,0.1086,0.1095,1157414.7
1759464000000,0.1095,0.1115,0.1087,0.1095,1372010.9
1759478400000,0.1095,0.112,0.1089,0.1108,1417276.1
1759492800000,0.1108,0.1224,0.1097,0.1198,6520865.1
1759507200000,0.1198,0.1244,0.1189,0.1216,4209112.1
1759521600000,0.1216,0.1225,0.1198,0.1209,838016.3
1759536000000,0.1209,0.122,0.1181,0.1185,2155880.7
1759550400000,0.1185,0.119,0.1158,0.1168,2465815.0
1759564800000,0.1168,0.1183,0.1153,0.116,1656304.6
1759579200000,0.116,0.1183,0.1135,0.1138,1699076.0
1759593600000,0.1138,0.1151,0.1135,0.1141,1103618.8
1759608000000,0.1141,0.1163,0.1138,0.1161,798509.5
1759622400000,0.1161,0.1187,0.1138,0.1167,1745806.8
1759636800000,0.1167,0.1254,0.1161,0.1231,3893967.9
1759651200000,0.1231,0.124,0.1187,0.1198,2052986.4
1759665600000,0.1198,0.1204,0.1176,0.1198,1162905.1
1759680000000,0.1198,0.1215,0.1173,0.1174,2046246.3
1759694400000,0.1174,0.1195,0.1169,0.1186,1006106.6
1759708800000,0.1186,0.1206,0.1164,0.1189,1874697.0
1759723200000,0.1189,0.1191,0.1152,0.1161,1515980.0
1759737600000,0.1161,0.1191,0.1158,0.1182,1221344.4
1759752000000,0.1182,0.1246,0.1179,0.1223,2796535.6
1759766400000,0.1223,0.134,0.1214,0.1323,5210491.3
1759780800000,0.1323,0.137,0.1304,0.1334,4299084.9
1759795200000,0.1334,0.1345,0.129,0.1309,2270590.4
1759809600000,0.1309,0.1325,0.1279,0.129,1740868.5
1759824000000,0.129,0.1346,0.1266,0.1345,2808139.2
1759838400000,0.1345,0.1461,0.1277,0.1281,9586231.1
1759852800000,0.1281,0.1304,0.1249,0.126,2047770.3
1759867200000,0.126,0.1281,0.1228,0.1228,1123252.0
1759881600000,0.1228,0.1252,0.1168,0.1168,2047589.1
1759896000000,0.1168,0.1184,0.115,0.1183,1467065.3
1759910400000,0.1183,0.1203,0.1157,0.1161,2018326.4
1759924800000,0.1161,0.1173,0.1137,0.1155,1723809.4
1759939200000,0.1155,0.1214,0.1152,0.1203,2112522.1
1759953600000,0.1203,0.1205,0.1168,0.1179,730283.4
1759968000000,0.1179,0.1182,0.1117,0.1134,955223.2
1759982400000,0.1134,0.1145,0.1105,0.1112,954698.1
1759996800000,0.1112,0.1126,0.1091,0.1119,1174886.6
1760011200000,0.1119,0.1132,0.1087,0.1093,1242524.1
1760025600000,0.1093,0.1115,0.1078,0.1106,957380.8
1760040000000,0.1106,0.1132,0.1101,0.1124,434993.5
1760054400000,0.1124,0.1137,0.1093,0.1105,974602.5
1760068800000,0.1105,0.1116,0.1083,0.1084,992233.8
1760083200000,0.1084,0.109,0.1069,0.1078,912382.9
1760097600000,0.1078,0.1094,0.0993,0.1017,2866164.0
1760112000000,0.1017,0.1028,0.0967,0.098,2282917.6
1760126400000,0.098,0.0983,0.0226,0.076,10354100.5
1760140800000,0.076,0.0793,0.0714,0.0753,3409504.6
1760155200000,0.0753,0.0782,0.0747,0.0772,2277079.8
1760169600000,0.0772,0.0819,0.0763,0.0792,1850386.2
1760184000000,0.0792,0.0795,0.0759,0.0776,2409441.4
1760198400000,0.0776,0.0785,0.0725,0.0732,1013615.0
1760212800000,0.0732,0.0735,0.0702,0.0726,1060976.7
1760227200000,0.0726,0.0728,0.0688,0.071,1653625.6
1760241600000,0.071,0.0733,0.071,0.0726,695335.3
1760256000000,0.0726,0.0731,0.0708,0.0712,854351.1
1760270400000,0.0712,0.0788,0.0704,0.0782,2596657.9
1760284800000,0.0782,0.0823,0.0782,0.0821,2284500.4
1760299200000,0.0821,0.0835,0.0799,0.0808,1023949.2
1760313600000,0.0808,0.084,0.0787,0.0813,1706036.3
1760328000000,0.0813,0.0852,0.0807,0.0838,1529141.7
1760342400000,0.0838,0.0875,0.0816,0.0831,3429020.2
1760356800000,0.0831,0.0874,0.0822,0.0849,3411333.6
1760371200000,0.0849,0.0894,0.0841,0.0885,1866561.9
1760385600000,0.0885,0.0894,0.0877,0.0886,760617.4
1760400000000,0.0886,0.0886,0.085,0.0851,1890161.0
1760414400000,0.0851,0.0854,0.0771,0.0789,2540054.3
1760428800000,0.0789,0.0803,0.0772,0.0796,1006916.0
1760443200000,0.0796,0.0838,0.0775,0.0837,1743615.9
1760457600000,0.0837,0.0852,0.0817,0.0829,1503858.3
1760472000000,0.0829,0.0843,0.0824,0.0838,371835.3
1760486400000,0.0838,0.0869,0.0828,0.0834,1917079.3
1760500800000,0.0834,0.0841,0.0818,0.083,744679.1
1760515200000,0.083,0.0851,0.0814,0.0819,1007837.9
1760529600000,0.0819,0.0887,0.0803,0.0828,5754173.2
1760544000000,0.0828,0.0833,0.081,0.0815,976389.9
1760558400000,0.0815,0.0822,0.0792,0.0807,776930.9
1760572800000,0.0807,0.0816,0.0793,0.0803,619035.7
1760587200000,0.0803,0.0808,0.0787,0.0798,961797.0
1760601600000,0.0798,0.0812,0.0762,0.0797,1211790.6
1760616000000,0.0797,0.0812,0.0756,0.0761,2027890.4
1760630400000,0.0761,0.0785,0.074,0.0749,1626870.8
1760644800000,0.0749,0.0753,0.0733,0.075,660409.5
1760659200000,0.075,0.0763,0.0742,0.0761,616436.8
1760673600000,0.0761,0.0764,0.0704,0.0707,1383618.6
1760688000000,0.0707,0.0744,0.0693,0.0733,2240889.1
1760702400000,0.0733,0.0739,0.071,0.0739,1079316.3
1760716800000,0.0739,0.0749,0.0724,0.073,654313.4
1760731200000,0.073,0.0744,0.0726,0.0731,523934.9
1760745600000,0.0731,0.0751,0.0728,0.0738,302947.6
1760760000000,0.0738,0.0752,0.0728,0.0739,478854.0
1760774400000,0.0739,0.075,0.0735,0.0747,438063.1
1760788800000,0.0747,0.0751,0.0728,0.0734,353322.4
1760803200000,0.0734,0.0742,0.0722,0.0736,304773.8
1760817600000,0.0736,0.0746,0.0733,0.0738,220375.8
1760832000000,0.0738,0.0741,0.0726,0.0739,289109.1
1760846400000,0.0739,0.0741,0.0722,0.0728,384697.5
1760860800000,0.0728,0.0758,0.0716,0.0748,1254051.5
1760875200000,0.0748,0.0766,0.0738,0.0756,661699.2
1760889600000,0.0756,0.0769,0.0751,0.076,436275.3
1760904000000,0.076,0.0763,0.0746,0.0749,356942.1
1760918400000,0.0749,0.0773,0.0728,0.0768,576553.8
1760932800000,0.0768,0.0786,0.0759,0.0774,1113999.7
1760947200000,0.0774,0.0784,0.077,0.0776,424240.4
1760961600000,0.0776,0.0785,0.0766,0.0767,610346.5
1760976000000,0.0767,0.0767,0.0745,0.0763,1040748.1
1760990400000,0.0763,0.0768,0.0757,0.076,443614.4
1761004800000,0.076,0.0762,0.0738,0.0741,689764.3
1761019200000,0.0741,0.0741,0.0718,0.073,749117.4
1761033600000,0.073,0.0742,0.0718,0.0734,536369.6
1761048000000,0.0734,0.08,0.0731,0.0792,1230314.2
1761062400000,0.0792,0.0801,0.0773,0.0774,839017.9
1761076800000,0.0774,0.0776,0.0724,0.0729,723355.6
1761091200000,0.0729,0.0734,0.0719,0.0721,504935.5
1761105600000,0.0721,0.0728,0.071,0.072,863569.1
1761120000000,0.072,0.0725,0.0703,0.0722,771016.1
1761134400000,0.0722,0.0743,0.0719,0.0726,961125.7
1761148800000,0.0726,0.0729,0.0701,0.0708,734869.2
1761163200000,0.0708,0.0711,0.0675,0.0699,782582.9
1761177600000,0.0699,0.0705,0.0695,0.0703,385384.8
1761192000000,0.0703,0.0725,0.07,0.0719,426607.7
1761206400000,0.0719,0.0725,0.071,0.0712,347646.0
1761220800000,0.0712,0.0731,0.0705,0.0727,843888.8
1761235200000,0.0727,0.0741,0.0724,0.0728,471119.2
1761249600000,0.0728,0.073,0.0716,0.0725,334541.1
1761264000000,0.0725,0.0731,0.0721,0.0723,288977.3
1761278400000,0.0723,0.075,0.072,0.0738,426307.3
1761292800000,0.0738,0.0742,0.0723,0.0726,473984.1
1761307200000,0.0726,0.0748,0.0711,0.0714,1408929.1
1761321600000,0.0714,0.0731,0.0707,0.0729,401633.7
1761336000000,0.0729,0.0737,0.0726,0.0728,306372.2
1761350400000,0.0728,0.0728,0.0718,0.072,345825.8
1761364800000,0.072,0.0725,0.0715,0.0719,257947.7
1761379200000,0.0719,0.0725,0.0713,0.0718,236427.2
1761393600000,0.0718,0.0734,0.0717,0.0733,377941.5
1761408000000,0.0733,0.0741,0.0728,0.0739,463249.7
1761422400000,0.0739,0.074,0.0729,0.0732,234646.7
1761436800000,0.0732,0.0733,0.0721,0.0724,296385.8
1761451200000,0.0724,0.074,0.0723,0.0739,322023.2
1761465600000,0.0739,0.076,0.0739,0.0759,629113.3
1761480000000,0.0759,0.0762,0.0752,0.0757,469689.0
1761494400000,0.0757,0.0759,0.0743,0.0746,339280.0
1761508800000,0.0746,0.0762,0.0739,0.0756,752530.6
1761523200000,0.0756,0.0774,0.0754,0.0766,631786.4
1761537600000,0.0766,0.078,0.0755,0.0762,837874.0
1761552000000,0.0762,0.0763,0.0736,0.0743,1020968.9
1761566400000,0.0743,0.0743,0.0723,0.0733,776618.2
1761580800000,0.0733,0.0755,0.0733,0.0743,588892.2
1761595200000,0.0743,0.0751,0.0728,0.0731,763267.6
1761609600000,0.0731,0.0737,0.0719,0.0724,590106.6
1761624000000,0.0724,0.0743,0.0718,0.0729,535634.6
1761638400000,0.0729,0.0736,0.0724,0.0728,360019.5
1761652800000,0.0728,0.075,0.0718,0.0724,671453.9
1761667200000,0.0724,0.0731,0.0707,0.0711,825866.6
1761681600000,0.0711,0.0711,0.0692,0.0705,1174974.7
1761696000000,0.0705,0.0709,0.0697,0.0698,329648.3
1761710400000,0.0698,0.0706,0.0694,0.0702,455612.9
1761724800000,0.0702,0.0709,0.0696,0.0706,387520.8
1761739200000,0.0706,0.0714,0.0681,0.0686,859583.6
1761753600000,0.0686,0.0715,0.0672,0.0705,1413128.1
1761768000000,0.0705,0.0725,0.0686,0.0691,550331.1
1761782400000,0.0691,0.0702,0.0685,0.0693,532847.5
1761796800000,0.0693,0.0693,0.066,0.0682,1163529.3
1761811200000,0.0682,0.0684,0.0658,0.0658,682023.6
1761825600000,0.0658,0.0661,0.0621,0.0624,1421644.0
1761840000000,0.0624,0.063,0.0603,0.0607,980205.5
1761854400000,0.0607,0.0632,0.0604,0.063,623049.2
1761868800000,0.063,0.0637,0.0625,0.0637,418056.9
1761883200000,0.0637,0.0645,0.0631,0.0635,496855.8
1761897600000,0.0635,0.0651,0.0629,0.0651,510067.4
1761912000000,0.0651,0.0663,0.0647,0.0651,965763.6
1761926400000,0.0651,0.0657,0.0627,0.0652,956152.2
1761940800000,0.0652,0.0653,0.0644,0.0651,627944.4
1761955200000,0.0651,0.0655,0.064,0.0654,630330.2
1761969600000,0.0654,0.0668,0.0645,0.0666,393735.8
1761984000000,0.0666,0.0672,0.0659,0.0665,517548.2
1761998400000,0.0665,0.0673,0.0657,0.0665,663582.1
1762012800000,0.0665,0.0676,0.0662,0.0676,637774.7
1762027200000,0.0676,0.0682,0.0667,0.0675,235251.6
1762041600000,0.0675,0.0676,0.0663,0.0666,237245.8
1762056000000,0.0666,0.0685,0.0665,0.0682,504782.6
1762070400000,0.0682,0.0683,0.0664,0.0677,628243.8
1762084800000,0.0677,0.0679,0.0647,0.065,795170.3
1762099200000,0.065,0.0659,0.0642,0.065,424961.6
1762113600000,0.065,0.0661,0.0645,0.066,977422.6
1762128000000,0.066,0.0663,0.0606,0.0607,996186.9
1762142400000,0.0607,0.0615,0.0591,0.0602,921176.5
1762156800000,0.0602,0.0616,0.0591,0.0596,916506.5
1762171200000,0.0596,0.0603,0.0538,0.0557,2217305.7
1762185600000,0.0557,0.0591,0.0552,0.057,1069961.5
1762200000000,0.057,0.0571,0.0552,0.0568,838449.0
1762214400000,0.0568,0.0587,0.0564,0.0578,709494.1
1762228800000,0.0578,0.0585,0.0543,0.0549,1563314.8
1762243200000,0.0549,0.0574,0.0547,0.0566,1192054.7
1762257600000,0.0566,0.0577,0.0553,0.0564,923424.2
1762272000000,0.0564,0.057,0.0536,0.0551,2007629.9
1762286400000,0.0551,0.0569,0.0525,0.056,2091122.9
1762300800000,0.056,0.0569,0.0527,0.0565,1393935.2
1762315200000,0.0565,0.0572,0.0558,0.057,768723.9
1762329600000,0.057,0.057,0.055,0.0565,716082.2
1762344000000,0.0565,0.0585,0.0562,0.0584,774817.3
1762358400000,0.0584,0.0604,0.0576,0.0592,885221.8
1762372800000,0.0592,0.0601,0.0588,0.0596,528894.0
1762387200000,0.0596,0.0598,0.0581,0.059,588642.1
1762401600000,0.059,0.0594,0.0576,0.0578,653870.0
1762416000000,0.0578,0.0582,0.0571,0.0577,542280.9
1762430400000,0.0577,0.0586,0.0555,0.0559,762845.5
1762444800000,0.0559,0.0571,0.0547,0.0564,618304.4
1762459200000,0.0564,0.057,0.0555,0.0566,426962.2
1762473600000,0.0566,0.0589,0.0565,0.0587,1201609.4
1762488000000,0.0587,0.0599,0.058,0.0598,1227747.4
1762502400000,0.0598,0.0606,0.0571,0.0582,1947173.4
1762516800000,0.0582,0.0621,0.0561,0.0617,2217024.6
1762531200000,0.0617,0.0679,0.0615,0.0671,2262296.0
1762545600000,0.0671,0.0681,0.0654,0.0656,1076275.5
1762560000000,0.0656,0.0671,0.0642,0.0651,1372063.0
1762574400000,0.0651,0.0666,0.0633,0.0642,1070243.0
1762588800000,0.0642,0.066,0.0634,0.0649,993316.1
1762603200000,0.0649,0.0655,0.062,0.0623,1771436.8
1762617600000,0.0623,0.0629,0.0614,0.0625,778893.2
1762632000000,0.0625,0.0634,0.0621,0.0632,243663.0
1762646400000,0.0632,0.0633,0.0598,0.0606,1021562.3
1762660800000,0.0606,0.0625,0.0604,0.0624,596287.3
1762675200000,0.0624,0.063,0.0608,0.0627,846752.7
1762689600000,0.0627,0.0649,0.0624,0.0641,1247239.3
1762704000000,0.0641,0.0655,0.0633,0.0655,965747.8
1762718400000,0.0655,0.0657,0.0642,0.0647,649963.7
1762732800000,0.0647,0.0667,0.0643,0.0662,1026766.2
1762747200000,0.0662,0.0673,0.0659,0.0664,964931.3
1762761600000,0.0664,0.0683,0.0654,0.0673,923331.2
1762776000000,0.0673,0.0677,0.0652,0.0667,1122136.1
1762790400000,0.0667,0.0678,0.0654,0.067,1146100.5
1762804800000,0.067,0.0682,0.0658,0.0668,748698.9
1762819200000,0.0668,0.0679,0.0654,0.0673,971497.5
1762833600000,0.0673,0.0675,0.0636,0.0636,1074359.2
1762848000000,0.0636,0.0654,0.0636,0.065,589339.2
1762862400000,0.065,0.0655,0.0635,0.0642,1197754.9
1762876800000,0.0642,0.0652,0.0628,0.0628,1529539.9
1762891200000,0.0628,0.0632,0.0612,0.0614,551043.6
1762905600000,0.0614,0.0626,0.061,0.0624,850401.9
1762920000000,0.0624,0.0638,0.0621,0.0623,466683.9
1762934400000,0.0623,0.0648,0.0623,0.0639,786508.5
1762948800000,0.0639,0.065,0.0616,0.0619,1129275.6
1762963200000,0.0619,0.062,0.0597,0.0603,1247797.8
1762977600000,0.0603,0.0615,0.0601,0.0604,522681.3
1762992000000,0.0604,0.063,0.0603,0.0624,803460.1
1763006400000,0.0624,0.064,0.0619,0.0625,751697.1
1763020800000,0.0625,0.063,0.0618,0.062,461155.5
1763035200000,0.062,0.0631,0.0608,0.0615,1427547.4
1763049600000,0.0615,0.0617,0.0567,0.0569,2166643.6
1763064000000,0.0569,0.0588,0.0559,0.058,1199615.5
1763078400000,0.058,0.0586,0.0568,0.0571,1125657.2
1763092800000,0.0571,0.0577,0.0546,0.0569,1904582.0
1763107200000,0.0569,0.0572,0.0551,0.0556,874914.7
1763121600000,0.0556,0.057,0.0542,0.0562,2050820.9
1763136000000,0.0562,0.0569,0.0554,0.0567,795322.4
1763150400000,0.0567,0.0569,0.0531,0.0544,894950.0
1763164800000,0.0544,0.0565,0.0542,0.0559,1062941.0
1763179200000,0.0559,0.0563,0.0555,0.0556,442421.6
1763193600000,0.0556,0.0557,0.0543,0.0547,596894.1
1763208000000,0.0547,0.056,0.0546,0.0552,742234.6
1763222400000,0.0552,0.0558,0.0546,0.0551,526955.2
1763236800000,0.0551,0.0552,0.0542,0.0546,385514.9
1763251200000,0.0546,0.0553,0.0534,0.055,872457.2
1763265600000,0.055,0.0555,0.0544,0.0553,457113.3
1763280000000,0.0553,0.0557,0.0539,0.0542,578114.6
1763294400000,0.0542,0.0546,0.0525,0.0527,1149502.9
1763308800000,0.0527,0.0534,0.0507,0.0516,1550090.2
1763323200000,0.0516,0.0526,0.0507,0.0521,1096051.2
1763337600000,0.0521,0.0534,0.0512,0.0534,979449.5
1763352000000,0.0534,0.0538,0.0527,0.0536,845074.8
1763366400000,0.0536,0.0539,0.0532,0.0535,739052.7
1763380800000,0.0535,0.0542,0.051,0.0518,1779688.2
1763395200000,0.0518,0.0529,0.0498,0.0502,1310559.1
1763409600000,0.0502,0.0509,0.0496,0.0506,1322981.9
1763424000000,0.0506,0.0523,0.0496,0.0518,1666808.6
1763438400000,0.0518,0.0528,0.051,0.0515,1387681.0
1763452800000,0.0515,0.0524,0.0514,0.0518,1000447.6
1763467200000,0.0518,0.0531,0.0511,0.0525,1087190.0
1763481600000,0.0525,0.0545,0.0524,0.054,995355.0
1763496000000,0.054,0.0548,0.0534,0.0537,767940.7
1763510400000,0.0537,0.0538,0.052,0.0523,1213907.0
1763524800000,0.0523,0.0527,0.0509,0.0525,899417.1
1763539200000,0.0525,0.0531,0.0522,0.053,590646.8
1763553600000,0.053,0.0542,0.0513,0.0515,2197075.8
1763568000000,0.0515,0.0518,0.0487,0.0492,1610418.6
1763582400000,0.0492,0.0522,0.0489,0.0517,1068508.8
1763596800000,0.0517,0.0526,0.0514,0.0523,697119.0
1763611200000,0.0523,0.0532,0.0519,0.0531,820520.3
1763625600000,0.0531,0.0533,0.0522,0.0527,1171467.4
1763640000000,0.0527,0.0548,0.0522,0.0524,2041515.9
1763654400000,0.0524,0.0526,0.0481,0.0495,2493889.9
1763668800000,0.0495,0.0514,0.0487,0.0495,1066437.1
1763683200000,0.0495,0.0509,0.0487,0.0496,1135774.0
1763697600000,0.0496,0.0499,0.0432,0.0469,2346723.0
1763712000000,0.0469,0.0477,0.0448,0.0449,1859483.9
1763726400000,0.0449,0.0473,0.0439,0.0461,2126413.5
1763740800000,0.0461,0.048,0.0454,0.0463,1163209.3
1763755200000,0.0463,0.0464,0.044,0.0459,924535.0
1763769600000,0.0459,0.0463,0.0449,0.0451,1084890.5
1763784000000,0.0451,0.0451,0.0437,0.0448,1420604.6
1763798400000,0.0448,0.0453,0.0437,0.0449,1017537.5
1763812800000,0.0449,0.0459,0.044,0.0455,1126663.0
1763827200000,0.0455,0.0465,0.0455,0.046,807484.0
1763841600000,0.046,0.0476,0.0457,0.0459,1268084.3
1763856000000,0.0459,0.047,0.0455,0.0466,1485506.3
1763870400000,0.0466,0.047,0.0457,0.0462,979441.6
1763884800000,0.0462,0.0465,0.0456,0.046,509642.0
1763899200000,0.046,0.0467,0.0454,0.0461,668767.1
1763913600000,0.0461,0.0469,0.0456,0.0465,540846.5
1763928000000,0.0465,0.0468,0.045,0.0453,761506.0
1763942400000,0.0453,0.0466,0.0446,0.0457,1273055.9
1763956800000,0.0457,0.0461,0.0448,0.0449,1107429.9
1763971200000,0.0449,0.045,0.0438,0.0445,1075540.7
1763985600000,0.0445,0.0458,0.0441,0.0454,1219328.9
1764000000000,0.0454,0.0477,0.0453,0.047,1250954.0
1764014400000,0.047,0.048,0.047,0.0471,662966.7
1764028800000,0.0471,0.0474,0.0462,0.0465,490565.7
1764043200000,0.0465,0.047,0.0461,0.0463,589239.7
1764057600000,0.0463,0.0469,0.0461,0.0466,600114.5
1764072000000,0.0466,0.047,0.0451,0.0459,1132096.8
1764086400000,0.0459,0.0469,0.0451,0.0462,784549.8
1764100800000,0.0462,0.0473,0.0457,0.0469,455853.4
1764115200000,0.0469,0.0473,0.0462,0.0463,488278.7
1764129600000,0.0463,0.047,0.0462,0.0468,414755.3
1764144000000,0.0468,0.0469,0.0453,0.0454,535907.1
1764158400000,0.0454,0.0461,0.0449,0.0455,845810.4
1764172800000,0.0455,0.0478,0.0455,0.0473,822397.8
1764187200000,0.0473,0.0475,0.0467,0.0469,430942.1
1764201600000,0.0469,0.0481,0.0466,0.0471,1594894.6
1764216000000,0.0471,0.0475,0.0466,0.047,674903.5
1764230400000,0.047,0.0476,0.0446,0.0452,2312306.6
1764244800000,0.0452,0.0457,0.0446,0.0456,1319668.7
1764259200000,0.0456,0.0472,0.0455,0.0464,1533173.3
1764273600000,0.0464,0.0467,0.0451,0.0454,444858.4
1764288000000,0.0454,0.0459,0.0445,0.0452,1003438.4
1764302400000,0.0452,0.0456,0.0449,0.0452,508019.8
1764316800000,0.0452,0.0468,0.0451,0.0463,920286.2
1764331200000,0.0463,0.0474,0.0461,0.0468,1512207.6
1764345600000,0.0468,0.0468,0.0447,0.0456,957935.1
1764360000000,0.0456,0.0459,0.0452,0.0457,494037.2
1764374400000,0.0457,0.0462,0.0453,0.046,391121.6
1764388800000,0.046,0.0464,0.0457,0.0458,492206.9
1764403200000,0.0458,0.046,0.0451,0.0458,578048.4
1764417600000,0.0458,0.046,0.0449,0.0453,460690.6
1764432000000,0.0453,0.0454,0.0445,0.0447,512125.4
1764446400000,0.0447,0.0452,0.0445,0.0448,307823.7
1764460800000,0.0448,0.0453,0.0443,0.0449,317178.1
1764475200000,0.0449,0.0452,0.0443,0.0452,312028.9
1764489600000,0.0452,0.0454,0.0443,0.0443,444317.8
1764504000000,0.0443,0.045,0.0433,0.0436,596935.1
1764518400000,0.0436,0.0444,0.0434,0.0436,613418.4
1764532800000,0.0436,0.044,0.0421,0.0423,811703.1
1764547200000,0.0423,0.0425,0.0388,0.0389,2360325.3
1764561600000,0.0389,0.0396,0.0387,0.0391,1300147.7
1764576000000,0.0391,0.0408,0.0391,0.0396,1909190.8
1764590400000,0.0396,0.0406,0.0389,0.04,2244190.2
1764604800000,0.04,0.0401,0.0389,0.0393,1231652.3
1764619200000,0.0393,0.0405,0.0393,0.0402,628151.7
1764633600000,0.0402,0.0406,0.0395,0.0403,1041396.6
1764648000000,0.0403,0.042,0.0401,0.0418,1727347.5
1764662400000,0.0418,0.0422,0.0409,0.0418,1315128.0
1764676800000,0.0418,0.0451,0.0412,0.0449,1535450.4
1764691200000,0.0449,0.0451,0.0432,0.0433,930386.2
1764705600000,0.0433,0.0435,0.0425,0.0426,953757.3
1764720000000,0.0426,0.0434,0.0425,0.043,711370.1
1764734400000,0.043,0.0437,0.0429,0.0429,635651.7
1764748800000,0.0429,0.0433,0.0426,0.0428,568407.4
1764763200000,0.0428,0.043,0.0414,0.0423,1768730.7
1764777600000,0.0423,0.0433,0.042,0.0431,652712.4
1764792000000,0.0431,0.044,0.0428,0.0434,415523.5
1764806400000,0.0434,0.0444,0.0431,0.0435,553692.6
1764820800000,0.0435,0.0438,0.0431,0.0434,584488.8
1764835200000,0.0434,0.0443,0.0432,0.0437,624852.5
1764849600000,0.0437,0.0441,0.0428,0.0437,830383.6
1764864000000,0.0437,0.0441,0.0419,0.0428,520978.1
1764878400000,0.0428,0.0432,0.0423,0.0423,403834.8
1764892800000,0.0423,0.0429,0.0422,0.0424,692309.2
1764907200000,0.0424,0.0427,0.0416,0.0425,492761.3
1764921600000,0.0425,0.0425,0.0412,0.0414,456529.9
1764936000000,0.0414,0.0419,0.0405,0.0411,1218978.1
1764950400000,0.0411,0.0412,0.0392,0.0401,1183337.3
1764964800000,0.0401,0.0403,0.0396,0.0402,480262.0
1764979200000,0.0402,0.0404,0.0397,0.04,255082.4
1764993600000,0.04,0.0402,0.0398,0.0401,269540.1
1765008000000,0.0401,0.0404,0.0398,0.0403,252723.5
1765022400000,0.0403,0.0407,0.04,0.0402,474036.1
1765036800000,0.0402,0.0412,0.0402,0.0404,426655.1
1765051200000,0.0404,0.0411,0.0401,0.0404,365336.5
1765065600000,0.0404,0.0408,0.0402,0.0404,275545.3
1765080000000,0.0404,0.0405,0.0397,0.0398,406441.8
1765094400000,0.0398,0.0401,0.0396,0.0398,381027.9
1765108800000,0.0398,0.0401,0.0381,0.0396,992905.7
1765123200000,0.0396,0.0406,0.0387,0.0404,1078409.2
1765137600000,0.0404,0.0405,0.038,0.0388,845502.5
1765152000000,0.0388,0.0401,0.0386,0.0398,867841.9
1765166400000,0.0398,0.0406,0.0398,0.0403,498478.7
1765180800000,0.0403,0.0412,0.0401,0.0409,876030.1
1765195200000,0.0409,0.0417,0.0404,0.0407,1740067.8
1765209600000,0.0407,0.0412,0.0402,0.0404,1496526.8
1765224000000,0.0404,0.0419,0.0404,0.041,1059710.6
1765238400000,0.041,0.0413,0.0403,0.041,386041.6
1765252800000,0.041,0.041,0.0401,0.0406,526008.3
1765267200000,0.0406,0.0408,0.0401,0.0406,388947.0
1765281600000,0.0406,0.0422,0.0404,0.0421,912016.9
1765296000000,0.0421,0.0448,0.0421,0.043,1197584.7
1765310400000,0.043,0.0431,0.0417,0.0426,559715.3
1765324800000,0.0426,0.0427,0.0416,0.0416,500640.5
1765339200000,0.0416,0.0419,0.0411,0.0413,400249.8
1765353600000,0.0413,0.0416,0.0408,0.041,368877.6
1765368000000,0.041,0.0412,0.0407,0.0408,1014412.4
1765382400000,0.0408,0.0423,0.0407,0.0421,1597081.3
1765396800000,0.0421,0.0433,0.0403,0.0406,860611.3
1765411200000,0.0406,0.0407,0.0382,0.0384,1089779.7
1765425600000,0.0384,0.0392,0.0382,0.0389,454008.6
1765440000000,0.0389,0.039,0.0385,0.0388,477395.0
1765454400000,0.0388,0.0392,0.0382,0.0383,958495.5
1765468800000,0.0383,0.0392,0.0379,0.0386,1075820.5
1765483200000,0.0386,0.0404,0.0386,0.0392,1079432.6
1765497600000,0.0392,0.0395,0.0386,0.0391,490474.1
1765512000000,0.0391,0.0396,0.0388,0.0392,310303.2
1765526400000,0.0392,0.0397,0.0389,0.0395,441734.1
1765540800000,0.0395,0.0399,0.0368,0.037,1026557.5
1765555200000,0.037,0.0376,0.0365,0.0371,940838.2
1765569600000,0.0371,0.0382,0.037,0.0382,476618.5
1765584000000,0.0382,0.0387,0.038,0.0384,444718.6
1765598400000,0.0384,0.0388,0.0382,0.0386,389728.3
1765612800000,0.0386,0.039,0.0384,0.0388,259520.0
1765627200000,0.0388,0.039,0.0384,0.0387,522781.5
1765641600000,0.0387,0.039,0.0386,0.0389,337728.4
1765656000000,0.0389,0.0389,0.0383,0.0386,258747.5
1765670400000,0.0386,0.0387,0.0382,0.0382,333792.5
1765684800000,0.0382,0.0384,0.0377,0.0379,383758.3
1765699200000,0.0379,0.038,0.037,0.0374,710927.9
1765713600000,0.0374,0.0377,0.0367,0.037,508359.0
1765728000000,0.037,0.0373,0.0364,0.0365,640120.4
1765742400000,0.0365,0.0368,0.0357,0.0362,543397.9
1765756800000,0.0362,0.0375,0.036,0.037,699931.0
1765771200000,0.037,0.0376,0.0368,0.0371,597906.1
1765785600000,0.0371,0.0375,0.037,0.0373,501498.7
1765800000000,0.0373,0.0388,0.0353,0.0357,3172332.6
1765814400000,0.0357,0.0361,0.0347,0.0356,1308928.4
1765828800000,0.0356,0.0363,0.0352,0.0362,690365.2
1765843200000,0.0362,0.0364,0.0354,0.0364,890445.3
1765857600000,0.0364,0.0368,0.0357,0.036,900092.2
1765872000000,0.036,0.0371,0.0359,0.0367,677777.5
1765886400000,0.0367,0.0371,0.0359,0.0367,1275187.5
1765900800000,0.0367,0.0369,0.0357,0.0364,1015590.8
1765915200000,0.0364,0.0369,0.0362,0.0365,409307.2
1765929600000,0.0365,0.0367,0.036,0.0361,406336.8
1765944000000,0.0361,0.0362,0.0357,0.036,373884.1
1765958400000,0.036,0.036,0.0354,0.0357,531723.0
1765972800000,0.0357,0.037,0.0349,0.0351,1448609.0
1765987200000,0.0351,0.0354,0.0334,0.0339,1390747.5
1766001600000,0.0339,0.0343,0.0334,0.034,708386.4
1766016000000,0.034,0.0341,0.0334,0.0335,317094.3
1766030400000,0.0335,0.0338,0.0331,0.0336,400199.4
1766044800000,0.0336,0.0338,0.0334,0.0337,444102.2
1766059200000,0.0337,0.0354,0.0335,0.035,1316006.9
1766073600000,0.035,0.0351,0.0316,0.0317,1720413.2
1766088000000,0.0317,0.0329,0.0316,0.0323,666364.6
1766102400000,0.0323,0.034,0.0319,0.0336,771742.2
1766116800000,0.0336,0.0344,0.0334,0.0339,487526.0
1766131200000,0.0339,0.0345,0.0338,0.0345,741303.0
1766145600000,0.0345,0.0353,0.0342,0.0343,1195427.0
1766160000000,0.0343,0.0353,0.0341,0.0351,1284537.1
1766174400000,0.0351,0.0357,0.0349,0.0353,487596.7
1766188800000,0.0353,0.0354,0.0349,0.0351,391515.2
1766203200000,0.0351,0.0355,0.0349,0.0355,462933.9
1766217600000,0.0355,0.0358,0.0351,0.0355,196700.2
1766232000000,0.0355,0.0356,0.0349,0.0354,621101.3
1766246400000,0.0354,0.0356,0.0352,0.0354,275609.8
1766260800000,0.0354,0.0358,0.0353,0.0355,322025.6
1766275200000,0.0355,0.0357,0.0347,0.0351,467462.2
1766289600000,0.0351,0.0355,0.035,0.0355,243112.0
1766304000000,0.0355,0.0357,0.0349,0.0349,465822.5
1766318400000,0.0349,0.0352,0.0337,0.0341,1034687.8
1766332800000,0.0341,0.0345,0.0339,0.0343,421482.1
1766347200000,0.0343,0.0348,0.0339,0.0345,212083.2
1766361600000,0.0345,0.0353,0.034,0.0346,980997.9
1766376000000,0.0346,0.0353,0.0346,0.0353,353322.5
1766390400000,0.0353,0.0358,0.035,0.0357,529352.5
1766404800000,0.0357,0.0369,0.0354,0.0358,2287618.4
1766419200000,0.0358,0.036,0.0347,0.0348,726383.4
1766433600000,0.0348,0.0351,0.0345,0.0349,394202.8
1766448000000,0.0349,0.0352,0.0343,0.0347,514638.3
1766462400000,0.0347,0.0347,0.0341,0.0342,572333.7
1766476800000,0.0342,0.0347,0.0341,0.0346,360729.4
1766491200000,0.0346,0.0346,0.0335,0.0338,924871.5
1766505600000,0.0338,0.0345,0.0336,0.034,874547.2
1766520000000,0.034,0.0346,0.0339,0.0341,407260.6
1766534400000,0.0341,0.0345,0.0335,0.0339,402449.1
1766548800000,0.0339,0.0342,0.0334,0.0335,453624.5
1766563200000,0.0335,0.0338,0.0333,0.0335,304018.5
1766577600000,0.0335,0.0339,0.0328,0.0337,702659.9
1766592000000,0.0337,0.0344,0.0335,0.0344,556234.8
1766606400000,0.0344,0.0347,0.0342,0.0345,421365.2
1766620800000,0.0345,0.0349,0.0342,0.0348,251385.3
1766635200000,0.0348,0.0351,0.0346,0.035,486126.3
1766649600000,0.035,0.0351,0.0342,0.0343,540598.4
1766664000000,0.0343,0.0347,0.0342,0.0345,566417.7
1766678400000,0.0345,0.035,0.0343,0.035,403176.9
1766692800000,0.035,0.035,0.0335,0.0337,675001.5
1766707200000,0.0337,0.0351,0.0335,0.0346,690938.2
1766721600000,0.0346,0.0349,0.0343,0.0344,326347.5
1766736000000,0.0344,0.0348,0.0343,0.0347,283038.1
1766750400000,0.0347,0.035,0.0339,0.0344,859330.5
1766764800000,0.0344,0.0349,0.0341,0.0347,550224.9
1766779200000,0.0347,0.0348,0.0344,0.0345,188461.6
1766793600000,0.0345,0.0349,0.0343,0.0349,242337.4
1766808000000,0.0349,0.0349,0.0346,0.0346,109528.8
1766822400000,0.0346,0.0348,0.0341,0.0347,206176.4
1766836800000,0.0347,0.0349,0.0345,0.0349,306190.5
1766851200000,0.0349,0.035,0.0347,0.0348,207520.3
1766865600000,0.0348,0.0356,0.0347,0.0355,576423.7
1766880000000,0.0355,0.0356,0.035,0.0352,291581.2
1766894400000,0.0352,0.0353,0.035,0.0352,288277.9
1766908800000,0.0352,0.0353,0.0349,0.035,335286.5
1766923200000,0.035,0.0354,0.0348,0.0351,317385.8
1766937600000,0.0351,0.0352,0.0343,0.0344,431881.1
1766952000000,0.0344,0.0348,0.0342,0.0347,159942.3
1766966400000,0.0347,0.0357,0.0346,0.0355,493127.8
1766980800000,0.0355,0.0357,0.0349,0.0352,466694.8
1766995200000,0.0352,0.0354,0.0344,0.0345,518417.1
1767009600000,0.0345,0.0346,0.0338,0.0343,690966.4
1767024000000,0.0343,0.0345,0.034,0.0342,431909.7
1767038400000,0.0342,0.0343,0.0338,0.034,226158.5
1767052800000,0.034,0.0341,0.0334,0.0338,267188.4
1767067200000,0.0338,0.0339,0.0333,0.0338,352141.8
1767081600000,0.0338,0.0345,0.0337,0.0345,434043.3
1767096000000,0.0345,0.0345,0.0338,0.0342,711378.8
1767110400000,0.0342,0.0344,0.0336,0.034,354790.9
1767124800000,0.034,0.0341,0.0337,0.0339,402337.5
1767139200000,0.0339,0.0342,0.0336,0.0339,295328.9
1767153600000,0.0339,0.0341,0.0337,0.0338,169988.6
1767168000000,0.0338,0.034,0.0334,0.0336,265978.2
1767182400000,0.0336,0.0337,0.033,0.0332,726353.2
1767196800000,0.0332,0.0333,0.0323,0.0327,711237.2
1767211200000,0.0327,0.033,0.0325,0.0329,291118.3
1767225600000,0.0329,0.0331,0.0327,0.0327,130315.1
1767240000000,0.0327,0.033,0.0326,0.0329,174388.9
1767254400000,0.0329,0.0332,0.0328,0.033,237555.9
1767268800000,0.033,0.0338,0.0328,0.0336,416339.9
1767283200000,0.0336,0.0345,0.0333,0.0345,606077.7
1767297600000,0.0345,0.0349,0.0341,0.0347,401557.0
1767312000000,0.0347,0.035,0.0343,0.0348,570835.4
1767326400000,0.0348,0.0349,0.0342,0.0345,624686.4
1767340800000,0.0345,0.035,0.0342,0.0345,627703.0
1767355200000,0.0345,0.0356,0.0344,0.0351,1312424.5
1767369600000,0.0351,0.0361,0.035,0.0359,1101843.4
1767384000000,0.0359,0.0366,0.0357,0.0362,583131.0
1767398400000,0.0362,0.0376,0.0361,0.0375,933820.8
1767412800000,0.0375,0.038,0.0361,0.0363,1355805.8
1767427200000,0.0363,0.0368,0.036,0.0365,822415.8
1767441600000,0.0365,0.0369,0.0363,0.0368,504129.2
1767456000000,0.0368,0.0391,0.0367,0.0382,2078628.0
1767470400000,0.0382,0.0387,0.0376,0.0379,730251.8
1767484800000,0.0379,0.0407,0.0377,0.0383,4499662.3
1767499200000,0.0383,0.0385,0.0377,0.0381,1029559.3
1767513600000,0.0381,0.0384,0.0377,0.0381,983614.8
1767528000000,0.0381,0.0388,0.0379,0.0385,905461.4
1767542400000,0.0385,0.0393,0.0382,0.0385,1511063.4
1767556800000,0.0385,0.0387,0.0381,0.0384,920071.0
1767571200000,0.0384,0.0395,0.0381,0.0384,2124383.2
1767585600000,0.0384,0.0384,0.0371,0.0379,1326940.5
1767600000000,0.0379,0.0382,0.0372,0.0381,781888.1
1767614400000,0.0381,0.0391,0.0378,0.039,1188548.6
1767628800000,0.039,0.04,0.0384,0.0396,1392219.3
1767643200000,0.0396,0.04,0.0392,0.0395,649775.1
1767657600000,0.0395,0.0402,0.0389,0.0401,922164.0
1767672000000,0.0401,0.0405,0.0392,0.0393,1285508.0
1767686400000,0.0393,0.0402,0.0392,0.0401,775883.2
1767700800000,0.0401,0.0416,0.0398,0.0401,1668618.8
1767715200000,0.0401,0.0402,0.0384,0.0393,1239433.0
1767729600000,0.0393,0.0408,0.0393,0.0398,955701.0
1767744000000,0.0398,0.04,0.0384,0.0385,536994.6
1767758400000,0.0385,0.0391,0.0382,0.0391,351259.5
1767772800000,0.0391,0.0394,0.0383,0.0388,436686.2
1767787200000,0.0388,0.0389,0.0372,0.0376,718391.7
1767801600000,0.0376,0.0381,0.0373,0.0376,609991.7
1767816000000,0.0376,0.0378,0.0373,0.0376,307486.2
1767830400000,0.0376,0.038,0.0371,0.0372,380654.4
1767844800000,0.0372,0.0377,0.0364,0.0371,383866.5
1767859200000,0.0371,0.0374,0.036,0.0362,604230.7
1767873600000,0.0362,0.0369,0.0354,0.0369,657182.5
1767888000000,0.0369,0.037,0.036,0.0362,414382.9
1767902400000,0.0362,0.0368,0.0358,0.0363,233757.2
1767916800000,0.0363,0.0369,0.0361,0.0366,338443.4
1767931200000,0.0366,0.0371,0.0365,0.0371,189502.1
1767945600000,0.0371,0.0371,0.0361,0.0365,339313.5
1767960000000,0.0365,0.0376,0.0361,0.0369,798059.9
1767974400000,0.0369,0.0375,0.0362,0.0363,320049.0
1767988800000,0.0363,0.037,0.0363,0.0368,252388.3
1768003200000,0.0368,0.0369,0.0361,0.0363,261940.5
1768017600000,0.0363,0.0365,0.0358,0.0365,342677.3
1768032000000,0.0365,0.0375,0.0364,0.0375,581708.0
1768046400000,0.0375,0.0375,0.037,0.0373,280743.8
1768060800000,0.0373,0.0382,0.0371,0.038,311435.7
1768075200000,0.038,0.038,0.0368,0.0371,280577.8
1768089600000,0.0371,0.0372,0.0367,0.037,213775.9
1768104000000,0.037,0.0371,0.0366,0.0369,244943.2
1768118400000,0.0369,0.0374,0.0368,0.0374,220381.2
1768132800000,0.0374,0.0379,0.0369,0.0371,525881.4
1768147200000,0.0371,0.0376,0.0368,0.0373,574741.4
1768161600000,0.0373,0.0373,0.0362,0.0367,469644.3
1768176000000,0.0367,0.0376,0.0361,0.0369,760073.7
1768190400000,0.0369,0.0374,0.0365,0.0365,403957.4
1768204800000,0.0365,0.0369,0.0362,0.0365,604142.6
1768219200000,0.0365,0.037,0.0358,0.0369,528935.2
1768233600000,0.0369,0.0374,0.0362,0.0365,383607.5
1768248000000,0.0365,0.0369,0.0356,0.0359,319494.9
1768262400000,0.0359,0.0364,0.0358,0.0362,243682.0
1768276800000,0.0362,0.0374,0.0362,0.037,462387.3
1768291200000,0.037,0.0377,0.0369,0.0371,526085.6
1768305600000,0.0371,0.0379,0.037,0.0377,1537369.4
1768320000000,0.0377,0.0382,0.0374,0.0378,1093131.5
1768334400000,0.0378,0.04,0.0373,0.0387,1406822.8
1768348800000,0.0387,0.0394,0.0386,0.039,544099.8
1768363200000,0.039,0.0391,0.0384,0.0388,573111.6
1768377600000,0.0388,0.0396,0.0387,0.039,752365.6
1768392000000,0.039,0.0399,0.0385,0.0398,1118998.1
1768406400000,0.0398,0.0401,0.0383,0.0391,1049010.6
1768420800000,0.0391,0.0394,0.0382,0.0383,530458.1
1768435200000,0.0383,0.0398,0.0372,0.0373,3067100.4
1768449600000,0.0373,0.0384,0.0373,0.0382,927221.1
1768464000000,0.0382,0.0382,0.0373,0.0374,448270.5
1768478400000,0.0374,0.038,0.0362,0.0369,1094260.7
1768492800000,0.0369,0.0372,0.0358,0.0364,1129419.9
1768507200000,0.0364,0.0367,0.0361,0.0366,265753.7
1768521600000,0.0366,0.0369,0.0363,0.0366,539785.7
1768536000000,0.0366,0.0368,0.0361,0.0365,442092.5
1768550400000,0.0365,0.0368,0.0363,0.0366,349957.1
1768564800000,0.0366,0.0367,0.0351,0.0355,939111.7
1768579200000,0.0355,0.0363,0.0353,0.036,751747.5
1768593600000,0.036,0.0368,0.0358,0.0365,427221.9
1768608000000,0.0365,0.0367,0.0361,0.0362,316644.0
1768622400000,0.0362,0.0366,0.036,0.0363,359403.3
1768636800000,0.0363,0.0368,0.0361,0.0361,400433.9
1768651200000,0.0361,0.0374,0.036,0.0371,687660.3
1768665600000,0.0371,0.0372,0.0365,0.0367,493703.6
1768680000000,0.0367,0.0369,0.0362,0.0364,367329.6
1768694400000,0.0364,0.037,0.0362,0.0363,756128.5
1768708800000,0.0363,0.0364,0.0358,0.0361,307222.5
1768723200000,0.0361,0.037,0.036,0.0366,373411.5
1768737600000,0.0366,0.037,0.036,0.0364,946694.8
1768752000000,0.0364,0.0369,0.0362,0.0364,511912.4
1768766400000,0.0364,0.037,0.0344,0.0345,846710.5
1768780800000,0.0345,0.0346,0.0307,0.0332,2769590.5
1768795200000,0.0332,0.0335,0.0326,0.0331,756172.2
1768809600000,0.0331,0.0335,0.0329,0.0329,584195.3
1768824000000,0.0329,0.0333,0.0326,0.0328,1053343.3
1768838400000,0.0328,0.034,0.0328,0.0339,700817.4
1768852800000,0.0339,0.0339,0.0331,0.0336,332791.0
1768867200000,0.0336,0.0338,0.0332,0.0333,409266.1
1768881600000,0.0333,0.0336,0.0326,0.0326,848509.5
1768896000000,0.0326,0.0328,0.032,0.032,683967.5
1768910400000,0.032,0.0325,0.0317,0.032,964089.4
1768924800000,0.032,0.0322,0.0308,0.031,1091852.0
1768939200000,0.031,0.0313,0.0302,0.0305,1901922.1
1768953600000,0.0305,0.0319,0.0303,0.0318,860432.9
1768968000000,0.0318,0.0318,0.0313,0.0315,645329.2
1768982400000,0.0315,0.0317,0.0308,0.031,907978.0
1768996800000,0.031,0.0314,0.0302,0.0311,2417496.1
1769011200000,0.0311,0.0313,0.0294,0.0312,1539490.7
1769025600000,0.0312,0.0314,0.0301,0.0303,809343.8
1769040000000,0.0303,0.0311,0.0303,0.0305,864416.4
1769054400000,0.0305,0.0308,0.0301,0.0301,684886.1
1769068800000,0.0301,0.0305,0.0298,0.0298,851498.1
1769083200000,0.0298,0.03,0.0287,0.0291,1403944.4
1769097600000,0.0291,0.0295,0.0288,0.0291,1081518.7
1769112000000,0.0291,0.0294,0.0289,0.0293,951648.6
1769126400000,0.0293,0.0297,0.0291,0.0295,756362.6
1769140800000,0.0295,0.0305,0.0294,0.0304,1601759.8
1769155200000,0.0304,0.0304,0.0294,0.0299,1511984.9
1769169600000,0.0299,0.0305,0.0294,0.0302,1291836.8
1769184000000,0.0302,0.0307,0.0293,0.0295,1979300.4
1769198400000,0.0295,0.0296,0.029,0.0293,995630.7
1769212800000,0.0293,0.0304,0.0292,0.0302,764104.4
1769227200000,0.0302,0.0302,0.0298,0.0302,699094.8
1769241600000,0.0302,0.0304,0.03,0.0302,523767.3
1769256000000,0.0302,0.0305,0.0298,0.0299,814025.5
1769270400000,0.0299,0.0304,0.0298,0.0303,685232.6
1769284800000,0.0303,0.0305,0.0299,0.0301,799494.3
1769299200000,0.0301,0.0308,0.0295,0.0297,2935331.8
1769313600000,0.0297,0.0298,0.0293,0.0297,1119425.0
1769328000000,0.0297,0.0301,0.0294,0.0299,1515939.7
1769342400000,0.0299,0.0303,0.0292,0.0295,2403166.2
1769356800000,0.0295,0.0296,0.0274,0.0276,3153424.9
1769371200000,0.0276,0.0282,0.0273,0.028,2324969.9
1769385600000,0.028,0.0294,0.028,0.0284,1469297.2
1769400000000,0.0284,0.0292,0.0283,0.0289,933955.4
1769414400000,0.0289,0.0293,0.0287,0.0292,816028.0
1769428800000,0.0292,0.0298,0.029,0.0293,1552720.2
1769443200000,0.0293,0.0297,0.029,0.0292,935881.5
1769457600000,0.0292,0.0297,0.0289,0.0294,480169.3
1769472000000,0.0294,0.0294,0.0288,0.0289,645450.5
1769486400000,0.0289,0.0294,0.0287,0.0293,542340.1
1769500800000,0.0293,0.0293,0.0288,0.0289,480502.5
1769515200000,0.0289,0.0293,0.0283,0.0292,816651.5
1769529600000,0.0292,0.0301,0.0283,0.029,1868106.5
1769544000000,0.029,0.0294,0.0288,0.0291,859256.2
1769558400000,0.0291,0.0292,0.0287,0.0288,829907.6
1769572800000,0.0288,0.029,0.0286,0.0288,532432.6
1769587200000,0.0288,0.0305,0.0285,0.0304,1959534.0
1769601600000,0.0304,0.0305,0.0288,0.029,2021223.0
1769616000000,0.029,0.029,0.0284,0.0289,1092416.7
1769630400000,0.0289,0.0296,0.0285,0.0293,995620.7
1769644800000,0.0293,0.0294,0.0281,0.0284,1177855.9
1769659200000,0.0284,0.0289,0.0282,0.0284,1067080.2
1769673600000,0.0284,0.0284,0.0277,0.0277,1261292.5
1769688000000,0.0277,0.028,0.026,0.0268,1912020.4
1769702400000,0.0268,0.0273,0.0259,0.0264,1743074.0
1769716800000,0.0264,0.0269,0.0262,0.0266,630472.7
1769731200000,0.0266,0.0267,0.0252,0.026,2721136.2
1769745600000,0.026,0.0264,0.0256,0.0262,1282222.9
1769760000000,0.0262,0.027,0.0259,0.0267,1341606.1
1769774400000,0.0267,0.0269,0.026,0.0264,1595397.3
1769788800000,0.0264,0.0271,0.0259,0.0268,1928635.4
1769803200000,0.0268,0.0269,0.0261,0.0265,1832421.3
1769817600000,0.0265,0.0267,0.0262,0.0262,893898.9
1769832000000,0.0262,0.0263,0.0254,0.0256,954829.8
1769846400000,0.0256,0.0258,0.025,0.0252,1799516.7
1769860800000,0.0252,0.0252,0.0231,0.0235,2502824.9
1769875200000,0.0235,0.0239,0.0208,0.0225,6085916.0
1769889600000,0.0225,0.0233,0.0221,0.0233,1628459.3
1769904000000,0.0233,0.0241,0.0231,0.0239,1447267.9
1769918400000,0.0239,0.0243,0.0237,0.024,1006983.5
1769932800000,0.024,0.0245,0.0236,0.0237,1380566.1
1769947200000,0.0237,0.0238,0.0226,0.023,1709801.3
1769961600000,0.023,0.0236,0.0228,0.0232,1398221.2
1769976000000,0.0232,0.0234,0.0222,0.0226,2803310.7
1769990400000,0.0226,0.0237,0.0221,0.023,2069537.4
1770004800000,0.023,0.0233,0.0222,0.0229,2573651.0
1770019200000,0.0229,0.0234,0.0228,0.0232,1451311.5
1770033600000,0.0232,0.0242,0.0231,0.024,1248023.3
1770048000000,0.024,0.0242,0.0237,0.0237,721353.3
1770062400000,0.0237,0.024,0.0235,0.0239,641190.7
1770076800000,0.0239,0.0241,0.0233,0.0241,1065522.5
1770091200000,0.0241,0.0247,0.0239,0.0246,1413106.2
1770105600000,0.0246,0.0248,0.024,0.0244,1000923.9
1770120000000,0.0244,0.0248,0.0239,0.0245,1510269.8
1770134400000,0.0245,0.0246,0.0228,0.0241,2115638.1
1770148800000,0.0241,0.0251,0.0237,0.024,1419549.7
1770163200000,0.024,0.0247,0.0239,0.0245,795792.8
1770177600000,0.0245,0.0247,0.0239,0.0241,776188.5
1770192000000,0.0241,0.0241,0.0236,0.0239,647189.4
1770206400000,0.0239,0.024,0.0228,0.0231,1749798.5
1770220800000,0.0231,0.0236,0.0225,0.0235,2161030.5
1770235200000,0.0235,0.0236,0.0225,0.023,1026017.1
1770249600000,0.023,0.0232,0.0224,0.0224,1307421.2
1770264000000,0.0224,0.0227,0.0218,0.022,1448927.7
1770278400000,0.022,0.0225,0.0213,0.0216,1237682.5
1770292800000,0.0216,0.0219,0.0199,0.0205,3241295.8
1770307200000,0.0205,0.0209,0.0197,0.0198,3669599.7
1770321600000,0.0198,0.0201,0.0188,0.0191,3504205.6
1770336000000,0.0191,0.0199,0.017,0.0192,4780873.6
1770350400000,0.0192,0.02,0.019,0.0195,1227915.8
1770364800000,0.0195,0.0204,0.0192,0.0201,1592086.3
1770379200000,0.0201,0.0209,0.02,0.0207,1393095.2
1770393600000,0.0207,0.0218,0.0206,0.0211,1567844.0
1770408000000,0.0211,0.0212,0.0207,0.0209,1062087.8
1770422400000,0.0209,0.0211,0.0205,0.0209,1056354.9
1770436800000,0.0209,0.0211,0.0198,0.0199,1117432.2
1770451200000,0.0199,0.0203,0.0198,0.0201,506252.7
1770465600000,0.0201,0.0207,0.02,0.0204,857075.4
1770480000000,0.0204,0.0211,0.0203,0.0207,1703056.5
1770494400000,0.0207,0.0209,0.0205,0.0207,406291.8
1770508800000,0.0207,0.0207,0.0202,0.0202,428072.5
1770523200000,0.0202,0.0204,0.02,0.0201,401720.3
1770537600000,0.0201,0.0206,0.02,0.0202,694035.9
1770552000000,0.0202,0.0204,0.0199,0.02,678510.6
1770566400000,0.02,0.0201,0.0194,0.0198,639791.6
1770580800000,0.0198,0.0201,0.0194,0.0195,831717.2
1770595200000,0.0195,0.02,0.0195,0.0198,907468.1
1770609600000,0.0198,0.0199,0.0195,0.0196,471323.0
1770624000000,0.0196,0.0197,0.0188,0.0191,884899.7
1770638400000,0.0191,0.0196,0.0189,0.0195,1336558.6
1770652800000,0.0195,0.0201,0.0192,0.02,1079831.7
1770667200000,0.02,0.02,0.0195,0.0198,476541.6
1770681600000,0.0198,0.0199,0.0192,0.0194,637074.9
1770696000000,0.0194,0.0196,0.0189,0.0191,850122.8
1770710400000,0.0191,0.0191,0.0188,0.0189,664128.1
1770724800000,0.0189,0.0191,0.0187,0.019,1350582.2
1770739200000,0.019,0.0191,0.0185,0.0188,987438.6
1770753600000,0.0188,0.0189,0.0186,0.0188,634528.9
1770768000000,0.0188,0.0191,0.0186,0.0188,706641.1
1770782400000,0.0188,0.019,0.0183,0.0185,1221404.5
1770796800000,0.0185,0.0185,0.0181,0.0182,1259592.5
1770811200000,0.0182,0.0192,0.018,0.0183,2681770.5
1770825600000,0.0183,0.0188,0.018,0.0186,1240226.7
1770840000000,0.0186,0.0193,0.0185,0.019,1742356.1
1770854400000,0.019,0.0197,0.0189,0.0196,1088521.1
1770868800000,0.0196,0.0203,0.0195,0.02,2927209.9
1770883200000,0.02,0.0204,0.0198,0.0201,2014485.9
1770897600000,0.0201,0.0202,0.0194,0.0195,3104999.1
1770912000000,0.0195,0.0197,0.019,0.0194,2595603.2
1770926400000,0.0194,0.0197,0.0191,0.0196,665670.5
1770940800000,0.0196,0.0198,0.0194,0.0194,1215857.3
1770955200000,0.0194,0.0196,0.0193,0.0196,714469.1
1770969600000,0.0196,0.02,0.0194,0.0197,1273482.9
1770984000000,0.0197,0.0206,0.0196,0.0202,1915091.3
1770998400000,0.0202,0.0207,0.0202,0.0206,2096124.8
1771012800000,0.0206,0.0208,0.0204,0.0207,1115393.6
1771027200000,0.0207,0.0213,0.0206,0.0212,988487.2
1771041600000,0.0212,0.0213,0.0208,0.021,750383.6
1771056000000,0.021,0.0213,0.0209,0.0211,1017303.1
1771070400000,0.0211,0.0216,0.021,0.0215,1469620.1
1771084800000,0.0215,0.022,0.0214,0.0217,1130362.7
1771099200000,0.0217,0.0219,0.0214,0.0215,1261882.0
1771113600000,0.0215,0.0216,0.021,0.0214,1311073.5
1771128000000,0.0214,0.0217,0.0212,0.0214,838652.4
1771142400000,0.0214,0.0215,0.0207,0.0209,1402568.2
1771156800000,0.0209,0.0209,0.0201,0.0203,1102314.4
1771171200000,0.0203,0.0204,0.0197,0.0199,1899982.9
1771185600000,0.0199,0.0203,0.0198,0.0203,759649.5
1771200000000,0.0203,0.0205,0.0201,0.0203,975070.3
1771214400000,0.0203,0.0206,0.0201,0.0203,452101.4
1771228800000,0.0203,0.0204,0.0199,0.0202,1107152.2
1771243200000,0.0202,0.0207,0.02,0.0202,1923812.3
1771257600000,0.0202,0.0207,0.02,0.0204,1388155.7
1771272000000,0.0204,0.0207,0.0203,0.0207,739486.2
1771286400000,0.0207,0.0212,0.0205,0.0208,1017449.8
1771300800000,0.0208,0.021,0.0204,0.0206,974080.7
1771315200000,0.0206,0.0211,0.0203,0.021,3247853.1
1771329600000,0.021,0.0211,0.0202,0.0204,2312902.9
1771344000000,0.0204,0.0208,0.0201,0.0205,1629575.4
1771358400000,0.0205,0.0207,0.0204,0.0205,871371.2
1771372800000,0.0205,0.0208,0.0203,0.0206,460618.8
1771387200000,0.0206,0.0209,0.0205,0.0209,463074.2
1771401600000,0.0209,0.021,0.0205,0.0209,589962.2
1771416000000,0.0209,0.021,0.0201,0.0204,1705655.3
1771430400000,0.0204,0.0206,0.0197,0.0198,1535576.7
1771444800000,0.0198,0.02,0.0195,0.0198,1068786.6
1771459200000,0.0198,0.0201,0.0195,0.02,1442004.8
1771473600000,0.02,0.0201,0.0197,0.0198,571232.7
1771488000000,0.0198,0.0199,0.0193,0.0193,957745.6
1771502400000,0.0193,0.0195,0.0189,0.0191,1298584.5
1771516800000,0.0191,0.0194,0.0188,0.0193,1063652.7
1771531200000,0.0193,0.0195,0.0191,0.0194,548258.2
1771545600000,0.0194,0.0197,0.0193,0.0195,614694.5
1771560000000,0.0195,0.0198,0.0193,0.0197,792287.8
1771574400000,0.0197,0.0201,0.0197,0.0198,726690.6
1771588800000,0.0198,0.0203,0.0193,0.0203,2331229.7
1771603200000,0.0203,0.0203,0.0196,0.0199,2212544.9
1771617600000,0.0199,0.0204,0.0198,0.0201,1501587.9
1771632000000,0.0201,0.0203,0.0199,0.0202,847327.7
1771646400000,0.0202,0.0204,0.0199,0.0201,455128.6
1771660800000,0.0201,0.0203,0.0199,0.0201,649617.5
1771675200000,0.0201,0.0203,0.0199,0.02,917214.7
1771689600000,0.02,0.02,0.0197,0.0198,652743.2
1771704000000,0.0198,0.02,0.0196,0.0198,636444.4
1771718400000,0.0198,0.0198,0.0191,0.0193,1124899.0
1771732800000,0.0193,0.0193,0.0191,0.0192,366695.1
1771747200000,0.0192,0.0195,0.019,0.0192,590397.5
1771761600000,0.0192,0.0193,0.0187,0.0189,809873.0
1771776000000,0.0189,0.0191,0.0188,0.019,511908.3
1771790400000,0.019,0.0191,0.0187,0.019,746005.2
1771804800000,0.019,0.0191,0.0178,0.0181,3454209.1
1771819200000,0.0181,0.0187,0.018,0.0187,769347.7
1771833600000,0.0187,0.0191,0.0185,0.0189,851047.1
1771848000000,0.0189,0.0194,0.0186,0.0187,1179759.8
1771862400000,0.0187,0.0189,0.0181,0.0182,1533512.1
1771876800000,0.0182,0.0187,0.0181,0.0184,958749.3
1771891200000,0.0184,0.0187,0.0181,0.0183,1737242.4
1771905600000,0.0183,0.0184,0.018,0.0181,1159594.2
1771920000000,0.0181,0.0184,0.0179,0.0184,1277427.2
1771934400000,0.0184,0.019,0.0182,0.0188,1970555.3
1771948800000,0.0188,0.0191,0.0186,0.0188,1074430.8
1771963200000,0.0188,0.0189,0.0186,0.0187,546246.7
1771977600000,0.0187,0.0195,0.0186,0.0192,1622545.9
1771992000000,0.0192,0.0192,0.0188,0.0192,1336921.7
1772006400000,0.0192,0.0194,0.0189,0.0193,1006556.3
1772020800000,0.0193,0.02,0.0191,0.0199,1842150.1
1772035200000,0.0199,0.0203,0.0198,0.0202,1791495.0
1772049600000,0.0202,0.0206,0.0196,0.0198,1763886.8
1772064000000,0.0198,0.02,0.0195,0.0197,1582093.0
1772078400000,0.0197,0.0199,0.0195,0.0196,1190237.9
1772092800000,0.0196,0.0199,0.0193,0.0194,951352.2
1772107200000,0.0194,0.0196,0.0189,0.0191,2472151.5
1772121600000,0.0191,0.0194,0.0186,0.0193,2205947.0
1772136000000,0.0193,0.0194,0.0191,0.0191,600919.2
1772150400000,0.0191,0.0194,0.019,0.0194,888516.5
1772164800000,0.0194,0.0198,0.0193,0.0196,1350946.1
1772179200000,0.0196,0.0199,0.0192,0.0195,2044428.4
1772193600000,0.0195,0.0197,0.019,0.0191,2691151.2
1772208000000,0.0191,0.0192,0.0186,0.0188,1871308.6
1772222400000,0.0188,0.019,0.0185,0.019,631846.9
1772236800000,0.019,0.0195,0.0187,0.0188,3648959.3
1772251200000,0.0188,0.0189,0.0177,0.018,2882901.0
1772265600000,0.018,0.018,0.0175,0.0178,1927113.4
1772280000000,0.0178,0.0183,0.0176,0.018,2475810.9
1772294400000,0.018,0.0188,0.0177,0.0186,2216841.2
1772308800000,0.0186,0.0192,0.0185,0.019,1942594.2
1772323200000,0.019,0.0198,0.0186,0.0192,1926037.2
1772337600000,0.0192,0.0194,0.0189,0.0191,621790.8
1772352000000,0.0191,0.0192,0.0186,0.0188,1217898.4
1772366400000,0.0188,0.019,0.0184,0.0186,1384582.9
1772380800000,0.0186,0.0189,0.0181,0.0183,2033506.5
1772395200000,0.0183,0.0185,0.0178,0.0184,1401466.8
1772409600000,0.0184,0.0188,0.0183,0.0187,1512089.3
1772424000000,0.0187,0.0187,0.0181,0.0184,1323386.3
1772438400000,0.0184,0.0188,0.0181,0.0187,1352246.1
1772452800000,0.0187,0.0197,0.0182,0.0194,3652241.9
1772467200000,0.0194,0.0198,0.0191,0.0193,1989821.9
1772481600000,0.0193,0.0195,0.0189,0.019,969665.5
1772496000000,0.019,0.0192,0.0186,0.0188,1224880.5
1772510400000,0.0188,0.0189,0.0186,0.0189,563091.9
1772524800000,0.0189,0.0189,0.0181,0.0184,1422421.6
1772539200000,0.0184,0.0188,0.0181,0.0184,1720617.9
1772553600000,0.0184,0.0189,0.0184,0.0186,1334339.9
1772568000000,0.0186,0.0188,0.0183,0.0185,1085032.9
1772582400000,0.0185,0.0187,0.0182,0.0184,1040666.2
1772596800000,0.0184,0.0187,0.0183,0.0187,892729.4
1772611200000,0.0187,0.0193,0.0185,0.019,1525935.9
1772625600000,0.019,0.0194,0.0187,0.0194,2017229.3
1772640000000,0.0194,0.0194,0.019,0.0192,1012196.8
1772654400000,0.0192,0.0193,0.0187,0.019,843708.0
1772668800000,0.019,0.0192,0.0188,0.0189,1287520.3
1772683200000,0.0189,0.0191,0.0187,0.0189,804921.7
1772697600000,0.0189,0.0192,0.0187,0.019,1083742.8
1772712000000,0.019,0.0192,0.0186,0.0187,2383033.4
1772726400000,0.0187,0.0189,0.0183,0.0186,1162985.2
1772740800000,0.0186,0.0189,0.0186,0.0187,496888.0
1772755200000,0.0187,0.019,0.0185,0.0189,553497.9
1772769600000,0.0189,0.0191,0.0186,0.0189,560837.1
1772784000000,0.0189,0.0194,0.0187,0.0188,1312396.5
1772798400000,0.0188,0.019,0.0181,0.0182,2422267.6
1772812800000,0.0182,0.0184,0.0179,0.0183,641960.4
1772827200000,0.0183,0.0185,0.0181,0.0183,450620.3
1772841600000,0.0183,0.0184,0.0181,0.0182,337914.9
1772856000000,0.0182,0.0184,0.018,0.0181,295568.3
1772870400000,0.0181,0.0183,0.0181,0.0182,217824.7
1772884800000,0.0182,0.0182,0.0178,0.018,711084.9
1772899200000,0.018,0.0181,0.0178,0.0179,668278.3
1772913600000,0.0179,0.018,0.0176,0.0177,397049.7
1772928000000,0.0177,0.0178,0.0174,0.0175,496165.0
1772942400000,0.0175,0.0177,0.0174,0.0177,368896.8
1772956800000,0.0177,0.0179,0.0175,0.0177,549955.2
1772971200000,0.0177,0.018,0.0175,0.0175,1121913.6
1772985600000,0.0175,0.0181,0.0174,0.018,577893.3
1773000000000,0.018,0.0182,0.0175,0.0176,1886475.4
1773014400000,0.0176,0.0182,0.0176,0.018,1960267.2
1773028800000,0.018,0.0186,0.0179,0.0184,1292082.5
1773043200000,0.0184,0.0185,0.018,0.0183,761616.9
1773057600000,0.0183,0.0186,0.0182,0.0183,993280.6
1773072000000,0.0183,0.0187,0.0182,0.0183,623426.2
1773086400000,0.0183,0.0185,0.0181,0.0181,488980.9
1773100800000,0.0181,0.0185,0.018,0.0183,525761.0
1773115200000,0.0183,0.0185,0.0182,0.0184,541861.4
1773129600000,0.0184,0.0186,0.0183,0.0183,1577954.3
1773144000000,0.0183,0.0187,0.018,0.0186,1668820.6
1773158400000,0.0186,0.0187,0.018,0.0182,1412029.0
1773172800000,0.0182,0.0184,0.018,0.0182,336816.3
1773187200000,0.0182,0.0183,0.018,0.0181,625803.9
1773201600000,0.0181,0.0184,0.018,0.0182,432927.8
1773216000000,0.0182,0.0185,0.0181,0.0183,959978.7
1773230400000,0.0183,0.0188,0.0178,0.0181,1909867.3
1773244800000,0.0181,0.0181,0.0177,0.0179,1774159.7
1773259200000,0.0179,0.0181,0.0178,0.018,951560.5
1773273600000,0.018,0.0181,0.0177,0.0178,805483.3
1773288000000,0.0178,0.0181,0.0177,0.0181,626515.3
1773302400000,0.0181,0.0191,0.018,0.0188,4071485.1
1773316800000,0.0188,0.0194,0.018,0.0183,8540227.9
1773331200000,0.0183,0.0185,0.018,0.0183,1707171.7
1773345600000,0.0183,0.0185,0.0181,0.0184,1034928.0
1773360000000,0.0184,0.0187,0.0183,0.0186,1050876.8
1773374400000,0.0186,0.0187,0.0183,0.0186,851579.2
1773388800000,0.0186,0.0186,0.0182,0.0183,1340426.1
1773403200000,0.0183,0.0187,0.0181,0.0183,2744943.7
1773417600000,0.0183,0.0184,0.0178,0.0178,1234073.5
1773432000000,0.0178,0.018,0.0171,0.0173,2249669.7
1773446400000,0.0173,0.0174,0.0169,0.0173,1067728.7
1773460800000,0.0173,0.0173,0.0166,0.0167,2224652.2
1773475200000,0.0167,0.0169,0.0165,0.0167,1515067.6
1773489600000,0.0167,0.0168,0.0164,0.0165,2098313.6
1773504000000,0.0165,0.0166,0.0161,0.0162,2230086.7
1773518400000,0.0162,0.0166,0.0159,0.0165,3403790.1
1773532800000,0.0165,0.0169,0.0163,0.0168,2958180.8
1773547200000,0.0168,0.017,0.0165,0.0166,2183869.6
1773561600000,0.0166,0.0169,0.0166,0.0168,1052090.4
1773576000000,0.0168,0.0169,0.0165,0.0168,886584.2
1773590400000,0.0168,0.0172,0.0167,0.017,1885033.8
1773604800000,0.017,0.0175,0.0168,0.0169,3347499.2
1773619200000,0.0169,0.0173,0.0167,0.0172,1800452.5
1773633600000,0.0172,0.0174,0.0171,0.0173,1714716.1
1773648000000,0.0173,0.0179,0.0172,0.0175,6190362.1
1773662400000,0.0175,0.018,0.0174,0.0175,5959668.8
1773676800000,0.0175,0.0182,0.0175,0.0178,5016987.0
1773691200000,0.0178,0.0182,0.0178,0.0179,3708006.5
1773705600000,0.0179,0.0182,0.0176,0.0176,2432194.8
1773720000000,0.0176,0.0178,0.0174,0.0176,3038963.5
1773734400000,0.0176,0.0179,0.0175,0.0178,2104797.8
1773748800000,0.0178,0.0178,0.0174,0.0175,2463235.5
1773763200000,0.0175,0.0186,0.0174,0.0181,5810490.3
1773777600000,0.0181,0.0193,0.018,0.0186,13825456.2
1773792000000,0.0186,0.0196,0.018,0.0192,7771382.2
1773806400000,0.0192,0.0194,0.0185,0.0191,7434831.9
1773820800000,0.0191,0.0196,0.0179,0.0181,9286728.3
1773835200000,0.0181,0.0181,0.0171,0.0173,5102996.7
1773849600000,0.0173,0.0174,0.0169,0.017,4012924.3
1773864000000,0.017,0.0174,0.0169,0.0172,1257178.6
1773878400000,0.0172,0.0174,0.017,0.0172,1756877.4
1773892800000,0.0172,0.0172,0.0167,0.0168,2572101.7
1773907200000,0.0168,0.017,0.0167,0.0168,1058705.5
1773921600000,0.0168,0.0168,0.0163,0.0165,2149160.0
1773936000000,0.0165,0.0167,0.0163,0.0166,1718858.1
1773950400000,0.0166,0.0168,0.0164,0.0166,851148.5
1773964800000,0.0166,0.0171,0.0165,0.0168,1851009.5
1773979200000,0.0168,0.0171,0.0166,0.0171,1645757.5
1773993600000,0.0171,0.0173,0.0169,0.0171,2001655.7
1774008000000,0.0171,0.0173,0.0168,0.0171,2428242.2
1774022400000,0.0171,0.0174,0.0169,0.0171,2715694.3
1774036800000,0.0171,0.0172,0.0168,0.0172,915379.1
1774051200000,0.0172,0.0181,0.0171,0.0176,4387262.6
1774065600000,0.0176,0.0177,0.0173,0.0174,1695651.9
1774080000000,0.0174,0.0176,0.0171,0.0174,2414892.6
1774094400000,0.0174,0.018,0.0174,0.0176,2500856.5
1774108800000,0.0176,0.0177,0.0174,0.0174,1020352.6
1774123200000,0.0174,0.0176,0.0168,0.0169,1870363.3
1774137600000,0.0169,0.0172,0.0165,0.0169,2109834.0
1774152000000,0.0169,0.0172,0.0167,0.0167,1184426.9
1774166400000,0.0167,0.0168,0.0163,0.0165,1358907.2
1774180800000,0.0165,0.0167,0.0163,0.0166,1337060.7
1774195200000,0.0166,0.0167,0.0162,0.0163,843799.1
1774209600000,0.0163,0.0165,0.016,0.0162,1146070.0
1774224000000,0.0162,0.0165,0.0161,0.0163,1237862.5
1774238400000,0.0163,0.0166,0.0161,0.0163,2530576.5
1774252800000,0.0163,0.0171,0.0161,0.0168,1757314.7
1774267200000,0.0168,0.017,0.0165,0.0166,1512123.8
1774281600000,0.0166,0.0169,0.0165,0.0167,762734.5
1774296000000,0.0167,0.0169,0.0165,0.0166,321777.3
1774310400000,0.0166,0.0168,0.0164,0.0167,1319662.3
1774324800000,0.0167,0.0169,0.0165,0.0168,1585362.0
1774339200000,0.0168,0.0169,0.0164,0.0165,1466635.2
1774353600000,0.0165,0.0167,0.0164,0.0165,1391095.6
1774368000000,0.0165,0.0167,0.0164,0.0165,753587.9
1774382400000,0.0165,0.0168,0.0165,0.0166,1288986.9
1774396800000,0.0166,0.0168,0.0165,0.0168,808324.5
1774411200000,0.0168,0.0169,0.0166,0.0168,807233.8
1774425600000,0.0168,0.0169,0.0166,0.0167,859472.7
1774440000000,0.0167,0.0169,0.0166,0.0168,986778.5
1774454400000,0.0168,0.0169,0.0167,0.0167,414423.9
1774468800000,0.0167,0.0168,0.0165,0.0168,934293.0
1774483200000,0.0168,0.0168,0.0162,0.0164,1014194.8
1774497600000,0.0164,0.0164,0.016,0.0162,737034.6
1774512000000,0.0162,0.0162,0.0156,0.0156,1136455.8
1774526400000,0.0156,0.016,0.0154,0.0155,2011611.5
1774540800000,0.0155,0.0157,0.0153,0.0154,1175410.0
1774555200000,0.0154,0.0157,0.0153,0.0156,1028472.9
1774569600000,0.0156,0.0158,0.0154,0.0154,433874.5
1774584000000,0.0154,0.0156,0.0153,0.0154,970284.5
1774598400000,0.0154,0.0158,0.0151,0.0153,1758870.0
1774612800000,0.0153,0.0154,0.015,0.0152,1525935.0
1774627200000,0.0152,0.0153,0.0149,0.0151,982994.9
1774641600000,0.0151,0.0152,0.015,0.015,587967.3
1774656000000,0.015,0.0151,0.0147,0.0148,463191.5
1774670400000,0.0148,0.0151,0.0148,0.015,400153.7
1774684800000,0.015,0.0152,0.0149,0.0151,474642.2
1774699200000,0.0151,0.0154,0.015,0.0152,642986.6
1774713600000,0.0152,0.0152,0.0151,0.0151,216663.0
1774728000000,0.0151,0.0152,0.0147,0.0148,548142.9
1774742400000,0.0148,0.0151,0.0147,0.0149,648244.6
1774756800000,0.0149,0.0151,0.0148,0.015,922477.7
1774771200000,0.015,0.015,0.0146,0.0147,868701.0
1774785600000,0.0147,0.0148,0.0145,0.0145,1482540.0
1774800000000,0.0145,0.0147,0.0145,0.0146,555610.9
1774814400000,0.0146,0.0149,0.0143,0.0146,1739723.1
1774828800000,0.0146,0.0152,0.0146,0.0151,1572291.4
1774843200000,0.0151,0.0154,0.015,0.0154,665570.1
1774857600000,0.0154,0.0155,0.0152,0.0154,656499.2
1774872000000,0.0154,0.0155,0.0149,0.0149,1194625.8
1774886400000,0.0149,0.0151,0.0145,0.0146,1372631.6
1774900800000,0.0146,0.0149,0.0145,0.0145,840613.9
1774915200000,0.0145,0.0148,0.0145,0.0146,1096925.7
1774929600000,0.0146,0.0147,0.0145,0.0145,672523.1
1774944000000,0.0145,0.0146,0.0143,0.0144,1902506.4
1774958400000,0.0144,0.0147,0.0143,0.0143,1158486.9
1774972800000,0.0143,0.0147,0.0143,0.0145,1523878.1
1774987200000,0.0145,0.0145,0.0141,0.0143,1487768.2
1775001600000,0.0143,0.0145,0.0142,0.0144,1047259.9
1775016000000,0.0144,0.0147,0.0144,0.0145,1249260.0
1775030400000,0.0145,0.0148,0.0144,0.0146,1237850.4
1775044800000,0.0146,0.0151,0.0144,0.0151,1895273.2
1775059200000,0.0151,0.0152,0.0147,0.015,2163863.3
1775073600000,0.015,0.0152,0.0148,0.015,918461.0
1775088000000,0.015,0.0151,0.0142,0.0144,1766691.1
1775102400000,0.0144,0.0146,0.0142,0.0145,1372878.7
1775116800000,0.0145,0.0145,0.014,0.0142,712841.2
1775131200000,0.0142,0.0144,0.014,0.0142,1530697.0
1775145600000,0.0142,0.0145,0.0141,0.0141,1037189.1
1775160000000,0.0141,0.0142,0.0139,0.014,1340246.5
1775174400000,0.014,0.014,0.0137,0.0137,1256925.5
1775188800000,0.0137,0.0139,0.0136,0.0136,1128142.9
1775203200000,0.0136,0.0139,0.0136,0.0138,1295379.5
1775217600000,0.0138,0.0138,0.0134,0.0134,3338152.0
1775232000000,0.0134,0.0136,0.0134,0.0134,1646005.6
1775246400000,0.0134,0.0135,0.013,0.0131,1099674.1
1775260800000,0.0131,0.0133,0.013,0.0132,1388333.4
1775275200000,0.0132,0.0133,0.0129,0.0132,1404156.1
1775289600000,0.0132,0.0133,0.013,0.0133,1268215.5
1775304000000,0.0133,0.0134,0.013,0.0132,965032.7
1775318400000,0.0132,0.0133,0.013,0.0132,695747.6
1775332800000,0.0132,0.0135,0.0131,0.0133,837161.6
1775347200000,0.0133,0.0134,0.0131,0.0133,998704.5
1775361600000,0.0133,0.0134,0.0127,0.0129,1214419.9
1775376000000,0.0129,0.013,0.0128,0.013,1019322.6
1775390400000,0.013,0.0131,0.0127,0.013,901001.7
1775404800000,0.013,0.0133,0.0128,0.0132,981748.2
1775419200000,0.0132,0.0133,0.0129,0.0132,876726.4
1775433600000,0.0132,0.0136,0.0132,0.0133,760698.2
1775448000000,0.0133,0.0136,0.0133,0.0136,298226.0
1775462400000,0.0136,0.0138,0.0134,0.0135,1190951.1
1775476800000,0.0135,0.0138,0.0135,0.0136,1368336.1
1775491200000,0.0136,0.0137,0.0134,0.0136,358246.6
1775505600000,0.0136,0.0137,0.0133,0.0134,1077518.5
1775520000000,0.0134,0.0135,0.0132,0.0134,664162.4
1775534400000,0.0134,0.0137,0.0133,0.0135,1043498.4
1775548800000,0.0135,0.0137,0.0132,0.0134,1523359.7
1775563200000,0.0134,0.0134,0.0131,0.0133,2029721.1
1775577600000,0.0133,0.0135,0.0132,0.0135,565338.6
1775592000000,0.0135,0.0142,0.0134,0.0141,1085619.3
1775606400000,0.0141,0.0142,0.0138,0.0139,1597909.6
1775620800000,0.0139,0.0139,0.0136,0.0139,4595992.9
1775635200000,0.0139,0.0139,0.0136,0.0137,1215644.2
1775649600000,0.0137,0.0139,0.0134,0.0135,1769614.7
1775664000000,0.0135,0.0136,0.0132,0.0134,2623964.6
1775678400000,0.0134,0.0134,0.0129,0.0131,1838188.2
1775692800000,0.0131,0.0131,0.0128,0.013,2275549.9
1775707200000,0.013,0.0132,0.0129,0.0129,1155535.7
1775721600000,0.0129,0.0132,0.0129,0.0131,828219.9
1775736000000,0.0131,0.0135,0.013,0.0134,1636024.8
1775750400000,0.0134,0.0136,0.0133,0.0134,913659.2
1775764800000,0.0134,0.0138,0.0132,0.0134,2225203.6
1775779200000,0.0134,0.0134,0.0129,0.013,1811361.6
1775793600000,0.013,0.0131,0.0128,0.0129,2541454.8
1775808000000,0.0129,0.013,0.0127,0.0129,2173048.6
1775822400000,0.0129,0.0132,0.0128,0.013,1330540.0
1775836800000,0.013,0.0134,0.013,0.0132,1438647.6
1775851200000,0.0132,0.0134,0.0129,0.0131,1958684.8
1775865600000,0.0131,0.0131,0.0127,0.0127,1923276.8
1775880000000,0.0127,0.0129,0.0125,0.0127,4348902.5
1775894400000,0.0127,0.0129,0.0126,0.0127,1341325.2
1775908800000,0.0127,0.0129,0.0125,0.0127,1565739.3
1775923200000,0.0127,0.0133,0.0127,0.0133,1164068.4
1775937600000,0.0133,0.0133,0.0129,0.0131,1392725.0
1775952000000,0.0131,0.0131,0.0124,0.0124,1864994.5
1775966400000,0.0124,0.0126,0.0123,0.0124,1200559.7
1775980800000,0.0124,0.0125,0.0121,0.0123,1417859.7
1775995200000,0.0123,0.0124,0.012,0.012,1823176.0
1776009600000,0.012,0.0125,0.012,0.0125,1830103.0
1776024000000,0.0125,0.0125,0.012,0.0122,1029488.8
1776038400000,0.0122,0.0123,0.0121,0.0122,708845.8
1776052800000,0.0122,0.0122,0.0119,0.0119,2272553.9
1776067200000,0.0119,0.0122,0.0119,0.0119,1763499.0
1776081600000,0.0119,0.0122,0.0118,0.0121,2406935.8
1776096000000,0.0121,0.0122,0.0117,0.012,4495206.1
1776110400000,0.012,0.0126,0.0119,0.0124,2328767.3
1776124800000,0.0124,0.0125,0.0122,0.0122,1083090.3
1776139200000,0.0122,0.0123,0.012,0.0121,1432940.6
1776153600000,0.0121,0.0123,0.0121,0.0122,711892.3
1776168000000,0.0122,0.0123,0.012,0.0122,2421471.9
1776182400000,0.0122,0.0123,0.0116,0.0118,1876594.9
1776196800000,0.0118,0.012,0.0117,0.012,1925087.9
1776211200000,0.012,0.012,0.0117,0.0118,1329718.0
1776225600000,0.0118,0.0121,0.0117,0.012,2094318.5
1776240000000,0.012,0.0123,0.012,0.012,2245278.3
1776254400000,0.012,0.0123,0.012,0.0122,2148068.3
1776268800000,0.0122,0.0124,0.0121,0.0123,959089.8
1776283200000,0.0123,0.0126,0.0122,0.0124,1341948.0
1776297600000,0.0124,0.0126,0.0122,0.0126,1538467.4
1776312000000,0.0126,0.013,0.0125,0.013,5177957.1
1776326400000,0.013,0.0131,0.0127,0.0128,2997094.1
1776340800000,0.0128,0.013,0.0123,0.0128,4179531.5
1776355200000,0.0128,0.0133,0.0128,0.0133,2581570.0
1776369600000,0.0133,0.0133,0.0129,0.0132,1859231.1
1776384000000,0.0132,0.0133,0.0129,0.013,3231601.3
1776398400000,0.013,0.0132,0.0127,0.0131,2361509.9
1776412800000,0.0131,0.0133,0.0129,0.0131,4347180.3
1776427200000,0.0131,0.0135,0.013,0.0133,2768475.2
1776441600000,0.0133,0.0135,0.0131,0.0134,1975984.5
1776456000000,0.0134,0.0134,0.0131,0.0132,1323354.3
1776470400000,0.0132,0.0132,0.0128,0.0128,2347242.7
1776484800000,0.0128,0.0133,0.0128,0.0131,2405640.8
1776499200000,0.0131,0.0132,0.0125,0.0126,5058242.5
1776513600000,0.0126,0.0129,0.0125,0.0127,3040512.2
1776528000000,0.0127,0.0128,0.0123,0.0124,3228338.5
1776542400000,0.0124,0.0126,0.0122,0.0122,1951768.0
1776556800000,0.0122,0.0123,0.0119,0.0121,2140780.9
1776571200000,0.0121,0.0125,0.0121,0.0124,3262572.7
1776585600000,0.0124,0.0126,0.0122,0.0124,4354691.7
1776600000000,0.0124,0.0131,0.0124,0.013,8746605.3
1776614400000,0.013,0.0131,0.0125,0.0128,4330132.5
1776628800000,0.0128,0.0129,0.0122,0.0123,3020639.7
1776643200000,0.0123,0.0128,0.0122,0.0126,3348347.8
1776657600000,0.0126,0.013,0.0124,0.0127,4778209.7
1776672000000,0.0127,0.0129,0.0124,0.0126,2808394.8
1776686400000,0.0126,0.0129,0.0125,0.0128,3355517.9
1776700800000,0.0128,0.013,0.0126,0.0129,1603659.2
1776715200000,0.0129,0.0131,0.0126,0.0128,1823921.1
1776729600000,0.0128,0.0129,0.0125,0.0127,2507814.6
1776744000000,0.0127,0.0128,0.0124,0.0124,2544353.2
1776758400000,0.0124,0.0126,0.0123,0.0126,2253191.0
1776772800000,0.0126,0.0126,0.0122,0.0123,2051940.8
1776787200000,0.0123,0.0125,0.012,0.0122,3603417.7
1776801600000,0.0122,0.0125,0.012,0.0124,1769202.0
1776816000000,0.0124,0.0131,0.0124,0.0128,2672137.7
1776830400000,0.0128,0.0134,0.0128,0.0132,2996527.2
1776844800000,0.0132,0.0134,0.0131,0.0131,1275222.2
1776859200000,0.0131,0.0133,0.013,0.013,1864261.5
1776873600000,0.013,0.0133,0.0129,0.0131,1422680.7
1776888000000,0.0131,0.0131,0.0127,0.0129,1282351.9
1776902400000,0.0129,0.0129,0.0124,0.0126,2848869.8
1776916800000,0.0126,0.0128,0.0124,0.0128,2243643.5
1776931200000,0.0128,0.0128,0.0125,0.0127,1728465.0
1776945600000,0.0127,0.013,0.0126,0.0128,1155711.8
1776960000000,0.0128,0.013,0.0125,0.0126,2197017.3
1776974400000,0.0126,0.0132,0.0126,0.0131,1620043.8
1776988800000,0.0131,0.0132,0.0129,0.013,1766493.9
1777003200000,0.013,0.0132,0.0128,0.0131,1999165.6
1777017600000,0.0131,0.0133,0.013,0.0133,2271079.5
1777032000000,0.0133,0.0134,0.0131,0.0133,2478093.2
1777046400000,0.0133,0.0142,0.0133,0.0139,11597593.2
1777060800000,0.0139,0.0145,0.0138,0.0142,8814178.2
1777075200000,0.0142,0.0155,0.0142,0.0145,19754558.4
1777089600000,0.0145,0.0147,0.0139,0.014,5613517.7
1777104000000,0.014,0.014,0.0136,0.0137,2813586.4
1777118400000,0.0137,0.0138,0.0132,0.0133,4172834.3
1777132800000,0.0133,0.0137,0.0131,0.0136,5601437.8
1777147200000,0.0136,0.0137,0.0134,0.0135,2791406.9
1777161600000,0.0135,0.0136,0.0133,0.0134,2368856.6
1777176000000,0.0134,0.0142,0.0134,0.0139,5048134.9
1777190400000,0.0139,0.014,0.0137,0.0138,2880230.7
1777204800000,0.0138,0.0139,0.0133,0.0134,2390321.2
1777219200000,0.0134,0.0136,0.0133,0.0134,1358093.6
1777233600000,0.0134,0.0136,0.0132,0.0134,1360830.2
1777248000000,0.0134,0.0138,0.0133,0.0138,1278057.6
1777262400000,0.0138,0.0138,0.0129,0.0129,3733508.2
1777276800000,0.0129,0.0131,0.0128,0.0129,1197653.1
1777291200000,0.0129,0.013,0.0124,0.0126,3008312.1
1777305600000,0.0126,0.0128,0.0125,0.0127,2510872.5
1777320000000,0.0127,0.013,0.0127,0.0129,845728.8
1777334400000,0.0129,0.0131,0.0127,0.0128,1354247.8
1777348800000,0.0128,0.0131,0.0128,0.0129,1282173.0
1777363200000,0.0129,0.013,0.0127,0.0127,1203432.3
1777377600000,0.0127,0.013,0.0127,0.013,1663301.9
1777392000000,0.013,0.013,0.0128,0.0129,633746.6
1777406400000,0.0129,0.013,0.0127,0.0127,786361.7
1777420800000,0.0127,0.013,0.0126,0.0129,556871.6
1777435200000,0.0129,0.0131,0.0129,0.013,1664739.4
1777449600000,0.013,0.0132,0.0128,0.0131,2127515.0
1777464000000,0.0131,0.0131,0.0125,0.0126,1624139.8
1777478400000,0.0126,0.0126,0.0121,0.0123,2874236.3
1777492800000,0.0123,0.0126,0.0123,0.0125,618820.2
1777507200000,0.0125,0.0127,0.0123,0.0124,1292920.6
1777521600000,0.0124,0.0126,0.0123,0.0125,818052.3
1777536000000,0.0125,0.0127,0.0124,0.0125,576495.0
1777550400000,0.0125,0.0127,0.0124,0.0125,1400463.3
1777564800000,0.0125,0.0126,0.0124,0.0125,336996.5
1777579200000,0.0125,0.0125,0.0123,0.0123,418336.7
1777593600000,0.0123,0.0126,0.0123,0.0125,417088.5
1777608000000,0.0125,0.0127,0.0124,0.0125,437718.9
1777622400000,0.0125,0.0126,0.0123,0.0124,725363.7
1777636800000,0.0124,0.0128,0.0124,0.0126,1065332.2
1777651200000,0.0126,0.0128,0.0125,0.0126,1103797.9
1777665600000,0.0126,0.0129,0.0125,0.0126,810507.9
1777680000000,0.0126,0.0129,0.0126,0.0127,774735.1
1777694400000,0.0127,0.0129,0.0126,0.0128,536601.8
1777708800000,0.0128,0.013,0.0127,0.0128,620700.8
1777723200000,0.0128,0.013,0.0127,0.013,1405358.7
1777737600000,0.013,0.013,0.0128,0.013,570770.1
1777752000000,0.013,0.0131,0.0128,0.0129,494480.0
1777766400000,0.0129,0.013,0.0126,0.0127,659511.7
1777780800000,0.0127,0.0128,0.0126,0.0128,658044.1
1777795200000,0.0128,0.0129,0.0126,0.0127,907847.8
1777809600000,0.0127,0.0129,0.0127,0.0128,742000.5
1777824000000,0.0128,0.0128,0.0127,0.0127,221573.0
1777838400000,0.0127,0.0129,0.0127,0.0127,1103329.3
1777852800000,0.0127,0.0132,0.0126,0.0131,2755625.3
1777867200000,0.0131,0.0133,0.013,0.0133,1842757.2
1777881600000,0.0133,0.0135,0.0129,0.0131,3126632.3
1777896000000,0.0131,0.0137,0.0129,0.0134,6845546.9
1777910400000,0.0134,0.014,0.0133,0.0137,4202318.5
1777924800000,0.0137,0.0142,0.0136,0.014,3908328.3
1777939200000,0.014,0.0143,0.0138,0.0139,4166262.8
1777953600000,0.0139,0.014,0.0136,0.0138,1271847.3
1777968000000,0.0138,0.0138,0.0135,0.0137,2325173.0
1777982400000,0.0137,0.0137,0.0134,0.0136,2564440.9
1777996800000,0.0136,0.0136,0.0134,0.0135,761789.7
1778011200000,0.0135,0.0138,0.0135,0.0137,836370.3
1778025600000,0.0137,0.0141,0.0135,0.014,1441825.2
1778040000000,0.014,0.0141,0.0137,0.0141,1881646.4
1778054400000,0.0141,0.0143,0.014,0.0142,2151354.1
1778068800000,0.0142,0.0143,0.0136,0.0141,4302361.8
1778083200000,0.0141,0.0142,0.0137,0.0139,2141560.8
1778097600000,0.0139,0.0141,0.0137,0.0138,1640546.6
1778112000000,0.0138,0.0139,0.0134,0.0135,3693499.1
1778126400000,0.0135,0.0141,0.0134,0.014,2304366.1
1778140800000,0.014,0.0144,0.0139,0.0142,4709812.9
1778155200000,0.0142,0.0147,0.0139,0.0139,6200342.1
1778169600000,0.0139,0.0146,0.0139,0.0144,3873759.8
1778184000000,0.0144,0.0145,0.0141,0.0144,3534669.5
1778198400000,0.0144,0.0147,0.0143,0.0145,3011051.3
1778212800000,0.0145,0.0146,0.0142,0.0145,3214311.4
1778227200000,0.0145,0.0152,0.0144,0.0147,6483597.1
1778241600000,0.0147,0.0149,0.0145,0.0148,4331294.8
1778256000000,0.0148,0.0154,0.0147,0.0152,2797115.5
1778270400000,0.0152,0.0154,0.0149,0.0152,4366922.2
1778284800000,0.0152,0.0157,0.0151,0.0153,4397648.9
1778299200000,0.0153,0.0155,0.0151,0.0151,2763045.9
1778313600000,0.0151,0.0153,0.0148,0.015,1920585.0
1778328000000,0.015,0.015,0.0146,0.0147,1905362.3
1778342400000,0.0147,0.0149,0.0146,0.0148,921888.2
1778356800000,0.0148,0.0149,0.0146,0.0147,1011784.8
1778371200000,0.0147,0.0152,0.0144,0.015,2863159.3
1778385600000,0.015,0.0158,0.0149,0.0153,10036741.4
1778400000000,0.0153,0.016,0.0153,0.0157,7889275.8
1778414400000,0.0157,0.0164,0.0154,0.0158,14129245.0
1778428800000,0.0158,0.0161,0.0157,0.0158,2992994.5
1778443200000,0.0158,0.016,0.0152,0.0159,3939738.4
1778457600000,0.0159,0.0159,0.015,0.0153,4562038.5
1778472000000,0.0153,0.0156,0.0151,0.0154,1189107.5
1778486400000,0.0154,0.0159,0.0154,0.0156,2532903.1
1778500800000,0.0156,0.0157,0.0153,0.0156,2696900.7
1778515200000,0.0156,0.0159,0.0154,0.0159,1552150.1
1778529600000,0.0159,0.0166,0.0157,0.0165,3244950.6
1778544000000,0.0165,0.0167,0.0156,0.0157,7175503.3
1778558400000,0.0157,0.0159,0.0155,0.0157,1667160.0
1778572800000,0.0157,0.0158,0.0152,0.0152,3107593.2
1778587200000,0.0152,0.0155,0.015,0.0151,3148727.6
1778601600000,0.0151,0.0159,0.015,0.0158,3044758.8
1778616000000,0.0158,0.0165,0.0158,0.0158,2552176.5
1778630400000,0.0158,0.016,0.0157,0.0158,1626805.6
1778644800000,0.0158,0.0159,0.0155,0.0157,1658897.7
1778659200000,0.0157,0.0161,0.0155,0.0157,2806557.4
1778673600000,0.0157,0.0157,0.0146,0.0146,3543183.0
1778688000000,0.0146,0.0149,0.0145,0.0145,1538356.4
1778702400000,0.0145,0.0148,0.0145,0.0147,1729768.4
1778716800000,0.0147,0.0148,0.0142,0.0143,1372503.0
1778731200000,0.0143,0.0145,0.0142,0.0143,1625420.9
1778745600000,0.0143,0.0144,0.014,0.0141,2720102.4
1778760000000,0.0141,0.0146,0.014,0.0145,2802290.4
1778774400000,0.0145,0.0147,0.0144,0.0145,2427115.9
1778788800000,0.0145,0.0146,0.0143,0.0144,1421294.7
1778803200000,0.0144,0.0145,0.014,0.0141,1653546.5
1778817600000,0.0141,0.0142,0.0138,0.014,2281264.0
1778832000000,0.014,0.014,0.0138,0.014,949008.3
1778846400000,0.014,0.014,0.0129,0.0131,5551852.8
1778860800000,0.0131,0.0133,0.0129,0.013,1415975.4
1778875200000,0.013,0.0132,0.013,0.0131,880509.2
1778889600000,0.0131,0.0135,0.0131,0.0133,1032425.4
1778904000000,0.0133,0.0133,0.0125,0.0128,2727250.8
1778918400000,0.0128,0.0129,0.0126,0.0129,2004435.1
1778932800000,0.0129,0.013,0.0127,0.013,884127.6
1778947200000,0.013,0.0131,0.0129,0.0129,551256.2
1778961600000,0.0129,0.013,0.0128,0.0128,531318.0
1778976000000,0.0128,0.0129,0.0126,0.0129,1059221.7
1778990400000,0.0129,0.013,0.0128,0.013,254321.2
1779004800000,0.013,0.0132,0.0128,0.013,1617002.9
1779019200000,0.013,0.013,0.0127,0.0128,1215258.0
1779033600000,0.0128,0.0129,0.0126,0.0129,1422187.3
1779048000000,0.0129,0.0129,0.0121,0.0124,2087107.7
1779062400000,0.0124,0.0127,0.0123,0.0125,3132757.0
1779076800000,0.0125,0.0126,0.0121,0.0121,1581434.3
1779091200000,0.0121,0.0124,0.0121,0.0123,1948224.4
1779105600000,0.0123,0.0124,0.0119,0.0121,3000858.8
1779120000000,0.0121,0.0123,0.012,0.0122,1655758.4
1779134400000,0.0122,0.0125,0.0121,0.0124,1086340.4
1779148800000,0.0124,0.0125,0.012,0.012,1781375.4
1779163200000,0.012,0.0121,0.0119,0.0121,1741546.0
1779177600000,0.0121,0.0121,0.0118,0.0118,2403922.3
1779192000000,0.0118,0.0122,0.0118,0.0118,2800110.1
1779206400000,0.0118,0.0121,0.0118,0.012,2966755.7
1779220800000,0.012,0.0122,0.0119,0.0119,600743.8
1779235200000,0.0119,0.0121,0.0118,0.0119,2681151.5
1779249600000,0.0119,0.0122,0.0119,0.0121,692310.6
1779264000000,0.0121,0.0122,0.0119,0.012,914544.3
1779278400000,0.012,0.0122,0.0118,0.0121,4655940.6
1779292800000,0.0121,0.0127,0.012,0.0126,2269891.6
1779307200000,0.0126,0.0128,0.0124,0.0126,2275615.6
1779321600000,0.0126,0.013,0.0125,0.0129,2153903.2
1779336000000,0.0129,0.013,0.0126,0.0128,1836902.7
1779350400000,0.0128,0.0129,0.0124,0.0125,1240891.3
1779364800000,0.0125,0.0129,0.0124,0.0128,1573335.4
1779379200000,0.0128,0.0131,0.0127,0.0129,3184429.8
1779393600000,0.0129,0.0131,0.0129,0.013,969591.0
1779408000000,0.013,0.0134,0.0129,0.0132,1771719.6
1779422400000,0.0132,0.0133,0.0129,0.0132,1503416.3
1779436800000,0.0132,0.0133,0.013,0.0131,1838419.7
1779451200000,0.0131,0.0133,0.0127,0.013,3354987.0
1779465600000,0.013,0.013,0.0122,0.0123,2324974.0
1779480000000,0.0123,0.0125,0.012,0.0122,2955859.1
1779494400000,0.0122,0.0124,0.012,0.0122,1406630.4
1779508800000,0.0122,0.0123,0.0117,0.0119,2783688.5
1779523200000,0.0119,0.0119,0.0117,0.0117,1189317.8
1779537600000,0.0117,0.0123,0.0117,0.0122,2315870.7
1779552000000,0.0122,0.0126,0.0122,0.0124,1339882.2
1779566400000,0.0124,0.0129,0.0124,0.0125,858210.7
1779580800000,0.0125,0.0126,0.0123,0.0123,361635.9
1779595200000,0.0123,0.0126,0.0123,0.0125,484452.8
1779609600000,0.0125,0.0125,0.0122,0.0122,2630940.5
1779624000000,0.0122,0.0123,0.0119,0.0121,1786311.6
1779638400000,0.0121,0.0123,0.012,0.0121,1506527.8
1779652800000,0.0121,0.0122,0.0118,0.0121,1009618.8
1779667200000,0.0121,0.0122,0.012,0.0122,180182.3
1779681600000,0.0122,0.0125,0.0121,0.0124,2199338.1
1779696000000,0.0124,0.0126,0.0123,0.0124,637517.6
1779710400000,0.0124,0.0127,0.0123,0.0126,1929411.1
1779724800000,0.0126,0.0127,0.0124,0.0126,1292400.2
1779739200000,0.0126,0.0126,0.0122,0.0124,1871949.5
1779753600000,0.0124,0.0125,0.012,0.0121,2373673.4
1779768000000,0.0121,0.0123,0.012,0.0122,759463.5
1779782400000,0.0122,0.0127,0.0121,0.0126,1652063.2
1779796800000,0.0126,0.0129,0.0124,0.0126,4683534.7
1779811200000,0.0126,0.0126,0.0122,0.0122,1553154.1
1779825600000,0.0122,0.0124,0.0121,0.0122,800232.6
1779840000000,0.0122,0.0125,0.0122,0.0123,777839.7
1779854400000,0.0123,0.0124,0.012,0.0122,1324625.7
1779868800000,0.0122,0.0124,0.0121,0.0121,1082712.8
1779883200000,0.0121,0.0126,0.0121,0.0125,2393655.5
1779897600000,0.0125,0.0126,0.0121,0.0124,1436714.9
1779912000000,0.0124,0.0124,0.0118,0.012,1569919.6
1779926400000,0.012,0.0121,0.0114,0.0115,3389796.7
1779940800000,0.0115,0.0115,0.0111,0.0113,3704803.8
1779955200000,0.0113,0.0114,0.0111,0.0113,1388811.2
1779969600000,0.0113,0.0114,0.011,0.0112,2738922.9
1779984000000,0.0112,0.0118,0.0111,0.0117,1503550.8
1779998400000,0.0117,0.0118,0.0114,0.0116,1840613.3
1780012800000,0.0116,0.0117,0.0114,0.0115,1706735.7
1780027200000,0.0115,0.0117,0.0113,0.0117,1371035.9
1780041600000,0.0117,0.0118,0.0114,0.0115,1657480.5
1780056000000,0.0115,0.0119,0.0111,0.0118,2987850.1
1780070400000,0.0118,0.0119,0.0114,0.0117,1724121.6
1780084800000,0.0117,0.0118,0.0115,0.0115,749604.3
1780099200000,0.0115,0.012,0.0115,0.0118,1504371.5
1780113600000,0.0118,0.012,0.0115,0.0117,1027874.2
1780128000000,0.0117,0.0119,0.0117,0.0118,240617.1
1780142400000,0.0118,0.0119,0.0116,0.0118,587362.5
1780156800000,0.0118,0.0119,0.0116,0.0118,1237535.9
1780171200000,0.0118,0.0119,0.0116,0.0117,812146.6
1780185600000,0.0117,0.0119,0.0116,0.0119,371858.0
1780200000000,0.0119,0.0119,0.0116,0.0117,1164437.7
1780214400000,0.0117,0.0118,0.0115,0.0117,1200307.1
1780228800000,0.0117,0.0118,0.0114,0.0115,1435545.1
1780243200000,0.0115,0.0116,0.0114,0.0115,687092.2
1780257600000,0.0115,0.012,0.0115,0.0119,1151086.4
1780272000000,0.0119,0.0137,0.0119,0.0137,9926870.0
1780286400000,0.0137,0.0139,0.0124,0.0128,8276007.3
1780300800000,0.0128,0.0128,0.0122,0.0123,2846258.9
1780315200000,0.0123,0.0124,0.0119,0.0123,3053837.8
1780329600000,0.0123,0.0131,0.0122,0.013,2416523.5
1780344000000,0.013,0.0135,0.0128,0.0133,3465331.4
1780358400000,0.0133,0.0133,0.0124,0.013,2284707.8
1780372800000,0.013,0.013,0.0125,0.0127,2026471.5
1780387200000,0.0127,0.0133,0.0127,0.013,4471642.9
1780401600000,0.013,0.0131,0.0118,0.012,4581107.9
1780416000000,0.012,0.0126,0.0119,0.0123,2367481.9
1780430400000,0.0123,0.0128,0.0119,0.0123,3376448.0
1780444800000,0.0123,0.0132,0.0122,0.0128,4385623.0
1780459200000,0.0128,0.0138,0.0128,0.0132,5985451.0
1780473600000,0.0132,0.0135,0.0128,0.0129,2473883.9
1780488000000,0.0129,0.0137,0.0129,0.0131,3574492.8
1780502400000,0.0131,0.0133,0.0127,0.0127,2359278.5
1780516800000,0.0127,0.0132,0.0124,0.0128,2451392.4
1780531200000,0.0128,0.0131,0.0112,0.0121,6115996.5
1780545600000,0.0121,0.0122,0.0112,0.0112,7718852.3
1780560000000,0.0112,0.0114,0.0106,0.0109,4599988.8
1780574400000,0.0109,0.0114,0.0107,0.0112,3703796.2
1780588800000,0.0112,0.0114,0.0109,0.0111,1978961.9
1780603200000,0.0111,0.0111,0.0105,0.0108,2005231.8
1780617600000,0.0108,0.0109,0.0101,0.0102,2542577.9
1780632000000,0.0102,0.0105,0.0095,0.01,4272469.6
1780646400000,0.01,0.0101,0.0097,0.01,3417320.3
1780660800000,0.01,0.0102,0.0093,0.0094,6406681.1
1780675200000,0.0094,0.0099,0.0091,0.0095,5946371.4
1780689600000,0.0095,0.0099,0.0093,0.0096,2651716.9
1780704000000,0.0096,0.0097,0.0093,0.0093,1687107.1
1780718400000,0.0093,0.0095,0.0088,0.0093,3295311.3
1780732800000,0.0093,0.0096,0.0092,0.0095,1941195.0
1780747200000,0.0095,0.0096,0.0093,0.0094,1236727.9
1780761600000,0.0094,0.0095,0.0092,0.0094,1112868.1
1780776000000,0.0094,0.0096,0.0092,0.0095,1100001.2
1780790400000,0.0095,0.0099,0.0094,0.0097,1311467.4
1780804800000,0.0097,0.0098,0.0095,0.0097,1252129.2
1780819200000,0.0097,0.01,0.0095,0.0097,1980077.8
1780833600000,0.0097,0.0098,0.0093,0.0096,2248817.6
1780848000000,0.0096,0.0097,0.0092,0.0093,1335813.0
1780862400000,0.0093,0.0099,0.0092,0.0095,1353669.9
1780876800000,0.0095,0.0097,0.0093,0.0095,1434711.8
1780891200000,0.0095,0.0096,0.0092,0.0096,1106261.8
1780905600000,0.0096,0.0098,0.0094,0.0096,2236885.4
1780920000000,0.0096,0.0098,0.0095,0.0096,2113157.5
1780934400000,0.0096,0.0098,0.0095,0.0095,1249979.3
1780948800000,0.0095,0.0097,0.0093,0.0094,1291033.5
1780963200000,0.0094,0.0095,0.009,0.0091,1692209.3
1780977600000,0.0091,0.0095,0.0091,0.0093,1636984.7
1780992000000,0.0093,0.0094,0.0091,0.0092,1808972.0
1781006400000,0.0092,0.0093,0.0088,0.0089,2453829.1
1781020800000,0.0089,0.0091,0.0087,0.009,2735442.2
1781035200000,0.009,0.0092,0.0088,0.009,1983214.3
1781049600000,0.009,0.0091,0.0088,0.0089,1217925.5
1781064000000,0.0089,0.0091,0.0087,0.0091,1032807.0
1781078400000,0.0091,0.0091,0.0087,0.0088,1972314.0
1781092800000,0.0088,0.0092,0.0087,0.009,2766236.4
1781107200000,0.009,0.0091,0.0087,0.0087,1679713.9
1781121600000,0.0087,0.0088,0.0085,0.0085,3193449.0
1781136000000,0.0085,0.009,0.0085,0.0089,912177.0
1781150400000,0.0089,0.0093,0.0089,0.0091,2503999.2
1781164800000,0.0091,0.0092,0.0089,0.0091,1068545.0
1781179200000,0.0091,0.0091,0.0088,0.0091,1979908.1
1781193600000,0.0091,0.0093,0.0089,0.0092,2337332.8
1781208000000,0.0092,0.0093,0.009,0.0092,999455.4
1781222400000,0.0092,0.0093,0.009,0.0091,976469.1
1781236800000,0.0091,0.0093,0.0089,0.009,1249670.8
1781251200000,0.009,0.0096,0.009,0.0093,3488787.2
1781265600000,0.0093,0.0095,0.0091,0.0093,3985360.1
1781280000000,0.0093,0.0099,0.0091,0.0096,5419797.3
1781294400000,0.0096,0.0099,0.0094,0.0095,4614080.0
1781308800000,0.0095,0.0098,0.0094,0.0095,2310365.3
1781323200000,0.0095,0.0098,0.0094,0.0098,3652675.0
1781337600000,0.0098,0.0102,0.0095,0.0098,10560799.0
1781352000000,0.0098,0.0099,0.0096,0.0099,3265314.3
1781366400000,0.0099,0.01,0.0097,0.0098,4953992.4
1781380800000,0.0098,0.0099,0.0097,0.0098,1516757.2
1781395200000,0.0098,0.0101,0.0096,0.0097,5119583.6
1781409600000,0.0097,0.0098,0.0095,0.0097,2403562.5
1781424000000,0.0097,0.0099,0.0096,0.0097,3026728.8
1781438400000,0.0097,0.0098,0.0094,0.0095,1736738.1
1781452800000,0.0095,0.0098,0.0095,0.0096,1378997.5
1781467200000,0.0096,0.0101,0.0096,0.0101,1796155.8
1781481600000,0.0101,0.0103,0.0099,0.0102,1861788.8
1781496000000,0.0102,0.0105,0.01,0.0101,1886041.0
1781510400000,0.0101,0.0104,0.0101,0.0104,1372208.2
1781524800000,0.0104,0.0105,0.0102,0.0104,932975.5
1781539200000,0.0104,0.0105,0.01,0.01,1413221.6
1781553600000,0.01,0.0102,0.0099,0.01,555192.6
1781568000000,0.01,0.0102,0.0098,0.01,1119622.5
1781582400000,0.01,0.01,0.0098,0.00994,510768.2
1781596800000,0.00994,0.01011,0.0099,0.00997,753517.5
1781611200000,0.00997,0.01004,0.00963,0.0097,934813.7
1781625600000,0.0097,0.00994,0.00969,0.0098,666034.6
1781640000000,0.0098,0.01006,0.00976,0.00996,666085.8
1781654400000,0.00996,0.01017,0.00992,0.00998,529381.9
1781668800000,0.00998,0.01004,0.00985,0.00989,765752.0
1781683200000,0.00989,0.00991,0.00968,0.00972,627500.8
1781697600000,0.00972,0.01002,0.00965,0.01002,704571.8
1781712000000,0.01002,0.01014,0.00969,0.00973,1636969.4
1781726400000,0.00973,0.0099,0.00964,0.00985,424321.8
1781740800000,0.00985,0.00993,0.00972,0.00975,891740.4
1781755200000,0.00975,0.0098,0.00951,0.00975,1026636.3
1781769600000,0.00975,0.01008,0.00972,0.00977,1301784.0
1781784000000,0.00977,0.00978,0.00916,0.00921,2578389.9
1781798400000,0.00921,0.00965,0.00918,0.0096,2554370.7
1781812800000,0.0096,0.00971,0.00958,0.00969,521961.5
1781827200000,0.00969,0.00987,0.00954,0.00964,1704670.8
1781841600000,0.00964,0.00971,0.00945,0.0095,1201607.6
1781856000000,0.0095,0.00959,0.00943,0.00945,544422.3
1781870400000,0.00945,0.00971,0.00937,0.00955,677336.2
1781884800000,0.00955,0.0096,0.0094,0.00945,888879.2
1781899200000,0.00945,0.00955,0.00943,0.00954,726272.6
1781913600000,0.00954,0.0096,0.0094,0.00941,607607.1
1781928000000,0.00941,0.00959,0.00937,0.00946,799833.2
1781942400000,0.00946,0.01054,0.00943,0.01049,6408088.8
1781956800000,0.01049,0.01099,0.0101,0.01073,11593509.1
1781971200000,0.01073,0.01075,0.01048,0.0105,3861079.0
1781985600000,0.0105,0.01052,0.01029,0.01042,1789670.8
1782000000000,0.01042,0.01061,0.01025,0.01042,2644784.9
1782014400000,0.01042,0.01108,0.01032,0.01088,8325673.9
1782028800000,0.01088,0.01148,0.01068,0.01143,13376211.8
1782043200000,0.01143,0.0116,0.01095,0.0112,7230473.9
1782057600000,0.0112,0.01177,0.01087,0.01123,6037091.2
1782072000000,0.01123,0.01166,0.01107,0.01111,5323059.4
1782086400000,0.01111,0.01189,0.01103,0.01173,6173121.7
1782100800000,0.01173,0.0121,0.01157,0.01186,7624021.9
1782115200000,0.01186,0.01327,0.01162,0.01259,18066329.6
1782129600000,0.01259,0.01302,0.01154,0.01179,13205271.6
1782144000000,0.01179,0.01233,0.01139,0.0118,6791625.0
1782158400000,0.0118,0.0121,0.01155,0.01159,2290135.6
1782172800000,0.01159,0.01162,0.01108,0.01122,3953287.6
1782187200000,0.01122,0.01128,0.01035,0.01046,4184490.4
1782201600000,0.01046,0.01071,0.01022,0.01065,3584994.0
1782216000000,0.01065,0.01077,0.01037,0.01044,4933005.4
1782230400000,0.01044,0.01047,0.0103,0.01039,1579220.5
1782244800000,0.01039,0.01051,0.0102,0.01026,1446191.1
1782259200000,0.01026,0.01033,0.01002,0.01007,1235192.2
1782273600000,0.01007,0.01018,0.00989,0.00998,2065281.0
1782288000000,0.00998,0.01031,0.00994,0.01022,2575803.6
1782302400000,0.01022,0.01025,0.00976,0.00979,3077007.0
1782316800000,0.00979,0.00995,0.00945,0.00967,3548841.8
1782331200000,0.00967,0.00996,0.00965,0.00986,1037402.9
1782345600000,0.00986,0.00987,0.00968,0.0097,1111096.8
1782360000000,0.0097,0.01003,0.00969,0.00989,1995207.8
1782374400000,0.00989,0.00998,0.00963,0.00966,1944390.2
1782388800000,0.00966,0.00976,0.00889,0.00925,5720788.5
1782403200000,0.00925,0.00943,0.00914,0.00914,1659332.1
1782417600000,0.00914,0.00925,0.009,0.00915,3789719.5
1782432000000,0.00915,0.00938,0.00884,0.00914,7547420.7
1782446400000,0.00914,0.00943,0.00901,0.00935,4005433.1
1782460800000,0.00935,0.00961,0.00924,0.00928,4829780.6
1782475200000,0.00928,0.01052,0.00909,0.01048,5928151.1
1782489600000,0.01048,0.01088,0.01029,0.01071,10010259.4
1782504000000,0.01071,0.01103,0.01043,0.01048,6819935.1
1782518400000,0.01048,0.01052,0.01014,0.01026,3013973.5
1782532800000,0.01026,0.01058,0.01019,0.0104,2299463.6
1782547200000,0.0104,0.0105,0.01019,0.01024,2666256.1
1782561600000,0.01024,0.01038,0.0101,0.01035,1873347.6
1782576000000,0.01035,0.01038,0.00982,0.00991,2263721.8
1782590400000,0.00991,0.00996,0.00961,0.00973,1724676.8
1782604800000,0.00973,0.00982,0.00964,0.00976,1166619.1
1782619200000,0.00976,0.00979,0.00955,0.00976,859410.5
1782633600000,0.00976,0.00999,0.00969,0.00977,1853962.3
1782648000000,0.00977,0.00996,0.0096,0.00978,1844042.6
1782662400000,0.00978,0.00979,0.00946,0.00952,1187130.3
1782676800000,0.00952,0.00958,0.00921,0.00939,4197442.5
1782691200000,0.00939,0.00969,0.00925,0.00966,1434711.2
1782705600000,0.00966,0.01009,0.00947,0.00992,3593406.8
1782720000000,0.00992,0.01015,0.00979,0.0098,3648005.3
1782734400000,0.0098,0.00996,0.00951,0.00988,2272810.2
1782748800000,0.00988,0.01006,0.00977,0.00982,1238139.4
1782763200000,0.00982,0.00986,0.00968,0.00971,408148.1
1782777600000,0.00971,0.00976,0.00951,0.00958,913206.5
1782792000000,0.00958,0.00958,0.00934,0.00942,1201089.3
1782806400000,0.00942,0.00973,0.00924,0.00928,2871113.4
1782820800000,0.00928,0.00952,0.00908,0.0094,2472949.1
1782835200000,0.0094,0.00956,0.00932,0.00953,618136.2
1782849600000,0.00953,0.00957,0.00941,0.00945,616750.2
1782864000000,0.00945,0.00962,0.0091,0.0096,1331710.4
1782878400000,0.0096,0.00967,0.00925,0.00933,904610.2
1782892800000,0.00933,0.00953,0.00927,0.00944,1037161.9
1782907200000,0.00944,0.00962,0.00913,0.00954,1516294.8
1782921600000,0.00954,0.00968,0.00922,0.00924,4011045.8
1782936000000,0.00924,0.00951,0.00919,0.00926,1474657.9
1782950400000,0.00926,0.00966,0.00922,0.00964,2679786.4
1782964800000,0.00964,0.0099,0.00958,0.00989,2185100.9
1782979200000,0.00989,0.01024,0.00972,0.01006,4580448.6
1782993600000,0.01006,0.01015,0.00984,0.01003,2399958.9
1783008000000,0.01003,0.01009,0.00985,0.00992,963652.3
1783022400000,0.00992,0.01024,0.0099,0.01005,1301055.4
1783036800000,0.01005,0.01029,0.01002,0.01007,1244278.6
1783051200000,0.01007,0.01018,0.00998,0.01005,943131.8
1783065600000,0.01005,0.01031,0.00996,0.0101,1892784.1
1783080000000,0.0101,0.01021,0.00992,0.01016,2974574.7
1783094400000,0.01016,0.01018,0.01004,0.01009,934360.0
1783108800000,0.01009,0.01033,0.01008,0.0102,1048649.2
1783123200000,0.0102,0.01045,0.00999,0.01031,1257996.3
1783137600000,0.01031,0.01069,0.01014,0.01048,3716254.8
1783152000000,0.01048,0.01054,0.01013,0.01028,1413597.8
1783166400000,0.01028,0.01061,0.01027,0.01053,2306413.0
1783180800000,0.01053,0.01057,0.01039,0.01045,904159.8
1783195200000,0.01045,0.0105,0.01029,0.01032,970526.6
1783209600000,0.01032,0.0104,0.01014,0.01018,1330129.0
1783224000000,0.01018,0.01025,0.01005,0.01013,683896.7
1783238400000,0.01013,0.0102,0.00991,0.01,1137452.7
1783252800000,0.01,0.01016,0.00994,0.01005,578095.9
1783267200000,0.01005,0.0107,0.00999,0.01056,2567226.3
1783281600000,0.01056,0.01065,0.01041,0.01044,1437258.5
1783296000000,0.01044,0.01046,0.01019,0.01022,974348.8
1783310400000,0.01022,0.01027,0.01009,0.01014,811958.3
1783324800000,0.01014,0.01059,0.01012,0.01031,1410321.3
1783339200000,0.01031,0.01076,0.01004,0.01064,9882032.6
1783353600000,0.01064,0.0107,0.0104,0.01044,2037566.8
1783368000000,0.01044,0.01058,0.01037,0.01039,602393.7
1783382400000,0.01039,0.01043,0.01017,0.0102,1125860.8
1783396800000,0.0102,0.01053,0.01013,0.0103,1452303.8
1783411200000,0.0103,0.01032,0.0102,0.0103,979442.2
1783425600000,0.0103,0.01036,0.00995,0.01022,1698580.6
1783440000000,0.01022,0.01027,0.00979,0.00987,1308190.4
1783454400000,0.00987,0.00998,0.00976,0.00992,929920.2
1783468800000,0.00992,0.01011,0.00956,0.00967,1420491.7
1783483200000,0.00967,0.00999,0.00962,0.00984,1433530.5
1783497600000,0.00984,0.00993,0.00955,0.00967,1914241.4
1783512000000,0.00967,0.00978,0.00956,0.00957,1738217.3
1783526400000,0.00957,0.00966,0.00949,0.00958,403341.9
1783540800000,0.00958,0.00967,0.00949,0.00966,494916.1
1783555200000,0.00966,0.00984,0.00962,0.00969,837743.9
1783569600000,0.00969,0.00979,0.00964,0.0097,556405.5
1783584000000,0.0097,0.00974,0.0096,0.00972,405170.2
1783598400000,0.00972,0.00975,0.0096,0.00964,676222.7
1783612800000,0.00964,0.00975,0.00958,0.00968,437146.5
1783627200000,0.00968,0.00973,0.00962,0.00963,231995.4
1783641600000,0.00963,0.00992,0.0096,0.00985,722474.5
1783656000000,0.00985,0.00992,0.00975,0.00984,902676.2
1783670400000,0.00984,0.00994,0.0098,0.00984,553250.1
1783684800000,0.00984,0.00997,0.00969,0.00979,724380.9
1783699200000,0.00979,0.00983,0.0097,0.00975,536039.8
1783713600000,0.00975,0.00993,0.00972,0.00987,290359.6
1783728000000,0.00987,0.00994,0.00982,0.00991,713661.6
1783742400000,0.00991,0.01024,0.00988,0.01018,1332796.8
1783756800000,0.01018,0.01018,0.00993,0.00999,465767.1
1783771200000,0.00999,0.0101,0.00994,0.01003,835791.0
1783785600000,0.01003,0.01048,0.00999,0.01013,3322894.6
1783800000000,0.01013,0.01016,0.00971,0.00972,1015413.8
1783814400000,0.00972,0.00996,0.00961,0.00986,1223588.5
1783828800000,0.00986,0.00991,0.00971,0.00972,557340.3
1783843200000,0.00972,0.00985,0.00966,0.00969,825496.4
1783857600000,0.00969,0.00987,0.00963,0.00972,798587.3
1783872000000,0.00972,0.00973,0.00962,0.00968,327214.0
1783886400000,0.00968,0.00983,0.00952,0.0096,1158468.4
1783900800000,0.0096,0.00977,0.0093,0.00942,1318963.8
1783915200000,0.00942,0.00959,0.00938,0.00952,489393.9
1783929600000,0.00952,0.00975,0.00952,0.00959,761998.8
1783944000000,0.00959,0.00978,0.00945,0.00974,1340218.6
1783958400000,0.00974,0.00982,0.00942,0.0095,813686.1
1783972800000,0.0095,0.00954,0.00935,0.00953,698286.6
1783987200000,0.00953,0.00965,0.00947,0.00962,479759.0
1784001600000,0.00962,0.00971,0.00958,0.00959,472711.9
1784016000000,0.00959,0.00962,0.0095,0.00952,538651.2
1784030400000,0.00952,0.00985,0.0095,0.0098,1196684.5
1784044800000,0.0098,0.00982,0.00965,0.00969,653066.6
1784059200000,0.00969,0.00972,0.00959,0.00968,354880.6
1784073600000,0.00968,0.00979,0.00964,0.00974,390654.1
1784088000000,0.00974,0.00979,0.00963,0.00967,1092022.9
1784102400000,0.00967,0.00976,0.00962,0.00969,842401.6
1784116800000,0.00969,0.0099,0.00966,0.00974,1257735.0
1784131200000,0.00974,0.00975,0.00955,0.00966,922245.4
1784145600000,0.00966,0.00976,0.0096,0.00964,2848936.3
1784160000000,0.00964,0.00965,0.0095,0.00952,553925.1
1784174400000,0.00952,0.00959,0.00947,0.00952,630154.2
1784188800000,0.00952,0.00953,0.00936,0.00945,1275785.5
1784203200000,0.00945,0.00964,0.00942,0.00958,568904.1
1784217600000,0.00958,0.00961,0.00948,0.00954,800230.9
1784232000000,0.00954,0.00992,0.00951,0.00973,1429164.7
1784246400000,0.00973,0.00982,0.00949,0.00971,1230315.5
1784260800000,0.00971,0.00975,0.00936,0.00937,1035613.9
1784275200000,0.00937,0.00943,0.0093,0.00942,546028.7
1784289600000,0.00942,0.00943,0.00913,0.00937,918348.4
1784304000000,0.00937,0.00947,0.00933,0.00934,477286.7
1784318400000,0.00934,0.00945,0.00929,0.0094,327541.0
1784332800000,0.0094,0.00946,0.00936,0.00945,305275.4
1784347200000,0.00945,0.00951,0.00935,0.0094,459596.2
1784361600000,0.0094,0.00942,0.0093,0.00933,508448.7
1784376000000,0.00933,0.0094,0.00918,0.00925,588694.0
1784390400000,0.00925,0.00933,0.00919,0.0092,427438.3
1784404800000,0.0092,0.00937,0.00919,0.00931,494650.3
1784419200000,0.00931,0.00937,0.00925,0.00927,487553.6
1784433600000,0.00927,0.00931,0.00917,0.00921,198012.8
1784448000000,0.00921,0.00922,0.00906,0.00911,617658.1
1784462400000,0.00911,0.0092,0.00908,0.00915,367354.4
1784476800000,0.00915,0.00922,0.00898,0.00908,491488.7
1784491200000,0.00908,0.00916,0.00902,0.00907,302028.3
1784505600000,0.00907,0.00915,0.00897,0.00912,602814.6
1784520000000,0.00912,0.00912,0.00882,0.009,2102533.6
1784534400000,0.009,0.00932,0.00899,0.0092,2434878.4
1784548800000,0.0092,0.00933,0.00911,0.00929,585306.6
1784563200000,0.00929,0.00941,0.00926,0.00928,1065891.4
1784577600000,0.00928,0.00932,0.00915,0.0092,451073.6
1784592000000,0.0092,0.00936,0.00915,0.00929,573215.7
1784606400000,0.00929,0.00938,0.00924,0.00926,643383.3
1784620800000,0.00926,0.00926,0.00913,0.00917,2596814.2
1784635200000,0.00917,0.00929,0.00915,0.00924,872078.7
1784649600000,0.00924,0.00925,0.00908,0.00922,570312.1
1784664000000,0.00922,0.00925,0.00915,0.00922,262212.8
1784678400000,0.00922,0.00926,0.00913,0.00913,195135.4
1784692800000,0.00913,0.00917,0.00905,0.00908,398581.2
1784707200000,0.00908,0.00916,0.00906,0.00913,453957.0
1784721600000,0.00913,0.00921,0.00899,0.00916,507366.8
1784736000000,0.00916,0.00921,0.00907,0.00909,454599.6
1784750400000,0.00909,0.00915,0.00904,0.00909,247786.2
1784764800000,0.00909,0.00917,0.00904,0.00906,340396.3
1784779200000,0.00906,0.00915,0.00904,0.00909,638524.0
1784793600000,0.00909,0.00915,0.00908,0.0091,451559.6
1784808000000,0.0091,0.00913,0.00894,0.00902,881102.8
1784822400000,0.00902,0.00904,0.00887,0.00891,663487.6
1784836800000,0.00891,0.00902,0.00888,0.00888,214409.6
1784851200000,0.00888,0.00897,0.00876,0.0089,1425159.4
1784865600000,0.0089,0.009,0.00881,0.00899,636817.5
1784880000000,0.00899,0.00899,0.00885,0.00887,696683.4
1784894400000,0.00887,0.00888,0.00865,0.00878,909157.4
1784908800000,0.00878,0.00888,0.00874,0.00877,451590.6
1784923200000,0.00877,0.00904,0.00873,0.00903,712873.3
1784937600000,0.00903,0.00903,0.00888,0.00894,915027.9
1784952000000,0.00894,0.00898,0.00885,0.00885,266381.2
1784966400000,0.00885,0.00895,0.00884,0.0089,321612.7
1784980800000,0.0089,0.00915,0.00888,0.00903,655287.1
1784995200000,0.00903,0.00908,0.00896,0.00896,683799.5
1785009600000,0.00896,0.00899,0.00893,0.00895,321143.6
1785024000000,0.00895,0.00908,0.00894,0.00902,986586.0
1785038400000,0.00902,0.00929,0.00901,0.00917,687986.1
1785052800000,0.00917,0.00931,0.00916,0.00924,1323321.0
1785067200000,0.00924,0.00938,0.00917,0.00922,926168.1
1785081600000,0.00922,0.00924,0.00909,0.00909,1365416.1
1785096000000,0.00909,0.0093,0.00909,0.00926,781944.4
1785110400000,0.00926,0.00928,0.00916,0.00916,639598.2
1785124800000,0.00916,0.00925,0.00915,0.00918,395406.6
1785139200000,0.00918,0.00919,0.00906,0.00909,432481.9
1785153600000,0.00909,0.00917,0.00871,0.00877,1506708.4
1785168000000,0.00877,0.00894,0.00875,0.00893,489620.6
1785182400000,0.00893,0.00916,0.00866,0.00876,1566446.0
1785196800000,0.00876,0.00892,0.00873,0.00877,1238756.0
1785211200000,0.00877,0.00878,0.00866,0.00871,535712.5
1785225600000,0.00871,0.00886,0.00868,0.00877,575186.4
1785240000000,0.00877,0.0091,0.0087,0.00899,1297535.5
1785254400000,0.00899,0.00906,0.00894,0.00897,444050.8
1785268800000,0.00897,0.00902,0.00884,0.00893,307109.8
1785283200000,0.00893,0.00897,0.0086,0.0086,497104.4
1785297600000,0.0086,0.00863,0.00848,0.00858,1106431.7
1785312000000,0.00858,0.00862,0.0085,0.00851,363362.6
1785326400000,0.00851,0.00851,0.00832,0.00836,1001230.8
1785340800000,0.00836,0.00847,0.00814,0.00815,2066091.8
1785355200000,0.00815,0.00837,0.00807,0.00835,979118.0
1785369600000,0.00835,0.00845,0.00831,0.00835,548049.1
1785384000000,0.00835,0.00838,0.0083,0.0083,392843.0
1785398400000,0.0083,0.0084,0.00828,0.00834,983188.7
1785412800000,0.00834,0.00843,0.00833,0.00835,475187.6
1785427200000,0.00835,0.00837,0.00826,0.0083,677385.1
1785441600000,0.0083,0.00836,0.00822,0.00825,502878.5
1785456000000,0.00825,0.00836,0.00819,0.00826,453592.7
1785470400000,0.00826,0.00829,0.00809,0.00811,1059591.4
1785484800000,0.00811,0.00815,0.00795,0.00796,1206752.4
1785499200000,0.00796,0.00803,0.00779,0.00798,1250726.8
1785513600000,0.00798,0.00802,0.00791,0.00792,448106.0
1785528000000,0.00792,0.0081,0.0079,0.00808,599170.2
1785542400000,0.00808,0.00822,0.00807,0.00809,446253.4
1785556800000,0.00809,0.00814,0.00807,0.00808,145128.9
1785571200000,0.00808,0.0081,0.00802,0.00807,295879.9
1785585600000,0.00807,0.00809,0.00804,0.00805,232600.9
1785600000000,0.00805,0.00816,0.00788,0.00796,1301444.8
1785614400000,0.00796,0.00801,0.00792,0.00796,246036.5
1785628800000,0.00796,0.00812,0.00795,0.00807,650015.7
1785643200000,0.00807,0.00824,0.00807,0.00819,564833.1
1785657600000,0.00819,0.00824,0.00811,0.00813,238136.8
1785672000000,0.00813,0.00824,0.00809,0.00814,962804.3
1785686400000,0.00814,0.00822,0.00812,0.00819,548445.3
1785700800000,0.00819,0.00823,0.00814,0.00817,370968.2
1785715200000,0.00817,0.00819,0.00802,0.00807,822427.7
1785729600000,0.00807,0.00813,0.00803,0.00806,1040337.3
1785744000000,0.00806,0.00813,0.00797,0.0081,370461.5
1785758400000,0.0081,0.00827,0.0081,0.00824,1781332.2
1785772800000,0.00824,0.00841,0.00824,0.00835,675198.8
1785787200000,0.00835,0.00848,0.00831,0.00832,974029.4
1785801600000,0.00832,0.00841,0.00825,0.00831,474706.6
1785816000000,0.00831,0.00843,0.00827,0.00834,468775.4
1785830400000,0.00834,0.00835,0.00824,0.00829,253401.1
1785844800000,0.00829,0.00834,0.00824,0.00831,407869.2
1785859200000,0.00831,0.00834,0.00825,0.00826,1191476.6
1785873600000,0.00826,0.00837,0.00825,0.00827,530263.2
1785888000000,0.00827,0.00838,0.00826,0.00833,247132.9
1785902400000,0.00833,0.00847,0.0083,0.00843,815111.1
1785916800000,0.00843,0.00847,0.00831,0.00834,1158049.2
1785931200000,0.00834,0.00843,0.00822,0.00834,814849.2
1785945600000,0.00834,0.00848,0.00831,0.00835,715996.6
1785960000000,0.00835,0.00839,0.0083,0.00832,148196.6
1785974400000,0.00832,0.00839,0.00826,0.0083,213278.2
1785988800000,0.0083,0.00839,0.00827,0.00834,392944.4
1786003200000,0.00834,0.00839,0.00822,0.0083,388511.8
1786017600000,0.0083,0.00835,0.00823,0.00827,796110.8
1786032000000,0.00827,0.00843,0.00827,0.00834,713024.2
1786046400000,0.00834,0.00861,0.00834,0.00845,670285.5
1786060800000,0.00845,0.00848,0.00831,0.00832,525476.3
1786075200000,0.00832,0.00847,0.00829,0.00846,1012355.8
1786089600000,0.00846,0.00851,0.00835,0.00837,343293.1
1786104000000,0.00837,0.00842,0.00826,0.00834,607074.8
1786118400000,0.00834,0.00836,0.00826,0.00829,231004.5
1786132800000,0.00829,0.0083,0.00817,0.00819,477073.6
1786147200000,0.00819,0.00823,0.00816,0.00822,393764.7
1786161600000,0.00822,0.00826,0.00819,0.00823,1513623.8
1786176000000,0.00823,0.00841,0.00818,0.00836,1989721.1
1786190400000,0.00836,0.0087,0.00835,0.0086,2221938.6
1786204800000,0.0086,0.00861,0.00849,0.00851,353745.8
1786219200000,0.00851,0.00853,0.00846,0.00849,293714.0
1786233600000,0.00849,0.00849,0.00838,0.00843,594832.4
1786248000000,0.00843,0.00853,0.0084,0.00841,615461.4
1786262400000,0.00841,0.00853,0.00839,0.00849,526980.1
1786276800000,0.00849,0.00852,0.00843,0.00848,473275.5
1786291200000,0.00848,0.00861,0.00848,0.00857,730766.8
1786305600000,0.00857,0.00862,0.00838,0.00841,1315723.1
1786320000000,0.00841,0.00855,0.00839,0.00843,315715.6
1786334400000,0.00843,0.00856,0.00842,0.00852,291185.2
1786348800000,0.00852,0.00868,0.00848,0.00861,2148192.6
1786363200000,0.00861,0.00863,0.00846,0.00849,724343.3
1786377600000,0.00849,0.00852,0.00832,0.00835,1037215.0
1786392000000,0.00835,0.0084,0.00826,0.00834,638838.6
1786406400000,0.00834,0.00843,0.00831,0.00838,139986.2
1786420800000,0.00838,0.00838,0.00826,0.00827,547656.4
1786435200000,0.00827,0.00839,0.00827,0.00837,293008.0
1786449600000,0.00837,0.0084,0.0081,0.00816,669305.7
1786464000000,0.00816,0.00828,0.00813,0.00827,516693.6
1786478400000,0.00827,0.00845,0.00825,0.00844,688815.9
1786492800000,0.00844,0.00854,0.00839,0.00844,580356.0
1786507200000,0.00844,0.00852,0.00835,0.00839,412277.9
1786521600000,0.00839,0.0084,0.00829,0.00836,439848.1
1786536000000,0.00836,0.00838,0.0081,0.00814,1137300.3
1786550400000,0.00814,0.00819,0.00807,0.0081,396090.3
1786564800000,0.0081,0.00815,0.00793,0.00805,666975.4
1786579200000,0.00805,0.00819,0.00804,0.00817,297139.1
1786593600000,0.00817,0.00818,0.0081,0.00815,496575.7
1786608000000,0.00815,0.00819,0.0081,0.00812,374246.1
1786622400000,0.00812,0.00817,0.00808,0.00808,296317.8
1786636800000,0.00808,0.00816,0.00796,0.00816,580704.1
1786651200000,0.00816,0.00833,0.00811,0.00828,648858.1
1786665600000,0.00828,0.00831,0.00818,0.00818,876601.4
1786680000000,0.00818,0.00823,0.00806,0.00807,364783.2
1786694400000,0.00807,0.00814,0.008,0.00806,639859.6
1786708800000,0.00806,0.00823,0.00806,0.00823,518841.7
1786723200000,0.00823,0.00828,0.00814,0.00818,474555.9
1786737600000,0.00818,0.00824,0.00814,0.00824,162869.2
1786752000000,0.00824,0.00835,0.00824,0.00828,263514.8
1786766400000,0.00828,0.00841,0.00828,0.0084,426027.6
1786780800000,0.0084,0.00851,0.00833,0.00838,1147663.6
1786795200000,0.00838,0.00847,0.00835,0.00847,353018.4
1786809600000,0.00847,0.00848,0.00836,0.00839,199216.3
1786824000000,0.00839,0.00851,0.00836,0.00846,425405.3
1786838400000,0.00846,0.0085,0.00839,0.00843,315850.1
1786852800000,0.00843,0.00843,0.00828,0.00834,344681.4
1786867200000,0.00834,0.00863,0.00832,0.0086,569616.3
1786881600000,0.0086,0.00871,0.00855,0.0086,1245728.9
1786896000000,0.0086,0.00867,0.00849,0.00851,504805.5
1786910400000,0.00851,0.00857,0.0084,0.00855,759453.5
1786924800000,0.00855,0.00865,0.0085,0.00852,763279.0
1786939200000,0.00852,0.00854,0.00844,0.00846,259966.2
1786953600000,0.00846,0.00846,0.00836,0.00839,506739.5
1786968000000,0.00839,0.00842,0.00832,0.00841,723822.5
1786982400000,0.00841,0.00841,0.00826,0.00828,344952.5
1786996800000,0.00828,0.00833,0.00822,0.00826,369202.2
1787011200000,0.00826,0.00826,0.00807,0.0081,386009.8
1787025600000,0.0081,0.0082,0.00809,0.00813,687886.7
1787040000000,0.00813,0.00817,0.0081,0.00813,858054.9
1787054400000,0.00813,0.00817,0.00809,0.00816,222712.4
1787068800000,0.00816,0.00816,0.00807,0.00808,317412.1
1787083200000,0.00808,0.00811,0.00803,0.00809,161011.7
1787097600000,0.00809,0.00812,0.00802,0.00807,313787.9
1787112000000,0.00807,0.00813,0.00799,0.00808,315660.0
1787126400000,0.00808,0.00816,0.00805,0.00812,317963.8
1787140800000,0.00812,0.00856,0.0081,0.00841,1475826.5
1787155200000,0.00841,0.00853,0.0084,0.00847,1862310.8
1787169600000,0.00847,0.00874,0.00845,0.00867,2436785.1
1787184000000,0.00867,0.00878,0.00852,0.00853,715213.1
1787198400000,0.00853,0.00864,0.00851,0.00864,483777.9
1787212800000,0.00864,0.00884,0.0086,0.00873,1350951.4
1787227200000,0.00873,0.00895,0.00867,0.00892,1576768.8
1787241600000,0.00892,0.00906,0.00885,0.00891,1038818.6
1787256000000,0.00891,0.00907,0.0089,0.00902,681721.3
1787270400000,0.00902,0.00915,0.00897,0.00903,1018775.9
1787284800000,0.00903,0.00926,0.00902,0.00924,1039883.5
1787299200000,0.00924,0.00944,0.00915,0.00929,3536483.1
1787313600000,0.00929,0.00962,0.00925,0.00953,1568092.4
1787328000000,0.00953,0.00962,0.00925,0.00932,1738233.0
1787342400000,0.00932,0.0099,0.00928,0.00971,1130590.0
1787356800000,0.00971,0.01024,0.00969,0.01019,2169817.2
1787371200000,0.01019,0.01048,0.00905,0.00962,5507939.2
1787385600000,0.00962,0.00974,0.00924,0.00946,1647934.0
1787400000000,0.00946,0.00953,0.00928,0.00933,849876.9
1787414400000,0.00933,0.00957,0.00929,0.00939,552049.5
1787428800000,0.00939,0.00945,0.00914,0.00924,606398.9
1787443200000,0.00924,0.00942,0.00899,0.00902,975139.7
1787457600000,0.00902,0.00908,0.00884,0.00906,864145.8
1787472000000,0.00906,0.00944,0.00904,0.00941,682858.2
1787486400000,0.00941,0.00969,0.00931,0.0096,1418314.5
1787500800000,0.0096,0.01022,0.0096,0.01002,2421774.5
1787515200000,0.01002,0.01011,0.00969,0.00975,1099961.5
1787529600000,0.00975,0.00975,0.00938,0.00951,1288470.4
1787544000000,0.00951,0.00963,0.00945,0.00947,1089688.8
1787558400000,0.00947,0.00976,0.00934,0.00971,1232938.2
1787572800000,0.00971,0.00984,0.00937,0.00965,1777085.8
1787587200000,0.00965,0.00976,0.00942,0.00949,1143251.1
1787601600000,0.00949,0.00963,0.00945,0.00955,798676.8
1787616000000,0.00955,0.00994,0.00952,0.00962,1386981.2
1787630400000,0.00962,0.00992,0.00942,0.00953,1185365.1
1787644800000,0.00953,0.0096,0.00943,0.00946,923139.3
1787659200000,0.00946,0.00956,0.00929,0.00945,1941050.1
1787673600000,0.00945,0.00958,0.00935,0.00945,860247.0
1787688000000,0.00945,0.00946,0.00918,0.00932,993342.4
1787702400000,0.00932,0.00955,0.00926,0.00949,553852.3
1787716800000,0.00949,0.00978,0.00937,0.00947,1309780.3
1787731200000,0.00947,0.00974,0.00934,0.00973,1339364.3
1787745600000,0.00973,0.01018,0.00924,0.00931,6635047.8
1787760000000,0.00931,0.00942,0.00927,0.00931,701570.5
1787774400000,0.00931,0.00961,0.00925,0.00959,783944.8
1787788800000,0.00959,0.00963,0.00938,0.00946,743537.6
1787803200000,0.00946,0.0095,0.00936,0.00948,305057.0
1787817600000,0.00948,0.00975,0.00947,0.00958,879272.6
1787832000000,0.00958,0.00976,0.00954,0.00972,617497.6
1787846400000,0.00972,0.00993,0.00954,0.00963,1292518.8
1787860800000,0.00963,0.00977,0.00961,0.00962,348953.0
1787875200000,0.00962,0.00983,0.00941,0.00949,625356.0
1787889600000,0.00949,0.00952,0.00935,0.00941,769403.3
1787904000000,0.00941,0.00953,0.00933,0.00947,471803.4
1787918400000,0.00947,0.00954,0.00923,0.00924,1109696.7
1787932800000,0.00924,0.00924,0.00897,0.0091,1216913.0
1787947200000,0.0091,0.00918,0.00904,0.00918,356131.6
1787961600000,0.00918,0.00922,0.0091,0.00911,629946.0
1787976000000,0.00911,0.00929,0.0091,0.00915,564684.2
1787990400000,0.00915,0.00915,0.00899,0.00902,381474.8
1788004800000,0.00902,0.0092,0.009,0.00916,1042154.2
1788019200000,0.00916,0.00925,0.00909,0.00915,410143.7
1788033600000,0.00915,0.00919,0.00909,0.00911,545784.4
1788048000000,0.00911,0.00924,0.00907,0.00916,839447.0
1788062400000,0.00916,0.00927,0.00913,0.00918,845159.0
1788076800000,0.00918,0.00948,0.00914,0.00944,811845.4
1788091200000,0.00944,0.00956,0.00932,0.0095,1189299.7
1788105600000,0.0095,0.00961,0.00941,0.00946,722748.6
1788120000000,0.00946,0.00949,0.00889,0.00902,907522.1
1788134400000,0.00902,0.00941,0.00899,0.00939,643686.9
1788148800000,0.00939,0.00947,0.00924,0.00931,813389.5
1788163200000,0.00931,0.00939,0.00923,0.00929,915935.2
1788177600000,0.00929,0.0093,0.00907,0.00908,774779.5
